solid 
facet normal 0.9996988452390037 0.02454014726530503 -0.0
outer loop
vertex 22.48795509338379 0.49067673087120056 10.699999809265137
vertex 22.48795509338379 0.49067673087120056 16.700000762939453
vertex 22.5 -1.0824188372592891e-16 16.700000762939453
endloop
endfacet
facet normal 0.0 0.0 1.0
outer loop
vertex 22.451847076416016 -0.9801713824272156 16.700000762939453
vertex 22.48795509338379 -0.49067673087120056 16.700000762939453
vertex 22.48795509338379 0.49067673087120056 16.700000762939453
endloop
endfacet
facet normal 0.9996988452390037 0.02454014726530503 0.0
outer loop
vertex 22.5 -1.0842021724855044e-16 10.699999809265137
vertex 22.48795509338379 0.49067673087120056 10.699999809265137
vertex 22.5 -1.0824188372592891e-16 16.700000762939453
endloop
endfacet
facet normal 0.0 -0.0 1.0
outer loop
vertex 22.48795509338379 -0.49067673087120056 16.700000762939453
vertex 22.5 -1.0824188372592891e-16 16.700000762939453
vertex 22.48795509338379 0.49067673087120056 16.700000762939453
endloop
endfacet
facet normal 0.9972903487185706 -0.07356602716466255 0.0
outer loop
vertex 22.48795509338379 -0.49067673087120056 10.699999809265137
vertex 22.48795509338379 -0.49067673087120056 16.700000762939453
vertex 22.451847076416016 -0.9801713824272156 16.700000762939453
endloop
endfacet
facet normal 0.9996988452390037 -0.024540147265305047 7.293883686456764e-22
outer loop
vertex 22.48795509338379 -0.49067673087120056 16.700000762939453
vertex 22.5 -1.0842021724855044e-16 10.699999809265137
vertex 22.5 -1.0824188372592891e-16 16.700000762939453
endloop
endfacet
facet normal 0.9996988452390037 -0.024540147265305047 0.0
outer loop
vertex 22.48795509338379 -0.49067673087120056 10.699999809265137
vertex 22.5 -1.0842021724855044e-16 10.699999809265137
vertex 22.48795509338379 -0.49067673087120056 16.700000762939453
endloop
endfacet
facet normal 0.8932243622536892 0.44961120835282814 0.0
outer loop
vertex 21.539892196655273 4.275550842285156 10.699999809265137
vertex 21.319211959838867 4.713967323303223 10.699999809265137
vertex 21.539892196655273 4.275550842285156 16.700000762939453
endloop
endfacet
facet normal 0.9142084453160141 0.4052442701789584 0.0
outer loop
vertex 21.539892196655273 4.275550842285156 10.699999809265137
vertex 21.73879623413086 3.8268344402313232 16.700000762939453
vertex 21.73879623413086 3.8268344402313232 10.699999809265137
endloop
endfacet
facet normal -0.0 0.0 -1.0
outer loop
vertex 21.539892196655273 4.275550842285156 10.699999809265137
vertex 19.5 3.290896415710449 10.699999809265137
vertex 21.319211959838867 4.713967323303223 10.699999809265137
endloop
endfacet
facet normal 0.9329928368991612 0.3598949378566686 -0.0
outer loop
vertex 21.73879623413086 3.8268344402313232 10.699999809265137
vertex 21.73879623413086 3.8268344402313232 16.700000762939453
vertex 21.915441513061523 3.368898630142212 16.700000762939453
endloop
endfacet
facet normal 0.9495291164550157 0.3136789074900594 -0.0
outer loop
vertex 21.915441513061523 3.368898630142212 10.699999809265137
vertex 21.915441513061523 3.368898630142212 16.700000762939453
vertex 22.06940269470215 2.9028468132019043 16.700000762939453
endloop
endfacet
facet normal 0.0 -0.0 -1.0
outer loop
vertex 21.539892196655273 4.275550842285156 10.699999809265137
vertex 21.73879623413086 3.8268344402313232 10.699999809265137
vertex 19.5 3.290896415710449 10.699999809265137
endloop
endfacet
facet normal 0.9329928368991612 0.3598949378566686 0.0
outer loop
vertex 21.915441513061523 3.368898630142212 10.699999809265137
vertex 21.73879623413086 3.8268344402313232 10.699999809265137
vertex 21.915441513061523 3.368898630142212 16.700000762939453
endloop
endfacet
facet normal 0.9495291164550157 0.3136789074900594 0.0
outer loop
vertex 22.06940269470215 2.9028468132019043 10.699999809265137
vertex 21.915441513061523 3.368898630142212 10.699999809265137
vertex 22.06940269470215 2.9028468132019043 16.700000762939453
endloop
endfacet
facet normal 0.0 0.0 -1.0
outer loop
vertex 22.2003116607666 2.4298017024993896 10.699999809265137
vertex 19.5 3.290896415710449 10.699999809265137
vertex 22.06940269470215 2.9028468132019043 10.699999809265137
endloop
endfacet
facet normal -0.0 0.0 -1.0
outer loop
vertex 21.915441513061523 3.368898630142212 10.699999809265137
vertex 19.5 3.290896415710449 10.699999809265137
vertex 21.73879623413086 3.8268344402313232 10.699999809265137
endloop
endfacet
facet normal 0.0 0.0 -1.0
outer loop
vertex 22.06940269470215 2.9028468132019043 10.699999809265137
vertex 19.5 3.290896415710449 10.699999809265137
vertex 21.915441513061523 3.368898630142212 10.699999809265137
endloop
endfacet
facet normal 0.0 0.0 1.0
outer loop
vertex 21.319211959838867 4.713967323303223 16.700000762939453
vertex 21.18160057067871 0.24944180250167847 16.700000762939453
vertex 21.200000762939453 -2.371692252312041e-17 16.700000762939453
endloop
endfacet
facet normal 0.9142084453160141 0.4052442701789584 -0.0
outer loop
vertex 21.539892196655273 4.275550842285156 10.699999809265137
vertex 21.539892196655273 4.275550842285156 16.700000762939453
vertex 21.73879623413086 3.8268344402313232 16.700000762939453
endloop
endfacet
facet normal 0.0 -0.0 1.0
outer loop
vertex 21.077285766601562 -5.141027450561523 16.700000762939453
vertex 21.319211959838867 4.713967323303223 16.700000762939453
vertex 21.200000762939453 -2.371692252312041e-17 16.700000762939453
endloop
endfacet
facet normal 0.0 -0.0 0.9999999999999999
outer loop
vertex 21.539892196655273 -4.275550842285156 16.700000762939453
vertex 21.73879623413086 3.8268344402313232 16.700000762939453
vertex 21.539892196655273 4.275550842285156 16.700000762939453
endloop
endfacet
facet normal 0.0 -0.0 1.0
outer loop
vertex 21.319211959838867 -4.713967323303223 16.700000762939453
vertex 21.539892196655273 4.275550842285156 16.700000762939453
vertex 21.319211959838867 4.713967323303223 16.700000762939453
endloop
endfacet
facet normal 0.0 0.0 1.0
outer loop
vertex 21.077285766601562 -5.141027450561523 16.700000762939453
vertex 21.319211959838867 -4.713967323303223 16.700000762939453
vertex 21.319211959838867 4.713967323303223 16.700000762939453
endloop
endfacet
facet normal 0.0 0.0 1.0
outer loop
vertex 21.319211959838867 -4.713967323303223 16.700000762939453
vertex 21.539892196655273 -4.275550842285156 16.700000762939453
vertex 21.539892196655273 4.275550842285156 16.700000762939453
endloop
endfacet
facet normal 0.870087323662459 -0.49289760518986003 0.0
outer loop
vertex 21.077285766601562 -5.141027450561523 16.700000762939453
vertex 21.319211959838867 -4.713967323303223 10.699999809265137
vertex 21.319211959838867 -4.713967323303223 16.700000762939453
endloop
endfacet
facet normal 0.0 -0.0 -1.0
outer loop
vertex 21.319211959838867 -4.713967323303223 10.699999809265137
vertex 22.350000381469727 -1.6454482078552246 10.699999809265137
vertex 21.539892196655273 -4.275550842285156 10.699999809265137
endloop
endfacet
facet normal 0.8932243622536892 -0.44961120835282814 0.0
outer loop
vertex 21.539892196655273 -4.275550842285156 10.699999809265137
vertex 21.539892196655273 -4.275550842285156 16.700000762939453
vertex 21.319211959838867 -4.713967323303223 16.700000762939453
endloop
endfacet
facet normal 0.8932243622536892 -0.44961120835282814 0.0
outer loop
vertex 21.319211959838867 -4.713967323303223 10.699999809265137
vertex 21.539892196655273 -4.275550842285156 10.699999809265137
vertex 21.319211959838867 -4.713967323303223 16.700000762939453
endloop
endfacet
facet normal 0.0 -0.0 0.9999999999999999
outer loop
vertex 21.915441513061523 -3.368898630142212 16.700000762939453
vertex 22.06940269470215 2.9028468132019043 16.700000762939453
vertex 21.915441513061523 3.368898630142212 16.700000762939453
endloop
endfacet
facet normal 0.0 0.0 1.0
outer loop
vertex 21.73879623413086 -3.8268344402313232 16.700000762939453
vertex 21.915441513061523 -3.368898630142212 16.700000762939453
vertex 21.915441513061523 3.368898630142212 16.700000762939453
endloop
endfacet
facet normal 0.9495291164550157 -0.3136789074900594 0.0
outer loop
vertex 21.915441513061523 -3.368898630142212 10.699999809265137
vertex 22.06940269470215 -2.9028468132019043 10.699999809265137
vertex 21.915441513061523 -3.368898630142212 16.700000762939453
endloop
endfacet
facet normal 0.0 -0.0 -1.0
outer loop
vertex 21.915441513061523 -3.368898630142212 10.699999809265137
vertex 22.350000381469727 -1.6454482078552246 10.699999809265137
vertex 22.06940269470215 -2.9028468132019043 10.699999809265137
endloop
endfacet
facet normal 0.0 -0.0 0.9999999999999999
outer loop
vertex 21.73879623413086 -3.8268344402313232 16.700000762939453
vertex 21.915441513061523 3.368898630142212 16.700000762939453
vertex 21.73879623413086 3.8268344402313232 16.700000762939453
endloop
endfacet
facet normal 0.9329928368991612 -0.3598949378566686 0.0
outer loop
vertex 21.915441513061523 -3.368898630142212 10.699999809265137
vertex 21.915441513061523 -3.368898630142212 16.700000762939453
vertex 21.73879623413086 -3.8268344402313232 16.700000762939453
endloop
endfacet
facet normal 0.0 -0.0 -1.0
outer loop
vertex 21.73879623413086 -3.8268344402313232 10.699999809265137
vertex 22.350000381469727 -1.6454482078552246 10.699999809265137
vertex 21.915441513061523 -3.368898630142212 10.699999809265137
endloop
endfacet
facet normal 0.0 0.0 1.0
outer loop
vertex 21.539892196655273 -4.275550842285156 16.700000762939453
vertex 21.73879623413086 -3.8268344402313232 16.700000762939453
vertex 21.73879623413086 3.8268344402313232 16.700000762939453
endloop
endfacet
facet normal 0.9329928368991612 -0.3598949378566686 0.0
outer loop
vertex 21.73879623413086 -3.8268344402313232 10.699999809265137
vertex 21.915441513061523 -3.368898630142212 10.699999809265137
vertex 21.73879623413086 -3.8268344402313232 16.700000762939453
endloop
endfacet
facet normal 0.0 -0.0 -1.0
outer loop
vertex 21.539892196655273 -4.275550842285156 10.699999809265137
vertex 22.350000381469727 -1.6454482078552246 10.699999809265137
vertex 21.73879623413086 -3.8268344402313232 10.699999809265137
endloop
endfacet
facet normal 0.9142084453160141 -0.4052442701789584 0.0
outer loop
vertex 21.73879623413086 -3.8268344402313232 10.699999809265137
vertex 21.73879623413086 -3.8268344402313232 16.700000762939453
vertex 21.539892196655273 -4.275550842285156 16.700000762939453
endloop
endfacet
facet normal 0.9142084453160141 -0.4052442701789584 0.0
outer loop
vertex 21.539892196655273 -4.275550842285156 10.699999809265137
vertex 21.73879623413086 -3.8268344402313232 10.699999809265137
vertex 21.539892196655273 -4.275550842285156 16.700000762939453
endloop
endfacet
facet normal -0.9972903805610606 -0.07356559549391799 -5.131615397244354e-19
outer loop
vertex 21.200000762939453 0.0 13.300000190734863
vertex 21.200000762939453 -2.371692252312041e-17 16.700000762939453
vertex 21.18160057067871 0.24944180250167847 13.300000190734863
endloop
endfacet
facet normal -0.9972903805610607 0.073565595493918 1.0199377446548221e-18
outer loop
vertex 21.200000762939453 0.0 13.300000190734863
vertex 21.18160057067871 -0.24944180250167847 16.700000762939453
vertex 21.200000762939453 -2.371692252312041e-17 16.700000762939453
endloop
endfacet
facet normal -0.9852776998094792 0.1709615578372569 0.0
outer loop
vertex 21.18160057067871 -0.24944180250167847 13.300000190734863
vertex 21.167335510253906 -0.33165353536605835 16.700000762939453
vertex 21.18160057067871 -0.24944180250167847 16.700000762939453
endloop
endfacet
facet normal 0.0 -0.0 1.0
outer loop
vertex 21.077285766601562 -5.141027450561523 16.700000762939453
vertex 21.200000762939453 -2.371692252312041e-17 16.700000762939453
vertex 21.18160057067871 -0.24944180250167847 16.700000762939453
endloop
endfacet
facet normal -0.9637746796619426 0.26671776626711585 0.0
outer loop
vertex 21.167335510253906 -0.33165353536605835 13.300000190734863
vertex 21.100624084472656 -0.572712779045105 16.700000762939453
vertex 21.167335510253906 -0.33165353536605835 16.700000762939453
endloop
endfacet
facet normal 0.0 -0.0 1.0
outer loop
vertex 21.077285766601562 -5.141027450561523 16.700000762939453
vertex 21.18160057067871 -0.24944180250167847 16.700000762939453
vertex 21.167335510253906 -0.33165353536605835 16.700000762939453
endloop
endfacet
facet normal -0.9329943599342688 0.3598909895104963 0.0
outer loop
vertex 21.100624084472656 -0.572712779045105 13.300000190734863
vertex 21.070594787597656 -0.6505618095397949 16.700000762939453
vertex 21.100624084472656 -0.572712779045105 16.700000762939453
endloop
endfacet
facet normal 0.0 -0.0 1.0
outer loop
vertex 21.077285766601562 -5.141027450561523 16.700000762939453
vertex 21.167335510253906 -0.33165353536605835 16.700000762939453
vertex 21.100624084472656 -0.572712779045105 16.700000762939453
endloop
endfacet
facet normal -0.8932262616732257 0.44960743483318194 0.0
outer loop
vertex 21.070594787597656 -0.6505618095397949 13.300000190734863
vertex 20.958139419555664 -0.8739746809005737 16.700000762939453
vertex 21.070594787597656 -0.6505618095397949 16.700000762939453
endloop
endfacet
facet normal 0.0 -0.0 1.0
outer loop
vertex 21.077285766601562 -5.141027450561523 16.700000762939453
vertex 21.100624084472656 -0.572712779045105 16.700000762939453
vertex 21.070594787597656 -0.6505618095397949 16.700000762939453
endloop
endfacet
facet normal -0.6715576764189635 0.7409522840525986 0.0
outer loop
vertex 20.70208168029785 -1.202081561088562 13.300000190734863
vertex 20.578468322753906 -1.3141177892684937 16.700000762939453
vertex 20.70208168029785 -1.202081561088562 16.700000762939453
endloop
endfacet
facet normal -0.6152371814950127 0.7883420644022954 0.0
outer loop
vertex 20.578468322753906 -1.3141177892684937 13.300000190734863
vertex 20.5126895904541 -1.365452766418457 16.700000762939453
vertex 20.578468322753906 -1.3141177892684937 16.700000762939453
endloop
endfacet
facet normal -0.8314700607103831 0.5555695619292619 0.0
outer loop
vertex 20.958139419555664 -0.8739746809005737 13.300000190734863
vertex 20.865453720092773 -1.0126888751983643 16.700000762939453
vertex 20.958139419555664 -0.8739746809005737 16.700000762939453
endloop
endfacet
facet normal 0.0 0.0 1.0
outer loop
vertex 21.077285766601562 -5.141027450561523 16.700000762939453
vertex 21.070594787597656 -0.6505618095397949 16.700000762939453
vertex 20.958139419555664 -0.8739746809005737 16.700000762939453
endloop
endfacet
facet normal -0.7572072934117804 0.6531746434178273 0.0
outer loop
vertex 20.865453720092773 -1.0126888751983643 13.300000190734863
vertex 20.70208168029785 -1.202081561088562 16.700000762939453
vertex 20.865453720092773 -1.0126888751983643 16.700000762939453
endloop
endfacet
facet normal 0.0 0.0 0.9999999999999999
outer loop
vertex 20.814695358276367 -5.555702209472656 16.700000762939453
vertex 20.70208168029785 -1.202081561088562 16.700000762939453
vertex 20.578468322753906 -1.3141177892684937 16.700000762939453
endloop
endfacet
facet normal 0.0 -0.0 1.0
outer loop
vertex 20.532075881958008 -5.956993103027344 16.700000762939453
vertex 20.578468322753906 -1.3141177892684937 16.700000762939453
vertex 20.5126895904541 -1.365452766418457 16.700000762939453
endloop
endfacet
facet normal 0.0 0.0 1.0
outer loop
vertex 21.077285766601562 -5.141027450561523 16.700000762939453
vertex 20.958139419555664 -0.8739746809005737 16.700000762939453
vertex 20.865453720092773 -1.0126888751983643 16.700000762939453
endloop
endfacet
facet normal 0.0 -0.0 1.0
outer loop
vertex 20.814695358276367 -5.555702209472656 16.700000762939453
vertex 20.865453720092773 -1.0126888751983643 16.700000762939453
vertex 20.70208168029785 -1.202081561088562 16.700000762939453
endloop
endfacet
facet normal 0.0 -0.0 1.0
outer loop
vertex 20.532075881958008 -5.956993103027344 16.700000762939453
vertex 20.814695358276367 -5.555702209472656 16.700000762939453
vertex 20.578468322753906 -1.3141177892684937 16.700000762939453
endloop
endfacet
facet normal 0.0 -0.0 0.9999999999999999
outer loop
vertex 20.814695358276367 -5.555702209472656 16.700000762939453
vertex 21.077285766601562 -5.141027450561523 16.700000762939453
vertex 20.865453720092773 -1.0126888751983643 16.700000762939453
endloop
endfacet
facet normal 0.870087323662459 -0.49289760518986003 0.0
outer loop
vertex 21.077285766601562 -5.141027450561523 10.699999809265137
vertex 21.319211959838867 -4.713967323303223 10.699999809265137
vertex 21.077285766601562 -5.141027450561523 16.700000762939453
endloop
endfacet
facet normal 0.8175862114353936 -0.5758062060022625 0.0
outer loop
vertex 20.814695358276367 -5.555702209472656 10.699999809265137
vertex 20.814695358276367 -5.555702209472656 16.700000762939453
vertex 20.532075881958008 -5.956993103027344 16.700000762939453
endloop
endfacet
facet normal 0.8448530925946865 -0.5349983662902101 0.0
outer loop
vertex 21.077285766601562 -5.141027450561523 10.699999809265137
vertex 21.077285766601562 -5.141027450561523 16.700000762939453
vertex 20.814695358276367 -5.555702209472656 16.700000762939453
endloop
endfacet
facet normal 0.8448530925946865 -0.5349983662902101 0.0
outer loop
vertex 20.814695358276367 -5.555702209472656 10.699999809265137
vertex 21.077285766601562 -5.141027450561523 10.699999809265137
vertex 20.814695358276367 -5.555702209472656 16.700000762939453
endloop
endfacet
facet normal -0.53499629307027 0.8448544054457371 0.0
outer loop
vertex 20.5126895904541 -1.365452766418457 13.300000190734863
vertex 20.301374435424805 -1.4992661476135254 16.700000762939453
vertex 20.5126895904541 -1.365452766418457 16.700000762939453
endloop
endfacet
facet normal 0.0 0.0 1.0
outer loop
vertex 20.532075881958008 -5.956993103027344 16.700000762939453
vertex 20.5126895904541 -1.365452766418457 16.700000762939453
vertex 20.301374435424805 -1.4992661476135254 16.700000762939453
endloop
endfacet
facet normal 0.0 -0.0 -1.0
outer loop
vertex 21.077285766601562 -5.141027450561523 10.699999809265137
vertex 22.350000381469727 -1.6454482078552246 10.699999809265137
vertex 21.319211959838867 -4.713967323303223 10.699999809265137
endloop
endfacet
facet normal 0.0 -0.0 0.9999999999999999
outer loop
vertex 20.230104446411133 -6.343932628631592 16.700000762939453
vertex 20.532075881958008 -5.956993103027344 16.700000762939453
vertex 20.301374435424805 -1.4992661476135254 16.700000762939453
endloop
endfacet
facet normal 0.0 -0.0 -1.0
outer loop
vertex 20.814695358276367 -5.555702209472656 10.699999809265137
vertex 22.350000381469727 -1.6454482078552246 10.699999809265137
vertex 21.077285766601562 -5.141027450561523 10.699999809265137
endloop
endfacet
facet normal 0.7883455719322074 -0.6152326870500958 0.0
outer loop
vertex 20.532075881958008 -5.956993103027344 10.699999809265137
vertex 20.532075881958008 -5.956993103027344 16.700000762939453
vertex 20.230104446411133 -6.343932628631592 16.700000762939453
endloop
endfacet
facet normal 0.0 -0.0 -1.0
outer loop
vertex 20.532075881958008 -5.956993103027344 10.699999809265137
vertex 22.350000381469727 -1.6454482078552246 10.699999809265137
vertex 20.814695358276367 -5.555702209472656 10.699999809265137
endloop
endfacet
facet normal 0.8175862114353936 -0.5758062060022625 0.0
outer loop
vertex 20.532075881958008 -5.956993103027344 10.699999809265137
vertex 20.814695358276367 -5.555702209472656 10.699999809265137
vertex 20.532075881958008 -5.956993103027344 16.700000762939453
endloop
endfacet
facet normal -0.4496075821960708 0.8932261874977713 0.0
outer loop
vertex 20.301374435424805 -1.4992661476135254 13.300000190734863
vertex 20.226842880249023 -1.5367817878723145 16.700000762939453
vertex 20.301374435424805 -1.4992661476135254 16.700000762939453
endloop
endfacet
facet normal -0.359897056126973 0.9329920197896326 0.0
outer loop
vertex 20.226842880249023 -1.5367817878723145 13.300000190734863
vertex 19.993484497070312 -1.6267986297607422 16.700000762939453
vertex 20.226842880249023 -1.5367817878723145 16.700000762939453
endloop
endfacet
facet normal 0.0 -0.0 1.0
outer loop
vertex 20.230104446411133 -6.343932628631592 16.700000762939453
vertex 20.301374435424805 -1.4992661476135254 16.700000762939453
vertex 20.226842880249023 -1.5367817878723145 16.700000762939453
endloop
endfacet
facet normal 0.0 0.0 1.0
outer loop
vertex 20.230104446411133 -6.343932628631592 16.700000762939453
vertex 20.226842880249023 -1.5367817878723145 16.700000762939453
vertex 19.993484497070312 -1.6267986297607422 16.700000762939453
endloop
endfacet
facet normal 0.0 -0.0 1.0
outer loop
vertex 19.90951156616211 -6.71558952331543 16.700000762939453
vertex 20.230104446411133 -6.343932628631592 16.700000762939453
vertex 19.993484497070312 -1.6267986297607422 16.700000762939453
endloop
endfacet
facet normal 0.7572094126841729 -0.6531721865959158 0.0
outer loop
vertex 19.90951156616211 -6.71558952331543 16.700000762939453
vertex 20.230104446411133 -6.343932628631592 10.699999809265137
vertex 20.230104446411133 -6.343932628631592 16.700000762939453
endloop
endfacet
facet normal 0.0 -0.0 -1.0
outer loop
vertex 20.230104446411133 -6.343932628631592 10.699999809265137
vertex 22.350000381469727 -1.6454482078552246 10.699999809265137
vertex 20.532075881958008 -5.956993103027344 10.699999809265137
endloop
endfacet
facet normal 0.7883455719322074 -0.6152326870500958 0.0
outer loop
vertex 20.230104446411133 -6.343932628631592 10.699999809265137
vertex 20.532075881958008 -5.956993103027344 10.699999809265137
vertex 20.230104446411133 -6.343932628631592 16.700000762939453
endloop
endfacet
facet normal -0.0 0.0 0.9999999999999999
outer loop
vertex 20.814695358276367 5.555702209472656 16.700000762939453
vertex 20.865453720092773 1.0126888751983643 16.700000762939453
vertex 21.077285766601562 5.141027450561523 16.700000762939453
endloop
endfacet
facet normal 0.0 0.0 1.0
outer loop
vertex 21.077285766601562 5.141027450561523 16.700000762939453
vertex 21.070594787597656 0.6505618095397949 16.700000762939453
vertex 21.100624084472656 0.572712779045105 16.700000762939453
endloop
endfacet
facet normal 0.0 0.0 1.0
outer loop
vertex 20.814695358276367 5.555702209472656 16.700000762939453
vertex 20.70208168029785 1.202081561088562 16.700000762939453
vertex 20.865453720092773 1.0126888751983643 16.700000762939453
endloop
endfacet
facet normal -0.9329943599342688 -0.3598909895104963 0.0
outer loop
vertex 21.100624084472656 0.572712779045105 13.300000190734863
vertex 21.100624084472656 0.572712779045105 16.700000762939453
vertex 21.070594787597656 0.6505618095397949 13.300000190734863
endloop
endfacet
facet normal -0.9329943599342688 -0.3598909895104963 0.0
outer loop
vertex 21.070594787597656 0.6505618095397949 13.300000190734863
vertex 21.100624084472656 0.572712779045105 16.700000762939453
vertex 21.070594787597656 0.6505618095397949 16.700000762939453
endloop
endfacet
facet normal 0.0 0.0 1.0
outer loop
vertex 21.077285766601562 5.141027450561523 16.700000762939453
vertex 20.865453720092773 1.0126888751983643 16.700000762939453
vertex 20.958139419555664 0.8739746809005737 16.700000762939453
endloop
endfacet
facet normal 0.0 0.0 1.0
outer loop
vertex 21.077285766601562 5.141027450561523 16.700000762939453
vertex 20.958139419555664 0.8739746809005737 16.700000762939453
vertex 21.070594787597656 0.6505618095397949 16.700000762939453
endloop
endfacet
facet normal -0.7572072934117804 -0.6531746434178273 0.0
outer loop
vertex 20.70208168029785 1.202081561088562 13.300000190734863
vertex 20.865453720092773 1.0126888751983643 16.700000762939453
vertex 20.70208168029785 1.202081561088562 16.700000762939453
endloop
endfacet
facet normal 0.0 0.0 -1.0
outer loop
vertex 21.100624084472656 0.572712779045105 13.300000190734863
vertex 21.070594787597656 0.6505618095397949 13.300000190734863
vertex 22.350000381469727 1.6454482078552246 13.300000190734863
endloop
endfacet
facet normal -0.8932262616732257 -0.44960743483318194 0.0
outer loop
vertex 20.958139419555664 0.8739746809005737 13.300000190734863
vertex 21.070594787597656 0.6505618095397949 13.300000190734863
vertex 21.070594787597656 0.6505618095397949 16.700000762939453
endloop
endfacet
facet normal -0.8314700607103831 -0.5555695619292619 0.0
outer loop
vertex 20.865453720092773 1.0126888751983643 13.300000190734863
vertex 20.958139419555664 0.8739746809005737 16.700000762939453
vertex 20.865453720092773 1.0126888751983643 16.700000762939453
endloop
endfacet
facet normal -0.8932262616732257 -0.44960743483318194 0.0
outer loop
vertex 20.958139419555664 0.8739746809005737 13.300000190734863
vertex 21.070594787597656 0.6505618095397949 16.700000762939453
vertex 20.958139419555664 0.8739746809005737 16.700000762939453
endloop
endfacet
facet normal -0.7572072934117804 -0.6531746434178273 0.0
outer loop
vertex 20.865453720092773 1.0126888751983643 13.300000190734863
vertex 20.865453720092773 1.0126888751983643 16.700000762939453
vertex 20.70208168029785 1.202081561088562 13.300000190734863
endloop
endfacet
facet normal 0.0 -0.0 -1.0
outer loop
vertex 20.958139419555664 0.8739746809005737 13.300000190734863
vertex 22.350000381469727 1.6454482078552246 13.300000190734863
vertex 21.070594787597656 0.6505618095397949 13.300000190734863
endloop
endfacet
facet normal -0.8314700607103831 -0.5555695619292619 0.0
outer loop
vertex 20.958139419555664 0.8739746809005737 13.300000190734863
vertex 20.958139419555664 0.8739746809005737 16.700000762939453
vertex 20.865453720092773 1.0126888751983643 13.300000190734863
endloop
endfacet
facet normal 0.0 0.0 -1.0
outer loop
vertex 20.865453720092773 1.0126888751983643 13.300000190734863
vertex 20.70208168029785 1.202081561088562 13.300000190734863
vertex 22.350000381469727 1.6454482078552246 13.300000190734863
endloop
endfacet
facet normal 0.0 0.0 -1.0
outer loop
vertex 20.958139419555664 0.8739746809005737 13.300000190734863
vertex 20.865453720092773 1.0126888751983643 13.300000190734863
vertex 22.350000381469727 1.6454482078552246 13.300000190734863
endloop
endfacet
facet normal -0.0 -0.0 1.0
outer loop
vertex 16.649999618530273 1.6454482078552246 10.600000381469727
vertex 17.5 0.0 10.600000381469727
vertex 17.493976593017578 0.24533836543560028 10.600000381469727
endloop
endfacet
facet normal 0.9996987498969532 0.024544030933589783 -0.0
outer loop
vertex 17.493976593017578 0.24533836543560028 7.150000095367432
vertex 17.493976593017578 0.24533836543560028 10.600000381469727
vertex 17.5 0.0 10.600000381469727
endloop
endfacet
facet normal -0.0 0.0 1.0
outer loop
vertex 16.649999618530273 1.6454482078552246 10.600000381469727
vertex 17.475923538208008 -0.4900856912136078 10.600000381469727
vertex 17.493976593017578 -0.24533836543560028 10.600000381469727
endloop
endfacet
facet normal -0.0 0.0 0.9999999999999999
outer loop
vertex 16.649999618530273 1.6454482078552246 10.600000381469727
vertex 17.493976593017578 -0.24533836543560028 10.600000381469727
vertex 17.5 0.0 10.600000381469727
endloop
endfacet
facet normal 0.9996987498969532 0.024544030933589783 0.0
outer loop
vertex 17.493976593017578 0.24533836543560028 7.150000095367432
vertex 17.5 0.0 10.600000381469727
vertex 17.5 0.0 7.150000095367432
endloop
endfacet
facet normal 0.9972906338147404 -0.07356216218541596 0.0
outer loop
vertex 17.493976593017578 -0.24533836543560028 7.150000095367432
vertex 17.493976593017578 -0.24533836543560028 10.600000381469727
vertex 17.475923538208008 -0.4900856912136078 10.600000381469727
endloop
endfacet
facet normal 0.9996987498969532 -0.024544030933589783 0.0
outer loop
vertex 17.5 0.0 7.150000095367432
vertex 17.5 0.0 10.600000381469727
vertex 17.493976593017578 -0.24533836543560028 10.600000381469727
endloop
endfacet
facet normal 0.9996987498969532 -0.024544030933589783 0.0
outer loop
vertex 17.493976593017578 -0.24533836543560028 7.150000095367432
vertex 17.5 0.0 7.150000095367432
vertex 17.493976593017578 -0.24533836543560028 10.600000381469727
endloop
endfacet
facet normal -0.0 -0.0 1.0
outer loop
vertex 16.649999618530273 1.6454482078552246 10.600000381469727
vertex 17.475923538208008 0.4900856912136078 10.600000381469727
vertex 17.44588279724121 0.7336523532867432 10.600000381469727
endloop
endfacet
facet normal -0.0 -0.0 1.0
outer loop
vertex 16.649999618530273 1.6454482078552246 10.600000381469727
vertex 17.493976593017578 0.24533836543560028 10.600000381469727
vertex 17.475923538208008 0.4900856912136078 10.600000381469727
endloop
endfacet
facet normal 0.9972906338147404 0.07356216218541596 -0.0
outer loop
vertex 17.475923538208008 0.4900856912136078 7.150000095367432
vertex 17.475923538208008 0.4900856912136078 10.600000381469727
vertex 17.493976593017578 0.24533836543560028 10.600000381469727
endloop
endfacet
facet normal 0.9924797036630513 -0.1224093044539593 0.0
outer loop
vertex 17.475923538208008 -0.4900856912136078 7.150000095367432
vertex 17.475923538208008 -0.4900856912136078 10.600000381469727
vertex 17.44588279724121 -0.7336523532867432 10.600000381469727
endloop
endfacet
facet normal 0.9972906338147404 0.07356216218541596 0.0
outer loop
vertex 17.493976593017578 0.24533836543560028 7.150000095367432
vertex 17.475923538208008 0.4900856912136078 7.150000095367432
vertex 17.493976593017578 0.24533836543560028 10.600000381469727
endloop
endfacet
facet normal 0.9972906338147404 -0.07356216218541596 0.0
outer loop
vertex 17.475923538208008 -0.4900856912136078 7.150000095367432
vertex 17.493976593017578 -0.24533836543560028 7.150000095367432
vertex 17.475923538208008 -0.4900856912136078 10.600000381469727
endloop
endfacet
facet normal 0.0 0.0 -1.0
outer loop
vertex 17.475923538208008 -0.4900856912136078 7.150000095367432
vertex 17.475923538208008 0.4900856912136078 7.150000095367432
vertex 17.493976593017578 0.24533836543560028 7.150000095367432
endloop
endfacet
facet normal 0.0 0.0 -1.0
outer loop
vertex 17.493976593017578 -0.24533836543560028 7.150000095367432
vertex 17.493976593017578 0.24533836543560028 7.150000095367432
vertex 17.5 0.0 7.150000095367432
endloop
endfacet
facet normal 0.0 0.0 -1.0
outer loop
vertex 17.475923538208008 -0.4900856912136078 7.150000095367432
vertex 17.493976593017578 0.24533836543560028 7.150000095367432
vertex 17.493976593017578 -0.24533836543560028 7.150000095367432
endloop
endfacet
facet normal 0.9924797036630513 0.1224093044539593 -0.0
outer loop
vertex 17.44588279724121 0.7336523532867432 7.150000095367432
vertex 17.44588279724121 0.7336523532867432 10.600000381469727
vertex 17.475923538208008 0.4900856912136078 10.600000381469727
endloop
endfacet
facet normal 0.9924797036630513 0.1224093044539593 0.0
outer loop
vertex 17.475923538208008 0.4900856912136078 7.150000095367432
vertex 17.44588279724121 0.7336523532867432 7.150000095367432
vertex 17.475923538208008 0.4900856912136078 10.600000381469727
endloop
endfacet
facet normal 0.9852777793239075 0.17096109958277006 0.0
outer loop
vertex 17.44588279724121 0.7336523532867432 7.150000095367432
vertex 17.403926849365234 0.9754515886306763 7.150000095367432
vertex 17.44588279724121 0.7336523532867432 10.600000381469727
endloop
endfacet
facet normal 0.0 0.0 1.0
outer loop
vertex 16.649999618530273 -1.6454482078552246 10.600000381469727
vertex 17.350156784057617 -1.2149008512496948 10.600000381469727
vertex 17.403926849365234 -0.9754515886306763 10.600000381469727
endloop
endfacet
facet normal 0.0 0.0 -1.0
outer loop
vertex 17.44588279724121 -0.7336523532867432 7.150000095367432
vertex 17.44588279724121 0.7336523532867432 7.150000095367432
vertex 17.475923538208008 0.4900856912136078 7.150000095367432
endloop
endfacet
facet normal 0.0 0.0 -0.9999999999999999
outer loop
vertex 17.403926849365234 -0.9754515886306763 7.150000095367432
vertex 17.403926849365234 0.9754515886306763 7.150000095367432
vertex 17.44588279724121 0.7336523532867432 7.150000095367432
endloop
endfacet
facet normal 0.9757021864105239 -0.21910098912082332 0.0
outer loop
vertex 17.403926849365234 -0.9754515886306763 7.150000095367432
vertex 17.403926849365234 -0.9754515886306763 10.600000381469727
vertex 17.350156784057617 -1.2149008512496948 10.600000381469727
endloop
endfacet
facet normal 0.0 0.0 -1.0
outer loop
vertex 17.403926849365234 -0.9754515886306763 7.150000095367432
vertex 17.44588279724121 0.7336523532867432 7.150000095367432
vertex 17.44588279724121 -0.7336523532867432 7.150000095367432
endloop
endfacet
facet normal 0.9852777793239075 -0.17096109958277006 0.0
outer loop
vertex 17.403926849365234 -0.9754515886306763 7.150000095367432
vertex 17.44588279724121 -0.7336523532867432 7.150000095367432
vertex 17.403926849365234 -0.9754515886306763 10.600000381469727
endloop
endfacet
facet normal -0.0 -0.0 1.0
outer loop
vertex 16.649999618530273 1.6454482078552246 10.600000381469727
vertex 17.403926849365234 0.9754515886306763 10.600000381469727
vertex 17.350156784057617 1.2149008512496948 10.600000381469727
endloop
endfacet
facet normal -0.0 -0.0 0.9999999999999999
outer loop
vertex 16.649999618530273 1.6454482078552246 10.600000381469727
vertex 17.44588279724121 0.7336523532867432 10.600000381469727
vertex 17.403926849365234 0.9754515886306763 10.600000381469727
endloop
endfacet
facet normal 0.9757021864105239 0.21910098912082332 -0.0
outer loop
vertex 17.350156784057617 1.2149008512496948 7.150000095367432
vertex 17.350156784057617 1.2149008512496948 10.600000381469727
vertex 17.403926849365234 0.9754515886306763 10.600000381469727
endloop
endfacet
facet normal 0.9852777793239075 0.17096109958277006 -0.0
outer loop
vertex 17.403926849365234 0.9754515886306763 7.150000095367432
vertex 17.403926849365234 0.9754515886306763 10.600000381469727
vertex 17.44588279724121 0.7336523532867432 10.600000381469727
endloop
endfacet
facet normal 0.9757021864105239 0.21910098912082332 0.0
outer loop
vertex 17.403926849365234 0.9754515886306763 7.150000095367432
vertex 17.350156784057617 1.2149008512496948 7.150000095367432
vertex 17.403926849365234 0.9754515886306763 10.600000381469727
endloop
endfacet
facet normal 0.0 0.0 -1.0
outer loop
vertex 17.350156784057617 -1.2149008512496948 7.150000095367432
vertex 17.403926849365234 0.9754515886306763 7.150000095367432
vertex 17.403926849365234 -0.9754515886306763 7.150000095367432
endloop
endfacet
facet normal 0.0 0.0 -1.0
outer loop
vertex 17.350156784057617 -1.2149008512496948 7.150000095367432
vertex 17.350156784057617 1.2149008512496948 7.150000095367432
vertex 17.403926849365234 0.9754515886306763 7.150000095367432
endloop
endfacet
facet normal 0.9757021864105239 -0.21910098912082332 0.0
outer loop
vertex 17.350156784057617 -1.2149008512496948 7.150000095367432
vertex 17.403926849365234 -0.9754515886306763 7.150000095367432
vertex 17.350156784057617 -1.2149008512496948 10.600000381469727
endloop
endfacet
facet normal 0.9495268015586431 -0.3136859147647742 0.0
outer loop
vertex 17.28470230102539 -1.4514234066009521 7.150000095367432
vertex 17.28470230102539 -1.4514234066009521 10.600000381469727
vertex 17.207719802856445 -1.684449315071106 10.600000381469727
endloop
endfacet
facet normal 0.0 0.0 -1.0
outer loop
vertex 17.28470230102539 -1.4514234066009521 7.150000095367432
vertex 17.350156784057617 1.2149008512496948 7.150000095367432
vertex 17.350156784057617 -1.2149008512496948 7.150000095367432
endloop
endfacet
facet normal 0.9637761949035432 -0.26671229093772136 0.0
outer loop
vertex 17.350156784057617 -1.2149008512496948 7.150000095367432
vertex 17.350156784057617 -1.2149008512496948 10.600000381469727
vertex 17.28470230102539 -1.4514234066009521 10.600000381469727
endloop
endfacet
facet normal 0.9637761949035432 -0.26671229093772136 0.0
outer loop
vertex 17.28470230102539 -1.4514234066009521 7.150000095367432
vertex 17.350156784057617 -1.2149008512496948 7.150000095367432
vertex 17.28470230102539 -1.4514234066009521 10.600000381469727
endloop
endfacet
facet normal 0.4496075821960708 0.8932261874977713 0.0
outer loop
vertex 18.773157119750977 -1.5367817878723145 13.300000190734863
vertex 18.698625564575195 -1.4992661476135254 16.700000762939453
vertex 18.773157119750977 -1.5367817878723145 16.700000762939453
endloop
endfacet
facet normal 0.4496075821960708 0.8932261874977713 -0.0
outer loop
vertex 18.698625564575195 -1.4992661476135254 13.300000190734863
vertex 18.698625564575195 -1.4992661476135254 16.700000762939453
vertex 18.773157119750977 -1.5367817878723145 13.300000190734863
endloop
endfacet
facet normal 0.6152371814950127 0.7883420644022954 -0.0
outer loop
vertex 18.421531677246094 -1.3141177892684937 13.300000190734863
vertex 18.421531677246094 -1.3141177892684937 16.700000762939453
vertex 18.4873104095459 -1.365452766418457 13.300000190734863
endloop
endfacet
facet normal 0.53499629307027 0.8448544054457371 0.0
outer loop
vertex 18.698625564575195 -1.4992661476135254 13.300000190734863
vertex 18.4873104095459 -1.365452766418457 16.700000762939453
vertex 18.698625564575195 -1.4992661476135254 16.700000762939453
endloop
endfacet
facet normal 0.0 0.0 -1.0
outer loop
vertex 19.5 -3.290896415710449 13.300000190734863
vertex 18.698625564575195 -1.4992661476135254 13.300000190734863
vertex 18.773157119750977 -1.5367817878723145 13.300000190734863
endloop
endfacet
facet normal 0.0 0.0 -1.0
outer loop
vertex 19.5 -3.290896415710449 13.300000190734863
vertex 18.421531677246094 -1.3141177892684937 13.300000190734863
vertex 18.4873104095459 -1.365452766418457 13.300000190734863
endloop
endfacet
facet normal 0.53499629307027 0.8448544054457371 -0.0
outer loop
vertex 18.4873104095459 -1.365452766418457 13.300000190734863
vertex 18.4873104095459 -1.365452766418457 16.700000762939453
vertex 18.698625564575195 -1.4992661476135254 13.300000190734863
endloop
endfacet
facet normal 0.0 0.0 -1.0
outer loop
vertex 19.5 -3.290896415710449 13.300000190734863
vertex 18.4873104095459 -1.365452766418457 13.300000190734863
vertex 18.698625564575195 -1.4992661476135254 13.300000190734863
endloop
endfacet
facet normal 0.21910008761933053 0.9757023888487726 0.0
outer loop
vertex 19.250558853149414 -1.6816000938415527 13.300000190734863
vertex 19.006515502929688 -1.6267986297607422 16.700000762939453
vertex 19.250558853149414 -1.6816000938415527 16.700000762939453
endloop
endfacet
facet normal -0.0735648397507535 0.997290436308524 0.0
outer loop
vertex 19.749441146850586 -1.6816000938415527 13.300000190734863
vertex 19.5 -1.7000000476837158 16.700000762939453
vertex 19.749441146850586 -1.6816000938415527 16.700000762939453
endloop
endfacet
facet normal 0.0 -0.0 1.0
outer loop
vertex 19.90951156616211 -6.71558952331543 16.700000762939453
vertex 19.993484497070312 -1.6267986297607422 16.700000762939453
vertex 19.749441146850586 -1.6816000938415527 16.700000762939453
endloop
endfacet
facet normal 0.0 -0.0 1.0
outer loop
vertex 19.21558952331543 -7.409511089324951 16.700000762939453
vertex 19.250558853149414 -1.6816000938415527 16.700000762939453
vertex 19.006515502929688 -1.6267986297607422 16.700000762939453
endloop
endfacet
facet normal 0.0 0.0 1.0
outer loop
vertex 19.90951156616211 -6.71558952331543 16.700000762939453
vertex 19.749441146850586 -1.6816000938415527 16.700000762939453
vertex 19.5 -1.7000000476837158 16.700000762939453
endloop
endfacet
facet normal 0.0 0.0 0.9999999999999999
outer loop
vertex 19.571067810058594 -7.071067810058594 16.700000762939453
vertex 19.5 -1.7000000476837158 16.700000762939453
vertex 19.250558853149414 -1.6816000938415527 16.700000762939453
endloop
endfacet
facet normal 0.0 -0.0 1.0
outer loop
vertex 19.21558952331543 -7.409511089324951 16.700000762939453
vertex 19.571067810058594 -7.071067810058594 16.700000762939453
vertex 19.250558853149414 -1.6816000938415527 16.700000762939453
endloop
endfacet
facet normal 0.0 -0.0 -1.0
outer loop
vertex 19.90951156616211 -6.71558952331543 10.699999809265137
vertex 22.350000381469727 -1.6454482078552246 10.699999809265137
vertex 20.230104446411133 -6.343932628631592 10.699999809265137
endloop
endfacet
facet normal 0.0 -0.0 0.9999999999999999
outer loop
vertex 19.571067810058594 -7.071067810058594 16.700000762939453
vertex 19.90951156616211 -6.71558952331543 16.700000762939453
vertex 19.5 -1.7000000476837158 16.700000762939453
endloop
endfacet
facet normal 0.7572094126841729 -0.6531721865959158 0.0
outer loop
vertex 19.90951156616211 -6.71558952331543 10.699999809265137
vertex 20.230104446411133 -6.343932628631592 10.699999809265137
vertex 19.90951156616211 -6.71558952331543 16.700000762939453
endloop
endfacet
facet normal 0.6895403474088936 -0.7242472708234546 0.0
outer loop
vertex 19.571067810058594 -7.071067810058594 10.699999809265137
vertex 19.571067810058594 -7.071067810058594 16.700000762939453
vertex 19.21558952331543 -7.409511089324951 16.700000762939453
endloop
endfacet
facet normal 0.0 -0.0 -0.9999999999999999
outer loop
vertex 19.571067810058594 -7.071067810058594 10.699999809265137
vertex 22.350000381469727 -1.6454482078552246 10.699999809265137
vertex 19.90951156616211 -6.71558952331543 10.699999809265137
endloop
endfacet
facet normal 0.7242467856575194 -0.6895408569945302 0.0
outer loop
vertex 19.90951156616211 -6.71558952331543 10.699999809265137
vertex 19.90951156616211 -6.71558952331543 16.700000762939453
vertex 19.571067810058594 -7.071067810058594 16.700000762939453
endloop
endfacet
facet normal 0.7242467856575194 -0.6895408569945302 0.0
outer loop
vertex 19.571067810058594 -7.071067810058594 10.699999809265137
vertex 19.90951156616211 -6.71558952331543 10.699999809265137
vertex 19.571067810058594 -7.071067810058594 16.700000762939453
endloop
endfacet
facet normal 0.7572072934117804 0.6531746434178273 0.0
outer loop
vertex 18.29791831970215 -1.202081561088562 13.300000190734863
vertex 18.134546279907227 -1.0126888751983643 16.700000762939453
vertex 18.29791831970215 -1.202081561088562 16.700000762939453
endloop
endfacet
facet normal 0.6152371814950127 0.7883420644022954 0.0
outer loop
vertex 18.4873104095459 -1.365452766418457 13.300000190734863
vertex 18.421531677246094 -1.3141177892684937 16.700000762939453
vertex 18.4873104095459 -1.365452766418457 16.700000762939453
endloop
endfacet
facet normal 0.6715576764189635 0.7409522840525986 -0.0
outer loop
vertex 18.29791831970215 -1.202081561088562 13.300000190734863
vertex 18.29791831970215 -1.202081561088562 16.700000762939453
vertex 18.421531677246094 -1.3141177892684937 13.300000190734863
endloop
endfacet
facet normal 0.0 0.0 1.0
outer loop
vertex 18.456993103027344 -8.032074928283691 16.700000762939453
vertex 18.29791831970215 -1.202081561088562 16.700000762939453
vertex 18.134546279907227 -1.0126888751983643 16.700000762939453
endloop
endfacet
facet normal 0.0 -0.0 0.9999999999999999
outer loop
vertex 18.456993103027344 -8.032074928283691 16.700000762939453
vertex 18.4873104095459 -1.365452766418457 16.700000762939453
vertex 18.421531677246094 -1.3141177892684937 16.700000762939453
endloop
endfacet
facet normal 0.6715576764189635 0.7409522840525986 0.0
outer loop
vertex 18.421531677246094 -1.3141177892684937 13.300000190734863
vertex 18.29791831970215 -1.202081561088562 16.700000762939453
vertex 18.421531677246094 -1.3141177892684937 16.700000762939453
endloop
endfacet
facet normal 0.0 0.0 0.9999999999999999
outer loop
vertex 18.456993103027344 -8.032074928283691 16.700000762939453
vertex 18.421531677246094 -1.3141177892684937 16.700000762939453
vertex 18.29791831970215 -1.202081561088562 16.700000762939453
endloop
endfacet
facet normal 0.359897056126973 0.9329920197896326 0.0
outer loop
vertex 19.006515502929688 -1.6267986297607422 13.300000190734863
vertex 18.773157119750977 -1.5367817878723145 16.700000762939453
vertex 19.006515502929688 -1.6267986297607422 16.700000762939453
endloop
endfacet
facet normal 0.0 0.0 0.9999999999999999
outer loop
vertex 18.84393310546875 -7.730104446411133 16.700000762939453
vertex 18.698625564575195 -1.4992661476135254 16.700000762939453
vertex 18.4873104095459 -1.365452766418457 16.700000762939453
endloop
endfacet
facet normal 0.0 0.0 1.0
outer loop
vertex 19.21558952331543 -7.409511089324951 16.700000762939453
vertex 19.006515502929688 -1.6267986297607422 16.700000762939453
vertex 18.773157119750977 -1.5367817878723145 16.700000762939453
endloop
endfacet
facet normal 0.0 0.0 1.0
outer loop
vertex 18.84393310546875 -7.730104446411133 16.700000762939453
vertex 18.773157119750977 -1.5367817878723145 16.700000762939453
vertex 18.698625564575195 -1.4992661476135254 16.700000762939453
endloop
endfacet
facet normal 0.0 -0.0 1.0
outer loop
vertex 18.456993103027344 -8.032074928283691 16.700000762939453
vertex 18.84393310546875 -7.730104446411133 16.700000762939453
vertex 18.4873104095459 -1.365452766418457 16.700000762939453
endloop
endfacet
facet normal 0.6895403474088936 -0.7242472708234546 0.0
outer loop
vertex 19.21558952331543 -7.409511089324951 10.699999809265137
vertex 19.571067810058594 -7.071067810058594 10.699999809265137
vertex 19.21558952331543 -7.409511089324951 16.700000762939453
endloop
endfacet
facet normal 0.0 -0.0 1.0
outer loop
vertex 18.84393310546875 -7.730104446411133 16.700000762939453
vertex 19.21558952331543 -7.409511089324951 16.700000762939453
vertex 18.773157119750977 -1.5367817878723145 16.700000762939453
endloop
endfacet
facet normal 0.6152310082991624 -0.7883468820431753 0.0
outer loop
vertex 18.84393310546875 -7.730104446411133 10.699999809265137
vertex 18.84393310546875 -7.730104446411133 16.700000762939453
vertex 18.456993103027344 -8.032074928283691 16.700000762939453
endloop
endfacet
facet normal 0.6531732241155535 -0.7572085177139076 0.0
outer loop
vertex 18.84393310546875 -7.730104446411133 16.700000762939453
vertex 19.21558952331543 -7.409511089324951 10.699999809265137
vertex 19.21558952331543 -7.409511089324951 16.700000762939453
endloop
endfacet
facet normal 0.6531732241155535 -0.7572085177139076 0.0
outer loop
vertex 18.84393310546875 -7.730104446411133 10.699999809265137
vertex 19.21558952331543 -7.409511089324951 10.699999809265137
vertex 18.84393310546875 -7.730104446411133 16.700000762939453
endloop
endfacet
facet normal 0.8932243622536892 0.44961120835282814 -0.0
outer loop
vertex 21.319211959838867 4.713967323303223 10.699999809265137
vertex 21.319211959838867 4.713967323303223 16.700000762939453
vertex 21.539892196655273 4.275550842285156 16.700000762939453
endloop
endfacet
facet normal 0.870087323662459 0.49289760518986003 0.0
outer loop
vertex 21.319211959838867 4.713967323303223 10.699999809265137
vertex 21.077285766601562 5.141027450561523 10.699999809265137
vertex 21.319211959838867 4.713967323303223 16.700000762939453
endloop
endfacet
facet normal 0.870087323662459 0.49289760518986003 -0.0
outer loop
vertex 21.319211959838867 4.713967323303223 16.700000762939453
vertex 21.077285766601562 5.141027450561523 10.699999809265137
vertex 21.077285766601562 5.141027450561523 16.700000762939453
endloop
endfacet
facet normal 0.8448530925946865 0.5349983662902101 -0.0
outer loop
vertex 20.814695358276367 5.555702209472656 10.699999809265137
vertex 20.814695358276367 5.555702209472656 16.700000762939453
vertex 21.077285766601562 5.141027450561523 16.700000762939453
endloop
endfacet
facet normal -0.0 0.0 -1.0
outer loop
vertex 21.319211959838867 4.713967323303223 10.699999809265137
vertex 19.5 3.290896415710449 10.699999809265137
vertex 21.077285766601562 5.141027450561523 10.699999809265137
endloop
endfacet
facet normal 0.8448530925946865 0.5349983662902101 0.0
outer loop
vertex 20.814695358276367 5.555702209472656 10.699999809265137
vertex 21.077285766601562 5.141027450561523 16.700000762939453
vertex 21.077285766601562 5.141027450561523 10.699999809265137
endloop
endfacet
facet normal 0.8175862114353936 0.5758062060022625 0.0
outer loop
vertex 20.532075881958008 5.956993103027344 10.699999809265137
vertex 20.814695358276367 5.555702209472656 16.700000762939453
vertex 20.814695358276367 5.555702209472656 10.699999809265137
endloop
endfacet
facet normal 0.0 -0.0 -0.9999999999999999
outer loop
vertex 20.814695358276367 5.555702209472656 10.699999809265137
vertex 21.077285766601562 5.141027450561523 10.699999809265137
vertex 19.5 3.290896415710449 10.699999809265137
endloop
endfacet
facet normal 0.0 -0.0 -0.9999999999999999
outer loop
vertex 20.532075881958008 5.956993103027344 10.699999809265137
vertex 20.814695358276367 5.555702209472656 10.699999809265137
vertex 19.5 3.290896415710449 10.699999809265137
endloop
endfacet
facet normal 0.0 -0.0 1.0
outer loop
vertex 22.451847076416016 -0.9801713824272156 16.700000762939453
vertex 22.48795509338379 0.49067673087120056 16.700000762939453
vertex 22.451847076416016 0.9801713824272156 16.700000762939453
endloop
endfacet
facet normal 0.0 -0.0 1.0
outer loop
vertex 22.391765594482422 -1.4673047065734863 16.700000762939453
vertex 22.451847076416016 0.9801713824272156 16.700000762939453
vertex 22.391765594482422 1.4673047065734863 16.700000762939453
endloop
endfacet
facet normal 0.0 0.0 1.0
outer loop
vertex 22.391765594482422 -1.4673047065734863 16.700000762939453
vertex 22.451847076416016 -0.9801713824272156 16.700000762939453
vertex 22.451847076416016 0.9801713824272156 16.700000762939453
endloop
endfacet
facet normal 0.9924797036630513 -0.12240930445395928 0.0
outer loop
vertex 22.451847076416016 -0.9801713824272156 10.699999809265137
vertex 22.451847076416016 -0.9801713824272156 16.700000762939453
vertex 22.391765594482422 -1.4673047065734863 16.700000762939453
endloop
endfacet
facet normal 0.9972903487185706 -0.07356602716466255 0.0
outer loop
vertex 22.451847076416016 -0.9801713824272156 10.699999809265137
vertex 22.48795509338379 -0.49067673087120056 10.699999809265137
vertex 22.451847076416016 -0.9801713824272156 16.700000762939453
endloop
endfacet
facet normal 0.0 0.0 -1.0
outer loop
vertex 22.48795509338379 -0.49067673087120056 10.699999809265137
vertex 22.48795509338379 0.49067673087120056 10.699999809265137
vertex 22.5 -1.0842021724855044e-16 10.699999809265137
endloop
endfacet
facet normal 0.0 0.0 -1.0
outer loop
vertex 22.451847076416016 -0.9801713824272156 10.699999809265137
vertex 22.48795509338379 0.49067673087120056 10.699999809265137
vertex 22.48795509338379 -0.49067673087120056 10.699999809265137
endloop
endfacet
facet normal 0.9972903487185706 0.07356602716466255 -0.0
outer loop
vertex 22.451847076416016 0.9801713824272156 10.699999809265137
vertex 22.451847076416016 0.9801713824272156 16.700000762939453
vertex 22.48795509338379 0.49067673087120056 16.700000762939453
endloop
endfacet
facet normal 0.0 -0.0 0.9999999999999999
outer loop
vertex 22.30785369873047 -1.9509031772613525 16.700000762939453
vertex 22.391765594482422 1.4673047065734863 16.700000762939453
vertex 22.30785369873047 1.9509031772613525 16.700000762939453
endloop
endfacet
facet normal 0.9972903487185706 0.07356602716466255 0.0
outer loop
vertex 22.48795509338379 0.49067673087120056 10.699999809265137
vertex 22.451847076416016 0.9801713824272156 10.699999809265137
vertex 22.48795509338379 0.49067673087120056 16.700000762939453
endloop
endfacet
facet normal 0.9924797036630513 0.12240930445395928 0.0
outer loop
vertex 22.451847076416016 0.9801713824272156 10.699999809265137
vertex 22.391765594482422 1.4673047065734863 10.699999809265137
vertex 22.451847076416016 0.9801713824272156 16.700000762939453
endloop
endfacet
facet normal 0.0 0.0 -1.0
outer loop
vertex 22.391765594482422 -1.4673047065734863 10.699999809265137
vertex 22.350000381469727 1.6454482078552246 10.699999809265137
vertex 22.391765594482422 1.4673047065734863 10.699999809265137
endloop
endfacet
facet normal 0.0 0.0 1.0
outer loop
vertex 22.30785369873047 -1.9509031772613525 16.700000762939453
vertex 22.391765594482422 -1.4673047065734863 16.700000762939453
vertex 22.391765594482422 1.4673047065734863 16.700000762939453
endloop
endfacet
facet normal 0.0 0.0 -1.0
outer loop
vertex 22.451847076416016 -0.9801713824272156 10.699999809265137
vertex 22.451847076416016 0.9801713824272156 10.699999809265137
vertex 22.48795509338379 0.49067673087120056 10.699999809265137
endloop
endfacet
facet normal 0.0 0.0 -1.0
outer loop
vertex 22.391765594482422 -1.4673047065734863 10.699999809265137
vertex 22.391765594482422 1.4673047065734863 10.699999809265137
vertex 22.451847076416016 0.9801713824272156 10.699999809265137
endloop
endfacet
facet normal 0.9852777793239071 -0.17096109958277 0.0
outer loop
vertex 22.391765594482422 -1.4673047065734863 10.699999809265137
vertex 22.391765594482422 -1.4673047065734863 16.700000762939453
vertex 22.30785369873047 -1.9509031772613525 16.700000762939453
endloop
endfacet
facet normal 0.0 0.0 -1.0
outer loop
vertex 22.391765594482422 -1.4673047065734863 10.699999809265137
vertex 22.451847076416016 0.9801713824272156 10.699999809265137
vertex 22.451847076416016 -0.9801713824272156 10.699999809265137
endloop
endfacet
facet normal 0.9924797036630513 -0.12240930445395928 0.0
outer loop
vertex 22.391765594482422 -1.4673047065734863 10.699999809265137
vertex 22.451847076416016 -0.9801713824272156 10.699999809265137
vertex 22.391765594482422 -1.4673047065734863 16.700000762939453
endloop
endfacet
facet normal 0.9637761949035429 0.2667122909377213 -0.0
outer loop
vertex 22.2003116607666 2.4298017024993896 16.700000762939453
vertex 22.06940269470215 2.9028468132019043 10.699999809265137
vertex 22.06940269470215 2.9028468132019043 16.700000762939453
endloop
endfacet
facet normal 0.9637761949035429 0.2667122909377213 0.0
outer loop
vertex 22.2003116607666 2.4298017024993896 10.699999809265137
vertex 22.06940269470215 2.9028468132019043 10.699999809265137
vertex 22.2003116607666 2.4298017024993896 16.700000762939453
endloop
endfacet
facet normal 0.9852777793239071 0.17096109958277 -0.0
outer loop
vertex 22.30785369873047 1.9509031772613525 10.699999809265137
vertex 22.30785369873047 1.9509031772613525 16.700000762939453
vertex 22.391765594482422 1.4673047065734863 16.700000762939453
endloop
endfacet
facet normal 0.0 0.0 -1.0
outer loop
vertex 22.30785369873047 1.9509031772613525 10.699999809265137
vertex 19.5 3.290896415710449 10.699999809265137
vertex 22.2003116607666 2.4298017024993896 10.699999809265137
endloop
endfacet
facet normal 0.9757013556635385 0.21910468857679172 -0.0
outer loop
vertex 22.2003116607666 2.4298017024993896 10.699999809265137
vertex 22.2003116607666 2.4298017024993896 16.700000762939453
vertex 22.30785369873047 1.9509031772613525 16.700000762939453
endloop
endfacet
facet normal 0.9757013556635385 0.21910468857679172 0.0
outer loop
vertex 22.30785369873047 1.9509031772613525 10.699999809265137
vertex 22.2003116607666 2.4298017024993896 10.699999809265137
vertex 22.30785369873047 1.9509031772613525 16.700000762939453
endloop
endfacet
facet normal 0.0 0.0 1.0
outer loop
vertex 21.319211959838867 4.713967323303223 16.700000762939453
vertex 21.077285766601562 5.141027450561523 16.700000762939453
vertex 21.100624084472656 0.572712779045105 16.700000762939453
endloop
endfacet
facet normal -0.9972903805610607 -0.07356559549391799 0.0
outer loop
vertex 21.18160057067871 0.24944180250167847 13.300000190734863
vertex 21.200000762939453 -2.371692252312041e-17 16.700000762939453
vertex 21.18160057067871 0.24944180250167847 16.700000762939453
endloop
endfacet
facet normal 0.0 0.0 1.0
outer loop
vertex 21.319211959838867 4.713967323303223 16.700000762939453
vertex 21.100624084472656 0.572712779045105 16.700000762939453
vertex 21.167335510253906 0.33165353536605835 16.700000762939453
endloop
endfacet
facet normal 0.0 0.0 1.0
outer loop
vertex 21.319211959838867 4.713967323303223 16.700000762939453
vertex 21.167335510253906 0.33165353536605835 16.700000762939453
vertex 21.18160057067871 0.24944180250167847 16.700000762939453
endloop
endfacet
facet normal -0.9852776998094792 -0.1709615578372569 0.0
outer loop
vertex 21.18160057067871 0.24944180250167847 13.300000190734863
vertex 21.18160057067871 0.24944180250167847 16.700000762939453
vertex 21.167335510253906 0.33165353536605835 13.300000190734863
endloop
endfacet
facet normal -0.9637746796619426 -0.26671776626711585 0.0
outer loop
vertex 21.100624084472656 0.572712779045105 13.300000190734863
vertex 21.167335510253906 0.33165353536605835 16.700000762939453
vertex 21.100624084472656 0.572712779045105 16.700000762939453
endloop
endfacet
facet normal -0.9852776998094792 -0.1709615578372569 0.0
outer loop
vertex 21.167335510253906 0.33165353536605835 13.300000190734863
vertex 21.18160057067871 0.24944180250167847 16.700000762939453
vertex 21.167335510253906 0.33165353536605835 16.700000762939453
endloop
endfacet
facet normal 0.0 0.0 -1.0
outer loop
vertex 22.350000381469727 -1.6454482078552246 13.300000190734863
vertex 21.100624084472656 0.572712779045105 13.300000190734863
vertex 22.350000381469727 1.6454482078552246 13.300000190734863
endloop
endfacet
facet normal 0.0 0.0 -1.0
outer loop
vertex 22.350000381469727 -1.6454482078552246 13.300000190734863
vertex 21.18160057067871 0.24944180250167847 13.300000190734863
vertex 21.167335510253906 0.33165353536605835 13.300000190734863
endloop
endfacet
facet normal -0.9637746796619426 -0.26671776626711585 0.0
outer loop
vertex 21.167335510253906 0.33165353536605835 13.300000190734863
vertex 21.167335510253906 0.33165353536605835 16.700000762939453
vertex 21.100624084472656 0.572712779045105 13.300000190734863
endloop
endfacet
facet normal 0.0 0.0 -1.0
outer loop
vertex 22.350000381469727 -1.6454482078552246 13.300000190734863
vertex 21.167335510253906 0.33165353536605835 13.300000190734863
vertex 21.100624084472656 0.572712779045105 13.300000190734863
endloop
endfacet
facet normal -0.0 0.0 -1.0
outer loop
vertex 22.391765594482422 -1.4673047065734863 10.699999809265137
vertex 22.350000381469727 -1.6454482078552246 10.699999809265137
vertex 22.350000381469727 1.6454482078552246 10.699999809265137
endloop
endfacet
facet normal 0.9852777793239071 -0.17096109958277 0.0
outer loop
vertex 22.30785369873047 -1.9509031772613525 10.699999809265137
vertex 22.391765594482422 -1.4673047065734863 10.699999809265137
vertex 22.30785369873047 -1.9509031772613525 16.700000762939453
endloop
endfacet
facet normal 0.0 0.0 1.0
outer loop
vertex 22.2003116607666 -2.4298017024993896 16.700000762939453
vertex 22.30785369873047 -1.9509031772613525 16.700000762939453
vertex 22.30785369873047 1.9509031772613525 16.700000762939453
endloop
endfacet
facet normal 0.0 0.0 -1.0
outer loop
vertex 22.30785369873047 -1.9509031772613525 10.699999809265137
vertex 22.350000381469727 -1.6454482078552246 10.699999809265137
vertex 22.391765594482422 -1.4673047065734863 10.699999809265137
endloop
endfacet
facet normal 0.9757013556635385 -0.21910468857679172 0.0
outer loop
vertex 22.30785369873047 -1.9509031772613525 10.699999809265137
vertex 22.30785369873047 -1.9509031772613525 16.700000762939453
vertex 22.2003116607666 -2.4298017024993896 16.700000762939453
endloop
endfacet
facet normal 0.0 -0.0 1.0
outer loop
vertex 22.2003116607666 -2.4298017024993896 16.700000762939453
vertex 22.30785369873047 1.9509031772613525 16.700000762939453
vertex 22.2003116607666 2.4298017024993896 16.700000762939453
endloop
endfacet
facet normal 0.0 -0.0 1.0
outer loop
vertex 22.06940269470215 -2.9028468132019043 16.700000762939453
vertex 22.2003116607666 2.4298017024993896 16.700000762939453
vertex 22.06940269470215 2.9028468132019043 16.700000762939453
endloop
endfacet
facet normal 0.0 0.0 1.0
outer loop
vertex 21.915441513061523 -3.368898630142212 16.700000762939453
vertex 22.06940269470215 -2.9028468132019043 16.700000762939453
vertex 22.06940269470215 2.9028468132019043 16.700000762939453
endloop
endfacet
facet normal 0.0 -0.0 -1.0
outer loop
vertex 22.2003116607666 -2.4298017024993896 10.699999809265137
vertex 22.350000381469727 -1.6454482078552246 10.699999809265137
vertex 22.30785369873047 -1.9509031772613525 10.699999809265137
endloop
endfacet
facet normal 0.9757013556635385 -0.21910468857679172 0.0
outer loop
vertex 22.2003116607666 -2.4298017024993896 10.699999809265137
vertex 22.30785369873047 -1.9509031772613525 10.699999809265137
vertex 22.2003116607666 -2.4298017024993896 16.700000762939453
endloop
endfacet
facet normal 0.0 0.0 1.0
outer loop
vertex 22.06940269470215 -2.9028468132019043 16.700000762939453
vertex 22.2003116607666 -2.4298017024993896 16.700000762939453
vertex 22.2003116607666 2.4298017024993896 16.700000762939453
endloop
endfacet
facet normal 0.9495291164550157 -0.3136789074900594 0.0
outer loop
vertex 22.06940269470215 -2.9028468132019043 10.699999809265137
vertex 22.06940269470215 -2.9028468132019043 16.700000762939453
vertex 21.915441513061523 -3.368898630142212 16.700000762939453
endloop
endfacet
facet normal 0.0 -0.0 -1.0
outer loop
vertex 22.06940269470215 -2.9028468132019043 10.699999809265137
vertex 22.350000381469727 -1.6454482078552246 10.699999809265137
vertex 22.2003116607666 -2.4298017024993896 10.699999809265137
endloop
endfacet
facet normal 0.9637761949035429 -0.2667122909377213 0.0
outer loop
vertex 22.06940269470215 -2.9028468132019043 16.700000762939453
vertex 22.2003116607666 -2.4298017024993896 10.699999809265137
vertex 22.2003116607666 -2.4298017024993896 16.700000762939453
endloop
endfacet
facet normal 0.9637761949035429 -0.2667122909377213 0.0
outer loop
vertex 22.06940269470215 -2.9028468132019043 10.699999809265137
vertex 22.2003116607666 -2.4298017024993896 10.699999809265137
vertex 22.06940269470215 -2.9028468132019043 16.700000762939453
endloop
endfacet
facet normal -0.9972903805610606 0.07356559549391799 0.0
outer loop
vertex 21.18160057067871 -0.24944180250167847 13.300000190734863
vertex 21.18160057067871 -0.24944180250167847 16.700000762939453
vertex 21.200000762939453 0.0 13.300000190734863
endloop
endfacet
facet normal 0.0 0.0 -1.0
outer loop
vertex 22.350000381469727 -1.6454482078552246 13.300000190734863
vertex 21.200000762939453 0.0 13.300000190734863
vertex 21.18160057067871 0.24944180250167847 13.300000190734863
endloop
endfacet
facet normal -0.9852776998094792 0.1709615578372569 0.0
outer loop
vertex 21.167335510253906 -0.33165353536605835 13.300000190734863
vertex 21.167335510253906 -0.33165353536605835 16.700000762939453
vertex 21.18160057067871 -0.24944180250167847 13.300000190734863
endloop
endfacet
facet normal 0.0 0.0 -1.0
outer loop
vertex 22.350000381469727 -1.6454482078552246 13.300000190734863
vertex 21.18160057067871 -0.24944180250167847 13.300000190734863
vertex 21.200000762939453 0.0 13.300000190734863
endloop
endfacet
facet normal 0.0 0.0 -1.0
outer loop
vertex 22.350000381469727 -1.6454482078552246 13.300000190734863
vertex 21.167335510253906 -0.33165353536605835 13.300000190734863
vertex 21.18160057067871 -0.24944180250167847 13.300000190734863
endloop
endfacet
facet normal -0.9637746796619426 0.26671776626711585 0.0
outer loop
vertex 21.100624084472656 -0.572712779045105 13.300000190734863
vertex 21.100624084472656 -0.572712779045105 16.700000762939453
vertex 21.167335510253906 -0.33165353536605835 13.300000190734863
endloop
endfacet
facet normal 0.0 0.0 -1.0
outer loop
vertex 21.100624084472656 -0.572712779045105 13.300000190734863
vertex 21.167335510253906 -0.33165353536605835 13.300000190734863
vertex 22.350000381469727 -1.6454482078552246 13.300000190734863
endloop
endfacet
facet normal -0.9329943599342688 0.3598909895104963 0.0
outer loop
vertex 21.070594787597656 -0.6505618095397949 13.300000190734863
vertex 21.070594787597656 -0.6505618095397949 16.700000762939453
vertex 21.100624084472656 -0.572712779045105 13.300000190734863
endloop
endfacet
facet normal 0.0 0.0 -1.0
outer loop
vertex 21.070594787597656 -0.6505618095397949 13.300000190734863
vertex 21.100624084472656 -0.572712779045105 13.300000190734863
vertex 22.350000381469727 -1.6454482078552246 13.300000190734863
endloop
endfacet
facet normal -0.8932262616732257 0.44960743483318194 0.0
outer loop
vertex 20.958139419555664 -0.8739746809005737 13.300000190734863
vertex 20.958139419555664 -0.8739746809005737 16.700000762939453
vertex 21.070594787597656 -0.6505618095397949 13.300000190734863
endloop
endfacet
facet normal 0.0 0.0 -1.0
outer loop
vertex 20.958139419555664 -0.8739746809005737 13.300000190734863
vertex 21.070594787597656 -0.6505618095397949 13.300000190734863
vertex 22.350000381469727 -1.6454482078552246 13.300000190734863
endloop
endfacet
facet normal -0.8314700607103831 0.5555695619292619 0.0
outer loop
vertex 20.865453720092773 -1.0126888751983643 13.300000190734863
vertex 20.865453720092773 -1.0126888751983643 16.700000762939453
vertex 20.958139419555664 -0.8739746809005737 13.300000190734863
endloop
endfacet
facet normal 0.0 0.0 -1.0
outer loop
vertex 20.865453720092773 -1.0126888751983643 13.300000190734863
vertex 20.958139419555664 -0.8739746809005737 13.300000190734863
vertex 22.350000381469727 -1.6454482078552246 13.300000190734863
endloop
endfacet
facet normal -0.7572072934117804 0.6531746434178273 0.0
outer loop
vertex 20.70208168029785 -1.202081561088562 13.300000190734863
vertex 20.70208168029785 -1.202081561088562 16.700000762939453
vertex 20.865453720092773 -1.0126888751983643 13.300000190734863
endloop
endfacet
facet normal 0.0 0.0 -1.0
outer loop
vertex 20.70208168029785 -1.202081561088562 13.300000190734863
vertex 20.865453720092773 -1.0126888751983643 13.300000190734863
vertex 22.350000381469727 -1.6454482078552246 13.300000190734863
endloop
endfacet
facet normal -0.6715576764189635 0.7409522840525986 0.0
outer loop
vertex 20.578468322753906 -1.3141177892684937 13.300000190734863
vertex 20.578468322753906 -1.3141177892684937 16.700000762939453
vertex 20.70208168029785 -1.202081561088562 13.300000190734863
endloop
endfacet
facet normal 0.0 0.0 -0.9999999999999999
outer loop
vertex 20.578468322753906 -1.3141177892684937 13.300000190734863
vertex 20.70208168029785 -1.202081561088562 13.300000190734863
vertex 22.350000381469727 -1.6454482078552246 13.300000190734863
endloop
endfacet
facet normal -0.6152371814950127 0.7883420644022954 0.0
outer loop
vertex 20.5126895904541 -1.365452766418457 13.300000190734863
vertex 20.5126895904541 -1.365452766418457 16.700000762939453
vertex 20.578468322753906 -1.3141177892684937 13.300000190734863
endloop
endfacet
facet normal 0.0 0.0 -1.0
outer loop
vertex 20.5126895904541 -1.365452766418457 13.300000190734863
vertex 20.578468322753906 -1.3141177892684937 13.300000190734863
vertex 22.350000381469727 -1.6454482078552246 13.300000190734863
endloop
endfacet
facet normal -0.53499629307027 0.8448544054457371 0.0
outer loop
vertex 20.301374435424805 -1.4992661476135254 13.300000190734863
vertex 20.301374435424805 -1.4992661476135254 16.700000762939453
vertex 20.5126895904541 -1.365452766418457 13.300000190734863
endloop
endfacet
facet normal 0.0 0.0 -1.0
outer loop
vertex 20.301374435424805 -1.4992661476135254 13.300000190734863
vertex 20.5126895904541 -1.365452766418457 13.300000190734863
vertex 22.350000381469727 -1.6454482078552246 13.300000190734863
endloop
endfacet
facet normal -0.4496075821960708 0.8932261874977713 0.0
outer loop
vertex 20.226842880249023 -1.5367817878723145 13.300000190734863
vertex 20.226842880249023 -1.5367817878723145 16.700000762939453
vertex 20.301374435424805 -1.4992661476135254 13.300000190734863
endloop
endfacet
facet normal 0.0 0.0 -1.0
outer loop
vertex 20.226842880249023 -1.5367817878723145 13.300000190734863
vertex 20.301374435424805 -1.4992661476135254 13.300000190734863
vertex 22.350000381469727 -1.6454482078552246 13.300000190734863
endloop
endfacet
facet normal -0.21910008761933053 0.9757023888487726 0.0
outer loop
vertex 19.993484497070312 -1.6267986297607422 13.300000190734863
vertex 19.749441146850586 -1.6816000938415527 16.700000762939453
vertex 19.993484497070312 -1.6267986297607422 16.700000762939453
endloop
endfacet
facet normal -0.359897056126973 0.9329920197896326 0.0
outer loop
vertex 19.993484497070312 -1.6267986297607422 13.300000190734863
vertex 19.993484497070312 -1.6267986297607422 16.700000762939453
vertex 20.226842880249023 -1.5367817878723145 13.300000190734863
endloop
endfacet
facet normal 0.0 0.0 -1.0
outer loop
vertex 19.5 -3.290896415710449 13.300000190734863
vertex 20.226842880249023 -1.5367817878723145 13.300000190734863
vertex 22.350000381469727 -1.6454482078552246 13.300000190734863
endloop
endfacet
facet normal -0.21910008761933053 0.9757023888487726 0.0
outer loop
vertex 19.749441146850586 -1.6816000938415527 13.300000190734863
vertex 19.749441146850586 -1.6816000938415527 16.700000762939453
vertex 19.993484497070312 -1.6267986297607422 13.300000190734863
endloop
endfacet
facet normal 0.0 0.0 -1.0
outer loop
vertex 19.5 -3.290896415710449 13.300000190734863
vertex 19.993484497070312 -1.6267986297607422 13.300000190734863
vertex 20.226842880249023 -1.5367817878723145 13.300000190734863
endloop
endfacet
facet normal 0.0735648397507535 0.997290436308524 0.0
outer loop
vertex 19.5 -1.7000000476837158 13.300000190734863
vertex 19.250558853149414 -1.6816000938415527 16.700000762939453
vertex 19.5 -1.7000000476837158 16.700000762939453
endloop
endfacet
facet normal -0.0735648397507535 0.997290436308524 0.0
outer loop
vertex 19.5 -1.7000000476837158 13.300000190734863
vertex 19.5 -1.7000000476837158 16.700000762939453
vertex 19.749441146850586 -1.6816000938415527 13.300000190734863
endloop
endfacet
facet normal 0.0 0.0 -1.0
outer loop
vertex 19.5 -3.290896415710449 13.300000190734863
vertex 19.749441146850586 -1.6816000938415527 13.300000190734863
vertex 19.993484497070312 -1.6267986297607422 13.300000190734863
endloop
endfacet
facet normal 0.0735648397507535 0.997290436308524 -0.0
outer loop
vertex 19.250558853149414 -1.6816000938415527 13.300000190734863
vertex 19.250558853149414 -1.6816000938415527 16.700000762939453
vertex 19.5 -1.7000000476837158 13.300000190734863
endloop
endfacet
facet normal 0.0 0.0 -1.0
outer loop
vertex 19.5 -3.290896415710449 13.300000190734863
vertex 19.5 -1.7000000476837158 13.300000190734863
vertex 19.749441146850586 -1.6816000938415527 13.300000190734863
endloop
endfacet
facet normal 0.359897056126973 0.9329920197896326 -0.0
outer loop
vertex 18.773157119750977 -1.5367817878723145 13.300000190734863
vertex 18.773157119750977 -1.5367817878723145 16.700000762939453
vertex 19.006515502929688 -1.6267986297607422 13.300000190734863
endloop
endfacet
facet normal 0.0 0.0 -1.0
outer loop
vertex 19.5 -3.290896415710449 13.300000190734863
vertex 19.250558853149414 -1.6816000938415527 13.300000190734863
vertex 19.5 -1.7000000476837158 13.300000190734863
endloop
endfacet
facet normal 0.0 0.0 -1.0
outer loop
vertex 19.5 -3.290896415710449 13.300000190734863
vertex 18.773157119750977 -1.5367817878723145 13.300000190734863
vertex 19.006515502929688 -1.6267986297607422 13.300000190734863
endloop
endfacet
facet normal 0.21910008761933053 0.9757023888487726 -0.0
outer loop
vertex 19.006515502929688 -1.6267986297607422 13.300000190734863
vertex 19.006515502929688 -1.6267986297607422 16.700000762939453
vertex 19.250558853149414 -1.6816000938415527 13.300000190734863
endloop
endfacet
facet normal 0.0 0.0 -1.0
outer loop
vertex 19.5 -3.290896415710449 13.300000190734863
vertex 19.006515502929688 -1.6267986297607422 13.300000190734863
vertex 19.250558853149414 -1.6816000938415527 13.300000190734863
endloop
endfacet
facet normal -0.0 0.0 1.0
outer loop
vertex 20.532075881958008 5.956993103027344 16.700000762939453
vertex 20.578468322753906 1.3141177892684937 16.700000762939453
vertex 20.814695358276367 5.555702209472656 16.700000762939453
endloop
endfacet
facet normal 0.0 0.0 0.9999999999999999
outer loop
vertex 20.814695358276367 5.555702209472656 16.700000762939453
vertex 20.578468322753906 1.3141177892684937 16.700000762939453
vertex 20.70208168029785 1.202081561088562 16.700000762939453
endloop
endfacet
facet normal 0.0 0.0 1.0
outer loop
vertex 20.532075881958008 5.956993103027344 16.700000762939453
vertex 20.5126895904541 1.365452766418457 16.700000762939453
vertex 20.578468322753906 1.3141177892684937 16.700000762939453
endloop
endfacet
facet normal -0.6715576764189635 -0.7409522840525986 0.0
outer loop
vertex 20.578468322753906 1.3141177892684937 13.300000190734863
vertex 20.70208168029785 1.202081561088562 16.700000762939453
vertex 20.578468322753906 1.3141177892684937 16.700000762939453
endloop
endfacet
facet normal -0.6715576764189635 -0.7409522840525986 0.0
outer loop
vertex 20.578468322753906 1.3141177892684937 13.300000190734863
vertex 20.70208168029785 1.202081561088562 13.300000190734863
vertex 20.70208168029785 1.202081561088562 16.700000762939453
endloop
endfacet
facet normal 0.0 -0.0 -1.0
outer loop
vertex 19.5 3.290896415710449 13.300000190734863
vertex 22.350000381469727 1.6454482078552246 13.300000190734863
vertex 20.70208168029785 1.202081561088562 13.300000190734863
endloop
endfacet
facet normal -0.0 0.0 1.0
outer loop
vertex 19.90951156616211 6.71558952331543 16.700000762939453
vertex 19.749441146850586 1.6816000938415527 16.700000762939453
vertex 20.230104446411133 6.343932628631592 16.700000762939453
endloop
endfacet
facet normal 0.0 0.0 1.0
outer loop
vertex 20.532075881958008 5.956993103027344 16.700000762939453
vertex 20.301374435424805 1.4992661476135254 16.700000762939453
vertex 20.5126895904541 1.365452766418457 16.700000762939453
endloop
endfacet
facet normal -0.6152371814950127 -0.7883420644022954 0.0
outer loop
vertex 20.5126895904541 1.365452766418457 13.300000190734863
vertex 20.578468322753906 1.3141177892684937 16.700000762939453
vertex 20.5126895904541 1.365452766418457 16.700000762939453
endloop
endfacet
facet normal -0.6152371814950127 -0.7883420644022954 0.0
outer loop
vertex 20.5126895904541 1.365452766418457 13.300000190734863
vertex 20.578468322753906 1.3141177892684937 13.300000190734863
vertex 20.578468322753906 1.3141177892684937 16.700000762939453
endloop
endfacet
facet normal -0.0 -0.0 -1.0
outer loop
vertex 19.5 3.290896415710449 13.300000190734863
vertex 20.70208168029785 1.202081561088562 13.300000190734863
vertex 20.578468322753906 1.3141177892684937 13.300000190734863
endloop
endfacet
facet normal 0.0 0.0 0.9999999999999999
outer loop
vertex 20.532075881958008 5.956993103027344 16.700000762939453
vertex 20.230104446411133 6.343932628631592 16.700000762939453
vertex 20.301374435424805 1.4992661476135254 16.700000762939453
endloop
endfacet
facet normal 0.0 0.0 1.0
outer loop
vertex 20.230104446411133 6.343932628631592 16.700000762939453
vertex 19.749441146850586 1.6816000938415527 16.700000762939453
vertex 19.993484497070312 1.6267986297607422 16.700000762939453
endloop
endfacet
facet normal -0.21910008761933053 -0.9757023888487726 0.0
outer loop
vertex 19.749441146850586 1.6816000938415527 13.300000190734863
vertex 19.993484497070312 1.6267986297607422 16.700000762939453
vertex 19.749441146850586 1.6816000938415527 16.700000762939453
endloop
endfacet
facet normal -0.53499629307027 -0.8448544054457371 0.0
outer loop
vertex 20.301374435424805 1.4992661476135254 13.300000190734863
vertex 20.5126895904541 1.365452766418457 16.700000762939453
vertex 20.301374435424805 1.4992661476135254 16.700000762939453
endloop
endfacet
facet normal -0.53499629307027 -0.8448544054457371 0.0
outer loop
vertex 20.301374435424805 1.4992661476135254 13.300000190734863
vertex 20.5126895904541 1.365452766418457 13.300000190734863
vertex 20.5126895904541 1.365452766418457 16.700000762939453
endloop
endfacet
facet normal -0.0 -0.0 -1.0
outer loop
vertex 19.5 3.290896415710449 13.300000190734863
vertex 20.578468322753906 1.3141177892684937 13.300000190734863
vertex 20.5126895904541 1.365452766418457 13.300000190734863
endloop
endfacet
facet normal 0.0 0.0 1.0
outer loop
vertex 20.230104446411133 6.343932628631592 16.700000762939453
vertex 20.226842880249023 1.5367817878723145 16.700000762939453
vertex 20.301374435424805 1.4992661476135254 16.700000762939453
endloop
endfacet
facet normal 0.0 0.0 1.0
outer loop
vertex 20.230104446411133 6.343932628631592 16.700000762939453
vertex 19.993484497070312 1.6267986297607422 16.700000762939453
vertex 20.226842880249023 1.5367817878723145 16.700000762939453
endloop
endfacet
facet normal -0.21910008761933053 -0.9757023888487726 0.0
outer loop
vertex 19.749441146850586 1.6816000938415527 13.300000190734863
vertex 19.993484497070312 1.6267986297607422 13.300000190734863
vertex 19.993484497070312 1.6267986297607422 16.700000762939453
endloop
endfacet
facet normal -0.4496075821960708 -0.8932261874977713 0.0
outer loop
vertex 20.226842880249023 1.5367817878723145 13.300000190734863
vertex 20.301374435424805 1.4992661476135254 13.300000190734863
vertex 20.301374435424805 1.4992661476135254 16.700000762939453
endloop
endfacet
facet normal -0.0 -0.0 -1.0
outer loop
vertex 19.5 3.290896415710449 13.300000190734863
vertex 20.5126895904541 1.365452766418457 13.300000190734863
vertex 20.301374435424805 1.4992661476135254 13.300000190734863
endloop
endfacet
facet normal -0.4496075821960708 -0.8932261874977713 0.0
outer loop
vertex 20.226842880249023 1.5367817878723145 13.300000190734863
vertex 20.301374435424805 1.4992661476135254 16.700000762939453
vertex 20.226842880249023 1.5367817878723145 16.700000762939453
endloop
endfacet
facet normal -0.359897056126973 -0.9329920197896326 0.0
outer loop
vertex 19.993484497070312 1.6267986297607422 13.300000190734863
vertex 20.226842880249023 1.5367817878723145 16.700000762939453
vertex 19.993484497070312 1.6267986297607422 16.700000762939453
endloop
endfacet
facet normal -0.0 -0.0 -1.0
outer loop
vertex 19.5 3.290896415710449 13.300000190734863
vertex 19.993484497070312 1.6267986297607422 13.300000190734863
vertex 19.749441146850586 1.6816000938415527 13.300000190734863
endloop
endfacet
facet normal -0.0 -0.0 -1.0
outer loop
vertex 19.5 3.290896415710449 13.300000190734863
vertex 20.301374435424805 1.4992661476135254 13.300000190734863
vertex 20.226842880249023 1.5367817878723145 13.300000190734863
endloop
endfacet
facet normal -0.359897056126973 -0.9329920197896326 0.0
outer loop
vertex 19.993484497070312 1.6267986297607422 13.300000190734863
vertex 20.226842880249023 1.5367817878723145 13.300000190734863
vertex 20.226842880249023 1.5367817878723145 16.700000762939453
endloop
endfacet
facet normal -0.0 -0.0 -1.0
outer loop
vertex 19.5 3.290896415710449 13.300000190734863
vertex 20.226842880249023 1.5367817878723145 13.300000190734863
vertex 19.993484497070312 1.6267986297607422 13.300000190734863
endloop
endfacet
facet normal -0.0 0.0 1.0
outer loop
vertex 16.649999618530273 1.6454482078552246 10.600000381469727
vertex 17.44588279724121 -0.7336523532867432 10.600000381469727
vertex 17.475923538208008 -0.4900856912136078 10.600000381469727
endloop
endfacet
facet normal 0.0 -0.0 1.0
outer loop
vertex 16.649999618530273 -1.6454482078552246 10.600000381469727
vertex 17.44588279724121 -0.7336523532867432 10.600000381469727
vertex 16.649999618530273 1.6454482078552246 10.600000381469727
endloop
endfacet
facet normal 0.0 0.0 0.9999999999999999
outer loop
vertex 16.649999618530273 -1.6454482078552246 10.600000381469727
vertex 17.403926849365234 -0.9754515886306763 10.600000381469727
vertex 17.44588279724121 -0.7336523532867432 10.600000381469727
endloop
endfacet
facet normal 0.9852777793239075 -0.17096109958277006 0.0
outer loop
vertex 17.44588279724121 -0.7336523532867432 7.150000095367432
vertex 17.44588279724121 -0.7336523532867432 10.600000381469727
vertex 17.403926849365234 -0.9754515886306763 10.600000381469727
endloop
endfacet
facet normal 0.0 0.0 -1.0
outer loop
vertex 17.44588279724121 -0.7336523532867432 7.150000095367432
vertex 17.475923538208008 0.4900856912136078 7.150000095367432
vertex 17.475923538208008 -0.4900856912136078 7.150000095367432
endloop
endfacet
facet normal 0.9924797036630513 -0.1224093044539593 0.0
outer loop
vertex 17.44588279724121 -0.7336523532867432 7.150000095367432
vertex 17.475923538208008 -0.4900856912136078 7.150000095367432
vertex 17.44588279724121 -0.7336523532867432 10.600000381469727
endloop
endfacet
facet normal -0.0 -0.0 1.0
outer loop
vertex 16.649999618530273 1.6454482078552246 10.600000381469727
vertex 17.28470230102539 1.4514234066009521 10.600000381469727
vertex 17.207719802856445 1.684449315071106 10.600000381469727
endloop
endfacet
facet normal -0.0 -0.0 1.0
outer loop
vertex 16.649999618530273 1.6454482078552246 10.600000381469727
vertex 17.350156784057617 1.2149008512496948 10.600000381469727
vertex 17.28470230102539 1.4514234066009521 10.600000381469727
endloop
endfacet
facet normal 0.0 0.0 1.0
outer loop
vertex 16.649999618530273 -1.6454482078552246 10.600000381469727
vertex 17.28470230102539 -1.4514234066009521 10.600000381469727
vertex 17.350156784057617 -1.2149008512496948 10.600000381469727
endloop
endfacet
facet normal 0.9637761949035432 0.26671229093772136 -0.0
outer loop
vertex 17.28470230102539 1.4514234066009521 7.150000095367432
vertex 17.28470230102539 1.4514234066009521 10.600000381469727
vertex 17.350156784057617 1.2149008512496948 10.600000381469727
endloop
endfacet
facet normal -0.0 0.0 1.0
outer loop
vertex 16.649999618530273 -1.6454482078552246 10.600000381469727
vertex 17.207719802856445 -1.684449315071106 10.600000381469727
vertex 17.28470230102539 -1.4514234066009521 10.600000381469727
endloop
endfacet
facet normal 0.9637761949035432 0.26671229093772136 0.0
outer loop
vertex 17.350156784057617 1.2149008512496948 7.150000095367432
vertex 17.28470230102539 1.4514234066009521 7.150000095367432
vertex 17.350156784057617 1.2149008512496948 10.600000381469727
endloop
endfacet
facet normal -0.0 0.0 1.0
outer loop
vertex 16.649999618530273 -1.6454482078552246 10.600000381469727
vertex 17.11939811706543 -1.9134172201156616 10.600000381469727
vertex 17.207719802856445 -1.684449315071106 10.600000381469727
endloop
endfacet
facet normal 0.0 0.0 -1.0
outer loop
vertex 17.28470230102539 -1.4514234066009521 7.150000095367432
vertex 17.28470230102539 1.4514234066009521 7.150000095367432
vertex 17.350156784057617 1.2149008512496948 7.150000095367432
endloop
endfacet
facet normal 0.9329941417365711 -0.3598915551735538 0.0
outer loop
vertex 17.207719802856445 -1.684449315071106 7.150000095367432
vertex 17.207719802856445 -1.684449315071106 10.600000381469727
vertex 17.11939811706543 -1.9134172201156616 10.600000381469727
endloop
endfacet
facet normal 0.0 0.0 -1.0
outer loop
vertex 17.207719802856445 -1.684449315071106 7.150000095367432
vertex 17.28470230102539 1.4514234066009521 7.150000095367432
vertex 17.28470230102539 -1.4514234066009521 7.150000095367432
endloop
endfacet
facet normal 0.9495268015586431 -0.3136859147647742 0.0
outer loop
vertex 17.207719802856445 -1.684449315071106 7.150000095367432
vertex 17.28470230102539 -1.4514234066009521 7.150000095367432
vertex 17.207719802856445 -1.684449315071106 10.600000381469727
endloop
endfacet
facet normal 0.0 0.0 -1.0
outer loop
vertex 19.5 -3.290896415710449 13.300000190734863
vertex 18.29791831970215 -1.202081561088562 13.300000190734863
vertex 18.421531677246094 -1.3141177892684937 13.300000190734863
endloop
endfacet
facet normal 0.8314700607103831 0.5555695619292619 -0.0
outer loop
vertex 18.134546279907227 -1.0126888751983643 13.300000190734863
vertex 18.041860580444336 -0.8739746809005737 13.300000190734863
vertex 18.041860580444336 -0.8739746809005737 16.700000762939453
endloop
endfacet
facet normal 0.8314700607103831 0.5555695619292619 0.0
outer loop
vertex 18.134546279907227 -1.0126888751983643 13.300000190734863
vertex 18.041860580444336 -0.8739746809005737 16.700000762939453
vertex 18.134546279907227 -1.0126888751983643 16.700000762939453
endloop
endfacet
facet normal 0.0 0.0 -1.0
outer loop
vertex 16.649999618530273 -1.6454482078552246 13.300000190734863
vertex 18.29791831970215 -1.202081561088562 13.300000190734863
vertex 19.5 -3.290896415710449 13.300000190734863
endloop
endfacet
facet normal 0.0 0.0 -1.0
outer loop
vertex 16.649999618530273 -1.6454482078552246 13.300000190734863
vertex 18.041860580444336 -0.8739746809005737 13.300000190734863
vertex 18.134546279907227 -1.0126888751983643 13.300000190734863
endloop
endfacet
facet normal 0.7572072934117804 0.6531746434178273 -0.0
outer loop
vertex 18.29791831970215 -1.202081561088562 13.300000190734863
vertex 18.134546279907227 -1.0126888751983643 13.300000190734863
vertex 18.134546279907227 -1.0126888751983643 16.700000762939453
endloop
endfacet
facet normal 0.0 0.0 -1.0
outer loop
vertex 16.649999618530273 -1.6454482078552246 13.300000190734863
vertex 18.134546279907227 -1.0126888751983643 13.300000190734863
vertex 18.29791831970215 -1.202081561088562 13.300000190734863
endloop
endfacet
facet normal 0.0 0.0 -1.0
outer loop
vertex 19.571067810058594 -7.071067810058594 10.699999809265137
vertex 19.5 -3.290896415710449 10.699999809265137
vertex 22.350000381469727 -1.6454482078552246 10.699999809265137
endloop
endfacet
facet normal 0.0 -0.0 1.0
outer loop
vertex 18.055702209472656 -8.314696311950684 16.700000762939453
vertex 18.134546279907227 -1.0126888751983643 16.700000762939453
vertex 18.041860580444336 -0.8739746809005737 16.700000762939453
endloop
endfacet
facet normal 0.0 0.0 -1.0
outer loop
vertex 19.21558952331543 -7.409511089324951 10.699999809265137
vertex 19.5 -3.290896415710449 10.699999809265137
vertex 19.571067810058594 -7.071067810058594 10.699999809265137
endloop
endfacet
facet normal 0.0 -0.0 1.0
outer loop
vertex 18.055702209472656 -8.314696311950684 16.700000762939453
vertex 18.456993103027344 -8.032074928283691 16.700000762939453
vertex 18.134546279907227 -1.0126888751983643 16.700000762939453
endloop
endfacet
facet normal 0.0 -0.0 -1.0
outer loop
vertex 18.84393310546875 -7.730104446411133 10.699999809265137
vertex 19.5 -3.290896415710449 10.699999809265137
vertex 19.21558952331543 -7.409511089324951 10.699999809265137
endloop
endfacet
facet normal 0.5758088035886261 -0.8175843820119333 0.0
outer loop
vertex 18.456993103027344 -8.032074928283691 10.699999809265137
vertex 18.456993103027344 -8.032074928283691 16.700000762939453
vertex 18.055702209472656 -8.314696311950684 16.700000762939453
endloop
endfacet
facet normal 0.0 -0.0 -1.0
outer loop
vertex 18.456993103027344 -8.032074928283691 10.699999809265137
vertex 19.5 -3.290896415710449 10.699999809265137
vertex 18.84393310546875 -7.730104446411133 10.699999809265137
endloop
endfacet
facet normal 0.6152310082991624 -0.7883468820431753 0.0
outer loop
vertex 18.456993103027344 -8.032074928283691 10.699999809265137
vertex 18.84393310546875 -7.730104446411133 10.699999809265137
vertex 18.456993103027344 -8.032074928283691 16.700000762939453
endloop
endfacet
facet normal -0.0 0.0 1.0
outer loop
vertex 18.84393310546875 7.730104446411133 16.700000762939453
vertex 18.698625564575195 1.4992661476135254 16.700000762939453
vertex 18.773157119750977 1.5367817878723145 16.700000762939453
endloop
endfacet
facet normal -0.0 0.0 1.0
outer loop
vertex 18.456993103027344 8.032074928283691 16.700000762939453
vertex 18.4873104095459 1.365452766418457 16.700000762939453
vertex 18.84393310546875 7.730104446411133 16.700000762939453
endloop
endfacet
facet normal -0.0 0.0 0.9999999999999999
outer loop
vertex 18.84393310546875 7.730104446411133 16.700000762939453
vertex 18.4873104095459 1.365452766418457 16.700000762939453
vertex 18.698625564575195 1.4992661476135254 16.700000762939453
endloop
endfacet
facet normal 0.4496075821960708 -0.8932261874977713 0.0
outer loop
vertex 18.698625564575195 1.4992661476135254 13.300000190734863
vertex 18.773157119750977 1.5367817878723145 16.700000762939453
vertex 18.698625564575195 1.4992661476135254 16.700000762939453
endloop
endfacet
facet normal 0.4496075821960708 -0.8932261874977713 0.0
outer loop
vertex 18.698625564575195 1.4992661476135254 13.300000190734863
vertex 18.773157119750977 1.5367817878723145 13.300000190734863
vertex 18.773157119750977 1.5367817878723145 16.700000762939453
endloop
endfacet
facet normal -0.0 0.0 0.9999999999999999
outer loop
vertex 18.456993103027344 8.032074928283691 16.700000762939453
vertex 18.421531677246094 1.3141177892684937 16.700000762939453
vertex 18.4873104095459 1.365452766418457 16.700000762939453
endloop
endfacet
facet normal 0.53499629307027 -0.8448544054457371 0.0
outer loop
vertex 18.4873104095459 1.365452766418457 13.300000190734863
vertex 18.698625564575195 1.4992661476135254 16.700000762939453
vertex 18.4873104095459 1.365452766418457 16.700000762939453
endloop
endfacet
facet normal 0.53499629307027 -0.8448544054457371 0.0
outer loop
vertex 18.4873104095459 1.365452766418457 13.300000190734863
vertex 18.698625564575195 1.4992661476135254 13.300000190734863
vertex 18.698625564575195 1.4992661476135254 16.700000762939453
endloop
endfacet
facet normal 0.0 -0.0 -1.0
outer loop
vertex 16.649999618530273 1.6454482078552246 13.300000190734863
vertex 18.773157119750977 1.5367817878723145 13.300000190734863
vertex 18.698625564575195 1.4992661476135254 13.300000190734863
endloop
endfacet
facet normal -0.0 0.0 0.9999999999999999
outer loop
vertex 18.456993103027344 8.032074928283691 16.700000762939453
vertex 18.29791831970215 1.202081561088562 16.700000762939453
vertex 18.421531677246094 1.3141177892684937 16.700000762939453
endloop
endfacet
facet normal 0.6152371814950127 -0.7883420644022954 0.0
outer loop
vertex 18.421531677246094 1.3141177892684937 13.300000190734863
vertex 18.4873104095459 1.365452766418457 16.700000762939453
vertex 18.421531677246094 1.3141177892684937 16.700000762939453
endloop
endfacet
facet normal 0.6152371814950127 -0.7883420644022954 0.0
outer loop
vertex 18.421531677246094 1.3141177892684937 13.300000190734863
vertex 18.4873104095459 1.365452766418457 13.300000190734863
vertex 18.4873104095459 1.365452766418457 16.700000762939453
endloop
endfacet
facet normal 0.0 -0.0 -1.0
outer loop
vertex 16.649999618530273 1.6454482078552246 13.300000190734863
vertex 18.698625564575195 1.4992661476135254 13.300000190734863
vertex 18.4873104095459 1.365452766418457 13.300000190734863
endloop
endfacet
facet normal -0.0 0.0 1.0
outer loop
vertex 18.456993103027344 8.032074928283691 16.700000762939453
vertex 18.134546279907227 1.0126888751983643 16.700000762939453
vertex 18.29791831970215 1.202081561088562 16.700000762939453
endloop
endfacet
facet normal 0.6715576764189635 -0.7409522840525986 0.0
outer loop
vertex 18.29791831970215 1.202081561088562 13.300000190734863
vertex 18.421531677246094 1.3141177892684937 16.700000762939453
vertex 18.29791831970215 1.202081561088562 16.700000762939453
endloop
endfacet
facet normal 0.6715576764189635 -0.7409522840525986 0.0
outer loop
vertex 18.29791831970215 1.202081561088562 13.300000190734863
vertex 18.421531677246094 1.3141177892684937 13.300000190734863
vertex 18.421531677246094 1.3141177892684937 16.700000762939453
endloop
endfacet
facet normal 0.0 -0.0 -1.0
outer loop
vertex 16.649999618530273 1.6454482078552246 13.300000190734863
vertex 18.4873104095459 1.365452766418457 13.300000190734863
vertex 18.421531677246094 1.3141177892684937 13.300000190734863
endloop
endfacet
facet normal -0.0 0.0 1.0
outer loop
vertex 18.456993103027344 8.032074928283691 16.700000762939453
vertex 18.041860580444336 0.8739746809005737 16.700000762939453
vertex 18.134546279907227 1.0126888751983643 16.700000762939453
endloop
endfacet
facet normal 0.7572072934117804 -0.6531746434178273 0.0
outer loop
vertex 18.134546279907227 1.0126888751983643 13.300000190734863
vertex 18.29791831970215 1.202081561088562 16.700000762939453
vertex 18.134546279907227 1.0126888751983643 16.700000762939453
endloop
endfacet
facet normal 0.7572072934117804 -0.6531746434178273 0.0
outer loop
vertex 18.134546279907227 1.0126888751983643 13.300000190734863
vertex 18.29791831970215 1.202081561088562 13.300000190734863
vertex 18.29791831970215 1.202081561088562 16.700000762939453
endloop
endfacet
facet normal 0.0 -0.0 -0.9999999999999999
outer loop
vertex 16.649999618530273 1.6454482078552246 13.300000190734863
vertex 18.421531677246094 1.3141177892684937 13.300000190734863
vertex 18.29791831970215 1.202081561088562 13.300000190734863
endloop
endfacet
facet normal -0.0 0.0 1.0
outer loop
vertex 18.055702209472656 8.314696311950684 16.700000762939453
vertex 18.041860580444336 0.8739746809005737 16.700000762939453
vertex 18.456993103027344 8.032074928283691 16.700000762939453
endloop
endfacet
facet normal 0.8314700607103831 -0.5555695619292619 0.0
outer loop
vertex 18.041860580444336 0.8739746809005737 13.300000190734863
vertex 18.134546279907227 1.0126888751983643 16.700000762939453
vertex 18.041860580444336 0.8739746809005737 16.700000762939453
endloop
endfacet
facet normal 0.8314700607103831 -0.5555695619292619 0.0
outer loop
vertex 18.041860580444336 0.8739746809005737 13.300000190734863
vertex 18.134546279907227 1.0126888751983643 13.300000190734863
vertex 18.134546279907227 1.0126888751983643 16.700000762939453
endloop
endfacet
facet normal 0.0 -0.0 -1.0
outer loop
vertex 16.649999618530273 1.6454482078552246 13.300000190734863
vertex 18.29791831970215 1.202081561088562 13.300000190734863
vertex 18.134546279907227 1.0126888751983643 13.300000190734863
endloop
endfacet
facet normal -0.0 0.0 1.0
outer loop
vertex 18.055702209472656 8.314696311950684 16.700000762939453
vertex 17.929405212402344 0.6505618095397949 16.700000762939453
vertex 18.041860580444336 0.8739746809005737 16.700000762939453
endloop
endfacet
facet normal 0.8932262616732257 -0.44960743483318194 0.0
outer loop
vertex 17.929405212402344 0.6505618095397949 13.300000190734863
vertex 18.041860580444336 0.8739746809005737 16.700000762939453
vertex 17.929405212402344 0.6505618095397949 16.700000762939453
endloop
endfacet
facet normal 0.8932262616732257 -0.44960743483318194 0.0
outer loop
vertex 17.929405212402344 0.6505618095397949 13.300000190734863
vertex 18.041860580444336 0.8739746809005737 13.300000190734863
vertex 18.041860580444336 0.8739746809005737 16.700000762939453
endloop
endfacet
facet normal 0.0 -0.0 -1.0
outer loop
vertex 16.649999618530273 1.6454482078552246 13.300000190734863
vertex 18.134546279907227 1.0126888751983643 13.300000190734863
vertex 18.041860580444336 0.8739746809005737 13.300000190734863
endloop
endfacet
facet normal -0.0 0.0 0.9999999999999999
outer loop
vertex 18.055702209472656 8.314696311950684 16.700000762939453
vertex 17.899375915527344 0.572712779045105 16.700000762939453
vertex 17.929405212402344 0.6505618095397949 16.700000762939453
endloop
endfacet
facet normal 0.9329943599342688 -0.3598909895104963 0.0
outer loop
vertex 17.899375915527344 0.572712779045105 13.300000190734863
vertex 17.929405212402344 0.6505618095397949 16.700000762939453
vertex 17.899375915527344 0.572712779045105 16.700000762939453
endloop
endfacet
facet normal 0.9329943599342688 -0.3598909895104963 0.0
outer loop
vertex 17.899375915527344 0.572712779045105 13.300000190734863
vertex 17.929405212402344 0.6505618095397949 13.300000190734863
vertex 17.929405212402344 0.6505618095397949 16.700000762939453
endloop
endfacet
facet normal 0.0 -0.0 -1.0
outer loop
vertex 16.649999618530273 1.6454482078552246 13.300000190734863
vertex 18.041860580444336 0.8739746809005737 13.300000190734863
vertex 17.929405212402344 0.6505618095397949 13.300000190734863
endloop
endfacet
facet normal -0.0 0.0 0.9999999999999999
outer loop
vertex 18.055702209472656 8.314696311950684 16.700000762939453
vertex 17.832664489746094 0.33165353536605835 16.700000762939453
vertex 17.899375915527344 0.572712779045105 16.700000762939453
endloop
endfacet
facet normal 0.9637746796619426 -0.26671776626711585 0.0
outer loop
vertex 17.832664489746094 0.33165353536605835 13.300000190734863
vertex 17.899375915527344 0.572712779045105 13.300000190734863
vertex 17.899375915527344 0.572712779045105 16.700000762939453
endloop
endfacet
facet normal 0.0 -0.0 -1.0
outer loop
vertex 16.649999618530273 1.6454482078552246 13.300000190734863
vertex 17.929405212402344 0.6505618095397949 13.300000190734863
vertex 17.899375915527344 0.572712779045105 13.300000190734863
endloop
endfacet
facet normal 0.9637746796619426 -0.26671776626711585 0.0
outer loop
vertex 17.832664489746094 0.33165353536605835 13.300000190734863
vertex 17.899375915527344 0.572712779045105 16.700000762939453
vertex 17.832664489746094 0.33165353536605835 16.700000762939453
endloop
endfacet
facet normal 0.0 -0.0 -1.0
outer loop
vertex 16.649999618530273 1.6454482078552246 13.300000190734863
vertex 17.899375915527344 0.572712779045105 13.300000190734863
vertex 17.832664489746094 0.33165353536605835 13.300000190734863
endloop
endfacet
facet normal 0.9852776998094792 -0.1709615578372569 0.0
outer loop
vertex 17.81839942932129 0.24944180250167847 13.300000190734863
vertex 17.832664489746094 0.33165353536605835 13.300000190734863
vertex 17.832664489746094 0.33165353536605835 16.700000762939453
endloop
endfacet
facet normal 0.0 -0.0 -1.0
outer loop
vertex 16.649999618530273 1.6454482078552246 13.300000190734863
vertex 17.832664489746094 0.33165353536605835 13.300000190734863
vertex 17.81839942932129 0.24944180250167847 13.300000190734863
endloop
endfacet
facet normal 0.9852776998094792 -0.1709615578372569 0.0
outer loop
vertex 17.81839942932129 0.24944180250167847 13.300000190734863
vertex 17.832664489746094 0.33165353536605835 16.700000762939453
vertex 17.81839942932129 0.24944180250167847 16.700000762939453
endloop
endfacet
facet normal 0.0 -0.0 -1.0
outer loop
vertex 16.649999618530273 1.6454482078552246 13.300000190734863
vertex 17.81839942932129 0.24944180250167847 13.300000190734863
vertex 17.799999237060547 0.0 13.300000190734863
endloop
endfacet
facet normal 0.9972903805610606 -0.07356559549391799 0.0
outer loop
vertex 17.799999237060547 0.0 13.300000190734863
vertex 17.81839942932129 0.24944180250167847 13.300000190734863
vertex 17.81839942932129 0.24944180250167847 16.700000762939453
endloop
endfacet
facet normal -0.0 -0.0 -1.0
outer loop
vertex 17.799999237060547 0.0 13.300000190734863
vertex 17.81839942932129 -0.24944180250167847 13.300000190734863
vertex 16.649999618530273 1.6454482078552246 13.300000190734863
endloop
endfacet
facet normal 0.9972903805610606 -0.07356559549391792 -5.099688723274105e-18
outer loop
vertex 17.799999237060547 0.0 13.300000190734863
vertex 17.81839942932129 0.24944180250167847 16.700000762939453
vertex 17.799999237060547 -2.1684043449710089e-16 16.700000762939453
endloop
endfacet
facet normal 0.9972903805610606 0.07356559549391806 0.0
outer loop
vertex 17.81839942932129 -0.24944180250167847 13.300000190734863
vertex 17.799999237060547 -2.1684043449710089e-16 16.700000762939453
vertex 17.81839942932129 -0.24944180250167847 16.700000762939453
endloop
endfacet
facet normal 0.9972903805610606 0.07356559549391799 4.691762648909124e-18
outer loop
vertex 17.799999237060547 0.0 13.300000190734863
vertex 17.799999237060547 -2.1684043449710089e-16 16.700000762939453
vertex 17.81839942932129 -0.24944180250167847 13.300000190734863
endloop
endfacet
facet normal 0.8932262616732257 0.44960743483318194 -0.0
outer loop
vertex 18.041860580444336 -0.8739746809005737 13.300000190734863
vertex 17.929405212402344 -0.6505618095397949 13.300000190734863
vertex 17.929405212402344 -0.6505618095397949 16.700000762939453
endloop
endfacet
facet normal 0.0 0.0 -1.0
outer loop
vertex 16.649999618530273 -1.6454482078552246 13.300000190734863
vertex 17.929405212402344 -0.6505618095397949 13.300000190734863
vertex 18.041860580444336 -0.8739746809005737 13.300000190734863
endloop
endfacet
facet normal 0.0 0.0 -1.0
outer loop
vertex 16.649999618530273 -1.6454482078552246 13.300000190734863
vertex 16.649999618530273 1.6454482078552246 13.300000190734863
vertex 17.899375915527344 -0.572712779045105 13.300000190734863
endloop
endfacet
facet normal 0.9329943599342688 0.3598909895104963 -0.0
outer loop
vertex 17.929405212402344 -0.6505618095397949 13.300000190734863
vertex 17.899375915527344 -0.572712779045105 13.300000190734863
vertex 17.899375915527344 -0.572712779045105 16.700000762939453
endloop
endfacet
facet normal 0.0 0.0 -1.0
outer loop
vertex 16.649999618530273 -1.6454482078552246 13.300000190734863
vertex 17.899375915527344 -0.572712779045105 13.300000190734863
vertex 17.929405212402344 -0.6505618095397949 13.300000190734863
endloop
endfacet
facet normal 0.9852776998094792 0.1709615578372569 0.0
outer loop
vertex 17.832664489746094 -0.33165353536605835 13.300000190734863
vertex 17.81839942932129 -0.24944180250167847 16.700000762939453
vertex 17.832664489746094 -0.33165353536605835 16.700000762939453
endloop
endfacet
facet normal 0.0 0.0 -1.0
outer loop
vertex 17.832664489746094 -0.33165353536605835 13.300000190734863
vertex 16.649999618530273 1.6454482078552246 13.300000190734863
vertex 17.81839942932129 -0.24944180250167847 13.300000190734863
endloop
endfacet
facet normal 0.9852776998094792 0.1709615578372569 -0.0
outer loop
vertex 17.832664489746094 -0.33165353536605835 13.300000190734863
vertex 17.81839942932129 -0.24944180250167847 13.300000190734863
vertex 17.81839942932129 -0.24944180250167847 16.700000762939453
endloop
endfacet
facet normal 0.9637746796619426 0.26671776626711585 0.0
outer loop
vertex 17.899375915527344 -0.572712779045105 13.300000190734863
vertex 17.832664489746094 -0.33165353536605835 16.700000762939453
vertex 17.899375915527344 -0.572712779045105 16.700000762939453
endloop
endfacet
facet normal 0.0 0.0 -1.0
outer loop
vertex 17.899375915527344 -0.572712779045105 13.300000190734863
vertex 16.649999618530273 1.6454482078552246 13.300000190734863
vertex 17.832664489746094 -0.33165353536605835 13.300000190734863
endloop
endfacet
facet normal 0.9637746796619426 0.26671776626711585 -0.0
outer loop
vertex 17.899375915527344 -0.572712779045105 13.300000190734863
vertex 17.832664489746094 -0.33165353536605835 13.300000190734863
vertex 17.832664489746094 -0.33165353536605835 16.700000762939453
endloop
endfacet
facet normal 0.0 0.0 -1.0
outer loop
vertex 16.516036987304688 -2.978496551513672 7.150000095367432
vertex 16.431976318359375 -0.5832536220550537 7.150000095367432
vertex 16.455860137939453 -0.3896181285381317 7.150000095367432
endloop
endfacet
facet normal 0.9924788126532066 -0.12241652843665157 0.0
outer loop
vertex 16.455860137939453 -0.3896181285381317 -8.149999618530273
vertex 16.455860137939453 -0.3896181285381317 7.150000095367432
vertex 16.431976318359375 -0.5832536220550537 7.150000095367432
endloop
endfacet
facet normal 0.9996986563711506 0.024547840021396216 -7.264158895928733e-20
outer loop
vertex 16.475000381469727 1.0842021724855044e-16 -8.149999618530273
vertex 16.470211029052734 0.19504401087760925 -8.149999618530273
vertex 16.475000381469727 1.6263032587282567e-16 7.150000095367432
endloop
endfacet
facet normal 0.9972911177307497 -0.07355560138665007 0.0
outer loop
vertex 16.455860137939453 -0.3896181285381317 -8.149999618530273
vertex 16.470211029052734 -0.19504401087760925 -8.149999618530273
vertex 16.455860137939453 -0.3896181285381317 7.150000095367432
endloop
endfacet
facet normal 0.0 0.0 -1.0
outer loop
vertex 16.470211029052734 -0.19504401087760925 -8.149999618530273
vertex 16.470211029052734 0.19504401087760925 -8.149999618530273
vertex 16.475000381469727 1.0842021724855044e-16 -8.149999618530273
endloop
endfacet
facet normal 0.0 0.0 -1.0
outer loop
vertex 16.455860137939453 -0.3896181285381317 -8.149999618530273
vertex 16.470211029052734 0.19504401087760925 -8.149999618530273
vertex 16.470211029052734 -0.19504401087760925 -8.149999618530273
endloop
endfacet
facet normal 0.0 0.0 -1.0
outer loop
vertex 16.455860137939453 0.3896181285381317 7.150000095367432
vertex 16.431976318359375 0.5832536220550537 7.150000095367432
vertex 16.516036987304688 2.978496551513672 7.150000095367432
endloop
endfacet
facet normal 0.0 0.0 -1.0
outer loop
vertex 16.365053176879883 -3.171966314315796 7.150000095367432
vertex 16.3038387298584 -1.153881549835205 7.150000095367432
vertex 16.35587501525879 -0.9658462405204773 7.150000095367432
endloop
endfacet
facet normal 0.9924788126532066 0.12241652843665157 -0.0
outer loop
vertex 16.431976318359375 0.5832536220550537 -8.149999618530273
vertex 16.431976318359375 0.5832536220550537 7.150000095367432
vertex 16.455860137939453 0.3896181285381317 7.150000095367432
endloop
endfacet
facet normal 0.963776188047054 -0.2667123157139347 0.0
outer loop
vertex 16.35587501525879 -0.9658462405204773 -8.149999618530273
vertex 16.35587501525879 -0.9658462405204773 7.150000095367432
vertex 16.3038387298584 -1.153881549835205 7.150000095367432
endloop
endfacet
facet normal 0.9852771470226491 0.17096474360203381 0.0
outer loop
vertex 16.431976318359375 0.5832536220550537 -8.149999618530273
vertex 16.39862060546875 0.775484025478363 -8.149999618530273
vertex 16.431976318359375 0.5832536220550537 7.150000095367432
endloop
endfacet
facet normal 0.9757039649707591 -0.21909306867251574 0.0
outer loop
vertex 16.35587501525879 -0.9658462405204773 -8.149999618530273
vertex 16.39862060546875 -0.775484025478363 -8.149999618530273
vertex 16.35587501525879 -0.9658462405204773 7.150000095367432
endloop
endfacet
facet normal 0.0 0.0 -1.0
outer loop
vertex 16.39862060546875 -0.775484025478363 -8.149999618530273
vertex 16.39862060546875 0.775484025478363 -8.149999618530273
vertex 16.431976318359375 0.5832536220550537 -8.149999618530273
endloop
endfacet
facet normal 0.0 0.0 -1.0
outer loop
vertex 16.35587501525879 -0.9658462405204773 -8.149999618530273
vertex 16.39862060546875 0.775484025478363 -8.149999618530273
vertex 16.39862060546875 -0.775484025478363 -8.149999618530273
endloop
endfacet
facet normal 0.7242467856575194 0.6895408569945302 -0.0
outer loop
vertex 19.571067810058594 7.071067810058594 10.699999809265137
vertex 19.571067810058594 7.071067810058594 16.700000762939453
vertex 19.90951156616211 6.71558952331543 16.700000762939453
endloop
endfacet
facet normal 0.8175862114353936 0.5758062060022625 -0.0
outer loop
vertex 20.532075881958008 5.956993103027344 10.699999809265137
vertex 20.532075881958008 5.956993103027344 16.700000762939453
vertex 20.814695358276367 5.555702209472656 16.700000762939453
endloop
endfacet
facet normal 0.7242467856575194 0.6895408569945302 0.0
outer loop
vertex 19.90951156616211 6.71558952331543 10.699999809265137
vertex 19.571067810058594 7.071067810058594 10.699999809265137
vertex 19.90951156616211 6.71558952331543 16.700000762939453
endloop
endfacet
facet normal 0.7883455719322074 0.6152326870500958 -0.0
outer loop
vertex 20.230104446411133 6.343932628631592 10.699999809265137
vertex 20.230104446411133 6.343932628631592 16.700000762939453
vertex 20.532075881958008 5.956993103027344 16.700000762939453
endloop
endfacet
facet normal 0.7572094126841729 0.6531721865959158 -0.0
outer loop
vertex 19.90951156616211 6.71558952331543 10.699999809265137
vertex 19.90951156616211 6.71558952331543 16.700000762939453
vertex 20.230104446411133 6.343932628631592 16.700000762939453
endloop
endfacet
facet normal 0.7883455719322074 0.6152326870500958 0.0
outer loop
vertex 20.532075881958008 5.956993103027344 10.699999809265137
vertex 20.230104446411133 6.343932628631592 10.699999809265137
vertex 20.532075881958008 5.956993103027344 16.700000762939453
endloop
endfacet
facet normal -0.0 0.0 -1.0
outer loop
vertex 19.90951156616211 6.71558952331543 10.699999809265137
vertex 19.5 3.290896415710449 10.699999809265137
vertex 19.571067810058594 7.071067810058594 10.699999809265137
endloop
endfacet
facet normal 0.7572094126841729 0.6531721865959158 0.0
outer loop
vertex 19.90951156616211 6.71558952331543 10.699999809265137
vertex 20.230104446411133 6.343932628631592 16.700000762939453
vertex 20.230104446411133 6.343932628631592 10.699999809265137
endloop
endfacet
facet normal -0.0 0.0 -1.0
outer loop
vertex 20.532075881958008 5.956993103027344 10.699999809265137
vertex 19.5 3.290896415710449 10.699999809265137
vertex 20.230104446411133 6.343932628631592 10.699999809265137
endloop
endfacet
facet normal 0.0 -0.0 -1.0
outer loop
vertex 19.90951156616211 6.71558952331543 10.699999809265137
vertex 20.230104446411133 6.343932628631592 10.699999809265137
vertex 19.5 3.290896415710449 10.699999809265137
endloop
endfacet
facet normal 0.9924797036630513 0.12240930445395928 -0.0
outer loop
vertex 22.391765594482422 1.4673047065734863 10.699999809265137
vertex 22.391765594482422 1.4673047065734863 16.700000762939453
vertex 22.451847076416016 0.9801713824272156 16.700000762939453
endloop
endfacet
facet normal 0.9852777793239071 0.17096109958277 0.0
outer loop
vertex 22.391765594482422 1.4673047065734863 10.699999809265137
vertex 22.30785369873047 1.9509031772613525 10.699999809265137
vertex 22.391765594482422 1.4673047065734863 16.700000762939453
endloop
endfacet
facet normal -0.499999936284041 -0.8660254405708617 -0.0
outer loop
vertex 19.5 3.290896415710449 13.300000190734863
vertex 19.5 3.290896415710449 10.699999809265137
vertex 22.350000381469727 1.6454482078552246 13.300000190734863
endloop
endfacet
facet normal 0.0 0.0 -1.0
outer loop
vertex 22.391765594482422 1.4673047065734863 10.699999809265137
vertex 22.350000381469727 1.6454482078552246 10.699999809265137
vertex 22.30785369873047 1.9509031772613525 10.699999809265137
endloop
endfacet
facet normal -0.499999936284041 -0.8660254405708617 0.0
outer loop
vertex 22.350000381469727 1.6454482078552246 13.300000190734863
vertex 19.5 3.290896415710449 10.699999809265137
vertex 22.350000381469727 1.6454482078552246 10.699999809265137
endloop
endfacet
facet normal -0.0 -0.0 -1.0
outer loop
vertex 22.30785369873047 1.9509031772613525 10.699999809265137
vertex 22.350000381469727 1.6454482078552246 10.699999809265137
vertex 19.5 3.290896415710449 10.699999809265137
endloop
endfacet
facet normal 0.534996979417005 0.84485397082258 -0.0
outer loop
vertex 17.641027450561523 8.577285766601562 10.699999809265137
vertex 17.641027450561523 8.577285766601562 16.700000762939453
vertex 18.055702209472656 8.314696311950684 16.700000762939453
endloop
endfacet
facet normal 0.6531732241155535 0.7572085177139076 0.0
outer loop
vertex 19.21558952331543 7.409511089324951 10.699999809265137
vertex 18.84393310546875 7.730104446411133 10.699999809265137
vertex 19.21558952331543 7.409511089324951 16.700000762939453
endloop
endfacet
facet normal 0.6531732241155535 0.7572085177139076 -0.0
outer loop
vertex 19.21558952331543 7.409511089324951 16.700000762939453
vertex 18.84393310546875 7.730104446411133 10.699999809265137
vertex 18.84393310546875 7.730104446411133 16.700000762939453
endloop
endfacet
facet normal 0.534996979417005 0.84485397082258 0.0
outer loop
vertex 17.641027450561523 8.577285766601562 10.699999809265137
vertex 18.055702209472656 8.314696311950684 16.700000762939453
vertex 18.055702209472656 8.314696311950684 10.699999809265137
endloop
endfacet
facet normal 0.6152310082991624 0.7883468820431753 -0.0
outer loop
vertex 18.456993103027344 8.032074928283691 10.699999809265137
vertex 18.456993103027344 8.032074928283691 16.700000762939453
vertex 18.84393310546875 7.730104446411133 16.700000762939453
endloop
endfacet
facet normal 0.5758088035886261 0.8175843820119333 -0.0
outer loop
vertex 18.055702209472656 8.314696311950684 10.699999809265137
vertex 18.055702209472656 8.314696311950684 16.700000762939453
vertex 18.456993103027344 8.032074928283691 16.700000762939453
endloop
endfacet
facet normal -0.0 0.0 -1.0
outer loop
vertex 19.21558952331543 7.409511089324951 10.699999809265137
vertex 17.11832618713379 1.9158360958099365 10.699999809265137
vertex 18.84393310546875 7.730104446411133 10.699999809265137
endloop
endfacet
facet normal 0.6152310082991624 0.7883468820431753 0.0
outer loop
vertex 18.456993103027344 8.032074928283691 10.699999809265137
vertex 18.84393310546875 7.730104446411133 16.700000762939453
vertex 18.84393310546875 7.730104446411133 10.699999809265137
endloop
endfacet
facet normal 0.0 -0.0 -1.0
outer loop
vertex 17.641027450561523 8.577285766601562 10.699999809265137
vertex 18.055702209472656 8.314696311950684 10.699999809265137
vertex 17.11832618713379 1.9158360958099365 10.699999809265137
endloop
endfacet
facet normal 0.5758088035886261 0.8175843820119333 0.0
outer loop
vertex 18.055702209472656 8.314696311950684 10.699999809265137
vertex 18.456993103027344 8.032074928283691 16.700000762939453
vertex 18.456993103027344 8.032074928283691 10.699999809265137
endloop
endfacet
facet normal 0.0 -0.0 -1.0
outer loop
vertex 18.456993103027344 8.032074928283691 10.699999809265137
vertex 18.84393310546875 7.730104446411133 10.699999809265137
vertex 17.11832618713379 1.9158360958099365 10.699999809265137
endloop
endfacet
facet normal 0.0 -0.0 -1.0
outer loop
vertex 18.055702209472656 8.314696311950684 10.699999809265137
vertex 18.456993103027344 8.032074928283691 10.699999809265137
vertex 17.11832618713379 1.9158360958099365 10.699999809265137
endloop
endfacet
facet normal -1.0 0.0 0.0
outer loop
vertex 22.350000381469727 -1.6454482078552246 13.300000190734863
vertex 22.350000381469727 1.6454482078552246 13.300000190734863
vertex 22.350000381469727 1.6454482078552246 10.699999809265137
endloop
endfacet
facet normal -1.0 -0.0 -0.0
outer loop
vertex 22.350000381469727 -1.6454482078552246 13.300000190734863
vertex 22.350000381469727 1.6454482078552246 10.699999809265137
vertex 22.350000381469727 -1.6454482078552246 10.699999809265137
endloop
endfacet
facet normal -0.499999936284041 0.8660254405708617 0.0
outer loop
vertex 19.5 -3.290896415710449 13.300000190734863
vertex 22.350000381469727 -1.6454482078552246 13.300000190734863
vertex 22.350000381469727 -1.6454482078552246 10.699999809265137
endloop
endfacet
facet normal 0.5000000826110096 0.8660253560889184 2.1386249880907798e-07
outer loop
vertex 16.649999618530273 -1.6454482078552246 13.300000190734863
vertex 19.5 -3.290896415710449 10.699999809265137
vertex 17.11832618713379 -1.9158360958099365 10.699999809265137
endloop
endfacet
facet normal -0.499999936284041 0.8660254405708617 0.0
outer loop
vertex 19.5 -3.290896415710449 13.300000190734863
vertex 22.350000381469727 -1.6454482078552246 10.699999809265137
vertex 19.5 -3.290896415710449 10.699999809265137
endloop
endfacet
facet normal 0.499999936284041 0.8660254405708617 0.0
outer loop
vertex 16.649999618530273 -1.6454482078552246 13.300000190734863
vertex 19.5 -3.290896415710449 13.300000190734863
vertex 19.5 -3.290896415710449 10.699999809265137
endloop
endfacet
facet normal 0.0 0.0 1.0
outer loop
vertex 19.90951156616211 6.71558952331543 16.700000762939453
vertex 19.5 1.7000000476837158 16.700000762939453
vertex 19.749441146850586 1.6816000938415527 16.700000762939453
endloop
endfacet
facet normal 0.0 0.0 0.9999999999999999
outer loop
vertex 19.90951156616211 6.71558952331543 16.700000762939453
vertex 19.571067810058594 7.071067810058594 16.700000762939453
vertex 19.5 1.7000000476837158 16.700000762939453
endloop
endfacet
facet normal -0.0735648397507535 -0.997290436308524 0.0
outer loop
vertex 19.5 1.7000000476837158 13.300000190734863
vertex 19.749441146850586 1.6816000938415527 13.300000190734863
vertex 19.749441146850586 1.6816000938415527 16.700000762939453
endloop
endfacet
facet normal -0.0735648397507535 -0.997290436308524 0.0
outer loop
vertex 19.5 1.7000000476837158 13.300000190734863
vertex 19.749441146850586 1.6816000938415527 16.700000762939453
vertex 19.5 1.7000000476837158 16.700000762939453
endloop
endfacet
facet normal -0.0 0.0 0.9999999999999999
outer loop
vertex 19.571067810058594 7.071067810058594 16.700000762939453
vertex 19.250558853149414 1.6816000938415527 16.700000762939453
vertex 19.5 1.7000000476837158 16.700000762939453
endloop
endfacet
facet normal -0.0 0.0 1.0
outer loop
vertex 19.21558952331543 7.409511089324951 16.700000762939453
vertex 19.250558853149414 1.6816000938415527 16.700000762939453
vertex 19.571067810058594 7.071067810058594 16.700000762939453
endloop
endfacet
facet normal 0.0 0.0 1.0
outer loop
vertex 19.21558952331543 7.409511089324951 16.700000762939453
vertex 18.84393310546875 7.730104446411133 16.700000762939453
vertex 18.773157119750977 1.5367817878723145 16.700000762939453
endloop
endfacet
facet normal 0.0 0.0 -1.0
outer loop
vertex 19.5 1.7000000476837158 13.300000190734863
vertex 19.5 3.290896415710449 13.300000190734863
vertex 19.749441146850586 1.6816000938415527 13.300000190734863
endloop
endfacet
facet normal 0.0735648397507535 -0.997290436308524 0.0
outer loop
vertex 19.250558853149414 1.6816000938415527 13.300000190734863
vertex 19.5 1.7000000476837158 13.300000190734863
vertex 19.5 1.7000000476837158 16.700000762939453
endloop
endfacet
facet normal 0.0735648397507535 -0.997290436308524 0.0
outer loop
vertex 19.250558853149414 1.6816000938415527 13.300000190734863
vertex 19.5 1.7000000476837158 16.700000762939453
vertex 19.250558853149414 1.6816000938415527 16.700000762939453
endloop
endfacet
facet normal -0.0 0.0 1.0
outer loop
vertex 19.21558952331543 7.409511089324951 16.700000762939453
vertex 19.006515502929688 1.6267986297607422 16.700000762939453
vertex 19.250558853149414 1.6816000938415527 16.700000762939453
endloop
endfacet
facet normal -0.0 0.0 1.0
outer loop
vertex 19.21558952331543 7.409511089324951 16.700000762939453
vertex 18.773157119750977 1.5367817878723145 16.700000762939453
vertex 19.006515502929688 1.6267986297607422 16.700000762939453
endloop
endfacet
facet normal 0.0 0.0 -1.0
outer loop
vertex 19.250558853149414 1.6816000938415527 13.300000190734863
vertex 19.5 3.290896415710449 13.300000190734863
vertex 19.5 1.7000000476837158 13.300000190734863
endloop
endfacet
facet normal 0.21910008761933053 -0.9757023888487726 0.0
outer loop
vertex 19.006515502929688 1.6267986297607422 13.300000190734863
vertex 19.250558853149414 1.6816000938415527 13.300000190734863
vertex 19.250558853149414 1.6816000938415527 16.700000762939453
endloop
endfacet
facet normal 0.21910008761933053 -0.9757023888487726 0.0
outer loop
vertex 19.006515502929688 1.6267986297607422 13.300000190734863
vertex 19.250558853149414 1.6816000938415527 16.700000762939453
vertex 19.006515502929688 1.6267986297607422 16.700000762939453
endloop
endfacet
facet normal 0.359897056126973 -0.9329920197896326 0.0
outer loop
vertex 18.773157119750977 1.5367817878723145 13.300000190734863
vertex 19.006515502929688 1.6267986297607422 16.700000762939453
vertex 18.773157119750977 1.5367817878723145 16.700000762939453
endloop
endfacet
facet normal 0.0 -0.0 -1.0
outer loop
vertex 19.006515502929688 1.6267986297607422 13.300000190734863
vertex 19.5 3.290896415710449 13.300000190734863
vertex 19.250558853149414 1.6816000938415527 13.300000190734863
endloop
endfacet
facet normal 0.359897056126973 -0.9329920197896326 0.0
outer loop
vertex 18.773157119750977 1.5367817878723145 13.300000190734863
vertex 19.006515502929688 1.6267986297607422 13.300000190734863
vertex 19.006515502929688 1.6267986297607422 16.700000762939453
endloop
endfacet
facet normal 0.0 -0.0 -1.0
outer loop
vertex 18.773157119750977 1.5367817878723145 13.300000190734863
vertex 19.5 3.290896415710449 13.300000190734863
vertex 19.006515502929688 1.6267986297607422 13.300000190734863
endloop
endfacet
facet normal 0.0 -0.0 -1.0
outer loop
vertex 16.649999618530273 1.6454482078552246 13.300000190734863
vertex 19.5 3.290896415710449 13.300000190734863
vertex 18.773157119750977 1.5367817878723145 13.300000190734863
endloop
endfacet
facet normal 0.499999936284041 -0.8660254405708618 0.0
outer loop
vertex 16.649999618530273 1.6454482078552246 10.600000381469727
vertex 19.5 3.290896415710449 13.300000190734863
vertex 16.649999618530273 1.6454482078552246 13.300000190734863
endloop
endfacet
facet normal 1.0 0.0 0.0
outer loop
vertex 16.649999618530273 -1.6454482078552246 10.600000381469727
vertex 16.649999618530273 1.6454482078552246 10.600000381469727
vertex 16.649999618530273 1.6454482078552246 13.300000190734863
endloop
endfacet
facet normal 0.49999919213781857 0.8660258702033841 0.0
outer loop
vertex 16.649999618530273 -1.6454482078552246 10.600000381469727
vertex 17.11832618713379 -1.9158360958099365 10.699999809265137
vertex 17.11832618713379 -1.9158360958099365 10.600000381469727
endloop
endfacet
facet normal 1.0 0.0 -0.0
outer loop
vertex 16.649999618530273 -1.6454482078552246 10.600000381469727
vertex 16.649999618530273 1.6454482078552246 13.300000190734863
vertex 16.649999618530273 -1.6454482078552246 13.300000190734863
endloop
endfacet
facet normal 0.4999991921378186 0.8660258702033841 -0.0
outer loop
vertex 16.649999618530273 -1.6454482078552246 10.600000381469727
vertex 16.649999618530273 -1.6454482078552246 13.300000190734863
vertex 17.11832618713379 -1.9158360958099365 10.699999809265137
endloop
endfacet
facet normal 0.0 -0.0 1.0
outer loop
vertex 16.649999618530273 1.6454482078552246 10.600000381469727
vertex 17.207719802856445 1.684449315071106 10.600000381469727
vertex 17.11939811706543 1.9134172201156616 10.600000381469727
endloop
endfacet
facet normal 0.9329941417365711 0.3598915551735538 -0.0
outer loop
vertex 17.11939811706543 1.9134172201156616 7.150000095367432
vertex 17.11939811706543 1.9134172201156616 10.600000381469727
vertex 17.207719802856445 1.684449315071106 10.600000381469727
endloop
endfacet
facet normal 0.9495268015586431 0.3136859147647742 -0.0
outer loop
vertex 17.207719802856445 1.684449315071106 7.150000095367432
vertex 17.207719802856445 1.684449315071106 10.600000381469727
vertex 17.28470230102539 1.4514234066009521 10.600000381469727
endloop
endfacet
facet normal 0.9495268015586431 0.3136859147647742 0.0
outer loop
vertex 17.28470230102539 1.4514234066009521 7.150000095367432
vertex 17.207719802856445 1.684449315071106 7.150000095367432
vertex 17.28470230102539 1.4514234066009521 10.600000381469727
endloop
endfacet
facet normal 0.9329941417365711 0.3598915551735538 0.0
outer loop
vertex 17.207719802856445 1.684449315071106 7.150000095367432
vertex 17.11939811706543 1.9134172201156616 7.150000095367432
vertex 17.207719802856445 1.684449315071106 10.600000381469727
endloop
endfacet
facet normal -0.0 0.0 1.0
outer loop
vertex 16.649999618530273 -1.6454482078552246 10.600000381469727
vertex 17.11832618713379 -1.9158360958099365 10.600000381469727
vertex 17.11939811706543 -1.9134172201156616 10.600000381469727
endloop
endfacet
facet normal 0.0 0.0 -1.0
outer loop
vertex 17.207719802856445 -1.684449315071106 7.150000095367432
vertex 17.207719802856445 1.684449315071106 7.150000095367432
vertex 17.28470230102539 1.4514234066009521 7.150000095367432
endloop
endfacet
facet normal 0.0 0.0 -1.0
outer loop
vertex 17.11939811706543 -1.9134172201156616 7.150000095367432
vertex 17.11939811706543 1.9134172201156616 7.150000095367432
vertex 17.207719802856445 1.684449315071106 7.150000095367432
endloop
endfacet
facet normal 0.9142495078885005 -0.4051516226372971 0.0
outer loop
vertex 17.11939811706543 -1.9134172201156616 7.150000095367432
vertex 17.11939811706543 -1.9134172201156616 10.600000381469727
vertex 17.11832618713379 -1.9158360958099365 10.600000381469727
endloop
endfacet
facet normal 0.0 0.0 -1.0
outer loop
vertex 17.11939811706543 -1.9134172201156616 7.150000095367432
vertex 17.207719802856445 1.684449315071106 7.150000095367432
vertex 17.207719802856445 -1.684449315071106 7.150000095367432
endloop
endfacet
facet normal 0.9329941417365711 -0.3598915551735538 0.0
outer loop
vertex 17.11939811706543 -1.9134172201156616 7.150000095367432
vertex 17.207719802856445 -1.684449315071106 7.150000095367432
vertex 17.11939811706543 -1.9134172201156616 10.600000381469727
endloop
endfacet
facet normal 0.8932262616732257 0.44960743483318194 0.0
outer loop
vertex 18.041860580444336 -0.8739746809005737 13.300000190734863
vertex 17.929405212402344 -0.6505618095397949 16.700000762939453
vertex 18.041860580444336 -0.8739746809005737 16.700000762939453
endloop
endfacet
facet normal 0.0 0.0 1.0
outer loop
vertex 18.055702209472656 -8.314696311950684 16.700000762939453
vertex 18.041860580444336 -0.8739746809005737 16.700000762939453
vertex 17.929405212402344 -0.6505618095397949 16.700000762939453
endloop
endfacet
facet normal 0.0 -0.0 0.9999999999999999
outer loop
vertex 17.641027450561523 -8.577285766601562 16.700000762939453
vertex 18.055702209472656 -8.314696311950684 16.700000762939453
vertex 17.929405212402344 -0.6505618095397949 16.700000762939453
endloop
endfacet
facet normal 0.534996979417005 -0.84485397082258 0.0
outer loop
vertex 18.055702209472656 -8.314696311950684 10.699999809265137
vertex 18.055702209472656 -8.314696311950684 16.700000762939453
vertex 17.641027450561523 -8.577285766601562 16.700000762939453
endloop
endfacet
facet normal 0.0 -0.0 -0.9999999999999999
outer loop
vertex 18.055702209472656 -8.314696311950684 10.699999809265137
vertex 19.5 -3.290896415710449 10.699999809265137
vertex 18.456993103027344 -8.032074928283691 10.699999809265137
endloop
endfacet
facet normal 0.5758088035886261 -0.8175843820119333 0.0
outer loop
vertex 18.055702209472656 -8.314696311950684 10.699999809265137
vertex 18.456993103027344 -8.032074928283691 10.699999809265137
vertex 18.055702209472656 -8.314696311950684 16.700000762939453
endloop
endfacet
facet normal -0.0 0.0 1.0
outer loop
vertex 17.641027450561523 8.577285766601562 16.700000762939453
vertex 17.832664489746094 0.33165353536605835 16.700000762939453
vertex 18.055702209472656 8.314696311950684 16.700000762939453
endloop
endfacet
facet normal -0.0 0.0 1.0
outer loop
vertex 17.641027450561523 8.577285766601562 16.700000762939453
vertex 17.81839942932129 0.24944180250167847 16.700000762939453
vertex 17.832664489746094 0.33165353536605835 16.700000762939453
endloop
endfacet
facet normal -0.0 0.0 1.0
outer loop
vertex 17.641027450561523 8.577285766601562 16.700000762939453
vertex 17.799999237060547 -2.1684043449710089e-16 16.700000762939453
vertex 17.81839942932129 0.24944180250167847 16.700000762939453
endloop
endfacet
facet normal 0.0 -0.0 1.0
outer loop
vertex 17.641027450561523 -8.577285766601562 16.700000762939453
vertex 17.799999237060547 -2.1684043449710089e-16 16.700000762939453
vertex 17.641027450561523 8.577285766601562 16.700000762939453
endloop
endfacet
facet normal 0.0 -0.0 1.0
outer loop
vertex 17.641027450561523 -8.577285766601562 16.700000762939453
vertex 17.81839942932129 -0.24944180250167847 16.700000762939453
vertex 17.799999237060547 -2.1684043449710089e-16 16.700000762939453
endloop
endfacet
facet normal 0.9329943599342688 0.3598909895104963 0.0
outer loop
vertex 17.929405212402344 -0.6505618095397949 13.300000190734863
vertex 17.899375915527344 -0.572712779045105 16.700000762939453
vertex 17.929405212402344 -0.6505618095397949 16.700000762939453
endloop
endfacet
facet normal 0.0 -0.0 1.0
outer loop
vertex 17.641027450561523 -8.577285766601562 16.700000762939453
vertex 17.832664489746094 -0.33165353536605835 16.700000762939453
vertex 17.81839942932129 -0.24944180250167847 16.700000762939453
endloop
endfacet
facet normal 0.0 -0.0 1.0
outer loop
vertex 17.641027450561523 -8.577285766601562 16.700000762939453
vertex 17.929405212402344 -0.6505618095397949 16.700000762939453
vertex 17.899375915527344 -0.572712779045105 16.700000762939453
endloop
endfacet
facet normal 0.0 -0.0 1.0
outer loop
vertex 17.641027450561523 -8.577285766601562 16.700000762939453
vertex 17.899375915527344 -0.572712779045105 16.700000762939453
vertex 17.832664489746094 -0.33165353536605835 16.700000762939453
endloop
endfacet
facet normal 0.0 0.0 -0.9999999999999999
outer loop
vertex 16.475000381469727 1.6263032587282567e-16 7.150000095367432
vertex 16.470211029052734 0.19504401087760925 7.150000095367432
vertex 16.516036987304688 2.978496551513672 7.150000095367432
endloop
endfacet
facet normal 0.0 0.0 -0.9999999999999999
outer loop
vertex 16.516036987304688 -2.978496551513672 7.150000095367432
vertex 16.475000381469727 1.6263032587282567e-16 7.150000095367432
vertex 16.516036987304688 2.978496551513672 7.150000095367432
endloop
endfacet
facet normal 0.0 0.0 -1.0
outer loop
vertex 16.516036987304688 -2.978496551513672 7.150000095367432
vertex 16.455860137939453 -0.3896181285381317 7.150000095367432
vertex 16.470211029052734 -0.19504401087760925 7.150000095367432
endloop
endfacet
facet normal 0.0 0.0 -0.9999999999999999
outer loop
vertex 16.516036987304688 -2.978496551513672 7.150000095367432
vertex 16.470211029052734 -0.19504401087760925 7.150000095367432
vertex 16.475000381469727 1.6263032587282567e-16 7.150000095367432
endloop
endfacet
facet normal 0.9972911177307497 -0.07355560138665007 0.0
outer loop
vertex 16.470211029052734 -0.19504401087760925 -8.149999618530273
vertex 16.470211029052734 -0.19504401087760925 7.150000095367432
vertex 16.455860137939453 -0.3896181285381317 7.150000095367432
endloop
endfacet
facet normal 0.9996986563711506 -0.024547840021396178 8.697654241407882e-20
outer loop
vertex 16.470211029052734 -0.19504401087760925 7.150000095367432
vertex 16.475000381469727 1.0842021724855044e-16 -8.149999618530273
vertex 16.475000381469727 1.6263032587282567e-16 7.150000095367432
endloop
endfacet
facet normal 0.9996986563711506 -0.024547840021396188 0.0
outer loop
vertex 16.470211029052734 -0.19504401087760925 -8.149999618530273
vertex 16.475000381469727 1.0842021724855044e-16 -8.149999618530273
vertex 16.470211029052734 -0.19504401087760925 7.150000095367432
endloop
endfacet
facet normal 0.0 0.0 -1.0
outer loop
vertex 16.35587501525879 0.9658462405204773 7.150000095367432
vertex 16.3038387298584 1.153881549835205 7.150000095367432
vertex 16.365053176879883 3.171966314315796 7.150000095367432
endloop
endfacet
facet normal 0.0 0.0 -1.0
outer loop
vertex 16.204755783081055 -3.357794761657715 7.150000095367432
vertex 16.09335708618164 -1.6995315551757812 7.150000095367432
vertex 16.172420501708984 -1.5211666822433472 7.150000095367432
endloop
endfacet
facet normal 0.963776188047054 0.2667123157139347 -0.0
outer loop
vertex 16.3038387298584 1.153881549835205 -8.149999618530273
vertex 16.3038387298584 1.153881549835205 7.150000095367432
vertex 16.35587501525879 0.9658462405204773 7.150000095367432
endloop
endfacet
facet normal 0.9142103158567446 -0.40524005031723026 0.0
outer loop
vertex 16.172420501708984 -1.5211666822433472 -8.149999618530273
vertex 16.172420501708984 -1.5211666822433472 7.150000095367432
vertex 16.09335708618164 -1.6995315551757812 7.150000095367432
endloop
endfacet
facet normal 0.949526811950196 0.3136858833095576 0.0
outer loop
vertex 16.242637634277344 1.3391371965408325 -8.149999618530273
vertex 16.3038387298584 1.153881549835205 7.150000095367432
vertex 16.3038387298584 1.153881549835205 -8.149999618530273
endloop
endfacet
facet normal 0.9329917462161892 -0.3598977653340821 0.0
outer loop
vertex 16.172420501708984 -1.5211666822433472 -8.149999618530273
vertex 16.242637634277344 -1.3391371965408325 -8.149999618530273
vertex 16.172420501708984 -1.5211666822433472 7.150000095367432
endloop
endfacet
facet normal 0.0 0.0 -1.0
outer loop
vertex 16.242637634277344 -1.3391371965408325 -8.149999618530273
vertex 16.242637634277344 1.3391371965408325 -8.149999618530273
vertex 16.3038387298584 1.153881549835205 -8.149999618530273
endloop
endfacet
facet normal 0.0 0.0 -1.0
outer loop
vertex 16.172420501708984 -1.5211666822433472 -8.149999618530273
vertex 16.242637634277344 1.3391371965408325 -8.149999618530273
vertex 16.242637634277344 -1.3391371965408325 -8.149999618530273
endloop
endfacet
facet normal 0.0 0.0 -1.0
outer loop
vertex 16.516036987304688 -2.978496551513672 7.150000095367432
vertex 16.39862060546875 -0.775484025478363 7.150000095367432
vertex 16.431976318359375 -0.5832536220550537 7.150000095367432
endloop
endfacet
facet normal 0.9996986563711506 0.024547840021396223 -0.0
outer loop
vertex 16.470211029052734 0.19504401087760925 -8.149999618530273
vertex 16.470211029052734 0.19504401087760925 7.150000095367432
vertex 16.475000381469727 1.6263032587282567e-16 7.150000095367432
endloop
endfacet
facet normal 0.9852771470226491 -0.17096474360203381 0.0
outer loop
vertex 16.431976318359375 -0.5832536220550537 -8.149999618530273
vertex 16.431976318359375 -0.5832536220550537 7.150000095367432
vertex 16.39862060546875 -0.775484025478363 7.150000095367432
endloop
endfacet
facet normal 0.9972911177307497 0.07355560138665007 0.0
outer loop
vertex 16.470211029052734 0.19504401087760925 -8.149999618530273
vertex 16.455860137939453 0.3896181285381317 -8.149999618530273
vertex 16.470211029052734 0.19504401087760925 7.150000095367432
endloop
endfacet
facet normal 0.9924788126532066 -0.12241652843665157 0.0
outer loop
vertex 16.431976318359375 -0.5832536220550537 -8.149999618530273
vertex 16.455860137939453 -0.3896181285381317 -8.149999618530273
vertex 16.431976318359375 -0.5832536220550537 7.150000095367432
endloop
endfacet
facet normal 0.0 0.0 -1.0
outer loop
vertex 16.455860137939453 -0.3896181285381317 -8.149999618530273
vertex 16.455860137939453 0.3896181285381317 -8.149999618530273
vertex 16.470211029052734 0.19504401087760925 -8.149999618530273
endloop
endfacet
facet normal 0.0 0.0 -1.0
outer loop
vertex 16.431976318359375 -0.5832536220550537 -8.149999618530273
vertex 16.455860137939453 0.3896181285381317 -8.149999618530273
vertex 16.455860137939453 -0.3896181285381317 -8.149999618530273
endloop
endfacet
facet normal 0.0 0.0 -1.0
outer loop
vertex 16.470211029052734 0.19504401087760925 7.150000095367432
vertex 16.455860137939453 0.3896181285381317 7.150000095367432
vertex 16.516036987304688 2.978496551513672 7.150000095367432
endloop
endfacet
facet normal 0.0 0.0 -0.9999999999999999
outer loop
vertex 16.365053176879883 -3.171966314315796 7.150000095367432
vertex 16.35587501525879 -0.9658462405204773 7.150000095367432
vertex 16.39862060546875 -0.775484025478363 7.150000095367432
endloop
endfacet
facet normal 0.9972911177307497 0.07355560138665007 -0.0
outer loop
vertex 16.455860137939453 0.3896181285381317 -8.149999618530273
vertex 16.455860137939453 0.3896181285381317 7.150000095367432
vertex 16.470211029052734 0.19504401087760925 7.150000095367432
endloop
endfacet
facet normal 0.9757039649707591 -0.21909306867251574 0.0
outer loop
vertex 16.39862060546875 -0.775484025478363 -8.149999618530273
vertex 16.39862060546875 -0.775484025478363 7.150000095367432
vertex 16.35587501525879 -0.9658462405204773 7.150000095367432
endloop
endfacet
facet normal 0.9924788126532066 0.12241652843665157 0.0
outer loop
vertex 16.455860137939453 0.3896181285381317 -8.149999618530273
vertex 16.431976318359375 0.5832536220550537 -8.149999618530273
vertex 16.455860137939453 0.3896181285381317 7.150000095367432
endloop
endfacet
facet normal 0.9852771470226491 -0.17096474360203381 0.0
outer loop
vertex 16.39862060546875 -0.775484025478363 -8.149999618530273
vertex 16.431976318359375 -0.5832536220550537 -8.149999618530273
vertex 16.39862060546875 -0.775484025478363 7.150000095367432
endloop
endfacet
facet normal 0.0 0.0 -0.9999999999999999
outer loop
vertex 16.431976318359375 -0.5832536220550537 -8.149999618530273
vertex 16.431976318359375 0.5832536220550537 -8.149999618530273
vertex 16.455860137939453 0.3896181285381317 -8.149999618530273
endloop
endfacet
facet normal 0.0 0.0 -0.9999999999999999
outer loop
vertex 16.39862060546875 -0.775484025478363 -8.149999618530273
vertex 16.431976318359375 0.5832536220550537 -8.149999618530273
vertex 16.431976318359375 -0.5832536220550537 -8.149999618530273
endloop
endfacet
facet normal 0.0 0.0 -1.0
outer loop
vertex 16.516036987304688 2.978496551513672 10.699999809265137
vertex 16.365053176879883 3.171966314315796 10.699999809265137
vertex 16.775550842285156 9.03989315032959 10.699999809265137
endloop
endfacet
facet normal 0.7883493414866612 0.6152278567957955 -0.0
outer loop
vertex 16.365053176879883 3.171966314315796 7.150000095367432
vertex 16.365053176879883 3.171966314315796 10.699999809265137
vertex 16.516036987304688 2.978496551513672 10.699999809265137
endloop
endfacet
facet normal 0.7883493414866612 0.6152278567957955 0.0
outer loop
vertex 16.516036987304688 2.978496551513672 7.150000095367432
vertex 16.365053176879883 3.171966314315796 7.150000095367432
vertex 16.516036987304688 2.978496551513672 10.699999809265137
endloop
endfacet
facet normal 0.0 0.0 -1.0
outer loop
vertex 16.39862060546875 0.775484025478363 7.150000095367432
vertex 16.365053176879883 3.171966314315796 7.150000095367432
vertex 16.516036987304688 2.978496551513672 7.150000095367432
endloop
endfacet
facet normal 0.0 0.0 -0.9999999999999999
outer loop
vertex 16.39862060546875 0.775484025478363 7.150000095367432
vertex 16.35587501525879 0.9658462405204773 7.150000095367432
vertex 16.365053176879883 3.171966314315796 7.150000095367432
endloop
endfacet
facet normal 0.0 0.0 -1.0
outer loop
vertex 16.204755783081055 -3.357794761657715 7.150000095367432
vertex 16.172420501708984 -1.5211666822433472 7.150000095367432
vertex 16.242637634277344 -1.3391371965408325 7.150000095367432
endloop
endfacet
facet normal 0.9757039649707591 0.21909306867251574 -0.0
outer loop
vertex 16.35587501525879 0.9658462405204773 -8.149999618530273
vertex 16.35587501525879 0.9658462405204773 7.150000095367432
vertex 16.39862060546875 0.775484025478363 7.150000095367432
endloop
endfacet
facet normal 0.9329917462161892 -0.3598977653340821 0.0
outer loop
vertex 16.242637634277344 -1.3391371965408325 -8.149999618530273
vertex 16.242637634277344 -1.3391371965408325 7.150000095367432
vertex 16.172420501708984 -1.5211666822433472 7.150000095367432
endloop
endfacet
facet normal 0.963776188047054 0.2667123157139347 0.0
outer loop
vertex 16.35587501525879 0.9658462405204773 -8.149999618530273
vertex 16.3038387298584 1.153881549835205 -8.149999618530273
vertex 16.35587501525879 0.9658462405204773 7.150000095367432
endloop
endfacet
facet normal 0.949526811950196 -0.3136858833095576 0.0
outer loop
vertex 16.242637634277344 -1.3391371965408325 -8.149999618530273
vertex 16.3038387298584 -1.153881549835205 -8.149999618530273
vertex 16.242637634277344 -1.3391371965408325 7.150000095367432
endloop
endfacet
facet normal 0.0 0.0 -1.0
outer loop
vertex 16.3038387298584 -1.153881549835205 -8.149999618530273
vertex 16.3038387298584 1.153881549835205 -8.149999618530273
vertex 16.35587501525879 0.9658462405204773 -8.149999618530273
endloop
endfacet
facet normal 0.0 0.0 -1.0
outer loop
vertex 16.242637634277344 -1.3391371965408325 -8.149999618530273
vertex 16.3038387298584 1.153881549835205 -8.149999618530273
vertex 16.3038387298584 -1.153881549835205 -8.149999618530273
endloop
endfacet
facet normal 0.0 0.0 -1.0
outer loop
vertex 16.431976318359375 0.5832536220550537 7.150000095367432
vertex 16.39862060546875 0.775484025478363 7.150000095367432
vertex 16.516036987304688 2.978496551513672 7.150000095367432
endloop
endfacet
facet normal 0.0 0.0 -1.0
outer loop
vertex 16.365053176879883 -3.171966314315796 7.150000095367432
vertex 16.242637634277344 -1.3391371965408325 7.150000095367432
vertex 16.3038387298584 -1.153881549835205 7.150000095367432
endloop
endfacet
facet normal 0.9852771470226491 0.17096474360203381 -0.0
outer loop
vertex 16.39862060546875 0.775484025478363 -8.149999618530273
vertex 16.39862060546875 0.775484025478363 7.150000095367432
vertex 16.431976318359375 0.5832536220550537 7.150000095367432
endloop
endfacet
facet normal 0.949526811950196 -0.3136858833095576 0.0
outer loop
vertex 16.3038387298584 -1.153881549835205 -8.149999618530273
vertex 16.3038387298584 -1.153881549835205 7.150000095367432
vertex 16.242637634277344 -1.3391371965408325 7.150000095367432
endloop
endfacet
facet normal 0.9757039649707591 0.21909306867251574 0.0
outer loop
vertex 16.39862060546875 0.775484025478363 -8.149999618530273
vertex 16.35587501525879 0.9658462405204773 -8.149999618530273
vertex 16.39862060546875 0.775484025478363 7.150000095367432
endloop
endfacet
facet normal 0.963776188047054 -0.2667123157139347 0.0
outer loop
vertex 16.3038387298584 -1.153881549835205 -8.149999618530273
vertex 16.35587501525879 -0.9658462405204773 -8.149999618530273
vertex 16.3038387298584 -1.153881549835205 7.150000095367432
endloop
endfacet
facet normal 0.0 0.0 -1.0
outer loop
vertex 16.35587501525879 -0.9658462405204773 -8.149999618530273
vertex 16.35587501525879 0.9658462405204773 -8.149999618530273
vertex 16.39862060546875 0.775484025478363 -8.149999618530273
endloop
endfacet
facet normal 0.0 0.0 -1.0
outer loop
vertex 16.3038387298584 -1.153881549835205 -8.149999618530273
vertex 16.35587501525879 0.9658462405204773 -8.149999618530273
vertex 16.35587501525879 -0.9658462405204773 -8.149999618530273
endloop
endfacet
facet normal 0.6895403474088936 0.7242472708234546 -0.0
outer loop
vertex 19.21558952331543 7.409511089324951 10.699999809265137
vertex 19.21558952331543 7.409511089324951 16.700000762939453
vertex 19.571067810058594 7.071067810058594 16.700000762939453
endloop
endfacet
facet normal 0.6895403474088936 0.7242472708234546 0.0
outer loop
vertex 19.21558952331543 7.409511089324951 10.699999809265137
vertex 19.571067810058594 7.071067810058594 16.700000762939453
vertex 19.571067810058594 7.071067810058594 10.699999809265137
endloop
endfacet
facet normal 0.0 -0.0 -1.0
outer loop
vertex 19.21558952331543 7.409511089324951 10.699999809265137
vertex 19.571067810058594 7.071067810058594 10.699999809265137
vertex 17.11832618713379 1.9158360958099365 10.699999809265137
endloop
endfacet
facet normal 0.0 0.0 -1.0
outer loop
vertex 19.571067810058594 7.071067810058594 10.699999809265137
vertex 19.5 3.290896415710449 10.699999809265137
vertex 17.11832618713379 1.9158360958099365 10.699999809265137
endloop
endfacet
facet normal 0.5000000826110209 -0.8660253560889382 0.0
outer loop
vertex 19.5 3.290896415710449 13.300000190734863
vertex 17.11832618713379 1.9158360958099365 10.699999809265137
vertex 19.5 3.290896415710449 10.699999809265137
endloop
endfacet
facet normal 0.4928999094302806 0.8700860183244075 0.0
outer loop
vertex 17.21396827697754 8.819212913513184 10.699999809265137
vertex 17.641027450561523 8.577285766601562 16.700000762939453
vertex 17.641027450561523 8.577285766601562 10.699999809265137
endloop
endfacet
facet normal 0.49999897561431805 -0.8660259952119246 1.3520527695084095e-06
outer loop
vertex 16.649999618530273 1.6454482078552246 10.600000381469727
vertex 17.11832618713379 1.9158360958099365 10.699999809265137
vertex 19.5 3.290896415710449 13.300000190734863
endloop
endfacet
facet normal 0.0 -0.0 -1.0
outer loop
vertex 17.21396827697754 8.819212913513184 10.699999809265137
vertex 17.641027450561523 8.577285766601562 10.699999809265137
vertex 17.11832618713379 1.9158360958099365 10.699999809265137
endloop
endfacet
facet normal 0.0 0.0 -1.0
outer loop
vertex 17.019947052001953 2.137775421142578 10.699999809265137
vertex 16.90960693359375 2.3569836616516113 10.699999809265137
vertex 17.21396827697754 8.819212913513184 10.699999809265137
endloop
endfacet
facet normal 0.49999919213781857 -0.8660258702033841 0.0
outer loop
vertex 16.649999618530273 1.6454482078552246 10.600000381469727
vertex 17.11832618713379 1.9158360958099365 10.600000381469727
vertex 17.11832618713379 1.9158360958099365 10.699999809265137
endloop
endfacet
facet normal 0.0 -0.0 -1.0
outer loop
vertex 17.019947052001953 2.137775421142578 10.699999809265137
vertex 17.21396827697754 8.819212913513184 10.699999809265137
vertex 17.11832618713379 1.9158360958099365 10.699999809265137
endloop
endfacet
facet normal 0.0 -0.0 1.0
outer loop
vertex 16.649999618530273 1.6454482078552246 10.600000381469727
vertex 17.11939811706543 1.9134172201156616 10.600000381469727
vertex 17.11832618713379 1.9158360958099365 10.600000381469727
endloop
endfacet
facet normal 0.9142094531190028 0.4052419966240587 0.0
outer loop
vertex 17.019947052001953 2.137775421142578 10.699999809265137
vertex 17.11832618713379 1.9158360958099365 10.699999809265137
vertex 17.11832618713379 1.9158360958099365 10.600000381469727
endloop
endfacet
facet normal 0.9142495078885005 0.4051516226372971 0.0
outer loop
vertex 17.11939811706543 1.9134172201156616 7.150000095367432
vertex 17.11832618713379 1.9158360958099365 10.600000381469727
vertex 17.11939811706543 1.9134172201156616 10.600000381469727
endloop
endfacet
facet normal 0.9142094531190029 0.40524199662405874 -0.0
outer loop
vertex 17.019947052001953 2.137775421142578 7.150000095367432
vertex 17.019947052001953 2.137775421142578 10.699999809265137
vertex 17.11832618713379 1.9158360958099365 10.600000381469727
endloop
endfacet
facet normal 0.9142098849908752 0.40524102233728143 -7.499122024789575e-08
outer loop
vertex 17.019947052001953 2.137775421142578 7.150000095367432
vertex 17.11832618713379 1.9158360958099365 10.600000381469727
vertex 17.11939811706543 1.9134172201156616 7.150000095367432
endloop
endfacet
facet normal 0.0 0.0 -1.0
outer loop
vertex 17.019947052001953 -2.137775421142578 10.699999809265137
vertex 17.11832618713379 -1.9158360958099365 10.699999809265137
vertex 19.5 -3.290896415710449 10.699999809265137
endloop
endfacet
facet normal 0.0 0.0 -1.0
outer loop
vertex 17.019947052001953 -2.137775421142578 7.150000095367432
vertex 17.019947052001953 2.137775421142578 7.150000095367432
vertex 17.11939811706543 1.9134172201156616 7.150000095367432
endloop
endfacet
facet normal 0.9142094531190028 -0.4052419966240587 0.0
outer loop
vertex 17.019947052001953 -2.137775421142578 10.699999809265137
vertex 17.11832618713379 -1.9158360958099365 10.600000381469727
vertex 17.11832618713379 -1.9158360958099365 10.699999809265137
endloop
endfacet
facet normal 0.8932243622536892 -0.44961120835282814 0.0
outer loop
vertex 17.019947052001953 -2.137775421142578 7.150000095367432
vertex 17.019947052001953 -2.137775421142578 10.699999809265137
vertex 16.90960693359375 -2.3569836616516113 10.699999809265137
endloop
endfacet
facet normal 0.0 0.0 -1.0
outer loop
vertex 17.019947052001953 -2.137775421142578 7.150000095367432
vertex 17.11939811706543 1.9134172201156616 7.150000095367432
vertex 17.11939811706543 -1.9134172201156616 7.150000095367432
endloop
endfacet
facet normal 0.9142094404606085 -0.40524202518087343 -7.583245475441624e-08
outer loop
vertex 17.11939811706543 -1.9134172201156616 7.150000095367432
vertex 17.11832618713379 -1.9158360958099365 10.600000381469727
vertex 17.019947052001953 -2.137775421142578 10.699999809265137
endloop
endfacet
facet normal 0.914209884990878 -0.40524102233728265 0.0
outer loop
vertex 17.019947052001953 -2.137775421142578 7.150000095367432
vertex 17.11939811706543 -1.9134172201156616 7.150000095367432
vertex 17.019947052001953 -2.137775421142578 10.699999809265137
endloop
endfacet
facet normal 0.4928999094302806 0.8700860183244075 -0.0
outer loop
vertex 17.21396827697754 8.819212913513184 10.699999809265137
vertex 17.21396827697754 8.819212913513184 16.700000762939453
vertex 17.641027450561523 8.577285766601562 16.700000762939453
endloop
endfacet
facet normal 0.0 -0.0 1.0
outer loop
vertex 17.21396827697754 -8.819212913513184 16.700000762939453
vertex 17.641027450561523 8.577285766601562 16.700000762939453
vertex 17.21396827697754 8.819212913513184 16.700000762939453
endloop
endfacet
facet normal 0.0 0.0 1.0
outer loop
vertex 16.775550842285156 -9.03989315032959 16.700000762939453
vertex 17.21396827697754 -8.819212913513184 16.700000762939453
vertex 17.21396827697754 8.819212913513184 16.700000762939453
endloop
endfacet
facet normal 0.0 -0.0 -1.0
outer loop
vertex 17.641027450561523 -8.577285766601562 10.699999809265137
vertex 19.5 -3.290896415710449 10.699999809265137
vertex 18.055702209472656 -8.314696311950684 10.699999809265137
endloop
endfacet
facet normal 0.534996979417005 -0.84485397082258 0.0
outer loop
vertex 17.641027450561523 -8.577285766601562 10.699999809265137
vertex 18.055702209472656 -8.314696311950684 10.699999809265137
vertex 17.641027450561523 -8.577285766601562 16.700000762939453
endloop
endfacet
facet normal 0.0 0.0 1.0
outer loop
vertex 17.21396827697754 -8.819212913513184 16.700000762939453
vertex 17.641027450561523 -8.577285766601562 16.700000762939453
vertex 17.641027450561523 8.577285766601562 16.700000762939453
endloop
endfacet
facet normal 0.44961042803630114 -0.8932247550314613 0.0
outer loop
vertex 17.21396827697754 -8.819212913513184 10.699999809265137
vertex 17.21396827697754 -8.819212913513184 16.700000762939453
vertex 16.775550842285156 -9.03989315032959 16.700000762939453
endloop
endfacet
facet normal 0.0 -0.0 -1.0
outer loop
vertex 17.21396827697754 -8.819212913513184 10.699999809265137
vertex 19.5 -3.290896415710449 10.699999809265137
vertex 17.641027450561523 -8.577285766601562 10.699999809265137
endloop
endfacet
facet normal 0.4928999094302806 -0.8700860183244075 0.0
outer loop
vertex 17.21396827697754 -8.819212913513184 16.700000762939453
vertex 17.641027450561523 -8.577285766601562 10.699999809265137
vertex 17.641027450561523 -8.577285766601562 16.700000762939453
endloop
endfacet
facet normal 0.4928999094302806 -0.8700860183244075 0.0
outer loop
vertex 17.21396827697754 -8.819212913513184 10.699999809265137
vertex 17.641027450561523 -8.577285766601562 10.699999809265137
vertex 17.21396827697754 -8.819212913513184 16.700000762939453
endloop
endfacet
facet normal 0.0 0.0 -1.0
outer loop
vertex 16.90960693359375 2.3569836616516113 10.699999809265137
vertex 16.78864288330078 2.5705137252807617 10.699999809265137
vertex 17.21396827697754 8.819212913513184 10.699999809265137
endloop
endfacet
facet normal 0.8932243622536892 0.44961120835282814 0.0
outer loop
vertex 17.019947052001953 2.137775421142578 7.150000095367432
vertex 16.90960693359375 2.3569836616516113 7.150000095367432
vertex 17.019947052001953 2.137775421142578 10.699999809265137
endloop
endfacet
facet normal 0.0 0.0 -1.0
outer loop
vertex 16.90960693359375 -2.3569836616516113 7.150000095367432
vertex 17.019947052001953 2.137775421142578 7.150000095367432
vertex 17.019947052001953 -2.137775421142578 7.150000095367432
endloop
endfacet
facet normal 0.870085657091106 0.4929005470927563 -0.0
outer loop
vertex 16.78864288330078 2.5705137252807617 7.150000095367432
vertex 16.78864288330078 2.5705137252807617 10.699999809265137
vertex 16.90960693359375 2.3569836616516113 10.699999809265137
endloop
endfacet
facet normal 0.8932243622536892 0.44961120835282814 -0.0
outer loop
vertex 16.90960693359375 2.3569836616516113 7.150000095367432
vertex 16.90960693359375 2.3569836616516113 10.699999809265137
vertex 17.019947052001953 2.137775421142578 10.699999809265137
endloop
endfacet
facet normal 0.8932243622536892 -0.44961120835282814 0.0
outer loop
vertex 16.90960693359375 -2.3569836616516113 7.150000095367432
vertex 17.019947052001953 -2.137775421142578 7.150000095367432
vertex 16.90960693359375 -2.3569836616516113 10.699999809265137
endloop
endfacet
facet normal 0.0 0.0 -1.0
outer loop
vertex 16.90960693359375 -2.3569836616516113 7.150000095367432
vertex 16.90960693359375 2.3569836616516113 7.150000095367432
vertex 17.019947052001953 2.137775421142578 7.150000095367432
endloop
endfacet
facet normal 0.870085657091106 0.4929005470927563 0.0
outer loop
vertex 16.90960693359375 2.3569836616516113 7.150000095367432
vertex 16.78864288330078 2.5705137252807617 7.150000095367432
vertex 16.90960693359375 2.3569836616516113 10.699999809265137
endloop
endfacet
facet normal 0.870085657091106 -0.4929005470927563 0.0
outer loop
vertex 16.90960693359375 -2.3569836616516113 7.150000095367432
vertex 16.90960693359375 -2.3569836616516113 10.699999809265137
vertex 16.78864288330078 -2.5705137252807617 10.699999809265137
endloop
endfacet
facet normal 0.0 0.0 -1.0
outer loop
vertex 16.78864288330078 -2.5705137252807617 7.150000095367432
vertex 16.90960693359375 2.3569836616516113 7.150000095367432
vertex 16.90960693359375 -2.3569836616516113 7.150000095367432
endloop
endfacet
facet normal 0.0 0.0 -1.0
outer loop
vertex 16.78864288330078 -2.5705137252807617 7.150000095367432
vertex 16.78864288330078 2.5705137252807617 7.150000095367432
vertex 16.90960693359375 2.3569836616516113 7.150000095367432
endloop
endfacet
facet normal 0.870085657091106 -0.4929005470927563 0.0
outer loop
vertex 16.78864288330078 -2.5705137252807617 7.150000095367432
vertex 16.90960693359375 -2.3569836616516113 7.150000095367432
vertex 16.78864288330078 -2.5705137252807617 10.699999809265137
endloop
endfacet
facet normal 0.8175825525884074 -0.5758114011575528 0.0
outer loop
vertex 16.6573486328125 -2.777851104736328 7.150000095367432
vertex 16.6573486328125 -2.777851104736328 10.699999809265137
vertex 16.516036987304688 -2.978496551513672 10.699999809265137
endloop
endfacet
facet normal 0.0 0.0 -1.0
outer loop
vertex 16.6573486328125 -2.777851104736328 7.150000095367432
vertex 16.78864288330078 2.5705137252807617 7.150000095367432
vertex 16.78864288330078 -2.5705137252807617 7.150000095367432
endloop
endfacet
facet normal 0.8448548490500224 -0.5349955925394748 0.0
outer loop
vertex 16.78864288330078 -2.5705137252807617 7.150000095367432
vertex 16.78864288330078 -2.5705137252807617 10.699999809265137
vertex 16.6573486328125 -2.777851104736328 10.699999809265137
endloop
endfacet
facet normal 0.8448548490500224 -0.5349955925394748 0.0
outer loop
vertex 16.6573486328125 -2.777851104736328 7.150000095367432
vertex 16.78864288330078 -2.5705137252807617 7.150000095367432
vertex 16.6573486328125 -2.777851104736328 10.699999809265137
endloop
endfacet
facet normal 0.44961042803630114 0.8932247550314613 0.0
outer loop
vertex 16.775550842285156 9.03989315032959 10.699999809265137
vertex 17.21396827697754 8.819212913513184 16.700000762939453
vertex 17.21396827697754 8.819212913513184 10.699999809265137
endloop
endfacet
facet normal 0.0 0.0 -1.0
outer loop
vertex 16.6573486328125 2.777851104736328 10.699999809265137
vertex 16.775550842285156 9.03989315032959 10.699999809265137
vertex 17.21396827697754 8.819212913513184 10.699999809265137
endloop
endfacet
facet normal 0.0 -0.0 -0.9999999999999999
outer loop
vertex 16.6573486328125 2.777851104736328 10.699999809265137
vertex 17.21396827697754 8.819212913513184 10.699999809265137
vertex 16.78864288330078 2.5705137252807617 10.699999809265137
endloop
endfacet
facet normal 0.0 -0.0 -1.0
outer loop
vertex 16.516036987304688 2.978496551513672 10.699999809265137
vertex 16.775550842285156 9.03989315032959 10.699999809265137
vertex 16.6573486328125 2.777851104736328 10.699999809265137
endloop
endfacet
facet normal 0.8448548490500224 0.5349955925394748 -0.0
outer loop
vertex 16.6573486328125 2.777851104736328 7.150000095367432
vertex 16.6573486328125 2.777851104736328 10.699999809265137
vertex 16.78864288330078 2.5705137252807617 10.699999809265137
endloop
endfacet
facet normal 0.8175825525884074 0.5758114011575528 -0.0
outer loop
vertex 16.516036987304688 2.978496551513672 7.150000095367432
vertex 16.516036987304688 2.978496551513672 10.699999809265137
vertex 16.6573486328125 2.777851104736328 10.699999809265137
endloop
endfacet
facet normal 0.8448548490500224 0.5349955925394748 0.0
outer loop
vertex 16.6573486328125 2.777851104736328 7.150000095367432
vertex 16.78864288330078 2.5705137252807617 10.699999809265137
vertex 16.78864288330078 2.5705137252807617 7.150000095367432
endloop
endfacet
facet normal 0.8175825525884074 0.5758114011575528 0.0
outer loop
vertex 16.516036987304688 2.978496551513672 7.150000095367432
vertex 16.6573486328125 2.777851104736328 10.699999809265137
vertex 16.6573486328125 2.777851104736328 7.150000095367432
endloop
endfacet
facet normal 0.0 0.0 -1.0
outer loop
vertex 16.6573486328125 -2.777851104736328 7.150000095367432
vertex 16.6573486328125 2.777851104736328 7.150000095367432
vertex 16.78864288330078 2.5705137252807617 7.150000095367432
endloop
endfacet
facet normal 0.0 0.0 -0.9999999999999999
outer loop
vertex 16.516036987304688 -2.978496551513672 7.150000095367432
vertex 16.516036987304688 2.978496551513672 7.150000095367432
vertex 16.6573486328125 2.777851104736328 7.150000095367432
endloop
endfacet
facet normal 0.7883493414866612 -0.6152278567957955 0.0
outer loop
vertex 16.516036987304688 -2.978496551513672 7.150000095367432
vertex 16.516036987304688 -2.978496551513672 10.699999809265137
vertex 16.365053176879883 -3.171966314315796 10.699999809265137
endloop
endfacet
facet normal 0.0 0.0 -1.0
outer loop
vertex 16.516036987304688 -2.978496551513672 7.150000095367432
vertex 16.6573486328125 2.777851104736328 7.150000095367432
vertex 16.6573486328125 -2.777851104736328 7.150000095367432
endloop
endfacet
facet normal 0.8175825525884074 -0.5758114011575528 0.0
outer loop
vertex 16.516036987304688 -2.978496551513672 7.150000095367432
vertex 16.6573486328125 -2.777851104736328 7.150000095367432
vertex 16.516036987304688 -2.978496551513672 10.699999809265137
endloop
endfacet
facet normal 0.4052404824611705 0.9142101243011027 0.0
outer loop
vertex 16.326833724975586 9.238795280456543 10.699999809265137
vertex 16.775550842285156 9.03989315032959 16.700000762939453
vertex 16.775550842285156 9.03989315032959 10.699999809265137
endloop
endfacet
facet normal 0.0 0.0 -1.0
outer loop
vertex 16.204755783081055 3.357794761657715 10.699999809265137
vertex 16.326833724975586 9.238795280456543 10.699999809265137
vertex 16.775550842285156 9.03989315032959 10.699999809265137
endloop
endfacet
facet normal 0.0 -0.0 -1.0
outer loop
vertex 16.204755783081055 3.357794761657715 10.699999809265137
vertex 16.775550842285156 9.03989315032959 10.699999809265137
vertex 16.365053176879883 3.171966314315796 10.699999809265137
endloop
endfacet
facet normal 0.7572074907114575 0.6531744146937002 -0.0
outer loop
vertex 16.204755783081055 3.357794761657715 7.150000095367432
vertex 16.204755783081055 3.357794761657715 10.699999809265137
vertex 16.365053176879883 3.171966314315796 10.699999809265137
endloop
endfacet
facet normal 0.7572074907114575 0.6531744146937002 0.0
outer loop
vertex 16.204755783081055 3.357794761657715 7.150000095367432
vertex 16.365053176879883 3.171966314315796 10.699999809265137
vertex 16.365053176879883 3.171966314315796 7.150000095367432
endloop
endfacet
facet normal 0.0 0.0 -0.9999999999999999
outer loop
vertex 16.242637634277344 1.3391371965408325 7.150000095367432
vertex 16.204755783081055 3.357794761657715 7.150000095367432
vertex 16.365053176879883 3.171966314315796 7.150000095367432
endloop
endfacet
facet normal 0.0 -0.0 -1.0
outer loop
vertex 16.242637634277344 1.3391371965408325 7.150000095367432
vertex 16.365053176879883 3.171966314315796 7.150000095367432
vertex 16.3038387298584 1.153881549835205 7.150000095367432
endloop
endfacet
facet normal 0.0 0.0 -1.0
outer loop
vertex 16.204755783081055 -3.357794761657715 7.150000095367432
vertex 16.00563621520996 -1.8738020658493042 7.150000095367432
vertex 16.09335708618164 -1.6995315551757812 7.150000095367432
endloop
endfacet
facet normal 0.949526811950196 0.3136858833095576 -0.0
outer loop
vertex 16.242637634277344 1.3391371965408325 -8.149999618530273
vertex 16.242637634277344 1.3391371965408325 7.150000095367432
vertex 16.3038387298584 1.153881549835205 7.150000095367432
endloop
endfacet
facet normal 0.8932233387253821 -0.449613241749263 0.0
outer loop
vertex 16.09335708618164 -1.6995315551757812 -8.149999618530273
vertex 16.09335708618164 -1.6995315551757812 7.150000095367432
vertex 16.00563621520996 -1.8738020658493042 7.150000095367432
endloop
endfacet
facet normal 0.9329917462161892 0.3598977653340821 0.0
outer loop
vertex 16.242637634277344 1.3391371965408325 -8.149999618530273
vertex 16.172420501708984 1.5211666822433472 -8.149999618530273
vertex 16.242637634277344 1.3391371965408325 7.150000095367432
endloop
endfacet
facet normal 0.9142103158567446 -0.40524005031723026 0.0
outer loop
vertex 16.09335708618164 -1.6995315551757812 -8.149999618530273
vertex 16.172420501708984 -1.5211666822433472 -8.149999618530273
vertex 16.09335708618164 -1.6995315551757812 7.150000095367432
endloop
endfacet
facet normal 0.0 0.0 -1.0
outer loop
vertex 16.172420501708984 -1.5211666822433472 -8.149999618530273
vertex 16.172420501708984 1.5211666822433472 -8.149999618530273
vertex 16.242637634277344 1.3391371965408325 -8.149999618530273
endloop
endfacet
facet normal 0.0 0.0 -0.9999999999999999
outer loop
vertex 16.09335708618164 -1.6995315551757812 -8.149999618530273
vertex 16.172420501708984 1.5211666822433472 -8.149999618530273
vertex 16.172420501708984 -1.5211666822433472 -8.149999618530273
endloop
endfacet
facet normal 0.0 0.0 -1.0
outer loop
vertex 16.365053176879883 -3.171966314315796 7.150000095367432
vertex 16.39862060546875 -0.775484025478363 7.150000095367432
vertex 16.516036987304688 -2.978496551513672 7.150000095367432
endloop
endfacet
facet normal 0.7883493414866612 -0.6152278567957955 0.0
outer loop
vertex 16.365053176879883 -3.171966314315796 7.150000095367432
vertex 16.516036987304688 -2.978496551513672 7.150000095367432
vertex 16.365053176879883 -3.171966314315796 10.699999809265137
endloop
endfacet
facet normal 0.7572074907114575 -0.6531744146937002 0.0
outer loop
vertex 16.365053176879883 -3.171966314315796 7.150000095367432
vertex 16.365053176879883 -3.171966314315796 10.699999809265137
vertex 16.204755783081055 -3.357794761657715 10.699999809265137
endloop
endfacet
facet normal 0.7572074907114575 -0.6531744146937002 0.0
outer loop
vertex 16.204755783081055 -3.357794761657715 7.150000095367432
vertex 16.365053176879883 -3.171966314315796 7.150000095367432
vertex 16.204755783081055 -3.357794761657715 10.699999809265137
endloop
endfacet
facet normal 0.0 0.0 -0.9999999999999999
outer loop
vertex 16.204755783081055 -3.357794761657715 7.150000095367432
vertex 16.242637634277344 -1.3391371965408325 7.150000095367432
vertex 16.365053176879883 -3.171966314315796 7.150000095367432
endloop
endfacet
facet normal 0.7242467856575193 -0.68954085699453 0.0
outer loop
vertex 16.204755783081055 -3.357794761657715 7.150000095367432
vertex 16.204755783081055 -3.357794761657715 10.699999809265137
vertex 16.035533905029297 -3.535533905029297 10.699999809265137
endloop
endfacet
facet normal 0.6895422880762034 -0.7242454231506293 0.0
outer loop
vertex 16.035533905029297 -3.535533905029297 7.150000095367432
vertex 16.035533905029297 -3.535533905029297 10.699999809265137
vertex 15.857795715332031 -3.7047555446624756 10.699999809265137
endloop
endfacet
facet normal 0.7242467856575193 -0.68954085699453 0.0
outer loop
vertex 16.035533905029297 -3.535533905029297 7.150000095367432
vertex 16.204755783081055 -3.357794761657715 7.150000095367432
vertex 16.035533905029297 -3.535533905029297 10.699999809265137
endloop
endfacet
facet normal 0.0 0.0 -1.0
outer loop
vertex 16.035533905029297 -3.535533905029297 7.150000095367432
vertex 16.00563621520996 -1.8738020658493042 7.150000095367432
vertex 16.204755783081055 -3.357794761657715 7.150000095367432
endloop
endfacet
facet normal 0.44961042803630114 0.8932247550314613 -0.0
outer loop
vertex 16.775550842285156 9.03989315032959 10.699999809265137
vertex 16.775550842285156 9.03989315032959 16.700000762939453
vertex 17.21396827697754 8.819212913513184 16.700000762939453
endloop
endfacet
facet normal 0.4052404824611705 0.9142101243011027 -0.0
outer loop
vertex 16.326833724975586 9.238795280456543 10.699999809265137
vertex 16.326833724975586 9.238795280456543 16.700000762939453
vertex 16.775550842285156 9.03989315032959 16.700000762939453
endloop
endfacet
facet normal 0.0 -0.0 1.0
outer loop
vertex 16.775550842285156 -9.03989315032959 16.700000762939453
vertex 17.21396827697754 8.819212913513184 16.700000762939453
vertex 16.775550842285156 9.03989315032959 16.700000762939453
endloop
endfacet
facet normal 0.0 -0.0 1.0
outer loop
vertex 16.326833724975586 -9.238795280456543 16.700000762939453
vertex 16.775550842285156 9.03989315032959 16.700000762939453
vertex 16.326833724975586 9.238795280456543 16.700000762939453
endloop
endfacet
facet normal 0.0 0.0 1.0
outer loop
vertex 16.326833724975586 -9.238795280456543 16.700000762939453
vertex 16.775550842285156 -9.03989315032959 16.700000762939453
vertex 16.775550842285156 9.03989315032959 16.700000762939453
endloop
endfacet
facet normal 0.0 0.0 -1.0
outer loop
vertex 17.21396827697754 -8.819212913513184 10.699999809265137
vertex 17.019947052001953 -2.137775421142578 10.699999809265137
vertex 19.5 -3.290896415710449 10.699999809265137
endloop
endfacet
facet normal 0.0 0.0 -1.0
outer loop
vertex 16.775550842285156 -9.03989315032959 10.699999809265137
vertex 16.90960693359375 -2.3569836616516113 10.699999809265137
vertex 17.019947052001953 -2.137775421142578 10.699999809265137
endloop
endfacet
facet normal 0.4052404824611705 -0.9142101243011027 0.0
outer loop
vertex 16.775550842285156 -9.03989315032959 10.699999809265137
vertex 16.775550842285156 -9.03989315032959 16.700000762939453
vertex 16.326833724975586 -9.238795280456543 16.700000762939453
endloop
endfacet
facet normal 0.0 0.0 -1.0
outer loop
vertex 16.775550842285156 -9.03989315032959 10.699999809265137
vertex 17.019947052001953 -2.137775421142578 10.699999809265137
vertex 17.21396827697754 -8.819212913513184 10.699999809265137
endloop
endfacet
facet normal 0.44961042803630114 -0.8932247550314613 0.0
outer loop
vertex 16.775550842285156 -9.03989315032959 10.699999809265137
vertex 17.21396827697754 -8.819212913513184 10.699999809265137
vertex 16.775550842285156 -9.03989315032959 16.700000762939453
endloop
endfacet
facet normal 0.35989526406737155 0.9329927110657816 -0.0
outer loop
vertex 15.868898391723633 9.415440559387207 10.699999809265137
vertex 15.868898391723633 9.415440559387207 16.700000762939453
vertex 16.326833724975586 9.238795280456543 16.700000762939453
endloop
endfacet
facet normal 0.0 0.0 -1.0
outer loop
vertex 16.775550842285156 -9.03989315032959 10.699999809265137
vertex 16.78864288330078 -2.5705137252807617 10.699999809265137
vertex 16.90960693359375 -2.3569836616516113 10.699999809265137
endloop
endfacet
facet normal 0.0 -0.0 1.0
outer loop
vertex 15.868898391723633 -9.415440559387207 16.700000762939453
vertex 16.326833724975586 9.238795280456543 16.700000762939453
vertex 15.868898391723633 9.415440559387207 16.700000762939453
endloop
endfacet
facet normal 0.0 0.0 -1.0
outer loop
vertex 16.775550842285156 -9.03989315032959 10.699999809265137
vertex 16.6573486328125 -2.777851104736328 10.699999809265137
vertex 16.78864288330078 -2.5705137252807617 10.699999809265137
endloop
endfacet
facet normal 0.0 0.0 1.0
outer loop
vertex 15.868898391723633 -9.415440559387207 16.700000762939453
vertex 16.326833724975586 -9.238795280456543 16.700000762939453
vertex 16.326833724975586 9.238795280456543 16.700000762939453
endloop
endfacet
facet normal 0.0 0.0 -1.0
outer loop
vertex 16.775550842285156 -9.03989315032959 10.699999809265137
vertex 16.516036987304688 -2.978496551513672 10.699999809265137
vertex 16.6573486328125 -2.777851104736328 10.699999809265137
endloop
endfacet
facet normal 0.0 0.0 -1.0
outer loop
vertex 16.326833724975586 -9.238795280456543 10.699999809265137
vertex 16.365053176879883 -3.171966314315796 10.699999809265137
vertex 16.516036987304688 -2.978496551513672 10.699999809265137
endloop
endfacet
facet normal 0.35989526406737155 -0.9329927110657816 0.0
outer loop
vertex 16.326833724975586 -9.238795280456543 10.699999809265137
vertex 16.326833724975586 -9.238795280456543 16.700000762939453
vertex 15.868898391723633 -9.415440559387207 16.700000762939453
endloop
endfacet
facet normal 0.0 0.0 -1.0
outer loop
vertex 16.326833724975586 -9.238795280456543 10.699999809265137
vertex 16.516036987304688 -2.978496551513672 10.699999809265137
vertex 16.775550842285156 -9.03989315032959 10.699999809265137
endloop
endfacet
facet normal 0.4052404824611705 -0.9142101243011027 0.0
outer loop
vertex 16.326833724975586 -9.238795280456543 10.699999809265137
vertex 16.775550842285156 -9.03989315032959 10.699999809265137
vertex 16.326833724975586 -9.238795280456543 16.700000762939453
endloop
endfacet
facet normal 0.0 0.0 -1.0
outer loop
vertex 16.204755783081055 3.357794761657715 10.699999809265137
vertex 16.035533905029297 3.535533905029297 10.699999809265137
vertex 16.326833724975586 9.238795280456543 10.699999809265137
endloop
endfacet
facet normal 0.7242467856575193 0.68954085699453 -0.0
outer loop
vertex 16.035533905029297 3.535533905029297 7.150000095367432
vertex 16.035533905029297 3.535533905029297 10.699999809265137
vertex 16.204755783081055 3.357794761657715 10.699999809265137
endloop
endfacet
facet normal 0.7242467856575193 0.68954085699453 0.0
outer loop
vertex 16.204755783081055 3.357794761657715 7.150000095367432
vertex 16.035533905029297 3.535533905029297 7.150000095367432
vertex 16.204755783081055 3.357794761657715 10.699999809265137
endloop
endfacet
facet normal 0.0 0.0 -1.0
outer loop
vertex 16.09335708618164 1.6995315551757812 7.150000095367432
vertex 16.035533905029297 3.535533905029297 7.150000095367432
vertex 16.204755783081055 3.357794761657715 7.150000095367432
endloop
endfacet
facet normal 0.0 0.0 -1.0
outer loop
vertex 16.172420501708984 1.5211666822433472 7.150000095367432
vertex 16.09335708618164 1.6995315551757812 7.150000095367432
vertex 16.204755783081055 3.357794761657715 7.150000095367432
endloop
endfacet
facet normal 0.0 0.0 -1.0
outer loop
vertex 16.242637634277344 1.3391371965408325 7.150000095367432
vertex 16.172420501708984 1.5211666822433472 7.150000095367432
vertex 16.204755783081055 3.357794761657715 7.150000095367432
endloop
endfacet
facet normal 0.0 0.0 -1.0
outer loop
vertex 16.035533905029297 -3.535533905029297 7.150000095367432
vertex 15.909470558166504 -2.043558359146118 7.150000095367432
vertex 16.00563621520996 -1.8738020658493042 7.150000095367432
endloop
endfacet
facet normal 0.9142103158567446 0.40524005031723026 -0.0
outer loop
vertex 16.09335708618164 1.6995315551757812 -8.149999618530273
vertex 16.09335708618164 1.6995315551757812 7.150000095367432
vertex 16.172420501708984 1.5211666822433472 7.150000095367432
endloop
endfacet
facet normal 0.9329917462161892 0.3598977653340821 -0.0
outer loop
vertex 16.172420501708984 1.5211666822433472 -8.149999618530273
vertex 16.172420501708984 1.5211666822433472 7.150000095367432
vertex 16.242637634277344 1.3391371965408325 7.150000095367432
endloop
endfacet
facet normal 0.8700872005450946 -0.492897822522681 0.0
outer loop
vertex 16.00563621520996 -1.8738020658493042 -8.149999618530273
vertex 16.00563621520996 -1.8738020658493042 7.150000095367432
vertex 15.909470558166504 -2.043558359146118 7.150000095367432
endloop
endfacet
facet normal 0.9142103158567446 0.40524005031723026 0.0
outer loop
vertex 16.172420501708984 1.5211666822433472 -8.149999618530273
vertex 16.09335708618164 1.6995315551757812 -8.149999618530273
vertex 16.172420501708984 1.5211666822433472 7.150000095367432
endloop
endfacet
facet normal 0.8932233387253821 -0.449613241749263 0.0
outer loop
vertex 16.00563621520996 -1.8738020658493042 -8.149999618530273
vertex 16.09335708618164 -1.6995315551757812 -8.149999618530273
vertex 16.00563621520996 -1.8738020658493042 7.150000095367432
endloop
endfacet
facet normal 0.0 0.0 -1.0
outer loop
vertex 16.09335708618164 -1.6995315551757812 -8.149999618530273
vertex 16.09335708618164 1.6995315551757812 -8.149999618530273
vertex 16.172420501708984 1.5211666822433472 -8.149999618530273
endloop
endfacet
facet normal 0.0 0.0 -1.0
outer loop
vertex 16.00563621520996 -1.8738020658493042 -8.149999618530273
vertex 16.09335708618164 1.6995315551757812 -8.149999618530273
vertex 16.09335708618164 -1.6995315551757812 -8.149999618530273
endloop
endfacet
facet normal -0.0 0.0 1.0
outer loop
vertex 12.5 -3.709103584289551 10.600000381469727
vertex 12.99008560180664 -4.975923538208008 10.600000381469727
vertex 13.233652114868164 -4.945882320404053 10.600000381469727
endloop
endfacet
facet normal -0.0 0.0 0.9999999999999999
outer loop
vertex 12.5 -3.709103584289551 10.600000381469727
vertex 12.745338439941406 -4.993977069854736 10.600000381469727
vertex 12.99008560180664 -4.975923538208008 10.600000381469727
endloop
endfacet
facet normal -0.0 0.0 1.0
outer loop
vertex 12.5 -3.709103584289551 10.600000381469727
vertex 12.5 -5.0 10.600000381469727
vertex 12.745338439941406 -4.993977069854736 10.600000381469727
endloop
endfacet
facet normal 0.07356414367639032 -0.9972904876540031 0.0
outer loop
vertex 12.99008560180664 -4.975923538208008 7.150000095367432
vertex 12.99008560180664 -4.975923538208008 10.600000381469727
vertex 12.745338439941406 -4.993977069854736 10.600000381469727
endloop
endfacet
facet normal 0.024542081650990883 -0.9996987977527212 0.0
outer loop
vertex 12.745338439941406 -4.993977069854736 7.150000095367432
vertex 12.745338439941406 -4.993977069854736 10.600000381469727
vertex 12.5 -5.0 10.600000381469727
endloop
endfacet
facet normal 0.07356414367639032 -0.9972904876540031 0.0
outer loop
vertex 12.745338439941406 -4.993977069854736 7.150000095367432
vertex 12.99008560180664 -4.975923538208008 7.150000095367432
vertex 12.745338439941406 -4.993977069854736 10.600000381469727
endloop
endfacet
facet normal 0.0 0.0 -1.0
outer loop
vertex 12.745338439941406 -4.993977069854736 7.150000095367432
vertex 12.5 -3.9749996662139893 7.150000095367432
vertex 12.695043563842773 -3.9702117443084717 7.150000095367432
endloop
endfacet
facet normal 0.0 0.0 -1.0
outer loop
vertex 12.745338439941406 -4.993977069854736 7.150000095367432
vertex 12.695043563842773 -3.9702117443084717 7.150000095367432
vertex 12.99008560180664 -4.975923538208008 7.150000095367432
endloop
endfacet
facet normal 0.0 0.0 1.0
outer loop
vertex 12.5 -3.709103584289551 10.600000381469727
vertex 12.254661560058594 -4.993977069854736 10.600000381469727
vertex 12.5 -5.0 10.600000381469727
endloop
endfacet
facet normal 0.0 0.0 0.9999999999999999
outer loop
vertex 12.5 -3.709103584289551 10.600000381469727
vertex 12.00991439819336 -4.975923538208008 10.600000381469727
vertex 12.254661560058594 -4.993977069854736 10.600000381469727
endloop
endfacet
facet normal -0.024542081650990883 -0.9996987977527212 0.0
outer loop
vertex 12.5 -5.0 7.150000095367432
vertex 12.5 -5.0 10.600000381469727
vertex 12.254661560058594 -4.993977069854736 10.600000381469727
endloop
endfacet
facet normal -0.07356414367639032 -0.9972904876540031 0.0
outer loop
vertex 12.254661560058594 -4.993977069854736 7.150000095367432
vertex 12.254661560058594 -4.993977069854736 10.600000381469727
vertex 12.00991439819336 -4.975923538208008 10.600000381469727
endloop
endfacet
facet normal 0.024542081650990883 -0.9996987977527212 0.0
outer loop
vertex 12.5 -5.0 7.150000095367432
vertex 12.745338439941406 -4.993977069854736 7.150000095367432
vertex 12.5 -5.0 10.600000381469727
endloop
endfacet
facet normal -0.024542081650990883 -0.9996987977527212 0.0
outer loop
vertex 12.254661560058594 -4.993977069854736 7.150000095367432
vertex 12.5 -5.0 7.150000095367432
vertex 12.254661560058594 -4.993977069854736 10.600000381469727
endloop
endfacet
facet normal 0.0 0.0 -1.0
outer loop
vertex 12.254661560058594 -4.993977069854736 7.150000095367432
vertex 12.304956436157227 -3.9702117443084717 7.150000095367432
vertex 12.5 -3.9749996662139893 7.150000095367432
endloop
endfacet
facet normal 0.0 0.0 -1.0
outer loop
vertex 12.5 -5.0 7.150000095367432
vertex 12.5 -3.9749996662139893 7.150000095367432
vertex 12.745338439941406 -4.993977069854736 7.150000095367432
endloop
endfacet
facet normal 0.0 0.0 -1.0
outer loop
vertex 12.254661560058594 -4.993977069854736 7.150000095367432
vertex 12.5 -3.9749996662139893 7.150000095367432
vertex 12.5 -5.0 7.150000095367432
endloop
endfacet
facet normal 0.0 0.0 1.0
outer loop
vertex 12.5 -3.709103584289551 10.600000381469727
vertex 11.766347885131836 -4.945882320404053 10.600000381469727
vertex 12.00991439819336 -4.975923538208008 10.600000381469727
endloop
endfacet
facet normal -0.12241129211184755 -0.9924794585095995 0.0
outer loop
vertex 12.00991439819336 -4.975923538208008 7.150000095367432
vertex 12.00991439819336 -4.975923538208008 10.600000381469727
vertex 11.766347885131836 -4.945882320404053 10.600000381469727
endloop
endfacet
facet normal -0.07356414367639032 -0.9972904876540031 0.0
outer loop
vertex 12.00991439819336 -4.975923538208008 7.150000095367432
vertex 12.254661560058594 -4.993977069854736 7.150000095367432
vertex 12.00991439819336 -4.975923538208008 10.600000381469727
endloop
endfacet
facet normal 0.0 0.0 -1.0
outer loop
vertex 12.254661560058594 -4.993977069854736 7.150000095367432
vertex 12.110382080078125 -3.9558591842651367 7.150000095367432
vertex 12.304956436157227 -3.9702117443084717 7.150000095367432
endloop
endfacet
facet normal 0.0 0.0 -1.0
outer loop
vertex 12.00991439819336 -4.975923538208008 7.150000095367432
vertex 12.110382080078125 -3.9558591842651367 7.150000095367432
vertex 12.254661560058594 -4.993977069854736 7.150000095367432
endloop
endfacet
facet normal 0.0 0.0 1.0
outer loop
vertex 12.5 -3.709103584289551 10.600000381469727
vertex 11.524548530578613 -4.903926372528076 10.600000381469727
vertex 11.766347885131836 -4.945882320404053 10.600000381469727
endloop
endfacet
facet normal 0.0 0.0 -1.0
outer loop
vertex 12.00991439819336 -4.975923538208008 7.150000095367432
vertex 11.916746139526367 -3.931976318359375 7.150000095367432
vertex 12.110382080078125 -3.9558591842651367 7.150000095367432
endloop
endfacet
facet normal -0.1709610177608529 -0.9852777935212859 0.0
outer loop
vertex 11.766347885131836 -4.945882320404053 7.150000095367432
vertex 11.766347885131836 -4.945882320404053 10.600000381469727
vertex 11.524548530578613 -4.903926372528076 10.600000381469727
endloop
endfacet
facet normal 0.0 0.0 -1.0
outer loop
vertex 11.766347885131836 -4.945882320404053 7.150000095367432
vertex 11.916746139526367 -3.931976318359375 7.150000095367432
vertex 12.00991439819336 -4.975923538208008 7.150000095367432
endloop
endfacet
facet normal -0.12241129211184755 -0.9924794585095995 0.0
outer loop
vertex 11.766347885131836 -4.945882320404053 7.150000095367432
vertex 12.00991439819336 -4.975923538208008 7.150000095367432
vertex 11.766347885131836 -4.945882320404053 10.600000381469727
endloop
endfacet
facet normal 0.0 0.0 1.0
outer loop
vertex 12.5 -3.709103584289551 10.600000381469727
vertex 11.285099029541016 -4.850156307220459 10.600000381469727
vertex 11.524548530578613 -4.903926372528076 10.600000381469727
endloop
endfacet
facet normal -0.21910078143584538 -0.9757022330476659 0.0
outer loop
vertex 11.524548530578613 -4.903926372528076 7.150000095367432
vertex 11.524548530578613 -4.903926372528076 10.600000381469727
vertex 11.285099029541016 -4.850156307220459 10.600000381469727
endloop
endfacet
facet normal -0.1709610177608529 -0.9852777935212859 0.0
outer loop
vertex 11.524548530578613 -4.903926372528076 7.150000095367432
vertex 11.766347885131836 -4.945882320404053 7.150000095367432
vertex 11.524548530578613 -4.903926372528076 10.600000381469727
endloop
endfacet
facet normal 0.0 0.0 -1.0
outer loop
vertex 11.524548530578613 -4.903926372528076 7.150000095367432
vertex 11.534153938293457 -3.8558743000030518 7.150000095367432
vertex 11.724515914916992 -3.8986215591430664 7.150000095367432
endloop
endfacet
facet normal 0.0 0.0 -1.0
outer loop
vertex 11.766347885131836 -4.945882320404053 7.150000095367432
vertex 11.724515914916992 -3.8986215591430664 7.150000095367432
vertex 11.916746139526367 -3.931976318359375 7.150000095367432
endloop
endfacet
facet normal 0.0 0.0 -1.0
outer loop
vertex 11.524548530578613 -4.903926372528076 7.150000095367432
vertex 11.724515914916992 -3.8986215591430664 7.150000095367432
vertex 11.766347885131836 -4.945882320404053 7.150000095367432
endloop
endfacet
facet normal -0.8175839730115126 0.575809384323241 0.0
outer loop
vertex 13.958138465881348 -7.873974800109863 13.300000190734863
vertex 13.814117431640625 -8.078468322753906 16.700000762939453
vertex 13.958138465881348 -7.873974800109863 16.700000762939453
endloop
endfacet
facet normal -0.7572117046896303 0.6531695295105431 0.0
outer loop
vertex 13.814117431640625 -8.078468322753906 13.300000190734863
vertex 13.75961685180664 -8.141650199890137 16.700000762939453
vertex 13.814117431640625 -8.078468322753906 16.700000762939453
endloop
endfacet
facet normal 0.0 0.0 1.0
outer loop
vertex 13.967305183410645 -9.891764640808105 16.700000762939453
vertex 13.958138465881348 -7.873974800109863 16.700000762939453
vertex 13.814117431640625 -8.078468322753906 16.700000762939453
endloop
endfacet
facet normal 0.0 0.0 0.9999999999999999
outer loop
vertex 13.967305183410645 -9.891764640808105 16.700000762939453
vertex 13.814117431640625 -8.078468322753906 16.700000762939453
vertex 13.75961685180664 -8.141650199890137 16.700000762939453
endloop
endfacet
facet normal -0.4496110511696694 0.8932244413729984 0.0
outer loop
vertex 13.373974800109863 -8.458138465881348 13.300000190734863
vertex 13.150562286376953 -8.570594787597656 16.700000762939453
vertex 13.373974800109863 -8.458138465881348 16.700000762939453
endloop
endfacet
facet normal -0.575809384323241 0.8175839730115126 0.0
outer loop
vertex 13.578468322753906 -8.314117431640625 13.300000190734863
vertex 13.373974800109863 -8.458138465881348 16.700000762939453
vertex 13.578468322753906 -8.314117431640625 16.700000762939453
endloop
endfacet
facet normal 0.0 0.0 1.0
outer loop
vertex 13.967305183410645 -9.891764640808105 16.700000762939453
vertex 13.75961685180664 -8.141650199890137 16.700000762939453
vertex 13.578468322753906 -8.314117431640625 16.700000762939453
endloop
endfacet
facet normal 0.0 0.0 1.0
outer loop
vertex 13.480171203613281 -9.951847076416016 16.700000762939453
vertex 13.373974800109863 -8.458138465881348 16.700000762939453
vertex 13.150562286376953 -8.570594787597656 16.700000762939453
endloop
endfacet
facet normal 0.12241105605520976 -0.9924794876245294 0.0
outer loop
vertex 13.967305183410645 -9.891764640808105 10.699999809265137
vertex 13.967305183410645 -9.891764640808105 16.700000762939453
vertex 13.480171203613281 -9.951847076416016 16.700000762939453
endloop
endfacet
facet normal 0.0 0.0 1.0
outer loop
vertex 13.967305183410645 -9.891764640808105 16.700000762939453
vertex 13.578468322753906 -8.314117431640625 16.700000762939453
vertex 13.373974800109863 -8.458138465881348 16.700000762939453
endloop
endfacet
facet normal 0.0 -0.0 1.0
outer loop
vertex 13.480171203613281 -9.951847076416016 16.700000762939453
vertex 13.967305183410645 -9.891764640808105 16.700000762939453
vertex 13.373974800109863 -8.458138465881348 16.700000762939453
endloop
endfacet
facet normal 0.0 0.0 1.0
outer loop
vertex 15.350000381469727 -1.6454482078552246 16.700000762939453
vertex 13.999266624450684 -6.198625564575195 16.700000762939453
vertex 14.070594787597656 -6.349438190460205 16.700000762939453
endloop
endfacet
facet normal -0.9039913704545943 -0.4275507012549789 0.0
outer loop
vertex 13.999266624450684 -6.198625564575195 13.300000190734863
vertex 14.070594787597656 -6.349438190460205 16.700000762939453
vertex 13.999266624450684 -6.198625564575195 16.700000762939453
endloop
endfacet
facet normal -0.8700841129365686 -0.49290327287956254 0.0
outer loop
vertex 13.958138465881348 -6.126025199890137 13.300000190734863
vertex 13.999266624450684 -6.198625564575195 13.300000190734863
vertex 13.999266624450684 -6.198625564575195 16.700000762939453
endloop
endfacet
facet normal -0.8700841129365686 -0.49290327287956254 0.0
outer loop
vertex 13.958138465881348 -6.126025199890137 13.300000190734863
vertex 13.999266624450684 -6.198625564575195 16.700000762939453
vertex 13.958138465881348 -6.126025199890137 16.700000762939453
endloop
endfacet
facet normal 0.0 -0.0 -1.0
outer loop
vertex 13.958138465881348 -6.126025199890137 13.300000190734863
vertex 15.350000381469727 -5.354551792144775 13.300000190734863
vertex 13.999266624450684 -6.198625564575195 13.300000190734863
endloop
endfacet
facet normal -0.8175846051021626 -0.5758084868252127 0.0
outer loop
vertex 13.958138465881348 -6.126025199890137 13.300000190734863
vertex 13.958138465881348 -6.126025199890137 16.700000762939453
vertex 13.814117431640625 -5.9215312004089355 13.300000190734863
endloop
endfacet
facet normal 0.0 -0.0 -1.0
outer loop
vertex 13.702081680297852 -5.797918319702148 13.300000190734863
vertex 15.350000381469727 -5.354551792144775 13.300000190734863
vertex 13.814117431640625 -5.9215312004089355 13.300000190734863
endloop
endfacet
facet normal 0.0 0.0 -0.9999999999999999
outer loop
vertex 13.958138465881348 -6.126025199890137 13.300000190734863
vertex 13.814117431640625 -5.9215312004089355 13.300000190734863
vertex 15.350000381469727 -5.354551792144775 13.300000190734863
endloop
endfacet
facet normal 0.0 0.0 1.0
outer loop
vertex 12.5 -3.709103584289551 10.600000381469727
vertex 11.048576354980469 -4.784701824188232 10.600000381469727
vertex 11.285099029541016 -4.850156307220459 10.600000381469727
endloop
endfacet
facet normal 0.0 0.0 1.0
outer loop
vertex 12.5 -3.709103584289551 10.600000381469727
vertex 10.815550804138184 -4.7077202796936035 10.600000381469727
vertex 11.048576354980469 -4.784701824188232 10.600000381469727
endloop
endfacet
facet normal -0.2667121660750098 -0.9637762294576352 0.0
outer loop
vertex 11.285099029541016 -4.850156307220459 7.150000095367432
vertex 11.285099029541016 -4.850156307220459 10.600000381469727
vertex 11.048576354980469 -4.784701824188232 10.600000381469727
endloop
endfacet
facet normal -0.31368284517746076 -0.9495278156227827 0.0
outer loop
vertex 11.048576354980469 -4.784701824188232 7.150000095367432
vertex 11.048576354980469 -4.784701824188232 10.600000381469727
vertex 10.815550804138184 -4.7077202796936035 10.600000381469727
endloop
endfacet
facet normal -0.2667121660750098 -0.9637762294576352 0.0
outer loop
vertex 11.048576354980469 -4.784701824188232 7.150000095367432
vertex 11.285099029541016 -4.850156307220459 7.150000095367432
vertex 11.048576354980469 -4.784701824188232 10.600000381469727
endloop
endfacet
facet normal 0.0 0.0 -1.0
outer loop
vertex 11.048576354980469 -4.784701824188232 7.150000095367432
vertex 11.160862922668457 -3.7426376342773438 7.150000095367432
vertex 11.285099029541016 -4.850156307220459 7.150000095367432
endloop
endfacet
facet normal 0.0 0.0 1.0
outer loop
vertex 12.5 -3.290896415710449 16.700000762939453
vertex 12.749442100524902 -5.318399906158447 16.700000762939453
vertex 12.913065910339355 -5.35094690322876 16.700000762939453
endloop
endfacet
facet normal 0.0 0.0 -1.0
outer loop
vertex 13.150562286376953 -5.4294047355651855 13.300000190734863
vertex 12.5 -3.709103584289551 13.300000190734863
vertex 13.373974800109863 -5.541861534118652 13.300000190734863
endloop
endfacet
facet normal -0.19509146195825744 -0.9807850536539541 0.0
outer loop
vertex 12.913065910339355 -5.35094690322876 13.300000190734863
vertex 12.913065910339355 -5.35094690322876 16.700000762939453
vertex 12.749442100524902 -5.318399906158447 16.700000762939453
endloop
endfacet
facet normal 0.0 0.0 -0.9999999999999999
outer loop
vertex 12.913065910339355 -5.35094690322876 13.300000190734863
vertex 12.5 -3.709103584289551 13.300000190734863
vertex 13.150562286376953 -5.4294047355651855 13.300000190734863
endloop
endfacet
facet normal -0.313680397340047 -0.9495286242786947 0.0
outer loop
vertex 12.913065910339355 -5.35094690322876 13.300000190734863
vertex 13.150562286376953 -5.4294047355651855 13.300000190734863
vertex 12.913065910339355 -5.35094690322876 16.700000762939453
endloop
endfacet
facet normal 0.0 0.0 0.9999999999999999
outer loop
vertex 12.5 -3.290896415710449 16.700000762939453
vertex 12.913065910339355 -5.35094690322876 16.700000762939453
vertex 13.150562286376953 -5.4294047355651855 16.700000762939453
endloop
endfacet
facet normal 0.0 0.0 1.0
outer loop
vertex 12.5 -3.290896415710449 16.700000762939453
vertex 13.150562286376953 -5.4294047355651855 16.700000762939453
vertex 13.373974800109863 -5.541861534118652 16.700000762939453
endloop
endfacet
facet normal -0.313680397340047 -0.9495286242786947 0.0
outer loop
vertex 13.150562286376953 -5.4294047355651855 13.300000190734863
vertex 13.150562286376953 -5.4294047355651855 16.700000762939453
vertex 12.913065910339355 -5.35094690322876 16.700000762939453
endloop
endfacet
facet normal -0.4496125722208663 -0.8932236757391377 0.0
outer loop
vertex 13.373974800109863 -5.541861534118652 13.300000190734863
vertex 13.373974800109863 -5.541861534118652 16.700000762939453
vertex 13.150562286376953 -5.4294047355651855 16.700000762939453
endloop
endfacet
facet normal -0.4496125722208663 -0.8932236757391377 0.0
outer loop
vertex 13.150562286376953 -5.4294047355651855 13.300000190734863
vertex 13.373974800109863 -5.541861534118652 13.300000190734863
vertex 13.150562286376953 -5.4294047355651855 16.700000762939453
endloop
endfacet
facet normal 0.0 0.0 1.0
outer loop
vertex 12.5 -3.290896415710449 16.700000762939453
vertex 12.583415031433105 -5.3020477294921875 16.700000762939453
vertex 12.749442100524902 -5.318399906158447 16.700000762939453
endloop
endfacet
facet normal -0.09801677010495938 -0.9951847631360679 0.0
outer loop
vertex 12.749442100524902 -5.318399906158447 13.300000190734863
vertex 12.749442100524902 -5.318399906158447 16.700000762939453
vertex 12.583415031433105 -5.3020477294921875 16.700000762939453
endloop
endfacet
facet normal 0.0 0.0 -1.0
outer loop
vertex 12.749442100524902 -5.318399906158447 13.300000190734863
vertex 12.5 -3.709103584289551 13.300000190734863
vertex 12.913065910339355 -5.35094690322876 13.300000190734863
endloop
endfacet
facet normal -0.19509146195825744 -0.9807850536539541 0.0
outer loop
vertex 12.749442100524902 -5.318399906158447 13.300000190734863
vertex 12.913065910339355 -5.35094690322876 13.300000190734863
vertex 12.749442100524902 -5.318399906158447 16.700000762939453
endloop
endfacet
facet normal 0.0 0.0 1.0
outer loop
vertex 15.350000381469727 -1.6454482078552246 16.700000762939453
vertex 14.149053573608398 -6.586933612823486 16.700000762939453
vertex 14.181599617004395 -6.750558376312256 16.700000762939453
endloop
endfacet
facet normal -0.9972903766920163 0.07356564794451628 0.0
outer loop
vertex 14.199999809265137 -7.0 13.300000190734863
vertex 14.181599617004395 -7.249441623687744 16.700000762939453
vertex 14.199999809265137 -7.0 16.700000762939453
endloop
endfacet
facet normal -0.9807863650024319 0.19508486928851274 0.0
outer loop
vertex 14.181599617004395 -7.249441623687744 13.300000190734863
vertex 14.149053573608398 -7.413066387176514 16.700000762939453
vertex 14.181599617004395 -7.249441623687744 16.700000762939453
endloop
endfacet
facet normal 0.0 0.0 1.0
outer loop
vertex 15.350000381469727 -1.6454482078552246 16.700000762939453
vertex 14.181599617004395 -6.750558376312256 16.700000762939453
vertex 14.199999809265137 -7.0 16.700000762939453
endloop
endfacet
facet normal 0.0 0.0 1.0
outer loop
vertex 14.450902938842773 -9.807852745056152 16.700000762939453
vertex 14.199999809265137 -7.0 16.700000762939453
vertex 14.181599617004395 -7.249441623687744 16.700000762939453
endloop
endfacet
facet normal -0.9495271134404216 0.3136849706975147 0.0
outer loop
vertex 14.149053573608398 -7.413066387176514 13.300000190734863
vertex 14.070594787597656 -7.650561809539795 16.700000762939453
vertex 14.149053573608398 -7.413066387176514 16.700000762939453
endloop
endfacet
facet normal 0.0 0.0 1.0
outer loop
vertex 14.450902938842773 -9.807852745056152 16.700000762939453
vertex 14.181599617004395 -7.249441623687744 16.700000762939453
vertex 14.149053573608398 -7.413066387176514 16.700000762939453
endloop
endfacet
facet normal 0.0 -0.0 1.0
outer loop
vertex 14.450902938842773 -9.807852745056152 16.700000762939453
vertex 15.350000381469727 -1.6454482078552246 16.700000762939453
vertex 14.199999809265137 -7.0 16.700000762939453
endloop
endfacet
facet normal -0.9039913704545943 0.4275507012549789 0.0
outer loop
vertex 14.070594787597656 -7.650561809539795 13.300000190734863
vertex 13.999266624450684 -7.801374435424805 16.700000762939453
vertex 14.070594787597656 -7.650561809539795 16.700000762939453
endloop
endfacet
facet normal 0.0 0.0 1.0
outer loop
vertex 14.450902938842773 -9.807852745056152 16.700000762939453
vertex 14.149053573608398 -7.413066387176514 16.700000762939453
vertex 14.070594787597656 -7.650561809539795 16.700000762939453
endloop
endfacet
facet normal -0.8700841129365686 0.49290327287956254 0.0
outer loop
vertex 13.999266624450684 -7.801374435424805 13.300000190734863
vertex 13.958138465881348 -7.873974800109863 16.700000762939453
vertex 13.999266624450684 -7.801374435424805 16.700000762939453
endloop
endfacet
facet normal 0.0 0.0 -1.0
outer loop
vertex 15.402846336364746 -9.569403648376465 10.699999809265137
vertex 15.350000381469727 -5.354551792144775 10.699999809265137
vertex 15.478496551513672 -4.016037464141846 10.699999809265137
endloop
endfacet
facet normal 0.0 0.0 1.0
outer loop
vertex 14.450902938842773 -9.807852745056152 16.700000762939453
vertex 14.929801940917969 -9.700312614440918 16.700000762939453
vertex 15.350000381469727 -1.6454482078552246 16.700000762939453
endloop
endfacet
facet normal 0.0 0.0 1.0
outer loop
vertex 14.450902938842773 -9.807852745056152 16.700000762939453
vertex 14.070594787597656 -7.650561809539795 16.700000762939453
vertex 13.999266624450684 -7.801374435424805 16.700000762939453
endloop
endfacet
facet normal 0.0 -0.0 0.9999999999999999
outer loop
vertex 13.967305183410645 -9.891764640808105 16.700000762939453
vertex 13.999266624450684 -7.801374435424805 16.700000762939453
vertex 13.958138465881348 -7.873974800109863 16.700000762939453
endloop
endfacet
facet normal 0.0 0.0 -1.0
outer loop
vertex 15.402846336364746 -9.569403648376465 10.699999809265137
vertex 15.350000381469727 -8.645448684692383 10.699999809265137
vertex 15.350000381469727 -5.354551792144775 10.699999809265137
endloop
endfacet
facet normal 0.26671266552653045 -0.9637760912409755 0.0
outer loop
vertex 14.929801940917969 -9.700312614440918 10.699999809265137
vertex 15.402846336364746 -9.569403648376465 10.699999809265137
vertex 14.929801940917969 -9.700312614440918 16.700000762939453
endloop
endfacet
facet normal 0.21910078143584544 -0.975702233047666 0.0
outer loop
vertex 14.929801940917969 -9.700312614440918 10.699999809265137
vertex 14.929801940917969 -9.700312614440918 16.700000762939453
vertex 14.450902938842773 -9.807852745056152 16.700000762939453
endloop
endfacet
facet normal 0.0 -0.0 1.0
outer loop
vertex 13.967305183410645 -9.891764640808105 16.700000762939453
vertex 14.450902938842773 -9.807852745056152 16.700000762939453
vertex 13.999266624450684 -7.801374435424805 16.700000762939453
endloop
endfacet
facet normal 0.0 0.0 -1.0
outer loop
vertex 14.929801940917969 -9.700312614440918 10.699999809265137
vertex 15.350000381469727 -8.645448684692383 10.699999809265137
vertex 15.402846336364746 -9.569403648376465 10.699999809265137
endloop
endfacet
facet normal 0.21910078143584544 -0.975702233047666 0.0
outer loop
vertex 14.450902938842773 -9.807852745056152 10.699999809265137
vertex 14.929801940917969 -9.700312614440918 10.699999809265137
vertex 14.450902938842773 -9.807852745056152 16.700000762939453
endloop
endfacet
facet normal 0.1709613450489843 -0.9852777367316498 0.0
outer loop
vertex 14.450902938842773 -9.807852745056152 10.699999809265137
vertex 14.450902938842773 -9.807852745056152 16.700000762939453
vertex 13.967305183410645 -9.891764640808105 16.700000762939453
endloop
endfacet
facet normal 0.0 -0.0 -1.0
outer loop
vertex 14.450902938842773 -9.807852745056152 10.699999809265137
vertex 15.350000381469727 -8.645448684692383 10.699999809265137
vertex 14.929801940917969 -9.700312614440918 10.699999809265137
endloop
endfacet
facet normal 0.1709613450489843 -0.9852777367316498 0.0
outer loop
vertex 13.967305183410645 -9.891764640808105 10.699999809265137
vertex 14.450902938842773 -9.807852745056152 10.699999809265137
vertex 13.967305183410645 -9.891764640808105 16.700000762939453
endloop
endfacet
facet normal 0.0 -0.0 -1.0
outer loop
vertex 13.967305183410645 -9.891764640808105 10.699999809265137
vertex 15.350000381469727 -8.645448684692383 10.699999809265137
vertex 14.450902938842773 -9.807852745056152 10.699999809265137
endloop
endfacet
facet normal 0.0 -0.0 -1.0
outer loop
vertex 13.480171203613281 -9.951847076416016 10.699999809265137
vertex 15.350000381469727 -8.645448684692383 10.699999809265137
vertex 13.967305183410645 -9.891764640808105 10.699999809265137
endloop
endfacet
facet normal 0.12241105605520976 -0.9924794876245294 0.0
outer loop
vertex 13.480171203613281 -9.951847076416016 10.699999809265137
vertex 13.967305183410645 -9.891764640808105 10.699999809265137
vertex 13.480171203613281 -9.951847076416016 16.700000762939453
endloop
endfacet
facet normal 0.31368226645286285 0.9495280068081168 -0.0
outer loop
vertex 15.402846336364746 9.569403648376465 10.699999809265137
vertex 15.402846336364746 9.569403648376465 16.700000762939453
vertex 15.868898391723633 9.415440559387207 16.700000762939453
endloop
endfacet
facet normal 0.0 -0.0 1.0
outer loop
vertex 15.402846336364746 -9.569403648376465 16.700000762939453
vertex 15.868898391723633 9.415440559387207 16.700000762939453
vertex 15.402846336364746 9.569403648376465 16.700000762939453
endloop
endfacet
facet normal 0.0 0.0 -1.0
outer loop
vertex 16.326833724975586 -9.238795280456543 10.699999809265137
vertex 16.204755783081055 -3.357794761657715 10.699999809265137
vertex 16.365053176879883 -3.171966314315796 10.699999809265137
endloop
endfacet
facet normal 0.0 0.0 1.0
outer loop
vertex 15.402846336364746 -9.569403648376465 16.700000762939453
vertex 15.868898391723633 -9.415440559387207 16.700000762939453
vertex 15.868898391723633 9.415440559387207 16.700000762939453
endloop
endfacet
facet normal 0.0 0.0 -1.0
outer loop
vertex 16.326833724975586 -9.238795280456543 10.699999809265137
vertex 16.035533905029297 -3.535533905029297 10.699999809265137
vertex 16.204755783081055 -3.357794761657715 10.699999809265137
endloop
endfacet
facet normal 0.0 0.0 -1.0
outer loop
vertex 15.868898391723633 -9.415440559387207 10.699999809265137
vertex 15.857795715332031 -3.7047555446624756 10.699999809265137
vertex 16.035533905029297 -3.535533905029297 10.699999809265137
endloop
endfacet
facet normal 0.31368226645286285 -0.9495280068081168 0.0
outer loop
vertex 15.868898391723633 -9.415440559387207 10.699999809265137
vertex 15.868898391723633 -9.415440559387207 16.700000762939453
vertex 15.402846336364746 -9.569403648376465 16.700000762939453
endloop
endfacet
facet normal 0.0 0.0 -0.9999999999999999
outer loop
vertex 15.868898391723633 -9.415440559387207 10.699999809265137
vertex 16.035533905029297 -3.535533905029297 10.699999809265137
vertex 16.326833724975586 -9.238795280456543 10.699999809265137
endloop
endfacet
facet normal 0.35989526406737155 -0.9329927110657816 0.0
outer loop
vertex 15.868898391723633 -9.415440559387207 10.699999809265137
vertex 16.326833724975586 -9.238795280456543 10.699999809265137
vertex 15.868898391723633 -9.415440559387207 16.700000762939453
endloop
endfacet
facet normal 0.0 0.0 1.0
outer loop
vertex 13.480171203613281 9.951847076416016 16.700000762939453
vertex 12.913065910339355 8.649053573608398 16.700000762939453
vertex 13.150562286376953 8.570594787597656 16.700000762939453
endloop
endfacet
facet normal 0.0 0.0 1.0
outer loop
vertex 13.967305183410645 9.891764640808105 16.700000762939453
vertex 13.373974800109863 8.458138465881348 16.700000762939453
vertex 13.578468322753906 8.314117431640625 16.700000762939453
endloop
endfacet
facet normal 0.0 0.0 1.0
outer loop
vertex 13.480171203613281 9.951847076416016 16.700000762939453
vertex 13.150562286376953 8.570594787597656 16.700000762939453
vertex 13.373974800109863 8.458138465881348 16.700000762939453
endloop
endfacet
facet normal -0.3136838350284157 -0.9495274886183473 0.0
outer loop
vertex 12.913065910339355 8.649053573608398 13.300000190734863
vertex 13.150562286376953 8.570594787597656 16.700000762939453
vertex 12.913065910339355 8.649053573608398 16.700000762939453
endloop
endfacet
facet normal -0.575809384323241 -0.8175839730115126 0.0
outer loop
vertex 13.373974800109863 8.458138465881348 13.300000190734863
vertex 13.578468322753906 8.314117431640625 16.700000762939453
vertex 13.373974800109863 8.458138465881348 16.700000762939453
endloop
endfacet
facet normal -0.4496110511696694 -0.8932244413729984 0.0
outer loop
vertex 13.150562286376953 8.570594787597656 13.300000190734863
vertex 13.373974800109863 8.458138465881348 16.700000762939453
vertex 13.150562286376953 8.570594787597656 16.700000762939453
endloop
endfacet
facet normal -0.3136838350284157 -0.9495274886183473 0.0
outer loop
vertex 12.913065910339355 8.649053573608398 13.300000190734863
vertex 13.150562286376953 8.570594787597656 13.300000190734863
vertex 13.150562286376953 8.570594787597656 16.700000762939453
endloop
endfacet
facet normal -0.575809384323241 -0.8175839730115126 0.0
outer loop
vertex 13.578468322753906 8.314117431640625 13.300000190734863
vertex 13.578468322753906 8.314117431640625 16.700000762939453
vertex 13.373974800109863 8.458138465881348 13.300000190734863
endloop
endfacet
facet normal -0.4496110511696694 -0.8932244413729984 0.0
outer loop
vertex 13.150562286376953 8.570594787597656 13.300000190734863
vertex 13.373974800109863 8.458138465881348 13.300000190734863
vertex 13.373974800109863 8.458138465881348 16.700000762939453
endloop
endfacet
facet normal 0.0 0.0 -1.0
outer loop
vertex 12.913065910339355 8.649053573608398 13.300000190734863
vertex 12.5 10.0 13.300000190734863
vertex 13.150562286376953 8.570594787597656 13.300000190734863
endloop
endfacet
facet normal 0.0 0.0 -1.0
outer loop
vertex 13.578468322753906 8.314117431640625 13.300000190734863
vertex 13.373974800109863 8.458138465881348 13.300000190734863
vertex 12.5 10.0 13.300000190734863
endloop
endfacet
facet normal 0.0 0.0 -0.9999999999999999
outer loop
vertex 13.150562286376953 8.570594787597656 13.300000190734863
vertex 12.5 10.0 13.300000190734863
vertex 13.373974800109863 8.458138465881348 13.300000190734863
endloop
endfacet
facet normal 0.0 0.0 1.0
outer loop
vertex 14.450902938842773 9.807852745056152 16.700000762939453
vertex 13.999266624450684 7.801374435424805 16.700000762939453
vertex 14.070594787597656 7.650561809539795 16.700000762939453
endloop
endfacet
facet normal -0.0 0.0 1.0
outer loop
vertex 13.967305183410645 9.891764640808105 16.700000762939453
vertex 13.999266624450684 7.801374435424805 16.700000762939453
vertex 14.450902938842773 9.807852745056152 16.700000762939453
endloop
endfacet
facet normal -0.9039913704545943 -0.4275507012549789 0.0
outer loop
vertex 14.070594787597656 7.650561809539795 13.300000190734863
vertex 14.070594787597656 7.650561809539795 16.700000762939453
vertex 13.999266624450684 7.801374435424805 13.300000190734863
endloop
endfacet
facet normal -0.9039913704545943 -0.4275507012549789 0.0
outer loop
vertex 13.999266624450684 7.801374435424805 13.300000190734863
vertex 14.070594787597656 7.650561809539795 16.700000762939453
vertex 13.999266624450684 7.801374435424805 16.700000762939453
endloop
endfacet
facet normal 0.0 0.0 1.0
outer loop
vertex 13.967305183410645 9.891764640808105 16.700000762939453
vertex 13.814117431640625 8.078468322753906 16.700000762939453
vertex 13.958138465881348 7.873974800109863 16.700000762939453
endloop
endfacet
facet normal 0.0 0.0 0.9999999999999999
outer loop
vertex 13.967305183410645 9.891764640808105 16.700000762939453
vertex 13.958138465881348 7.873974800109863 16.700000762939453
vertex 13.999266624450684 7.801374435424805 16.700000762939453
endloop
endfacet
facet normal 0.0 0.0 -1.0
outer loop
vertex 14.070594787597656 7.650561809539795 13.300000190734863
vertex 13.999266624450684 7.801374435424805 13.300000190734863
vertex 15.350000381469727 8.645448684692383 13.300000190734863
endloop
endfacet
facet normal -0.8700841129365686 -0.49290327287956254 0.0
outer loop
vertex 13.958138465881348 7.873974800109863 13.300000190734863
vertex 13.999266624450684 7.801374435424805 13.300000190734863
vertex 13.999266624450684 7.801374435424805 16.700000762939453
endloop
endfacet
facet normal -0.8175839730115126 -0.575809384323241 0.0
outer loop
vertex 13.814117431640625 8.078468322753906 13.300000190734863
vertex 13.958138465881348 7.873974800109863 16.700000762939453
vertex 13.814117431640625 8.078468322753906 16.700000762939453
endloop
endfacet
facet normal -0.8700841129365686 -0.49290327287956254 0.0
outer loop
vertex 13.958138465881348 7.873974800109863 13.300000190734863
vertex 13.999266624450684 7.801374435424805 16.700000762939453
vertex 13.958138465881348 7.873974800109863 16.700000762939453
endloop
endfacet
facet normal -0.7242480916839724 -0.6895394852306315 0.0
outer loop
vertex 13.641650199890137 8.25961685180664 13.300000190734863
vertex 13.814117431640625 8.078468322753906 13.300000190734863
vertex 13.814117431640625 8.078468322753906 16.700000762939453
endloop
endfacet
facet normal 0.0 -0.0 -1.0
outer loop
vertex 13.958138465881348 7.873974800109863 13.300000190734863
vertex 15.350000381469727 8.645448684692383 13.300000190734863
vertex 13.999266624450684 7.801374435424805 13.300000190734863
endloop
endfacet
facet normal -0.8175839730115126 -0.575809384323241 0.0
outer loop
vertex 13.958138465881348 7.873974800109863 13.300000190734863
vertex 13.958138465881348 7.873974800109863 16.700000762939453
vertex 13.814117431640625 8.078468322753906 13.300000190734863
endloop
endfacet
facet normal 0.0 -0.0 -1.0
outer loop
vertex 13.641650199890137 8.25961685180664 13.300000190734863
vertex 15.350000381469727 8.645448684692383 13.300000190734863
vertex 13.814117431640625 8.078468322753906 13.300000190734863
endloop
endfacet
facet normal 0.0 0.0 -1.0
outer loop
vertex 13.958138465881348 7.873974800109863 13.300000190734863
vertex 13.814117431640625 8.078468322753906 13.300000190734863
vertex 15.350000381469727 8.645448684692383 13.300000190734863
endloop
endfacet
facet normal 0.26671266552653045 0.9637760912409755 -0.0
outer loop
vertex 14.929801940917969 9.700312614440918 10.699999809265137
vertex 14.929801940917969 9.700312614440918 16.700000762939453
vertex 15.402846336364746 9.569403648376465 16.700000762939453
endloop
endfacet
facet normal 0.31368226645286285 0.9495280068081168 0.0
outer loop
vertex 15.402846336364746 9.569403648376465 10.699999809265137
vertex 15.868898391723633 9.415440559387207 16.700000762939453
vertex 15.868898391723633 9.415440559387207 10.699999809265137
endloop
endfacet
facet normal 0.26671266552653045 0.9637760912409755 0.0
outer loop
vertex 14.929801940917969 9.700312614440918 10.699999809265137
vertex 15.402846336364746 9.569403648376465 16.700000762939453
vertex 15.402846336364746 9.569403648376465 10.699999809265137
endloop
endfacet
facet normal 0.0 -0.0 -1.0
outer loop
vertex 15.402846336364746 9.569403648376465 10.699999809265137
vertex 15.868898391723633 9.415440559387207 10.699999809265137
vertex 15.350000381469727 8.645448684692383 10.699999809265137
endloop
endfacet
facet normal -0.0 -0.0 -0.9999999999999999
outer loop
vertex 14.929801940917969 9.700312614440918 10.699999809265137
vertex 15.402846336364746 9.569403648376465 10.699999809265137
vertex 13.029696464538574 9.985075950622559 10.699999809265137
endloop
endfacet
facet normal -1.0 0.0 0.0
outer loop
vertex 15.350000381469727 5.354551792144775 13.300000190734863
vertex 15.350000381469727 8.645448684692383 13.300000190734863
vertex 15.350000381469727 8.645448684692383 10.699999809265137
endloop
endfacet
facet normal -0.4999997690276976 -0.8660255371363185 -0.0
outer loop
vertex 15.350000381469727 8.645448684692383 13.300000190734863
vertex 13.029696464538574 9.985075950622559 13.300000190734863
vertex 13.029696464538574 9.985075950622559 10.699999809265137
endloop
endfacet
facet normal -0.0 0.0 -0.9999999999999999
outer loop
vertex 15.402846336364746 9.569403648376465 10.699999809265137
vertex 15.350000381469727 8.645448684692383 10.699999809265137
vertex 13.029696464538574 9.985075950622559 10.699999809265137
endloop
endfacet
facet normal -0.4999997690276976 -0.8660255371363185 0.0
outer loop
vertex 15.350000381469727 8.645448684692383 13.300000190734863
vertex 13.029696464538574 9.985075950622559 10.699999809265137
vertex 15.350000381469727 8.645448684692383 10.699999809265137
endloop
endfacet
facet normal 0.0 0.0 1.0
outer loop
vertex 13.967305183410645 9.891764640808105 16.700000762939453
vertex 13.578468322753906 8.314117431640625 16.700000762939453
vertex 13.641650199890137 8.25961685180664 16.700000762939453
endloop
endfacet
facet normal 0.0 0.0 1.0
outer loop
vertex 13.967305183410645 9.891764640808105 16.700000762939453
vertex 13.641650199890137 8.25961685180664 16.700000762939453
vertex 13.814117431640625 8.078468322753906 16.700000762939453
endloop
endfacet
facet normal -0.6531695295105431 -0.7572117046896303 0.0
outer loop
vertex 13.578468322753906 8.314117431640625 13.300000190734863
vertex 13.641650199890137 8.25961685180664 16.700000762939453
vertex 13.578468322753906 8.314117431640625 16.700000762939453
endloop
endfacet
facet normal -0.7242480916839724 -0.6895394852306315 0.0
outer loop
vertex 13.641650199890137 8.25961685180664 13.300000190734863
vertex 13.814117431640625 8.078468322753906 16.700000762939453
vertex 13.641650199890137 8.25961685180664 16.700000762939453
endloop
endfacet
facet normal -0.0 0.0 1.0
outer loop
vertex 12.5 10.0 16.700000762939453
vertex 12.583415031433105 8.697952270507812 16.700000762939453
vertex 12.990676879882812 9.987954139709473 16.700000762939453
endloop
endfacet
facet normal 0.0 0.0 -1.0
outer loop
vertex 13.641650199890137 8.25961685180664 13.300000190734863
vertex 13.029696464538574 9.985075950622559 13.300000190734863
vertex 15.350000381469727 8.645448684692383 13.300000190734863
endloop
endfacet
facet normal -0.6531695295105431 -0.7572117046896303 0.0
outer loop
vertex 13.641650199890137 8.25961685180664 13.300000190734863
vertex 13.641650199890137 8.25961685180664 16.700000762939453
vertex 13.578468322753906 8.314117431640625 13.300000190734863
endloop
endfacet
facet normal 0.07356282501034526 0.9972905849232194 0.0
outer loop
vertex 12.990676879882812 9.987954139709473 16.700000762939453
vertex 13.029696464538574 9.985075950622559 13.300000190734863
vertex 12.990676879882812 9.987954139709473 13.300000190734863
endloop
endfacet
facet normal 0.024542081650990887 0.9996987977527213 0.0
outer loop
vertex 12.5 10.0 16.700000762939453
vertex 12.990676879882812 9.987954139709473 16.700000762939453
vertex 12.5 10.0 13.300000190734863
endloop
endfacet
facet normal 0.0 0.0 -1.0
outer loop
vertex 13.641650199890137 8.25961685180664 13.300000190734863
vertex 12.990676879882812 9.987954139709473 13.300000190734863
vertex 13.029696464538574 9.985075950622559 13.300000190734863
endloop
endfacet
facet normal 0.0 0.0 -1.0
outer loop
vertex 13.641650199890137 8.25961685180664 13.300000190734863
vertex 13.578468322753906 8.314117431640625 13.300000190734863
vertex 12.5 10.0 13.300000190734863
endloop
endfacet
facet normal 0.024542081650990887 0.9996987977527213 0.0
outer loop
vertex 12.990676879882812 9.987954139709473 16.700000762939453
vertex 12.990676879882812 9.987954139709473 13.300000190734863
vertex 12.5 10.0 13.300000190734863
endloop
endfacet
facet normal 0.0 0.0 -0.9999999999999999
outer loop
vertex 13.641650199890137 8.25961685180664 13.300000190734863
vertex 12.5 10.0 13.300000190734863
vertex 12.990676879882812 9.987954139709473 13.300000190734863
endloop
endfacet
facet normal -0.0 0.0 0.9999999999999999
outer loop
vertex 12.009323120117188 9.987954139709473 16.700000762939453
vertex 12.33337116241455 8.691814422607422 16.700000762939453
vertex 12.5 10.0 16.700000762939453
endloop
endfacet
facet normal 0.0 0.0 0.9999999999999999
outer loop
vertex 12.990676879882812 9.987954139709473 16.700000762939453
vertex 12.749442100524902 8.681599617004395 16.700000762939453
vertex 12.913065910339355 8.649053573608398 16.700000762939453
endloop
endfacet
facet normal 0.0 0.0 0.9999999999999999
outer loop
vertex 12.990676879882812 9.987954139709473 16.700000762939453
vertex 12.583415031433105 8.697952270507812 16.700000762939453
vertex 12.749442100524902 8.681599617004395 16.700000762939453
endloop
endfacet
facet normal -0.024542081650990887 0.9996987977527213 0.0
outer loop
vertex 12.009323120117188 9.987954139709473 16.700000762939453
vertex 12.5 10.0 16.700000762939453
vertex 12.009323120117188 9.987954139709473 13.300000190734863
endloop
endfacet
facet normal -0.19508596305816145 -0.9807861474438092 0.0
outer loop
vertex 12.749442100524902 8.681599617004395 13.300000190734863
vertex 12.913065910339355 8.649053573608398 16.700000762939453
vertex 12.749442100524902 8.681599617004395 16.700000762939453
endloop
endfacet
facet normal -0.19508596305816145 -0.9807861474438092 0.0
outer loop
vertex 12.749442100524902 8.681599617004395 13.300000190734863
vertex 12.913065910339355 8.649053573608398 13.300000190734863
vertex 12.913065910339355 8.649053573608398 16.700000762939453
endloop
endfacet
facet normal -0.09801960085916717 -0.9951844843281117 0.0
outer loop
vertex 12.583415031433105 8.697952270507812 13.300000190734863
vertex 12.749442100524902 8.681599617004395 16.700000762939453
vertex 12.583415031433105 8.697952270507812 16.700000762939453
endloop
endfacet
facet normal -0.024542081650990887 0.9996987977527213 0.0
outer loop
vertex 12.5 10.0 16.700000762939453
vertex 12.5 10.0 13.300000190734863
vertex 12.009323120117188 9.987954139709473 13.300000190734863
endloop
endfacet
facet normal -0.09801960085916717 -0.9951844843281117 0.0
outer loop
vertex 12.749442100524902 8.681599617004395 13.300000190734863
vertex 12.749442100524902 8.681599617004395 16.700000762939453
vertex 12.583415031433105 8.697952270507812 13.300000190734863
endloop
endfacet
facet normal 0.0 0.0 -1.0
outer loop
vertex 12.749442100524902 8.681599617004395 13.300000190734863
vertex 12.5 10.0 13.300000190734863
vertex 12.913065910339355 8.649053573608398 13.300000190734863
endloop
endfacet
facet normal 0.024539691978669547 -0.9996988564150666 0.0
outer loop
vertex 12.33337116241455 8.691814422607422 13.300000190734863
vertex 12.583415031433105 8.697952270507812 13.300000190734863
vertex 12.583415031433105 8.697952270507812 16.700000762939453
endloop
endfacet
facet normal 0.0 0.0 -0.9999999999999999
outer loop
vertex 12.33337116241455 8.691814422607422 13.300000190734863
vertex 12.009323120117188 9.987954139709473 13.300000190734863
vertex 12.5 10.0 13.300000190734863
endloop
endfacet
facet normal 0.0 0.0 -0.9999999999999999
outer loop
vertex 12.749442100524902 8.681599617004395 13.300000190734863
vertex 12.583415031433105 8.697952270507812 13.300000190734863
vertex 12.5 10.0 13.300000190734863
endloop
endfacet
facet normal 0.0 0.0 -1.0
outer loop
vertex 12.33337116241455 8.691814422607422 13.300000190734863
vertex 12.5 10.0 13.300000190734863
vertex 12.583415031433105 8.697952270507812 13.300000190734863
endloop
endfacet
facet normal 0.49289990943028056 0.8700860183244075 -0.0
outer loop
vertex 14.85698413848877 4.409606456756592 7.150000095367432
vertex 14.85698413848877 4.409606456756592 10.699999809265137
vertex 15.070513725280762 4.288642883300781 10.699999809265137
endloop
endfacet
facet normal 0.49289990943028056 0.8700860183244075 0.0
outer loop
vertex 14.85698413848877 4.409606456756592 7.150000095367432
vertex 15.070513725280762 4.288642883300781 10.699999809265137
vertex 15.070513725280762 4.288642883300781 7.150000095367432
endloop
endfacet
facet normal 0.4496104280363012 0.8932247550314614 0.0
outer loop
vertex 14.637775421142578 4.519946575164795 7.150000095367432
vertex 14.85698413848877 4.409606456756592 10.699999809265137
vertex 14.85698413848877 4.409606456756592 7.150000095367432
endloop
endfacet
facet normal 0.0 0.0 -1.0
outer loop
vertex 14.867904663085938 3.1927499771118164 7.150000095367432
vertex 14.85698413848877 4.409606456756592 7.150000095367432
vertex 15.070513725280762 4.288642883300781 7.150000095367432
endloop
endfacet
facet normal 0.0 -0.0 -1.0
outer loop
vertex 14.867904663085938 3.1927499771118164 7.150000095367432
vertex 15.070513725280762 4.288642883300781 7.150000095367432
vertex 15.021713256835938 3.072716474533081 7.150000095367432
endloop
endfacet
facet normal 0.4496104280363012 0.8932247550314614 -0.0
outer loop
vertex 14.637775421142578 4.519946575164795 7.150000095367432
vertex 14.637775421142578 4.519946575164795 10.699999809265137
vertex 14.85698413848877 4.409606456756592 10.699999809265137
endloop
endfacet
facet normal 0.0 -0.0 1.0
outer loop
vertex 12.5 3.709103584289551 10.600000381469727
vertex 14.211548805236816 4.697266578674316 10.600000381469727
vertex 14.184449195861816 4.7077202796936035 10.600000381469727
endloop
endfacet
facet normal 0.0 0.0 -1.0
outer loop
vertex 14.708392143249512 3.305091619491577 7.150000095367432
vertex 14.637775421142578 4.519946575164795 7.150000095367432
vertex 14.85698413848877 4.409606456756592 7.150000095367432
endloop
endfacet
facet normal 0.0 0.0 -1.0
outer loop
vertex 14.708392143249512 3.305091619491577 7.150000095367432
vertex 14.85698413848877 4.409606456756592 7.150000095367432
vertex 14.867904663085938 3.1927499771118164 7.150000095367432
endloop
endfacet
facet normal 0.6152319024220697 0.7883461842630565 -0.0
outer loop
vertex 14.867904663085938 3.1927499771118164 -8.149999618530273
vertex 14.867904663085938 3.1927499771118164 7.150000095367432
vertex 15.021713256835938 3.072716474533081 7.150000095367432
endloop
endfacet
facet normal 0.6152319024220697 0.7883461842630565 0.0
outer loop
vertex 14.867904663085938 3.1927499771118164 -8.149999618530273
vertex 15.021713256835938 3.072716474533081 7.150000095367432
vertex 15.021713256835938 3.072716474533081 -8.149999618530273
endloop
endfacet
facet normal 0.2667121660750098 0.9637762294576352 0.0
outer loop
vertex 13.714900970458984 4.850156307220459 7.150000095367432
vertex 13.951423645019531 4.784701824188232 10.600000381469727
vertex 13.951423645019531 4.784701824188232 7.150000095367432
endloop
endfacet
facet normal 0.4052404824611705 0.9142101243011027 0.0
outer loop
vertex 14.413416862487793 4.6193976402282715 7.150000095367432
vertex 14.637775421142578 4.519946575164795 10.699999809265137
vertex 14.637775421142578 4.519946575164795 7.150000095367432
endloop
endfacet
facet normal 0.4052404824611705 0.9142101243011027 -0.0
outer loop
vertex 14.413416862487793 4.6193976402282715 7.150000095367432
vertex 14.413416862487793 4.6193976402282715 10.699999809265137
vertex 14.637775421142578 4.519946575164795 10.699999809265137
endloop
endfacet
facet normal 0.3598943474248623 0.9329930646535526 6.79186820024432e-08
outer loop
vertex 14.184449195861816 4.7077202796936035 7.150000095367432
vertex 14.211548805236816 4.697266578674316 10.600000381469727
vertex 14.413416862487793 4.6193976402282715 10.699999809265137
endloop
endfacet
facet normal 0.3599018740476954 0.9329901612862576 -0.0
outer loop
vertex 14.184449195861816 4.7077202796936035 7.150000095367432
vertex 14.184449195861816 4.7077202796936035 10.600000381469727
vertex 14.211548805236816 4.697266578674316 10.600000381469727
endloop
endfacet
facet normal 0.31368284517746076 0.9495278156227827 -0.0
outer loop
vertex 13.951423645019531 4.784701824188232 7.150000095367432
vertex 13.951423645019531 4.784701824188232 10.600000381469727
vertex 14.184449195861816 4.7077202796936035 10.600000381469727
endloop
endfacet
facet normal 0.0 0.0 -0.9999999999999999
outer loop
vertex 14.543558120727539 3.409471273422241 7.150000095367432
vertex 14.637775421142578 4.519946575164795 7.150000095367432
vertex 14.708392143249512 3.305091619491577 7.150000095367432
endloop
endfacet
facet normal 0.5758090510604608 0.8175842077222698 -0.0
outer loop
vertex 14.708392143249512 3.305091619491577 -8.149999618530273
vertex 14.708392143249512 3.305091619491577 7.150000095367432
vertex 14.867904663085938 3.1927499771118164 7.150000095367432
endloop
endfacet
facet normal 0.5758090510604608 0.8175842077222698 0.0
outer loop
vertex 14.708392143249512 3.305091619491577 -8.149999618530273
vertex 14.867904663085938 3.1927499771118164 7.150000095367432
vertex 14.867904663085938 3.1927499771118164 -8.149999618530273
endloop
endfacet
facet normal 0.0 0.0 -1.0
outer loop
vertex 12.5 3.8682467937469482 -8.149999618530273
vertex 14.867904663085938 3.1927499771118164 -8.149999618530273
vertex 15.021713256835938 3.072716474533081 -8.149999618530273
endloop
endfacet
facet normal 0.0 -0.0 -1.0
outer loop
vertex 13.714900970458984 4.850156307220459 7.150000095367432
vertex 13.951423645019531 4.784701824188232 7.150000095367432
vertex 13.839137077331543 3.7426376342773438 7.150000095367432
endloop
endfacet
facet normal 0.0 0.0 -1.0
outer loop
vertex 14.543558120727539 3.409471273422241 7.150000095367432
vertex 14.413416862487793 4.6193976402282715 7.150000095367432
vertex 14.637775421142578 4.519946575164795 7.150000095367432
endloop
endfacet
facet normal 0.35989526406737155 0.9329927110657816 0.0
outer loop
vertex 14.184449195861816 4.7077202796936035 7.150000095367432
vertex 14.413416862487793 4.6193976402282715 10.699999809265137
vertex 14.413416862487793 4.6193976402282715 7.150000095367432
endloop
endfacet
facet normal 0.31368284517746076 0.9495278156227827 0.0
outer loop
vertex 13.951423645019531 4.784701824188232 7.150000095367432
vertex 14.184449195861816 4.7077202796936035 10.600000381469727
vertex 14.184449195861816 4.7077202796936035 7.150000095367432
endloop
endfacet
facet normal 0.5349963772558718 0.844854352135972 -0.0
outer loop
vertex 14.543558120727539 3.409471273422241 -8.149999618530273
vertex 14.543558120727539 3.409471273422241 7.150000095367432
vertex 14.708392143249512 3.305091619491577 7.150000095367432
endloop
endfacet
facet normal 0.5349963772558718 0.844854352135972 0.0
outer loop
vertex 14.543558120727539 3.409471273422241 -8.149999618530273
vertex 14.708392143249512 3.305091619491577 7.150000095367432
vertex 14.708392143249512 3.305091619491577 -8.149999618530273
endloop
endfacet
facet normal 0.0 0.0 -1.0
outer loop
vertex 12.5 3.8682467937469482 -8.149999618530273
vertex 14.708392143249512 3.305091619491577 -8.149999618530273
vertex 14.867904663085938 3.1927499771118164 -8.149999618530273
endloop
endfacet
facet normal 0.0 0.0 -0.9999999999999999
outer loop
vertex 13.839137077331543 3.7426376342773438 7.150000095367432
vertex 13.951423645019531 4.784701824188232 7.150000095367432
vertex 14.021166801452637 3.6724212169647217 7.150000095367432
endloop
endfacet
facet normal 0.0 0.0 -1.0
outer loop
vertex 14.373802185058594 3.5056369304656982 7.150000095367432
vertex 14.413416862487793 4.6193976402282715 7.150000095367432
vertex 14.543558120727539 3.409471273422241 7.150000095367432
endloop
endfacet
facet normal 0.0 0.0 -1.0
outer loop
vertex 14.199531555175781 3.5933573246002197 7.150000095367432
vertex 14.184449195861816 4.7077202796936035 7.150000095367432
vertex 14.413416862487793 4.6193976402282715 7.150000095367432
endloop
endfacet
facet normal 0.0 0.0 -1.0
outer loop
vertex 14.021166801452637 3.6724212169647217 7.150000095367432
vertex 13.951423645019531 4.784701824188232 7.150000095367432
vertex 14.184449195861816 4.7077202796936035 7.150000095367432
endloop
endfacet
facet normal 0.49289860864207713 0.8700867552139295 -0.0
outer loop
vertex 14.373802185058594 3.5056369304656982 -8.149999618530273
vertex 14.373802185058594 3.5056369304656982 7.150000095367432
vertex 14.543558120727539 3.409471273422241 7.150000095367432
endloop
endfacet
facet normal 0.49289860864207713 0.8700867552139295 0.0
outer loop
vertex 14.373802185058594 3.5056369304656982 -8.149999618530273
vertex 14.543558120727539 3.409471273422241 7.150000095367432
vertex 14.543558120727539 3.409471273422241 -8.149999618530273
endloop
endfacet
facet normal 0.0 0.0 -1.0
outer loop
vertex 12.5 3.8682467937469482 -8.149999618530273
vertex 14.543558120727539 3.409471273422241 -8.149999618530273
vertex 14.708392143249512 3.305091619491577 -8.149999618530273
endloop
endfacet
facet normal 0.35989416380833095 0.9329931354820904 -0.0
outer loop
vertex 13.839137077331543 3.7426376342773438 -8.149999618530273
vertex 13.839137077331543 3.7426376342773438 7.150000095367432
vertex 14.021166801452637 3.6724212169647217 7.150000095367432
endloop
endfacet
facet normal 0.0 -0.0 -1.0
outer loop
vertex 14.199531555175781 3.5933573246002197 7.150000095367432
vertex 14.413416862487793 4.6193976402282715 7.150000095367432
vertex 14.373802185058594 3.5056369304656982 7.150000095367432
endloop
endfacet
facet normal 0.0 0.0 -0.9999999999999999
outer loop
vertex 14.021166801452637 3.6724212169647217 7.150000095367432
vertex 14.184449195861816 4.7077202796936035 7.150000095367432
vertex 14.199531555175781 3.5933573246002197 7.150000095367432
endloop
endfacet
facet normal 0.4496110464001469 0.8932244437737723 0.0
outer loop
vertex 14.199531555175781 3.5933573246002197 -8.149999618530273
vertex 14.373802185058594 3.5056369304656982 7.150000095367432
vertex 14.373802185058594 3.5056369304656982 -8.149999618530273
endloop
endfacet
facet normal 0.0 0.0 -0.9999999999999999
outer loop
vertex 12.5 3.8682467937469482 -8.149999618530273
vertex 14.373802185058594 3.5056369304656982 -8.149999618530273
vertex 14.543558120727539 3.409471273422241 -8.149999618530273
endloop
endfacet
facet normal 0.35989416380833095 0.9329931354820904 0.0
outer loop
vertex 13.839137077331543 3.7426376342773438 -8.149999618530273
vertex 14.021166801452637 3.6724212169647217 7.150000095367432
vertex 14.021166801452637 3.6724212169647217 -8.149999618530273
endloop
endfacet
facet normal 0.4496110464001469 0.8932244437737723 -0.0
outer loop
vertex 14.199531555175781 3.5933573246002197 -8.149999618530273
vertex 14.199531555175781 3.5933573246002197 7.150000095367432
vertex 14.373802185058594 3.5056369304656982 7.150000095367432
endloop
endfacet
facet normal 0.40524231935221644 0.9142093100630929 -0.0
outer loop
vertex 14.021166801452637 3.6724212169647217 -8.149999618530273
vertex 14.021166801452637 3.6724212169647217 7.150000095367432
vertex 14.199531555175781 3.5933573246002197 7.150000095367432
endloop
endfacet
facet normal 0.0 0.0 -1.0
outer loop
vertex 12.5 3.8682467937469482 -8.149999618530273
vertex 14.199531555175781 3.5933573246002197 -8.149999618530273
vertex 14.373802185058594 3.5056369304656982 -8.149999618530273
endloop
endfacet
facet normal 0.0 0.0 -1.0
outer loop
vertex 12.5 3.8682467937469482 -8.149999618530273
vertex 13.839137077331543 3.7426376342773438 -8.149999618530273
vertex 14.021166801452637 3.6724212169647217 -8.149999618530273
endloop
endfacet
facet normal 0.40524231935221644 0.9142093100630929 0.0
outer loop
vertex 14.021166801452637 3.6724212169647217 -8.149999618530273
vertex 14.199531555175781 3.5933573246002197 7.150000095367432
vertex 14.199531555175781 3.5933573246002197 -8.149999618530273
endloop
endfacet
facet normal 0.0 0.0 -1.0
outer loop
vertex 12.5 3.8682467937469482 -8.149999618530273
vertex 14.021166801452637 3.6724212169647217 -8.149999618530273
vertex 14.199531555175781 3.5933573246002197 -8.149999618530273
endloop
endfacet
facet normal 0.6895422880762034 -0.7242454231506293 0.0
outer loop
vertex 15.857795715332031 -3.7047555446624756 7.150000095367432
vertex 16.035533905029297 -3.535533905029297 7.150000095367432
vertex 15.857795715332031 -3.7047555446624756 10.699999809265137
endloop
endfacet
facet normal 0.0 0.0 -1.0
outer loop
vertex 15.857795715332031 -3.7047555446624756 7.150000095367432
vertex 15.692749977111816 -2.3679046630859375 7.150000095367432
vertex 15.805091857910156 -2.2083916664123535 7.150000095367432
endloop
endfacet
facet normal 0.0 0.0 -1.0
outer loop
vertex 16.035533905029297 -3.535533905029297 7.150000095367432
vertex 15.805091857910156 -2.2083916664123535 7.150000095367432
vertex 15.909470558166504 -2.043558359146118 7.150000095367432
endloop
endfacet
facet normal 0.0 0.0 -1.0
outer loop
vertex 15.857795715332031 -3.7047555446624756 7.150000095367432
vertex 15.805091857910156 -2.2083916664123535 7.150000095367432
vertex 16.035533905029297 -3.535533905029297 7.150000095367432
endloop
endfacet
facet normal 0.0 0.0 -1.0
outer loop
vertex 15.671966552734375 -3.8650522232055664 7.150000095367432
vertex 15.57271671295166 -2.5217132568359375 7.150000095367432
vertex 15.692749977111816 -2.3679046630859375 7.150000095367432
endloop
endfacet
facet normal 0.6531713021438136 -0.7572101756155651 0.0
outer loop
vertex 15.857795715332031 -3.7047555446624756 7.150000095367432
vertex 15.857795715332031 -3.7047555446624756 10.699999809265137
vertex 15.671966552734375 -3.8650522232055664 10.699999809265137
endloop
endfacet
facet normal 0.0 0.0 -1.0
outer loop
vertex 15.671966552734375 -3.8650522232055664 7.150000095367432
vertex 15.692749977111816 -2.3679046630859375 7.150000095367432
vertex 15.857795715332031 -3.7047555446624756 7.150000095367432
endloop
endfacet
facet normal 0.0 0.0 -1.0
outer loop
vertex 15.671966552734375 -3.8650522232055664 7.150000095367432
vertex 15.445281028747559 -2.6694469451904297 7.150000095367432
vertex 15.57271671295166 -2.5217132568359375 7.150000095367432
endloop
endfacet
facet normal 0.6531713021438136 -0.7572101756155651 0.0
outer loop
vertex 15.671966552734375 -3.8650522232055664 7.150000095367432
vertex 15.857795715332031 -3.7047555446624756 7.150000095367432
vertex 15.671966552734375 -3.8650522232055664 10.699999809265137
endloop
endfacet
facet normal 0.5758088035886261 -0.8175843820119334 0.0
outer loop
vertex 15.478496551513672 -4.016037464141846 7.150000095367432
vertex 15.478496551513672 -4.016037464141846 10.699999809265137
vertex 15.277851104736328 -4.157348155975342 10.699999809265137
endloop
endfacet
facet normal 0.0 0.0 -1.0
outer loop
vertex 15.478496551513672 -4.016037464141846 7.150000095367432
vertex 15.445281028747559 -2.6694469451904297 7.150000095367432
vertex 15.671966552734375 -3.8650522232055664 7.150000095367432
endloop
endfacet
facet normal 0.6152310082991623 -0.7883468820431752 0.0
outer loop
vertex 15.671966552734375 -3.8650522232055664 7.150000095367432
vertex 15.671966552734375 -3.8650522232055664 10.699999809265137
vertex 15.478496551513672 -4.016037464141846 10.699999809265137
endloop
endfacet
facet normal 0.6152310082991623 -0.7883468820431752 0.0
outer loop
vertex 15.478496551513672 -4.016037464141846 7.150000095367432
vertex 15.671966552734375 -3.8650522232055664 7.150000095367432
vertex 15.478496551513672 -4.016037464141846 10.699999809265137
endloop
endfacet
facet normal 0.0 -0.0 -1.0
outer loop
vertex 15.277851104736328 -4.157348155975342 10.699999809265137
vertex 15.478496551513672 -4.016037464141846 10.699999809265137
vertex 15.350000381469727 -5.354551792144775 10.699999809265137
endloop
endfacet
facet normal 0.0 0.0 -1.0
outer loop
vertex 15.070513725280762 -4.288642883300781 10.699999809265137
vertex 15.277851104736328 -4.157348155975342 10.699999809265137
vertex 15.350000381469727 -5.354551792144775 10.699999809265137
endloop
endfacet
facet normal 0.0 0.0 -1.0
outer loop
vertex 15.478496551513672 -4.016037464141846 7.150000095367432
vertex 15.310749053955078 -2.8107495307922363 7.150000095367432
vertex 15.445281028747559 -2.6694469451904297 7.150000095367432
endloop
endfacet
facet normal 0.534996979417005 -0.84485397082258 0.0
outer loop
vertex 15.277851104736328 -4.157348155975342 7.150000095367432
vertex 15.277851104736328 -4.157348155975342 10.699999809265137
vertex 15.070513725280762 -4.288642883300781 10.699999809265137
endloop
endfacet
facet normal 0.0 0.0 -1.0
outer loop
vertex 15.277851104736328 -4.157348155975342 7.150000095367432
vertex 15.310749053955078 -2.8107495307922363 7.150000095367432
vertex 15.478496551513672 -4.016037464141846 7.150000095367432
endloop
endfacet
facet normal 0.5758088035886261 -0.8175843820119334 0.0
outer loop
vertex 15.277851104736328 -4.157348155975342 7.150000095367432
vertex 15.478496551513672 -4.016037464141846 7.150000095367432
vertex 15.277851104736328 -4.157348155975342 10.699999809265137
endloop
endfacet
facet normal 0.0 0.0 -0.9999999999999999
outer loop
vertex 15.277851104736328 -4.157348155975342 7.150000095367432
vertex 15.16944694519043 -2.9452807903289795 7.150000095367432
vertex 15.310749053955078 -2.8107495307922363 7.150000095367432
endloop
endfacet
facet normal 0.0 0.0 -1.0
outer loop
vertex 15.277851104736328 -4.157348155975342 7.150000095367432
vertex 15.021713256835938 -3.072716474533081 7.150000095367432
vertex 15.16944694519043 -2.9452807903289795 7.150000095367432
endloop
endfacet
facet normal 0.534996979417005 -0.84485397082258 0.0
outer loop
vertex 15.070513725280762 -4.288642883300781 7.150000095367432
vertex 15.277851104736328 -4.157348155975342 7.150000095367432
vertex 15.070513725280762 -4.288642883300781 10.699999809265137
endloop
endfacet
facet normal 0.49289990943028056 -0.8700860183244075 0.0
outer loop
vertex 15.070513725280762 -4.288642883300781 7.150000095367432
vertex 15.070513725280762 -4.288642883300781 10.699999809265137
vertex 14.85698413848877 -4.409606456756592 10.699999809265137
endloop
endfacet
facet normal 0.0 0.0 -1.0
outer loop
vertex 15.070513725280762 -4.288642883300781 7.150000095367432
vertex 15.021713256835938 -3.072716474533081 7.150000095367432
vertex 15.277851104736328 -4.157348155975342 7.150000095367432
endloop
endfacet
facet normal 0.49289990943028056 -0.8700860183244075 0.0
outer loop
vertex 14.85698413848877 -4.409606456756592 7.150000095367432
vertex 15.070513725280762 -4.288642883300781 7.150000095367432
vertex 14.85698413848877 -4.409606456756592 10.699999809265137
endloop
endfacet
facet normal 0.0 0.0 -1.0
outer loop
vertex 14.85698413848877 -4.409606456756592 7.150000095367432
vertex 14.708392143249512 -3.305091619491577 7.150000095367432
vertex 14.867904663085938 -3.1927499771118164 7.150000095367432
endloop
endfacet
facet normal 0.0 0.0 -1.0
outer loop
vertex 14.867904663085938 -3.1927499771118164 7.150000095367432
vertex 15.021713256835938 -3.072716474533081 7.150000095367432
vertex 15.070513725280762 -4.288642883300781 7.150000095367432
endloop
endfacet
facet normal 0.0 0.0 -1.0
outer loop
vertex 14.85698413848877 -4.409606456756592 7.150000095367432
vertex 14.867904663085938 -3.1927499771118164 7.150000095367432
vertex 15.070513725280762 -4.288642883300781 7.150000095367432
endloop
endfacet
facet normal 0.4496104280363012 -0.8932247550314614 0.0
outer loop
vertex 14.85698413848877 -4.409606456756592 7.150000095367432
vertex 14.85698413848877 -4.409606456756592 10.699999809265137
vertex 14.637775421142578 -4.519946575164795 10.699999809265137
endloop
endfacet
facet normal 0.4052404824611705 -0.9142101243011027 0.0
outer loop
vertex 14.637775421142578 -4.519946575164795 7.150000095367432
vertex 14.637775421142578 -4.519946575164795 10.699999809265137
vertex 14.413416862487793 -4.6193976402282715 10.699999809265137
endloop
endfacet
facet normal 0.4496104280363012 -0.8932247550314614 0.0
outer loop
vertex 14.637775421142578 -4.519946575164795 7.150000095367432
vertex 14.85698413848877 -4.409606456756592 7.150000095367432
vertex 14.637775421142578 -4.519946575164795 10.699999809265137
endloop
endfacet
facet normal 0.0 0.0 -1.0
outer loop
vertex 14.637775421142578 -4.519946575164795 7.150000095367432
vertex 14.373802185058594 -3.5056369304656982 7.150000095367432
vertex 14.543558120727539 -3.409471273422241 7.150000095367432
endloop
endfacet
facet normal 0.0 0.0 -1.0
outer loop
vertex 14.85698413848877 -4.409606456756592 7.150000095367432
vertex 14.543558120727539 -3.409471273422241 7.150000095367432
vertex 14.708392143249512 -3.305091619491577 7.150000095367432
endloop
endfacet
facet normal 0.0 0.0 -1.0
outer loop
vertex 14.637775421142578 -4.519946575164795 7.150000095367432
vertex 14.543558120727539 -3.409471273422241 7.150000095367432
vertex 14.85698413848877 -4.409606456756592 7.150000095367432
endloop
endfacet
facet normal 0.0 0.0 -1.0
outer loop
vertex 14.413416862487793 -4.6193976402282715 7.150000095367432
vertex 14.373802185058594 -3.5056369304656982 7.150000095367432
vertex 14.637775421142578 -4.519946575164795 7.150000095367432
endloop
endfacet
facet normal 0.4052404824611705 -0.9142101243011027 0.0
outer loop
vertex 14.413416862487793 -4.6193976402282715 7.150000095367432
vertex 14.637775421142578 -4.519946575164795 7.150000095367432
vertex 14.413416862487793 -4.6193976402282715 10.699999809265137
endloop
endfacet
facet normal 0.0 0.0 -1.0
outer loop
vertex 14.413416862487793 -4.6193976402282715 7.150000095367432
vertex 14.199531555175781 -3.5933573246002197 7.150000095367432
vertex 14.373802185058594 -3.5056369304656982 7.150000095367432
endloop
endfacet
facet normal 0.0 0.0 -0.9999999999999999
outer loop
vertex 14.184449195861816 -4.7077202796936035 7.150000095367432
vertex 14.021166801452637 -3.6724212169647217 7.150000095367432
vertex 14.199531555175781 -3.5933573246002197 7.150000095367432
endloop
endfacet
facet normal 0.3598943767119371 -0.9329930533563078 0.0
outer loop
vertex 14.413416862487793 -4.6193976402282715 7.150000095367432
vertex 14.413416862487793 -4.6193976402282715 10.699999809265137
vertex 14.211548805236816 -4.697266578674316 10.600000381469727
endloop
endfacet
facet normal 0.31368284517746076 -0.9495278156227827 0.0
outer loop
vertex 14.184449195861816 -4.7077202796936035 7.150000095367432
vertex 14.184449195861816 -4.7077202796936035 10.600000381469727
vertex 13.951423645019531 -4.784701824188232 10.600000381469727
endloop
endfacet
facet normal 0.0 0.0 -1.0
outer loop
vertex 14.184449195861816 -4.7077202796936035 7.150000095367432
vertex 14.199531555175781 -3.5933573246002197 7.150000095367432
vertex 14.413416862487793 -4.6193976402282715 7.150000095367432
endloop
endfacet
facet normal 0.35990187404764973 -0.9329901612861391 5.039637346753608e-07
outer loop
vertex 14.413416862487793 -4.6193976402282715 7.150000095367432
vertex 14.211548805236816 -4.697266578674316 10.600000381469727
vertex 14.184449195861816 -4.7077202796936035 10.600000381469727
endloop
endfacet
facet normal 0.35989526406737155 -0.9329927110657816 0.0
outer loop
vertex 14.184449195861816 -4.7077202796936035 7.150000095367432
vertex 14.413416862487793 -4.6193976402282715 7.150000095367432
vertex 14.184449195861816 -4.7077202796936035 10.600000381469727
endloop
endfacet
facet normal 0.3598943767119371 -0.9329930533563079 0.0
outer loop
vertex 14.413416862487793 -4.6193976402282715 10.699999809265137
vertex 14.211548805236816 -4.697266578674316 10.699999809265137
vertex 14.211548805236816 -4.697266578674316 10.600000381469727
endloop
endfacet
facet normal -0.4999999358469166 -0.8660254408232354 0.0
outer loop
vertex 12.5 -3.709103584289551 10.600000381469727
vertex 14.211548805236816 -4.697266578674316 10.600000381469727
vertex 14.211548805236816 -4.697266578674316 10.699999809265137
endloop
endfacet
facet normal -0.0 0.0 1.0
outer loop
vertex 12.5 -3.709103584289551 10.600000381469727
vertex 14.184449195861816 -4.7077202796936035 10.600000381469727
vertex 14.211548805236816 -4.697266578674316 10.600000381469727
endloop
endfacet
facet normal -0.0 0.0 1.0
outer loop
vertex 12.5 -3.709103584289551 10.600000381469727
vertex 13.951423645019531 -4.784701824188232 10.600000381469727
vertex 14.184449195861816 -4.7077202796936035 10.600000381469727
endloop
endfacet
facet normal -0.0 0.0 1.0
outer loop
vertex 12.5 -3.709103584289551 10.600000381469727
vertex 13.714900970458984 -4.850156307220459 10.600000381469727
vertex 13.951423645019531 -4.784701824188232 10.600000381469727
endloop
endfacet
facet normal 0.2667121660750098 -0.9637762294576352 0.0
outer loop
vertex 13.951423645019531 -4.784701824188232 7.150000095367432
vertex 13.951423645019531 -4.784701824188232 10.600000381469727
vertex 13.714900970458984 -4.850156307220459 10.600000381469727
endloop
endfacet
facet normal 0.31368284517746076 -0.9495278156227827 0.0
outer loop
vertex 13.951423645019531 -4.784701824188232 7.150000095367432
vertex 14.184449195861816 -4.7077202796936035 7.150000095367432
vertex 13.951423645019531 -4.784701824188232 10.600000381469727
endloop
endfacet
facet normal 0.0 0.0 -1.0
outer loop
vertex 13.653882026672363 -3.803837776184082 7.150000095367432
vertex 13.839137077331543 -3.7426376342773438 7.150000095367432
vertex 13.951423645019531 -4.784701824188232 7.150000095367432
endloop
endfacet
facet normal 0.0 0.0 -1.0
outer loop
vertex 14.184449195861816 -4.7077202796936035 7.150000095367432
vertex 13.839137077331543 -3.7426376342773438 7.150000095367432
vertex 14.021166801452637 -3.6724212169647217 7.150000095367432
endloop
endfacet
facet normal 0.0 0.0 -1.0
outer loop
vertex 13.951423645019531 -4.784701824188232 7.150000095367432
vertex 13.839137077331543 -3.7426376342773438 7.150000095367432
vertex 14.184449195861816 -4.7077202796936035 7.150000095367432
endloop
endfacet
facet normal -0.0 0.0 1.0
outer loop
vertex 12.5 -3.709103584289551 10.600000381469727
vertex 13.475451469421387 -4.903926372528076 10.600000381469727
vertex 13.714900970458984 -4.850156307220459 10.600000381469727
endloop
endfacet
facet normal -0.0 0.0 1.0
outer loop
vertex 12.5 -3.709103584289551 10.600000381469727
vertex 13.233652114868164 -4.945882320404053 10.600000381469727
vertex 13.475451469421387 -4.903926372528076 10.600000381469727
endloop
endfacet
facet normal 0.2667121660750098 -0.9637762294576352 0.0
outer loop
vertex 13.714900970458984 -4.850156307220459 7.150000095367432
vertex 13.951423645019531 -4.784701824188232 7.150000095367432
vertex 13.714900970458984 -4.850156307220459 10.600000381469727
endloop
endfacet
facet normal 0.21910078143584538 -0.9757022330476659 0.0
outer loop
vertex 13.714900970458984 -4.850156307220459 7.150000095367432
vertex 13.714900970458984 -4.850156307220459 10.600000381469727
vertex 13.475451469421387 -4.903926372528076 10.600000381469727
endloop
endfacet
facet normal 0.1709610177608529 -0.9852777935212859 0.0
outer loop
vertex 13.475451469421387 -4.903926372528076 7.150000095367432
vertex 13.475451469421387 -4.903926372528076 10.600000381469727
vertex 13.233652114868164 -4.945882320404053 10.600000381469727
endloop
endfacet
facet normal 0.0 0.0 -1.0
outer loop
vertex 13.714900970458984 -4.850156307220459 7.150000095367432
vertex 13.653882026672363 -3.803837776184082 7.150000095367432
vertex 13.951423645019531 -4.784701824188232 7.150000095367432
endloop
endfacet
facet normal 0.21910078143584538 -0.9757022330476659 0.0
outer loop
vertex 13.475451469421387 -4.903926372528076 7.150000095367432
vertex 13.714900970458984 -4.850156307220459 7.150000095367432
vertex 13.475451469421387 -4.903926372528076 10.600000381469727
endloop
endfacet
facet normal 0.0 0.0 -1.0
outer loop
vertex 13.475451469421387 -4.903926372528076 7.150000095367432
vertex 13.275484085083008 -3.8986215591430664 7.150000095367432
vertex 13.465846061706543 -3.8558743000030518 7.150000095367432
endloop
endfacet
facet normal 0.0 0.0 -0.9999999999999999
outer loop
vertex 13.714900970458984 -4.850156307220459 7.150000095367432
vertex 13.465846061706543 -3.8558743000030518 7.150000095367432
vertex 13.653882026672363 -3.803837776184082 7.150000095367432
endloop
endfacet
facet normal 0.0 0.0 -1.0
outer loop
vertex 13.475451469421387 -4.903926372528076 7.150000095367432
vertex 13.465846061706543 -3.8558743000030518 7.150000095367432
vertex 13.714900970458984 -4.850156307220459 7.150000095367432
endloop
endfacet
facet normal 0.1709610177608529 -0.9852777935212859 0.0
outer loop
vertex 13.233652114868164 -4.945882320404053 7.150000095367432
vertex 13.475451469421387 -4.903926372528076 7.150000095367432
vertex 13.233652114868164 -4.945882320404053 10.600000381469727
endloop
endfacet
facet normal 0.0 0.0 -1.0
outer loop
vertex 13.083253860473633 -3.931976318359375 7.150000095367432
vertex 13.275484085083008 -3.8986215591430664 7.150000095367432
vertex 13.475451469421387 -4.903926372528076 7.150000095367432
endloop
endfacet
facet normal 0.12241129211184755 -0.9924794585095995 0.0
outer loop
vertex 13.233652114868164 -4.945882320404053 7.150000095367432
vertex 13.233652114868164 -4.945882320404053 10.600000381469727
vertex 12.99008560180664 -4.975923538208008 10.600000381469727
endloop
endfacet
facet normal 0.0 -0.0 -1.0
outer loop
vertex 13.083253860473633 -3.931976318359375 7.150000095367432
vertex 13.475451469421387 -4.903926372528076 7.150000095367432
vertex 13.233652114868164 -4.945882320404053 7.150000095367432
endloop
endfacet
facet normal 0.12241129211184755 -0.9924794585095995 0.0
outer loop
vertex 12.99008560180664 -4.975923538208008 7.150000095367432
vertex 13.233652114868164 -4.945882320404053 7.150000095367432
vertex 12.99008560180664 -4.975923538208008 10.600000381469727
endloop
endfacet
facet normal 0.0 0.0 -0.9999999999999999
outer loop
vertex 12.99008560180664 -4.975923538208008 7.150000095367432
vertex 12.695043563842773 -3.9702117443084717 7.150000095367432
vertex 12.889617919921875 -3.9558591842651367 7.150000095367432
endloop
endfacet
facet normal 0.0 0.0 -1.0
outer loop
vertex 12.889617919921875 -3.9558591842651367 7.150000095367432
vertex 13.083253860473633 -3.931976318359375 7.150000095367432
vertex 13.233652114868164 -4.945882320404053 7.150000095367432
endloop
endfacet
facet normal 0.0 0.0 -1.0
outer loop
vertex 12.99008560180664 -4.975923538208008 7.150000095367432
vertex 12.889617919921875 -3.9558591842651367 7.150000095367432
vertex 13.233652114868164 -4.945882320404053 7.150000095367432
endloop
endfacet
facet normal 0.35989526406737155 0.9329927110657816 0.0
outer loop
vertex 15.868898391723633 9.415440559387207 10.699999809265137
vertex 16.326833724975586 9.238795280456543 16.700000762939453
vertex 16.326833724975586 9.238795280456543 10.699999809265137
endloop
endfacet
facet normal 0.0 0.0 -1.0
outer loop
vertex 15.857795715332031 3.7047555446624756 10.699999809265137
vertex 15.671966552734375 3.8650522232055664 10.699999809265137
vertex 15.868898391723633 9.415440559387207 10.699999809265137
endloop
endfacet
facet normal 0.0 0.0 -1.0
outer loop
vertex 15.857795715332031 3.7047555446624756 10.699999809265137
vertex 15.868898391723633 9.415440559387207 10.699999809265137
vertex 16.326833724975586 9.238795280456543 10.699999809265137
endloop
endfacet
facet normal 0.6531713021438136 0.7572101756155651 -0.0
outer loop
vertex 15.671966552734375 3.8650522232055664 7.150000095367432
vertex 15.671966552734375 3.8650522232055664 10.699999809265137
vertex 15.857795715332031 3.7047555446624756 10.699999809265137
endloop
endfacet
facet normal 0.0 -0.0 -1.0
outer loop
vertex 15.857795715332031 3.7047555446624756 10.699999809265137
vertex 16.326833724975586 9.238795280456543 10.699999809265137
vertex 16.035533905029297 3.535533905029297 10.699999809265137
endloop
endfacet
facet normal 0.6531713021438136 0.7572101756155651 0.0
outer loop
vertex 15.857795715332031 3.7047555446624756 7.150000095367432
vertex 15.671966552734375 3.8650522232055664 7.150000095367432
vertex 15.857795715332031 3.7047555446624756 10.699999809265137
endloop
endfacet
facet normal 0.6895422880762034 0.7242454231506293 -0.0
outer loop
vertex 15.857795715332031 3.7047555446624756 7.150000095367432
vertex 15.857795715332031 3.7047555446624756 10.699999809265137
vertex 16.035533905029297 3.535533905029297 10.699999809265137
endloop
endfacet
facet normal 0.6895422880762034 0.7242454231506293 0.0
outer loop
vertex 15.857795715332031 3.7047555446624756 7.150000095367432
vertex 16.035533905029297 3.535533905029297 10.699999809265137
vertex 16.035533905029297 3.535533905029297 7.150000095367432
endloop
endfacet
facet normal 0.0 0.0 -0.9999999999999999
outer loop
vertex 15.909470558166504 2.043558359146118 7.150000095367432
vertex 15.857795715332031 3.7047555446624756 7.150000095367432
vertex 16.035533905029297 3.535533905029297 7.150000095367432
endloop
endfacet
facet normal 0.0 0.0 -1.0
outer loop
vertex 16.00563621520996 1.8738020658493042 7.150000095367432
vertex 15.909470558166504 2.043558359146118 7.150000095367432
vertex 16.035533905029297 3.535533905029297 7.150000095367432
endloop
endfacet
facet normal 0.0 0.0 -1.0
outer loop
vertex 16.09335708618164 1.6995315551757812 7.150000095367432
vertex 16.00563621520996 1.8738020658493042 7.150000095367432
vertex 16.035533905029297 3.535533905029297 7.150000095367432
endloop
endfacet
facet normal 0.8700872005450946 0.492897822522681 -0.0
outer loop
vertex 15.909470558166504 2.043558359146118 -8.149999618530273
vertex 15.909470558166504 2.043558359146118 7.150000095367432
vertex 16.00563621520996 1.8738020658493042 7.150000095367432
endloop
endfacet
facet normal 0.8932233387253821 0.449613241749263 -0.0
outer loop
vertex 16.00563621520996 1.8738020658493042 -8.149999618530273
vertex 16.00563621520996 1.8738020658493042 7.150000095367432
vertex 16.09335708618164 1.6995315551757812 7.150000095367432
endloop
endfacet
facet normal 0.8448555122110907 -0.5349945452867122 0.0
outer loop
vertex 15.909470558166504 -2.043558359146118 -8.149999618530273
vertex 15.909470558166504 -2.043558359146118 7.150000095367432
vertex 15.805091857910156 -2.2083916664123535 7.150000095367432
endloop
endfacet
facet normal 0.8700872005450946 0.492897822522681 0.0
outer loop
vertex 16.00563621520996 1.8738020658493042 -8.149999618530273
vertex 15.909470558166504 2.043558359146118 -8.149999618530273
vertex 16.00563621520996 1.8738020658493042 7.150000095367432
endloop
endfacet
facet normal 0.0 0.0 -1.0
outer loop
vertex 15.909470558166504 -2.043558359146118 -8.149999618530273
vertex 15.850000381469727 1.9341233968734741 -8.149999618530273
vertex 15.909470558166504 2.043558359146118 -8.149999618530273
endloop
endfacet
facet normal 0.8932233387253821 0.449613241749263 0.0
outer loop
vertex 16.09335708618164 1.6995315551757812 -8.149999618530273
vertex 16.00563621520996 1.8738020658493042 -8.149999618530273
vertex 16.09335708618164 1.6995315551757812 7.150000095367432
endloop
endfacet
facet normal 0.8700872005450946 -0.492897822522681 0.0
outer loop
vertex 15.909470558166504 -2.043558359146118 -8.149999618530273
vertex 16.00563621520996 -1.8738020658493042 -8.149999618530273
vertex 15.909470558166504 -2.043558359146118 7.150000095367432
endloop
endfacet
facet normal 0.0 0.0 -1.0
outer loop
vertex 15.909470558166504 -2.043558359146118 -8.149999618530273
vertex 15.909470558166504 2.043558359146118 -8.149999618530273
vertex 16.00563621520996 1.8738020658493042 -8.149999618530273
endloop
endfacet
facet normal 0.0 0.0 -1.0
outer loop
vertex 16.00563621520996 -1.8738020658493042 -8.149999618530273
vertex 16.00563621520996 1.8738020658493042 -8.149999618530273
vertex 16.09335708618164 1.6995315551757812 -8.149999618530273
endloop
endfacet
facet normal 0.0 0.0 -0.9999999999999999
outer loop
vertex 15.909470558166504 -2.043558359146118 -8.149999618530273
vertex 16.00563621520996 1.8738020658493042 -8.149999618530273
vertex 16.00563621520996 -1.8738020658493042 -8.149999618530273
endloop
endfacet
facet normal 0.0 0.0 -1.0
outer loop
vertex 15.909470558166504 2.043558359146118 7.150000095367432
vertex 15.805091857910156 2.2083916664123535 7.150000095367432
vertex 15.857795715332031 3.7047555446624756 7.150000095367432
endloop
endfacet
facet normal 0.0 -0.0 -0.9999999999999999
outer loop
vertex 15.478496551513672 4.016037464141846 10.699999809265137
vertex 15.868898391723633 9.415440559387207 10.699999809265137
vertex 15.671966552734375 3.8650522232055664 10.699999809265137
endloop
endfacet
facet normal 0.0 -0.0 -1.0
outer loop
vertex 15.277851104736328 4.157348155975342 10.699999809265137
vertex 15.868898391723633 9.415440559387207 10.699999809265137
vertex 15.478496551513672 4.016037464141846 10.699999809265137
endloop
endfacet
facet normal 0.0 0.0 -1.0
outer loop
vertex 15.692749977111816 2.3679046630859375 7.150000095367432
vertex 15.671966552734375 3.8650522232055664 7.150000095367432
vertex 15.857795715332031 3.7047555446624756 7.150000095367432
endloop
endfacet
facet normal 0.0 -0.0 -1.0
outer loop
vertex 15.692749977111816 2.3679046630859375 7.150000095367432
vertex 15.857795715332031 3.7047555446624756 7.150000095367432
vertex 15.805091857910156 2.2083916664123535 7.150000095367432
endloop
endfacet
facet normal 0.8448555122110907 0.5349945452867122 -0.0
outer loop
vertex 15.805091857910156 2.2083916664123535 -8.149999618530273
vertex 15.805091857910156 2.2083916664123535 7.150000095367432
vertex 15.909470558166504 2.043558359146118 7.150000095367432
endloop
endfacet
facet normal 0.8448555122110907 0.5349945452867122 0.0
outer loop
vertex 15.909470558166504 2.043558359146118 -8.149999618530273
vertex 15.805091857910156 2.2083916664123535 -8.149999618530273
vertex 15.909470558166504 2.043558359146118 7.150000095367432
endloop
endfacet
facet normal 0.534996979417005 0.84485397082258 -0.0
outer loop
vertex 15.070513725280762 4.288642883300781 7.150000095367432
vertex 15.070513725280762 4.288642883300781 10.699999809265137
vertex 15.277851104736328 4.157348155975342 10.699999809265137
endloop
endfacet
facet normal 0.6152310082991623 0.7883468820431752 0.0
outer loop
vertex 15.478496551513672 4.016037464141846 7.150000095367432
vertex 15.671966552734375 3.8650522232055664 10.699999809265137
vertex 15.671966552734375 3.8650522232055664 7.150000095367432
endloop
endfacet
facet normal 0.6152310082991623 0.7883468820431752 -0.0
outer loop
vertex 15.478496551513672 4.016037464141846 7.150000095367432
vertex 15.478496551513672 4.016037464141846 10.699999809265137
vertex 15.671966552734375 3.8650522232055664 10.699999809265137
endloop
endfacet
facet normal 0.5758088035886261 0.8175843820119334 -0.0
outer loop
vertex 15.277851104736328 4.157348155975342 7.150000095367432
vertex 15.277851104736328 4.157348155975342 10.699999809265137
vertex 15.478496551513672 4.016037464141846 10.699999809265137
endloop
endfacet
facet normal 0.0 0.0 -1.0
outer loop
vertex 15.692749977111816 2.3679046630859375 7.150000095367432
vertex 15.57271671295166 2.5217132568359375 7.150000095367432
vertex 15.671966552734375 3.8650522232055664 7.150000095367432
endloop
endfacet
facet normal 0.8175844427643049 0.575808717327014 -0.0
outer loop
vertex 15.692749977111816 2.3679046630859375 -8.149999618530273
vertex 15.692749977111816 2.3679046630859375 7.150000095367432
vertex 15.805091857910156 2.2083916664123535 7.150000095367432
endloop
endfacet
facet normal 0.8175844427643049 0.575808717327014 0.0
outer loop
vertex 15.692749977111816 2.3679046630859375 -8.149999618530273
vertex 15.805091857910156 2.2083916664123535 7.150000095367432
vertex 15.805091857910156 2.2083916664123535 -8.149999618530273
endloop
endfacet
facet normal 0.0 0.0 -1.0
outer loop
vertex 12.5 3.8682467937469482 -8.149999618530273
vertex 15.805091857910156 2.2083916664123535 -8.149999618530273
vertex 15.909470558166504 2.043558359146118 -8.149999618530273
endloop
endfacet
facet normal 0.534996979417005 0.84485397082258 0.0
outer loop
vertex 15.070513725280762 4.288642883300781 7.150000095367432
vertex 15.277851104736328 4.157348155975342 10.699999809265137
vertex 15.277851104736328 4.157348155975342 7.150000095367432
endloop
endfacet
facet normal 0.0 0.0 -1.0
outer loop
vertex 15.57271671295166 2.5217132568359375 7.150000095367432
vertex 15.478496551513672 4.016037464141846 7.150000095367432
vertex 15.671966552734375 3.8650522232055664 7.150000095367432
endloop
endfacet
facet normal 0.5758088035886261 0.8175843820119334 0.0
outer loop
vertex 15.277851104736328 4.157348155975342 7.150000095367432
vertex 15.478496551513672 4.016037464141846 10.699999809265137
vertex 15.478496551513672 4.016037464141846 7.150000095367432
endloop
endfacet
facet normal 0.788346776959525 0.6152311429515975 -0.0
outer loop
vertex 15.57271671295166 2.5217132568359375 -8.149999618530273
vertex 15.57271671295166 2.5217132568359375 7.150000095367432
vertex 15.692749977111816 2.3679046630859375 7.150000095367432
endloop
endfacet
facet normal 0.788346776959525 0.6152311429515975 0.0
outer loop
vertex 15.692749977111816 2.3679046630859375 -8.149999618530273
vertex 15.57271671295166 2.5217132568359375 -8.149999618530273
vertex 15.692749977111816 2.3679046630859375 7.150000095367432
endloop
endfacet
facet normal 0.0 0.0 -0.9999999999999999
outer loop
vertex 12.5 3.8682467937469482 -8.149999618530273
vertex 15.692749977111816 2.3679046630859375 -8.149999618530273
vertex 15.805091857910156 2.2083916664123535 -8.149999618530273
endloop
endfacet
facet normal 0.0 0.0 -1.0
outer loop
vertex 15.021713256835938 3.072716474533081 7.150000095367432
vertex 15.070513725280762 4.288642883300781 7.150000095367432
vertex 15.16944694519043 2.9452807903289795 7.150000095367432
endloop
endfacet
facet normal 0.0 0.0 -1.0
outer loop
vertex 15.16944694519043 2.9452807903289795 7.150000095367432
vertex 15.070513725280762 4.288642883300781 7.150000095367432
vertex 15.277851104736328 4.157348155975342 7.150000095367432
endloop
endfacet
facet normal 0.0 0.0 -1.0
outer loop
vertex 15.445281028747559 2.6694469451904297 7.150000095367432
vertex 15.478496551513672 4.016037464141846 7.150000095367432
vertex 15.57271671295166 2.5217132568359375 7.150000095367432
endloop
endfacet
facet normal 0.0 0.0 -1.0
outer loop
vertex 15.310749053955078 2.8107495307922363 7.150000095367432
vertex 15.277851104736328 4.157348155975342 7.150000095367432
vertex 15.478496551513672 4.016037464141846 7.150000095367432
endloop
endfacet
facet normal 0.7572095354332137 0.6531720442953883 -0.0
outer loop
vertex 15.445281028747559 2.6694469451904297 -8.149999618530273
vertex 15.445281028747559 2.6694469451904297 7.150000095367432
vertex 15.57271671295166 2.5217132568359375 7.150000095367432
endloop
endfacet
facet normal 0.7572095354332137 0.6531720442953883 0.0
outer loop
vertex 15.445281028747559 2.6694469451904297 -8.149999618530273
vertex 15.57271671295166 2.5217132568359375 7.150000095367432
vertex 15.57271671295166 2.5217132568359375 -8.149999618530273
endloop
endfacet
facet normal 0.0 0.0 -1.0
outer loop
vertex 12.5 3.8682467937469482 -8.149999618530273
vertex 15.57271671295166 2.5217132568359375 -8.149999618530273
vertex 15.692749977111816 2.3679046630859375 -8.149999618530273
endloop
endfacet
facet normal 0.6531720442953883 0.7572095354332137 -0.0
outer loop
vertex 15.021713256835938 3.072716474533081 -8.149999618530273
vertex 15.021713256835938 3.072716474533081 7.150000095367432
vertex 15.16944694519043 2.9452807903289795 7.150000095367432
endloop
endfacet
facet normal 0.0 0.0 -0.9999999999999999
outer loop
vertex 15.310749053955078 2.8107495307922363 7.150000095367432
vertex 15.16944694519043 2.9452807903289795 7.150000095367432
vertex 15.277851104736328 4.157348155975342 7.150000095367432
endloop
endfacet
facet normal 0.0 -0.0 -1.0
outer loop
vertex 15.310749053955078 2.8107495307922363 7.150000095367432
vertex 15.478496551513672 4.016037464141846 7.150000095367432
vertex 15.445281028747559 2.6694469451904297 7.150000095367432
endloop
endfacet
facet normal 0.7242452152525695 0.689542506437246 0.0
outer loop
vertex 15.310749053955078 2.8107495307922363 -8.149999618530273
vertex 15.445281028747559 2.6694469451904297 7.150000095367432
vertex 15.445281028747559 2.6694469451904297 -8.149999618530273
endloop
endfacet
facet normal 0.0 0.0 -1.0
outer loop
vertex 12.5 3.8682467937469482 -8.149999618530273
vertex 15.445281028747559 2.6694469451904297 -8.149999618530273
vertex 15.57271671295166 2.5217132568359375 -8.149999618530273
endloop
endfacet
facet normal 0.6531720442953883 0.7572095354332137 0.0
outer loop
vertex 15.021713256835938 3.072716474533081 -8.149999618530273
vertex 15.16944694519043 2.9452807903289795 7.150000095367432
vertex 15.16944694519043 2.9452807903289795 -8.149999618530273
endloop
endfacet
facet normal 0.6895418040240044 0.7242458840085466 -0.0
outer loop
vertex 15.16944694519043 2.9452807903289795 -8.149999618530273
vertex 15.16944694519043 2.9452807903289795 7.150000095367432
vertex 15.310749053955078 2.8107495307922363 7.150000095367432
endloop
endfacet
facet normal 0.7242452152525695 0.689542506437246 -0.0
outer loop
vertex 15.310749053955078 2.8107495307922363 -8.149999618530273
vertex 15.310749053955078 2.8107495307922363 7.150000095367432
vertex 15.445281028747559 2.6694469451904297 7.150000095367432
endloop
endfacet
facet normal 0.0 0.0 -1.0
outer loop
vertex 12.5 3.8682467937469482 -8.149999618530273
vertex 15.310749053955078 2.8107495307922363 -8.149999618530273
vertex 15.445281028747559 2.6694469451904297 -8.149999618530273
endloop
endfacet
facet normal 0.0 0.0 -1.0
outer loop
vertex 12.5 3.8682467937469482 -8.149999618530273
vertex 15.021713256835938 3.072716474533081 -8.149999618530273
vertex 15.16944694519043 2.9452807903289795 -8.149999618530273
endloop
endfacet
facet normal 0.6895418040240044 0.7242458840085466 0.0
outer loop
vertex 15.310749053955078 2.8107495307922363 -8.149999618530273
vertex 15.16944694519043 2.9452807903289795 -8.149999618530273
vertex 15.310749053955078 2.8107495307922363 7.150000095367432
endloop
endfacet
facet normal 0.0 0.0 -0.9999999999999999
outer loop
vertex 12.5 3.8682467937469482 -8.149999618530273
vertex 15.16944694519043 2.9452807903289795 -8.149999618530273
vertex 15.310749053955078 2.8107495307922363 -8.149999618530273
endloop
endfacet
facet normal -0.0 0.0 1.0
outer loop
vertex 13.999266624450684 0.8013744354248047 14.100000381469727
vertex 14.070594787597656 0.6505618095397949 14.100000381469727
vertex 15.350000381469727 1.6454482078552246 14.100000381469727
endloop
endfacet
facet normal -0.9039913704545944 -0.4275507012549789 -0.0
outer loop
vertex 13.999266624450684 0.8013744354248047 14.100000381469727
vertex 13.999266624450684 0.8013744354248047 -10.149999618530273
vertex 14.070594787597656 0.6505618095397949 14.100000381469727
endloop
endfacet
facet normal 0.0 -0.0 1.0
outer loop
vertex 13.865452766418457 1.0126888751983643 14.100000381469727
vertex 15.350000381469727 1.6454482078552246 14.100000381469727
vertex 13.814117431640625 1.0784685611724854 14.100000381469727
endloop
endfacet
facet normal 0.0 -0.0 1.0
outer loop
vertex 13.999266624450684 0.8013744354248047 14.100000381469727
vertex 15.350000381469727 1.6454482078552246 14.100000381469727
vertex 13.865452766418457 1.0126888751983643 14.100000381469727
endloop
endfacet
facet normal -0.724247865072886 -0.6895397232483178 0.0
outer loop
vertex 13.814117431640625 1.0784685611724854 14.100000381469727
vertex 13.641650199890137 1.2596169710159302 -10.149999618530273
vertex 13.814117431640625 1.0784685611724854 -10.149999618530273
endloop
endfacet
facet normal -0.8448527252520401 -0.5349989463860662 0.0
outer loop
vertex 13.999266624450684 0.8013744354248047 14.100000381469727
vertex 13.865452766418457 1.0126888751983643 -10.149999618530273
vertex 13.999266624450684 0.8013744354248047 -10.149999618530273
endloop
endfacet
facet normal -0.7883443118244674 -0.6152343017209025 -0.0
outer loop
vertex 13.865452766418457 1.0126888751983643 14.100000381469727
vertex 13.814117431640625 1.0784685611724854 14.100000381469727
vertex 13.814117431640625 1.0784685611724854 -10.149999618530273
endloop
endfacet
facet normal -0.8448527252520401 -0.5349989463860662 -0.0
outer loop
vertex 13.999266624450684 0.8013744354248047 14.100000381469727
vertex 13.865452766418457 1.0126888751983643 14.100000381469727
vertex 13.865452766418457 1.0126888751983643 -10.149999618530273
endloop
endfacet
facet normal -0.0 -0.0 -1.0
outer loop
vertex 12.5 3.8682467937469482 -10.149999618530273
vertex 13.814117431640625 1.0784685611724854 -10.149999618530273
vertex 13.641650199890137 1.2596169710159302 -10.149999618530273
endloop
endfacet
facet normal -0.0 -0.0 -1.0
outer loop
vertex 12.5 3.8682467937469482 -10.149999618530273
vertex 13.999266624450684 0.8013744354248047 -10.149999618530273
vertex 13.865452766418457 1.0126888751983643 -10.149999618530273
endloop
endfacet
facet normal -0.7883443118244674 -0.6152343017209025 0.0
outer loop
vertex 13.865452766418457 1.0126888751983643 14.100000381469727
vertex 13.814117431640625 1.0784685611724854 -10.149999618530273
vertex 13.865452766418457 1.0126888751983643 -10.149999618530273
endloop
endfacet
facet normal -0.0 -0.0 -1.0
outer loop
vertex 12.5 3.8682467937469482 -10.149999618530273
vertex 13.865452766418457 1.0126888751983643 -10.149999618530273
vertex 13.814117431640625 1.0784685611724854 -10.149999618530273
endloop
endfacet
facet normal 0.0 0.0 1.0
outer loop
vertex 8.350000381469727 1.6454482078552246 10.600000381469727
vertex 7.649843692779541 1.2149008512496948 10.600000381469727
vertex 7.596073627471924 0.9754515886306763 10.600000381469727
endloop
endfacet
facet normal -0.9757021864105239 0.21910098912082332 0.0
outer loop
vertex 7.596073627471924 0.9754515886306763 7.150000095367432
vertex 7.596073627471924 0.9754515886306763 10.600000381469727
vertex 7.649843692779541 1.2149008512496948 10.600000381469727
endloop
endfacet
facet normal -0.9757021864105239 0.21910098912082332 0.0
outer loop
vertex 7.596073627471924 0.9754515886306763 7.150000095367432
vertex 7.649843692779541 1.2149008512496948 10.600000381469727
vertex 7.649843692779541 1.2149008512496948 7.150000095367432
endloop
endfacet
facet normal 0.0 0.0 -1.0
outer loop
vertex 7.596073627471924 -0.9754515886306763 7.150000095367432
vertex 7.596073627471924 0.9754515886306763 7.150000095367432
vertex 7.649843692779541 1.2149008512496948 7.150000095367432
endloop
endfacet
facet normal 0.0 0.0 1.0
outer loop
vertex 8.350000381469727 -1.6454482078552246 10.600000381469727
vertex 7.524076461791992 -0.4900856912136078 10.600000381469727
vertex 7.554117679595947 -0.7336523532867432 10.600000381469727
endloop
endfacet
facet normal 0.0 0.0 -0.9999999999999999
outer loop
vertex 7.596073627471924 -0.9754515886306763 7.150000095367432
vertex 7.554117679595947 -0.7336523532867432 7.150000095367432
vertex 7.596073627471924 0.9754515886306763 7.150000095367432
endloop
endfacet
facet normal -0.9924794676080332 -0.12241121834405118 0.0
outer loop
vertex 7.554117679595947 -0.7336523532867432 7.150000095367432
vertex 7.554117679595947 -0.7336523532867432 10.600000381469727
vertex 7.524076461791992 -0.4900856912136078 10.600000381469727
endloop
endfacet
facet normal -0.9852777793239075 -0.17096109958277006 -0.0
outer loop
vertex 7.596073627471924 -0.9754515886306763 7.150000095367432
vertex 7.554117679595947 -0.7336523532867432 10.600000381469727
vertex 7.554117679595947 -0.7336523532867432 7.150000095367432
endloop
endfacet
facet normal -0.9972904556313705 0.07356457779783353 0.0
outer loop
vertex 2.512045383453369 0.49067673087120056 10.699999809265137
vertex 2.5481526851654053 0.9801713824272156 16.700000762939453
vertex 2.5481526851654053 0.9801713824272156 10.699999809265137
endloop
endfacet
facet normal -0.9972904556313705 0.07356457779783353 0.0
outer loop
vertex 2.512045383453369 0.49067673087120056 10.699999809265137
vertex 2.512045383453369 0.49067673087120056 16.700000762939453
vertex 2.5481526851654053 0.9801713824272156 16.700000762939453
endloop
endfacet
facet normal 0.0 0.0 -1.0
outer loop
vertex 2.512045383453369 -0.49067673087120056 10.699999809265137
vertex 2.512045383453369 0.49067673087120056 10.699999809265137
vertex 2.5481526851654053 0.9801713824272156 10.699999809265137
endloop
endfacet
facet normal 0.0 -0.0 0.9999999999999999
outer loop
vertex 2.512045383453369 -0.49067673087120056 16.700000762939453
vertex 2.512045383453369 0.49067673087120056 16.700000762939453
vertex 2.5 -1.3552527156068805e-17 16.700000762939453
endloop
endfacet
facet normal -0.9996988214049037 0.0245411181824804 0.0
outer loop
vertex 2.5 5.421010862427522e-17 10.699999809265137
vertex 2.512045383453369 0.49067673087120056 16.700000762939453
vertex 2.512045383453369 0.49067673087120056 10.699999809265137
endloop
endfacet
facet normal 0.0 0.0 -0.9999999999999999
outer loop
vertex 2.512045383453369 -0.49067673087120056 10.699999809265137
vertex 2.5 5.421010862427522e-17 10.699999809265137
vertex 2.512045383453369 0.49067673087120056 10.699999809265137
endloop
endfacet
facet normal -0.9996988214049037 -0.024541118182480393 0.0
outer loop
vertex 2.512045383453369 -0.49067673087120056 10.699999809265137
vertex 2.512045383453369 -0.49067673087120056 16.700000762939453
vertex 2.5 -1.3552527156068805e-17 16.700000762939453
endloop
endfacet
facet normal -0.9996988214049037 0.024541118182480393 2.7716176478662345e-19
outer loop
vertex 2.5 5.421010862427522e-17 10.699999809265137
vertex 2.5 -1.3552527156068805e-17 16.700000762939453
vertex 2.512045383453369 0.49067673087120056 16.700000762939453
endloop
endfacet
facet normal -0.9996988214049037 -0.02454111818248039 -2.771617647866234e-19
outer loop
vertex 2.512045383453369 -0.49067673087120056 10.699999809265137
vertex 2.5 -1.3552527156068805e-17 16.700000762939453
vertex 2.5 5.421010862427522e-17 10.699999809265137
endloop
endfacet
facet normal 0.0 -0.0 -1.0
outer loop
vertex 4.769895553588867 -6.343932628631592 10.699999809265137
vertex 5.5 -3.290896415710449 10.699999809265137
vertex 5.090488910675049 -6.71558952331543 10.699999809265137
endloop
endfacet
facet normal -0.7883460431261611 -0.6152320832720973 -0.0
outer loop
vertex 4.769895553588867 -6.343932628631592 10.699999809265137
vertex 4.46792459487915 -5.956993103027344 16.700000762939453
vertex 4.46792459487915 -5.956993103027344 10.699999809265137
endloop
endfacet
facet normal 0.0 0.0 -1.0
outer loop
vertex 4.769895553588867 -6.343932628631592 10.699999809265137
vertex 4.46792459487915 -5.956993103027344 10.699999809265137
vertex 5.5 -3.290896415710449 10.699999809265137
endloop
endfacet
facet normal 0.0 -0.0 -1.0
outer loop
vertex 4.185303688049316 -5.555702209472656 10.699999809265137
vertex 5.5 -3.290896415710449 10.699999809265137
vertex 4.46792459487915 -5.956993103027344 10.699999809265137
endloop
endfacet
facet normal 0.0 -0.0 -0.9999999999999999
outer loop
vertex 3.9227139949798584 -5.141027450561523 10.699999809265137
vertex 5.5 -3.290896415710449 10.699999809265137
vertex 4.185303688049316 -5.555702209472656 10.699999809265137
endloop
endfacet
facet normal -0.8700869070199548 -0.49289834066716903 -0.0
outer loop
vertex 3.9227139949798584 -5.141027450561523 10.699999809265137
vertex 3.6807873249053955 -4.713967323303223 16.700000762939453
vertex 3.6807873249053955 -4.713967323303223 10.699999809265137
endloop
endfacet
facet normal 0.0 0.0 -1.0
outer loop
vertex 3.9227139949798584 -5.141027450561523 10.699999809265137
vertex 3.6807873249053955 -4.713967323303223 10.699999809265137
vertex 5.5 -3.290896415710449 10.699999809265137
endloop
endfacet
facet normal 0.0 -0.0 1.0
outer loop
vertex 4.769895553588867 -6.343932628631592 16.700000762939453
vertex 4.77315616607666 -1.5367817878723145 16.700000762939453
vertex 4.555530548095703 -1.4134982824325562 16.700000762939453
endloop
endfacet
facet normal 0.0 -0.0 1.0
outer loop
vertex 4.769895553588867 -6.343932628631592 16.700000762939453
vertex 5.086933612823486 -1.6490530967712402 16.700000762939453
vertex 4.849438190460205 -1.5705952644348145 16.700000762939453
endloop
endfacet
facet normal 0.0 -0.0 1.0
outer loop
vertex 4.769895553588867 -6.343932628631592 16.700000762939453
vertex 4.849438190460205 -1.5705952644348145 16.700000762939453
vertex 4.77315616607666 -1.5367817878723145 16.700000762939453
endloop
endfacet
facet normal 0.0 0.0 1.0
outer loop
vertex 8.350000381469727 1.6454482078552246 10.600000381469727
vertex 7.715298175811768 1.4514234066009521 10.600000381469727
vertex 7.649843692779541 1.2149008512496948 10.600000381469727
endloop
endfacet
facet normal -0.9637761949035432 0.26671229093772136 0.0
outer loop
vertex 7.649843692779541 1.2149008512496948 7.150000095367432
vertex 7.649843692779541 1.2149008512496948 10.600000381469727
vertex 7.715298175811768 1.4514234066009521 10.600000381469727
endloop
endfacet
facet normal -0.9637761949035432 0.26671229093772136 0.0
outer loop
vertex 7.649843692779541 1.2149008512496948 7.150000095367432
vertex 7.715298175811768 1.4514234066009521 10.600000381469727
vertex 7.715298175811768 1.4514234066009521 7.150000095367432
endloop
endfacet
facet normal 0.0 0.0 -1.0
outer loop
vertex 7.649843692779541 -1.2149008512496948 7.150000095367432
vertex 7.649843692779541 1.2149008512496948 7.150000095367432
vertex 7.715298175811768 1.4514234066009521 7.150000095367432
endloop
endfacet
facet normal 0.0 0.0 1.0
outer loop
vertex 8.350000381469727 -1.6454482078552246 10.600000381469727
vertex 7.554117679595947 -0.7336523532867432 10.600000381469727
vertex 7.596073627471924 -0.9754515886306763 10.600000381469727
endloop
endfacet
facet normal 0.0 0.0 -1.0
outer loop
vertex 7.649843692779541 -1.2149008512496948 7.150000095367432
vertex 7.596073627471924 -0.9754515886306763 7.150000095367432
vertex 7.649843692779541 1.2149008512496948 7.150000095367432
endloop
endfacet
facet normal -0.9852777793239075 -0.17096109958277006 0.0
outer loop
vertex 7.596073627471924 -0.9754515886306763 7.150000095367432
vertex 7.596073627471924 -0.9754515886306763 10.600000381469727
vertex 7.554117679595947 -0.7336523532867432 10.600000381469727
endloop
endfacet
facet normal -0.9757021864105239 -0.21910098912082332 -0.0
outer loop
vertex 7.649843692779541 -1.2149008512496948 7.150000095367432
vertex 7.596073627471924 -0.9754515886306763 10.600000381469727
vertex 7.596073627471924 -0.9754515886306763 7.150000095367432
endloop
endfacet
facet normal 0.024540568559253052 -0.9996988348971847 0.0
outer loop
vertex 12.695043563842773 -3.9702117443084717 -8.149999618530273
vertex 12.695043563842773 -3.9702117443084717 7.150000095367432
vertex 12.5 -3.9749996662139893 7.150000095367432
endloop
endfacet
facet normal 0.024540568559253052 -0.9996988348971847 0.0
outer loop
vertex 12.5 -3.9749996662139893 -8.149999618530273
vertex 12.695043563842773 -3.9702117443084717 -8.149999618530273
vertex 12.5 -3.9749996662139893 7.150000095367432
endloop
endfacet
facet normal -0.024540568559253052 -0.9996988348971847 0.0
outer loop
vertex 12.304956436157227 -3.9702117443084717 7.150000095367432
vertex 12.5 -3.9749996662139893 -8.149999618530273
vertex 12.5 -3.9749996662139893 7.150000095367432
endloop
endfacet
facet normal -0.21910147339857686 -0.9757020776623224 0.0
outer loop
vertex 11.724515914916992 -3.8986215591430664 -8.149999618530273
vertex 11.724515914916992 -3.8986215591430664 7.150000095367432
vertex 11.534153938293457 -3.8558743000030518 7.150000095367432
endloop
endfacet
facet normal -0.024540568559253052 -0.9996988348971847 0.0
outer loop
vertex 12.304956436157227 -3.9702117443084717 -8.149999618530273
vertex 12.5 -3.9749996662139893 -8.149999618530273
vertex 12.304956436157227 -3.9702117443084717 7.150000095367432
endloop
endfacet
facet normal -0.07356401955808649 -0.9972904968094588 0.0
outer loop
vertex 12.304956436157227 -3.9702117443084717 -8.149999618530273
vertex 12.304956436157227 -3.9702117443084717 7.150000095367432
vertex 12.110382080078125 -3.9558591842651367 7.150000095367432
endloop
endfacet
facet normal -0.12241143525632392 -0.9924794408543114 0.0
outer loop
vertex 12.110382080078125 -3.9558591842651367 -8.149999618530273
vertex 12.110382080078125 -3.9558591842651367 7.150000095367432
vertex 11.916746139526367 -3.931976318359375 7.150000095367432
endloop
endfacet
facet normal -0.17096015279034998 -0.9852779436067267 0.0
outer loop
vertex 11.916746139526367 -3.931976318359375 -8.149999618530273
vertex 11.916746139526367 -3.931976318359375 7.150000095367432
vertex 11.724515914916992 -3.8986215591430664 7.150000095367432
endloop
endfacet
facet normal -0.17096015279034998 -0.9852779436067267 0.0
outer loop
vertex 11.724515914916992 -3.8986215591430664 -8.149999618530273
vertex 11.916746139526367 -3.931976318359375 -8.149999618530273
vertex 11.724515914916992 -3.8986215591430664 7.150000095367432
endloop
endfacet
facet normal 0.0 0.0 -1.0
outer loop
vertex 12.304956436157227 -3.9702117443084717 -8.149999618530273
vertex 12.5 -3.8682467937469482 -8.149999618530273
vertex 12.5 -3.9749996662139893 -8.149999618530273
endloop
endfacet
facet normal -0.07356401955808649 -0.9972904968094588 0.0
outer loop
vertex 12.110382080078125 -3.9558591842651367 -8.149999618530273
vertex 12.304956436157227 -3.9702117443084717 -8.149999618530273
vertex 12.110382080078125 -3.9558591842651367 7.150000095367432
endloop
endfacet
facet normal -0.12241143525632392 -0.9924794408543114 0.0
outer loop
vertex 11.916746139526367 -3.931976318359375 -8.149999618530273
vertex 12.110382080078125 -3.9558591842651367 -8.149999618530273
vertex 11.916746139526367 -3.931976318359375 7.150000095367432
endloop
endfacet
facet normal 0.0 -0.0 -1.0
outer loop
vertex 11.724515914916992 -3.8986215591430664 -8.149999618530273
vertex 12.5 -3.8682467937469482 -8.149999618530273
vertex 11.916746139526367 -3.931976318359375 -8.149999618530273
endloop
endfacet
facet normal 0.0 -0.0 -0.9999999999999999
outer loop
vertex 12.110382080078125 -3.9558591842651367 -8.149999618530273
vertex 12.5 -3.8682467937469482 -8.149999618530273
vertex 12.304956436157227 -3.9702117443084717 -8.149999618530273
endloop
endfacet
facet normal 0.0 -0.0 -1.0
outer loop
vertex 11.916746139526367 -3.931976318359375 -8.149999618530273
vertex 12.5 -3.8682467937469482 -8.149999618530273
vertex 12.110382080078125 -3.9558591842651367 -8.149999618530273
endloop
endfacet
facet normal -0.21910078143584538 -0.9757022330476659 0.0
outer loop
vertex 11.285099029541016 -4.850156307220459 7.150000095367432
vertex 11.524548530578613 -4.903926372528076 7.150000095367432
vertex 11.285099029541016 -4.850156307220459 10.600000381469727
endloop
endfacet
facet normal 0.0 -0.0 -1.0
outer loop
vertex 11.160862922668457 -3.7426376342773438 7.150000095367432
vertex 11.346117973327637 -3.803837776184082 7.150000095367432
vertex 11.285099029541016 -4.850156307220459 7.150000095367432
endloop
endfacet
facet normal 0.0 0.0 -1.0
outer loop
vertex 11.524548530578613 -4.903926372528076 7.150000095367432
vertex 11.346117973327637 -3.803837776184082 7.150000095367432
vertex 11.534153938293457 -3.8558743000030518 7.150000095367432
endloop
endfacet
facet normal 0.0 0.0 -1.0
outer loop
vertex 11.285099029541016 -4.850156307220459 7.150000095367432
vertex 11.346117973327637 -3.803837776184082 7.150000095367432
vertex 11.524548530578613 -4.903926372528076 7.150000095367432
endloop
endfacet
facet normal -0.3136838350284157 0.9495274886183473 0.0
outer loop
vertex 13.150562286376953 -8.570594787597656 13.300000190734863
vertex 12.913065910339355 -8.649053573608398 16.700000762939453
vertex 13.150562286376953 -8.570594787597656 16.700000762939453
endloop
endfacet
facet normal 0.0 0.0 1.0
outer loop
vertex 13.480171203613281 -9.951847076416016 16.700000762939453
vertex 13.150562286376953 -8.570594787597656 16.700000762939453
vertex 12.913065910339355 -8.649053573608398 16.700000762939453
endloop
endfacet
facet normal 0.0 -0.0 1.0
outer loop
vertex 12.990676879882812 -9.987954139709473 16.700000762939453
vertex 13.480171203613281 -9.951847076416016 16.700000762939453
vertex 12.913065910339355 -8.649053573608398 16.700000762939453
endloop
endfacet
facet normal -1.0 -0.0 -0.0
outer loop
vertex 15.350000381469727 -8.645448684692383 13.300000190734863
vertex 15.350000381469727 -5.354551792144775 10.699999809265137
vertex 15.350000381469727 -8.645448684692383 10.699999809265137
endloop
endfacet
facet normal 0.07356414367639032 -0.9972904876540031 0.0
outer loop
vertex 13.480171203613281 -9.951847076416016 10.699999809265137
vertex 13.480171203613281 -9.951847076416016 16.700000762939453
vertex 12.990676879882812 -9.987954139709473 16.700000762939453
endloop
endfacet
facet normal -0.4999997690276976 0.8660255371363185 0.0
outer loop
vertex 15.350000381469727 -8.645448684692383 13.300000190734863
vertex 15.350000381469727 -8.645448684692383 10.699999809265137
vertex 13.029696464538574 -9.985075950622559 10.699999809265137
endloop
endfacet
facet normal -0.0 0.0 -1.0
outer loop
vertex 13.480171203613281 -9.951847076416016 10.699999809265137
vertex 13.029696464538574 -9.985075950622559 10.699999809265137
vertex 15.350000381469727 -8.645448684692383 10.699999809265137
endloop
endfacet
facet normal 0.07356435954179219 -0.9972904717308823 1.7706634858251505e-08
outer loop
vertex 13.480171203613281 -9.951847076416016 10.699999809265137
vertex 12.990676879882812 -9.987954139709473 16.700000762939453
vertex 13.029696464538574 -9.985075950622559 13.300000190734863
endloop
endfacet
facet normal -0.4999997690276976 0.8660255371363185 0.0
outer loop
vertex 15.350000381469727 -8.645448684692383 13.300000190734863
vertex 13.029696464538574 -9.985075950622559 10.699999809265137
vertex 13.029696464538574 -9.985075950622559 13.300000190734863
endloop
endfacet
facet normal 0.07356425789765232 -0.9972904792285784 0.0
outer loop
vertex 13.480171203613281 -9.951847076416016 10.699999809265137
vertex 13.029696464538574 -9.985075950622559 13.300000190734863
vertex 13.029696464538574 -9.985075950622559 10.699999809265137
endloop
endfacet
facet normal 0.0 0.0 1.0
outer loop
vertex 15.350000381469727 -1.6454482078552246 16.700000762939453
vertex 14.070594787597656 -6.349438190460205 16.700000762939453
vertex 14.149053573608398 -6.586933612823486 16.700000762939453
endloop
endfacet
facet normal -0.9039913704545943 -0.4275507012549789 0.0
outer loop
vertex 13.999266624450684 -6.198625564575195 13.300000190734863
vertex 14.070594787597656 -6.349438190460205 13.300000190734863
vertex 14.070594787597656 -6.349438190460205 16.700000762939453
endloop
endfacet
facet normal -0.9495271134404216 -0.3136849706975147 0.0
outer loop
vertex 14.070594787597656 -6.349438190460205 13.300000190734863
vertex 14.149053573608398 -6.586933612823486 16.700000762939453
vertex 14.070594787597656 -6.349438190460205 16.700000762939453
endloop
endfacet
facet normal 0.0 -0.0 -1.0
outer loop
vertex 13.999266624450684 -6.198625564575195 13.300000190734863
vertex 15.350000381469727 -5.354551792144775 13.300000190734863
vertex 14.070594787597656 -6.349438190460205 13.300000190734863
endloop
endfacet
facet normal -0.9495271134404216 -0.3136849706975147 0.0
outer loop
vertex 14.149053573608398 -6.586933612823486 13.300000190734863
vertex 14.149053573608398 -6.586933612823486 16.700000762939453
vertex 14.070594787597656 -6.349438190460205 13.300000190734863
endloop
endfacet
facet normal 0.0 0.0 -1.0
outer loop
vertex 14.149053573608398 -6.586933612823486 13.300000190734863
vertex 14.070594787597656 -6.349438190460205 13.300000190734863
vertex 15.350000381469727 -5.354551792144775 13.300000190734863
endloop
endfacet
facet normal -0.9807863650024319 -0.19508486928851274 0.0
outer loop
vertex 14.149053573608398 -6.586933612823486 13.300000190734863
vertex 14.181599617004395 -6.750558376312256 16.700000762939453
vertex 14.149053573608398 -6.586933612823486 16.700000762939453
endloop
endfacet
facet normal 0.0 0.0 -0.9999999999999999
outer loop
vertex 14.149053573608398 -6.586933612823486 13.300000190734863
vertex 15.350000381469727 -5.354551792144775 13.300000190734863
vertex 15.350000381469727 -8.645448684692383 13.300000190734863
endloop
endfacet
facet normal -0.9807863650024319 -0.19508486928851274 0.0
outer loop
vertex 14.181599617004395 -6.750558376312256 13.300000190734863
vertex 14.181599617004395 -6.750558376312256 16.700000762939453
vertex 14.149053573608398 -6.586933612823486 13.300000190734863
endloop
endfacet
facet normal -0.9972903766920163 -0.07356564794451628 0.0
outer loop
vertex 14.181599617004395 -6.750558376312256 13.300000190734863
vertex 14.199999809265137 -7.0 16.700000762939453
vertex 14.181599617004395 -6.750558376312256 16.700000762939453
endloop
endfacet
facet normal 0.0 0.0 -1.0
outer loop
vertex 14.181599617004395 -6.750558376312256 13.300000190734863
vertex 14.149053573608398 -6.586933612823486 13.300000190734863
vertex 15.350000381469727 -8.645448684692383 13.300000190734863
endloop
endfacet
facet normal -0.9972903766920163 -0.07356564794451628 0.0
outer loop
vertex 14.199999809265137 -7.0 13.300000190734863
vertex 14.199999809265137 -7.0 16.700000762939453
vertex 14.181599617004395 -6.750558376312256 13.300000190734863
endloop
endfacet
facet normal 0.0 0.0 -1.0
outer loop
vertex 14.199999809265137 -7.0 13.300000190734863
vertex 14.181599617004395 -6.750558376312256 13.300000190734863
vertex 15.350000381469727 -8.645448684692383 13.300000190734863
endloop
endfacet
facet normal -0.9972903766920163 0.07356564794451628 0.0
outer loop
vertex 14.181599617004395 -7.249441623687744 13.300000190734863
vertex 14.181599617004395 -7.249441623687744 16.700000762939453
vertex 14.199999809265137 -7.0 13.300000190734863
endloop
endfacet
facet normal 0.0 0.0 -1.0
outer loop
vertex 14.181599617004395 -7.249441623687744 13.300000190734863
vertex 14.199999809265137 -7.0 13.300000190734863
vertex 15.350000381469727 -8.645448684692383 13.300000190734863
endloop
endfacet
facet normal -0.9807863650024319 0.19508486928851274 0.0
outer loop
vertex 14.149053573608398 -7.413066387176514 13.300000190734863
vertex 14.149053573608398 -7.413066387176514 16.700000762939453
vertex 14.181599617004395 -7.249441623687744 13.300000190734863
endloop
endfacet
facet normal 0.0 0.0 -0.9999999999999999
outer loop
vertex 14.149053573608398 -7.413066387176514 13.300000190734863
vertex 14.181599617004395 -7.249441623687744 13.300000190734863
vertex 15.350000381469727 -8.645448684692383 13.300000190734863
endloop
endfacet
facet normal -0.9495271134404216 0.3136849706975147 0.0
outer loop
vertex 14.070594787597656 -7.650561809539795 13.300000190734863
vertex 14.070594787597656 -7.650561809539795 16.700000762939453
vertex 14.149053573608398 -7.413066387176514 13.300000190734863
endloop
endfacet
facet normal 0.0 0.0 -0.9999999999999999
outer loop
vertex 14.070594787597656 -7.650561809539795 13.300000190734863
vertex 14.149053573608398 -7.413066387176514 13.300000190734863
vertex 15.350000381469727 -8.645448684692383 13.300000190734863
endloop
endfacet
facet normal -0.9039913704545943 0.4275507012549789 0.0
outer loop
vertex 13.999266624450684 -7.801374435424805 13.300000190734863
vertex 13.999266624450684 -7.801374435424805 16.700000762939453
vertex 14.070594787597656 -7.650561809539795 13.300000190734863
endloop
endfacet
facet normal 0.0 0.0 -1.0
outer loop
vertex 13.999266624450684 -7.801374435424805 13.300000190734863
vertex 14.070594787597656 -7.650561809539795 13.300000190734863
vertex 15.350000381469727 -8.645448684692383 13.300000190734863
endloop
endfacet
facet normal -0.8700841129365686 0.49290327287956254 0.0
outer loop
vertex 13.958138465881348 -7.873974800109863 13.300000190734863
vertex 13.958138465881348 -7.873974800109863 16.700000762939453
vertex 13.999266624450684 -7.801374435424805 13.300000190734863
endloop
endfacet
facet normal 0.0 0.0 -1.0
outer loop
vertex 13.958138465881348 -7.873974800109863 13.300000190734863
vertex 13.999266624450684 -7.801374435424805 13.300000190734863
vertex 15.350000381469727 -8.645448684692383 13.300000190734863
endloop
endfacet
facet normal -0.8175839730115126 0.575809384323241 0.0
outer loop
vertex 13.814117431640625 -8.078468322753906 13.300000190734863
vertex 13.814117431640625 -8.078468322753906 16.700000762939453
vertex 13.958138465881348 -7.873974800109863 13.300000190734863
endloop
endfacet
facet normal 0.0 0.0 -1.0
outer loop
vertex 13.814117431640625 -8.078468322753906 13.300000190734863
vertex 13.958138465881348 -7.873974800109863 13.300000190734863
vertex 15.350000381469727 -8.645448684692383 13.300000190734863
endloop
endfacet
facet normal -0.7572117046896303 0.6531695295105431 0.0
outer loop
vertex 13.75961685180664 -8.141650199890137 13.300000190734863
vertex 13.75961685180664 -8.141650199890137 16.700000762939453
vertex 13.814117431640625 -8.078468322753906 13.300000190734863
endloop
endfacet
facet normal -0.6895394852306315 0.7242480916839724 0.0
outer loop
vertex 13.75961685180664 -8.141650199890137 13.300000190734863
vertex 13.578468322753906 -8.314117431640625 16.700000762939453
vertex 13.75961685180664 -8.141650199890137 16.700000762939453
endloop
endfacet
facet normal 0.0 0.0 -1.0
outer loop
vertex 13.75961685180664 -8.141650199890137 13.300000190734863
vertex 13.814117431640625 -8.078468322753906 13.300000190734863
vertex 15.350000381469727 -8.645448684692383 13.300000190734863
endloop
endfacet
facet normal -0.6895394852306315 0.7242480916839724 0.0
outer loop
vertex 13.578468322753906 -8.314117431640625 13.300000190734863
vertex 13.578468322753906 -8.314117431640625 16.700000762939453
vertex 13.75961685180664 -8.141650199890137 13.300000190734863
endloop
endfacet
facet normal 0.0 0.0 -1.0
outer loop
vertex 13.578468322753906 -8.314117431640625 13.300000190734863
vertex 13.75961685180664 -8.141650199890137 13.300000190734863
vertex 15.350000381469727 -8.645448684692383 13.300000190734863
endloop
endfacet
facet normal -0.575809384323241 0.8175839730115126 0.0
outer loop
vertex 13.373974800109863 -8.458138465881348 13.300000190734863
vertex 13.373974800109863 -8.458138465881348 16.700000762939453
vertex 13.578468322753906 -8.314117431640625 13.300000190734863
endloop
endfacet
facet normal 0.0 0.0 -0.9999999999999999
outer loop
vertex 13.373974800109863 -8.458138465881348 13.300000190734863
vertex 13.578468322753906 -8.314117431640625 13.300000190734863
vertex 15.350000381469727 -8.645448684692383 13.300000190734863
endloop
endfacet
facet normal -0.4496110511696694 0.8932244413729984 0.0
outer loop
vertex 13.150562286376953 -8.570594787597656 13.300000190734863
vertex 13.150562286376953 -8.570594787597656 16.700000762939453
vertex 13.373974800109863 -8.458138465881348 13.300000190734863
endloop
endfacet
facet normal -0.3136838350284157 0.9495274886183473 0.0
outer loop
vertex 12.913065910339355 -8.649053573608398 13.300000190734863
vertex 12.913065910339355 -8.649053573608398 16.700000762939453
vertex 13.150562286376953 -8.570594787597656 13.300000190734863
endloop
endfacet
facet normal 0.0 0.0 -1.0
outer loop
vertex 13.150562286376953 -8.570594787597656 13.300000190734863
vertex 13.373974800109863 -8.458138465881348 13.300000190734863
vertex 15.350000381469727 -8.645448684692383 13.300000190734863
endloop
endfacet
facet normal 0.0 -0.0 -1.0
outer loop
vertex 12.913065910339355 -8.649053573608398 13.300000190734863
vertex 13.150562286376953 -8.570594787597656 13.300000190734863
vertex 12.990676879882812 -9.987954139709473 13.300000190734863
endloop
endfacet
facet normal 0.0 -0.0 -1.0
outer loop
vertex 13.150562286376953 -8.570594787597656 13.300000190734863
vertex 15.350000381469727 -8.645448684692383 13.300000190734863
vertex 13.029696464538574 -9.985075950622559 13.300000190734863
endloop
endfacet
facet normal 0.07356282501034526 -0.9972905849232194 0.0
outer loop
vertex 12.990676879882812 -9.987954139709473 16.700000762939453
vertex 12.990676879882812 -9.987954139709473 13.300000190734863
vertex 13.029696464538574 -9.985075950622559 13.300000190734863
endloop
endfacet
facet normal 0.0 0.0 -0.9999999999999999
outer loop
vertex 13.150562286376953 -8.570594787597656 13.300000190734863
vertex 13.029696464538574 -9.985075950622559 13.300000190734863
vertex 12.990676879882812 -9.987954139709473 13.300000190734863
endloop
endfacet
facet normal -0.19508596305816145 0.9807861474438092 0.0
outer loop
vertex 12.913065910339355 -8.649053573608398 13.300000190734863
vertex 12.749442100524902 -8.681599617004395 16.700000762939453
vertex 12.913065910339355 -8.649053573608398 16.700000762939453
endloop
endfacet
facet normal -0.19508596305816145 0.9807861474438092 0.0
outer loop
vertex 12.749442100524902 -8.681599617004395 13.300000190734863
vertex 12.749442100524902 -8.681599617004395 16.700000762939453
vertex 12.913065910339355 -8.649053573608398 13.300000190734863
endloop
endfacet
facet normal 0.0 0.0 -0.9999999999999999
outer loop
vertex 12.749442100524902 -8.681599617004395 13.300000190734863
vertex 12.913065910339355 -8.649053573608398 13.300000190734863
vertex 12.990676879882812 -9.987954139709473 13.300000190734863
endloop
endfacet
facet normal -0.09801960085916717 0.9951844843281117 0.0
outer loop
vertex 12.749442100524902 -8.681599617004395 13.300000190734863
vertex 12.583415031433105 -8.697952270507812 16.700000762939453
vertex 12.749442100524902 -8.681599617004395 16.700000762939453
endloop
endfacet
facet normal 0.0 0.0 -0.9999999999999999
outer loop
vertex 12.583415031433105 -8.697952270507812 13.300000190734863
vertex 12.749442100524902 -8.681599617004395 13.300000190734863
vertex 12.990676879882812 -9.987954139709473 13.300000190734863
endloop
endfacet
facet normal -0.09801960085916717 0.9951844843281117 0.0
outer loop
vertex 12.583415031433105 -8.697952270507812 13.300000190734863
vertex 12.583415031433105 -8.697952270507812 16.700000762939453
vertex 12.749442100524902 -8.681599617004395 13.300000190734863
endloop
endfacet
facet normal 0.0 0.0 -1.0
outer loop
vertex 12.33337116241455 -8.691814422607422 13.300000190734863
vertex 12.583415031433105 -8.697952270507812 13.300000190734863
vertex 12.990676879882812 -9.987954139709473 13.300000190734863
endloop
endfacet
facet normal 0.12241969209360166 0.9924784224292778 0.0
outer loop
vertex 12.33337116241455 -8.691814422607422 13.300000190734863
vertex 12.250557899475098 -8.681599617004395 16.700000762939453
vertex 12.33337116241455 -8.691814422607422 16.700000762939453
endloop
endfacet
facet normal 0.024539691978669547 0.9996988564150666 0.0
outer loop
vertex 12.583415031433105 -8.697952270507812 13.300000190734863
vertex 12.33337116241455 -8.691814422607422 16.700000762939453
vertex 12.583415031433105 -8.697952270507812 16.700000762939453
endloop
endfacet
facet normal 0.024539691978669547 0.9996988564150666 -0.0
outer loop
vertex 12.33337116241455 -8.691814422607422 13.300000190734863
vertex 12.33337116241455 -8.691814422607422 16.700000762939453
vertex 12.583415031433105 -8.697952270507812 13.300000190734863
endloop
endfacet
facet normal 0.0 0.0 1.0
outer loop
vertex 15.350000381469727 -1.6454482078552246 16.700000762939453
vertex 13.958138465881348 -6.126025199890137 16.700000762939453
vertex 13.999266624450684 -6.198625564575195 16.700000762939453
endloop
endfacet
facet normal 0.0 0.0 0.9999999999999999
outer loop
vertex 15.350000381469727 -1.6454482078552246 16.700000762939453
vertex 13.814117431640625 -5.9215312004089355 16.700000762939453
vertex 13.958138465881348 -6.126025199890137 16.700000762939453
endloop
endfacet
facet normal -0.8175846051021626 -0.5758084868252127 0.0
outer loop
vertex 13.814117431640625 -5.9215312004089355 13.300000190734863
vertex 13.958138465881348 -6.126025199890137 16.700000762939453
vertex 13.814117431640625 -5.9215312004089355 16.700000762939453
endloop
endfacet
facet normal -0.7409524172530443 -0.6715575294543803 0.0
outer loop
vertex 13.702081680297852 -5.797918319702148 13.300000190734863
vertex 13.814117431640625 -5.9215312004089355 13.300000190734863
vertex 13.814117431640625 -5.9215312004089355 16.700000762939453
endloop
endfacet
facet normal -0.7409524172530443 -0.6715575294543803 0.0
outer loop
vertex 13.702081680297852 -5.797918319702148 13.300000190734863
vertex 13.814117431640625 -5.9215312004089355 16.700000762939453
vertex 13.702081680297852 -5.797918319702148 16.700000762939453
endloop
endfacet
facet normal 0.0 0.0 -0.9999999999999999
outer loop
vertex 13.702081680297852 -5.797918319702148 13.300000190734863
vertex 12.5 -3.709103584289551 13.300000190734863
vertex 15.350000381469727 -5.354551792144775 13.300000190734863
endloop
endfacet
facet normal -0.6715576764189635 -0.7409522840525986 0.0
outer loop
vertex 13.702081680297852 -5.797918319702148 13.300000190734863
vertex 13.702081680297852 -5.797918319702148 16.700000762939453
vertex 13.578468322753906 -5.685882091522217 13.300000190734863
endloop
endfacet
facet normal 0.0 0.0 -1.0
outer loop
vertex 13.702081680297852 -5.797918319702148 13.300000190734863
vertex 13.578468322753906 -5.685882091522217 13.300000190734863
vertex 12.5 -3.709103584289551 13.300000190734863
endloop
endfacet
facet normal 0.0 0.0 -1.0
outer loop
vertex 14.85698413848877 -4.409606456756592 10.699999809265137
vertex 15.070513725280762 -4.288642883300781 10.699999809265137
vertex 15.350000381469727 -5.354551792144775 10.699999809265137
endloop
endfacet
facet normal 0.0 0.0 -1.0
outer loop
vertex 14.637775421142578 -4.519946575164795 10.699999809265137
vertex 14.85698413848877 -4.409606456756592 10.699999809265137
vertex 15.350000381469727 -5.354551792144775 10.699999809265137
endloop
endfacet
facet normal 0.0 0.0 -1.0
outer loop
vertex 14.413416862487793 -4.6193976402282715 10.699999809265137
vertex 14.637775421142578 -4.519946575164795 10.699999809265137
vertex 15.350000381469727 -5.354551792144775 10.699999809265137
endloop
endfacet
facet normal -1.0 0.0 0.0
outer loop
vertex 15.350000381469727 -8.645448684692383 13.300000190734863
vertex 15.350000381469727 -5.354551792144775 13.300000190734863
vertex 15.350000381469727 -5.354551792144775 10.699999809265137
endloop
endfacet
facet normal -0.49999993581818636 -0.8660254408398229 -6.556472792885069e-10
outer loop
vertex 15.350000381469727 -5.354551792144775 13.300000190734863
vertex 12.5 -3.709103584289551 10.600000381469727
vertex 14.211548805236816 -4.697266578674316 10.699999809265137
endloop
endfacet
facet normal -0.0 -0.0 -1.0
outer loop
vertex 14.413416862487793 -4.6193976402282715 10.699999809265137
vertex 15.350000381469727 -5.354551792144775 10.699999809265137
vertex 14.211548805236816 -4.697266578674316 10.699999809265137
endloop
endfacet
facet normal -0.49999993694121386 -0.8660254401914427 0.0
outer loop
vertex 15.350000381469727 -5.354551792144775 13.300000190734863
vertex 14.211548805236816 -4.697266578674316 10.699999809265137
vertex 15.350000381469727 -5.354551792144775 10.699999809265137
endloop
endfacet
facet normal 0.4999999358469166 -0.8660254408232354 0.0
outer loop
vertex 12.5 -3.709103584289551 10.600000381469727
vertex 10.788451194763184 -4.697266578674316 10.699999809265137
vertex 10.788451194763184 -4.697266578674316 10.600000381469727
endloop
endfacet
facet normal -0.3598943767119371 -0.9329930533563079 0.0
outer loop
vertex 10.586583137512207 -4.6193976402282715 10.699999809265137
vertex 10.788451194763184 -4.697266578674316 10.600000381469727
vertex 10.788451194763184 -4.697266578674316 10.699999809265137
endloop
endfacet
facet normal 0.0 0.0 1.0
outer loop
vertex 12.5 -3.709103584289551 10.600000381469727
vertex 10.788451194763184 -4.697266578674316 10.600000381469727
vertex 10.815550804138184 -4.7077202796936035 10.600000381469727
endloop
endfacet
facet normal -0.3598943474248623 -0.9329930646535526 6.79186820024432e-08
outer loop
vertex 10.815550804138184 -4.7077202796936035 7.150000095367432
vertex 10.788451194763184 -4.697266578674316 10.600000381469727
vertex 10.586583137512207 -4.6193976402282715 10.699999809265137
endloop
endfacet
facet normal -0.3599018740476954 -0.9329901612862576 0.0
outer loop
vertex 10.815550804138184 -4.7077202796936035 7.150000095367432
vertex 10.815550804138184 -4.7077202796936035 10.600000381469727
vertex 10.788451194763184 -4.697266578674316 10.600000381469727
endloop
endfacet
facet normal -0.31368284517746076 -0.9495278156227827 0.0
outer loop
vertex 10.815550804138184 -4.7077202796936035 7.150000095367432
vertex 11.048576354980469 -4.784701824188232 7.150000095367432
vertex 10.815550804138184 -4.7077202796936035 10.600000381469727
endloop
endfacet
facet normal 0.0 0.0 -0.9999999999999999
outer loop
vertex 11.048576354980469 -4.784701824188232 7.150000095367432
vertex 10.978833198547363 -3.6724212169647217 7.150000095367432
vertex 11.160862922668457 -3.7426376342773438 7.150000095367432
endloop
endfacet
facet normal 0.0 0.0 -1.0
outer loop
vertex 10.815550804138184 -4.7077202796936035 7.150000095367432
vertex 10.978833198547363 -3.6724212169647217 7.150000095367432
vertex 11.048576354980469 -4.784701824188232 7.150000095367432
endloop
endfacet
facet normal -0.35989526406737155 -0.9329927110657816 0.0
outer loop
vertex 10.586583137512207 -4.6193976402282715 7.150000095367432
vertex 10.815550804138184 -4.7077202796936035 7.150000095367432
vertex 10.586583137512207 -4.6193976402282715 10.699999809265137
endloop
endfacet
facet normal 0.0 0.0 -1.0
outer loop
vertex 10.586583137512207 -4.6193976402282715 7.150000095367432
vertex 10.626197814941406 -3.5056369304656982 7.150000095367432
vertex 10.800468444824219 -3.5933573246002197 7.150000095367432
endloop
endfacet
facet normal 0.0 0.0 -0.9999999999999999
outer loop
vertex 10.815550804138184 -4.7077202796936035 7.150000095367432
vertex 10.800468444824219 -3.5933573246002197 7.150000095367432
vertex 10.978833198547363 -3.6724212169647217 7.150000095367432
endloop
endfacet
facet normal 0.0 0.0 -1.0
outer loop
vertex 10.586583137512207 -4.6193976402282715 7.150000095367432
vertex 10.800468444824219 -3.5933573246002197 7.150000095367432
vertex 10.815550804138184 -4.7077202796936035 7.150000095367432
endloop
endfacet
facet normal -0.0 0.0 1.0
outer loop
vertex 14.070594787597656 0.6505618095397949 14.100000381469727
vertex 14.149053573608398 0.4130662977695465 14.100000381469727
vertex 15.350000381469727 1.6454482078552246 14.100000381469727
endloop
endfacet
facet normal 0.0 -0.0 1.0
outer loop
vertex 15.350000381469727 -1.6454482078552246 14.100000381469727
vertex 15.350000381469727 1.6454482078552246 14.100000381469727
vertex 14.149053573608398 0.4130662977695465 14.100000381469727
endloop
endfacet
facet normal -1.0 0.0 0.0
outer loop
vertex 15.350000381469727 -1.6454482078552246 14.100000381469727
vertex 15.350000381469727 -1.6454482078552246 16.700000762939453
vertex 15.350000381469727 1.6454482078552246 14.100000381469727
endloop
endfacet
facet normal -0.499999936284041 0.8660254405708617 0.0
outer loop
vertex 15.350000381469727 -1.6454482078552246 14.100000381469727
vertex 12.5 -3.290896415710449 16.700000762939453
vertex 15.350000381469727 -1.6454482078552246 16.700000762939453
endloop
endfacet
facet normal 0.0 0.0 1.0
outer loop
vertex 15.350000381469727 -1.6454482078552246 16.700000762939453
vertex 13.702081680297852 -5.797918319702148 16.700000762939453
vertex 13.814117431640625 -5.9215312004089355 16.700000762939453
endloop
endfacet
facet normal -0.0 0.0 1.0
outer loop
vertex 12.5 -3.290896415710449 16.700000762939453
vertex 13.578468322753906 -5.685882091522217 16.700000762939453
vertex 15.350000381469727 -1.6454482078552246 16.700000762939453
endloop
endfacet
facet normal 0.0 0.0 1.0
outer loop
vertex 15.350000381469727 -1.6454482078552246 16.700000762939453
vertex 13.578468322753906 -5.685882091522217 16.700000762939453
vertex 13.702081680297852 -5.797918319702148 16.700000762939453
endloop
endfacet
facet normal 0.0 0.0 1.0
outer loop
vertex 12.5 -3.290896415710449 16.700000762939453
vertex 13.373974800109863 -5.541861534118652 16.700000762939453
vertex 13.578468322753906 -5.685882091522217 16.700000762939453
endloop
endfacet
facet normal -0.6715576764189635 -0.7409522840525986 0.0
outer loop
vertex 13.578468322753906 -5.685882091522217 13.300000190734863
vertex 13.702081680297852 -5.797918319702148 16.700000762939453
vertex 13.578468322753906 -5.685882091522217 16.700000762939453
endloop
endfacet
facet normal 0.0 0.0 -1.0
outer loop
vertex 13.373974800109863 -5.541861534118652 13.300000190734863
vertex 12.5 -3.709103584289551 13.300000190734863
vertex 13.578468322753906 -5.685882091522217 13.300000190734863
endloop
endfacet
facet normal -0.5758081099743121 -0.8175848705105854 0.0
outer loop
vertex 13.578468322753906 -5.685882091522217 13.300000190734863
vertex 13.578468322753906 -5.685882091522217 16.700000762939453
vertex 13.373974800109863 -5.541861534118652 16.700000762939453
endloop
endfacet
facet normal -0.5758081099743121 -0.8175848705105854 0.0
outer loop
vertex 13.373974800109863 -5.541861534118652 13.300000190734863
vertex 13.578468322753906 -5.685882091522217 13.300000190734863
vertex 13.373974800109863 -5.541861534118652 16.700000762939453
endloop
endfacet
facet normal 0.0 0.0 -1.0
outer loop
vertex 12.583415031433105 -5.3020477294921875 13.300000190734863
vertex 12.5 -3.709103584289551 13.300000190734863
vertex 12.749442100524902 -5.318399906158447 13.300000190734863
endloop
endfacet
facet normal -0.09801677010495938 -0.9951847631360679 0.0
outer loop
vertex 12.583415031433105 -5.3020477294921875 13.300000190734863
vertex 12.749442100524902 -5.318399906158447 13.300000190734863
vertex 12.583415031433105 -5.3020477294921875 16.700000762939453
endloop
endfacet
facet normal -0.0 0.0 1.0
outer loop
vertex 12.5 -3.290896415710449 16.700000762939453
vertex 12.250557899475098 -5.318399906158447 16.700000762939453
vertex 12.33337116241455 -5.308186054229736 16.700000762939453
endloop
endfacet
facet normal 0.0 0.0 -1.0
outer loop
vertex 12.33337116241455 -5.308186054229736 13.300000190734863
vertex 12.5 -3.709103584289551 13.300000190734863
vertex 12.583415031433105 -5.3020477294921875 13.300000190734863
endloop
endfacet
facet normal -0.0 0.0 1.0
outer loop
vertex 12.5 -3.290896415710449 16.700000762939453
vertex 12.33337116241455 -5.308186054229736 16.700000762939453
vertex 12.583415031433105 -5.3020477294921875 16.700000762939453
endloop
endfacet
facet normal 0.024541597270197005 -0.9996988096438985 0.0
outer loop
vertex 12.33337116241455 -5.308186054229736 13.300000190734863
vertex 12.583415031433105 -5.3020477294921875 13.300000190734863
vertex 12.583415031433105 -5.3020477294921875 16.700000762939453
endloop
endfacet
facet normal 0.12240843401382079 -0.9924798110199945 0.0
outer loop
vertex 12.250557899475098 -5.318399906158447 13.300000190734863
vertex 12.33337116241455 -5.308186054229736 16.700000762939453
vertex 12.250557899475098 -5.318399906158447 16.700000762939453
endloop
endfacet
facet normal 0.0 -0.0 -1.0
outer loop
vertex 12.250557899475098 -5.318399906158447 13.300000190734863
vertex 12.5 -3.709103584289551 13.300000190734863
vertex 12.33337116241455 -5.308186054229736 13.300000190734863
endloop
endfacet
facet normal 0.024541597270197005 -0.9996988096438985 0.0
outer loop
vertex 12.33337116241455 -5.308186054229736 13.300000190734863
vertex 12.583415031433105 -5.3020477294921875 16.700000762939453
vertex 12.33337116241455 -5.308186054229736 16.700000762939453
endloop
endfacet
facet normal 0.12240843401382079 -0.9924798110199945 0.0
outer loop
vertex 12.250557899475098 -5.318399906158447 13.300000190734863
vertex 12.33337116241455 -5.308186054229736 13.300000190734863
vertex 12.33337116241455 -5.308186054229736 16.700000762939453
endloop
endfacet
facet normal 0.0 0.0 1.0
outer loop
vertex 14.450902938842773 9.807852745056152 16.700000762939453
vertex 14.149053573608398 7.413066387176514 16.700000762939453
vertex 14.181599617004395 7.249441623687744 16.700000762939453
endloop
endfacet
facet normal -0.9495271134404216 -0.3136849706975147 -0.0
outer loop
vertex 14.149053573608398 7.413066387176514 13.300000190734863
vertex 14.070594787597656 7.650561809539795 16.700000762939453
vertex 14.070594787597656 7.650561809539795 13.300000190734863
endloop
endfacet
facet normal -0.9807863650024319 -0.19508486928851274 0.0
outer loop
vertex 14.149053573608398 7.413066387176514 13.300000190734863
vertex 14.181599617004395 7.249441623687744 16.700000762939453
vertex 14.149053573608398 7.413066387176514 16.700000762939453
endloop
endfacet
facet normal 0.0 0.0 1.0
outer loop
vertex 14.450902938842773 9.807852745056152 16.700000762939453
vertex 14.070594787597656 7.650561809539795 16.700000762939453
vertex 14.149053573608398 7.413066387176514 16.700000762939453
endloop
endfacet
facet normal -0.9495271134404216 -0.3136849706975147 0.0
outer loop
vertex 14.149053573608398 7.413066387176514 13.300000190734863
vertex 14.149053573608398 7.413066387176514 16.700000762939453
vertex 14.070594787597656 7.650561809539795 16.700000762939453
endloop
endfacet
facet normal -0.0 0.0 0.9999999999999999
outer loop
vertex 14.929801940917969 9.700312614440918 16.700000762939453
vertex 15.350000381469727 1.6454482078552246 16.700000762939453
vertex 15.402846336364746 9.569403648376465 16.700000762939453
endloop
endfacet
facet normal -1.0 0.0 0.0
outer loop
vertex 15.350000381469727 1.6454482078552246 14.100000381469727
vertex 15.350000381469727 -1.6454482078552246 16.700000762939453
vertex 15.350000381469727 1.6454482078552246 16.700000762939453
endloop
endfacet
facet normal 0.0 -0.0 1.0
outer loop
vertex 15.402846336364746 -9.569403648376465 16.700000762939453
vertex 15.402846336364746 9.569403648376465 16.700000762939453
vertex 15.350000381469727 1.6454482078552246 16.700000762939453
endloop
endfacet
facet normal 0.0 0.0 1.0
outer loop
vertex 15.402846336364746 -9.569403648376465 16.700000762939453
vertex 15.350000381469727 1.6454482078552246 16.700000762939453
vertex 15.350000381469727 -1.6454482078552246 16.700000762939453
endloop
endfacet
facet normal 0.0 -0.0 0.9999999999999999
outer loop
vertex 14.929801940917969 -9.700312614440918 16.700000762939453
vertex 15.402846336364746 -9.569403648376465 16.700000762939453
vertex 15.350000381469727 -1.6454482078552246 16.700000762939453
endloop
endfacet
facet normal 0.0 0.0 -1.0
outer loop
vertex 15.868898391723633 -9.415440559387207 10.699999809265137
vertex 15.671966552734375 -3.8650522232055664 10.699999809265137
vertex 15.857795715332031 -3.7047555446624756 10.699999809265137
endloop
endfacet
facet normal 0.0 0.0 -1.0
outer loop
vertex 15.402846336364746 -9.569403648376465 10.699999809265137
vertex 15.478496551513672 -4.016037464141846 10.699999809265137
vertex 15.671966552734375 -3.8650522232055664 10.699999809265137
endloop
endfacet
facet normal 0.26671266552653045 -0.9637760912409755 0.0
outer loop
vertex 14.929801940917969 -9.700312614440918 16.700000762939453
vertex 15.402846336364746 -9.569403648376465 10.699999809265137
vertex 15.402846336364746 -9.569403648376465 16.700000762939453
endloop
endfacet
facet normal 0.0 0.0 -0.9999999999999999
outer loop
vertex 15.402846336364746 -9.569403648376465 10.699999809265137
vertex 15.671966552734375 -3.8650522232055664 10.699999809265137
vertex 15.868898391723633 -9.415440559387207 10.699999809265137
endloop
endfacet
facet normal 0.31368226645286285 -0.9495280068081168 0.0
outer loop
vertex 15.402846336364746 -9.569403648376465 10.699999809265137
vertex 15.868898391723633 -9.415440559387207 10.699999809265137
vertex 15.402846336364746 -9.569403648376465 16.700000762939453
endloop
endfacet
facet normal -0.0 0.0 1.0
outer loop
vertex 12.990676879882812 9.987954139709473 16.700000762939453
vertex 12.913065910339355 8.649053573608398 16.700000762939453
vertex 13.480171203613281 9.951847076416016 16.700000762939453
endloop
endfacet
facet normal 0.07356414367639032 0.997290487654003 1.5215809373021128e-08
outer loop
vertex 12.990676879882812 9.987954139709473 16.700000762939453
vertex 13.480171203613281 9.951847076416016 16.700000762939453
vertex 13.029696464538574 9.985075950622559 13.300000190734863
endloop
endfacet
facet normal -0.0 0.0 1.0
outer loop
vertex 13.480171203613281 9.951847076416016 16.700000762939453
vertex 13.373974800109863 8.458138465881348 16.700000762939453
vertex 13.967305183410645 9.891764640808105 16.700000762939453
endloop
endfacet
facet normal 0.21910078143584544 0.975702233047666 0.0
outer loop
vertex 14.450902938842773 9.807852745056152 10.699999809265137
vertex 14.929801940917969 9.700312614440918 16.700000762939453
vertex 14.929801940917969 9.700312614440918 10.699999809265137
endloop
endfacet
facet normal 0.21910078143584544 0.975702233047666 -0.0
outer loop
vertex 14.450902938842773 9.807852745056152 10.699999809265137
vertex 14.450902938842773 9.807852745056152 16.700000762939453
vertex 14.929801940917969 9.700312614440918 16.700000762939453
endloop
endfacet
facet normal 0.07356425789765232 0.9972904792285784 0.0
outer loop
vertex 13.480171203613281 9.951847076416016 10.699999809265137
vertex 13.029696464538574 9.985075950622559 13.300000190734863
vertex 13.480171203613281 9.951847076416016 16.700000762939453
endloop
endfacet
facet normal 0.1709613450489843 0.9852777367316498 -0.0
outer loop
vertex 13.967305183410645 9.891764640808105 10.699999809265137
vertex 13.967305183410645 9.891764640808105 16.700000762939453
vertex 14.450902938842773 9.807852745056152 16.700000762939453
endloop
endfacet
facet normal 0.12241105605520976 0.9924794876245294 -0.0
outer loop
vertex 13.480171203613281 9.951847076416016 10.699999809265137
vertex 13.480171203613281 9.951847076416016 16.700000762939453
vertex 13.967305183410645 9.891764640808105 16.700000762939453
endloop
endfacet
facet normal -0.0 -0.0 -1.0
outer loop
vertex 14.450902938842773 9.807852745056152 10.699999809265137
vertex 14.929801940917969 9.700312614440918 10.699999809265137
vertex 13.029696464538574 9.985075950622559 10.699999809265137
endloop
endfacet
facet normal 0.1709613450489843 0.9852777367316498 0.0
outer loop
vertex 13.967305183410645 9.891764640808105 10.699999809265137
vertex 14.450902938842773 9.807852745056152 16.700000762939453
vertex 14.450902938842773 9.807852745056152 10.699999809265137
endloop
endfacet
facet normal 0.07356425789765232 0.9972904792285784 -0.0
outer loop
vertex 13.480171203613281 9.951847076416016 10.699999809265137
vertex 13.029696464538574 9.985075950622559 10.699999809265137
vertex 13.029696464538574 9.985075950622559 13.300000190734863
endloop
endfacet
facet normal 0.12241105605520976 0.9924794876245294 0.0
outer loop
vertex 13.480171203613281 9.951847076416016 10.699999809265137
vertex 13.967305183410645 9.891764640808105 16.700000762939453
vertex 13.967305183410645 9.891764640808105 10.699999809265137
endloop
endfacet
facet normal -0.0 -0.0 -1.0
outer loop
vertex 13.967305183410645 9.891764640808105 10.699999809265137
vertex 14.450902938842773 9.807852745056152 10.699999809265137
vertex 13.029696464538574 9.985075950622559 10.699999809265137
endloop
endfacet
facet normal -0.0 -0.0 -1.0
outer loop
vertex 13.480171203613281 9.951847076416016 10.699999809265137
vertex 13.967305183410645 9.891764640808105 10.699999809265137
vertex 13.029696464538574 9.985075950622559 10.699999809265137
endloop
endfacet
facet normal 0.0 0.0 -0.9999999999999999
outer loop
vertex 14.149053573608398 7.413066387176514 13.300000190734863
vertex 14.070594787597656 7.650561809539795 13.300000190734863
vertex 15.350000381469727 8.645448684692383 13.300000190734863
endloop
endfacet
facet normal 0.0 0.0 -0.9999999999999999
outer loop
vertex 14.149053573608398 7.413066387176514 13.300000190734863
vertex 15.350000381469727 8.645448684692383 13.300000190734863
vertex 15.350000381469727 5.354551792144775 13.300000190734863
endloop
endfacet
facet normal -0.9807863650024319 -0.19508486928851274 0.0
outer loop
vertex 14.181599617004395 7.249441623687744 13.300000190734863
vertex 14.181599617004395 7.249441623687744 16.700000762939453
vertex 14.149053573608398 7.413066387176514 13.300000190734863
endloop
endfacet
facet normal -0.9972903766920163 -0.07356564794451628 0.0
outer loop
vertex 14.181599617004395 7.249441623687744 13.300000190734863
vertex 14.199999809265137 7.0 16.700000762939453
vertex 14.181599617004395 7.249441623687744 16.700000762939453
endloop
endfacet
facet normal 0.0 0.0 -1.0
outer loop
vertex 14.181599617004395 7.249441623687744 13.300000190734863
vertex 14.149053573608398 7.413066387176514 13.300000190734863
vertex 15.350000381469727 5.354551792144775 13.300000190734863
endloop
endfacet
facet normal -0.9972903766920163 -0.07356564794451628 0.0
outer loop
vertex 14.199999809265137 7.0 13.300000190734863
vertex 14.199999809265137 7.0 16.700000762939453
vertex 14.181599617004395 7.249441623687744 13.300000190734863
endloop
endfacet
facet normal 0.0 0.0 -1.0
outer loop
vertex 14.199999809265137 7.0 13.300000190734863
vertex 14.181599617004395 7.249441623687744 13.300000190734863
vertex 15.350000381469727 5.354551792144775 13.300000190734863
endloop
endfacet
facet normal -0.9972903766920163 0.07356564794451628 0.0
outer loop
vertex 14.181599617004395 6.750558376312256 13.300000190734863
vertex 14.181599617004395 6.750558376312256 16.700000762939453
vertex 14.199999809265137 7.0 13.300000190734863
endloop
endfacet
facet normal 0.0 0.0 -1.0
outer loop
vertex 14.181599617004395 6.750558376312256 13.300000190734863
vertex 14.199999809265137 7.0 13.300000190734863
vertex 15.350000381469727 5.354551792144775 13.300000190734863
endloop
endfacet
facet normal -0.9807863650024319 0.19508486928851274 0.0
outer loop
vertex 14.149053573608398 6.586933612823486 13.300000190734863
vertex 14.149053573608398 6.586933612823486 16.700000762939453
vertex 14.181599617004395 6.750558376312256 13.300000190734863
endloop
endfacet
facet normal 0.0 0.0 -1.0
outer loop
vertex 14.149053573608398 6.586933612823486 13.300000190734863
vertex 14.181599617004395 6.750558376312256 13.300000190734863
vertex 15.350000381469727 5.354551792144775 13.300000190734863
endloop
endfacet
facet normal -0.9495271134404216 0.3136849706975147 0.0
outer loop
vertex 14.070594787597656 6.349438190460205 13.300000190734863
vertex 14.070594787597656 6.349438190460205 16.700000762939453
vertex 14.149053573608398 6.586933612823486 13.300000190734863
endloop
endfacet
facet normal 0.0 0.0 -1.0
outer loop
vertex 14.070594787597656 6.349438190460205 13.300000190734863
vertex 14.149053573608398 6.586933612823486 13.300000190734863
vertex 15.350000381469727 5.354551792144775 13.300000190734863
endloop
endfacet
facet normal -0.9039913704545943 0.4275507012549789 0.0
outer loop
vertex 13.999266624450684 6.198625564575195 13.300000190734863
vertex 13.999266624450684 6.198625564575195 16.700000762939453
vertex 14.070594787597656 6.349438190460205 13.300000190734863
endloop
endfacet
facet normal 0.0 0.0 -1.0
outer loop
vertex 13.999266624450684 6.198625564575195 13.300000190734863
vertex 14.070594787597656 6.349438190460205 13.300000190734863
vertex 15.350000381469727 5.354551792144775 13.300000190734863
endloop
endfacet
facet normal -0.8700841129365686 0.49290327287956254 0.0
outer loop
vertex 13.958138465881348 6.126025199890137 13.300000190734863
vertex 13.958138465881348 6.126025199890137 16.700000762939453
vertex 13.999266624450684 6.198625564575195 13.300000190734863
endloop
endfacet
facet normal 0.0 0.0 -1.0
outer loop
vertex 13.958138465881348 6.126025199890137 13.300000190734863
vertex 13.999266624450684 6.198625564575195 13.300000190734863
vertex 15.350000381469727 5.354551792144775 13.300000190734863
endloop
endfacet
facet normal -0.8175846051021626 0.5758084868252127 0.0
outer loop
vertex 13.814117431640625 5.9215312004089355 13.300000190734863
vertex 13.814117431640625 5.9215312004089355 16.700000762939453
vertex 13.958138465881348 6.126025199890137 13.300000190734863
endloop
endfacet
facet normal 0.0 0.0 -0.9999999999999999
outer loop
vertex 13.814117431640625 5.9215312004089355 13.300000190734863
vertex 13.958138465881348 6.126025199890137 13.300000190734863
vertex 15.350000381469727 5.354551792144775 13.300000190734863
endloop
endfacet
facet normal -0.7409524172530443 0.6715575294543803 0.0
outer loop
vertex 13.702081680297852 5.797918319702148 13.300000190734863
vertex 13.702081680297852 5.797918319702148 16.700000762939453
vertex 13.814117431640625 5.9215312004089355 13.300000190734863
endloop
endfacet
facet normal 0.0 0.0 -1.0
outer loop
vertex 13.702081680297852 5.797918319702148 13.300000190734863
vertex 13.814117431640625 5.9215312004089355 13.300000190734863
vertex 15.350000381469727 5.354551792144775 13.300000190734863
endloop
endfacet
facet normal -0.6715576764189635 0.7409522840525986 0.0
outer loop
vertex 13.578468322753906 5.685882091522217 13.300000190734863
vertex 13.578468322753906 5.685882091522217 16.700000762939453
vertex 13.702081680297852 5.797918319702148 13.300000190734863
endloop
endfacet
facet normal 0.0 0.0 -1.0
outer loop
vertex 13.578468322753906 5.685882091522217 13.300000190734863
vertex 13.702081680297852 5.797918319702148 13.300000190734863
vertex 15.350000381469727 5.354551792144775 13.300000190734863
endloop
endfacet
facet normal -0.5758081099743121 0.8175848705105854 0.0
outer loop
vertex 13.373974800109863 5.541861534118652 13.300000190734863
vertex 13.373974800109863 5.541861534118652 16.700000762939453
vertex 13.578468322753906 5.685882091522217 13.300000190734863
endloop
endfacet
facet normal 0.0 0.0 -1.0
outer loop
vertex 13.373974800109863 5.541861534118652 13.300000190734863
vertex 13.578468322753906 5.685882091522217 13.300000190734863
vertex 15.350000381469727 5.354551792144775 13.300000190734863
endloop
endfacet
facet normal -0.4496125722208663 0.8932236757391377 0.0
outer loop
vertex 13.150562286376953 5.4294047355651855 13.300000190734863
vertex 13.150562286376953 5.4294047355651855 16.700000762939453
vertex 13.373974800109863 5.541861534118652 13.300000190734863
endloop
endfacet
facet normal 0.0 0.0 -1.0
outer loop
vertex 13.150562286376953 5.4294047355651855 13.300000190734863
vertex 13.373974800109863 5.541861534118652 13.300000190734863
vertex 15.350000381469727 5.354551792144775 13.300000190734863
endloop
endfacet
facet normal -0.313680397340047 0.9495286242786947 0.0
outer loop
vertex 12.913065910339355 5.35094690322876 13.300000190734863
vertex 12.913065910339355 5.35094690322876 16.700000762939453
vertex 13.150562286376953 5.4294047355651855 13.300000190734863
endloop
endfacet
facet normal 0.0 0.0 -1.0
outer loop
vertex 12.5 3.709103584289551 13.300000190734863
vertex 13.150562286376953 5.4294047355651855 13.300000190734863
vertex 15.350000381469727 5.354551792144775 13.300000190734863
endloop
endfacet
facet normal -0.19509146195825744 0.9807850536539541 0.0
outer loop
vertex 12.749442100524902 5.318399906158447 13.300000190734863
vertex 12.749442100524902 5.318399906158447 16.700000762939453
vertex 12.913065910339355 5.35094690322876 13.300000190734863
endloop
endfacet
facet normal 0.0 0.0 -0.9999999999999999
outer loop
vertex 12.5 3.709103584289551 13.300000190734863
vertex 12.913065910339355 5.35094690322876 13.300000190734863
vertex 13.150562286376953 5.4294047355651855 13.300000190734863
endloop
endfacet
facet normal -0.09801677010495938 0.9951847631360679 0.0
outer loop
vertex 12.583415031433105 5.3020477294921875 13.300000190734863
vertex 12.583415031433105 5.3020477294921875 16.700000762939453
vertex 12.749442100524902 5.318399906158447 13.300000190734863
endloop
endfacet
facet normal 0.0 0.0 -1.0
outer loop
vertex 12.5 3.709103584289551 13.300000190734863
vertex 12.749442100524902 5.318399906158447 13.300000190734863
vertex 12.913065910339355 5.35094690322876 13.300000190734863
endloop
endfacet
facet normal 0.024541597270197005 0.9996988096438985 -0.0
outer loop
vertex 12.33337116241455 5.308186054229736 13.300000190734863
vertex 12.33337116241455 5.308186054229736 16.700000762939453
vertex 12.583415031433105 5.3020477294921875 13.300000190734863
endloop
endfacet
facet normal 0.0 0.0 -1.0
outer loop
vertex 12.5 3.709103584289551 13.300000190734863
vertex 12.583415031433105 5.3020477294921875 13.300000190734863
vertex 12.749442100524902 5.318399906158447 13.300000190734863
endloop
endfacet
facet normal 0.0 0.0 -1.0
outer loop
vertex 12.5 3.709103584289551 13.300000190734863
vertex 12.33337116241455 5.308186054229736 13.300000190734863
vertex 12.583415031433105 5.3020477294921875 13.300000190734863
endloop
endfacet
facet normal 0.12240843401382079 0.9924798110199945 -0.0
outer loop
vertex 12.250557899475098 5.318399906158447 13.300000190734863
vertex 12.250557899475098 5.318399906158447 16.700000762939453
vertex 12.33337116241455 5.308186054229736 13.300000190734863
endloop
endfacet
facet normal 0.0 0.0 -1.0
outer loop
vertex 12.250557899475098 5.318399906158447 13.300000190734863
vertex 12.33337116241455 5.308186054229736 13.300000190734863
vertex 12.5 3.709103584289551 13.300000190734863
endloop
endfacet
facet normal 0.19509146195825744 0.9807850536539541 -0.0
outer loop
vertex 12.086934089660645 5.35094690322876 13.300000190734863
vertex 12.086934089660645 5.35094690322876 16.700000762939453
vertex 12.250557899475098 5.318399906158447 13.300000190734863
endloop
endfacet
facet normal 0.0 0.0 -1.0
outer loop
vertex 12.086934089660645 5.35094690322876 13.300000190734863
vertex 12.250557899475098 5.318399906158447 13.300000190734863
vertex 12.5 3.709103584289551 13.300000190734863
endloop
endfacet
facet normal 0.313680397340047 0.9495286242786947 -0.0
outer loop
vertex 11.849437713623047 5.4294047355651855 13.300000190734863
vertex 11.849437713623047 5.4294047355651855 16.700000762939453
vertex 12.086934089660645 5.35094690322876 13.300000190734863
endloop
endfacet
facet normal 0.0 0.0 -0.9999999999999999
outer loop
vertex 11.849437713623047 5.4294047355651855 13.300000190734863
vertex 12.086934089660645 5.35094690322876 13.300000190734863
vertex 12.5 3.709103584289551 13.300000190734863
endloop
endfacet
facet normal 0.4496125722208663 0.8932236757391377 -0.0
outer loop
vertex 11.626025199890137 5.541861534118652 13.300000190734863
vertex 11.626025199890137 5.541861534118652 16.700000762939453
vertex 11.849437713623047 5.4294047355651855 13.300000190734863
endloop
endfacet
facet normal 0.5758081099743121 0.8175848705105854 -0.0
outer loop
vertex 11.421531677246094 5.685882091522217 13.300000190734863
vertex 11.421531677246094 5.685882091522217 16.700000762939453
vertex 11.626025199890137 5.541861534118652 13.300000190734863
endloop
endfacet
facet normal 0.0 0.0 -1.0
outer loop
vertex 11.626025199890137 5.541861534118652 13.300000190734863
vertex 11.849437713623047 5.4294047355651855 13.300000190734863
vertex 12.5 3.709103584289551 13.300000190734863
endloop
endfacet
facet normal 0.0 0.0 -1.0
outer loop
vertex 11.421531677246094 5.685882091522217 13.300000190734863
vertex 11.626025199890137 5.541861534118652 13.300000190734863
vertex 12.5 3.709103584289551 13.300000190734863
endloop
endfacet
facet normal -0.499999936284041 -0.8660254405708617 0.0
outer loop
vertex 12.5 3.290896415710449 14.100000381469727
vertex 15.350000381469727 1.6454482078552246 14.100000381469727
vertex 15.350000381469727 1.6454482078552246 16.700000762939453
endloop
endfacet
facet normal -0.0 -0.0 1.0
outer loop
vertex 13.373974800109863 1.4581385850906372 14.100000381469727
vertex 13.578468322753906 1.3141177892684937 14.100000381469727
vertex 12.5 3.290896415710449 14.100000381469727
endloop
endfacet
facet normal 0.0 -0.0 1.0
outer loop
vertex 13.641650199890137 1.2596169710159302 14.100000381469727
vertex 15.350000381469727 1.6454482078552246 14.100000381469727
vertex 12.5 3.290896415710449 14.100000381469727
endloop
endfacet
facet normal -0.5758087471493012 -0.8175844217610511 -0.0
outer loop
vertex 13.373974800109863 1.4581385850906372 14.100000381469727
vertex 13.373974800109863 1.4581385850906372 -10.149999618530273
vertex 13.578468322753906 1.3141177892684937 14.100000381469727
endloop
endfacet
facet normal 0.0 0.0 1.0
outer loop
vertex 13.641650199890137 1.2596169710159302 14.100000381469727
vertex 12.5 3.290896415710449 14.100000381469727
vertex 13.578468322753906 1.3141177892684937 14.100000381469727
endloop
endfacet
facet normal 0.0 -0.0 0.9999999999999999
outer loop
vertex 13.814117431640625 1.0784685611724854 14.100000381469727
vertex 15.350000381469727 1.6454482078552246 14.100000381469727
vertex 13.641650199890137 1.2596169710159302 14.100000381469727
endloop
endfacet
facet normal -0.5758087471493012 -0.8175844217610511 0.0
outer loop
vertex 13.578468322753906 1.3141177892684937 14.100000381469727
vertex 13.373974800109863 1.4581385850906372 -10.149999618530273
vertex 13.578468322753906 1.3141177892684937 -10.149999618530273
endloop
endfacet
facet normal -0.653171167828949 -0.7572102914758667 -0.0
outer loop
vertex 13.641650199890137 1.2596169710159302 14.100000381469727
vertex 13.578468322753906 1.3141177892684937 14.100000381469727
vertex 13.578468322753906 1.3141177892684937 -10.149999618530273
endloop
endfacet
facet normal -0.724247865072886 -0.6895397232483178 -0.0
outer loop
vertex 13.814117431640625 1.0784685611724854 14.100000381469727
vertex 13.641650199890137 1.2596169710159302 14.100000381469727
vertex 13.641650199890137 1.2596169710159302 -10.149999618530273
endloop
endfacet
facet normal -0.0 -0.0 -1.0
outer loop
vertex 12.5 3.8682467937469482 -10.149999618530273
vertex 13.578468322753906 1.3141177892684937 -10.149999618530273
vertex 13.373974800109863 1.4581385850906372 -10.149999618530273
endloop
endfacet
facet normal -0.653171167828949 -0.7572102914758667 0.0
outer loop
vertex 13.641650199890137 1.2596169710159302 14.100000381469727
vertex 13.578468322753906 1.3141177892684937 -10.149999618530273
vertex 13.641650199890137 1.2596169710159302 -10.149999618530273
endloop
endfacet
facet normal -0.0 -0.0 -1.0
outer loop
vertex 12.5 3.8682467937469482 -10.149999618530273
vertex 13.641650199890137 1.2596169710159302 -10.149999618530273
vertex 13.578468322753906 1.3141177892684937 -10.149999618530273
endloop
endfacet
facet normal 0.024541597270197005 0.9996988096438985 0.0
outer loop
vertex 12.583415031433105 5.3020477294921875 13.300000190734863
vertex 12.33337116241455 5.308186054229736 16.700000762939453
vertex 12.583415031433105 5.3020477294921875 16.700000762939453
endloop
endfacet
facet normal 0.12240843401382079 0.9924798110199945 0.0
outer loop
vertex 12.33337116241455 5.308186054229736 13.300000190734863
vertex 12.250557899475098 5.318399906158447 16.700000762939453
vertex 12.33337116241455 5.308186054229736 16.700000762939453
endloop
endfacet
facet normal 0.0 -0.0 1.0
outer loop
vertex 12.5 3.290896415710449 16.700000762939453
vertex 12.583415031433105 5.3020477294921875 16.700000762939453
vertex 12.33337116241455 5.308186054229736 16.700000762939453
endloop
endfacet
facet normal 0.19509146195825744 0.9807850536539541 0.0
outer loop
vertex 12.250557899475098 5.318399906158447 13.300000190734863
vertex 12.086934089660645 5.35094690322876 16.700000762939453
vertex 12.250557899475098 5.318399906158447 16.700000762939453
endloop
endfacet
facet normal 0.0 0.0 1.0
outer loop
vertex 12.5 3.290896415710449 16.700000762939453
vertex 12.33337116241455 5.308186054229736 16.700000762939453
vertex 12.250557899475098 5.318399906158447 16.700000762939453
endloop
endfacet
facet normal 0.313680397340047 0.9495286242786947 0.0
outer loop
vertex 12.086934089660645 5.35094690322876 13.300000190734863
vertex 11.849437713623047 5.4294047355651855 16.700000762939453
vertex 12.086934089660645 5.35094690322876 16.700000762939453
endloop
endfacet
facet normal 0.0 0.0 1.0
outer loop
vertex 12.5 3.290896415710449 16.700000762939453
vertex 12.250557899475098 5.318399906158447 16.700000762939453
vertex 12.086934089660645 5.35094690322876 16.700000762939453
endloop
endfacet
facet normal 0.0 0.0 1.0
outer loop
vertex 12.5 3.290896415710449 16.700000762939453
vertex 11.297918319702148 5.797918319702148 16.700000762939453
vertex 11.185882568359375 5.9215312004089355 16.700000762939453
endloop
endfacet
facet normal 0.4496125722208663 0.8932236757391377 0.0
outer loop
vertex 11.849437713623047 5.4294047355651855 13.300000190734863
vertex 11.626025199890137 5.541861534118652 16.700000762939453
vertex 11.849437713623047 5.4294047355651855 16.700000762939453
endloop
endfacet
facet normal 0.0 0.0 0.9999999999999999
outer loop
vertex 12.5 3.290896415710449 16.700000762939453
vertex 12.086934089660645 5.35094690322876 16.700000762939453
vertex 11.849437713623047 5.4294047355651855 16.700000762939453
endloop
endfacet
facet normal 0.0 0.0 1.0
outer loop
vertex 12.5 3.290896415710449 16.700000762939453
vertex 11.421531677246094 5.685882091522217 16.700000762939453
vertex 11.297918319702148 5.797918319702148 16.700000762939453
endloop
endfacet
facet normal 0.0 0.0 1.0
outer loop
vertex 12.5 3.290896415710449 16.700000762939453
vertex 11.849437713623047 5.4294047355651855 16.700000762939453
vertex 11.626025199890137 5.541861534118652 16.700000762939453
endloop
endfacet
facet normal 0.5758081099743121 0.8175848705105854 0.0
outer loop
vertex 11.626025199890137 5.541861534118652 13.300000190734863
vertex 11.421531677246094 5.685882091522217 16.700000762939453
vertex 11.626025199890137 5.541861534118652 16.700000762939453
endloop
endfacet
facet normal 0.0 0.0 1.0
outer loop
vertex 12.5 3.290896415710449 16.700000762939453
vertex 11.626025199890137 5.541861534118652 16.700000762939453
vertex 11.421531677246094 5.685882091522217 16.700000762939453
endloop
endfacet
facet normal -0.0 -0.0 1.0
outer loop
vertex 13.150562286376953 1.5705952644348145 14.100000381469727
vertex 13.373974800109863 1.4581385850906372 14.100000381469727
vertex 12.5 3.290896415710449 14.100000381469727
endloop
endfacet
facet normal -0.0 -0.0 1.0
outer loop
vertex 12.993483543395996 1.6267986297607422 14.100000381469727
vertex 13.150562286376953 1.5705952644348145 14.100000381469727
vertex 12.5 3.290896415710449 14.100000381469727
endloop
endfacet
facet normal -0.0 -0.0 1.0
outer loop
vertex 12.749442100524902 1.6816000938415527 14.100000381469727
vertex 12.993483543395996 1.6267986297607422 14.100000381469727
vertex 12.5 3.290896415710449 14.100000381469727
endloop
endfacet
facet normal -0.0 -0.0 1.0
outer loop
vertex 12.583415031433105 1.6979522705078125 14.100000381469727
vertex 12.749442100524902 1.6816000938415527 14.100000381469727
vertex 12.5 3.290896415710449 14.100000381469727
endloop
endfacet
facet normal 0.0 -0.0 0.9999999999999999
outer loop
vertex 12.33337116241455 1.6918140649795532 14.100000381469727
vertex 12.583415031433105 1.6979522705078125 14.100000381469727
vertex 12.5 3.290896415710449 14.100000381469727
endloop
endfacet
facet normal 0.0 0.0 1.0
outer loop
vertex 12.250557899475098 1.6816000938415527 14.100000381469727
vertex 12.33337116241455 1.6918140649795532 14.100000381469727
vertex 12.5 3.290896415710449 14.100000381469727
endloop
endfacet
facet normal 0.0 0.0 1.0
outer loop
vertex 12.006516456604004 1.6267986297607422 14.100000381469727
vertex 12.250557899475098 1.6816000938415527 14.100000381469727
vertex 12.5 3.290896415710449 14.100000381469727
endloop
endfacet
facet normal 0.0 0.0 1.0
outer loop
vertex 11.849437713623047 1.5705952644348145 14.100000381469727
vertex 12.006516456604004 1.6267986297607422 14.100000381469727
vertex 12.5 3.290896415710449 14.100000381469727
endloop
endfacet
facet normal -0.0 0.0 1.0
outer loop
vertex 9.649999618530273 1.6454482078552246 14.100000381469727
vertex 11.849437713623047 1.5705952644348145 14.100000381469727
vertex 12.5 3.290896415710449 14.100000381469727
endloop
endfacet
facet normal -0.0 0.0 1.0
outer loop
vertex 9.649999618530273 1.6454482078552246 14.100000381469727
vertex 11.626025199890137 1.4581385850906372 14.100000381469727
vertex 11.849437713623047 1.5705952644348145 14.100000381469727
endloop
endfacet
facet normal -0.0 0.0 1.0
outer loop
vertex 9.649999618530273 1.6454482078552246 14.100000381469727
vertex 11.421531677246094 1.3141177892684937 14.100000381469727
vertex 11.626025199890137 1.4581385850906372 14.100000381469727
endloop
endfacet
facet normal -0.0 0.0 1.0
outer loop
vertex 9.649999618530273 1.6454482078552246 14.100000381469727
vertex 11.358349800109863 1.2596169710159302 14.100000381469727
vertex 11.421531677246094 1.3141177892684937 14.100000381469727
endloop
endfacet
facet normal -0.0 0.0 0.9999999999999999
outer loop
vertex 9.649999618530273 1.6454482078552246 14.100000381469727
vertex 11.185882568359375 1.0784685611724854 14.100000381469727
vertex 11.358349800109863 1.2596169710159302 14.100000381469727
endloop
endfacet
facet normal -0.0 0.0 1.0
outer loop
vertex 9.649999618530273 1.6454482078552246 14.100000381469727
vertex 11.134547233581543 1.0126888751983643 14.100000381469727
vertex 11.185882568359375 1.0784685611724854 14.100000381469727
endloop
endfacet
facet normal -0.0 0.0 1.0
outer loop
vertex 9.649999618530273 1.6454482078552246 14.100000381469727
vertex 11.000733375549316 0.8013744354248047 14.100000381469727
vertex 11.134547233581543 1.0126888751983643 14.100000381469727
endloop
endfacet
facet normal -0.0 0.0 1.0
outer loop
vertex 9.649999618530273 1.6454482078552246 14.100000381469727
vertex 10.929405212402344 0.6505618095397949 14.100000381469727
vertex 11.000733375549316 0.8013744354248047 14.100000381469727
endloop
endfacet
facet normal -0.0 0.0 1.0
outer loop
vertex 9.649999618530273 1.6454482078552246 14.100000381469727
vertex 10.850946426391602 0.4130662977695465 14.100000381469727
vertex 10.929405212402344 0.6505618095397949 14.100000381469727
endloop
endfacet
facet normal -0.0 0.0 1.0
outer loop
vertex 9.649999618530273 1.6454482078552246 14.100000381469727
vertex 10.818400382995605 0.24944180250167847 14.100000381469727
vertex 10.850946426391602 0.4130662977695465 14.100000381469727
endloop
endfacet
facet normal -0.0 0.0 1.0
outer loop
vertex 9.649999618530273 1.6454482078552246 14.100000381469727
vertex 10.800000190734863 0.0 14.100000381469727
vertex 10.818400382995605 0.24944180250167847 14.100000381469727
endloop
endfacet
facet normal 0.0 0.0 1.0
outer loop
vertex 10.818400382995605 -0.24944180250167847 14.100000381469727
vertex 10.800000190734863 0.0 14.100000381469727
vertex 9.649999618530273 1.6454482078552246 14.100000381469727
endloop
endfacet
facet normal 0.0 0.0 0.9999999999999999
outer loop
vertex 10.850946426391602 -0.4130662977695465 14.100000381469727
vertex 10.818400382995605 -0.24944180250167847 14.100000381469727
vertex 9.649999618530273 1.6454482078552246 14.100000381469727
endloop
endfacet
facet normal 0.0 0.0 1.0
outer loop
vertex 10.929405212402344 -0.6505618095397949 14.100000381469727
vertex 10.850946426391602 -0.4130662977695465 14.100000381469727
vertex 9.649999618530273 1.6454482078552246 14.100000381469727
endloop
endfacet
facet normal 0.9495271486135253 0.3136848642282064 -0.0
outer loop
vertex 10.929405212402344 -0.6505618095397949 14.100000381469727
vertex 10.850946426391602 -0.4130662977695465 -10.149999618530273
vertex 10.850946426391602 -0.4130662977695465 14.100000381469727
endloop
endfacet
facet normal 0.0 0.0 -0.9999999999999999
outer loop
vertex 9.149999618530273 1.9341233968734741 -10.149999618530273
vertex 10.818400382995605 -0.24944180250167847 -10.149999618530273
vertex 10.850946426391602 -0.4130662977695465 -10.149999618530273
endloop
endfacet
facet normal 0.9807863038144391 0.1950851769100113 0.0
outer loop
vertex 10.850946426391602 -0.4130662977695465 14.100000381469727
vertex 10.850946426391602 -0.4130662977695465 -10.149999618530273
vertex 10.818400382995605 -0.24944180250167847 -10.149999618530273
endloop
endfacet
facet normal 0.0 -0.0 -1.0
outer loop
vertex 15.070513725280762 4.288642883300781 10.699999809265137
vertex 15.350000381469727 5.354551792144775 10.699999809265137
vertex 15.277851104736328 4.157348155975342 10.699999809265137
endloop
endfacet
facet normal 0.0 -0.0 -1.0
outer loop
vertex 14.85698413848877 4.409606456756592 10.699999809265137
vertex 15.350000381469727 5.354551792144775 10.699999809265137
vertex 15.070513725280762 4.288642883300781 10.699999809265137
endloop
endfacet
facet normal 0.0 0.0 -0.9999999999999999
outer loop
vertex 15.277851104736328 4.157348155975342 10.699999809265137
vertex 15.350000381469727 5.354551792144775 10.699999809265137
vertex 15.868898391723633 9.415440559387207 10.699999809265137
endloop
endfacet
facet normal 0.0 -0.0 -1.0
outer loop
vertex 14.637775421142578 4.519946575164795 10.699999809265137
vertex 15.350000381469727 5.354551792144775 10.699999809265137
vertex 14.85698413848877 4.409606456756592 10.699999809265137
endloop
endfacet
facet normal -0.0 0.0 -0.9999999999999999
outer loop
vertex 15.868898391723633 9.415440559387207 10.699999809265137
vertex 15.350000381469727 5.354551792144775 10.699999809265137
vertex 15.350000381469727 8.645448684692383 10.699999809265137
endloop
endfacet
facet normal 0.0 -0.0 -1.0
outer loop
vertex 14.413416862487793 4.6193976402282715 10.699999809265137
vertex 15.350000381469727 5.354551792144775 10.699999809265137
vertex 14.637775421142578 4.519946575164795 10.699999809265137
endloop
endfacet
facet normal -1.0 -0.0 -0.0
outer loop
vertex 15.350000381469727 5.354551792144775 13.300000190734863
vertex 15.350000381469727 8.645448684692383 10.699999809265137
vertex 15.350000381469727 5.354551792144775 10.699999809265137
endloop
endfacet
facet normal 0.0 0.0 -1.0
outer loop
vertex 14.413416862487793 4.6193976402282715 10.699999809265137
vertex 14.211548805236816 4.697266578674316 10.699999809265137
vertex 15.350000381469727 5.354551792144775 10.699999809265137
endloop
endfacet
facet normal -0.499999936284041 0.8660254405708617 0.0
outer loop
vertex 12.5 3.709103584289551 13.300000190734863
vertex 15.350000381469727 5.354551792144775 13.300000190734863
vertex 15.350000381469727 5.354551792144775 10.699999809265137
endloop
endfacet
facet normal 0.3598943767119371 0.9329930533563079 -0.0
outer loop
vertex 14.413416862487793 4.6193976402282715 10.699999809265137
vertex 14.211548805236816 4.697266578674316 10.600000381469727
vertex 14.211548805236816 4.697266578674316 10.699999809265137
endloop
endfacet
facet normal -0.49999993694121386 0.8660254401914427 -9.604834702292923e-10
outer loop
vertex 12.5 3.709103584289551 13.300000190734863
vertex 15.350000381469727 5.354551792144775 10.699999809265137
vertex 14.211548805236816 4.697266578674316 10.699999809265137
endloop
endfacet
facet normal -0.4999999358469166 0.8660254408232354 0.0
outer loop
vertex 12.5 3.709103584289551 10.600000381469727
vertex 14.211548805236816 4.697266578674316 10.699999809265137
vertex 14.211548805236816 4.697266578674316 10.600000381469727
endloop
endfacet
facet normal 0.7409524172530443 0.6715575294543803 0.0
outer loop
vertex 11.297918319702148 5.797918319702148 13.300000190734863
vertex 11.185882568359375 5.9215312004089355 16.700000762939453
vertex 11.297918319702148 5.797918319702148 16.700000762939453
endloop
endfacet
facet normal 0.6715576764189635 0.7409522840525986 0.0
outer loop
vertex 11.421531677246094 5.685882091522217 13.300000190734863
vertex 11.297918319702148 5.797918319702148 16.700000762939453
vertex 11.421531677246094 5.685882091522217 16.700000762939453
endloop
endfacet
facet normal -0.49999993584691665 0.8660254408232355 0.0
outer loop
vertex 12.5 3.709103584289551 10.600000381469727
vertex 12.5 3.709103584289551 13.300000190734863
vertex 14.211548805236816 4.697266578674316 10.699999809265137
endloop
endfacet
facet normal 0.7409524172530443 0.6715575294543803 -0.0
outer loop
vertex 11.185882568359375 5.9215312004089355 13.300000190734863
vertex 11.185882568359375 5.9215312004089355 16.700000762939453
vertex 11.297918319702148 5.797918319702148 13.300000190734863
endloop
endfacet
facet normal 0.6715576764189635 0.7409522840525986 -0.0
outer loop
vertex 11.421531677246094 5.685882091522217 13.300000190734863
vertex 11.297918319702148 5.797918319702148 13.300000190734863
vertex 11.297918319702148 5.797918319702148 16.700000762939453
endloop
endfacet
facet normal 0.499999936284041 0.8660254405708618 0.0
outer loop
vertex 9.649999618530273 5.354551792144775 13.300000190734863
vertex 12.5 3.709103584289551 13.300000190734863
vertex 12.5 3.709103584289551 10.600000381469727
endloop
endfacet
facet normal 0.0 0.0 -1.0
outer loop
vertex 9.649999618530273 5.354551792144775 13.300000190734863
vertex 11.185882568359375 5.9215312004089355 13.300000190734863
vertex 11.297918319702148 5.797918319702148 13.300000190734863
endloop
endfacet
facet normal -0.0 -0.0 -1.0
outer loop
vertex 11.421531677246094 5.685882091522217 13.300000190734863
vertex 12.5 3.709103584289551 13.300000190734863
vertex 11.297918319702148 5.797918319702148 13.300000190734863
endloop
endfacet
facet normal 0.0 0.0 -0.9999999999999999
outer loop
vertex 9.649999618530273 5.354551792144775 13.300000190734863
vertex 11.297918319702148 5.797918319702148 13.300000190734863
vertex 12.5 3.709103584289551 13.300000190734863
endloop
endfacet
facet normal 0.9039913704545943 0.4275507012549789 -0.0
outer loop
vertex 10.929405212402344 6.349438190460205 13.300000190734863
vertex 10.929405212402344 6.349438190460205 16.700000762939453
vertex 11.000733375549316 6.198625564575195 13.300000190734863
endloop
endfacet
facet normal 0.9039913704545943 0.4275507012549789 0.0
outer loop
vertex 11.000733375549316 6.198625564575195 13.300000190734863
vertex 10.929405212402344 6.349438190460205 16.700000762939453
vertex 11.000733375549316 6.198625564575195 16.700000762939453
endloop
endfacet
facet normal 0.8175846051021626 0.5758084868252127 0.0
outer loop
vertex 11.185882568359375 5.9215312004089355 13.300000190734863
vertex 11.041861534118652 6.126025199890137 16.700000762939453
vertex 11.185882568359375 5.9215312004089355 16.700000762939453
endloop
endfacet
facet normal 0.0 -0.0 1.0
outer loop
vertex 9.649999618530273 1.6454482078552246 16.700000762939453
vertex 11.000733375549316 6.198625564575195 16.700000762939453
vertex 10.929405212402344 6.349438190460205 16.700000762939453
endloop
endfacet
facet normal 0.0 -0.0 0.9999999999999999
outer loop
vertex 9.649999618530273 1.6454482078552246 16.700000762939453
vertex 11.185882568359375 5.9215312004089355 16.700000762939453
vertex 11.041861534118652 6.126025199890137 16.700000762939453
endloop
endfacet
facet normal 0.8700841129365686 0.49290327287956254 0.0
outer loop
vertex 11.041861534118652 6.126025199890137 13.300000190734863
vertex 11.000733375549316 6.198625564575195 16.700000762939453
vertex 11.041861534118652 6.126025199890137 16.700000762939453
endloop
endfacet
facet normal 0.0 -0.0 1.0
outer loop
vertex 9.649999618530273 1.6454482078552246 16.700000762939453
vertex 11.041861534118652 6.126025199890137 16.700000762939453
vertex 11.000733375549316 6.198625564575195 16.700000762939453
endloop
endfacet
facet normal -0.0 0.0 1.0
outer loop
vertex 12.5 10.0 16.700000762939453
vertex 12.33337116241455 8.691814422607422 16.700000762939453
vertex 12.583415031433105 8.697952270507812 16.700000762939453
endloop
endfacet
facet normal 0.024539691978669547 -0.9996988564150666 0.0
outer loop
vertex 12.33337116241455 8.691814422607422 13.300000190734863
vertex 12.583415031433105 8.697952270507812 16.700000762939453
vertex 12.33337116241455 8.691814422607422 16.700000762939453
endloop
endfacet
facet normal -0.0 0.0 1.0
outer loop
vertex 12.009323120117188 9.987954139709473 16.700000762939453
vertex 12.250557899475098 8.681599617004395 16.700000762939453
vertex 12.33337116241455 8.691814422607422 16.700000762939453
endloop
endfacet
facet normal -0.0 0.0 0.9999999999999999
outer loop
vertex 12.009323120117188 9.987954139709473 16.700000762939453
vertex 12.086934089660645 8.649053573608398 16.700000762939453
vertex 12.250557899475098 8.681599617004395 16.700000762939453
endloop
endfacet
facet normal -0.0 0.0 1.0
outer loop
vertex 12.009323120117188 9.987954139709473 16.700000762939453
vertex 11.849437713623047 8.570594787597656 16.700000762939453
vertex 12.086934089660645 8.649053573608398 16.700000762939453
endloop
endfacet
facet normal 0.12241969209360166 -0.9924784224292778 0.0
outer loop
vertex 12.250557899475098 8.681599617004395 13.300000190734863
vertex 12.33337116241455 8.691814422607422 13.300000190734863
vertex 12.33337116241455 8.691814422607422 16.700000762939453
endloop
endfacet
facet normal 0.12241969209360166 -0.9924784224292778 0.0
outer loop
vertex 12.250557899475098 8.681599617004395 13.300000190734863
vertex 12.33337116241455 8.691814422607422 16.700000762939453
vertex 12.250557899475098 8.681599617004395 16.700000762939453
endloop
endfacet
facet normal 0.19508596305816145 -0.9807861474438092 0.0
outer loop
vertex 12.086934089660645 8.649053573608398 13.300000190734863
vertex 12.250557899475098 8.681599617004395 16.700000762939453
vertex 12.086934089660645 8.649053573608398 16.700000762939453
endloop
endfacet
facet normal 0.3136838350284157 -0.9495274886183473 0.0
outer loop
vertex 11.849437713623047 8.570594787597656 13.300000190734863
vertex 12.086934089660645 8.649053573608398 16.700000762939453
vertex 11.849437713623047 8.570594787597656 16.700000762939453
endloop
endfacet
facet normal -0.07356282501034526 0.9972905849232194 0.0
outer loop
vertex 12.009323120117188 9.987954139709473 16.700000762939453
vertex 12.009323120117188 9.987954139709473 13.300000190734863
vertex 11.970303535461426 9.985075950622559 13.300000190734863
endloop
endfacet
facet normal 0.0 0.0 -1.0
outer loop
vertex 12.250557899475098 8.681599617004395 13.300000190734863
vertex 12.009323120117188 9.987954139709473 13.300000190734863
vertex 12.33337116241455 8.691814422607422 13.300000190734863
endloop
endfacet
facet normal 0.19508596305816145 -0.9807861474438092 0.0
outer loop
vertex 12.086934089660645 8.649053573608398 13.300000190734863
vertex 12.250557899475098 8.681599617004395 13.300000190734863
vertex 12.250557899475098 8.681599617004395 16.700000762939453
endloop
endfacet
facet normal 0.3136838350284157 -0.9495274886183473 0.0
outer loop
vertex 11.849437713623047 8.570594787597656 13.300000190734863
vertex 12.086934089660645 8.649053573608398 13.300000190734863
vertex 12.086934089660645 8.649053573608398 16.700000762939453
endloop
endfacet
facet normal 0.0 0.0 -0.9999999999999999
outer loop
vertex 11.849437713623047 8.570594787597656 13.300000190734863
vertex 11.970303535461426 9.985075950622559 13.300000190734863
vertex 12.009323120117188 9.987954139709473 13.300000190734863
endloop
endfacet
facet normal 0.0 0.0 -0.9999999999999999
outer loop
vertex 12.086934089660645 8.649053573608398 13.300000190734863
vertex 12.009323120117188 9.987954139709473 13.300000190734863
vertex 12.250557899475098 8.681599617004395 13.300000190734863
endloop
endfacet
facet normal 0.0 0.0 -1.0
outer loop
vertex 11.849437713623047 8.570594787597656 13.300000190734863
vertex 12.009323120117188 9.987954139709473 13.300000190734863
vertex 12.086934089660645 8.649053573608398 13.300000190734863
endloop
endfacet
facet normal 0.9495271134404216 0.3136849706975147 -0.0
outer loop
vertex 10.929405212402344 6.349438190460205 13.300000190734863
vertex 10.850946426391602 6.586933612823486 13.300000190734863
vertex 10.850946426391602 6.586933612823486 16.700000762939453
endloop
endfacet
facet normal 0.8175846051021626 0.5758084868252127 -0.0
outer loop
vertex 11.185882568359375 5.9215312004089355 13.300000190734863
vertex 11.041861534118652 6.126025199890137 13.300000190734863
vertex 11.041861534118652 6.126025199890137 16.700000762939453
endloop
endfacet
facet normal 0.0 0.0 -1.0
outer loop
vertex 9.649999618530273 5.354551792144775 13.300000190734863
vertex 10.850946426391602 6.586933612823486 13.300000190734863
vertex 10.929405212402344 6.349438190460205 13.300000190734863
endloop
endfacet
facet normal 0.0 0.0 -0.9999999999999999
outer loop
vertex 9.649999618530273 5.354551792144775 13.300000190734863
vertex 11.041861534118652 6.126025199890137 13.300000190734863
vertex 11.185882568359375 5.9215312004089355 13.300000190734863
endloop
endfacet
facet normal 0.0 0.0 -1.0
outer loop
vertex 9.649999618530273 5.354551792144775 13.300000190734863
vertex 10.929405212402344 6.349438190460205 13.300000190734863
vertex 11.000733375549316 6.198625564575195 13.300000190734863
endloop
endfacet
facet normal 0.8700841129365686 0.49290327287956254 -0.0
outer loop
vertex 11.000733375549316 6.198625564575195 13.300000190734863
vertex 11.000733375549316 6.198625564575195 16.700000762939453
vertex 11.041861534118652 6.126025199890137 13.300000190734863
endloop
endfacet
facet normal 0.0 0.0 -1.0
outer loop
vertex 9.649999618530273 5.354551792144775 13.300000190734863
vertex 11.000733375549316 6.198625564575195 13.300000190734863
vertex 11.041861534118652 6.126025199890137 13.300000190734863
endloop
endfacet
facet normal 0.0 -0.0 1.0
outer loop
vertex 12.5 3.709103584289551 10.600000381469727
vertex 14.184449195861816 4.7077202796936035 10.600000381469727
vertex 13.951423645019531 4.784701824188232 10.600000381469727
endloop
endfacet
facet normal 0.0 -0.0 1.0
outer loop
vertex 12.5 3.709103584289551 10.600000381469727
vertex 13.951423645019531 4.784701824188232 10.600000381469727
vertex 13.714900970458984 4.850156307220459 10.600000381469727
endloop
endfacet
facet normal 0.0 -0.0 0.9999999999999999
outer loop
vertex 12.5 3.709103584289551 10.600000381469727
vertex 12.99008560180664 4.975923538208008 10.600000381469727
vertex 12.745338439941406 4.993977069854736 10.600000381469727
endloop
endfacet
facet normal 0.07356414367639032 0.9972904876540031 -0.0
outer loop
vertex 12.745338439941406 4.993977069854736 7.150000095367432
vertex 12.745338439941406 4.993977069854736 10.600000381469727
vertex 12.99008560180664 4.975923538208008 10.600000381469727
endloop
endfacet
facet normal 0.2667121660750098 0.9637762294576352 -0.0
outer loop
vertex 13.714900970458984 4.850156307220459 7.150000095367432
vertex 13.714900970458984 4.850156307220459 10.600000381469727
vertex 13.951423645019531 4.784701824188232 10.600000381469727
endloop
endfacet
facet normal 0.0 -0.0 1.0
outer loop
vertex 12.5 3.709103584289551 10.600000381469727
vertex 13.714900970458984 4.850156307220459 10.600000381469727
vertex 13.475451469421387 4.903926372528076 10.600000381469727
endloop
endfacet
facet normal 0.0 -0.0 1.0
outer loop
vertex 12.5 3.709103584289551 10.600000381469727
vertex 13.475451469421387 4.903926372528076 10.600000381469727
vertex 13.233652114868164 4.945882320404053 10.600000381469727
endloop
endfacet
facet normal 0.0 -0.0 1.0
outer loop
vertex 12.5 3.709103584289551 10.600000381469727
vertex 13.233652114868164 4.945882320404053 10.600000381469727
vertex 12.99008560180664 4.975923538208008 10.600000381469727
endloop
endfacet
facet normal 0.07356414367639032 0.9972904876540031 0.0
outer loop
vertex 12.745338439941406 4.993977069854736 7.150000095367432
vertex 12.99008560180664 4.975923538208008 10.600000381469727
vertex 12.99008560180664 4.975923538208008 7.150000095367432
endloop
endfacet
facet normal 0.21910078143584538 0.9757022330476659 0.0
outer loop
vertex 13.475451469421387 4.903926372528076 7.150000095367432
vertex 13.714900970458984 4.850156307220459 10.600000381469727
vertex 13.714900970458984 4.850156307220459 7.150000095367432
endloop
endfacet
facet normal 0.21910078143584538 0.9757022330476659 -0.0
outer loop
vertex 13.475451469421387 4.903926372528076 7.150000095367432
vertex 13.475451469421387 4.903926372528076 10.600000381469727
vertex 13.714900970458984 4.850156307220459 10.600000381469727
endloop
endfacet
facet normal 0.1709610177608529 0.9852777935212859 -0.0
outer loop
vertex 13.233652114868164 4.945882320404053 7.150000095367432
vertex 13.233652114868164 4.945882320404053 10.600000381469727
vertex 13.475451469421387 4.903926372528076 10.600000381469727
endloop
endfacet
facet normal 0.12241129211184755 0.9924794585095995 -0.0
outer loop
vertex 12.99008560180664 4.975923538208008 7.150000095367432
vertex 12.99008560180664 4.975923538208008 10.600000381469727
vertex 13.233652114868164 4.945882320404053 10.600000381469727
endloop
endfacet
facet normal 0.0 0.0 -1.0
outer loop
vertex 13.653882026672363 3.803837776184082 7.150000095367432
vertex 13.714900970458984 4.850156307220459 7.150000095367432
vertex 13.839137077331543 3.7426376342773438 7.150000095367432
endloop
endfacet
facet normal 0.0 0.0 -1.0
outer loop
vertex 12.889617919921875 3.9558591842651367 7.150000095367432
vertex 12.745338439941406 4.993977069854736 7.150000095367432
vertex 12.99008560180664 4.975923538208008 7.150000095367432
endloop
endfacet
facet normal 0.0 0.0 -1.0
outer loop
vertex 13.653882026672363 3.803837776184082 7.150000095367432
vertex 13.475451469421387 4.903926372528076 7.150000095367432
vertex 13.714900970458984 4.850156307220459 7.150000095367432
endloop
endfacet
facet normal 0.1709610177608529 0.9852777935212859 0.0
outer loop
vertex 13.233652114868164 4.945882320404053 7.150000095367432
vertex 13.475451469421387 4.903926372528076 10.600000381469727
vertex 13.475451469421387 4.903926372528076 7.150000095367432
endloop
endfacet
facet normal 0.12241129211184755 0.9924794585095995 0.0
outer loop
vertex 12.99008560180664 4.975923538208008 7.150000095367432
vertex 13.233652114868164 4.945882320404053 10.600000381469727
vertex 13.233652114868164 4.945882320404053 7.150000095367432
endloop
endfacet
facet normal 0.3136823861692297 0.9495279672590894 -0.0
outer loop
vertex 13.653882026672363 3.803837776184082 -8.149999618530273
vertex 13.653882026672363 3.803837776184082 7.150000095367432
vertex 13.839137077331543 3.7426376342773438 7.150000095367432
endloop
endfacet
facet normal 0.3136823861692297 0.9495279672590894 0.0
outer loop
vertex 13.653882026672363 3.803837776184082 -8.149999618530273
vertex 13.839137077331543 3.7426376342773438 7.150000095367432
vertex 13.839137077331543 3.7426376342773438 -8.149999618530273
endloop
endfacet
facet normal 0.0 0.0 -1.0
outer loop
vertex 12.889617919921875 3.9558591842651367 7.150000095367432
vertex 12.99008560180664 4.975923538208008 7.150000095367432
vertex 13.083253860473633 3.931976318359375 7.150000095367432
endloop
endfacet
facet normal 0.0 0.0 -1.0
outer loop
vertex 13.465846061706543 3.8558743000030518 7.150000095367432
vertex 13.475451469421387 4.903926372528076 7.150000095367432
vertex 13.653882026672363 3.803837776184082 7.150000095367432
endloop
endfacet
facet normal 0.0 0.0 -1.0
outer loop
vertex 13.275484085083008 3.8986215591430664 7.150000095367432
vertex 13.233652114868164 4.945882320404053 7.150000095367432
vertex 13.475451469421387 4.903926372528076 7.150000095367432
endloop
endfacet
facet normal 0.0 0.0 -1.0
outer loop
vertex 13.083253860473633 3.931976318359375 7.150000095367432
vertex 12.99008560180664 4.975923538208008 7.150000095367432
vertex 13.233652114868164 4.945882320404053 7.150000095367432
endloop
endfacet
facet normal 0.2667125869691542 0.9637761129807177 -0.0
outer loop
vertex 13.465846061706543 3.8558743000030518 -8.149999618530273
vertex 13.465846061706543 3.8558743000030518 7.150000095367432
vertex 13.653882026672363 3.803837776184082 7.150000095367432
endloop
endfacet
facet normal 0.2667125869691542 0.9637761129807177 0.0
outer loop
vertex 13.465846061706543 3.8558743000030518 -8.149999618530273
vertex 13.653882026672363 3.803837776184082 7.150000095367432
vertex 13.653882026672363 3.803837776184082 -8.149999618530273
endloop
endfacet
facet normal 0.0 0.0 -1.0
outer loop
vertex 12.5 3.8682467937469482 -8.149999618530273
vertex 13.653882026672363 3.803837776184082 -8.149999618530273
vertex 13.839137077331543 3.7426376342773438 -8.149999618530273
endloop
endfacet
facet normal 0.12241143525632392 0.9924794408543114 -0.0
outer loop
vertex 12.889617919921875 3.9558591842651367 -8.149999618530273
vertex 12.889617919921875 3.9558591842651367 7.150000095367432
vertex 13.083253860473633 3.931976318359375 7.150000095367432
endloop
endfacet
facet normal 0.0 -0.0 -1.0
outer loop
vertex 13.275484085083008 3.8986215591430664 7.150000095367432
vertex 13.475451469421387 4.903926372528076 7.150000095367432
vertex 13.465846061706543 3.8558743000030518 7.150000095367432
endloop
endfacet
facet normal 0.0 0.0 -1.0
outer loop
vertex 13.083253860473633 3.931976318359375 7.150000095367432
vertex 13.233652114868164 4.945882320404053 7.150000095367432
vertex 13.275484085083008 3.8986215591430664 7.150000095367432
endloop
endfacet
facet normal 0.21910147339857686 0.9757020776623224 0.0
outer loop
vertex 13.275484085083008 3.8986215591430664 -8.149999618530273
vertex 13.465846061706543 3.8558743000030518 7.150000095367432
vertex 13.465846061706543 3.8558743000030518 -8.149999618530273
endloop
endfacet
facet normal 0.0 0.0 -1.0
outer loop
vertex 12.5 3.8682467937469482 -8.149999618530273
vertex 13.465846061706543 3.8558743000030518 -8.149999618530273
vertex 13.653882026672363 3.803837776184082 -8.149999618530273
endloop
endfacet
facet normal 0.12241143525632392 0.9924794408543114 0.0
outer loop
vertex 12.889617919921875 3.9558591842651367 -8.149999618530273
vertex 13.083253860473633 3.931976318359375 7.150000095367432
vertex 13.083253860473633 3.931976318359375 -8.149999618530273
endloop
endfacet
facet normal 0.21910147339857686 0.9757020776623224 -0.0
outer loop
vertex 13.275484085083008 3.8986215591430664 -8.149999618530273
vertex 13.275484085083008 3.8986215591430664 7.150000095367432
vertex 13.465846061706543 3.8558743000030518 7.150000095367432
endloop
endfacet
facet normal 0.17096015279034998 0.9852779436067267 -0.0
outer loop
vertex 13.083253860473633 3.931976318359375 -8.149999618530273
vertex 13.083253860473633 3.931976318359375 7.150000095367432
vertex 13.275484085083008 3.8986215591430664 7.150000095367432
endloop
endfacet
facet normal 0.0 0.0 -0.9999999999999999
outer loop
vertex 12.5 3.8682467937469482 -8.149999618530273
vertex 13.275484085083008 3.8986215591430664 -8.149999618530273
vertex 13.465846061706543 3.8558743000030518 -8.149999618530273
endloop
endfacet
facet normal 0.0 0.0 -1.0
outer loop
vertex 12.5 3.8682467937469482 -8.149999618530273
vertex 12.889617919921875 3.9558591842651367 -8.149999618530273
vertex 13.083253860473633 3.931976318359375 -8.149999618530273
endloop
endfacet
facet normal 0.17096015279034998 0.9852779436067267 0.0
outer loop
vertex 13.083253860473633 3.931976318359375 -8.149999618530273
vertex 13.275484085083008 3.8986215591430664 7.150000095367432
vertex 13.275484085083008 3.8986215591430664 -8.149999618530273
endloop
endfacet
facet normal 0.0 0.0 -1.0
outer loop
vertex 12.5 3.8682467937469482 -8.149999618530273
vertex 13.083253860473633 3.931976318359375 -8.149999618530273
vertex 13.275484085083008 3.8986215591430664 -8.149999618530273
endloop
endfacet
facet normal 0.0 0.0 -1.0
outer loop
vertex 15.909470558166504 -2.043558359146118 -8.149999618530273
vertex 15.850000381469727 -1.9341233968734741 -8.149999618530273
vertex 15.850000381469727 1.9341233968734741 -8.149999618530273
endloop
endfacet
facet normal 0.8448555122110907 -0.5349945452867122 0.0
outer loop
vertex 15.805091857910156 -2.2083916664123535 -8.149999618530273
vertex 15.909470558166504 -2.043558359146118 -8.149999618530273
vertex 15.805091857910156 -2.2083916664123535 7.150000095367432
endloop
endfacet
facet normal 0.8175844427643049 -0.575808717327014 0.0
outer loop
vertex 15.805091857910156 -2.2083916664123535 -8.149999618530273
vertex 15.805091857910156 -2.2083916664123535 7.150000095367432
vertex 15.692749977111816 -2.3679046630859375 7.150000095367432
endloop
endfacet
facet normal 0.0 0.0 -1.0
outer loop
vertex 15.805091857910156 -2.2083916664123535 -8.149999618530273
vertex 15.850000381469727 -1.9341233968734741 -8.149999618530273
vertex 15.909470558166504 -2.043558359146118 -8.149999618530273
endloop
endfacet
facet normal 0.8175844427643049 -0.575808717327014 0.0
outer loop
vertex 15.692749977111816 -2.3679046630859375 -8.149999618530273
vertex 15.805091857910156 -2.2083916664123535 -8.149999618530273
vertex 15.692749977111816 -2.3679046630859375 7.150000095367432
endloop
endfacet
facet normal 0.788346776959525 -0.6152311429515975 0.0
outer loop
vertex 15.692749977111816 -2.3679046630859375 -8.149999618530273
vertex 15.692749977111816 -2.3679046630859375 7.150000095367432
vertex 15.57271671295166 -2.5217132568359375 7.150000095367432
endloop
endfacet
facet normal 0.0 -0.0 -1.0
outer loop
vertex 15.692749977111816 -2.3679046630859375 -8.149999618530273
vertex 15.850000381469727 -1.9341233968734741 -8.149999618530273
vertex 15.805091857910156 -2.2083916664123535 -8.149999618530273
endloop
endfacet
facet normal 0.788346776959525 -0.6152311429515975 0.0
outer loop
vertex 15.57271671295166 -2.5217132568359375 -8.149999618530273
vertex 15.692749977111816 -2.3679046630859375 -8.149999618530273
vertex 15.57271671295166 -2.5217132568359375 7.150000095367432
endloop
endfacet
facet normal 0.7572095354332137 -0.6531720442953883 0.0
outer loop
vertex 15.57271671295166 -2.5217132568359375 -8.149999618530273
vertex 15.57271671295166 -2.5217132568359375 7.150000095367432
vertex 15.445281028747559 -2.6694469451904297 7.150000095367432
endloop
endfacet
facet normal 0.0 -0.0 -1.0
outer loop
vertex 15.57271671295166 -2.5217132568359375 -8.149999618530273
vertex 15.850000381469727 -1.9341233968734741 -8.149999618530273
vertex 15.692749977111816 -2.3679046630859375 -8.149999618530273
endloop
endfacet
facet normal 0.7572095354332137 -0.6531720442953883 0.0
outer loop
vertex 15.445281028747559 -2.6694469451904297 -8.149999618530273
vertex 15.57271671295166 -2.5217132568359375 -8.149999618530273
vertex 15.445281028747559 -2.6694469451904297 7.150000095367432
endloop
endfacet
facet normal 0.7242452152525695 -0.689542506437246 0.0
outer loop
vertex 15.445281028747559 -2.6694469451904297 -8.149999618530273
vertex 15.445281028747559 -2.6694469451904297 7.150000095367432
vertex 15.310749053955078 -2.8107495307922363 7.150000095367432
endloop
endfacet
facet normal 0.0 -0.0 -1.0
outer loop
vertex 15.445281028747559 -2.6694469451904297 -8.149999618530273
vertex 15.850000381469727 -1.9341233968734741 -8.149999618530273
vertex 15.57271671295166 -2.5217132568359375 -8.149999618530273
endloop
endfacet
facet normal 0.7242452152525695 -0.689542506437246 0.0
outer loop
vertex 15.310749053955078 -2.8107495307922363 -8.149999618530273
vertex 15.445281028747559 -2.6694469451904297 -8.149999618530273
vertex 15.310749053955078 -2.8107495307922363 7.150000095367432
endloop
endfacet
facet normal 0.6895418040240044 -0.7242458840085466 0.0
outer loop
vertex 15.310749053955078 -2.8107495307922363 -8.149999618530273
vertex 15.310749053955078 -2.8107495307922363 7.150000095367432
vertex 15.16944694519043 -2.9452807903289795 7.150000095367432
endloop
endfacet
facet normal 0.0 -0.0 -1.0
outer loop
vertex 15.310749053955078 -2.8107495307922363 -8.149999618530273
vertex 15.850000381469727 -1.9341233968734741 -8.149999618530273
vertex 15.445281028747559 -2.6694469451904297 -8.149999618530273
endloop
endfacet
facet normal 0.6895418040240044 -0.7242458840085466 0.0
outer loop
vertex 15.16944694519043 -2.9452807903289795 -8.149999618530273
vertex 15.310749053955078 -2.8107495307922363 -8.149999618530273
vertex 15.16944694519043 -2.9452807903289795 7.150000095367432
endloop
endfacet
facet normal 0.6531720442953883 -0.7572095354332137 0.0
outer loop
vertex 15.16944694519043 -2.9452807903289795 -8.149999618530273
vertex 15.16944694519043 -2.9452807903289795 7.150000095367432
vertex 15.021713256835938 -3.072716474533081 7.150000095367432
endloop
endfacet
facet normal 0.0 -0.0 -1.0
outer loop
vertex 15.16944694519043 -2.9452807903289795 -8.149999618530273
vertex 15.850000381469727 -1.9341233968734741 -8.149999618530273
vertex 15.310749053955078 -2.8107495307922363 -8.149999618530273
endloop
endfacet
facet normal 0.6531720442953883 -0.7572095354332137 0.0
outer loop
vertex 15.021713256835938 -3.072716474533081 -8.149999618530273
vertex 15.16944694519043 -2.9452807903289795 -8.149999618530273
vertex 15.021713256835938 -3.072716474533081 7.150000095367432
endloop
endfacet
facet normal 0.6152319024220697 -0.7883461842630565 0.0
outer loop
vertex 15.021713256835938 -3.072716474533081 -8.149999618530273
vertex 15.021713256835938 -3.072716474533081 7.150000095367432
vertex 14.867904663085938 -3.1927499771118164 7.150000095367432
endloop
endfacet
facet normal 0.0 -0.0 -1.0
outer loop
vertex 15.021713256835938 -3.072716474533081 -8.149999618530273
vertex 15.850000381469727 -1.9341233968734741 -8.149999618530273
vertex 15.16944694519043 -2.9452807903289795 -8.149999618530273
endloop
endfacet
facet normal 0.6152319024220697 -0.7883461842630565 0.0
outer loop
vertex 14.867904663085938 -3.1927499771118164 -8.149999618530273
vertex 15.021713256835938 -3.072716474533081 -8.149999618530273
vertex 14.867904663085938 -3.1927499771118164 7.150000095367432
endloop
endfacet
facet normal 0.5758090510604608 -0.8175842077222698 0.0
outer loop
vertex 14.867904663085938 -3.1927499771118164 -8.149999618530273
vertex 14.867904663085938 -3.1927499771118164 7.150000095367432
vertex 14.708392143249512 -3.305091619491577 7.150000095367432
endloop
endfacet
facet normal 0.0 -0.0 -1.0
outer loop
vertex 14.867904663085938 -3.1927499771118164 -8.149999618530273
vertex 15.850000381469727 -1.9341233968734741 -8.149999618530273
vertex 15.021713256835938 -3.072716474533081 -8.149999618530273
endloop
endfacet
facet normal 0.5758090510604608 -0.8175842077222698 0.0
outer loop
vertex 14.708392143249512 -3.305091619491577 -8.149999618530273
vertex 14.867904663085938 -3.1927499771118164 -8.149999618530273
vertex 14.708392143249512 -3.305091619491577 7.150000095367432
endloop
endfacet
facet normal 0.5349963772558718 -0.844854352135972 0.0
outer loop
vertex 14.708392143249512 -3.305091619491577 -8.149999618530273
vertex 14.708392143249512 -3.305091619491577 7.150000095367432
vertex 14.543558120727539 -3.409471273422241 7.150000095367432
endloop
endfacet
facet normal 0.0 -0.0 -1.0
outer loop
vertex 14.708392143249512 -3.305091619491577 -8.149999618530273
vertex 15.850000381469727 -1.9341233968734741 -8.149999618530273
vertex 14.867904663085938 -3.1927499771118164 -8.149999618530273
endloop
endfacet
facet normal 0.5349963772558718 -0.844854352135972 0.0
outer loop
vertex 14.543558120727539 -3.409471273422241 -8.149999618530273
vertex 14.708392143249512 -3.305091619491577 -8.149999618530273
vertex 14.543558120727539 -3.409471273422241 7.150000095367432
endloop
endfacet
facet normal 0.49289860864207713 -0.8700867552139295 0.0
outer loop
vertex 14.543558120727539 -3.409471273422241 -8.149999618530273
vertex 14.543558120727539 -3.409471273422241 7.150000095367432
vertex 14.373802185058594 -3.5056369304656982 7.150000095367432
endloop
endfacet
facet normal 0.0 -0.0 -1.0
outer loop
vertex 14.543558120727539 -3.409471273422241 -8.149999618530273
vertex 15.850000381469727 -1.9341233968734741 -8.149999618530273
vertex 14.708392143249512 -3.305091619491577 -8.149999618530273
endloop
endfacet
facet normal 0.49289860864207713 -0.8700867552139295 0.0
outer loop
vertex 14.373802185058594 -3.5056369304656982 -8.149999618530273
vertex 14.543558120727539 -3.409471273422241 -8.149999618530273
vertex 14.373802185058594 -3.5056369304656982 7.150000095367432
endloop
endfacet
facet normal 0.4496110464001469 -0.8932244437737723 0.0
outer loop
vertex 14.373802185058594 -3.5056369304656982 -8.149999618530273
vertex 14.373802185058594 -3.5056369304656982 7.150000095367432
vertex 14.199531555175781 -3.5933573246002197 7.150000095367432
endloop
endfacet
facet normal 0.0 -0.0 -0.9999999999999999
outer loop
vertex 14.373802185058594 -3.5056369304656982 -8.149999618530273
vertex 15.850000381469727 -1.9341233968734741 -8.149999618530273
vertex 14.543558120727539 -3.409471273422241 -8.149999618530273
endloop
endfacet
facet normal 0.4496110464001469 -0.8932244437737723 0.0
outer loop
vertex 14.199531555175781 -3.5933573246002197 -8.149999618530273
vertex 14.373802185058594 -3.5056369304656982 -8.149999618530273
vertex 14.199531555175781 -3.5933573246002197 7.150000095367432
endloop
endfacet
facet normal 0.40524231935221644 -0.9142093100630929 0.0
outer loop
vertex 14.199531555175781 -3.5933573246002197 -8.149999618530273
vertex 14.199531555175781 -3.5933573246002197 7.150000095367432
vertex 14.021166801452637 -3.6724212169647217 7.150000095367432
endloop
endfacet
facet normal 0.0 -0.0 -1.0
outer loop
vertex 14.199531555175781 -3.5933573246002197 -8.149999618530273
vertex 15.850000381469727 -1.9341233968734741 -8.149999618530273
vertex 14.373802185058594 -3.5056369304656982 -8.149999618530273
endloop
endfacet
facet normal 0.40524231935221644 -0.9142093100630929 0.0
outer loop
vertex 14.021166801452637 -3.6724212169647217 -8.149999618530273
vertex 14.199531555175781 -3.5933573246002197 -8.149999618530273
vertex 14.021166801452637 -3.6724212169647217 7.150000095367432
endloop
endfacet
facet normal 0.35989416380833095 -0.9329931354820904 0.0
outer loop
vertex 14.021166801452637 -3.6724212169647217 -8.149999618530273
vertex 14.021166801452637 -3.6724212169647217 7.150000095367432
vertex 13.839137077331543 -3.7426376342773438 7.150000095367432
endloop
endfacet
facet normal 0.0 -0.0 -1.0
outer loop
vertex 14.021166801452637 -3.6724212169647217 -8.149999618530273
vertex 15.850000381469727 -1.9341233968734741 -8.149999618530273
vertex 14.199531555175781 -3.5933573246002197 -8.149999618530273
endloop
endfacet
facet normal 0.35989416380833095 -0.9329931354820904 0.0
outer loop
vertex 13.839137077331543 -3.7426376342773438 -8.149999618530273
vertex 14.021166801452637 -3.6724212169647217 -8.149999618530273
vertex 13.839137077331543 -3.7426376342773438 7.150000095367432
endloop
endfacet
facet normal 0.3136823861692297 -0.9495279672590894 0.0
outer loop
vertex 13.839137077331543 -3.7426376342773438 -8.149999618530273
vertex 13.839137077331543 -3.7426376342773438 7.150000095367432
vertex 13.653882026672363 -3.803837776184082 7.150000095367432
endloop
endfacet
facet normal 0.0 -0.0 -1.0
outer loop
vertex 13.839137077331543 -3.7426376342773438 -8.149999618530273
vertex 15.850000381469727 -1.9341233968734741 -8.149999618530273
vertex 14.021166801452637 -3.6724212169647217 -8.149999618530273
endloop
endfacet
facet normal 0.3136823861692297 -0.9495279672590894 0.0
outer loop
vertex 13.653882026672363 -3.803837776184082 -8.149999618530273
vertex 13.839137077331543 -3.7426376342773438 -8.149999618530273
vertex 13.653882026672363 -3.803837776184082 7.150000095367432
endloop
endfacet
facet normal 0.2667125869691542 -0.9637761129807177 0.0
outer loop
vertex 13.653882026672363 -3.803837776184082 -8.149999618530273
vertex 13.653882026672363 -3.803837776184082 7.150000095367432
vertex 13.465846061706543 -3.8558743000030518 7.150000095367432
endloop
endfacet
facet normal 0.0 -0.0 -1.0
outer loop
vertex 13.653882026672363 -3.803837776184082 -8.149999618530273
vertex 15.850000381469727 -1.9341233968734741 -8.149999618530273
vertex 13.839137077331543 -3.7426376342773438 -8.149999618530273
endloop
endfacet
facet normal 0.2667125869691542 -0.9637761129807177 0.0
outer loop
vertex 13.465846061706543 -3.8558743000030518 -8.149999618530273
vertex 13.653882026672363 -3.803837776184082 -8.149999618530273
vertex 13.465846061706543 -3.8558743000030518 7.150000095367432
endloop
endfacet
facet normal 0.21910147339857686 -0.9757020776623224 0.0
outer loop
vertex 13.465846061706543 -3.8558743000030518 -8.149999618530273
vertex 13.465846061706543 -3.8558743000030518 7.150000095367432
vertex 13.275484085083008 -3.8986215591430664 7.150000095367432
endloop
endfacet
facet normal 0.0 -0.0 -1.0
outer loop
vertex 13.465846061706543 -3.8558743000030518 -8.149999618530273
vertex 15.850000381469727 -1.9341233968734741 -8.149999618530273
vertex 13.653882026672363 -3.803837776184082 -8.149999618530273
endloop
endfacet
facet normal 0.21910147339857686 -0.9757020776623224 0.0
outer loop
vertex 13.275484085083008 -3.8986215591430664 -8.149999618530273
vertex 13.465846061706543 -3.8558743000030518 -8.149999618530273
vertex 13.275484085083008 -3.8986215591430664 7.150000095367432
endloop
endfacet
facet normal 0.17096015279034998 -0.9852779436067267 0.0
outer loop
vertex 13.275484085083008 -3.8986215591430664 -8.149999618530273
vertex 13.275484085083008 -3.8986215591430664 7.150000095367432
vertex 13.083253860473633 -3.931976318359375 7.150000095367432
endloop
endfacet
facet normal 0.0 -0.0 -1.0
outer loop
vertex 13.275484085083008 -3.8986215591430664 -8.149999618530273
vertex 15.850000381469727 -1.9341233968734741 -8.149999618530273
vertex 13.465846061706543 -3.8558743000030518 -8.149999618530273
endloop
endfacet
facet normal 0.17096015279034998 -0.9852779436067267 0.0
outer loop
vertex 13.083253860473633 -3.931976318359375 -8.149999618530273
vertex 13.275484085083008 -3.8986215591430664 -8.149999618530273
vertex 13.083253860473633 -3.931976318359375 7.150000095367432
endloop
endfacet
facet normal 0.12241143525632392 -0.9924794408543114 0.0
outer loop
vertex 13.083253860473633 -3.931976318359375 -8.149999618530273
vertex 13.083253860473633 -3.931976318359375 7.150000095367432
vertex 12.889617919921875 -3.9558591842651367 7.150000095367432
endloop
endfacet
facet normal 0.0 -0.0 -1.0
outer loop
vertex 13.083253860473633 -3.931976318359375 -8.149999618530273
vertex 15.850000381469727 -1.9341233968734741 -8.149999618530273
vertex 13.275484085083008 -3.8986215591430664 -8.149999618530273
endloop
endfacet
facet normal 0.12241143525632392 -0.9924794408543114 0.0
outer loop
vertex 12.889617919921875 -3.9558591842651367 -8.149999618530273
vertex 13.083253860473633 -3.931976318359375 -8.149999618530273
vertex 12.889617919921875 -3.9558591842651367 7.150000095367432
endloop
endfacet
facet normal 0.07356401955808649 -0.9972904968094588 0.0
outer loop
vertex 12.889617919921875 -3.9558591842651367 -8.149999618530273
vertex 12.889617919921875 -3.9558591842651367 7.150000095367432
vertex 12.695043563842773 -3.9702117443084717 7.150000095367432
endloop
endfacet
facet normal 0.0 -0.0 -1.0
outer loop
vertex 12.889617919921875 -3.9558591842651367 -8.149999618530273
vertex 15.850000381469727 -1.9341233968734741 -8.149999618530273
vertex 13.083253860473633 -3.931976318359375 -8.149999618530273
endloop
endfacet
facet normal 0.07356401955808649 -0.9972904968094588 0.0
outer loop
vertex 12.695043563842773 -3.9702117443084717 -8.149999618530273
vertex 12.889617919921875 -3.9558591842651367 -8.149999618530273
vertex 12.695043563842773 -3.9702117443084717 7.150000095367432
endloop
endfacet
facet normal 0.0 0.0 -0.9999999999999999
outer loop
vertex 12.5 -3.9749996662139893 -8.149999618530273
vertex 12.5 -3.8682467937469482 -8.149999618530273
vertex 15.850000381469727 -1.9341233968734741 -8.149999618530273
endloop
endfacet
facet normal 0.0 -0.0 -0.9999999999999999
outer loop
vertex 12.695043563842773 -3.9702117443084717 -8.149999618530273
vertex 15.850000381469727 -1.9341233968734741 -8.149999618530273
vertex 12.889617919921875 -3.9558591842651367 -8.149999618530273
endloop
endfacet
facet normal 0.0 -0.0 -0.9999999999999999
outer loop
vertex 12.5 -3.9749996662139893 -8.149999618530273
vertex 15.850000381469727 -1.9341233968734741 -8.149999618530273
vertex 12.695043563842773 -3.9702117443084717 -8.149999618530273
endloop
endfacet
facet normal 0.0 -0.0 -1.0
outer loop
vertex 12.5 3.8682467937469482 -8.149999618530273
vertex 15.909470558166504 2.043558359146118 -8.149999618530273
vertex 15.850000381469727 1.9341233968734741 -8.149999618530273
endloop
endfacet
facet normal 0.4999999563458427 0.8660254289881766 0.0
outer loop
vertex 12.5 3.8682467937469482 -8.149999618530273
vertex 15.850000381469727 1.9341233968734741 -8.149999618530273
vertex 15.850000381469727 1.9341233968734741 -10.149999618530273
endloop
endfacet
facet normal 0.4999999563458427 0.8660254289881766 -0.0
outer loop
vertex 12.5 3.8682467937469482 -10.149999618530273
vertex 12.5 3.8682467937469482 -8.149999618530273
vertex 15.850000381469727 1.9341233968734741 -10.149999618530273
endloop
endfacet
facet normal 1.0 0.0 0.0
outer loop
vertex 15.850000381469727 -1.9341233968734741 -10.149999618530273
vertex 15.850000381469727 1.9341233968734741 -10.149999618530273
vertex 15.850000381469727 1.9341233968734741 -8.149999618530273
endloop
endfacet
facet normal -0.9807863038144391 -0.1950851769100113 -0.0
outer loop
vertex 14.181599617004395 0.24944180250167847 14.100000381469727
vertex 14.149053573608398 0.4130662977695465 14.100000381469727
vertex 14.149053573608398 0.4130662977695465 -10.149999618530273
endloop
endfacet
facet normal 0.0 0.0 -1.0
outer loop
vertex 15.850000381469727 -1.9341233968734741 -10.149999618530273
vertex 12.5 3.8682467937469482 -10.149999618530273
vertex 15.850000381469727 1.9341233968734741 -10.149999618530273
endloop
endfacet
facet normal -0.9495271486135253 -0.3136848642282064 0.0
outer loop
vertex 14.149053573608398 0.4130662977695465 14.100000381469727
vertex 14.070594787597656 0.6505618095397949 -10.149999618530273
vertex 14.149053573608398 0.4130662977695465 -10.149999618530273
endloop
endfacet
facet normal -0.9495271486135253 -0.3136848642282064 -0.0
outer loop
vertex 14.070594787597656 0.6505618095397949 14.100000381469727
vertex 14.070594787597656 0.6505618095397949 -10.149999618530273
vertex 14.149053573608398 0.4130662977695465 14.100000381469727
endloop
endfacet
facet normal 0.0 0.0 -1.0
outer loop
vertex 15.850000381469727 -1.9341233968734741 -10.149999618530273
vertex 13.999266624450684 0.8013744354248047 -10.149999618530273
vertex 12.5 3.8682467937469482 -10.149999618530273
endloop
endfacet
facet normal 0.0 0.0 -1.0
outer loop
vertex 15.850000381469727 -1.9341233968734741 -10.149999618530273
vertex 14.149053573608398 0.4130662977695465 -10.149999618530273
vertex 14.070594787597656 0.6505618095397949 -10.149999618530273
endloop
endfacet
facet normal -0.9039913704545944 -0.4275507012549789 0.0
outer loop
vertex 14.070594787597656 0.6505618095397949 14.100000381469727
vertex 13.999266624450684 0.8013744354248047 -10.149999618530273
vertex 14.070594787597656 0.6505618095397949 -10.149999618530273
endloop
endfacet
facet normal 0.0 0.0 -0.9999999999999999
outer loop
vertex 15.850000381469727 -1.9341233968734741 -10.149999618530273
vertex 14.070594787597656 0.6505618095397949 -10.149999618530273
vertex 13.999266624450684 0.8013744354248047 -10.149999618530273
endloop
endfacet
facet normal -0.44961219195843377 -0.8932238671477227 -0.0
outer loop
vertex 13.150562286376953 1.5705952644348145 14.100000381469727
vertex 13.150562286376953 1.5705952644348145 -10.149999618530273
vertex 13.373974800109863 1.4581385850906372 14.100000381469727
endloop
endfacet
facet normal -0.44961219195843377 -0.8932238671477227 0.0
outer loop
vertex 13.373974800109863 1.4581385850906372 14.100000381469727
vertex 13.150562286376953 1.5705952644348145 -10.149999618530273
vertex 13.373974800109863 1.4581385850906372 -10.149999618530273
endloop
endfacet
facet normal -0.3368882188175831 -0.9415446500415772 -0.0
outer loop
vertex 12.993483543395996 1.6267986297607422 14.100000381469727
vertex 12.993483543395996 1.6267986297607422 -10.149999618530273
vertex 13.150562286376953 1.5705952644348145 14.100000381469727
endloop
endfacet
facet normal -0.3368882188175831 -0.9415446500415772 0.0
outer loop
vertex 13.150562286376953 1.5705952644348145 14.100000381469727
vertex 12.993483543395996 1.6267986297607422 -10.149999618530273
vertex 13.150562286376953 1.5705952644348145 -10.149999618530273
endloop
endfacet
facet normal -0.0 -0.0 -0.9999999999999999
outer loop
vertex 12.5 3.8682467937469482 -10.149999618530273
vertex 13.373974800109863 1.4581385850906372 -10.149999618530273
vertex 13.150562286376953 1.5705952644348145 -10.149999618530273
endloop
endfacet
facet normal -0.21910171782928883 -0.975702022773477 -0.0
outer loop
vertex 12.749442100524902 1.6816000938415527 14.100000381469727
vertex 12.749442100524902 1.6816000938415527 -10.149999618530273
vertex 12.993483543395996 1.6267986297607422 14.100000381469727
endloop
endfacet
facet normal -0.21910171782928883 -0.975702022773477 0.0
outer loop
vertex 12.993483543395996 1.6267986297607422 14.100000381469727
vertex 12.749442100524902 1.6816000938415527 -10.149999618530273
vertex 12.993483543395996 1.6267986297607422 -10.149999618530273
endloop
endfacet
facet normal -0.0 -0.0 -1.0
outer loop
vertex 12.5 3.8682467937469482 -10.149999618530273
vertex 13.150562286376953 1.5705952644348145 -10.149999618530273
vertex 12.993483543395996 1.6267986297607422 -10.149999618530273
endloop
endfacet
facet normal -0.09801677010495936 -0.9951847631360677 -0.0
outer loop
vertex 12.583415031433105 1.6979522705078125 14.100000381469727
vertex 12.583415031433105 1.6979522705078125 -10.149999618530273
vertex 12.749442100524902 1.6816000938415527 14.100000381469727
endloop
endfacet
facet normal -0.09801677010495936 -0.9951847631360677 0.0
outer loop
vertex 12.749442100524902 1.6816000938415527 14.100000381469727
vertex 12.583415031433105 1.6979522705078125 -10.149999618530273
vertex 12.749442100524902 1.6816000938415527 -10.149999618530273
endloop
endfacet
facet normal -0.0 -0.0 -1.0
outer loop
vertex 12.5 3.8682467937469482 -10.149999618530273
vertex 12.993483543395996 1.6267986297607422 -10.149999618530273
vertex 12.749442100524902 1.6816000938415527 -10.149999618530273
endloop
endfacet
facet normal 0.02454112094734021 -0.9996988213370306 0.0
outer loop
vertex 12.33337116241455 1.6918140649795532 14.100000381469727
vertex 12.33337116241455 1.6918140649795532 -10.149999618530273
vertex 12.583415031433105 1.6979522705078125 14.100000381469727
endloop
endfacet
facet normal 0.02454112094734021 -0.9996988213370306 0.0
outer loop
vertex 12.583415031433105 1.6979522705078125 14.100000381469727
vertex 12.33337116241455 1.6918140649795532 -10.149999618530273
vertex 12.583415031433105 1.6979522705078125 -10.149999618530273
endloop
endfacet
facet normal -0.0 -0.0 -1.0
outer loop
vertex 12.5 3.8682467937469482 -10.149999618530273
vertex 12.749442100524902 1.6816000938415527 -10.149999618530273
vertex 12.583415031433105 1.6979522705078125 -10.149999618530273
endloop
endfacet
facet normal 0.12240984127637758 -0.9924796374529264 0.0
outer loop
vertex 12.250557899475098 1.6816000938415527 14.100000381469727
vertex 12.250557899475098 1.6816000938415527 -10.149999618530273
vertex 12.33337116241455 1.6918140649795532 14.100000381469727
endloop
endfacet
facet normal 0.12240984127637758 -0.9924796374529264 0.0
outer loop
vertex 12.33337116241455 1.6918140649795532 14.100000381469727
vertex 12.250557899475098 1.6816000938415527 -10.149999618530273
vertex 12.33337116241455 1.6918140649795532 -10.149999618530273
endloop
endfacet
facet normal 0.0 -0.0 -1.0
outer loop
vertex 12.5 3.8682467937469482 -10.149999618530273
vertex 12.583415031433105 1.6979522705078125 -10.149999618530273
vertex 12.33337116241455 1.6918140649795532 -10.149999618530273
endloop
endfacet
facet normal 0.21910171782928883 -0.975702022773477 0.0
outer loop
vertex 12.006516456604004 1.6267986297607422 14.100000381469727
vertex 12.006516456604004 1.6267986297607422 -10.149999618530273
vertex 12.250557899475098 1.6816000938415527 14.100000381469727
endloop
endfacet
facet normal 0.21910171782928883 -0.975702022773477 0.0
outer loop
vertex 12.250557899475098 1.6816000938415527 14.100000381469727
vertex 12.006516456604004 1.6267986297607422 -10.149999618530273
vertex 12.250557899475098 1.6816000938415527 -10.149999618530273
endloop
endfacet
facet normal 0.0 0.0 -1.0
outer loop
vertex 12.5 3.8682467937469482 -10.149999618530273
vertex 12.33337116241455 1.6918140649795532 -10.149999618530273
vertex 12.250557899475098 1.6816000938415527 -10.149999618530273
endloop
endfacet
facet normal 0.3368882188175831 -0.9415446500415772 0.0
outer loop
vertex 12.006516456604004 1.6267986297607422 14.100000381469727
vertex 11.849437713623047 1.5705952644348145 -10.149999618530273
vertex 12.006516456604004 1.6267986297607422 -10.149999618530273
endloop
endfacet
facet normal 0.0 0.0 -1.0
outer loop
vertex 12.5 3.8682467937469482 -10.149999618530273
vertex 12.250557899475098 1.6816000938415527 -10.149999618530273
vertex 12.006516456604004 1.6267986297607422 -10.149999618530273
endloop
endfacet
facet normal 0.3368882188175831 -0.9415446500415772 0.0
outer loop
vertex 11.849437713623047 1.5705952644348145 14.100000381469727
vertex 11.849437713623047 1.5705952644348145 -10.149999618530273
vertex 12.006516456604004 1.6267986297607422 14.100000381469727
endloop
endfacet
facet normal 0.0 0.0 -1.0
outer loop
vertex 12.5 3.8682467937469482 -10.149999618530273
vertex 12.006516456604004 1.6267986297607422 -10.149999618530273
vertex 11.849437713623047 1.5705952644348145 -10.149999618530273
endloop
endfacet
facet normal 0.44961219195843377 -0.8932238671477227 0.0
outer loop
vertex 11.626025199890137 1.4581385850906372 14.100000381469727
vertex 11.626025199890137 1.4581385850906372 -10.149999618530273
vertex 11.849437713623047 1.5705952644348145 14.100000381469727
endloop
endfacet
facet normal 0.44961219195843377 -0.8932238671477227 0.0
outer loop
vertex 11.849437713623047 1.5705952644348145 14.100000381469727
vertex 11.626025199890137 1.4581385850906372 -10.149999618530273
vertex 11.849437713623047 1.5705952644348145 -10.149999618530273
endloop
endfacet
facet normal 0.0 -0.0 -1.0
outer loop
vertex 9.149999618530273 1.9341233968734741 -10.149999618530273
vertex 12.5 3.8682467937469482 -10.149999618530273
vertex 11.849437713623047 1.5705952644348145 -10.149999618530273
endloop
endfacet
facet normal 0.5758087471493012 -0.8175844217610511 0.0
outer loop
vertex 11.421531677246094 1.3141177892684937 14.100000381469727
vertex 11.421531677246094 1.3141177892684937 -10.149999618530273
vertex 11.626025199890137 1.4581385850906372 14.100000381469727
endloop
endfacet
facet normal 0.5758087471493012 -0.8175844217610511 0.0
outer loop
vertex 11.626025199890137 1.4581385850906372 14.100000381469727
vertex 11.421531677246094 1.3141177892684937 -10.149999618530273
vertex 11.626025199890137 1.4581385850906372 -10.149999618530273
endloop
endfacet
facet normal 0.0 -0.0 -1.0
outer loop
vertex 9.149999618530273 1.9341233968734741 -10.149999618530273
vertex 11.849437713623047 1.5705952644348145 -10.149999618530273
vertex 11.626025199890137 1.4581385850906372 -10.149999618530273
endloop
endfacet
facet normal 0.653171167828949 -0.7572102914758667 0.0
outer loop
vertex 11.358349800109863 1.2596169710159302 14.100000381469727
vertex 11.358349800109863 1.2596169710159302 -10.149999618530273
vertex 11.421531677246094 1.3141177892684937 14.100000381469727
endloop
endfacet
facet normal 0.653171167828949 -0.7572102914758667 0.0
outer loop
vertex 11.421531677246094 1.3141177892684937 14.100000381469727
vertex 11.358349800109863 1.2596169710159302 -10.149999618530273
vertex 11.421531677246094 1.3141177892684937 -10.149999618530273
endloop
endfacet
facet normal 0.0 -0.0 -1.0
outer loop
vertex 9.149999618530273 1.9341233968734741 -10.149999618530273
vertex 11.626025199890137 1.4581385850906372 -10.149999618530273
vertex 11.421531677246094 1.3141177892684937 -10.149999618530273
endloop
endfacet
facet normal 0.724247865072886 -0.6895397232483178 0.0
outer loop
vertex 11.185882568359375 1.0784685611724854 14.100000381469727
vertex 11.185882568359375 1.0784685611724854 -10.149999618530273
vertex 11.358349800109863 1.2596169710159302 14.100000381469727
endloop
endfacet
facet normal 0.724247865072886 -0.6895397232483178 0.0
outer loop
vertex 11.358349800109863 1.2596169710159302 14.100000381469727
vertex 11.185882568359375 1.0784685611724854 -10.149999618530273
vertex 11.358349800109863 1.2596169710159302 -10.149999618530273
endloop
endfacet
facet normal 0.0 -0.0 -1.0
outer loop
vertex 9.149999618530273 1.9341233968734741 -10.149999618530273
vertex 11.421531677246094 1.3141177892684937 -10.149999618530273
vertex 11.358349800109863 1.2596169710159302 -10.149999618530273
endloop
endfacet
facet normal 0.7883443118244674 -0.6152343017209025 0.0
outer loop
vertex 11.134547233581543 1.0126888751983643 14.100000381469727
vertex 11.134547233581543 1.0126888751983643 -10.149999618530273
vertex 11.185882568359375 1.0784685611724854 14.100000381469727
endloop
endfacet
facet normal 0.7883443118244674 -0.6152343017209025 0.0
outer loop
vertex 11.185882568359375 1.0784685611724854 14.100000381469727
vertex 11.134547233581543 1.0126888751983643 -10.149999618530273
vertex 11.185882568359375 1.0784685611724854 -10.149999618530273
endloop
endfacet
facet normal 0.0 -0.0 -1.0
outer loop
vertex 9.149999618530273 1.9341233968734741 -10.149999618530273
vertex 11.358349800109863 1.2596169710159302 -10.149999618530273
vertex 11.185882568359375 1.0784685611724854 -10.149999618530273
endloop
endfacet
facet normal 0.8448527252520401 -0.5349989463860662 0.0
outer loop
vertex 11.000733375549316 0.8013744354248047 14.100000381469727
vertex 11.000733375549316 0.8013744354248047 -10.149999618530273
vertex 11.134547233581543 1.0126888751983643 14.100000381469727
endloop
endfacet
facet normal 0.8448527252520401 -0.5349989463860662 0.0
outer loop
vertex 11.134547233581543 1.0126888751983643 14.100000381469727
vertex 11.000733375549316 0.8013744354248047 -10.149999618530273
vertex 11.134547233581543 1.0126888751983643 -10.149999618530273
endloop
endfacet
facet normal 0.0 -0.0 -1.0
outer loop
vertex 9.149999618530273 1.9341233968734741 -10.149999618530273
vertex 11.185882568359375 1.0784685611724854 -10.149999618530273
vertex 11.134547233581543 1.0126888751983643 -10.149999618530273
endloop
endfacet
facet normal 0.9039913704545944 -0.4275507012549789 0.0
outer loop
vertex 10.929405212402344 0.6505618095397949 14.100000381469727
vertex 10.929405212402344 0.6505618095397949 -10.149999618530273
vertex 11.000733375549316 0.8013744354248047 14.100000381469727
endloop
endfacet
facet normal 0.9039913704545944 -0.4275507012549789 0.0
outer loop
vertex 11.000733375549316 0.8013744354248047 14.100000381469727
vertex 10.929405212402344 0.6505618095397949 -10.149999618530273
vertex 11.000733375549316 0.8013744354248047 -10.149999618530273
endloop
endfacet
facet normal 0.0 -0.0 -1.0
outer loop
vertex 9.149999618530273 1.9341233968734741 -10.149999618530273
vertex 11.134547233581543 1.0126888751983643 -10.149999618530273
vertex 11.000733375549316 0.8013744354248047 -10.149999618530273
endloop
endfacet
facet normal 0.9495271486135253 -0.3136848642282064 0.0
outer loop
vertex 10.850946426391602 0.4130662977695465 14.100000381469727
vertex 10.850946426391602 0.4130662977695465 -10.149999618530273
vertex 10.929405212402344 0.6505618095397949 14.100000381469727
endloop
endfacet
facet normal 0.9495271486135253 -0.3136848642282064 0.0
outer loop
vertex 10.929405212402344 0.6505618095397949 14.100000381469727
vertex 10.850946426391602 0.4130662977695465 -10.149999618530273
vertex 10.929405212402344 0.6505618095397949 -10.149999618530273
endloop
endfacet
facet normal 0.0 -0.0 -1.0
outer loop
vertex 9.149999618530273 1.9341233968734741 -10.149999618530273
vertex 11.000733375549316 0.8013744354248047 -10.149999618530273
vertex 10.929405212402344 0.6505618095397949 -10.149999618530273
endloop
endfacet
facet normal 0.9807863038144391 -0.1950851769100113 0.0
outer loop
vertex 10.818400382995605 0.24944180250167847 14.100000381469727
vertex 10.818400382995605 0.24944180250167847 -10.149999618530273
vertex 10.850946426391602 0.4130662977695465 14.100000381469727
endloop
endfacet
facet normal 0.9807863038144391 -0.1950851769100113 0.0
outer loop
vertex 10.850946426391602 0.4130662977695465 14.100000381469727
vertex 10.818400382995605 0.24944180250167847 -10.149999618530273
vertex 10.850946426391602 0.4130662977695465 -10.149999618530273
endloop
endfacet
facet normal 0.0 -0.0 -1.0
outer loop
vertex 9.149999618530273 1.9341233968734741 -10.149999618530273
vertex 10.929405212402344 0.6505618095397949 -10.149999618530273
vertex 10.850946426391602 0.4130662977695465 -10.149999618530273
endloop
endfacet
facet normal 0.9972903805610608 -0.07356559549391803 0.0
outer loop
vertex 10.818400382995605 0.24944180250167847 14.100000381469727
vertex 10.800000190734863 1.0842021724855044e-16 -10.149999618530273
vertex 10.818400382995605 0.24944180250167847 -10.149999618530273
endloop
endfacet
facet normal 0.0 -0.0 -1.0
outer loop
vertex 9.149999618530273 1.9341233968734741 -10.149999618530273
vertex 10.850946426391602 0.4130662977695465 -10.149999618530273
vertex 10.818400382995605 0.24944180250167847 -10.149999618530273
endloop
endfacet
facet normal 0.9972903805610606 -0.07356559549391799 -3.2890712764822973e-19
outer loop
vertex 10.800000190734863 0.0 14.100000381469727
vertex 10.800000190734863 1.0842021724855044e-16 -10.149999618530273
vertex 10.818400382995605 0.24944180250167847 14.100000381469727
endloop
endfacet
facet normal 0.0 -0.0 -0.9999999999999999
outer loop
vertex 9.149999618530273 1.9341233968734741 -10.149999618530273
vertex 10.818400382995605 0.24944180250167847 -10.149999618530273
vertex 10.800000190734863 1.0842021724855044e-16 -10.149999618530273
endloop
endfacet
facet normal 0.9972903805610606 0.07356559549391799 3.2890712764822973e-19
outer loop
vertex 10.818400382995605 -0.24944180250167847 14.100000381469727
vertex 10.800000190734863 1.0842021724855044e-16 -10.149999618530273
vertex 10.800000190734863 0.0 14.100000381469727
endloop
endfacet
facet normal 0.9807863038144391 0.1950851769100113 -0.0
outer loop
vertex 10.850946426391602 -0.4130662977695465 14.100000381469727
vertex 10.818400382995605 -0.24944180250167847 -10.149999618530273
vertex 10.818400382995605 -0.24944180250167847 14.100000381469727
endloop
endfacet
facet normal 0.0 0.0 -1.0
outer loop
vertex 9.149999618530273 1.9341233968734741 -10.149999618530273
vertex 10.800000190734863 1.0842021724855044e-16 -10.149999618530273
vertex 10.818400382995605 -0.24944180250167847 -10.149999618530273
endloop
endfacet
facet normal 0.9972903805610608 0.07356559549391797 0.0
outer loop
vertex 10.818400382995605 -0.24944180250167847 14.100000381469727
vertex 10.818400382995605 -0.24944180250167847 -10.149999618530273
vertex 10.800000190734863 1.0842021724855044e-16 -10.149999618530273
endloop
endfacet
facet normal 0.0 0.0 1.0
outer loop
vertex 8.350000381469727 1.6454482078552246 10.600000381469727
vertex 7.596073627471924 0.9754515886306763 10.600000381469727
vertex 7.554117679595947 0.7336523532867432 10.600000381469727
endloop
endfacet
facet normal -0.9852777793239075 0.17096109958277006 0.0
outer loop
vertex 7.554117679595947 0.7336523532867432 7.150000095367432
vertex 7.554117679595947 0.7336523532867432 10.600000381469727
vertex 7.596073627471924 0.9754515886306763 10.600000381469727
endloop
endfacet
facet normal 0.0 0.0 0.9999999999999999
outer loop
vertex 8.350000381469727 -1.6454482078552246 10.600000381469727
vertex 7.506022930145264 -0.24533836543560028 10.600000381469727
vertex 7.524076461791992 -0.4900856912136078 10.600000381469727
endloop
endfacet
facet normal -0.9852777793239075 0.17096109958277006 0.0
outer loop
vertex 7.554117679595947 0.7336523532867432 7.150000095367432
vertex 7.596073627471924 0.9754515886306763 10.600000381469727
vertex 7.596073627471924 0.9754515886306763 7.150000095367432
endloop
endfacet
facet normal -0.9972904912685076 -0.07356409467545359 0.0
outer loop
vertex 7.524076461791992 -0.4900856912136078 7.150000095367432
vertex 7.524076461791992 -0.4900856912136078 10.600000381469727
vertex 7.506022930145264 -0.24533836543560028 10.600000381469727
endloop
endfacet
facet normal 0.0 0.0 -1.0
outer loop
vertex 7.554117679595947 -0.7336523532867432 7.150000095367432
vertex 7.554117679595947 0.7336523532867432 7.150000095367432
vertex 7.596073627471924 0.9754515886306763 7.150000095367432
endloop
endfacet
facet normal -0.9924794676080332 -0.12241121834405118 -0.0
outer loop
vertex 7.554117679595947 -0.7336523532867432 7.150000095367432
vertex 7.524076461791992 -0.4900856912136078 10.600000381469727
vertex 7.524076461791992 -0.4900856912136078 7.150000095367432
endloop
endfacet
facet normal 0.0 0.0 -1.0
outer loop
vertex 7.554117679595947 -0.7336523532867432 7.150000095367432
vertex 7.524076461791992 -0.4900856912136078 7.150000095367432
vertex 7.554117679595947 0.7336523532867432 7.150000095367432
endloop
endfacet
facet normal -0.9924794676080332 0.12241121834405118 0.0
outer loop
vertex 7.524076461791992 0.4900856912136078 7.150000095367432
vertex 7.524076461791992 0.4900856912136078 10.600000381469727
vertex 7.554117679595947 0.7336523532867432 10.600000381469727
endloop
endfacet
facet normal -0.9972904912685076 0.07356409467545359 0.0
outer loop
vertex 7.506022930145264 0.24533836543560028 7.150000095367432
vertex 7.506022930145264 0.24533836543560028 10.600000381469727
vertex 7.524076461791992 0.4900856912136078 10.600000381469727
endloop
endfacet
facet normal -0.9924794676080332 0.12241121834405118 0.0
outer loop
vertex 7.524076461791992 0.4900856912136078 7.150000095367432
vertex 7.554117679595947 0.7336523532867432 10.600000381469727
vertex 7.554117679595947 0.7336523532867432 7.150000095367432
endloop
endfacet
facet normal -0.9972904912685076 0.07356409467545359 0.0
outer loop
vertex 7.506022930145264 0.24533836543560028 7.150000095367432
vertex 7.524076461791992 0.4900856912136078 10.600000381469727
vertex 7.524076461791992 0.4900856912136078 7.150000095367432
endloop
endfacet
facet normal 0.0 0.0 -1.0
outer loop
vertex 7.524076461791992 -0.4900856912136078 7.150000095367432
vertex 7.524076461791992 0.4900856912136078 7.150000095367432
vertex 7.554117679595947 0.7336523532867432 7.150000095367432
endloop
endfacet
facet normal -0.9972904912685076 -0.07356409467545359 -0.0
outer loop
vertex 7.524076461791992 -0.4900856912136078 7.150000095367432
vertex 7.506022930145264 -0.24533836543560028 10.600000381469727
vertex 7.506022930145264 -0.24533836543560028 7.150000095367432
endloop
endfacet
facet normal 0.0 0.0 -1.0
outer loop
vertex 7.506022930145264 -0.24533836543560028 7.150000095367432
vertex 7.506022930145264 0.24533836543560028 7.150000095367432
vertex 7.524076461791992 0.4900856912136078 7.150000095367432
endloop
endfacet
facet normal 0.0 0.0 -0.9999999999999999
outer loop
vertex 7.524076461791992 -0.4900856912136078 7.150000095367432
vertex 7.506022930145264 -0.24533836543560028 7.150000095367432
vertex 7.524076461791992 0.4900856912136078 7.150000095367432
endloop
endfacet
facet normal 0.980785210033225 0.19509067578970157 0.0
outer loop
vertex 3.8509469032287598 -0.4130662977695465 13.300000190734863
vertex 3.8183999061584473 -0.24944180250167847 16.700000762939453
vertex 3.8509469032287598 -0.4130662977695465 16.700000762939453
endloop
endfacet
facet normal 0.0 0.0 -1.0
outer loop
vertex 3.8509469032287598 -0.4130662977695465 13.300000190734863
vertex 2.6500000953674316 1.6454482078552246 13.300000190734863
vertex 3.8183999061584473 -0.24944180250167847 13.300000190734863
endloop
endfacet
facet normal 0.980785210033225 0.19509067578970157 -0.0
outer loop
vertex 3.8509469032287598 -0.4130662977695465 13.300000190734863
vertex 3.8183999061584473 -0.24944180250167847 13.300000190734863
vertex 3.8183999061584473 -0.24944180250167847 16.700000762939453
endloop
endfacet
facet normal -0.8932243622536892 0.44961120835282814 0.0
outer loop
vertex 3.4601070880889893 4.275550842285156 10.699999809265137
vertex 3.4601070880889893 4.275550842285156 16.700000762939453
vertex 3.6807873249053955 4.713967323303223 16.700000762939453
endloop
endfacet
facet normal -0.8700869070199548 0.49289834066716903 0.0
outer loop
vertex 3.6807873249053955 4.713967323303223 10.699999809265137
vertex 3.6807873249053955 4.713967323303223 16.700000762939453
vertex 3.9227139949798584 5.141027450561523 16.700000762939453
endloop
endfacet
facet normal 0.0 -0.0 1.0
outer loop
vertex 3.4601070880889893 -4.275550842285156 16.700000762939453
vertex 3.6807873249053955 4.713967323303223 16.700000762939453
vertex 3.4601070880889893 4.275550842285156 16.700000762939453
endloop
endfacet
facet normal 0.0 -0.0 1.0
outer loop
vertex 3.6807873249053955 -4.713967323303223 16.700000762939453
vertex 3.9227139949798584 5.141027450561523 16.700000762939453
vertex 3.6807873249053955 4.713967323303223 16.700000762939453
endloop
endfacet
facet normal 0.0 -0.0 1.0
outer loop
vertex 3.6807873249053955 -4.713967323303223 16.700000762939453
vertex 3.6807873249053955 4.713967323303223 16.700000762939453
vertex 3.4601070880889893 -4.275550842285156 16.700000762939453
endloop
endfacet
facet normal 0.0 0.0 -1.0
outer loop
vertex 3.6807873249053955 -4.713967323303223 10.699999809265137
vertex 3.4601070880889893 -4.275550842285156 10.699999809265137
vertex 5.5 -3.290896415710449 10.699999809265137
endloop
endfacet
facet normal -0.8932243622536892 -0.44961120835282814 0.0
outer loop
vertex 3.6807873249053955 -4.713967323303223 10.699999809265137
vertex 3.6807873249053955 -4.713967323303223 16.700000762939453
vertex 3.4601070880889893 -4.275550842285156 16.700000762939453
endloop
endfacet
facet normal -0.8932243622536892 -0.44961120835282814 -0.0
outer loop
vertex 3.6807873249053955 -4.713967323303223 10.699999809265137
vertex 3.4601070880889893 -4.275550842285156 16.700000762939453
vertex 3.4601070880889893 -4.275550842285156 10.699999809265137
endloop
endfacet
facet normal -0.9142097050319029 0.4052414283183312 0.0
outer loop
vertex 3.261204719543457 3.8268344402313232 10.699999809265137
vertex 3.261204719543457 3.8268344402313232 16.700000762939453
vertex 3.4601070880889893 4.275550842285156 16.700000762939453
endloop
endfacet
facet normal 0.0 -0.0 1.0
outer loop
vertex 3.261204719543457 -3.8268344402313232 16.700000762939453
vertex 3.4601070880889893 4.275550842285156 16.700000762939453
vertex 3.261204719543457 3.8268344402313232 16.700000762939453
endloop
endfacet
facet normal 0.0 -0.0 0.9999999999999999
outer loop
vertex 3.261204719543457 -3.8268344402313232 16.700000762939453
vertex 3.261204719543457 3.8268344402313232 16.700000762939453
vertex 3.084559440612793 -3.368898630142212 16.700000762939453
endloop
endfacet
facet normal -0.0 0.0 1.0
outer loop
vertex 3.261204719543457 -3.8268344402313232 16.700000762939453
vertex 3.4601070880889893 -4.275550842285156 16.700000762939453
vertex 3.4601070880889893 4.275550842285156 16.700000762939453
endloop
endfacet
facet normal -0.9329928368991612 -0.3598949378566686 0.0
outer loop
vertex 3.261204719543457 -3.8268344402313232 10.699999809265137
vertex 3.261204719543457 -3.8268344402313232 16.700000762939453
vertex 3.084559440612793 -3.368898630142212 16.700000762939453
endloop
endfacet
facet normal 0.0 -0.0 -1.0
outer loop
vertex 3.261204719543457 -3.8268344402313232 10.699999809265137
vertex 5.5 -3.290896415710449 10.699999809265137
vertex 3.4601070880889893 -4.275550842285156 10.699999809265137
endloop
endfacet
facet normal -0.9142097050319029 -0.4052414283183312 0.0
outer loop
vertex 3.4601070880889893 -4.275550842285156 10.699999809265137
vertex 3.4601070880889893 -4.275550842285156 16.700000762939453
vertex 3.261204719543457 -3.8268344402313232 16.700000762939453
endloop
endfacet
facet normal -0.9142097050319029 -0.4052414283183312 0.0
outer loop
vertex 3.261204719543457 -3.8268344402313232 10.699999809265137
vertex 3.4601070880889893 -4.275550842285156 10.699999809265137
vertex 3.261204719543457 -3.8268344402313232 16.700000762939453
endloop
endfacet
facet normal -0.9495281036928269 0.3136819731790533 0.0
outer loop
vertex 2.9305965900421143 2.9028468132019043 10.699999809265137
vertex 2.9305965900421143 2.9028468132019043 16.700000762939453
vertex 3.084559440612793 3.368898630142212 16.700000762939453
endloop
endfacet
facet normal -0.9329928368991612 0.3598949378566686 0.0
outer loop
vertex 3.084559440612793 3.368898630142212 10.699999809265137
vertex 3.084559440612793 3.368898630142212 16.700000762939453
vertex 3.261204719543457 3.8268344402313232 16.700000762939453
endloop
endfacet
facet normal 0.0 -0.0 1.0
outer loop
vertex 2.9305965900421143 -2.9028468132019043 16.700000762939453
vertex 3.084559440612793 3.368898630142212 16.700000762939453
vertex 2.9305965900421143 2.9028468132019043 16.700000762939453
endloop
endfacet
facet normal 0.0 -0.0 1.0
outer loop
vertex 3.084559440612793 -3.368898630142212 16.700000762939453
vertex 3.261204719543457 3.8268344402313232 16.700000762939453
vertex 3.084559440612793 3.368898630142212 16.700000762939453
endloop
endfacet
facet normal 0.0 -0.0 1.0
outer loop
vertex 3.084559440612793 -3.368898630142212 16.700000762939453
vertex 3.084559440612793 3.368898630142212 16.700000762939453
vertex 2.9305965900421143 -2.9028468132019043 16.700000762939453
endloop
endfacet
facet normal 0.0 0.0 -0.9999999999999999
outer loop
vertex 3.261204719543457 -3.8268344402313232 10.699999809265137
vertex 3.084559440612793 -3.368898630142212 10.699999809265137
vertex 5.5 -3.290896415710449 10.699999809265137
endloop
endfacet
facet normal -0.9495281036928269 -0.3136819731790533 0.0
outer loop
vertex 3.084559440612793 -3.368898630142212 10.699999809265137
vertex 3.084559440612793 -3.368898630142212 16.700000762939453
vertex 2.9305965900421143 -2.9028468132019043 16.700000762939453
endloop
endfacet
facet normal -0.9329928368991612 -0.3598949378566686 -0.0
outer loop
vertex 3.261204719543457 -3.8268344402313232 10.699999809265137
vertex 3.084559440612793 -3.368898630142212 16.700000762939453
vertex 3.084559440612793 -3.368898630142212 10.699999809265137
endloop
endfacet
facet normal -0.963776070040686 0.26671274213454976 0.0
outer loop
vertex 2.799687385559082 2.4298017024993896 10.699999809265137
vertex 2.799687385559082 2.4298017024993896 16.700000762939453
vertex 2.9305965900421143 2.9028468132019043 16.700000762939453
endloop
endfacet
facet normal 0.0 -0.0 1.0
outer loop
vertex 2.799687385559082 -2.4298017024993896 16.700000762939453
vertex 2.9305965900421143 2.9028468132019043 16.700000762939453
vertex 2.799687385559082 2.4298017024993896 16.700000762939453
endloop
endfacet
facet normal 0.0 -0.0 1.0
outer loop
vertex 2.9305965900421143 -2.9028468132019043 16.700000762939453
vertex 2.9305965900421143 2.9028468132019043 16.700000762939453
vertex 2.799687385559082 -2.4298017024993896 16.700000762939453
endloop
endfacet
facet normal 0.0 0.0 -1.0
outer loop
vertex 3.084559440612793 -3.368898630142212 10.699999809265137
vertex 2.9305965900421143 -2.9028468132019043 10.699999809265137
vertex 5.5 -3.290896415710449 10.699999809265137
endloop
endfacet
facet normal -0.963776070040686 -0.26671274213454976 0.0
outer loop
vertex 2.9305965900421143 -2.9028468132019043 10.699999809265137
vertex 2.9305965900421143 -2.9028468132019043 16.700000762939453
vertex 2.799687385559082 -2.4298017024993896 16.700000762939453
endloop
endfacet
facet normal -0.9495281036928269 -0.3136819731790533 -0.0
outer loop
vertex 3.084559440612793 -3.368898630142212 10.699999809265137
vertex 2.9305965900421143 -2.9028468132019043 16.700000762939453
vertex 2.9305965900421143 -2.9028468132019043 10.699999809265137
endloop
endfacet
facet normal 0.0 -0.0 1.0
outer loop
vertex 2.512045383453369 -0.49067673087120056 16.700000762939453
vertex 2.5481526851654053 0.9801713824272156 16.700000762939453
vertex 2.512045383453369 0.49067673087120056 16.700000762939453
endloop
endfacet
facet normal 0.0 -0.0 0.9999999999999999
outer loop
vertex 2.5481526851654053 -0.9801713824272156 16.700000762939453
vertex 2.6082348823547363 1.4673047065734863 16.700000762939453
vertex 2.5481526851654053 0.9801713824272156 16.700000762939453
endloop
endfacet
facet normal -0.9852776156795716 0.17096204269011944 0.0
outer loop
vertex 2.6082348823547363 1.4673047065734863 10.699999809265137
vertex 2.6082348823547363 1.4673047065734863 16.700000762939453
vertex 2.6921472549438477 1.9509031772613525 16.700000762939453
endloop
endfacet
facet normal -0.992479526622123 0.12241073987165622 0.0
outer loop
vertex 2.5481526851654053 0.9801713824272156 10.699999809265137
vertex 2.5481526851654053 0.9801713824272156 16.700000762939453
vertex 2.6082348823547363 1.4673047065734863 16.700000762939453
endloop
endfacet
facet normal 0.0 -0.0 1.0
outer loop
vertex 2.5481526851654053 -0.9801713824272156 16.700000762939453
vertex 2.5481526851654053 0.9801713824272156 16.700000762939453
vertex 2.512045383453369 -0.49067673087120056 16.700000762939453
endloop
endfacet
facet normal -0.992479526622123 0.12241073987165622 0.0
outer loop
vertex 2.5481526851654053 0.9801713824272156 10.699999809265137
vertex 2.6082348823547363 1.4673047065734863 16.700000762939453
vertex 2.6082348823547363 1.4673047065734863 10.699999809265137
endloop
endfacet
facet normal -0.9972904556313705 -0.07356457779783353 0.0
outer loop
vertex 2.5481526851654053 -0.9801713824272156 10.699999809265137
vertex 2.5481526851654053 -0.9801713824272156 16.700000762939453
vertex 2.512045383453369 -0.49067673087120056 16.700000762939453
endloop
endfacet
facet normal 0.0 0.0 -0.9999999999999999
outer loop
vertex 2.5481526851654053 -0.9801713824272156 10.699999809265137
vertex 2.5481526851654053 0.9801713824272156 10.699999809265137
vertex 2.6082348823547363 1.4673047065734863 10.699999809265137
endloop
endfacet
facet normal -0.9972904556313705 -0.07356457779783353 -0.0
outer loop
vertex 2.5481526851654053 -0.9801713824272156 10.699999809265137
vertex 2.512045383453369 -0.49067673087120056 16.700000762939453
vertex 2.512045383453369 -0.49067673087120056 10.699999809265137
endloop
endfacet
facet normal 0.0 0.0 -1.0
outer loop
vertex 2.5481526851654053 -0.9801713824272156 10.699999809265137
vertex 2.512045383453369 -0.49067673087120056 10.699999809265137
vertex 2.5481526851654053 0.9801713824272156 10.699999809265137
endloop
endfacet
facet normal -0.975702186410524 0.21910098912082335 0.0
outer loop
vertex 2.6921472549438477 1.9509031772613525 10.699999809265137
vertex 2.6921472549438477 1.9509031772613525 16.700000762939453
vertex 2.799687385559082 2.4298017024993896 16.700000762939453
endloop
endfacet
facet normal 0.0 -0.0 0.9999999999999999
outer loop
vertex 2.6082348823547363 -1.4673047065734863 16.700000762939453
vertex 2.6921472549438477 1.9509031772613525 16.700000762939453
vertex 2.6082348823547363 1.4673047065734863 16.700000762939453
endloop
endfacet
facet normal 0.0 -0.0 1.0
outer loop
vertex 2.6921472549438477 -1.9509031772613525 16.700000762939453
vertex 2.799687385559082 2.4298017024993896 16.700000762939453
vertex 2.6921472549438477 1.9509031772613525 16.700000762939453
endloop
endfacet
facet normal 0.0 -0.0 1.0
outer loop
vertex 2.6921472549438477 -1.9509031772613525 16.700000762939453
vertex 2.6921472549438477 1.9509031772613525 16.700000762939453
vertex 2.6082348823547363 -1.4673047065734863 16.700000762939453
endloop
endfacet
facet normal 0.0 -0.0 1.0
outer loop
vertex 2.799687385559082 -2.4298017024993896 16.700000762939453
vertex 2.799687385559082 2.4298017024993896 16.700000762939453
vertex 2.6921472549438477 -1.9509031772613525 16.700000762939453
endloop
endfacet
facet normal -0.9852776156795716 -0.17096204269011944 0.0
outer loop
vertex 2.6921472549438477 -1.9509031772613525 10.699999809265137
vertex 2.6921472549438477 -1.9509031772613525 16.700000762939453
vertex 2.6082348823547363 -1.4673047065734863 16.700000762939453
endloop
endfacet
facet normal -0.975702186410524 -0.21910098912082335 0.0
outer loop
vertex 2.799687385559082 -2.4298017024993896 10.699999809265137
vertex 2.799687385559082 -2.4298017024993896 16.700000762939453
vertex 2.6921472549438477 -1.9509031772613525 16.700000762939453
endloop
endfacet
facet normal -0.975702186410524 -0.21910098912082335 -0.0
outer loop
vertex 2.799687385559082 -2.4298017024993896 10.699999809265137
vertex 2.6921472549438477 -1.9509031772613525 16.700000762939453
vertex 2.6921472549438477 -1.9509031772613525 10.699999809265137
endloop
endfacet
facet normal -0.963776070040686 -0.26671274213454976 -0.0
outer loop
vertex 2.9305965900421143 -2.9028468132019043 10.699999809265137
vertex 2.799687385559082 -2.4298017024993896 16.700000762939453
vertex 2.799687385559082 -2.4298017024993896 10.699999809265137
endloop
endfacet
facet normal 0.0 0.0 -1.0
outer loop
vertex 2.799687385559082 -2.4298017024993896 10.699999809265137
vertex 2.6921472549438477 -1.9509031772613525 10.699999809265137
vertex 5.5 -3.290896415710449 10.699999809265137
endloop
endfacet
facet normal 0.0 0.0 -1.0
outer loop
vertex 2.9305965900421143 -2.9028468132019043 10.699999809265137
vertex 2.799687385559082 -2.4298017024993896 10.699999809265137
vertex 5.5 -3.290896415710449 10.699999809265137
endloop
endfacet
facet normal 0.0 0.0 -1.0
outer loop
vertex 5.428932189941406 -7.071067810058594 10.699999809265137
vertex 5.090488910675049 -6.71558952331543 10.699999809265137
vertex 5.5 -3.290896415710449 10.699999809265137
endloop
endfacet
facet normal 0.0 0.0 1.0
outer loop
vertex 4.769895553588867 -6.343932628631592 16.700000762939453
vertex 4.555530548095703 -1.4134982824325562 16.700000762939453
vertex 4.46792459487915 -5.956993103027344 16.700000762939453
endloop
endfacet
facet normal -0.7242472708234546 -0.6895403474088936 -0.0
outer loop
vertex 5.428932189941406 -7.071067810058594 10.699999809265137
vertex 5.090488910675049 -6.71558952331543 16.700000762939453
vertex 5.090488910675049 -6.71558952331543 10.699999809265137
endloop
endfacet
facet normal -0.0 -0.0 1.0
outer loop
vertex 4.769895553588867 -6.343932628631592 16.700000762939453
vertex 5.090488910675049 -6.71558952331543 16.700000762939453
vertex 5.086933612823486 -1.6490530967712402 16.700000762939453
endloop
endfacet
facet normal -0.7883460431261611 -0.6152320832720973 0.0
outer loop
vertex 4.769895553588867 -6.343932628631592 10.699999809265137
vertex 4.769895553588867 -6.343932628631592 16.700000762939453
vertex 4.46792459487915 -5.956993103027344 16.700000762939453
endloop
endfacet
facet normal -0.757208932190694 -0.6531727436219525 0.0
outer loop
vertex 4.769895553588867 -6.343932628631592 16.700000762939453
vertex 5.090488910675049 -6.71558952331543 10.699999809265137
vertex 5.090488910675049 -6.71558952331543 16.700000762939453
endloop
endfacet
facet normal -0.757208932190694 -0.6531727436219525 0.0
outer loop
vertex 4.769895553588867 -6.343932628631592 10.699999809265137
vertex 5.090488910675049 -6.71558952331543 10.699999809265137
vertex 4.769895553588867 -6.343932628631592 16.700000762939453
endloop
endfacet
facet normal 0.6531720233488671 0.7572095535017681 0.0
outer loop
vertex 4.487311363220215 -1.365452766418457 13.300000190734863
vertex 4.297918319702148 -1.202081561088562 16.700000762939453
vertex 4.487311363220215 -1.365452766418457 16.700000762939453
endloop
endfacet
facet normal 0.575809355182664 0.8175839935346856 0.0
outer loop
vertex 4.555530548095703 -1.4134982824325562 13.300000190734863
vertex 4.487311363220215 -1.365452766418457 16.700000762939453
vertex 4.555530548095703 -1.4134982824325562 16.700000762939453
endloop
endfacet
facet normal 0.575809355182664 0.8175839935346856 -0.0
outer loop
vertex 4.487311363220215 -1.365452766418457 13.300000190734863
vertex 4.487311363220215 -1.365452766418457 16.700000762939453
vertex 4.555530548095703 -1.4134982824325562 13.300000190734863
endloop
endfacet
facet normal 0.4928985422402116 0.8700867928301602 -0.0
outer loop
vertex 4.77315616607666 -1.5367817878723145 13.300000190734863
vertex 4.555530548095703 -1.4134982824325562 13.300000190734863
vertex 4.555530548095703 -1.4134982824325562 16.700000762939453
endloop
endfacet
facet normal 0.0 0.0 -1.0
outer loop
vertex 4.487311363220215 -1.365452766418457 13.300000190734863
vertex 4.555530548095703 -1.4134982824325562 13.300000190734863
vertex 5.5 -3.290896415710449 13.300000190734863
endloop
endfacet
facet normal -0.0 -0.0 -1.0
outer loop
vertex 4.77315616607666 -1.5367817878723145 13.300000190734863
vertex 5.5 -3.290896415710449 13.300000190734863
vertex 4.555530548095703 -1.4134982824325562 13.300000190734863
endloop
endfacet
facet normal -0.8448537512656489 0.5349973261357117 0.0
outer loop
vertex 3.9227139949798584 5.141027450561523 10.699999809265137
vertex 3.9227139949798584 5.141027450561523 16.700000762939453
vertex 4.185303688049316 5.555702209472656 16.700000762939453
endloop
endfacet
facet normal -0.0 0.0 1.0
outer loop
vertex 3.9227139949798584 5.141027450561523 16.700000762939453
vertex 4.086501598358154 0.9444693922996521 16.700000762939453
vertex 4.185303688049316 5.555702209472656 16.700000762939453
endloop
endfacet
facet normal -0.0 0.0 1.0
outer loop
vertex 3.9227139949798584 5.141027450561523 16.700000762939453
vertex 3.9632179737091064 0.7268436551094055 16.700000762939453
vertex 4.086501598358154 0.9444693922996521 16.700000762939453
endloop
endfacet
facet normal -0.0 0.0 1.0
outer loop
vertex 3.9227139949798584 5.141027450561523 16.700000762939453
vertex 3.9294044971466064 0.6505618095397949 16.700000762939453
vertex 3.9632179737091064 0.7268436551094055 16.700000762939453
endloop
endfacet
facet normal -0.0 0.0 1.0
outer loop
vertex 3.9227139949798584 5.141027450561523 16.700000762939453
vertex 3.8509469032287598 0.4130662977695465 16.700000762939453
vertex 3.9294044971466064 0.6505618095397949 16.700000762939453
endloop
endfacet
facet normal -0.0 0.0 1.0
outer loop
vertex 3.9227139949798584 5.141027450561523 16.700000762939453
vertex 3.8183999061584473 0.24944180250167847 16.700000762939453
vertex 3.8509469032287598 0.4130662977695465 16.700000762939453
endloop
endfacet
facet normal -0.0 0.0 1.0
outer loop
vertex 3.9227139949798584 5.141027450561523 16.700000762939453
vertex 3.8020477294921875 0.08341504633426666 16.700000762939453
vertex 3.8183999061584473 0.24944180250167847 16.700000762939453
endloop
endfacet
facet normal 0.0 0.0 1.0
outer loop
vertex 3.6807873249053955 -4.713967323303223 16.700000762939453
vertex 3.8020477294921875 0.08341504633426666 16.700000762939453
vertex 3.9227139949798584 5.141027450561523 16.700000762939453
endloop
endfacet
facet normal 0.0 0.0 1.0
outer loop
vertex 3.6807873249053955 -4.713967323303223 16.700000762939453
vertex 3.8020477294921875 -0.08341504633426666 16.700000762939453
vertex 3.8020477294921875 0.08341504633426666 16.700000762939453
endloop
endfacet
facet normal 0.0 -0.0 1.0
outer loop
vertex 3.6807873249053955 -4.713967323303223 16.700000762939453
vertex 3.8183999061584473 -0.24944180250167847 16.700000762939453
vertex 3.8020477294921875 -0.08341504633426666 16.700000762939453
endloop
endfacet
facet normal 0.0 -0.0 1.0
outer loop
vertex 3.9227139949798584 -5.141027450561523 16.700000762939453
vertex 3.9632179737091064 -0.7268436551094055 16.700000762939453
vertex 3.9294044971466064 -0.6505618095397949 16.700000762939453
endloop
endfacet
facet normal 0.0 -0.0 1.0
outer loop
vertex 3.6807873249053955 -4.713967323303223 16.700000762939453
vertex 3.8509469032287598 -0.4130662977695465 16.700000762939453
vertex 3.8183999061584473 -0.24944180250167847 16.700000762939453
endloop
endfacet
facet normal 0.0 -0.0 1.0
outer loop
vertex 3.9227139949798584 -5.141027450561523 16.700000762939453
vertex 3.9294044971466064 -0.6505618095397949 16.700000762939453
vertex 3.8509469032287598 -0.4130662977695465 16.700000762939453
endloop
endfacet
facet normal 0.0 -0.0 1.0
outer loop
vertex 4.185303688049316 -5.555702209472656 16.700000762939453
vertex 4.185882091522217 -1.0784685611724854 16.700000762939453
vertex 4.086501598358154 -0.9444693922996521 16.700000762939453
endloop
endfacet
facet normal 0.0 -0.0 1.0
outer loop
vertex 3.9227139949798584 -5.141027450561523 16.700000762939453
vertex 4.086501598358154 -0.9444693922996521 16.700000762939453
vertex 3.9632179737091064 -0.7268436551094055 16.700000762939453
endloop
endfacet
facet normal 0.0 0.0 1.0
outer loop
vertex 3.9227139949798584 -5.141027450561523 16.700000762939453
vertex 3.8509469032287598 -0.4130662977695465 16.700000762939453
vertex 3.6807873249053955 -4.713967323303223 16.700000762939453
endloop
endfacet
facet normal -0.0 -0.0 1.0
outer loop
vertex 3.9227139949798584 -5.141027450561523 16.700000762939453
vertex 4.185303688049316 -5.555702209472656 16.700000762939453
vertex 4.086501598358154 -0.9444693922996521 16.700000762939453
endloop
endfacet
facet normal -0.8700869070199548 -0.49289834066716903 0.0
outer loop
vertex 3.9227139949798584 -5.141027450561523 10.699999809265137
vertex 3.9227139949798584 -5.141027450561523 16.700000762939453
vertex 3.6807873249053955 -4.713967323303223 16.700000762939453
endloop
endfacet
facet normal -0.8448537512656489 -0.5349973261357117 0.0
outer loop
vertex 4.185303688049316 -5.555702209472656 10.699999809265137
vertex 4.185303688049316 -5.555702209472656 16.700000762939453
vertex 3.9227139949798584 -5.141027450561523 16.700000762939453
endloop
endfacet
facet normal -0.8448537512656489 -0.5349973261357117 0.0
outer loop
vertex 3.9227139949798584 -5.141027450561523 10.699999809265137
vertex 4.185303688049316 -5.555702209472656 10.699999809265137
vertex 3.9227139949798584 -5.141027450561523 16.700000762939453
endloop
endfacet
facet normal 0.0 -0.0 1.0
outer loop
vertex 4.46792459487915 -5.956993103027344 16.700000762939453
vertex 4.555530548095703 -1.4134982824325562 16.700000762939453
vertex 4.487311363220215 -1.365452766418457 16.700000762939453
endloop
endfacet
facet normal 0.7409513172810451 0.6715587430891536 0.0
outer loop
vertex 4.297918319702148 -1.202081561088562 13.300000190734863
vertex 4.185882091522217 -1.0784685611724854 16.700000762939453
vertex 4.297918319702148 -1.202081561088562 16.700000762939453
endloop
endfacet
facet normal 0.0 -0.0 1.0
outer loop
vertex 4.46792459487915 -5.956993103027344 16.700000762939453
vertex 4.487311363220215 -1.365452766418457 16.700000762939453
vertex 4.297918319702148 -1.202081561088562 16.700000762939453
endloop
endfacet
facet normal 0.0 -0.0 1.0
outer loop
vertex 4.185303688049316 -5.555702209472656 16.700000762939453
vertex 4.297918319702148 -1.202081561088562 16.700000762939453
vertex 4.185882091522217 -1.0784685611724854 16.700000762939453
endloop
endfacet
facet normal -0.0 -0.0 1.0
outer loop
vertex 4.185303688049316 -5.555702209472656 16.700000762939453
vertex 4.46792459487915 -5.956993103027344 16.700000762939453
vertex 4.297918319702148 -1.202081561088562 16.700000762939453
endloop
endfacet
facet normal -0.8175848393678046 -0.5758081541936699 0.0
outer loop
vertex 4.46792459487915 -5.956993103027344 10.699999809265137
vertex 4.46792459487915 -5.956993103027344 16.700000762939453
vertex 4.185303688049316 -5.555702209472656 16.700000762939453
endloop
endfacet
facet normal -0.8175848393678046 -0.5758081541936699 0.0
outer loop
vertex 4.185303688049316 -5.555702209472656 10.699999809265137
vertex 4.46792459487915 -5.956993103027344 10.699999809265137
vertex 4.185303688049316 -5.555702209472656 16.700000762939453
endloop
endfacet
facet normal 0.0 0.0 -1.0
outer loop
vertex 4.77315616607666 -1.5367817878723145 13.300000190734863
vertex 4.849438190460205 -1.5705952644348145 13.300000190734863
vertex 5.5 -3.290896415710449 13.300000190734863
endloop
endfacet
facet normal 0.4928985422402116 0.8700867928301602 0.0
outer loop
vertex 4.77315616607666 -1.5367817878723145 13.300000190734863
vertex 4.555530548095703 -1.4134982824325562 16.700000762939453
vertex 4.77315616607666 -1.5367817878723145 16.700000762939453
endloop
endfacet
facet normal 0.4052411206406764 0.9142098414160115 -0.0
outer loop
vertex 4.77315616607666 -1.5367817878723145 13.300000190734863
vertex 4.77315616607666 -1.5367817878723145 16.700000762939453
vertex 4.849438190460205 -1.5705952644348145 13.300000190734863
endloop
endfacet
facet normal 0.4052411206406764 0.9142098414160115 0.0
outer loop
vertex 4.849438190460205 -1.5705952644348145 13.300000190734863
vertex 4.77315616607666 -1.5367817878723145 16.700000762939453
vertex 4.849438190460205 -1.5705952644348145 16.700000762939453
endloop
endfacet
facet normal 0.3136815329994167 0.9495282491085433 0.0
outer loop
vertex 5.086933612823486 -1.6490530967712402 13.300000190734863
vertex 4.849438190460205 -1.5705952644348145 16.700000762939453
vertex 5.086933612823486 -1.6490530967712402 16.700000762939453
endloop
endfacet
facet normal 0.3136815329994167 0.9495282491085433 -0.0
outer loop
vertex 4.849438190460205 -1.5705952644348145 13.300000190734863
vertex 4.849438190460205 -1.5705952644348145 16.700000762939453
vertex 5.086933612823486 -1.6490530967712402 13.300000190734863
endloop
endfacet
facet normal -0.4928985422402116 0.8700867928301602 0.0
outer loop
vertex 6.22684383392334 -1.5367817878723145 13.300000190734863
vertex 6.22684383392334 -1.5367817878723145 16.700000762939453
vertex 6.444469451904297 -1.4134982824325562 13.300000190734863
endloop
endfacet
facet normal -0.4928985422402116 0.8700867928301602 0.0
outer loop
vertex 6.444469451904297 -1.4134982824325562 13.300000190734863
vertex 6.22684383392334 -1.5367817878723145 16.700000762939453
vertex 6.444469451904297 -1.4134982824325562 16.700000762939453
endloop
endfacet
facet normal -0.3136815329994167 0.9495282491085433 0.0
outer loop
vertex 6.150561809539795 -1.5705952644348145 13.300000190734863
vertex 5.913066387176514 -1.6490530967712402 16.700000762939453
vertex 6.150561809539795 -1.5705952644348145 16.700000762939453
endloop
endfacet
facet normal -0.4052411206406764 0.9142098414160115 0.0
outer loop
vertex 6.22684383392334 -1.5367817878723145 13.300000190734863
vertex 6.150561809539795 -1.5705952644348145 16.700000762939453
vertex 6.22684383392334 -1.5367817878723145 16.700000762939453
endloop
endfacet
facet normal 0.0 -0.0 1.0
outer loop
vertex 6.156067371368408 -7.730104446411133 16.700000762939453
vertex 6.444469451904297 -1.4134982824325562 16.700000762939453
vertex 6.22684383392334 -1.5367817878723145 16.700000762939453
endloop
endfacet
facet normal 0.0 -0.0 1.0
outer loop
vertex 5.78441047668457 -7.409511089324951 16.700000762939453
vertex 6.150561809539795 -1.5705952644348145 16.700000762939453
vertex 5.913066387176514 -1.6490530967712402 16.700000762939453
endloop
endfacet
facet normal 0.0 -0.0 1.0
outer loop
vertex 6.156067371368408 -7.730104446411133 16.700000762939453
vertex 6.22684383392334 -1.5367817878723145 16.700000762939453
vertex 6.150561809539795 -1.5705952644348145 16.700000762939453
endloop
endfacet
facet normal 0.0 0.0 1.0
outer loop
vertex 6.156067371368408 -7.730104446411133 16.700000762939453
vertex 6.150561809539795 -1.5705952644348145 16.700000762939453
vertex 5.78441047668457 -7.409511089324951 16.700000762939453
endloop
endfacet
facet normal -0.6531727436219525 -0.757208932190694 0.0
outer loop
vertex 6.156067371368408 -7.730104446411133 10.699999809265137
vertex 6.156067371368408 -7.730104446411133 16.700000762939453
vertex 5.78441047668457 -7.409511089324951 16.700000762939453
endloop
endfacet
facet normal -0.6152314794930165 -0.7883465143202157 0.0
outer loop
vertex 6.156067371368408 -7.730104446411133 10.699999809265137
vertex 6.543006896972656 -8.032074928283691 10.699999809265137
vertex 6.156067371368408 -7.730104446411133 16.700000762939453
endloop
endfacet
facet normal -0.1950903681602182 0.980785271224599 0.0
outer loop
vertex 5.913066387176514 -1.6490530967712402 13.300000190734863
vertex 5.749441623687744 -1.6816000938415527 16.700000762939453
vertex 5.913066387176514 -1.6490530967712402 16.700000762939453
endloop
endfacet
facet normal -0.07356469988390966 0.9972904466257512 0.0
outer loop
vertex 5.749441623687744 -1.6816000938415527 13.300000190734863
vertex 5.5 -1.7000000476837158 16.700000762939453
vertex 5.749441623687744 -1.6816000938415527 16.700000762939453
endloop
endfacet
facet normal 0.0 -0.0 1.0
outer loop
vertex 5.78441047668457 -7.409511089324951 16.700000762939453
vertex 5.913066387176514 -1.6490530967712402 16.700000762939453
vertex 5.749441623687744 -1.6816000938415527 16.700000762939453
endloop
endfacet
facet normal 0.0 -0.0 1.0
outer loop
vertex 5.428932189941406 -7.071067810058594 16.700000762939453
vertex 5.749441623687744 -1.6816000938415527 16.700000762939453
vertex 5.5 -1.7000000476837158 16.700000762939453
endloop
endfacet
facet normal 0.0 -0.0 -1.0
outer loop
vertex 6.156067371368408 -7.730104446411133 10.699999809265137
vertex 7.881674766540527 -1.9158360958099365 10.699999809265137
vertex 6.543006896972656 -8.032074928283691 10.699999809265137
endloop
endfacet
facet normal -0.0 -0.0 1.0
outer loop
vertex 5.428932189941406 -7.071067810058594 16.700000762939453
vertex 5.78441047668457 -7.409511089324951 16.700000762939453
vertex 5.749441623687744 -1.6816000938415527 16.700000762939453
endloop
endfacet
facet normal 0.0 0.0 -1.0
outer loop
vertex 6.156067371368408 -7.730104446411133 10.699999809265137
vertex 5.78441047668457 -7.409511089324951 10.699999809265137
vertex 7.881674766540527 -1.9158360958099365 10.699999809265137
endloop
endfacet
facet normal -0.6895403474088936 -0.7242472708234546 0.0
outer loop
vertex 5.78441047668457 -7.409511089324951 10.699999809265137
vertex 5.78441047668457 -7.409511089324951 16.700000762939453
vertex 5.428932189941406 -7.071067810058594 16.700000762939453
endloop
endfacet
facet normal -0.6531727436219525 -0.757208932190694 -0.0
outer loop
vertex 6.156067371368408 -7.730104446411133 10.699999809265137
vertex 5.78441047668457 -7.409511089324951 16.700000762939453
vertex 5.78441047668457 -7.409511089324951 10.699999809265137
endloop
endfacet
facet normal 0.0 0.0 1.0
outer loop
vertex 6.543006896972656 8.032074928283691 16.700000762939453
vertex 6.512688636779785 1.365452766418457 16.700000762939453
vertex 6.702081680297852 1.202081561088562 16.700000762939453
endloop
endfacet
facet normal -0.6531720233488671 -0.7572095535017681 0.0
outer loop
vertex 6.512688636779785 1.365452766418457 13.300000190734863
vertex 6.702081680297852 1.202081561088562 16.700000762939453
vertex 6.512688636779785 1.365452766418457 16.700000762939453
endloop
endfacet
facet normal 0.0 0.0 1.0
outer loop
vertex 6.543006896972656 8.032074928283691 16.700000762939453
vertex 6.702081680297852 1.202081561088562 16.700000762939453
vertex 6.814117908477783 1.0784685611724854 16.700000762939453
endloop
endfacet
facet normal -0.6531720233488671 -0.7572095535017681 0.0
outer loop
vertex 6.512688636779785 1.365452766418457 13.300000190734863
vertex 6.702081680297852 1.202081561088562 13.300000190734863
vertex 6.702081680297852 1.202081561088562 16.700000762939453
endloop
endfacet
facet normal -0.7409513172810451 -0.6715587430891536 0.0
outer loop
vertex 6.702081680297852 1.202081561088562 13.300000190734863
vertex 6.814117908477783 1.0784685611724854 16.700000762939453
vertex 6.702081680297852 1.202081561088562 16.700000762939453
endloop
endfacet
facet normal -0.8032077139734276 -0.595699058429322 0.0
outer loop
vertex 6.814117908477783 1.0784685611724854 13.300000190734863
vertex 6.913498401641846 0.9444693922996521 16.700000762939453
vertex 6.814117908477783 1.0784685611724854 16.700000762939453
endloop
endfacet
facet normal -0.7409513172810451 -0.6715587430891536 0.0
outer loop
vertex 6.702081680297852 1.202081561088562 13.300000190734863
vertex 6.814117908477783 1.0784685611724854 13.300000190734863
vertex 6.814117908477783 1.0784685611724854 16.700000762939453
endloop
endfacet
facet normal -0.8032077139734276 -0.595699058429322 0.0
outer loop
vertex 6.913498401641846 0.9444693922996521 13.300000190734863
vertex 6.913498401641846 0.9444693922996521 16.700000762939453
vertex 6.814117908477783 1.0784685611724854 13.300000190734863
endloop
endfacet
facet normal 0.0 -0.0 -1.0
outer loop
vertex 6.702081680297852 1.202081561088562 13.300000190734863
vertex 8.350000381469727 1.6454482078552246 13.300000190734863
vertex 6.814117908477783 1.0784685611724854 13.300000190734863
endloop
endfacet
facet normal 0.0 0.0 -1.0
outer loop
vertex 6.913498401641846 0.9444693922996521 13.300000190734863
vertex 6.814117908477783 1.0784685611724854 13.300000190734863
vertex 8.350000381469727 1.6454482078552246 13.300000190734863
endloop
endfacet
facet normal 0.0 0.0 1.0
outer loop
vertex 8.350000381469727 1.6454482078552246 10.600000381469727
vertex 7.88060188293457 1.9134172201156616 10.600000381469727
vertex 7.7922797203063965 1.684449315071106 10.600000381469727
endloop
endfacet
facet normal 0.0 0.0 1.0
outer loop
vertex 8.350000381469727 1.6454482078552246 10.600000381469727
vertex 7.7922797203063965 1.684449315071106 10.600000381469727
vertex 7.715298175811768 1.4514234066009521 10.600000381469727
endloop
endfacet
facet normal -0.9495279590118826 0.31368241113382306 0.0
outer loop
vertex 7.715298175811768 1.4514234066009521 7.150000095367432
vertex 7.715298175811768 1.4514234066009521 10.600000381469727
vertex 7.7922797203063965 1.684449315071106 10.600000381469727
endloop
endfacet
facet normal -0.9495279590118826 0.31368241113382306 0.0
outer loop
vertex 7.715298175811768 1.4514234066009521 7.150000095367432
vertex 7.7922797203063965 1.684449315071106 10.600000381469727
vertex 7.7922797203063965 1.684449315071106 7.150000095367432
endloop
endfacet
facet normal 0.0 0.0 -0.9999999999999999
outer loop
vertex 7.715298175811768 -1.4514234066009521 7.150000095367432
vertex 7.715298175811768 1.4514234066009521 7.150000095367432
vertex 7.7922797203063965 1.684449315071106 7.150000095367432
endloop
endfacet
facet normal 0.0 0.0 1.0
outer loop
vertex 8.350000381469727 -1.6454482078552246 10.600000381469727
vertex 7.596073627471924 -0.9754515886306763 10.600000381469727
vertex 7.649843692779541 -1.2149008512496948 10.600000381469727
endloop
endfacet
facet normal 0.0 0.0 -1.0
outer loop
vertex 7.715298175811768 -1.4514234066009521 7.150000095367432
vertex 7.649843692779541 -1.2149008512496948 7.150000095367432
vertex 7.715298175811768 1.4514234066009521 7.150000095367432
endloop
endfacet
facet normal -0.9757021864105239 -0.21910098912082332 0.0
outer loop
vertex 7.649843692779541 -1.2149008512496948 7.150000095367432
vertex 7.649843692779541 -1.2149008512496948 10.600000381469727
vertex 7.596073627471924 -0.9754515886306763 10.600000381469727
endloop
endfacet
facet normal -0.9637761949035432 -0.26671229093772136 -0.0
outer loop
vertex 7.715298175811768 -1.4514234066009521 7.150000095367432
vertex 7.649843692779541 -1.2149008512496948 10.600000381469727
vertex 7.649843692779541 -1.2149008512496948 7.150000095367432
endloop
endfacet
facet normal -0.21910147339857686 -0.9757020776623224 0.0
outer loop
vertex 11.534153938293457 -3.8558743000030518 -8.149999618530273
vertex 11.724515914916992 -3.8986215591430664 -8.149999618530273
vertex 11.534153938293457 -3.8558743000030518 7.150000095367432
endloop
endfacet
facet normal -0.2667125869691542 -0.9637761129807177 0.0
outer loop
vertex 11.534153938293457 -3.8558743000030518 -8.149999618530273
vertex 11.534153938293457 -3.8558743000030518 7.150000095367432
vertex 11.346117973327637 -3.803837776184082 7.150000095367432
endloop
endfacet
facet normal -0.4496110464001469 -0.8932244437737723 0.0
outer loop
vertex 10.800468444824219 -3.5933573246002197 -8.149999618530273
vertex 10.800468444824219 -3.5933573246002197 7.150000095367432
vertex 10.626197814941406 -3.5056369304656982 7.150000095367432
endloop
endfacet
facet normal 0.0 -0.0 -0.9999999999999999
outer loop
vertex 11.534153938293457 -3.8558743000030518 -8.149999618530273
vertex 12.5 -3.8682467937469482 -8.149999618530273
vertex 11.724515914916992 -3.8986215591430664 -8.149999618530273
endloop
endfacet
facet normal -0.2667125869691542 -0.9637761129807177 0.0
outer loop
vertex 11.346117973327637 -3.803837776184082 -8.149999618530273
vertex 11.534153938293457 -3.8558743000030518 -8.149999618530273
vertex 11.346117973327637 -3.803837776184082 7.150000095367432
endloop
endfacet
facet normal -0.3136823861692297 -0.9495279672590894 0.0
outer loop
vertex 11.346117973327637 -3.803837776184082 -8.149999618530273
vertex 11.346117973327637 -3.803837776184082 7.150000095367432
vertex 11.160862922668457 -3.7426376342773438 7.150000095367432
endloop
endfacet
facet normal -0.35989416380833095 -0.9329931354820904 0.0
outer loop
vertex 11.160862922668457 -3.7426376342773438 -8.149999618530273
vertex 11.160862922668457 -3.7426376342773438 7.150000095367432
vertex 10.978833198547363 -3.6724212169647217 7.150000095367432
endloop
endfacet
facet normal -0.40524231935221644 -0.9142093100630929 0.0
outer loop
vertex 10.978833198547363 -3.6724212169647217 -8.149999618530273
vertex 10.978833198547363 -3.6724212169647217 7.150000095367432
vertex 10.800468444824219 -3.5933573246002197 7.150000095367432
endloop
endfacet
facet normal -0.40524231935221644 -0.9142093100630929 0.0
outer loop
vertex 10.800468444824219 -3.5933573246002197 -8.149999618530273
vertex 10.978833198547363 -3.6724212169647217 -8.149999618530273
vertex 10.800468444824219 -3.5933573246002197 7.150000095367432
endloop
endfacet
facet normal -0.0 -0.0 -1.0
outer loop
vertex 11.346117973327637 -3.803837776184082 -8.149999618530273
vertex 12.5 -3.8682467937469482 -8.149999618530273
vertex 11.534153938293457 -3.8558743000030518 -8.149999618530273
endloop
endfacet
facet normal -0.3136823861692297 -0.9495279672590894 0.0
outer loop
vertex 11.160862922668457 -3.7426376342773438 -8.149999618530273
vertex 11.346117973327637 -3.803837776184082 -8.149999618530273
vertex 11.160862922668457 -3.7426376342773438 7.150000095367432
endloop
endfacet
facet normal -0.35989416380833095 -0.9329931354820904 0.0
outer loop
vertex 10.978833198547363 -3.6724212169647217 -8.149999618530273
vertex 11.160862922668457 -3.7426376342773438 -8.149999618530273
vertex 10.978833198547363 -3.6724212169647217 7.150000095367432
endloop
endfacet
facet normal -0.0 -0.0 -1.0
outer loop
vertex 10.800468444824219 -3.5933573246002197 -8.149999618530273
vertex 12.5 -3.8682467937469482 -8.149999618530273
vertex 10.978833198547363 -3.6724212169647217 -8.149999618530273
endloop
endfacet
facet normal -0.0 -0.0 -1.0
outer loop
vertex 11.160862922668457 -3.7426376342773438 -8.149999618530273
vertex 12.5 -3.8682467937469482 -8.149999618530273
vertex 11.346117973327637 -3.803837776184082 -8.149999618530273
endloop
endfacet
facet normal -0.0 -0.0 -1.0
outer loop
vertex 10.978833198547363 -3.6724212169647217 -8.149999618530273
vertex 12.5 -3.8682467937469482 -8.149999618530273
vertex 11.160862922668457 -3.7426376342773438 -8.149999618530273
endloop
endfacet
facet normal 0.0 -0.0 -1.0
outer loop
vertex 10.14301586151123 -4.409606456756592 10.699999809265137
vertex 10.362224578857422 -4.519946575164795 10.699999809265137
vertex 9.649999618530273 -5.354551792144775 10.699999809265137
endloop
endfacet
facet normal -0.4496104280363012 -0.8932247550314614 0.0
outer loop
vertex 10.362224578857422 -4.519946575164795 7.150000095367432
vertex 10.362224578857422 -4.519946575164795 10.699999809265137
vertex 10.14301586151123 -4.409606456756592 10.699999809265137
endloop
endfacet
facet normal -0.4496104280363012 -0.8932247550314614 0.0
outer loop
vertex 10.14301586151123 -4.409606456756592 7.150000095367432
vertex 10.362224578857422 -4.519946575164795 7.150000095367432
vertex 10.14301586151123 -4.409606456756592 10.699999809265137
endloop
endfacet
facet normal 0.0 0.0 -1.0
outer loop
vertex 10.14301586151123 -4.409606456756592 7.150000095367432
vertex 10.132095336914062 -3.1927499771118164 7.150000095367432
vertex 10.291607856750488 -3.305091619491577 7.150000095367432
endloop
endfacet
facet normal 0.0 0.0 -0.9999999999999999
outer loop
vertex 10.362224578857422 -4.519946575164795 7.150000095367432
vertex 10.291607856750488 -3.305091619491577 7.150000095367432
vertex 10.456441879272461 -3.409471273422241 7.150000095367432
endloop
endfacet
facet normal 0.0 0.0 -1.0
outer loop
vertex 10.14301586151123 -4.409606456756592 7.150000095367432
vertex 10.291607856750488 -3.305091619491577 7.150000095367432
vertex 10.362224578857422 -4.519946575164795 7.150000095367432
endloop
endfacet
facet normal 0.0 -0.0 -0.9999999999999999
outer loop
vertex 12.33337116241455 -8.691814422607422 13.300000190734863
vertex 12.990676879882812 -9.987954139709473 13.300000190734863
vertex 12.5 -10.0 13.300000190734863
endloop
endfacet
facet normal 0.12241969209360166 0.9924784224292778 -0.0
outer loop
vertex 12.33337116241455 -8.691814422607422 13.300000190734863
vertex 12.250557899475098 -8.681599617004395 13.300000190734863
vertex 12.250557899475098 -8.681599617004395 16.700000762939453
endloop
endfacet
facet normal 0.19508596305816145 0.9807861474438092 0.0
outer loop
vertex 12.250557899475098 -8.681599617004395 13.300000190734863
vertex 12.086934089660645 -8.649053573608398 16.700000762939453
vertex 12.250557899475098 -8.681599617004395 16.700000762939453
endloop
endfacet
facet normal 0.4496110511696694 0.8932244413729984 -0.0
outer loop
vertex 11.626025199890137 -8.458138465881348 13.300000190734863
vertex 11.626025199890137 -8.458138465881348 16.700000762939453
vertex 11.849437713623047 -8.570594787597656 13.300000190734863
endloop
endfacet
facet normal 0.3136838350284157 0.9495274886183473 0.0
outer loop
vertex 12.086934089660645 -8.649053573608398 13.300000190734863
vertex 11.849437713623047 -8.570594787597656 16.700000762939453
vertex 12.086934089660645 -8.649053573608398 16.700000762939453
endloop
endfacet
facet normal 0.4496110511696694 0.8932244413729984 0.0
outer loop
vertex 11.849437713623047 -8.570594787597656 13.300000190734863
vertex 11.626025199890137 -8.458138465881348 16.700000762939453
vertex 11.849437713623047 -8.570594787597656 16.700000762939453
endloop
endfacet
facet normal -0.0 -0.0 -0.9999999999999999
outer loop
vertex 12.33337116241455 -8.691814422607422 13.300000190734863
vertex 12.5 -10.0 13.300000190734863
vertex 12.250557899475098 -8.681599617004395 13.300000190734863
endloop
endfacet
facet normal 0.19508596305816145 0.9807861474438092 -0.0
outer loop
vertex 12.086934089660645 -8.649053573608398 13.300000190734863
vertex 12.086934089660645 -8.649053573608398 16.700000762939453
vertex 12.250557899475098 -8.681599617004395 13.300000190734863
endloop
endfacet
facet normal 0.0 0.0 -0.9999999999999999
outer loop
vertex 11.626025199890137 -8.458138465881348 13.300000190734863
vertex 11.849437713623047 -8.570594787597656 13.300000190734863
vertex 12.5 -10.0 13.300000190734863
endloop
endfacet
facet normal 0.3136838350284157 0.9495274886183473 -0.0
outer loop
vertex 11.849437713623047 -8.570594787597656 13.300000190734863
vertex 11.849437713623047 -8.570594787597656 16.700000762939453
vertex 12.086934089660645 -8.649053573608398 13.300000190734863
endloop
endfacet
facet normal 0.0 0.0 -1.0
outer loop
vertex 12.086934089660645 -8.649053573608398 13.300000190734863
vertex 12.250557899475098 -8.681599617004395 13.300000190734863
vertex 12.5 -10.0 13.300000190734863
endloop
endfacet
facet normal 0.0 0.0 -1.0
outer loop
vertex 11.849437713623047 -8.570594787597656 13.300000190734863
vertex 12.086934089660645 -8.649053573608398 13.300000190734863
vertex 12.5 -10.0 13.300000190734863
endloop
endfacet
facet normal 0.0 -0.0 -1.0
outer loop
vertex 9.929486274719238 -4.288642883300781 10.699999809265137
vertex 10.14301586151123 -4.409606456756592 10.699999809265137
vertex 9.649999618530273 -5.354551792144775 10.699999809265137
endloop
endfacet
facet normal -0.49289990943028056 -0.8700860183244075 0.0
outer loop
vertex 10.14301586151123 -4.409606456756592 7.150000095367432
vertex 10.14301586151123 -4.409606456756592 10.699999809265137
vertex 9.929486274719238 -4.288642883300781 10.699999809265137
endloop
endfacet
facet normal -0.49289990943028056 -0.8700860183244075 0.0
outer loop
vertex 9.929486274719238 -4.288642883300781 7.150000095367432
vertex 10.14301586151123 -4.409606456756592 7.150000095367432
vertex 9.929486274719238 -4.288642883300781 10.699999809265137
endloop
endfacet
facet normal 0.0 0.0 -1.0
outer loop
vertex 9.929486274719238 -4.288642883300781 7.150000095367432
vertex 9.978286743164062 -3.072716474533081 7.150000095367432
vertex 10.132095336914062 -3.1927499771118164 7.150000095367432
endloop
endfacet
facet normal 0.0 0.0 -1.0
outer loop
vertex 9.929486274719238 -4.288642883300781 7.150000095367432
vertex 10.132095336914062 -3.1927499771118164 7.150000095367432
vertex 10.14301586151123 -4.409606456756592 7.150000095367432
endloop
endfacet
facet normal 0.575809384323241 0.8175839730115126 0.0
outer loop
vertex 11.626025199890137 -8.458138465881348 13.300000190734863
vertex 11.421531677246094 -8.314117431640625 16.700000762939453
vertex 11.626025199890137 -8.458138465881348 16.700000762939453
endloop
endfacet
facet normal 0.0 -0.0 1.0
outer loop
vertex 11.519828796386719 -9.951847076416016 16.700000762939453
vertex 11.849437713623047 -8.570594787597656 16.700000762939453
vertex 11.626025199890137 -8.458138465881348 16.700000762939453
endloop
endfacet
facet normal 0.7572117046896303 0.6531695295105431 0.0
outer loop
vertex 11.24038314819336 -8.141650199890137 13.300000190734863
vertex 11.185882568359375 -8.078468322753906 16.700000762939453
vertex 11.24038314819336 -8.141650199890137 16.700000762939453
endloop
endfacet
facet normal 0.0 -0.0 1.0
outer loop
vertex 11.519828796386719 -9.951847076416016 16.700000762939453
vertex 11.626025199890137 -8.458138465881348 16.700000762939453
vertex 11.421531677246094 -8.314117431640625 16.700000762939453
endloop
endfacet
facet normal 0.6895394852306315 0.7242480916839724 -0.0
outer loop
vertex 11.24038314819336 -8.141650199890137 13.300000190734863
vertex 11.24038314819336 -8.141650199890137 16.700000762939453
vertex 11.421531677246094 -8.314117431640625 13.300000190734863
endloop
endfacet
facet normal 0.0 -0.0 0.9999999999999999
outer loop
vertex 11.032694816589355 -9.891764640808105 16.700000762939453
vertex 11.24038314819336 -8.141650199890137 16.700000762939453
vertex 11.185882568359375 -8.078468322753906 16.700000762939453
endloop
endfacet
facet normal -0.0 -0.0 1.0
outer loop
vertex 11.032694816589355 -9.891764640808105 16.700000762939453
vertex 11.519828796386719 -9.951847076416016 16.700000762939453
vertex 11.421531677246094 -8.314117431640625 16.700000762939453
endloop
endfacet
facet normal 0.6895394852306315 0.7242480916839724 0.0
outer loop
vertex 11.421531677246094 -8.314117431640625 13.300000190734863
vertex 11.24038314819336 -8.141650199890137 16.700000762939453
vertex 11.421531677246094 -8.314117431640625 16.700000762939453
endloop
endfacet
facet normal 0.0 -0.0 1.0
outer loop
vertex 11.032694816589355 -9.891764640808105 16.700000762939453
vertex 11.421531677246094 -8.314117431640625 16.700000762939453
vertex 11.24038314819336 -8.141650199890137 16.700000762939453
endloop
endfacet
facet normal 0.8700841129365686 0.49290327287956254 0.0
outer loop
vertex 11.041861534118652 -7.873974800109863 13.300000190734863
vertex 11.000733375549316 -7.801374435424805 16.700000762939453
vertex 11.041861534118652 -7.873974800109863 16.700000762939453
endloop
endfacet
facet normal 0.0 -0.0 0.9999999999999999
outer loop
vertex 11.032694816589355 -9.891764640808105 16.700000762939453
vertex 11.041861534118652 -7.873974800109863 16.700000762939453
vertex 11.000733375549316 -7.801374435424805 16.700000762939453
endloop
endfacet
facet normal 0.8175839730115126 0.575809384323241 0.0
outer loop
vertex 11.185882568359375 -8.078468322753906 13.300000190734863
vertex 11.041861534118652 -7.873974800109863 16.700000762939453
vertex 11.185882568359375 -8.078468322753906 16.700000762939453
endloop
endfacet
facet normal 0.0 -0.0 1.0
outer loop
vertex 11.032694816589355 -9.891764640808105 16.700000762939453
vertex 11.185882568359375 -8.078468322753906 16.700000762939453
vertex 11.041861534118652 -7.873974800109863 16.700000762939453
endloop
endfacet
facet normal 0.0 0.0 0.9999999999999999
outer loop
vertex 12.990676879882812 -9.987954139709473 16.700000762939453
vertex 12.913065910339355 -8.649053573608398 16.700000762939453
vertex 12.749442100524902 -8.681599617004395 16.700000762939453
endloop
endfacet
facet normal 0.0 0.0 0.9999999999999999
outer loop
vertex 12.990676879882812 -9.987954139709473 16.700000762939453
vertex 12.749442100524902 -8.681599617004395 16.700000762939453
vertex 12.583415031433105 -8.697952270507812 16.700000762939453
endloop
endfacet
facet normal 0.0 0.0 1.0
outer loop
vertex 12.990676879882812 -9.987954139709473 16.700000762939453
vertex 12.583415031433105 -8.697952270507812 16.700000762939453
vertex 12.33337116241455 -8.691814422607422 16.700000762939453
endloop
endfacet
facet normal 0.024542081650990887 -0.9996987977527213 0.0
outer loop
vertex 12.5 -10.0 16.700000762939453
vertex 12.990676879882812 -9.987954139709473 13.300000190734863
vertex 12.990676879882812 -9.987954139709473 16.700000762939453
endloop
endfacet
facet normal 0.0 -0.0 0.9999999999999999
outer loop
vertex 12.5 -10.0 16.700000762939453
vertex 12.990676879882812 -9.987954139709473 16.700000762939453
vertex 12.33337116241455 -8.691814422607422 16.700000762939453
endloop
endfacet
facet normal 0.0 -0.0 1.0
outer loop
vertex 12.009323120117188 -9.987954139709473 16.700000762939453
vertex 12.33337116241455 -8.691814422607422 16.700000762939453
vertex 12.250557899475098 -8.681599617004395 16.700000762939453
endloop
endfacet
facet normal 0.024542081650990887 -0.9996987977527213 0.0
outer loop
vertex 12.5 -10.0 16.700000762939453
vertex 12.5 -10.0 13.300000190734863
vertex 12.990676879882812 -9.987954139709473 13.300000190734863
endloop
endfacet
facet normal -0.0 -0.0 0.9999999999999999
outer loop
vertex 12.009323120117188 -9.987954139709473 16.700000762939453
vertex 12.5 -10.0 16.700000762939453
vertex 12.33337116241455 -8.691814422607422 16.700000762939453
endloop
endfacet
facet normal -0.024542081650990887 -0.9996987977527213 0.0
outer loop
vertex 12.009323120117188 -9.987954139709473 16.700000762939453
vertex 12.5 -10.0 13.300000190734863
vertex 12.5 -10.0 16.700000762939453
endloop
endfacet
facet normal -0.024542081650990887 -0.9996987977527213 -0.0
outer loop
vertex 12.009323120117188 -9.987954139709473 16.700000762939453
vertex 12.009323120117188 -9.987954139709473 13.300000190734863
vertex 12.5 -10.0 13.300000190734863
endloop
endfacet
facet normal -0.0 -0.0 -1.0
outer loop
vertex 11.24038314819336 -8.141650199890137 13.300000190734863
vertex 12.5 -10.0 13.300000190734863
vertex 12.009323120117188 -9.987954139709473 13.300000190734863
endloop
endfacet
facet normal 0.575809384323241 0.8175839730115126 -0.0
outer loop
vertex 11.626025199890137 -8.458138465881348 13.300000190734863
vertex 11.421531677246094 -8.314117431640625 13.300000190734863
vertex 11.421531677246094 -8.314117431640625 16.700000762939453
endloop
endfacet
facet normal 0.0 0.0 -1.0
outer loop
vertex 11.24038314819336 -8.141650199890137 13.300000190734863
vertex 11.421531677246094 -8.314117431640625 13.300000190734863
vertex 12.5 -10.0 13.300000190734863
endloop
endfacet
facet normal -0.0 -0.0 -1.0
outer loop
vertex 11.626025199890137 -8.458138465881348 13.300000190734863
vertex 12.5 -10.0 13.300000190734863
vertex 11.421531677246094 -8.314117431640625 13.300000190734863
endloop
endfacet
facet normal 0.0 -0.0 -0.9999999999999999
outer loop
vertex 11.849437713623047 -5.4294047355651855 13.300000190734863
vertex 12.5 -3.709103584289551 13.300000190734863
vertex 12.086934089660645 -5.35094690322876 13.300000190734863
endloop
endfacet
facet normal 0.0 -0.0 -1.0
outer loop
vertex 9.649999618530273 -5.354551792144775 13.300000190734863
vertex 12.5 -3.709103584289551 13.300000190734863
vertex 11.849437713623047 -5.4294047355651855 13.300000190734863
endloop
endfacet
facet normal -0.499999936284041 -0.8660254405708618 -0.0
outer loop
vertex 15.350000381469727 -5.354551792144775 13.300000190734863
vertex 12.5 -3.709103584289551 13.300000190734863
vertex 12.5 -3.709103584289551 10.600000381469727
endloop
endfacet
facet normal 0.499999936284041 -0.8660254405708617 0.0
outer loop
vertex 9.649999618530273 -5.354551792144775 13.300000190734863
vertex 9.649999618530273 -5.354551792144775 10.699999809265137
vertex 12.5 -3.709103584289551 13.300000190734863
endloop
endfacet
facet normal 0.49999993584691665 -0.8660254408232355 0.0
outer loop
vertex 12.5 -3.709103584289551 10.600000381469727
vertex 12.5 -3.709103584289551 13.300000190734863
vertex 10.788451194763184 -4.697266578674316 10.699999809265137
endloop
endfacet
facet normal 0.49999993694121386 -0.8660254401914427 -9.604834702292923e-10
outer loop
vertex 12.5 -3.709103584289551 13.300000190734863
vertex 9.649999618530273 -5.354551792144775 10.699999809265137
vertex 10.788451194763184 -4.697266578674316 10.699999809265137
endloop
endfacet
facet normal 0.0 -0.0 -1.0
outer loop
vertex 10.586583137512207 -4.6193976402282715 10.699999809265137
vertex 10.788451194763184 -4.697266578674316 10.699999809265137
vertex 9.649999618530273 -5.354551792144775 10.699999809265137
endloop
endfacet
facet normal 0.0 -0.0 -1.0
outer loop
vertex 10.362224578857422 -4.519946575164795 10.699999809265137
vertex 10.586583137512207 -4.6193976402282715 10.699999809265137
vertex 9.649999618530273 -5.354551792144775 10.699999809265137
endloop
endfacet
facet normal -0.4052404824611705 -0.9142101243011027 0.0
outer loop
vertex 10.586583137512207 -4.6193976402282715 7.150000095367432
vertex 10.586583137512207 -4.6193976402282715 10.699999809265137
vertex 10.362224578857422 -4.519946575164795 10.699999809265137
endloop
endfacet
facet normal -0.4052404824611705 -0.9142101243011027 0.0
outer loop
vertex 10.362224578857422 -4.519946575164795 7.150000095367432
vertex 10.586583137512207 -4.6193976402282715 7.150000095367432
vertex 10.362224578857422 -4.519946575164795 10.699999809265137
endloop
endfacet
facet normal 0.0 0.0 -1.0
outer loop
vertex 10.586583137512207 -4.6193976402282715 7.150000095367432
vertex 10.456441879272461 -3.409471273422241 7.150000095367432
vertex 10.626197814941406 -3.5056369304656982 7.150000095367432
endloop
endfacet
facet normal 0.0 0.0 -1.0
outer loop
vertex 10.362224578857422 -4.519946575164795 7.150000095367432
vertex 10.456441879272461 -3.409471273422241 7.150000095367432
vertex 10.586583137512207 -4.6193976402282715 7.150000095367432
endloop
endfacet
facet normal 0.313680397340047 -0.9495286242786947 0.0
outer loop
vertex 11.849437713623047 -5.4294047355651855 13.300000190734863
vertex 12.086934089660645 -5.35094690322876 13.300000190734863
vertex 11.849437713623047 -5.4294047355651855 16.700000762939453
endloop
endfacet
facet normal 0.4496125722208663 -0.8932236757391377 0.0
outer loop
vertex 11.626025199890137 -5.541861534118652 13.300000190734863
vertex 11.849437713623047 -5.4294047355651855 16.700000762939453
vertex 11.626025199890137 -5.541861534118652 16.700000762939453
endloop
endfacet
facet normal 0.4496125722208663 -0.8932236757391377 0.0
outer loop
vertex 11.626025199890137 -5.541861534118652 13.300000190734863
vertex 11.849437713623047 -5.4294047355651855 13.300000190734863
vertex 11.849437713623047 -5.4294047355651855 16.700000762939453
endloop
endfacet
facet normal 0.5758081099743121 -0.8175848705105854 0.0
outer loop
vertex 11.421531677246094 -5.685882091522217 13.300000190734863
vertex 11.626025199890137 -5.541861534118652 16.700000762939453
vertex 11.421531677246094 -5.685882091522217 16.700000762939453
endloop
endfacet
facet normal 0.5758081099743121 -0.8175848705105854 0.0
outer loop
vertex 11.421531677246094 -5.685882091522217 13.300000190734863
vertex 11.626025199890137 -5.541861534118652 13.300000190734863
vertex 11.626025199890137 -5.541861534118652 16.700000762939453
endloop
endfacet
facet normal 0.0 -0.0 -1.0
outer loop
vertex 9.649999618530273 -5.354551792144775 13.300000190734863
vertex 11.849437713623047 -5.4294047355651855 13.300000190734863
vertex 11.626025199890137 -5.541861534118652 13.300000190734863
endloop
endfacet
facet normal 0.6715576764189635 -0.7409522840525986 0.0
outer loop
vertex 11.297918319702148 -5.797918319702148 13.300000190734863
vertex 11.421531677246094 -5.685882091522217 16.700000762939453
vertex 11.297918319702148 -5.797918319702148 16.700000762939453
endloop
endfacet
facet normal 0.6715576764189635 -0.7409522840525986 0.0
outer loop
vertex 11.297918319702148 -5.797918319702148 13.300000190734863
vertex 11.421531677246094 -5.685882091522217 13.300000190734863
vertex 11.421531677246094 -5.685882091522217 16.700000762939453
endloop
endfacet
facet normal 0.0 -0.0 -1.0
outer loop
vertex 9.649999618530273 -5.354551792144775 13.300000190734863
vertex 11.626025199890137 -5.541861534118652 13.300000190734863
vertex 11.421531677246094 -5.685882091522217 13.300000190734863
endloop
endfacet
facet normal 0.7409524172530443 -0.6715575294543803 0.0
outer loop
vertex 11.185882568359375 -5.9215312004089355 13.300000190734863
vertex 11.297918319702148 -5.797918319702148 16.700000762939453
vertex 11.185882568359375 -5.9215312004089355 16.700000762939453
endloop
endfacet
facet normal 0.7409524172530443 -0.6715575294543803 0.0
outer loop
vertex 11.185882568359375 -5.9215312004089355 13.300000190734863
vertex 11.297918319702148 -5.797918319702148 13.300000190734863
vertex 11.297918319702148 -5.797918319702148 16.700000762939453
endloop
endfacet
facet normal 0.0 -0.0 -1.0
outer loop
vertex 9.649999618530273 -5.354551792144775 13.300000190734863
vertex 11.421531677246094 -5.685882091522217 13.300000190734863
vertex 11.297918319702148 -5.797918319702148 13.300000190734863
endloop
endfacet
facet normal 0.8175846051021626 -0.5758084868252127 0.0
outer loop
vertex 11.041861534118652 -6.126025199890137 13.300000190734863
vertex 11.185882568359375 -5.9215312004089355 16.700000762939453
vertex 11.041861534118652 -6.126025199890137 16.700000762939453
endloop
endfacet
facet normal 0.8175846051021626 -0.5758084868252127 0.0
outer loop
vertex 11.041861534118652 -6.126025199890137 13.300000190734863
vertex 11.185882568359375 -5.9215312004089355 13.300000190734863
vertex 11.185882568359375 -5.9215312004089355 16.700000762939453
endloop
endfacet
facet normal 0.0 -0.0 -1.0
outer loop
vertex 9.649999618530273 -5.354551792144775 13.300000190734863
vertex 11.297918319702148 -5.797918319702148 13.300000190734863
vertex 11.185882568359375 -5.9215312004089355 13.300000190734863
endloop
endfacet
facet normal 0.8700841129365686 -0.49290327287956254 0.0
outer loop
vertex 11.000733375549316 -6.198625564575195 13.300000190734863
vertex 11.041861534118652 -6.126025199890137 16.700000762939453
vertex 11.000733375549316 -6.198625564575195 16.700000762939453
endloop
endfacet
facet normal 0.8700841129365686 -0.49290327287956254 0.0
outer loop
vertex 11.000733375549316 -6.198625564575195 13.300000190734863
vertex 11.041861534118652 -6.126025199890137 13.300000190734863
vertex 11.041861534118652 -6.126025199890137 16.700000762939453
endloop
endfacet
facet normal 0.0 -0.0 -0.9999999999999999
outer loop
vertex 9.649999618530273 -5.354551792144775 13.300000190734863
vertex 11.185882568359375 -5.9215312004089355 13.300000190734863
vertex 11.041861534118652 -6.126025199890137 13.300000190734863
endloop
endfacet
facet normal 0.9039913704545943 -0.4275507012549789 0.0
outer loop
vertex 10.929405212402344 -6.349438190460205 13.300000190734863
vertex 11.000733375549316 -6.198625564575195 16.700000762939453
vertex 10.929405212402344 -6.349438190460205 16.700000762939453
endloop
endfacet
facet normal 0.9039913704545943 -0.4275507012549789 0.0
outer loop
vertex 10.929405212402344 -6.349438190460205 13.300000190734863
vertex 11.000733375549316 -6.198625564575195 13.300000190734863
vertex 11.000733375549316 -6.198625564575195 16.700000762939453
endloop
endfacet
facet normal 0.0 -0.0 -1.0
outer loop
vertex 9.649999618530273 -5.354551792144775 13.300000190734863
vertex 11.041861534118652 -6.126025199890137 13.300000190734863
vertex 11.000733375549316 -6.198625564575195 13.300000190734863
endloop
endfacet
facet normal 0.9495271134404216 -0.3136849706975147 0.0
outer loop
vertex 10.850946426391602 -6.586933612823486 13.300000190734863
vertex 10.929405212402344 -6.349438190460205 16.700000762939453
vertex 10.850946426391602 -6.586933612823486 16.700000762939453
endloop
endfacet
facet normal 0.9495271134404216 -0.3136849706975147 0.0
outer loop
vertex 10.850946426391602 -6.586933612823486 13.300000190734863
vertex 10.929405212402344 -6.349438190460205 13.300000190734863
vertex 10.929405212402344 -6.349438190460205 16.700000762939453
endloop
endfacet
facet normal 0.0 -0.0 -1.0
outer loop
vertex 9.649999618530273 -5.354551792144775 13.300000190734863
vertex 11.000733375549316 -6.198625564575195 13.300000190734863
vertex 10.929405212402344 -6.349438190460205 13.300000190734863
endloop
endfacet
facet normal 0.9807863650024319 -0.19508486928851274 0.0
outer loop
vertex 10.818400382995605 -6.750558376312256 13.300000190734863
vertex 10.850946426391602 -6.586933612823486 16.700000762939453
vertex 10.818400382995605 -6.750558376312256 16.700000762939453
endloop
endfacet
facet normal 0.9807863650024319 -0.19508486928851274 0.0
outer loop
vertex 10.818400382995605 -6.750558376312256 13.300000190734863
vertex 10.850946426391602 -6.586933612823486 13.300000190734863
vertex 10.850946426391602 -6.586933612823486 16.700000762939453
endloop
endfacet
facet normal 0.0 -0.0 -1.0
outer loop
vertex 9.649999618530273 -5.354551792144775 13.300000190734863
vertex 10.929405212402344 -6.349438190460205 13.300000190734863
vertex 10.850946426391602 -6.586933612823486 13.300000190734863
endloop
endfacet
facet normal 0.9972903766920163 -0.07356564794451628 0.0
outer loop
vertex 10.800000190734863 -7.0 13.300000190734863
vertex 10.818400382995605 -6.750558376312256 16.700000762939453
vertex 10.800000190734863 -7.0 16.700000762939453
endloop
endfacet
facet normal 0.9972903766920163 -0.07356564794451628 0.0
outer loop
vertex 10.800000190734863 -7.0 13.300000190734863
vertex 10.818400382995605 -6.750558376312256 13.300000190734863
vertex 10.818400382995605 -6.750558376312256 16.700000762939453
endloop
endfacet
facet normal 0.0 -0.0 -1.0
outer loop
vertex 9.649999618530273 -5.354551792144775 13.300000190734863
vertex 10.850946426391602 -6.586933612823486 13.300000190734863
vertex 10.818400382995605 -6.750558376312256 13.300000190734863
endloop
endfacet
facet normal 0.9972903766920163 0.07356564794451628 -0.0
outer loop
vertex 10.818400382995605 -7.249441623687744 13.300000190734863
vertex 10.800000190734863 -7.0 13.300000190734863
vertex 10.800000190734863 -7.0 16.700000762939453
endloop
endfacet
facet normal 0.0 -0.0 -1.0
outer loop
vertex 9.649999618530273 -5.354551792144775 13.300000190734863
vertex 10.818400382995605 -6.750558376312256 13.300000190734863
vertex 10.800000190734863 -7.0 13.300000190734863
endloop
endfacet
facet normal 0.9807863650024319 0.19508486928851274 -0.0
outer loop
vertex 10.850946426391602 -7.413066387176514 13.300000190734863
vertex 10.818400382995605 -7.249441623687744 13.300000190734863
vertex 10.818400382995605 -7.249441623687744 16.700000762939453
endloop
endfacet
facet normal 0.0 0.0 -1.0
outer loop
vertex 9.649999618530273 -5.354551792144775 13.300000190734863
vertex 10.800000190734863 -7.0 13.300000190734863
vertex 10.818400382995605 -7.249441623687744 13.300000190734863
endloop
endfacet
facet normal 0.8175839730115126 0.575809384323241 -0.0
outer loop
vertex 11.185882568359375 -8.078468322753906 13.300000190734863
vertex 11.041861534118652 -7.873974800109863 13.300000190734863
vertex 11.041861534118652 -7.873974800109863 16.700000762939453
endloop
endfacet
facet normal 0.0 0.0 -1.0
outer loop
vertex 9.649999618530273 -5.354551792144775 13.300000190734863
vertex 10.818400382995605 -7.249441623687744 13.300000190734863
vertex 10.850946426391602 -7.413066387176514 13.300000190734863
endloop
endfacet
facet normal 0.8700841129365686 0.49290327287956254 -0.0
outer loop
vertex 11.000733375549316 -7.801374435424805 13.300000190734863
vertex 11.000733375549316 -7.801374435424805 16.700000762939453
vertex 11.041861534118652 -7.873974800109863 13.300000190734863
endloop
endfacet
facet normal 0.0 0.0 -1.0
outer loop
vertex 9.649999618530273 -8.645448684692383 13.300000190734863
vertex 11.041861534118652 -7.873974800109863 13.300000190734863
vertex 11.185882568359375 -8.078468322753906 13.300000190734863
endloop
endfacet
facet normal 0.0 0.0 -0.9999999999999999
outer loop
vertex 9.649999618530273 -8.645448684692383 13.300000190734863
vertex 9.649999618530273 -5.354551792144775 13.300000190734863
vertex 10.850946426391602 -7.413066387176514 13.300000190734863
endloop
endfacet
facet normal 0.0 0.0 -1.0
outer loop
vertex 9.649999618530273 -8.645448684692383 13.300000190734863
vertex 11.000733375549316 -7.801374435424805 13.300000190734863
vertex 11.041861534118652 -7.873974800109863 13.300000190734863
endloop
endfacet
facet normal 0.0 0.0 -0.9999999999999999
outer loop
vertex 9.649999618530273 -8.645448684692383 13.300000190734863
vertex 10.850946426391602 -7.413066387176514 13.300000190734863
vertex 10.929405212402344 -7.650561809539795 13.300000190734863
endloop
endfacet
facet normal 0.9039913704545943 0.4275507012549789 -0.0
outer loop
vertex 11.000733375549316 -7.801374435424805 13.300000190734863
vertex 10.929405212402344 -7.650561809539795 13.300000190734863
vertex 10.929405212402344 -7.650561809539795 16.700000762939453
endloop
endfacet
facet normal 0.0 0.0 -1.0
outer loop
vertex 9.649999618530273 -8.645448684692383 13.300000190734863
vertex 10.929405212402344 -7.650561809539795 13.300000190734863
vertex 11.000733375549316 -7.801374435424805 13.300000190734863
endloop
endfacet
facet normal -0.9807863038144391 -0.1950851769100113 0.0
outer loop
vertex 14.181599617004395 0.24944180250167847 14.100000381469727
vertex 14.149053573608398 0.4130662977695465 -10.149999618530273
vertex 14.181599617004395 0.24944180250167847 -10.149999618530273
endloop
endfacet
facet normal -0.9972903805610606 0.07356559549391799 5.867885802743479e-22
outer loop
vertex 14.181599617004395 -0.24944180250167847 14.100000381469727
vertex 14.199999809265137 -1.1246723716955734e-19 14.100000381469727
vertex 14.199999809265137 8.09604510876439e-20 -10.149999618530273
endloop
endfacet
facet normal -0.9972903805610606 -0.07356559549391799 0.0
outer loop
vertex 14.199999809265137 -1.1246723716955734e-19 14.100000381469727
vertex 14.181599617004395 0.24944180250167847 -10.149999618530273
vertex 14.199999809265137 8.09604510876439e-20 -10.149999618530273
endloop
endfacet
facet normal 0.0 0.0 -0.9999999999999999
outer loop
vertex 15.850000381469727 -1.9341233968734741 -10.149999618530273
vertex 14.181599617004395 0.24944180250167847 -10.149999618530273
vertex 14.149053573608398 0.4130662977695465 -10.149999618530273
endloop
endfacet
facet normal -0.9807863038144391 0.1950851769100113 0.0
outer loop
vertex 14.149053573608398 -0.4130662977695465 14.100000381469727
vertex 14.181599617004395 -0.24944180250167847 14.100000381469727
vertex 14.181599617004395 -0.24944180250167847 -10.149999618530273
endloop
endfacet
facet normal -0.9972903805610606 0.07356559549391799 0.0
outer loop
vertex 14.181599617004395 -0.24944180250167847 14.100000381469727
vertex 14.199999809265137 8.09604510876439e-20 -10.149999618530273
vertex 14.181599617004395 -0.24944180250167847 -10.149999618530273
endloop
endfacet
facet normal 0.0 0.0 -1.0
outer loop
vertex 15.850000381469727 -1.9341233968734741 -10.149999618530273
vertex 14.199999809265137 8.09604510876439e-20 -10.149999618530273
vertex 14.181599617004395 0.24944180250167847 -10.149999618530273
endloop
endfacet
facet normal -0.9495271486135253 0.3136848642282064 0.0
outer loop
vertex 14.070594787597656 -0.6505618095397949 14.100000381469727
vertex 14.149053573608398 -0.4130662977695465 14.100000381469727
vertex 14.149053573608398 -0.4130662977695465 -10.149999618530273
endloop
endfacet
facet normal -0.9807863038144391 0.1950851769100113 0.0
outer loop
vertex 14.149053573608398 -0.4130662977695465 14.100000381469727
vertex 14.181599617004395 -0.24944180250167847 -10.149999618530273
vertex 14.149053573608398 -0.4130662977695465 -10.149999618530273
endloop
endfacet
facet normal 0.0 0.0 -0.9999999999999999
outer loop
vertex 15.850000381469727 -1.9341233968734741 -10.149999618530273
vertex 14.181599617004395 -0.24944180250167847 -10.149999618530273
vertex 14.199999809265137 8.09604510876439e-20 -10.149999618530273
endloop
endfacet
facet normal -0.9039913704545944 0.4275507012549789 0.0
outer loop
vertex 13.999266624450684 -0.8013744354248047 14.100000381469727
vertex 14.070594787597656 -0.6505618095397949 14.100000381469727
vertex 14.070594787597656 -0.6505618095397949 -10.149999618530273
endloop
endfacet
facet normal -0.9495271486135253 0.3136848642282064 0.0
outer loop
vertex 14.070594787597656 -0.6505618095397949 14.100000381469727
vertex 14.149053573608398 -0.4130662977695465 -10.149999618530273
vertex 14.070594787597656 -0.6505618095397949 -10.149999618530273
endloop
endfacet
facet normal 0.0 0.0 -1.0
outer loop
vertex 15.850000381469727 -1.9341233968734741 -10.149999618530273
vertex 14.149053573608398 -0.4130662977695465 -10.149999618530273
vertex 14.181599617004395 -0.24944180250167847 -10.149999618530273
endloop
endfacet
facet normal -0.8448527252520401 0.5349989463860662 0.0
outer loop
vertex 13.865452766418457 -1.0126888751983643 14.100000381469727
vertex 13.999266624450684 -0.8013744354248047 14.100000381469727
vertex 13.999266624450684 -0.8013744354248047 -10.149999618530273
endloop
endfacet
facet normal -0.9039913704545944 0.4275507012549789 0.0
outer loop
vertex 13.999266624450684 -0.8013744354248047 14.100000381469727
vertex 14.070594787597656 -0.6505618095397949 -10.149999618530273
vertex 13.999266624450684 -0.8013744354248047 -10.149999618530273
endloop
endfacet
facet normal 0.0 0.0 -1.0
outer loop
vertex 15.850000381469727 -1.9341233968734741 -10.149999618530273
vertex 14.070594787597656 -0.6505618095397949 -10.149999618530273
vertex 14.149053573608398 -0.4130662977695465 -10.149999618530273
endloop
endfacet
facet normal -0.7883443118244674 0.6152343017209025 0.0
outer loop
vertex 13.814117431640625 -1.0784685611724854 14.100000381469727
vertex 13.865452766418457 -1.0126888751983643 14.100000381469727
vertex 13.865452766418457 -1.0126888751983643 -10.149999618530273
endloop
endfacet
facet normal -0.8448527252520401 0.5349989463860662 0.0
outer loop
vertex 13.865452766418457 -1.0126888751983643 14.100000381469727
vertex 13.999266624450684 -0.8013744354248047 -10.149999618530273
vertex 13.865452766418457 -1.0126888751983643 -10.149999618530273
endloop
endfacet
facet normal 0.0 0.0 -1.0
outer loop
vertex 15.850000381469727 -1.9341233968734741 -10.149999618530273
vertex 13.999266624450684 -0.8013744354248047 -10.149999618530273
vertex 14.070594787597656 -0.6505618095397949 -10.149999618530273
endloop
endfacet
facet normal -0.724247865072886 0.6895397232483178 0.0
outer loop
vertex 13.641650199890137 -1.2596169710159302 14.100000381469727
vertex 13.814117431640625 -1.0784685611724854 14.100000381469727
vertex 13.814117431640625 -1.0784685611724854 -10.149999618530273
endloop
endfacet
facet normal -0.7883443118244674 0.6152343017209025 0.0
outer loop
vertex 13.814117431640625 -1.0784685611724854 14.100000381469727
vertex 13.865452766418457 -1.0126888751983643 -10.149999618530273
vertex 13.814117431640625 -1.0784685611724854 -10.149999618530273
endloop
endfacet
facet normal 0.0 0.0 -1.0
outer loop
vertex 15.850000381469727 -1.9341233968734741 -10.149999618530273
vertex 13.865452766418457 -1.0126888751983643 -10.149999618530273
vertex 13.999266624450684 -0.8013744354248047 -10.149999618530273
endloop
endfacet
facet normal -0.653171167828949 0.7572102914758667 0.0
outer loop
vertex 13.578468322753906 -1.3141177892684937 14.100000381469727
vertex 13.641650199890137 -1.2596169710159302 14.100000381469727
vertex 13.641650199890137 -1.2596169710159302 -10.149999618530273
endloop
endfacet
facet normal -0.724247865072886 0.6895397232483178 0.0
outer loop
vertex 13.641650199890137 -1.2596169710159302 14.100000381469727
vertex 13.814117431640625 -1.0784685611724854 -10.149999618530273
vertex 13.641650199890137 -1.2596169710159302 -10.149999618530273
endloop
endfacet
facet normal 0.0 0.0 -1.0
outer loop
vertex 15.850000381469727 -1.9341233968734741 -10.149999618530273
vertex 13.814117431640625 -1.0784685611724854 -10.149999618530273
vertex 13.865452766418457 -1.0126888751983643 -10.149999618530273
endloop
endfacet
facet normal -0.5758087471493012 0.8175844217610511 0.0
outer loop
vertex 13.373974800109863 -1.4581385850906372 14.100000381469727
vertex 13.578468322753906 -1.3141177892684937 14.100000381469727
vertex 13.578468322753906 -1.3141177892684937 -10.149999618530273
endloop
endfacet
facet normal -0.653171167828949 0.7572102914758667 0.0
outer loop
vertex 13.578468322753906 -1.3141177892684937 14.100000381469727
vertex 13.641650199890137 -1.2596169710159302 -10.149999618530273
vertex 13.578468322753906 -1.3141177892684937 -10.149999618530273
endloop
endfacet
facet normal 0.0 0.0 -1.0
outer loop
vertex 15.850000381469727 -1.9341233968734741 -10.149999618530273
vertex 13.641650199890137 -1.2596169710159302 -10.149999618530273
vertex 13.814117431640625 -1.0784685611724854 -10.149999618530273
endloop
endfacet
facet normal -0.44961219195843377 0.8932238671477227 0.0
outer loop
vertex 13.150562286376953 -1.5705952644348145 14.100000381469727
vertex 13.373974800109863 -1.4581385850906372 14.100000381469727
vertex 13.373974800109863 -1.4581385850906372 -10.149999618530273
endloop
endfacet
facet normal -0.5758087471493012 0.8175844217610511 0.0
outer loop
vertex 13.373974800109863 -1.4581385850906372 14.100000381469727
vertex 13.578468322753906 -1.3141177892684937 -10.149999618530273
vertex 13.373974800109863 -1.4581385850906372 -10.149999618530273
endloop
endfacet
facet normal 0.0 0.0 -1.0
outer loop
vertex 15.850000381469727 -1.9341233968734741 -10.149999618530273
vertex 13.578468322753906 -1.3141177892684937 -10.149999618530273
vertex 13.641650199890137 -1.2596169710159302 -10.149999618530273
endloop
endfacet
facet normal -0.44961219195843377 0.8932238671477227 0.0
outer loop
vertex 13.150562286376953 -1.5705952644348145 14.100000381469727
vertex 13.373974800109863 -1.4581385850906372 -10.149999618530273
vertex 13.150562286376953 -1.5705952644348145 -10.149999618530273
endloop
endfacet
facet normal 0.0 0.0 -1.0
outer loop
vertex 15.850000381469727 -1.9341233968734741 -10.149999618530273
vertex 13.373974800109863 -1.4581385850906372 -10.149999618530273
vertex 13.578468322753906 -1.3141177892684937 -10.149999618530273
endloop
endfacet
facet normal -0.3368882188175831 0.9415446500415772 0.0
outer loop
vertex 12.993483543395996 -1.6267986297607422 14.100000381469727
vertex 13.150562286376953 -1.5705952644348145 14.100000381469727
vertex 13.150562286376953 -1.5705952644348145 -10.149999618530273
endloop
endfacet
facet normal 0.0 0.0 -1.0
outer loop
vertex 15.850000381469727 -1.9341233968734741 -10.149999618530273
vertex 13.150562286376953 -1.5705952644348145 -10.149999618530273
vertex 13.373974800109863 -1.4581385850906372 -10.149999618530273
endloop
endfacet
facet normal -0.21910171782928883 0.975702022773477 0.0
outer loop
vertex 12.749442100524902 -1.6816000938415527 14.100000381469727
vertex 12.993483543395996 -1.6267986297607422 14.100000381469727
vertex 12.993483543395996 -1.6267986297607422 -10.149999618530273
endloop
endfacet
facet normal -0.3368882188175831 0.9415446500415772 0.0
outer loop
vertex 12.993483543395996 -1.6267986297607422 14.100000381469727
vertex 13.150562286376953 -1.5705952644348145 -10.149999618530273
vertex 12.993483543395996 -1.6267986297607422 -10.149999618530273
endloop
endfacet
facet normal 0.0 0.0 -1.0
outer loop
vertex 12.5 -3.8682467937469482 -10.149999618530273
vertex 13.150562286376953 -1.5705952644348145 -10.149999618530273
vertex 15.850000381469727 -1.9341233968734741 -10.149999618530273
endloop
endfacet
facet normal -0.09801677010495936 0.9951847631360677 0.0
outer loop
vertex 12.583415031433105 -1.6979522705078125 14.100000381469727
vertex 12.749442100524902 -1.6816000938415527 14.100000381469727
vertex 12.749442100524902 -1.6816000938415527 -10.149999618530273
endloop
endfacet
facet normal -0.21910171782928883 0.975702022773477 0.0
outer loop
vertex 12.749442100524902 -1.6816000938415527 14.100000381469727
vertex 12.993483543395996 -1.6267986297607422 -10.149999618530273
vertex 12.749442100524902 -1.6816000938415527 -10.149999618530273
endloop
endfacet
facet normal 0.0 0.0 -1.0
outer loop
vertex 12.5 -3.8682467937469482 -10.149999618530273
vertex 12.993483543395996 -1.6267986297607422 -10.149999618530273
vertex 13.150562286376953 -1.5705952644348145 -10.149999618530273
endloop
endfacet
facet normal -0.09801677010495936 0.9951847631360677 0.0
outer loop
vertex 12.583415031433105 -1.6979522705078125 14.100000381469727
vertex 12.749442100524902 -1.6816000938415527 -10.149999618530273
vertex 12.583415031433105 -1.6979522705078125 -10.149999618530273
endloop
endfacet
facet normal 0.0 0.0 -1.0
outer loop
vertex 12.5 -3.8682467937469482 -10.149999618530273
vertex 12.749442100524902 -1.6816000938415527 -10.149999618530273
vertex 12.993483543395996 -1.6267986297607422 -10.149999618530273
endloop
endfacet
facet normal 0.12240984127637758 0.9924796374529264 0.0
outer loop
vertex 12.250557899475098 -1.6816000938415527 14.100000381469727
vertex 12.33337116241455 -1.6918140649795532 14.100000381469727
vertex 12.33337116241455 -1.6918140649795532 -10.149999618530273
endloop
endfacet
facet normal 0.02454112094734021 0.9996988213370306 0.0
outer loop
vertex 12.33337116241455 -1.6918140649795532 14.100000381469727
vertex 12.583415031433105 -1.6979522705078125 -10.149999618530273
vertex 12.33337116241455 -1.6918140649795532 -10.149999618530273
endloop
endfacet
facet normal 0.0 0.0 -1.0
outer loop
vertex 12.5 -3.8682467937469482 -10.149999618530273
vertex 12.583415031433105 -1.6979522705078125 -10.149999618530273
vertex 12.749442100524902 -1.6816000938415527 -10.149999618530273
endloop
endfacet
facet normal 0.21910171782928883 0.975702022773477 0.0
outer loop
vertex 12.006516456604004 -1.6267986297607422 14.100000381469727
vertex 12.250557899475098 -1.6816000938415527 14.100000381469727
vertex 12.250557899475098 -1.6816000938415527 -10.149999618530273
endloop
endfacet
facet normal 0.12240984127637758 0.9924796374529264 0.0
outer loop
vertex 12.250557899475098 -1.6816000938415527 14.100000381469727
vertex 12.33337116241455 -1.6918140649795532 -10.149999618530273
vertex 12.250557899475098 -1.6816000938415527 -10.149999618530273
endloop
endfacet
facet normal 0.0 0.0 -1.0
outer loop
vertex 12.5 -3.8682467937469482 -10.149999618530273
vertex 12.33337116241455 -1.6918140649795532 -10.149999618530273
vertex 12.583415031433105 -1.6979522705078125 -10.149999618530273
endloop
endfacet
facet normal 0.3368882188175831 0.9415446500415772 0.0
outer loop
vertex 11.849437713623047 -1.5705952644348145 14.100000381469727
vertex 12.006516456604004 -1.6267986297607422 14.100000381469727
vertex 12.006516456604004 -1.6267986297607422 -10.149999618530273
endloop
endfacet
facet normal 0.21910171782928883 0.975702022773477 0.0
outer loop
vertex 12.006516456604004 -1.6267986297607422 14.100000381469727
vertex 12.250557899475098 -1.6816000938415527 -10.149999618530273
vertex 12.006516456604004 -1.6267986297607422 -10.149999618530273
endloop
endfacet
facet normal 0.0 0.0 -1.0
outer loop
vertex 12.5 -3.8682467937469482 -10.149999618530273
vertex 12.250557899475098 -1.6816000938415527 -10.149999618530273
vertex 12.33337116241455 -1.6918140649795532 -10.149999618530273
endloop
endfacet
facet normal 0.44961219195843377 0.8932238671477227 0.0
outer loop
vertex 11.626025199890137 -1.4581385850906372 14.100000381469727
vertex 11.849437713623047 -1.5705952644348145 14.100000381469727
vertex 11.849437713623047 -1.5705952644348145 -10.149999618530273
endloop
endfacet
facet normal 0.3368882188175831 0.9415446500415772 0.0
outer loop
vertex 11.849437713623047 -1.5705952644348145 14.100000381469727
vertex 12.006516456604004 -1.6267986297607422 -10.149999618530273
vertex 11.849437713623047 -1.5705952644348145 -10.149999618530273
endloop
endfacet
facet normal 0.0 0.0 -1.0
outer loop
vertex 12.5 -3.8682467937469482 -10.149999618530273
vertex 12.006516456604004 -1.6267986297607422 -10.149999618530273
vertex 12.250557899475098 -1.6816000938415527 -10.149999618530273
endloop
endfacet
facet normal 0.44961219195843377 0.8932238671477227 0.0
outer loop
vertex 11.626025199890137 -1.4581385850906372 14.100000381469727
vertex 11.849437713623047 -1.5705952644348145 -10.149999618530273
vertex 11.626025199890137 -1.4581385850906372 -10.149999618530273
endloop
endfacet
facet normal 0.0 0.0 -1.0
outer loop
vertex 12.5 -3.8682467937469482 -10.149999618530273
vertex 11.849437713623047 -1.5705952644348145 -10.149999618530273
vertex 12.006516456604004 -1.6267986297607422 -10.149999618530273
endloop
endfacet
facet normal 0.653171167828949 0.7572102914758667 0.0
outer loop
vertex 11.358349800109863 -1.2596169710159302 14.100000381469727
vertex 11.421531677246094 -1.3141177892684937 -10.149999618530273
vertex 11.358349800109863 -1.2596169710159302 -10.149999618530273
endloop
endfacet
facet normal 0.5758087471493012 0.8175844217610511 0.0
outer loop
vertex 11.421531677246094 -1.3141177892684937 14.100000381469727
vertex 11.626025199890137 -1.4581385850906372 14.100000381469727
vertex 11.626025199890137 -1.4581385850906372 -10.149999618530273
endloop
endfacet
facet normal 0.653171167828949 0.7572102914758667 0.0
outer loop
vertex 11.421531677246094 -1.3141177892684937 14.100000381469727
vertex 11.421531677246094 -1.3141177892684937 -10.149999618530273
vertex 11.358349800109863 -1.2596169710159302 14.100000381469727
endloop
endfacet
facet normal 0.0 0.0 -0.9999999999999999
outer loop
vertex 12.5 -3.8682467937469482 -10.149999618530273
vertex 11.626025199890137 -1.4581385850906372 -10.149999618530273
vertex 11.849437713623047 -1.5705952644348145 -10.149999618530273
endloop
endfacet
facet normal 0.0 0.0 -1.0
outer loop
vertex 12.5 -3.8682467937469482 -10.149999618530273
vertex 11.358349800109863 -1.2596169710159302 -10.149999618530273
vertex 11.421531677246094 -1.3141177892684937 -10.149999618530273
endloop
endfacet
facet normal 0.5758087471493012 0.8175844217610511 0.0
outer loop
vertex 11.421531677246094 -1.3141177892684937 14.100000381469727
vertex 11.626025199890137 -1.4581385850906372 -10.149999618530273
vertex 11.421531677246094 -1.3141177892684937 -10.149999618530273
endloop
endfacet
facet normal 0.0 0.0 -1.0
outer loop
vertex 12.5 -3.8682467937469482 -10.149999618530273
vertex 11.421531677246094 -1.3141177892684937 -10.149999618530273
vertex 11.626025199890137 -1.4581385850906372 -10.149999618530273
endloop
endfacet
facet normal 0.0 -0.0 1.0
outer loop
vertex 9.649999618530273 -1.6454482078552246 14.100000381469727
vertex 11.134547233581543 -1.0126888751983643 14.100000381469727
vertex 11.000733375549316 -0.8013744354248047 14.100000381469727
endloop
endfacet
facet normal 0.8448527252520401 0.5349989463860662 0.0
outer loop
vertex 11.134547233581543 -1.0126888751983643 14.100000381469727
vertex 11.134547233581543 -1.0126888751983643 -10.149999618530273
vertex 11.000733375549316 -0.8013744354248047 14.100000381469727
endloop
endfacet
facet normal 0.7883443118244674 0.6152343017209025 0.0
outer loop
vertex 11.134547233581543 -1.0126888751983643 14.100000381469727
vertex 11.185882568359375 -1.0784685611724854 -10.149999618530273
vertex 11.134547233581543 -1.0126888751983643 -10.149999618530273
endloop
endfacet
facet normal 0.724247865072886 0.6895397232483178 0.0
outer loop
vertex 11.358349800109863 -1.2596169710159302 14.100000381469727
vertex 11.358349800109863 -1.2596169710159302 -10.149999618530273
vertex 11.185882568359375 -1.0784685611724854 14.100000381469727
endloop
endfacet
facet normal 0.7883443118244674 0.6152343017209025 0.0
outer loop
vertex 11.185882568359375 -1.0784685611724854 14.100000381469727
vertex 11.185882568359375 -1.0784685611724854 -10.149999618530273
vertex 11.134547233581543 -1.0126888751983643 14.100000381469727
endloop
endfacet
facet normal 0.0 0.0 -1.0
outer loop
vertex 12.5 -3.8682467937469482 -10.149999618530273
vertex 11.134547233581543 -1.0126888751983643 -10.149999618530273
vertex 11.185882568359375 -1.0784685611724854 -10.149999618530273
endloop
endfacet
facet normal 0.724247865072886 0.6895397232483178 0.0
outer loop
vertex 11.185882568359375 -1.0784685611724854 14.100000381469727
vertex 11.358349800109863 -1.2596169710159302 -10.149999618530273
vertex 11.185882568359375 -1.0784685611724854 -10.149999618530273
endloop
endfacet
facet normal 0.0 0.0 -1.0
outer loop
vertex 12.5 -3.8682467937469482 -10.149999618530273
vertex 11.185882568359375 -1.0784685611724854 -10.149999618530273
vertex 11.358349800109863 -1.2596169710159302 -10.149999618530273
endloop
endfacet
facet normal -0.9972903805610606 -0.07356559549391799 -0.0
outer loop
vertex 14.199999809265137 -1.1246723716955734e-19 14.100000381469727
vertex 14.181599617004395 0.24944180250167847 14.100000381469727
vertex 14.181599617004395 0.24944180250167847 -10.149999618530273
endloop
endfacet
facet normal 0.0 0.0 0.9999999999999999
outer loop
vertex 15.350000381469727 -1.6454482078552246 14.100000381469727
vertex 14.149053573608398 0.4130662977695465 14.100000381469727
vertex 14.181599617004395 0.24944180250167847 14.100000381469727
endloop
endfacet
facet normal 0.0 0.0 1.0
outer loop
vertex 15.350000381469727 -1.6454482078552246 14.100000381469727
vertex 14.181599617004395 0.24944180250167847 14.100000381469727
vertex 14.199999809265137 -1.1246723716955734e-19 14.100000381469727
endloop
endfacet
facet normal -0.0 -0.0 1.0
outer loop
vertex 14.181599617004395 -0.24944180250167847 14.100000381469727
vertex 15.350000381469727 -1.6454482078552246 14.100000381469727
vertex 14.199999809265137 -1.1246723716955734e-19 14.100000381469727
endloop
endfacet
facet normal -0.0 -0.0 1.0
outer loop
vertex 14.149053573608398 -0.4130662977695465 14.100000381469727
vertex 15.350000381469727 -1.6454482078552246 14.100000381469727
vertex 14.181599617004395 -0.24944180250167847 14.100000381469727
endloop
endfacet
facet normal -0.0 -0.0 1.0
outer loop
vertex 14.070594787597656 -0.6505618095397949 14.100000381469727
vertex 15.350000381469727 -1.6454482078552246 14.100000381469727
vertex 14.149053573608398 -0.4130662977695465 14.100000381469727
endloop
endfacet
facet normal -0.0 -0.0 1.0
outer loop
vertex 13.999266624450684 -0.8013744354248047 14.100000381469727
vertex 15.350000381469727 -1.6454482078552246 14.100000381469727
vertex 14.070594787597656 -0.6505618095397949 14.100000381469727
endloop
endfacet
facet normal -0.0 -0.0 1.0
outer loop
vertex 13.865452766418457 -1.0126888751983643 14.100000381469727
vertex 15.350000381469727 -1.6454482078552246 14.100000381469727
vertex 13.999266624450684 -0.8013744354248047 14.100000381469727
endloop
endfacet
facet normal -0.0 -0.0 1.0
outer loop
vertex 13.814117431640625 -1.0784685611724854 14.100000381469727
vertex 15.350000381469727 -1.6454482078552246 14.100000381469727
vertex 13.865452766418457 -1.0126888751983643 14.100000381469727
endloop
endfacet
facet normal -0.0 -0.0 0.9999999999999999
outer loop
vertex 13.641650199890137 -1.2596169710159302 14.100000381469727
vertex 15.350000381469727 -1.6454482078552246 14.100000381469727
vertex 13.814117431640625 -1.0784685611724854 14.100000381469727
endloop
endfacet
facet normal -0.0 -0.0 1.0
outer loop
vertex 13.578468322753906 -1.3141177892684937 14.100000381469727
vertex 15.350000381469727 -1.6454482078552246 14.100000381469727
vertex 13.641650199890137 -1.2596169710159302 14.100000381469727
endloop
endfacet
facet normal -0.0 -0.0 1.0
outer loop
vertex 13.373974800109863 -1.4581385850906372 14.100000381469727
vertex 15.350000381469727 -1.6454482078552246 14.100000381469727
vertex 13.578468322753906 -1.3141177892684937 14.100000381469727
endloop
endfacet
facet normal -0.0 -0.0 1.0
outer loop
vertex 13.150562286376953 -1.5705952644348145 14.100000381469727
vertex 15.350000381469727 -1.6454482078552246 14.100000381469727
vertex 13.373974800109863 -1.4581385850906372 14.100000381469727
endloop
endfacet
facet normal 0.0 -0.0 1.0
outer loop
vertex 12.5 -3.290896415710449 14.100000381469727
vertex 15.350000381469727 -1.6454482078552246 14.100000381469727
vertex 13.150562286376953 -1.5705952644348145 14.100000381469727
endloop
endfacet
facet normal -0.499999936284041 0.8660254405708617 0.0
outer loop
vertex 12.5 -3.290896415710449 14.100000381469727
vertex 12.5 -3.290896415710449 16.700000762939453
vertex 15.350000381469727 -1.6454482078552246 14.100000381469727
endloop
endfacet
facet normal 0.499999936284041 0.8660254405708617 0.0
outer loop
vertex 12.5 -3.290896415710449 14.100000381469727
vertex 9.649999618530273 -1.6454482078552246 16.700000762939453
vertex 12.5 -3.290896415710449 16.700000762939453
endloop
endfacet
facet normal 0.0 0.0 1.0
outer loop
vertex 12.5 -3.290896415710449 16.700000762939453
vertex 9.649999618530273 -1.6454482078552246 16.700000762939453
vertex 12.086934089660645 -5.35094690322876 16.700000762939453
endloop
endfacet
facet normal 0.0 0.0 1.0
outer loop
vertex 12.086934089660645 -5.35094690322876 16.700000762939453
vertex 9.649999618530273 -1.6454482078552246 16.700000762939453
vertex 11.849437713623047 -5.4294047355651855 16.700000762939453
endloop
endfacet
facet normal -0.0 0.0 1.0
outer loop
vertex 12.5 -3.290896415710449 16.700000762939453
vertex 12.086934089660645 -5.35094690322876 16.700000762939453
vertex 12.250557899475098 -5.318399906158447 16.700000762939453
endloop
endfacet
facet normal 0.313680397340047 -0.9495286242786947 0.0
outer loop
vertex 12.086934089660645 -5.35094690322876 13.300000190734863
vertex 12.086934089660645 -5.35094690322876 16.700000762939453
vertex 11.849437713623047 -5.4294047355651855 16.700000762939453
endloop
endfacet
facet normal 0.0 -0.0 -1.0
outer loop
vertex 12.086934089660645 -5.35094690322876 13.300000190734863
vertex 12.5 -3.709103584289551 13.300000190734863
vertex 12.250557899475098 -5.318399906158447 13.300000190734863
endloop
endfacet
facet normal 0.19509146195825744 -0.9807850536539541 0.0
outer loop
vertex 12.250557899475098 -5.318399906158447 13.300000190734863
vertex 12.250557899475098 -5.318399906158447 16.700000762939453
vertex 12.086934089660645 -5.35094690322876 16.700000762939453
endloop
endfacet
facet normal 0.19509146195825744 -0.9807850536539541 0.0
outer loop
vertex 12.086934089660645 -5.35094690322876 13.300000190734863
vertex 12.250557899475098 -5.318399906158447 13.300000190734863
vertex 12.086934089660645 -5.35094690322876 16.700000762939453
endloop
endfacet
facet normal 0.0 0.0 1.0
outer loop
vertex 14.450902938842773 9.807852745056152 16.700000762939453
vertex 14.181599617004395 7.249441623687744 16.700000762939453
vertex 14.199999809265137 7.0 16.700000762939453
endloop
endfacet
facet normal -0.0 -0.0 1.0
outer loop
vertex 14.450902938842773 9.807852745056152 16.700000762939453
vertex 15.350000381469727 1.6454482078552246 16.700000762939453
vertex 14.929801940917969 9.700312614440918 16.700000762939453
endloop
endfacet
facet normal -0.9972903766920163 0.07356564794451628 0.0
outer loop
vertex 14.199999809265137 7.0 13.300000190734863
vertex 14.181599617004395 6.750558376312256 16.700000762939453
vertex 14.199999809265137 7.0 16.700000762939453
endloop
endfacet
facet normal 0.0 0.0 1.0
outer loop
vertex 14.450902938842773 9.807852745056152 16.700000762939453
vertex 14.199999809265137 7.0 16.700000762939453
vertex 15.350000381469727 1.6454482078552246 16.700000762939453
endloop
endfacet
facet normal -0.9807863650024319 0.19508486928851274 0.0
outer loop
vertex 14.181599617004395 6.750558376312256 13.300000190734863
vertex 14.149053573608398 6.586933612823486 16.700000762939453
vertex 14.181599617004395 6.750558376312256 16.700000762939453
endloop
endfacet
facet normal 0.0 0.0 1.0
outer loop
vertex 15.350000381469727 1.6454482078552246 16.700000762939453
vertex 14.199999809265137 7.0 16.700000762939453
vertex 14.181599617004395 6.750558376312256 16.700000762939453
endloop
endfacet
facet normal -0.9495271134404216 0.3136849706975147 0.0
outer loop
vertex 14.149053573608398 6.586933612823486 13.300000190734863
vertex 14.070594787597656 6.349438190460205 16.700000762939453
vertex 14.149053573608398 6.586933612823486 16.700000762939453
endloop
endfacet
facet normal 0.0 0.0 1.0
outer loop
vertex 15.350000381469727 1.6454482078552246 16.700000762939453
vertex 14.181599617004395 6.750558376312256 16.700000762939453
vertex 14.149053573608398 6.586933612823486 16.700000762939453
endloop
endfacet
facet normal -0.9039913704545943 0.4275507012549789 0.0
outer loop
vertex 14.070594787597656 6.349438190460205 13.300000190734863
vertex 13.999266624450684 6.198625564575195 16.700000762939453
vertex 14.070594787597656 6.349438190460205 16.700000762939453
endloop
endfacet
facet normal 0.0 0.0 1.0
outer loop
vertex 15.350000381469727 1.6454482078552246 16.700000762939453
vertex 14.149053573608398 6.586933612823486 16.700000762939453
vertex 14.070594787597656 6.349438190460205 16.700000762939453
endloop
endfacet
facet normal -0.8700841129365686 0.49290327287956254 0.0
outer loop
vertex 13.999266624450684 6.198625564575195 13.300000190734863
vertex 13.958138465881348 6.126025199890137 16.700000762939453
vertex 13.999266624450684 6.198625564575195 16.700000762939453
endloop
endfacet
facet normal 0.0 0.0 1.0
outer loop
vertex 15.350000381469727 1.6454482078552246 16.700000762939453
vertex 14.070594787597656 6.349438190460205 16.700000762939453
vertex 13.999266624450684 6.198625564575195 16.700000762939453
endloop
endfacet
facet normal -0.8175846051021626 0.5758084868252127 0.0
outer loop
vertex 13.958138465881348 6.126025199890137 13.300000190734863
vertex 13.814117431640625 5.9215312004089355 16.700000762939453
vertex 13.958138465881348 6.126025199890137 16.700000762939453
endloop
endfacet
facet normal 0.0 0.0 1.0
outer loop
vertex 15.350000381469727 1.6454482078552246 16.700000762939453
vertex 13.999266624450684 6.198625564575195 16.700000762939453
vertex 13.958138465881348 6.126025199890137 16.700000762939453
endloop
endfacet
facet normal -0.7409524172530443 0.6715575294543803 0.0
outer loop
vertex 13.814117431640625 5.9215312004089355 13.300000190734863
vertex 13.702081680297852 5.797918319702148 16.700000762939453
vertex 13.814117431640625 5.9215312004089355 16.700000762939453
endloop
endfacet
facet normal 0.0 0.0 0.9999999999999999
outer loop
vertex 15.350000381469727 1.6454482078552246 16.700000762939453
vertex 13.958138465881348 6.126025199890137 16.700000762939453
vertex 13.814117431640625 5.9215312004089355 16.700000762939453
endloop
endfacet
facet normal -0.6715576764189635 0.7409522840525986 0.0
outer loop
vertex 13.702081680297852 5.797918319702148 13.300000190734863
vertex 13.578468322753906 5.685882091522217 16.700000762939453
vertex 13.702081680297852 5.797918319702148 16.700000762939453
endloop
endfacet
facet normal 0.0 0.0 1.0
outer loop
vertex 15.350000381469727 1.6454482078552246 16.700000762939453
vertex 13.814117431640625 5.9215312004089355 16.700000762939453
vertex 13.702081680297852 5.797918319702148 16.700000762939453
endloop
endfacet
facet normal -0.5758081099743121 0.8175848705105854 0.0
outer loop
vertex 13.578468322753906 5.685882091522217 13.300000190734863
vertex 13.373974800109863 5.541861534118652 16.700000762939453
vertex 13.578468322753906 5.685882091522217 16.700000762939453
endloop
endfacet
facet normal 0.0 0.0 1.0
outer loop
vertex 15.350000381469727 1.6454482078552246 16.700000762939453
vertex 13.702081680297852 5.797918319702148 16.700000762939453
vertex 13.578468322753906 5.685882091522217 16.700000762939453
endloop
endfacet
facet normal -0.4496125722208663 0.8932236757391377 0.0
outer loop
vertex 13.373974800109863 5.541861534118652 13.300000190734863
vertex 13.150562286376953 5.4294047355651855 16.700000762939453
vertex 13.373974800109863 5.541861534118652 16.700000762939453
endloop
endfacet
facet normal 0.0 0.0 1.0
outer loop
vertex 15.350000381469727 1.6454482078552246 16.700000762939453
vertex 13.578468322753906 5.685882091522217 16.700000762939453
vertex 13.373974800109863 5.541861534118652 16.700000762939453
endloop
endfacet
facet normal -0.313680397340047 0.9495286242786947 0.0
outer loop
vertex 13.150562286376953 5.4294047355651855 13.300000190734863
vertex 12.913065910339355 5.35094690322876 16.700000762939453
vertex 13.150562286376953 5.4294047355651855 16.700000762939453
endloop
endfacet
facet normal 0.0 0.0 1.0
outer loop
vertex 15.350000381469727 1.6454482078552246 16.700000762939453
vertex 13.373974800109863 5.541861534118652 16.700000762939453
vertex 13.150562286376953 5.4294047355651855 16.700000762939453
endloop
endfacet
facet normal -0.19509146195825744 0.9807850536539541 0.0
outer loop
vertex 12.913065910339355 5.35094690322876 13.300000190734863
vertex 12.749442100524902 5.318399906158447 16.700000762939453
vertex 12.913065910339355 5.35094690322876 16.700000762939453
endloop
endfacet
facet normal 0.0 0.0 1.0
outer loop
vertex 15.350000381469727 1.6454482078552246 16.700000762939453
vertex 13.150562286376953 5.4294047355651855 16.700000762939453
vertex 12.913065910339355 5.35094690322876 16.700000762939453
endloop
endfacet
facet normal -0.09801677010495938 0.9951847631360679 0.0
outer loop
vertex 12.749442100524902 5.318399906158447 13.300000190734863
vertex 12.583415031433105 5.3020477294921875 16.700000762939453
vertex 12.749442100524902 5.318399906158447 16.700000762939453
endloop
endfacet
facet normal 0.0 0.0 1.0
outer loop
vertex 15.350000381469727 1.6454482078552246 16.700000762939453
vertex 12.913065910339355 5.35094690322876 16.700000762939453
vertex 12.749442100524902 5.318399906158447 16.700000762939453
endloop
endfacet
facet normal 0.0 -0.0 1.0
outer loop
vertex 12.5 3.290896415710449 16.700000762939453
vertex 12.749442100524902 5.318399906158447 16.700000762939453
vertex 12.583415031433105 5.3020477294921875 16.700000762939453
endloop
endfacet
facet normal -0.0 -0.0 1.0
outer loop
vertex 12.5 3.290896415710449 16.700000762939453
vertex 15.350000381469727 1.6454482078552246 16.700000762939453
vertex 12.749442100524902 5.318399906158447 16.700000762939453
endloop
endfacet
facet normal -0.499999936284041 -0.8660254405708617 0.0
outer loop
vertex 12.5 3.290896415710449 14.100000381469727
vertex 15.350000381469727 1.6454482078552246 16.700000762939453
vertex 12.5 3.290896415710449 16.700000762939453
endloop
endfacet
facet normal 0.0 -0.0 1.0
outer loop
vertex 9.649999618530273 1.6454482078552246 16.700000762939453
vertex 12.5 3.290896415710449 16.700000762939453
vertex 11.185882568359375 5.9215312004089355 16.700000762939453
endloop
endfacet
facet normal 0.499999936284041 -0.8660254405708617 0.0
outer loop
vertex 9.649999618530273 1.6454482078552246 14.100000381469727
vertex 12.5 3.290896415710449 14.100000381469727
vertex 12.5 3.290896415710449 16.700000762939453
endloop
endfacet
facet normal 0.499999936284041 -0.8660254405708617 0.0
outer loop
vertex 9.649999618530273 1.6454482078552246 14.100000381469727
vertex 12.5 3.290896415710449 16.700000762939453
vertex 9.649999618530273 1.6454482078552246 16.700000762939453
endloop
endfacet
facet normal 1.0 0.0 0.0
outer loop
vertex 9.649999618530273 -1.6454482078552246 14.100000381469727
vertex 9.649999618530273 1.6454482078552246 14.100000381469727
vertex 9.649999618530273 1.6454482078552246 16.700000762939453
endloop
endfacet
facet normal 0.0 -0.0 1.0
outer loop
vertex 9.649999618530273 -1.6454482078552246 14.100000381469727
vertex 10.929405212402344 -0.6505618095397949 14.100000381469727
vertex 9.649999618530273 1.6454482078552246 14.100000381469727
endloop
endfacet
facet normal 0.0 -0.0 1.0
outer loop
vertex 9.649999618530273 -1.6454482078552246 14.100000381469727
vertex 11.000733375549316 -0.8013744354248047 14.100000381469727
vertex 10.929405212402344 -0.6505618095397949 14.100000381469727
endloop
endfacet
facet normal 0.0 0.0 -1.0
outer loop
vertex 9.149999618530273 1.9341233968734741 -10.149999618530273
vertex 10.850946426391602 -0.4130662977695465 -10.149999618530273
vertex 10.929405212402344 -0.6505618095397949 -10.149999618530273
endloop
endfacet
facet normal 0.9495271486135253 0.3136848642282064 0.0
outer loop
vertex 10.929405212402344 -0.6505618095397949 14.100000381469727
vertex 10.929405212402344 -0.6505618095397949 -10.149999618530273
vertex 10.850946426391602 -0.4130662977695465 -10.149999618530273
endloop
endfacet
facet normal 0.9039913704545944 0.4275507012549789 0.0
outer loop
vertex 10.929405212402344 -0.6505618095397949 14.100000381469727
vertex 11.000733375549316 -0.8013744354248047 14.100000381469727
vertex 11.000733375549316 -0.8013744354248047 -10.149999618530273
endloop
endfacet
facet normal 0.0 0.0 -0.9999999999999999
outer loop
vertex 9.149999618530273 1.9341233968734741 -10.149999618530273
vertex 10.929405212402344 -0.6505618095397949 -10.149999618530273
vertex 11.000733375549316 -0.8013744354248047 -10.149999618530273
endloop
endfacet
facet normal 0.9039913704545944 0.4275507012549789 0.0
outer loop
vertex 10.929405212402344 -0.6505618095397949 14.100000381469727
vertex 11.000733375549316 -0.8013744354248047 -10.149999618530273
vertex 10.929405212402344 -0.6505618095397949 -10.149999618530273
endloop
endfacet
facet normal -0.0 0.0 1.0
outer loop
vertex 11.519828796386719 9.951847076416016 16.700000762939453
vertex 11.626025199890137 8.458138465881348 16.700000762939453
vertex 11.849437713623047 8.570594787597656 16.700000762939453
endloop
endfacet
facet normal -0.0 0.0 1.0
outer loop
vertex 11.032694816589355 9.891764640808105 16.700000762939453
vertex 11.421531677246094 8.314117431640625 16.700000762939453
vertex 11.519828796386719 9.951847076416016 16.700000762939453
endloop
endfacet
facet normal -0.0 0.0 1.0
outer loop
vertex 11.519828796386719 9.951847076416016 16.700000762939453
vertex 11.421531677246094 8.314117431640625 16.700000762939453
vertex 11.626025199890137 8.458138465881348 16.700000762939453
endloop
endfacet
facet normal 0.4496110511696694 -0.8932244413729984 0.0
outer loop
vertex 11.626025199890137 8.458138465881348 13.300000190734863
vertex 11.849437713623047 8.570594787597656 16.700000762939453
vertex 11.626025199890137 8.458138465881348 16.700000762939453
endloop
endfacet
facet normal 0.4496110511696694 -0.8932244413729984 0.0
outer loop
vertex 11.626025199890137 8.458138465881348 13.300000190734863
vertex 11.849437713623047 8.570594787597656 13.300000190734863
vertex 11.849437713623047 8.570594787597656 16.700000762939453
endloop
endfacet
facet normal 0.0 -0.0 -1.0
outer loop
vertex 9.649999618530273 8.645448684692383 13.300000190734863
vertex 11.970303535461426 9.985075950622559 13.300000190734863
vertex 11.849437713623047 8.570594787597656 13.300000190734863
endloop
endfacet
facet normal -0.0 0.0 1.0
outer loop
vertex 11.032694816589355 9.891764640808105 16.700000762939453
vertex 11.358349800109863 8.25961685180664 16.700000762939453
vertex 11.421531677246094 8.314117431640625 16.700000762939453
endloop
endfacet
facet normal 0.575809384323241 -0.8175839730115126 0.0
outer loop
vertex 11.421531677246094 8.314117431640625 13.300000190734863
vertex 11.626025199890137 8.458138465881348 16.700000762939453
vertex 11.421531677246094 8.314117431640625 16.700000762939453
endloop
endfacet
facet normal 0.575809384323241 -0.8175839730115126 0.0
outer loop
vertex 11.421531677246094 8.314117431640625 13.300000190734863
vertex 11.626025199890137 8.458138465881348 13.300000190734863
vertex 11.626025199890137 8.458138465881348 16.700000762939453
endloop
endfacet
facet normal 0.0 -0.0 -1.0
outer loop
vertex 9.649999618530273 8.645448684692383 13.300000190734863
vertex 11.849437713623047 8.570594787597656 13.300000190734863
vertex 11.626025199890137 8.458138465881348 13.300000190734863
endloop
endfacet
facet normal -0.0 0.0 1.0
outer loop
vertex 11.032694816589355 9.891764640808105 16.700000762939453
vertex 11.185882568359375 8.078468322753906 16.700000762939453
vertex 11.358349800109863 8.25961685180664 16.700000762939453
endloop
endfacet
facet normal 0.6531695295105431 -0.7572117046896303 0.0
outer loop
vertex 11.358349800109863 8.25961685180664 13.300000190734863
vertex 11.421531677246094 8.314117431640625 16.700000762939453
vertex 11.358349800109863 8.25961685180664 16.700000762939453
endloop
endfacet
facet normal 0.6531695295105431 -0.7572117046896303 0.0
outer loop
vertex 11.358349800109863 8.25961685180664 13.300000190734863
vertex 11.421531677246094 8.314117431640625 13.300000190734863
vertex 11.421531677246094 8.314117431640625 16.700000762939453
endloop
endfacet
facet normal 0.0 -0.0 -0.9999999999999999
outer loop
vertex 9.649999618530273 8.645448684692383 13.300000190734863
vertex 11.626025199890137 8.458138465881348 13.300000190734863
vertex 11.421531677246094 8.314117431640625 13.300000190734863
endloop
endfacet
facet normal -0.0 0.0 1.0
outer loop
vertex 11.032694816589355 9.891764640808105 16.700000762939453
vertex 11.041861534118652 7.873974800109863 16.700000762939453
vertex 11.185882568359375 8.078468322753906 16.700000762939453
endloop
endfacet
facet normal 0.7242480916839724 -0.6895394852306315 0.0
outer loop
vertex 11.185882568359375 8.078468322753906 13.300000190734863
vertex 11.358349800109863 8.25961685180664 16.700000762939453
vertex 11.185882568359375 8.078468322753906 16.700000762939453
endloop
endfacet
facet normal 0.7242480916839724 -0.6895394852306315 0.0
outer loop
vertex 11.185882568359375 8.078468322753906 13.300000190734863
vertex 11.358349800109863 8.25961685180664 13.300000190734863
vertex 11.358349800109863 8.25961685180664 16.700000762939453
endloop
endfacet
facet normal 0.0 -0.0 -1.0
outer loop
vertex 9.649999618530273 8.645448684692383 13.300000190734863
vertex 11.421531677246094 8.314117431640625 13.300000190734863
vertex 11.358349800109863 8.25961685180664 13.300000190734863
endloop
endfacet
facet normal -0.0 0.0 0.9999999999999999
outer loop
vertex 11.032694816589355 9.891764640808105 16.700000762939453
vertex 11.000733375549316 7.801374435424805 16.700000762939453
vertex 11.041861534118652 7.873974800109863 16.700000762939453
endloop
endfacet
facet normal 0.8175839730115126 -0.575809384323241 0.0
outer loop
vertex 11.041861534118652 7.873974800109863 13.300000190734863
vertex 11.185882568359375 8.078468322753906 16.700000762939453
vertex 11.041861534118652 7.873974800109863 16.700000762939453
endloop
endfacet
facet normal 0.8175839730115126 -0.575809384323241 0.0
outer loop
vertex 11.041861534118652 7.873974800109863 13.300000190734863
vertex 11.185882568359375 8.078468322753906 13.300000190734863
vertex 11.185882568359375 8.078468322753906 16.700000762939453
endloop
endfacet
facet normal 0.0 -0.0 -1.0
outer loop
vertex 9.649999618530273 8.645448684692383 13.300000190734863
vertex 11.358349800109863 8.25961685180664 13.300000190734863
vertex 11.185882568359375 8.078468322753906 13.300000190734863
endloop
endfacet
facet normal 0.8700841129365686 -0.49290327287956254 0.0
outer loop
vertex 11.000733375549316 7.801374435424805 13.300000190734863
vertex 11.041861534118652 7.873974800109863 16.700000762939453
vertex 11.000733375549316 7.801374435424805 16.700000762939453
endloop
endfacet
facet normal 0.8700841129365686 -0.49290327287956254 0.0
outer loop
vertex 11.000733375549316 7.801374435424805 13.300000190734863
vertex 11.041861534118652 7.873974800109863 13.300000190734863
vertex 11.041861534118652 7.873974800109863 16.700000762939453
endloop
endfacet
facet normal 0.0 -0.0 -1.0
outer loop
vertex 9.649999618530273 8.645448684692383 13.300000190734863
vertex 11.185882568359375 8.078468322753906 13.300000190734863
vertex 11.041861534118652 7.873974800109863 13.300000190734863
endloop
endfacet
facet normal 0.9039913704545943 -0.4275507012549789 0.0
outer loop
vertex 10.929405212402344 7.650561809539795 13.300000190734863
vertex 11.000733375549316 7.801374435424805 13.300000190734863
vertex 11.000733375549316 7.801374435424805 16.700000762939453
endloop
endfacet
facet normal 0.0 -0.0 -1.0
outer loop
vertex 9.649999618530273 8.645448684692383 13.300000190734863
vertex 11.041861534118652 7.873974800109863 13.300000190734863
vertex 11.000733375549316 7.801374435424805 13.300000190734863
endloop
endfacet
facet normal 0.9039913704545943 -0.4275507012549789 0.0
outer loop
vertex 10.929405212402344 7.650561809539795 13.300000190734863
vertex 11.000733375549316 7.801374435424805 16.700000762939453
vertex 10.929405212402344 7.650561809539795 16.700000762939453
endloop
endfacet
facet normal 0.0 -0.0 -1.0
outer loop
vertex 9.649999618530273 8.645448684692383 13.300000190734863
vertex 11.000733375549316 7.801374435424805 13.300000190734863
vertex 10.929405212402344 7.650561809539795 13.300000190734863
endloop
endfacet
facet normal 0.9495271134404216 -0.3136849706975147 0.0
outer loop
vertex 10.850946426391602 7.413066387176514 13.300000190734863
vertex 10.929405212402344 7.650561809539795 13.300000190734863
vertex 10.929405212402344 7.650561809539795 16.700000762939453
endloop
endfacet
facet normal 0.0 -0.0 -0.9999999999999999
outer loop
vertex 9.649999618530273 8.645448684692383 13.300000190734863
vertex 10.929405212402344 7.650561809539795 13.300000190734863
vertex 10.850946426391602 7.413066387176514 13.300000190734863
endloop
endfacet
facet normal 0.9495271134404216 -0.3136849706975147 0.0
outer loop
vertex 10.850946426391602 7.413066387176514 13.300000190734863
vertex 10.929405212402344 7.650561809539795 16.700000762939453
vertex 10.850946426391602 7.413066387176514 16.700000762939453
endloop
endfacet
facet normal 0.9972903766920163 -0.07356564794451628 0.0
outer loop
vertex 10.818400382995605 7.249441623687744 13.300000190734863
vertex 10.818400382995605 7.249441623687744 16.700000762939453
vertex 10.800000190734863 7.0 16.700000762939453
endloop
endfacet
facet normal 0.0 -0.0 -0.9999999999999999
outer loop
vertex 9.649999618530273 8.645448684692383 13.300000190734863
vertex 10.850946426391602 7.413066387176514 13.300000190734863
vertex 10.818400382995605 7.249441623687744 13.300000190734863
endloop
endfacet
facet normal 0.9807863650024319 -0.19508486928851274 0.0
outer loop
vertex 10.850946426391602 7.413066387176514 13.300000190734863
vertex 10.850946426391602 7.413066387176514 16.700000762939453
vertex 10.818400382995605 7.249441623687744 16.700000762939453
endloop
endfacet
facet normal 0.9807863650024319 -0.19508486928851274 0.0
outer loop
vertex 10.818400382995605 7.249441623687744 13.300000190734863
vertex 10.850946426391602 7.413066387176514 13.300000190734863
vertex 10.818400382995605 7.249441623687744 16.700000762939453
endloop
endfacet
facet normal 0.49999993694121386 0.8660254401914427 0.0
outer loop
vertex 9.649999618530273 5.354551792144775 13.300000190734863
vertex 10.788451194763184 4.697266578674316 10.699999809265137
vertex 9.649999618530273 5.354551792144775 10.699999809265137
endloop
endfacet
facet normal 0.4999999358469166 0.8660254408232354 -0.0
outer loop
vertex 12.5 3.709103584289551 10.600000381469727
vertex 10.788451194763184 4.697266578674316 10.600000381469727
vertex 10.788451194763184 4.697266578674316 10.699999809265137
endloop
endfacet
facet normal 0.49999993581818636 0.8660254408398229 -6.556472792885069e-10
outer loop
vertex 9.649999618530273 5.354551792144775 13.300000190734863
vertex 12.5 3.709103584289551 10.600000381469727
vertex 10.788451194763184 4.697266578674316 10.699999809265137
endloop
endfacet
facet normal -0.0 0.0 1.0
outer loop
vertex 10.549097061157227 9.807852745056152 16.700000762939453
vertex 11.000733375549316 7.801374435424805 16.700000762939453
vertex 11.032694816589355 9.891764640808105 16.700000762939453
endloop
endfacet
facet normal -0.0 0.0 1.0
outer loop
vertex 10.549097061157227 9.807852745056152 16.700000762939453
vertex 10.929405212402344 7.650561809539795 16.700000762939453
vertex 11.000733375549316 7.801374435424805 16.700000762939453
endloop
endfacet
facet normal -0.0 0.0 1.0
outer loop
vertex 10.549097061157227 9.807852745056152 16.700000762939453
vertex 10.850946426391602 7.413066387176514 16.700000762939453
vertex 10.929405212402344 7.650561809539795 16.700000762939453
endloop
endfacet
facet normal -0.21910078143584544 0.975702233047666 0.0
outer loop
vertex 10.070198059082031 9.700312614440918 10.699999809265137
vertex 10.070198059082031 9.700312614440918 16.700000762939453
vertex 10.549097061157227 9.807852745056152 16.700000762939453
endloop
endfacet
facet normal -0.0 0.0 1.0
outer loop
vertex 10.549097061157227 9.807852745056152 16.700000762939453
vertex 10.818400382995605 7.249441623687744 16.700000762939453
vertex 10.850946426391602 7.413066387176514 16.700000762939453
endloop
endfacet
facet normal -0.0 0.0 1.0
outer loop
vertex 10.070198059082031 9.700312614440918 16.700000762939453
vertex 9.649999618530273 1.6454482078552246 16.700000762939453
vertex 10.549097061157227 9.807852745056152 16.700000762939453
endloop
endfacet
facet normal -0.0 0.0 1.0
outer loop
vertex 10.549097061157227 9.807852745056152 16.700000762939453
vertex 10.800000190734863 7.0 16.700000762939453
vertex 10.818400382995605 7.249441623687744 16.700000762939453
endloop
endfacet
facet normal 0.9972903766920163 0.07356564794451628 0.0
outer loop
vertex 10.818400382995605 6.750558376312256 13.300000190734863
vertex 10.800000190734863 7.0 16.700000762939453
vertex 10.818400382995605 6.750558376312256 16.700000762939453
endloop
endfacet
facet normal -0.0 0.0 1.0
outer loop
vertex 10.549097061157227 9.807852745056152 16.700000762939453
vertex 9.649999618530273 1.6454482078552246 16.700000762939453
vertex 10.800000190734863 7.0 16.700000762939453
endloop
endfacet
facet normal 0.9495271134404216 0.3136849706975147 0.0
outer loop
vertex 10.929405212402344 6.349438190460205 13.300000190734863
vertex 10.850946426391602 6.586933612823486 16.700000762939453
vertex 10.929405212402344 6.349438190460205 16.700000762939453
endloop
endfacet
facet normal 0.0 -0.0 1.0
outer loop
vertex 9.649999618530273 1.6454482078552246 16.700000762939453
vertex 10.818400382995605 6.750558376312256 16.700000762939453
vertex 10.800000190734863 7.0 16.700000762939453
endloop
endfacet
facet normal 0.0 -0.0 1.0
outer loop
vertex 9.649999618530273 1.6454482078552246 16.700000762939453
vertex 10.929405212402344 6.349438190460205 16.700000762939453
vertex 10.850946426391602 6.586933612823486 16.700000762939453
endloop
endfacet
facet normal 0.9807863650024319 0.19508486928851274 0.0
outer loop
vertex 10.850946426391602 6.586933612823486 13.300000190734863
vertex 10.818400382995605 6.750558376312256 16.700000762939453
vertex 10.850946426391602 6.586933612823486 16.700000762939453
endloop
endfacet
facet normal 0.0 -0.0 1.0
outer loop
vertex 9.649999618530273 1.6454482078552246 16.700000762939453
vertex 10.850946426391602 6.586933612823486 16.700000762939453
vertex 10.818400382995605 6.750558376312256 16.700000762939453
endloop
endfacet
facet normal -0.0 0.0 1.0
outer loop
vertex 11.519828796386719 9.951847076416016 16.700000762939453
vertex 11.849437713623047 8.570594787597656 16.700000762939453
vertex 12.009323120117188 9.987954139709473 16.700000762939453
endloop
endfacet
facet normal -0.07356414367639032 0.9972904876540031 0.0
outer loop
vertex 11.519828796386719 9.951847076416016 10.699999809265137
vertex 11.519828796386719 9.951847076416016 16.700000762939453
vertex 12.009323120117188 9.987954139709473 16.700000762939453
endloop
endfacet
facet normal 0.9972903766920163 -0.07356564794451628 0.0
outer loop
vertex 10.800000190734863 7.0 13.300000190734863
vertex 10.818400382995605 7.249441623687744 13.300000190734863
vertex 10.800000190734863 7.0 16.700000762939453
endloop
endfacet
facet normal -0.07356435954179219 0.9972904717308823 1.7706634858251505e-08
outer loop
vertex 11.519828796386719 9.951847076416016 10.699999809265137
vertex 12.009323120117188 9.987954139709473 16.700000762939453
vertex 11.970303535461426 9.985075950622559 13.300000190734863
endloop
endfacet
facet normal 0.9972903766920163 0.07356564794451628 -0.0
outer loop
vertex 10.818400382995605 6.750558376312256 13.300000190734863
vertex 10.800000190734863 7.0 13.300000190734863
vertex 10.800000190734863 7.0 16.700000762939453
endloop
endfacet
facet normal 0.0 -0.0 -1.0
outer loop
vertex 9.649999618530273 8.645448684692383 13.300000190734863
vertex 10.818400382995605 7.249441623687744 13.300000190734863
vertex 10.800000190734863 7.0 13.300000190734863
endloop
endfacet
facet normal -0.07356425789765232 0.9972904792285784 0.0
outer loop
vertex 11.519828796386719 9.951847076416016 10.699999809265137
vertex 11.970303535461426 9.985075950622559 13.300000190734863
vertex 11.970303535461426 9.985075950622559 10.699999809265137
endloop
endfacet
facet normal 0.9807863650024319 0.19508486928851274 -0.0
outer loop
vertex 10.850946426391602 6.586933612823486 13.300000190734863
vertex 10.818400382995605 6.750558376312256 13.300000190734863
vertex 10.818400382995605 6.750558376312256 16.700000762939453
endloop
endfacet
facet normal 0.0 0.0 -1.0
outer loop
vertex 9.649999618530273 8.645448684692383 13.300000190734863
vertex 10.800000190734863 7.0 13.300000190734863
vertex 10.818400382995605 6.750558376312256 13.300000190734863
endloop
endfacet
facet normal 0.0 -0.0 -1.0
outer loop
vertex 11.519828796386719 9.951847076416016 10.699999809265137
vertex 11.970303535461426 9.985075950622559 10.699999809265137
vertex 9.649999618530273 8.645448684692383 10.699999809265137
endloop
endfacet
facet normal 0.4999997690276976 -0.8660255371363185 0.0
outer loop
vertex 9.649999618530273 8.645448684692383 13.300000190734863
vertex 11.970303535461426 9.985075950622559 10.699999809265137
vertex 11.970303535461426 9.985075950622559 13.300000190734863
endloop
endfacet
facet normal 0.0 0.0 -1.0
outer loop
vertex 9.649999618530273 8.645448684692383 13.300000190734863
vertex 10.818400382995605 6.750558376312256 13.300000190734863
vertex 10.850946426391602 6.586933612823486 13.300000190734863
endloop
endfacet
facet normal 0.4999997690276976 -0.8660255371363185 0.0
outer loop
vertex 9.649999618530273 8.645448684692383 13.300000190734863
vertex 9.649999618530273 8.645448684692383 10.699999809265137
vertex 11.970303535461426 9.985075950622559 10.699999809265137
endloop
endfacet
facet normal 0.0 0.0 -0.9999999999999999
outer loop
vertex 9.649999618530273 5.354551792144775 13.300000190734863
vertex 9.649999618530273 8.645448684692383 13.300000190734863
vertex 10.850946426391602 6.586933612823486 13.300000190734863
endloop
endfacet
facet normal 1.0 -0.0 0.0
outer loop
vertex 9.649999618530273 8.645448684692383 13.300000190734863
vertex 9.649999618530273 5.354551792144775 10.699999809265137
vertex 9.649999618530273 8.645448684692383 10.699999809265137
endloop
endfacet
facet normal 1.0 -0.0 0.0
outer loop
vertex 9.649999618530273 5.354551792144775 13.300000190734863
vertex 9.649999618530273 5.354551792144775 10.699999809265137
vertex 9.649999618530273 8.645448684692383 13.300000190734863
endloop
endfacet
facet normal 0.0 -0.0 1.0
outer loop
vertex 12.5 3.709103584289551 10.600000381469727
vertex 12.745338439941406 4.993977069854736 10.600000381469727
vertex 12.5 5.0 10.600000381469727
endloop
endfacet
facet normal 0.0 -0.0 1.0
outer loop
vertex 12.5 3.709103584289551 10.600000381469727
vertex 12.5 5.0 10.600000381469727
vertex 12.254661560058594 4.993977069854736 10.600000381469727
endloop
endfacet
facet normal 0.0 0.0 0.9999999999999999
outer loop
vertex 12.5 3.709103584289551 10.600000381469727
vertex 12.254661560058594 4.993977069854736 10.600000381469727
vertex 12.00991439819336 4.975923538208008 10.600000381469727
endloop
endfacet
facet normal 0.024542081650990883 0.9996987977527212 -0.0
outer loop
vertex 12.5 5.0 7.150000095367432
vertex 12.5 5.0 10.600000381469727
vertex 12.745338439941406 4.993977069854736 10.600000381469727
endloop
endfacet
facet normal -0.024542081650990883 0.9996987977527212 0.0
outer loop
vertex 12.254661560058594 4.993977069854736 7.150000095367432
vertex 12.254661560058594 4.993977069854736 10.600000381469727
vertex 12.5 5.0 10.600000381469727
endloop
endfacet
facet normal -0.07356414367639032 0.9972904876540031 0.0
outer loop
vertex 12.00991439819336 4.975923538208008 7.150000095367432
vertex 12.00991439819336 4.975923538208008 10.600000381469727
vertex 12.254661560058594 4.993977069854736 10.600000381469727
endloop
endfacet
facet normal 0.024542081650990883 0.9996987977527212 0.0
outer loop
vertex 12.745338439941406 4.993977069854736 7.150000095367432
vertex 12.5 5.0 7.150000095367432
vertex 12.745338439941406 4.993977069854736 10.600000381469727
endloop
endfacet
facet normal -0.024542081650990883 0.9996987977527212 0.0
outer loop
vertex 12.254661560058594 4.993977069854736 7.150000095367432
vertex 12.5 5.0 10.600000381469727
vertex 12.5 5.0 7.150000095367432
endloop
endfacet
facet normal -0.07356414367639032 0.9972904876540031 0.0
outer loop
vertex 12.00991439819336 4.975923538208008 7.150000095367432
vertex 12.254661560058594 4.993977069854736 10.600000381469727
vertex 12.254661560058594 4.993977069854736 7.150000095367432
endloop
endfacet
facet normal 0.0 0.0 -1.0
outer loop
vertex 12.5 3.9749996662139893 7.150000095367432
vertex 12.5 5.0 7.150000095367432
vertex 12.745338439941406 4.993977069854736 7.150000095367432
endloop
endfacet
facet normal 0.0 0.0 -1.0
outer loop
vertex 12.254661560058594 4.993977069854736 7.150000095367432
vertex 12.5 5.0 7.150000095367432
vertex 12.5 3.9749996662139893 7.150000095367432
endloop
endfacet
facet normal 0.0 0.0 -1.0
outer loop
vertex 12.304956436157227 3.9702117443084717 7.150000095367432
vertex 12.00991439819336 4.975923538208008 7.150000095367432
vertex 12.254661560058594 4.993977069854736 7.150000095367432
endloop
endfacet
facet normal 0.0 0.0 -1.0
outer loop
vertex 12.695043563842773 3.9702117443084717 7.150000095367432
vertex 12.745338439941406 4.993977069854736 7.150000095367432
vertex 12.889617919921875 3.9558591842651367 7.150000095367432
endloop
endfacet
facet normal 0.0 -0.0 -1.0
outer loop
vertex 12.5 3.9749996662139893 7.150000095367432
vertex 12.745338439941406 4.993977069854736 7.150000095367432
vertex 12.695043563842773 3.9702117443084717 7.150000095367432
endloop
endfacet
facet normal 0.0 0.0 -1.0
outer loop
vertex 12.304956436157227 3.9702117443084717 7.150000095367432
vertex 12.254661560058594 4.993977069854736 7.150000095367432
vertex 12.5 3.9749996662139893 7.150000095367432
endloop
endfacet
facet normal 0.07356401955808649 0.9972904968094588 -0.0
outer loop
vertex 12.695043563842773 3.9702117443084717 -8.149999618530273
vertex 12.695043563842773 3.9702117443084717 7.150000095367432
vertex 12.889617919921875 3.9558591842651367 7.150000095367432
endloop
endfacet
facet normal 0.07356401955808649 0.9972904968094588 0.0
outer loop
vertex 12.695043563842773 3.9702117443084717 -8.149999618530273
vertex 12.889617919921875 3.9558591842651367 7.150000095367432
vertex 12.889617919921875 3.9558591842651367 -8.149999618530273
endloop
endfacet
facet normal 0.024540568559253052 0.9996988348971847 -0.0
outer loop
vertex 12.5 3.9749996662139893 -8.149999618530273
vertex 12.5 3.9749996662139893 7.150000095367432
vertex 12.695043563842773 3.9702117443084717 7.150000095367432
endloop
endfacet
facet normal -0.024540568559253052 0.9996988348971847 0.0
outer loop
vertex 12.304956436157227 3.9702117443084717 -8.149999618530273
vertex 12.304956436157227 3.9702117443084717 7.150000095367432
vertex 12.5 3.9749996662139893 7.150000095367432
endloop
endfacet
facet normal 0.024540568559253052 0.9996988348971847 0.0
outer loop
vertex 12.5 3.9749996662139893 -8.149999618530273
vertex 12.695043563842773 3.9702117443084717 7.150000095367432
vertex 12.695043563842773 3.9702117443084717 -8.149999618530273
endloop
endfacet
facet normal 0.0 0.0 -0.9999999999999999
outer loop
vertex 12.5 3.8682467937469482 -8.149999618530273
vertex 12.695043563842773 3.9702117443084717 -8.149999618530273
vertex 12.889617919921875 3.9558591842651367 -8.149999618530273
endloop
endfacet
facet normal -0.024540568559253052 0.9996988348971847 0.0
outer loop
vertex 12.304956436157227 3.9702117443084717 -8.149999618530273
vertex 12.5 3.9749996662139893 7.150000095367432
vertex 12.5 3.9749996662139893 -8.149999618530273
endloop
endfacet
facet normal 1.0 0.0 -0.0
outer loop
vertex 15.850000381469727 -1.9341233968734741 -10.149999618530273
vertex 15.850000381469727 1.9341233968734741 -8.149999618530273
vertex 15.850000381469727 -1.9341233968734741 -8.149999618530273
endloop
endfacet
facet normal 0.0 0.0 -1.0
outer loop
vertex 12.5 3.8682467937469482 -8.149999618530273
vertex 12.5 3.9749996662139893 -8.149999618530273
vertex 12.695043563842773 3.9702117443084717 -8.149999618530273
endloop
endfacet
facet normal 0.0 0.0 -0.9999999999999999
outer loop
vertex 9.149999618530273 1.9341233968734741 -8.149999618530273
vertex 12.304956436157227 3.9702117443084717 -8.149999618530273
vertex 12.5 3.9749996662139893 -8.149999618530273
endloop
endfacet
facet normal 0.8448527252520401 0.5349989463860662 0.0
outer loop
vertex 11.000733375549316 -0.8013744354248047 14.100000381469727
vertex 11.134547233581543 -1.0126888751983643 -10.149999618530273
vertex 11.000733375549316 -0.8013744354248047 -10.149999618530273
endloop
endfacet
facet normal 0.4999999563458427 -0.8660254289881766 0.0
outer loop
vertex 12.5 -3.8682467937469482 -10.149999618530273
vertex 15.850000381469727 -1.9341233968734741 -10.149999618530273
vertex 15.850000381469727 -1.9341233968734741 -8.149999618530273
endloop
endfacet
facet normal 0.0 0.0 -0.9999999999999999
outer loop
vertex 9.149999618530273 1.9341233968734741 -8.149999618530273
vertex 12.5 3.9749996662139893 -8.149999618530273
vertex 12.5 3.8682467937469482 -8.149999618530273
endloop
endfacet
facet normal 0.0 0.0 -1.0
outer loop
vertex 12.5 -3.8682467937469482 -10.149999618530273
vertex 11.000733375549316 -0.8013744354248047 -10.149999618530273
vertex 11.134547233581543 -1.0126888751983643 -10.149999618530273
endloop
endfacet
facet normal 0.4999999563458427 -0.8660254289881766 0.0
outer loop
vertex 12.5 -3.8682467937469482 -10.149999618530273
vertex 15.850000381469727 -1.9341233968734741 -8.149999618530273
vertex 12.5 -3.8682467937469482 -8.149999618530273
endloop
endfacet
facet normal -0.4999999563458427 0.8660254289881766 0.0
outer loop
vertex 9.149999618530273 1.9341233968734741 -8.149999618530273
vertex 12.5 3.8682467937469482 -8.149999618530273
vertex 12.5 3.8682467937469482 -10.149999618530273
endloop
endfacet
facet normal 0.0 0.0 -1.0
outer loop
vertex 9.149999618530273 1.9341233968734741 -10.149999618530273
vertex 11.000733375549316 -0.8013744354248047 -10.149999618530273
vertex 12.5 -3.8682467937469482 -10.149999618530273
endloop
endfacet
facet normal -0.4999999563458427 -0.8660254289881766 0.0
outer loop
vertex 9.149999618530273 -1.9341233968734741 -10.149999618530273
vertex 12.5 -3.8682467937469482 -10.149999618530273
vertex 12.5 -3.8682467937469482 -8.149999618530273
endloop
endfacet
facet normal -0.4999999563458427 0.8660254289881766 0.0
outer loop
vertex 9.149999618530273 1.9341233968734741 -10.149999618530273
vertex 9.149999618530273 1.9341233968734741 -8.149999618530273
vertex 12.5 3.8682467937469482 -10.149999618530273
endloop
endfacet
facet normal 0.0 0.0 -1.0
outer loop
vertex 9.149999618530273 -1.9341233968734741 -10.149999618530273
vertex 9.149999618530273 1.9341233968734741 -10.149999618530273
vertex 12.5 -3.8682467937469482 -10.149999618530273
endloop
endfacet
facet normal -0.4999999563458427 -0.8660254289881766 0.0
outer loop
vertex 9.149999618530273 -1.9341233968734741 -10.149999618530273
vertex 12.5 -3.8682467937469482 -8.149999618530273
vertex 9.149999618530273 -1.9341233968734741 -8.149999618530273
endloop
endfacet
facet normal -1.0 0.0 0.0
outer loop
vertex 9.149999618530273 -1.9341233968734741 -8.149999618530273
vertex 9.149999618530273 1.9341233968734741 -8.149999618530273
vertex 9.149999618530273 1.9341233968734741 -10.149999618530273
endloop
endfacet
facet normal -1.0 0.0 0.0
outer loop
vertex 9.149999618530273 -1.9341233968734741 -10.149999618530273
vertex 9.149999618530273 -1.9341233968734741 -8.149999618530273
vertex 9.149999618530273 1.9341233968734741 -10.149999618530273
endloop
endfacet
facet normal -0.534996979417005 0.84485397082258 0.0
outer loop
vertex 6.944297790527344 8.314696311950684 10.699999809265137
vertex 6.944297790527344 8.314696311950684 16.700000762939453
vertex 7.358972549438477 8.577285766601562 16.700000762939453
endloop
endfacet
facet normal -0.0 0.0 1.0
outer loop
vertex 6.944297790527344 8.314696311950684 16.700000762939453
vertex 7.0705952644348145 0.6505618095397949 16.700000762939453
vertex 7.358972549438477 8.577285766601562 16.700000762939453
endloop
endfacet
facet normal 0.0 0.0 1.0
outer loop
vertex 6.944297790527344 8.314696311950684 16.700000762939453
vertex 7.0367817878723145 0.7268436551094055 16.700000762939453
vertex 7.0705952644348145 0.6505618095397949 16.700000762939453
endloop
endfacet
facet normal 0.0 0.0 1.0
outer loop
vertex 7.358972549438477 8.577285766601562 16.700000762939453
vertex 7.0705952644348145 0.6505618095397949 16.700000762939453
vertex 7.14905309677124 0.4130662977695465 16.700000762939453
endloop
endfacet
facet normal -0.9142094894884074 -0.40524191457615194 0.0
outer loop
vertex 7.0367817878723145 0.7268436551094055 13.300000190734863
vertex 7.0705952644348145 0.6505618095397949 16.700000762939453
vertex 7.0367817878723145 0.7268436551094055 16.700000762939453
endloop
endfacet
facet normal -0.949528284280918 -0.31368142653102055 0.0
outer loop
vertex 7.14905309677124 0.4130662977695465 13.300000190734863
vertex 7.14905309677124 0.4130662977695465 16.700000762939453
vertex 7.0705952644348145 0.6505618095397949 16.700000762939453
endloop
endfacet
facet normal -0.9142094894884074 -0.40524191457615194 0.0
outer loop
vertex 7.0705952644348145 0.6505618095397949 13.300000190734863
vertex 7.0705952644348145 0.6505618095397949 16.700000762939453
vertex 7.0367817878723145 0.7268436551094055 13.300000190734863
endloop
endfacet
facet normal -0.949528284280918 -0.31368142653102055 -0.0
outer loop
vertex 7.14905309677124 0.4130662977695465 13.300000190734863
vertex 7.0705952644348145 0.6505618095397949 16.700000762939453
vertex 7.0705952644348145 0.6505618095397949 13.300000190734863
endloop
endfacet
facet normal -0.5758088035886261 0.8175843820119333 0.0
outer loop
vertex 6.543006896972656 8.032074928283691 10.699999809265137
vertex 6.543006896972656 8.032074928283691 16.700000762939453
vertex 6.944297790527344 8.314696311950684 16.700000762939453
endloop
endfacet
facet normal -0.0 0.0 1.0
outer loop
vertex 6.543006896972656 8.032074928283691 16.700000762939453
vertex 6.814117908477783 1.0784685611724854 16.700000762939453
vertex 6.944297790527344 8.314696311950684 16.700000762939453
endloop
endfacet
facet normal 0.0 0.0 0.9999999999999999
outer loop
vertex 6.944297790527344 8.314696311950684 16.700000762939453
vertex 6.814117908477783 1.0784685611724854 16.700000762939453
vertex 6.913498401641846 0.9444693922996521 16.700000762939453
endloop
endfacet
facet normal 0.0 0.0 1.0
outer loop
vertex 6.944297790527344 8.314696311950684 16.700000762939453
vertex 6.913498401641846 0.9444693922996521 16.700000762939453
vertex 7.0367817878723145 0.7268436551094055 16.700000762939453
endloop
endfacet
facet normal -0.8700871130225818 -0.4928979770216439 0.0
outer loop
vertex 6.913498401641846 0.9444693922996521 13.300000190734863
vertex 7.0367817878723145 0.7268436551094055 16.700000762939453
vertex 6.913498401641846 0.9444693922996521 16.700000762939453
endloop
endfacet
facet normal -0.8700871130225818 -0.4928979770216439 0.0
outer loop
vertex 6.913498401641846 0.9444693922996521 13.300000190734863
vertex 7.0367817878723145 0.7268436551094055 13.300000190734863
vertex 7.0367817878723145 0.7268436551094055 16.700000762939453
endloop
endfacet
facet normal 0.0 0.0 -1.0
outer loop
vertex 7.14905309677124 0.4130662977695465 13.300000190734863
vertex 7.0705952644348145 0.6505618095397949 13.300000190734863
vertex 8.350000381469727 1.6454482078552246 13.300000190734863
endloop
endfacet
facet normal 0.0 -0.0 -1.0
outer loop
vertex 6.913498401641846 0.9444693922996521 13.300000190734863
vertex 8.350000381469727 1.6454482078552246 13.300000190734863
vertex 7.0367817878723145 0.7268436551094055 13.300000190734863
endloop
endfacet
facet normal 0.0 0.0 -1.0
outer loop
vertex 7.0705952644348145 0.6505618095397949 13.300000190734863
vertex 7.0367817878723145 0.7268436551094055 13.300000190734863
vertex 8.350000381469727 1.6454482078552246 13.300000190734863
endloop
endfacet
facet normal -0.0 0.0 1.0
outer loop
vertex 4.769895553588867 6.343932628631592 16.700000762939453
vertex 4.849438190460205 1.5705952644348145 16.700000762939453
vertex 5.090488910675049 6.71558952331543 16.700000762939453
endloop
endfacet
facet normal -0.0 0.0 1.0
outer loop
vertex 5.090488910675049 6.71558952331543 16.700000762939453
vertex 4.849438190460205 1.5705952644348145 16.700000762939453
vertex 5.086933612823486 1.6490530967712402 16.700000762939453
endloop
endfacet
facet normal -0.0 0.0 1.0
outer loop
vertex 4.769895553588867 6.343932628631592 16.700000762939453
vertex 4.77315616607666 1.5367817878723145 16.700000762939453
vertex 4.849438190460205 1.5705952644348145 16.700000762939453
endloop
endfacet
facet normal 0.3136815329994167 -0.9495282491085433 0.0
outer loop
vertex 4.849438190460205 1.5705952644348145 13.300000190734863
vertex 5.086933612823486 1.6490530967712402 16.700000762939453
vertex 4.849438190460205 1.5705952644348145 16.700000762939453
endloop
endfacet
facet normal -0.0 0.0 1.0
outer loop
vertex 4.46792459487915 5.956993103027344 16.700000762939453
vertex 4.555530548095703 1.4134982824325562 16.700000762939453
vertex 4.769895553588867 6.343932628631592 16.700000762939453
endloop
endfacet
facet normal -0.0 0.0 1.0
outer loop
vertex 4.769895553588867 6.343932628631592 16.700000762939453
vertex 4.555530548095703 1.4134982824325562 16.700000762939453
vertex 4.77315616607666 1.5367817878723145 16.700000762939453
endloop
endfacet
facet normal 0.4052411206406764 -0.9142098414160115 0.0
outer loop
vertex 4.77315616607666 1.5367817878723145 13.300000190734863
vertex 4.849438190460205 1.5705952644348145 16.700000762939453
vertex 4.77315616607666 1.5367817878723145 16.700000762939453
endloop
endfacet
facet normal 0.4052411206406764 -0.9142098414160115 0.0
outer loop
vertex 4.77315616607666 1.5367817878723145 13.300000190734863
vertex 4.849438190460205 1.5705952644348145 13.300000190734863
vertex 4.849438190460205 1.5705952644348145 16.700000762939453
endloop
endfacet
facet normal -0.0 0.0 1.0
outer loop
vertex 4.46792459487915 5.956993103027344 16.700000762939453
vertex 4.487311363220215 1.365452766418457 16.700000762939453
vertex 4.555530548095703 1.4134982824325562 16.700000762939453
endloop
endfacet
facet normal 0.4928985422402116 -0.8700867928301602 0.0
outer loop
vertex 4.555530548095703 1.4134982824325562 13.300000190734863
vertex 4.77315616607666 1.5367817878723145 16.700000762939453
vertex 4.555530548095703 1.4134982824325562 16.700000762939453
endloop
endfacet
facet normal 0.4928985422402116 -0.8700867928301602 0.0
outer loop
vertex 4.555530548095703 1.4134982824325562 13.300000190734863
vertex 4.77315616607666 1.5367817878723145 13.300000190734863
vertex 4.77315616607666 1.5367817878723145 16.700000762939453
endloop
endfacet
facet normal 0.0 -0.0 -1.0
outer loop
vertex 2.6500000953674316 1.6454482078552246 13.300000190734863
vertex 4.849438190460205 1.5705952644348145 13.300000190734863
vertex 4.77315616607666 1.5367817878723145 13.300000190734863
endloop
endfacet
facet normal -0.0 0.0 1.0
outer loop
vertex 4.185303688049316 5.555702209472656 16.700000762939453
vertex 4.297918319702148 1.202081561088562 16.700000762939453
vertex 4.46792459487915 5.956993103027344 16.700000762939453
endloop
endfacet
facet normal -0.0 0.0 1.0
outer loop
vertex 4.46792459487915 5.956993103027344 16.700000762939453
vertex 4.297918319702148 1.202081561088562 16.700000762939453
vertex 4.487311363220215 1.365452766418457 16.700000762939453
endloop
endfacet
facet normal 0.575809355182664 -0.8175839935346856 0.0
outer loop
vertex 4.487311363220215 1.365452766418457 13.300000190734863
vertex 4.555530548095703 1.4134982824325562 16.700000762939453
vertex 4.487311363220215 1.365452766418457 16.700000762939453
endloop
endfacet
facet normal 0.575809355182664 -0.8175839935346856 0.0
outer loop
vertex 4.487311363220215 1.365452766418457 13.300000190734863
vertex 4.555530548095703 1.4134982824325562 13.300000190734863
vertex 4.555530548095703 1.4134982824325562 16.700000762939453
endloop
endfacet
facet normal 0.0 -0.0 -1.0
outer loop
vertex 2.6500000953674316 1.6454482078552246 13.300000190734863
vertex 4.77315616607666 1.5367817878723145 13.300000190734863
vertex 4.555530548095703 1.4134982824325562 13.300000190734863
endloop
endfacet
facet normal -0.0 0.0 1.0
outer loop
vertex 4.185303688049316 5.555702209472656 16.700000762939453
vertex 4.185882091522217 1.0784685611724854 16.700000762939453
vertex 4.297918319702148 1.202081561088562 16.700000762939453
endloop
endfacet
facet normal 0.6531720233488671 -0.7572095535017681 0.0
outer loop
vertex 4.297918319702148 1.202081561088562 13.300000190734863
vertex 4.487311363220215 1.365452766418457 16.700000762939453
vertex 4.297918319702148 1.202081561088562 16.700000762939453
endloop
endfacet
facet normal 0.6531720233488671 -0.7572095535017681 0.0
outer loop
vertex 4.297918319702148 1.202081561088562 13.300000190734863
vertex 4.487311363220215 1.365452766418457 13.300000190734863
vertex 4.487311363220215 1.365452766418457 16.700000762939453
endloop
endfacet
facet normal 0.0 -0.0 -1.0
outer loop
vertex 2.6500000953674316 1.6454482078552246 13.300000190734863
vertex 4.555530548095703 1.4134982824325562 13.300000190734863
vertex 4.487311363220215 1.365452766418457 13.300000190734863
endloop
endfacet
facet normal -0.0 0.0 1.0
outer loop
vertex 4.185303688049316 5.555702209472656 16.700000762939453
vertex 4.086501598358154 0.9444693922996521 16.700000762939453
vertex 4.185882091522217 1.0784685611724854 16.700000762939453
endloop
endfacet
facet normal 0.7409513172810451 -0.6715587430891536 0.0
outer loop
vertex 4.185882091522217 1.0784685611724854 13.300000190734863
vertex 4.297918319702148 1.202081561088562 16.700000762939453
vertex 4.185882091522217 1.0784685611724854 16.700000762939453
endloop
endfacet
facet normal 0.7409513172810451 -0.6715587430891536 0.0
outer loop
vertex 4.185882091522217 1.0784685611724854 13.300000190734863
vertex 4.297918319702148 1.202081561088562 13.300000190734863
vertex 4.297918319702148 1.202081561088562 16.700000762939453
endloop
endfacet
facet normal 0.0 -0.0 -1.0
outer loop
vertex 2.6500000953674316 1.6454482078552246 13.300000190734863
vertex 4.487311363220215 1.365452766418457 13.300000190734863
vertex 4.297918319702148 1.202081561088562 13.300000190734863
endloop
endfacet
facet normal 0.8032077139734276 -0.595699058429322 0.0
outer loop
vertex 4.086501598358154 0.9444693922996521 13.300000190734863
vertex 4.185882091522217 1.0784685611724854 16.700000762939453
vertex 4.086501598358154 0.9444693922996521 16.700000762939453
endloop
endfacet
facet normal 0.8032077139734276 -0.595699058429322 0.0
outer loop
vertex 4.086501598358154 0.9444693922996521 13.300000190734863
vertex 4.185882091522217 1.0784685611724854 13.300000190734863
vertex 4.185882091522217 1.0784685611724854 16.700000762939453
endloop
endfacet
facet normal 0.0 -0.0 -1.0
outer loop
vertex 2.6500000953674316 1.6454482078552246 13.300000190734863
vertex 4.297918319702148 1.202081561088562 13.300000190734863
vertex 4.185882091522217 1.0784685611724854 13.300000190734863
endloop
endfacet
facet normal 0.8700867042210991 -0.49289869865690017 0.0
outer loop
vertex 3.9632179737091064 0.7268436551094055 13.300000190734863
vertex 4.086501598358154 0.9444693922996521 16.700000762939453
vertex 3.9632179737091064 0.7268436551094055 16.700000762939453
endloop
endfacet
facet normal 0.8700867042210991 -0.49289869865690017 0.0
outer loop
vertex 3.9632179737091064 0.7268436551094055 13.300000190734863
vertex 4.086501598358154 0.9444693922996521 13.300000190734863
vertex 4.086501598358154 0.9444693922996521 16.700000762939453
endloop
endfacet
facet normal 0.0 -0.0 -1.0
outer loop
vertex 2.6500000953674316 1.6454482078552246 13.300000190734863
vertex 4.185882091522217 1.0784685611724854 13.300000190734863
vertex 4.086501598358154 0.9444693922996521 13.300000190734863
endloop
endfacet
facet normal 0.9142094894884074 -0.40524191457615194 0.0
outer loop
vertex 3.9294044971466064 0.6505618095397949 13.300000190734863
vertex 3.9632179737091064 0.7268436551094055 16.700000762939453
vertex 3.9294044971466064 0.6505618095397949 16.700000762939453
endloop
endfacet
facet normal 0.9142094894884074 -0.40524191457615194 0.0
outer loop
vertex 3.9294044971466064 0.6505618095397949 13.300000190734863
vertex 3.9632179737091064 0.7268436551094055 13.300000190734863
vertex 3.9632179737091064 0.7268436551094055 16.700000762939453
endloop
endfacet
facet normal 0.0 -0.0 -0.9999999999999999
outer loop
vertex 2.6500000953674316 1.6454482078552246 13.300000190734863
vertex 4.086501598358154 0.9444693922996521 13.300000190734863
vertex 3.9632179737091064 0.7268436551094055 13.300000190734863
endloop
endfacet
facet normal 0.9495285681962462 -0.3136805671047968 0.0
outer loop
vertex 3.8509469032287598 0.4130662977695465 13.300000190734863
vertex 3.9294044971466064 0.6505618095397949 13.300000190734863
vertex 3.9294044971466064 0.6505618095397949 16.700000762939453
endloop
endfacet
facet normal 0.0 -0.0 -1.0
outer loop
vertex 2.6500000953674316 1.6454482078552246 13.300000190734863
vertex 3.9632179737091064 0.7268436551094055 13.300000190734863
vertex 3.9294044971466064 0.6505618095397949 13.300000190734863
endloop
endfacet
facet normal 0.9495285681962462 -0.3136805671047968 0.0
outer loop
vertex 3.8509469032287598 0.4130662977695465 13.300000190734863
vertex 3.9294044971466064 0.6505618095397949 16.700000762939453
vertex 3.8509469032287598 0.4130662977695465 16.700000762939453
endloop
endfacet
facet normal 0.0 -0.0 -1.0
outer loop
vertex 2.6500000953674316 1.6454482078552246 13.300000190734863
vertex 3.9294044971466064 0.6505618095397949 13.300000190734863
vertex 3.8509469032287598 0.4130662977695465 13.300000190734863
endloop
endfacet
facet normal 0.980785210033225 -0.19509067578970157 0.0
outer loop
vertex 3.8183999061584473 0.24944180250167847 13.300000190734863
vertex 3.8509469032287598 0.4130662977695465 13.300000190734863
vertex 3.8509469032287598 0.4130662977695465 16.700000762939453
endloop
endfacet
facet normal 0.980785210033225 -0.19509067578970157 0.0
outer loop
vertex 3.8183999061584473 0.24944180250167847 13.300000190734863
vertex 3.8509469032287598 0.4130662977695465 16.700000762939453
vertex 3.8183999061584473 0.24944180250167847 16.700000762939453
endloop
endfacet
facet normal 0.0 0.0 -1.0
outer loop
vertex 3.8183999061584473 0.24944180250167847 13.300000190734863
vertex 2.6500000953674316 1.6454482078552246 13.300000190734863
vertex 3.8509469032287598 0.4130662977695465 13.300000190734863
endloop
endfacet
facet normal 0.9951847451155936 -0.09801695307042972 0.0
outer loop
vertex 3.8020477294921875 0.08341504633426666 13.300000190734863
vertex 3.8183999061584473 0.24944180250167847 13.300000190734863
vertex 3.8183999061584473 0.24944180250167847 16.700000762939453
endloop
endfacet
facet normal 0.0 0.0 -1.0
outer loop
vertex 3.8020477294921875 0.08341504633426666 13.300000190734863
vertex 2.6500000953674316 1.6454482078552246 13.300000190734863
vertex 3.8183999061584473 0.24944180250167847 13.300000190734863
endloop
endfacet
facet normal 0.9951847451155936 -0.09801695307042972 0.0
outer loop
vertex 3.8020477294921875 0.08341504633426666 13.300000190734863
vertex 3.8183999061584473 0.24944180250167847 16.700000762939453
vertex 3.8020477294921875 0.08341504633426666 16.700000762939453
endloop
endfacet
facet normal 0.0 0.0 -1.0
outer loop
vertex 3.8020477294921875 -0.08341504633426666 13.300000190734863
vertex 2.6500000953674316 1.6454482078552246 13.300000190734863
vertex 3.8020477294921875 0.08341504633426666 13.300000190734863
endloop
endfacet
facet normal 1.0 0.0 0.0
outer loop
vertex 3.8020477294921875 -0.08341504633426666 13.300000190734863
vertex 3.8020477294921875 0.08341504633426666 13.300000190734863
vertex 3.8020477294921875 0.08341504633426666 16.700000762939453
endloop
endfacet
facet normal 0.9951847451155936 0.09801695307042972 0.0
outer loop
vertex 3.8183999061584473 -0.24944180250167847 13.300000190734863
vertex 3.8020477294921875 -0.08341504633426666 16.700000762939453
vertex 3.8183999061584473 -0.24944180250167847 16.700000762939453
endloop
endfacet
facet normal 0.0 0.0 -1.0
outer loop
vertex 3.8183999061584473 -0.24944180250167847 13.300000190734863
vertex 2.6500000953674316 1.6454482078552246 13.300000190734863
vertex 3.8020477294921875 -0.08341504633426666 13.300000190734863
endloop
endfacet
facet normal 1.0 0.0 -0.0
outer loop
vertex 3.8020477294921875 -0.08341504633426666 13.300000190734863
vertex 3.8020477294921875 0.08341504633426666 16.700000762939453
vertex 3.8020477294921875 -0.08341504633426666 16.700000762939453
endloop
endfacet
facet normal 0.9951847451155936 0.09801695307042972 -0.0
outer loop
vertex 3.8183999061584473 -0.24944180250167847 13.300000190734863
vertex 3.8020477294921875 -0.08341504633426666 13.300000190734863
vertex 3.8020477294921875 -0.08341504633426666 16.700000762939453
endloop
endfacet
facet normal 0.0 -0.0 1.0
outer loop
vertex 8.350000381469727 -1.6454482078552246 10.600000381469727
vertex 8.350000381469727 1.6454482078552246 10.600000381469727
vertex 7.554117679595947 0.7336523532867432 10.600000381469727
endloop
endfacet
facet normal 0.0 0.0 1.0
outer loop
vertex 8.350000381469727 -1.6454482078552246 10.600000381469727
vertex 7.554117679595947 0.7336523532867432 10.600000381469727
vertex 7.524076461791992 0.4900856912136078 10.600000381469727
endloop
endfacet
facet normal 0.0 0.0 1.0
outer loop
vertex 8.350000381469727 -1.6454482078552246 10.600000381469727
vertex 7.524076461791992 0.4900856912136078 10.600000381469727
vertex 7.506022930145264 0.24533836543560028 10.600000381469727
endloop
endfacet
facet normal 0.0 0.0 1.0
outer loop
vertex 8.350000381469727 -1.6454482078552246 10.600000381469727
vertex 7.5 2.1684043449710089e-16 10.600000381469727
vertex 7.506022930145264 -0.24533836543560028 10.600000381469727
endloop
endfacet
facet normal 0.0 0.0 1.0
outer loop
vertex 8.350000381469727 -1.6454482078552246 10.600000381469727
vertex 7.506022930145264 0.24533836543560028 10.600000381469727
vertex 7.5 2.1684043449710089e-16 10.600000381469727
endloop
endfacet
facet normal -0.9996987975698619 0.024542089099586297 0.0
outer loop
vertex 7.5 -5.421010862427522e-17 7.150000095367432
vertex 7.506022930145264 0.24533836543560028 10.600000381469727
vertex 7.506022930145264 0.24533836543560028 7.150000095367432
endloop
endfacet
facet normal 0.0 0.0 -0.9999999999999999
outer loop
vertex 7.506022930145264 -0.24533836543560028 7.150000095367432
vertex 7.5 -5.421010862427522e-17 7.150000095367432
vertex 7.506022930145264 0.24533836543560028 7.150000095367432
endloop
endfacet
facet normal -0.999698797569862 -0.024542089099586283 0.0
outer loop
vertex 7.506022930145264 -0.24533836543560028 7.150000095367432
vertex 7.506022930145264 -0.24533836543560028 10.600000381469727
vertex 7.5 2.1684043449710089e-16 10.600000381469727
endloop
endfacet
facet normal -0.999698797569862 0.02454208909958633 -1.9281582690219053e-18
outer loop
vertex 7.5 -5.421010862427522e-17 7.150000095367432
vertex 7.5 2.1684043449710089e-16 10.600000381469727
vertex 7.506022930145264 0.24533836543560028 10.600000381469727
endloop
endfacet
facet normal -0.9996987975698621 -0.02454208909958631 1.9281582690219038e-18
outer loop
vertex 7.506022930145264 -0.24533836543560028 7.150000095367432
vertex 7.5 2.1684043449710089e-16 10.600000381469727
vertex 7.5 -5.421010862427522e-17 7.150000095367432
endloop
endfacet
facet normal 0.9495285681962462 0.3136805671047968 0.0
outer loop
vertex 3.9294044971466064 -0.6505618095397949 13.300000190734863
vertex 3.8509469032287598 -0.4130662977695465 16.700000762939453
vertex 3.9294044971466064 -0.6505618095397949 16.700000762939453
endloop
endfacet
facet normal 0.0 0.0 -1.0
outer loop
vertex 3.9294044971466064 -0.6505618095397949 13.300000190734863
vertex 2.6500000953674316 1.6454482078552246 13.300000190734863
vertex 3.8509469032287598 -0.4130662977695465 13.300000190734863
endloop
endfacet
facet normal 0.9495285681962462 0.3136805671047968 -0.0
outer loop
vertex 3.9294044971466064 -0.6505618095397949 13.300000190734863
vertex 3.8509469032287598 -0.4130662977695465 13.300000190734863
vertex 3.8509469032287598 -0.4130662977695465 16.700000762939453
endloop
endfacet
facet normal 0.9142094894884074 0.40524191457615194 -0.0
outer loop
vertex 3.9294044971466064 -0.6505618095397949 13.300000190734863
vertex 3.9294044971466064 -0.6505618095397949 16.700000762939453
vertex 3.9632179737091064 -0.7268436551094055 13.300000190734863
endloop
endfacet
facet normal 0.8700867042210991 0.49289869865690017 0.0
outer loop
vertex 4.086501598358154 -0.9444693922996521 13.300000190734863
vertex 3.9632179737091064 -0.7268436551094055 16.700000762939453
vertex 4.086501598358154 -0.9444693922996521 16.700000762939453
endloop
endfacet
facet normal 0.9142094894884074 0.40524191457615194 0.0
outer loop
vertex 3.9632179737091064 -0.7268436551094055 13.300000190734863
vertex 3.9294044971466064 -0.6505618095397949 16.700000762939453
vertex 3.9632179737091064 -0.7268436551094055 16.700000762939453
endloop
endfacet
facet normal 0.0 0.0 -1.0
outer loop
vertex 2.6500000953674316 -1.6454482078552246 13.300000190734863
vertex 3.9294044971466064 -0.6505618095397949 13.300000190734863
vertex 3.9632179737091064 -0.7268436551094055 13.300000190734863
endloop
endfacet
facet normal 0.8700867042210991 0.49289869865690017 -0.0
outer loop
vertex 3.9632179737091064 -0.7268436551094055 13.300000190734863
vertex 3.9632179737091064 -0.7268436551094055 16.700000762939453
vertex 4.086501598358154 -0.9444693922996521 13.300000190734863
endloop
endfacet
facet normal 0.0 0.0 -0.9999999999999999
outer loop
vertex 2.6500000953674316 -1.6454482078552246 13.300000190734863
vertex 3.9632179737091064 -0.7268436551094055 13.300000190734863
vertex 4.086501598358154 -0.9444693922996521 13.300000190734863
endloop
endfacet
facet normal -0.8700873236624591 0.4928976051898601 0.0
outer loop
vertex 8.090394020080566 2.3569836616516113 7.150000095367432
vertex 8.090394020080566 2.3569836616516113 10.699999809265137
vertex 8.211357116699219 2.5705137252807617 10.699999809265137
endloop
endfacet
facet normal -0.8932235819353159 0.4496127585763597 0.0
outer loop
vertex 7.980053424835205 2.137775421142578 7.150000095367432
vertex 8.090394020080566 2.3569836616516113 10.699999809265137
vertex 8.090394020080566 2.3569836616516113 7.150000095367432
endloop
endfacet
facet normal -0.4999999557676342 0.8660254293220054 0.0
outer loop
vertex 8.350000381469727 -1.6454482078552246 10.600000381469727
vertex 7.881674766540527 -1.9158360958099365 10.600000381469727
vertex 7.881674766540527 -1.9158360958099365 10.699999809265137
endloop
endfacet
facet normal 0.0 0.0 1.0
outer loop
vertex 8.350000381469727 -1.6454482078552246 10.600000381469727
vertex 7.88060188293457 -1.9134172201156616 10.600000381469727
vertex 7.881674766540527 -1.9158360958099365 10.600000381469727
endloop
endfacet
facet normal 0.0 0.0 -1.0
outer loop
vertex 7.980053424835205 -2.137775421142578 7.150000095367432
vertex 7.980053424835205 2.137775421142578 7.150000095367432
vertex 8.090394020080566 2.3569836616516113 7.150000095367432
endloop
endfacet
facet normal -0.9142101808002072 -0.40524035500089645 -0.0
outer loop
vertex 7.980053424835205 -2.137775421142578 10.699999809265137
vertex 7.881674766540527 -1.9158360958099365 10.699999809265137
vertex 7.881674766540527 -1.9158360958099365 10.600000381469727
endloop
endfacet
facet normal -0.9141159616769975 -0.4054528438762494 0.0
outer loop
vertex 7.88060188293457 -1.9134172201156616 7.150000095367432
vertex 7.881674766540527 -1.9158360958099365 10.600000381469727
vertex 7.88060188293457 -1.9134172201156616 10.600000381469727
endloop
endfacet
facet normal 0.0 0.0 -1.0
outer loop
vertex 7.88060188293457 -1.9134172201156616 7.150000095367432
vertex 7.980053424835205 2.137775421142578 7.150000095367432
vertex 7.980053424835205 -2.137775421142578 7.150000095367432
endloop
endfacet
facet normal -0.914210180800207 -0.4052403550008964 0.0
outer loop
vertex 7.980053424835205 -2.137775421142578 7.150000095367432
vertex 7.980053424835205 -2.137775421142578 10.699999809265137
vertex 7.881674766540527 -1.9158360958099365 10.600000381469727
endloop
endfacet
facet normal -0.9142091651543073 -0.4052426462600322 1.7635893832740914e-07
outer loop
vertex 7.88060188293457 -1.9134172201156616 7.150000095367432
vertex 7.980053424835205 -2.137775421142578 7.150000095367432
vertex 7.881674766540527 -1.9158360958099365 10.600000381469727
endloop
endfacet
facet normal -0.7242472708234546 0.6895403474088936 0.0
outer loop
vertex 5.090488910675049 6.71558952331543 10.699999809265137
vertex 5.090488910675049 6.71558952331543 16.700000762939453
vertex 5.428932189941406 7.071067810058594 16.700000762939453
endloop
endfacet
facet normal -0.757208932190694 0.6531727436219525 0.0
outer loop
vertex 4.769895553588867 6.343932628631592 10.699999809265137
vertex 5.090488910675049 6.71558952331543 16.700000762939453
vertex 5.090488910675049 6.71558952331543 10.699999809265137
endloop
endfacet
facet normal -0.757208932190694 0.6531727436219525 0.0
outer loop
vertex 4.769895553588867 6.343932628631592 10.699999809265137
vertex 4.769895553588867 6.343932628631592 16.700000762939453
vertex 5.090488910675049 6.71558952331543 16.700000762939453
endloop
endfacet
facet normal 0.0 -0.0 -1.0
outer loop
vertex 4.769895553588867 6.343932628631592 10.699999809265137
vertex 5.090488910675049 6.71558952331543 10.699999809265137
vertex 2.6500000953674316 1.6454482078552246 10.699999809265137
endloop
endfacet
facet normal -0.7883460431261611 0.6152320832720973 0.0
outer loop
vertex 4.46792459487915 5.956993103027344 10.699999809265137
vertex 4.769895553588867 6.343932628631592 16.700000762939453
vertex 4.769895553588867 6.343932628631592 10.699999809265137
endloop
endfacet
facet normal -0.7883460431261611 0.6152320832720973 0.0
outer loop
vertex 4.46792459487915 5.956993103027344 10.699999809265137
vertex 4.46792459487915 5.956993103027344 16.700000762939453
vertex 4.769895553588867 6.343932628631592 16.700000762939453
endloop
endfacet
facet normal 0.0 -0.0 -1.0
outer loop
vertex 4.46792459487915 5.956993103027344 10.699999809265137
vertex 4.769895553588867 6.343932628631592 10.699999809265137
vertex 2.6500000953674316 1.6454482078552246 10.699999809265137
endloop
endfacet
facet normal -0.8175848393678046 0.5758081541936699 0.0
outer loop
vertex 4.185303688049316 5.555702209472656 10.699999809265137
vertex 4.46792459487915 5.956993103027344 16.700000762939453
vertex 4.46792459487915 5.956993103027344 10.699999809265137
endloop
endfacet
facet normal -0.8175848393678046 0.5758081541936699 0.0
outer loop
vertex 4.185303688049316 5.555702209472656 10.699999809265137
vertex 4.185303688049316 5.555702209472656 16.700000762939453
vertex 4.46792459487915 5.956993103027344 16.700000762939453
endloop
endfacet
facet normal 0.0 -0.0 -1.0
outer loop
vertex 4.185303688049316 5.555702209472656 10.699999809265137
vertex 4.46792459487915 5.956993103027344 10.699999809265137
vertex 2.6500000953674316 1.6454482078552246 10.699999809265137
endloop
endfacet
facet normal -0.8448537512656489 0.5349973261357117 0.0
outer loop
vertex 3.9227139949798584 5.141027450561523 10.699999809265137
vertex 4.185303688049316 5.555702209472656 16.700000762939453
vertex 4.185303688049316 5.555702209472656 10.699999809265137
endloop
endfacet
facet normal 0.0 -0.0 -1.0
outer loop
vertex 3.9227139949798584 5.141027450561523 10.699999809265137
vertex 4.185303688049316 5.555702209472656 10.699999809265137
vertex 2.6500000953674316 1.6454482078552246 10.699999809265137
endloop
endfacet
facet normal -0.8700869070199548 0.49289834066716903 0.0
outer loop
vertex 3.6807873249053955 4.713967323303223 10.699999809265137
vertex 3.9227139949798584 5.141027450561523 16.700000762939453
vertex 3.9227139949798584 5.141027450561523 10.699999809265137
endloop
endfacet
facet normal 0.0 -0.0 -1.0
outer loop
vertex 3.6807873249053955 4.713967323303223 10.699999809265137
vertex 3.9227139949798584 5.141027450561523 10.699999809265137
vertex 2.6500000953674316 1.6454482078552246 10.699999809265137
endloop
endfacet
facet normal -0.8932243622536892 0.44961120835282814 0.0
outer loop
vertex 3.4601070880889893 4.275550842285156 10.699999809265137
vertex 3.6807873249053955 4.713967323303223 16.700000762939453
vertex 3.6807873249053955 4.713967323303223 10.699999809265137
endloop
endfacet
facet normal 0.0 -0.0 -1.0
outer loop
vertex 3.4601070880889893 4.275550842285156 10.699999809265137
vertex 3.6807873249053955 4.713967323303223 10.699999809265137
vertex 2.6500000953674316 1.6454482078552246 10.699999809265137
endloop
endfacet
facet normal -0.9142097050319029 0.4052414283183312 0.0
outer loop
vertex 3.261204719543457 3.8268344402313232 10.699999809265137
vertex 3.4601070880889893 4.275550842285156 16.700000762939453
vertex 3.4601070880889893 4.275550842285156 10.699999809265137
endloop
endfacet
facet normal 0.0 -0.0 -1.0
outer loop
vertex 3.261204719543457 3.8268344402313232 10.699999809265137
vertex 3.4601070880889893 4.275550842285156 10.699999809265137
vertex 2.6500000953674316 1.6454482078552246 10.699999809265137
endloop
endfacet
facet normal -0.9329928368991612 0.3598949378566686 0.0
outer loop
vertex 3.084559440612793 3.368898630142212 10.699999809265137
vertex 3.261204719543457 3.8268344402313232 16.700000762939453
vertex 3.261204719543457 3.8268344402313232 10.699999809265137
endloop
endfacet
facet normal 0.0 -0.0 -1.0
outer loop
vertex 3.084559440612793 3.368898630142212 10.699999809265137
vertex 3.261204719543457 3.8268344402313232 10.699999809265137
vertex 2.6500000953674316 1.6454482078552246 10.699999809265137
endloop
endfacet
facet normal -0.9495281036928269 0.3136819731790533 0.0
outer loop
vertex 2.9305965900421143 2.9028468132019043 10.699999809265137
vertex 3.084559440612793 3.368898630142212 16.700000762939453
vertex 3.084559440612793 3.368898630142212 10.699999809265137
endloop
endfacet
facet normal 0.0 -0.0 -1.0
outer loop
vertex 2.9305965900421143 2.9028468132019043 10.699999809265137
vertex 3.084559440612793 3.368898630142212 10.699999809265137
vertex 2.6500000953674316 1.6454482078552246 10.699999809265137
endloop
endfacet
facet normal -0.963776070040686 0.26671274213454976 0.0
outer loop
vertex 2.799687385559082 2.4298017024993896 10.699999809265137
vertex 2.9305965900421143 2.9028468132019043 16.700000762939453
vertex 2.9305965900421143 2.9028468132019043 10.699999809265137
endloop
endfacet
facet normal 0.0 -0.0 -1.0
outer loop
vertex 2.799687385559082 2.4298017024993896 10.699999809265137
vertex 2.9305965900421143 2.9028468132019043 10.699999809265137
vertex 2.6500000953674316 1.6454482078552246 10.699999809265137
endloop
endfacet
facet normal -0.975702186410524 0.21910098912082335 0.0
outer loop
vertex 2.6921472549438477 1.9509031772613525 10.699999809265137
vertex 2.799687385559082 2.4298017024993896 16.700000762939453
vertex 2.799687385559082 2.4298017024993896 10.699999809265137
endloop
endfacet
facet normal 0.0 -0.0 -1.0
outer loop
vertex 2.6921472549438477 1.9509031772613525 10.699999809265137
vertex 2.799687385559082 2.4298017024993896 10.699999809265137
vertex 2.6500000953674316 1.6454482078552246 10.699999809265137
endloop
endfacet
facet normal -0.9852776156795716 0.17096204269011944 0.0
outer loop
vertex 2.6082348823547363 1.4673047065734863 10.699999809265137
vertex 2.6921472549438477 1.9509031772613525 16.700000762939453
vertex 2.6921472549438477 1.9509031772613525 10.699999809265137
endloop
endfacet
facet normal 0.0 -0.0 1.0
outer loop
vertex 2.6082348823547363 -1.4673047065734863 16.700000762939453
vertex 2.6082348823547363 1.4673047065734863 16.700000762939453
vertex 2.5481526851654053 -0.9801713824272156 16.700000762939453
endloop
endfacet
facet normal 0.0 -0.0 -1.0
outer loop
vertex 2.6082348823547363 1.4673047065734863 10.699999809265137
vertex 2.6921472549438477 1.9509031772613525 10.699999809265137
vertex 2.6500000953674316 1.6454482078552246 10.699999809265137
endloop
endfacet
facet normal -0.992479526622123 -0.12241073987165622 -0.0
outer loop
vertex 2.6082348823547363 -1.4673047065734863 10.699999809265137
vertex 2.5481526851654053 -0.9801713824272156 16.700000762939453
vertex 2.5481526851654053 -0.9801713824272156 10.699999809265137
endloop
endfacet
facet normal -0.992479526622123 -0.12241073987165622 0.0
outer loop
vertex 2.6082348823547363 -1.4673047065734863 10.699999809265137
vertex 2.6082348823547363 -1.4673047065734863 16.700000762939453
vertex 2.5481526851654053 -0.9801713824272156 16.700000762939453
endloop
endfacet
facet normal 0.0 0.0 -1.0
outer loop
vertex 2.6082348823547363 1.4673047065734863 10.699999809265137
vertex 2.6500000953674316 1.6454482078552246 10.699999809265137
vertex 2.6500000953674316 -1.6454482078552246 10.699999809265137
endloop
endfacet
facet normal 0.0 0.0 -1.0
outer loop
vertex 2.6082348823547363 -1.4673047065734863 10.699999809265137
vertex 2.5481526851654053 -0.9801713824272156 10.699999809265137
vertex 2.6082348823547363 1.4673047065734863 10.699999809265137
endloop
endfacet
facet normal 0.0 0.0 -1.0
outer loop
vertex 2.6921472549438477 -1.9509031772613525 10.699999809265137
vertex 2.6500000953674316 -1.6454482078552246 10.699999809265137
vertex 5.5 -3.290896415710449 10.699999809265137
endloop
endfacet
facet normal -0.9852776156795716 -0.17096204269011944 -0.0
outer loop
vertex 2.6921472549438477 -1.9509031772613525 10.699999809265137
vertex 2.6082348823547363 -1.4673047065734863 16.700000762939453
vertex 2.6082348823547363 -1.4673047065734863 10.699999809265137
endloop
endfacet
facet normal 0.0 0.0 -1.0
outer loop
vertex 2.6082348823547363 -1.4673047065734863 10.699999809265137
vertex 2.6082348823547363 1.4673047065734863 10.699999809265137
vertex 2.6500000953674316 -1.6454482078552246 10.699999809265137
endloop
endfacet
facet normal 0.0 0.0 -1.0
outer loop
vertex 2.6921472549438477 -1.9509031772613525 10.699999809265137
vertex 2.6082348823547363 -1.4673047065734863 10.699999809265137
vertex 2.6500000953674316 -1.6454482078552246 10.699999809265137
endloop
endfacet
facet normal 0.1950903681602182 0.980785271224599 0.0
outer loop
vertex 5.250558376312256 -1.6816000938415527 13.300000190734863
vertex 5.086933612823486 -1.6490530967712402 16.700000762939453
vertex 5.250558376312256 -1.6816000938415527 16.700000762939453
endloop
endfacet
facet normal 0.07356469988390966 0.9972904466257512 0.0
outer loop
vertex 5.5 -1.7000000476837158 13.300000190734863
vertex 5.250558376312256 -1.6816000938415527 16.700000762939453
vertex 5.5 -1.7000000476837158 16.700000762939453
endloop
endfacet
facet normal 0.0 -0.0 1.0
outer loop
vertex 5.090488910675049 -6.71558952331543 16.700000762939453
vertex 5.250558376312256 -1.6816000938415527 16.700000762939453
vertex 5.086933612823486 -1.6490530967712402 16.700000762939453
endloop
endfacet
facet normal 0.0 -0.0 1.0
outer loop
vertex 5.428932189941406 -7.071067810058594 16.700000762939453
vertex 5.5 -1.7000000476837158 16.700000762939453
vertex 5.250558376312256 -1.6816000938415527 16.700000762939453
endloop
endfacet
facet normal 0.0 0.0 1.0
outer loop
vertex 5.428932189941406 -7.071067810058594 16.700000762939453
vertex 5.250558376312256 -1.6816000938415527 16.700000762939453
vertex 5.090488910675049 -6.71558952331543 16.700000762939453
endloop
endfacet
facet normal 0.0 0.0 -1.0
outer loop
vertex 5.428932189941406 -7.071067810058594 10.699999809265137
vertex 5.5 -3.290896415710449 10.699999809265137
vertex 7.881674766540527 -1.9158360958099365 10.699999809265137
endloop
endfacet
facet normal -0.7242472708234546 -0.6895403474088936 0.0
outer loop
vertex 5.428932189941406 -7.071067810058594 10.699999809265137
vertex 5.428932189941406 -7.071067810058594 16.700000762939453
vertex 5.090488910675049 -6.71558952331543 16.700000762939453
endloop
endfacet
facet normal 0.0 -0.0 -1.0
outer loop
vertex 5.428932189941406 -7.071067810058594 10.699999809265137
vertex 7.881674766540527 -1.9158360958099365 10.699999809265137
vertex 5.78441047668457 -7.409511089324951 10.699999809265137
endloop
endfacet
facet normal -0.6895403474088936 -0.7242472708234546 0.0
outer loop
vertex 5.428932189941406 -7.071067810058594 10.699999809265137
vertex 5.78441047668457 -7.409511089324951 10.699999809265137
vertex 5.428932189941406 -7.071067810058594 16.700000762939453
endloop
endfacet
facet normal 0.6531720233488671 0.7572095535017681 -0.0
outer loop
vertex 4.297918319702148 -1.202081561088562 13.300000190734863
vertex 4.297918319702148 -1.202081561088562 16.700000762939453
vertex 4.487311363220215 -1.365452766418457 13.300000190734863
endloop
endfacet
facet normal 0.0 0.0 -1.0
outer loop
vertex 4.297918319702148 -1.202081561088562 13.300000190734863
vertex 4.487311363220215 -1.365452766418457 13.300000190734863
vertex 5.5 -3.290896415710449 13.300000190734863
endloop
endfacet
facet normal 0.8032077139734276 0.595699058429322 -0.0
outer loop
vertex 4.185882091522217 -1.0784685611724854 13.300000190734863
vertex 4.086501598358154 -0.9444693922996521 13.300000190734863
vertex 4.086501598358154 -0.9444693922996521 16.700000762939453
endloop
endfacet
facet normal 0.8032077139734276 0.595699058429322 0.0
outer loop
vertex 4.185882091522217 -1.0784685611724854 13.300000190734863
vertex 4.086501598358154 -0.9444693922996521 16.700000762939453
vertex 4.185882091522217 -1.0784685611724854 16.700000762939453
endloop
endfacet
facet normal 0.0 0.0 -1.0
outer loop
vertex 2.6500000953674316 -1.6454482078552246 13.300000190734863
vertex 4.297918319702148 -1.202081561088562 13.300000190734863
vertex 5.5 -3.290896415710449 13.300000190734863
endloop
endfacet
facet normal 0.0 0.0 -1.0
outer loop
vertex 2.6500000953674316 -1.6454482078552246 13.300000190734863
vertex 4.086501598358154 -0.9444693922996521 13.300000190734863
vertex 4.185882091522217 -1.0784685611724854 13.300000190734863
endloop
endfacet
facet normal 0.7409513172810451 0.6715587430891536 -0.0
outer loop
vertex 4.185882091522217 -1.0784685611724854 13.300000190734863
vertex 4.185882091522217 -1.0784685611724854 16.700000762939453
vertex 4.297918319702148 -1.202081561088562 13.300000190734863
endloop
endfacet
facet normal 0.0 0.0 -1.0
outer loop
vertex 2.6500000953674316 -1.6454482078552246 13.300000190734863
vertex 4.185882091522217 -1.0784685611724854 13.300000190734863
vertex 4.297918319702148 -1.202081561088562 13.300000190734863
endloop
endfacet
facet normal -0.9142094894884074 0.40524191457615194 0.0
outer loop
vertex 7.0367817878723145 -0.7268436551094055 13.300000190734863
vertex 7.0367817878723145 -0.7268436551094055 16.700000762939453
vertex 7.0705952644348145 -0.6505618095397949 13.300000190734863
endloop
endfacet
facet normal 0.0 0.0 -1.0
outer loop
vertex 7.0367817878723145 -0.7268436551094055 13.300000190734863
vertex 7.0705952644348145 -0.6505618095397949 13.300000190734863
vertex 8.350000381469727 -1.6454482078552246 13.300000190734863
endloop
endfacet
facet normal -0.8700871130225818 0.4928979770216439 0.0
outer loop
vertex 6.913498401641846 -0.9444693922996521 13.300000190734863
vertex 6.913498401641846 -0.9444693922996521 16.700000762939453
vertex 7.0367817878723145 -0.7268436551094055 13.300000190734863
endloop
endfacet
facet normal 0.0 0.0 -1.0
outer loop
vertex 6.913498401641846 -0.9444693922996521 13.300000190734863
vertex 7.0367817878723145 -0.7268436551094055 13.300000190734863
vertex 8.350000381469727 -1.6454482078552246 13.300000190734863
endloop
endfacet
facet normal -0.8032077139734276 0.595699058429322 0.0
outer loop
vertex 6.814117908477783 -1.0784685611724854 13.300000190734863
vertex 6.814117908477783 -1.0784685611724854 16.700000762939453
vertex 6.913498401641846 -0.9444693922996521 13.300000190734863
endloop
endfacet
facet normal 0.0 0.0 -1.0
outer loop
vertex 6.814117908477783 -1.0784685611724854 13.300000190734863
vertex 6.913498401641846 -0.9444693922996521 13.300000190734863
vertex 8.350000381469727 -1.6454482078552246 13.300000190734863
endloop
endfacet
facet normal 0.0 0.0 -1.0
outer loop
vertex 6.702081680297852 -1.202081561088562 13.300000190734863
vertex 6.814117908477783 -1.0784685611724854 13.300000190734863
vertex 8.350000381469727 -1.6454482078552246 13.300000190734863
endloop
endfacet
facet normal -0.6531720233488671 0.7572095535017681 0.0
outer loop
vertex 6.512688636779785 -1.365452766418457 13.300000190734863
vertex 6.512688636779785 -1.365452766418457 16.700000762939453
vertex 6.702081680297852 -1.202081561088562 13.300000190734863
endloop
endfacet
facet normal 0.0 0.0 -1.0
outer loop
vertex 6.512688636779785 -1.365452766418457 13.300000190734863
vertex 6.702081680297852 -1.202081561088562 13.300000190734863
vertex 8.350000381469727 -1.6454482078552246 13.300000190734863
endloop
endfacet
facet normal -0.575809355182664 0.8175839935346856 0.0
outer loop
vertex 6.444469451904297 -1.4134982824325562 13.300000190734863
vertex 6.444469451904297 -1.4134982824325562 16.700000762939453
vertex 6.512688636779785 -1.365452766418457 13.300000190734863
endloop
endfacet
facet normal 0.0 0.0 -1.0
outer loop
vertex 6.444469451904297 -1.4134982824325562 13.300000190734863
vertex 6.512688636779785 -1.365452766418457 13.300000190734863
vertex 8.350000381469727 -1.6454482078552246 13.300000190734863
endloop
endfacet
facet normal 0.0 0.0 -1.0
outer loop
vertex 6.22684383392334 -1.5367817878723145 13.300000190734863
vertex 6.444469451904297 -1.4134982824325562 13.300000190734863
vertex 8.350000381469727 -1.6454482078552246 13.300000190734863
endloop
endfacet
facet normal -0.4052411206406764 0.9142098414160115 0.0
outer loop
vertex 6.150561809539795 -1.5705952644348145 13.300000190734863
vertex 6.150561809539795 -1.5705952644348145 16.700000762939453
vertex 6.22684383392334 -1.5367817878723145 13.300000190734863
endloop
endfacet
facet normal 0.0 0.0 -1.0
outer loop
vertex 6.150561809539795 -1.5705952644348145 13.300000190734863
vertex 6.22684383392334 -1.5367817878723145 13.300000190734863
vertex 8.350000381469727 -1.6454482078552246 13.300000190734863
endloop
endfacet
facet normal -0.3136815329994167 0.9495282491085433 0.0
outer loop
vertex 5.913066387176514 -1.6490530967712402 13.300000190734863
vertex 5.913066387176514 -1.6490530967712402 16.700000762939453
vertex 6.150561809539795 -1.5705952644348145 13.300000190734863
endloop
endfacet
facet normal 0.0 0.0 -0.9999999999999999
outer loop
vertex 5.5 -3.290896415710449 13.300000190734863
vertex 6.150561809539795 -1.5705952644348145 13.300000190734863
vertex 8.350000381469727 -1.6454482078552246 13.300000190734863
endloop
endfacet
facet normal -0.1950903681602182 0.980785271224599 0.0
outer loop
vertex 5.749441623687744 -1.6816000938415527 13.300000190734863
vertex 5.749441623687744 -1.6816000938415527 16.700000762939453
vertex 5.913066387176514 -1.6490530967712402 13.300000190734863
endloop
endfacet
facet normal 0.0 0.0 -1.0
outer loop
vertex 5.5 -3.290896415710449 13.300000190734863
vertex 5.913066387176514 -1.6490530967712402 13.300000190734863
vertex 6.150561809539795 -1.5705952644348145 13.300000190734863
endloop
endfacet
facet normal -0.07356469988390966 0.9972904466257512 0.0
outer loop
vertex 5.5 -1.7000000476837158 13.300000190734863
vertex 5.5 -1.7000000476837158 16.700000762939453
vertex 5.749441623687744 -1.6816000938415527 13.300000190734863
endloop
endfacet
facet normal 0.0 0.0 -1.0
outer loop
vertex 5.5 -3.290896415710449 13.300000190734863
vertex 5.749441623687744 -1.6816000938415527 13.300000190734863
vertex 5.913066387176514 -1.6490530967712402 13.300000190734863
endloop
endfacet
facet normal 0.07356469988390966 0.9972904466257512 -0.0
outer loop
vertex 5.250558376312256 -1.6816000938415527 13.300000190734863
vertex 5.250558376312256 -1.6816000938415527 16.700000762939453
vertex 5.5 -1.7000000476837158 13.300000190734863
endloop
endfacet
facet normal 0.0 0.0 -1.0
outer loop
vertex 5.5 -3.290896415710449 13.300000190734863
vertex 5.5 -1.7000000476837158 13.300000190734863
vertex 5.749441623687744 -1.6816000938415527 13.300000190734863
endloop
endfacet
facet normal 0.0 0.0 -1.0
outer loop
vertex 4.849438190460205 -1.5705952644348145 13.300000190734863
vertex 5.086933612823486 -1.6490530967712402 13.300000190734863
vertex 5.5 -3.290896415710449 13.300000190734863
endloop
endfacet
facet normal 0.1950903681602182 0.980785271224599 -0.0
outer loop
vertex 5.086933612823486 -1.6490530967712402 13.300000190734863
vertex 5.086933612823486 -1.6490530967712402 16.700000762939453
vertex 5.250558376312256 -1.6816000938415527 13.300000190734863
endloop
endfacet
facet normal 0.0 0.0 -1.0
outer loop
vertex 5.5 -3.290896415710449 13.300000190734863
vertex 5.250558376312256 -1.6816000938415527 13.300000190734863
vertex 5.5 -1.7000000476837158 13.300000190734863
endloop
endfacet
facet normal 0.0 0.0 -1.0
outer loop
vertex 5.086933612823486 -1.6490530967712402 13.300000190734863
vertex 5.250558376312256 -1.6816000938415527 13.300000190734863
vertex 5.5 -3.290896415710449 13.300000190734863
endloop
endfacet
facet normal 0.0 0.0 -1.0
outer loop
vertex 7.14905309677124 -0.4130662977695465 13.300000190734863
vertex 7.181600093841553 -0.24944180250167847 13.300000190734863
vertex 8.350000381469727 -1.6454482078552246 13.300000190734863
endloop
endfacet
facet normal -0.949528284280918 0.31368142653102055 0.0
outer loop
vertex 7.14905309677124 -0.4130662977695465 13.300000190734863
vertex 7.0705952644348145 -0.6505618095397949 16.700000762939453
vertex 7.14905309677124 -0.4130662977695465 16.700000762939453
endloop
endfacet
facet normal -0.980785210033225 0.19509067578970157 0.0
outer loop
vertex 7.14905309677124 -0.4130662977695465 13.300000190734863
vertex 7.14905309677124 -0.4130662977695465 16.700000762939453
vertex 7.181600093841553 -0.24944180250167847 13.300000190734863
endloop
endfacet
facet normal 0.0 0.0 -1.0
outer loop
vertex 7.0705952644348145 -0.6505618095397949 13.300000190734863
vertex 7.14905309677124 -0.4130662977695465 13.300000190734863
vertex 8.350000381469727 -1.6454482078552246 13.300000190734863
endloop
endfacet
facet normal -0.9142094894884074 0.40524191457615194 0.0
outer loop
vertex 7.0705952644348145 -0.6505618095397949 13.300000190734863
vertex 7.0367817878723145 -0.7268436551094055 16.700000762939453
vertex 7.0705952644348145 -0.6505618095397949 16.700000762939453
endloop
endfacet
facet normal -0.949528284280918 0.31368142653102055 0.0
outer loop
vertex 7.0705952644348145 -0.6505618095397949 13.300000190734863
vertex 7.0705952644348145 -0.6505618095397949 16.700000762939453
vertex 7.14905309677124 -0.4130662977695465 13.300000190734863
endloop
endfacet
facet normal -0.7409513172810451 0.6715587430891536 0.0
outer loop
vertex 6.702081680297852 -1.202081561088562 13.300000190734863
vertex 6.702081680297852 -1.202081561088562 16.700000762939453
vertex 6.814117908477783 -1.0784685611724854 13.300000190734863
endloop
endfacet
facet normal -0.7409513172810451 0.6715587430891536 0.0
outer loop
vertex 6.814117908477783 -1.0784685611724854 13.300000190734863
vertex 6.702081680297852 -1.202081561088562 16.700000762939453
vertex 6.814117908477783 -1.0784685611724854 16.700000762939453
endloop
endfacet
facet normal -0.6531720233488671 0.7572095535017681 0.0
outer loop
vertex 6.702081680297852 -1.202081561088562 13.300000190734863
vertex 6.512688636779785 -1.365452766418457 16.700000762939453
vertex 6.702081680297852 -1.202081561088562 16.700000762939453
endloop
endfacet
facet normal 0.0 -0.0 1.0
outer loop
vertex 6.543006896972656 -8.032074928283691 16.700000762939453
vertex 6.814117908477783 -1.0784685611724854 16.700000762939453
vertex 6.702081680297852 -1.202081561088562 16.700000762939453
endloop
endfacet
facet normal -0.575809355182664 0.8175839935346856 0.0
outer loop
vertex 6.512688636779785 -1.365452766418457 13.300000190734863
vertex 6.444469451904297 -1.4134982824325562 16.700000762939453
vertex 6.512688636779785 -1.365452766418457 16.700000762939453
endloop
endfacet
facet normal 0.0 -0.0 1.0
outer loop
vertex 6.543006896972656 -8.032074928283691 16.700000762939453
vertex 6.702081680297852 -1.202081561088562 16.700000762939453
vertex 6.512688636779785 -1.365452766418457 16.700000762939453
endloop
endfacet
facet normal 0.0 -0.0 1.0
outer loop
vertex 6.156067371368408 -7.730104446411133 16.700000762939453
vertex 6.512688636779785 -1.365452766418457 16.700000762939453
vertex 6.444469451904297 -1.4134982824325562 16.700000762939453
endloop
endfacet
facet normal -0.0 -0.0 0.9999999999999999
outer loop
vertex 6.156067371368408 -7.730104446411133 16.700000762939453
vertex 6.543006896972656 -8.032074928283691 16.700000762939453
vertex 6.512688636779785 -1.365452766418457 16.700000762939453
endloop
endfacet
facet normal -0.6152314794930165 -0.7883465143202157 0.0
outer loop
vertex 6.543006896972656 -8.032074928283691 10.699999809265137
vertex 6.543006896972656 -8.032074928283691 16.700000762939453
vertex 6.156067371368408 -7.730104446411133 16.700000762939453
endloop
endfacet
facet normal 0.0 -0.0 -1.0
outer loop
vertex 6.543006896972656 -8.032074928283691 10.699999809265137
vertex 7.881674766540527 -1.9158360958099365 10.699999809265137
vertex 6.944297790527344 -8.314696311950684 10.699999809265137
endloop
endfacet
facet normal -0.5758088035886261 -0.8175843820119333 0.0
outer loop
vertex 6.543006896972656 -8.032074928283691 10.699999809265137
vertex 6.944297790527344 -8.314696311950684 10.699999809265137
vertex 6.543006896972656 -8.032074928283691 16.700000762939453
endloop
endfacet
facet normal -0.6152314794930165 0.7883465143202157 0.0
outer loop
vertex 6.156067371368408 7.730104446411133 10.699999809265137
vertex 6.156067371368408 7.730104446411133 16.700000762939453
vertex 6.543006896972656 8.032074928283691 16.700000762939453
endloop
endfacet
facet normal -0.6531727436219525 0.757208932190694 0.0
outer loop
vertex 5.78441047668457 7.409511089324951 10.699999809265137
vertex 5.78441047668457 7.409511089324951 16.700000762939453
vertex 6.156067371368408 7.730104446411133 16.700000762939453
endloop
endfacet
facet normal 0.0 0.0 1.0
outer loop
vertex 6.543006896972656 8.032074928283691 16.700000762939453
vertex 6.444469451904297 1.4134982824325562 16.700000762939453
vertex 6.512688636779785 1.365452766418457 16.700000762939453
endloop
endfacet
facet normal 0.0 0.0 -1.0
outer loop
vertex 6.702081680297852 1.202081561088562 13.300000190734863
vertex 5.5 3.290896415710449 13.300000190734863
vertex 8.350000381469727 1.6454482078552246 13.300000190734863
endloop
endfacet
facet normal -0.0 0.0 0.9999999999999999
outer loop
vertex 6.156067371368408 7.730104446411133 16.700000762939453
vertex 6.444469451904297 1.4134982824325562 16.700000762939453
vertex 6.543006896972656 8.032074928283691 16.700000762939453
endloop
endfacet
facet normal -0.0 0.0 1.0
outer loop
vertex 5.78441047668457 7.409511089324951 16.700000762939453
vertex 5.913066387176514 1.6490530967712402 16.700000762939453
vertex 6.156067371368408 7.730104446411133 16.700000762939453
endloop
endfacet
facet normal 0.0 0.0 1.0
outer loop
vertex 5.78441047668457 7.409511089324951 16.700000762939453
vertex 5.749441623687744 1.6816000938415527 16.700000762939453
vertex 5.913066387176514 1.6490530967712402 16.700000762939453
endloop
endfacet
facet normal -0.575809355182664 -0.8175839935346856 0.0
outer loop
vertex 6.444469451904297 1.4134982824325562 13.300000190734863
vertex 6.512688636779785 1.365452766418457 16.700000762939453
vertex 6.444469451904297 1.4134982824325562 16.700000762939453
endloop
endfacet
facet normal 0.0 0.0 -1.0
outer loop
vertex 6.512688636779785 1.365452766418457 13.300000190734863
vertex 5.5 3.290896415710449 13.300000190734863
vertex 6.702081680297852 1.202081561088562 13.300000190734863
endloop
endfacet
facet normal -0.575809355182664 -0.8175839935346856 0.0
outer loop
vertex 6.444469451904297 1.4134982824325562 13.300000190734863
vertex 6.512688636779785 1.365452766418457 13.300000190734863
vertex 6.512688636779785 1.365452766418457 16.700000762939453
endloop
endfacet
facet normal 0.0 0.0 1.0
outer loop
vertex 6.156067371368408 7.730104446411133 16.700000762939453
vertex 6.22684383392334 1.5367817878723145 16.700000762939453
vertex 6.444469451904297 1.4134982824325562 16.700000762939453
endloop
endfacet
facet normal 0.0 0.0 1.0
outer loop
vertex 6.156067371368408 7.730104446411133 16.700000762939453
vertex 6.150561809539795 1.5705952644348145 16.700000762939453
vertex 6.22684383392334 1.5367817878723145 16.700000762939453
endloop
endfacet
facet normal 0.0 0.0 1.0
outer loop
vertex 6.156067371368408 7.730104446411133 16.700000762939453
vertex 5.913066387176514 1.6490530967712402 16.700000762939453
vertex 6.150561809539795 1.5705952644348145 16.700000762939453
endloop
endfacet
facet normal -0.1950903681602182 -0.980785271224599 0.0
outer loop
vertex 5.749441623687744 1.6816000938415527 13.300000190734863
vertex 5.913066387176514 1.6490530967712402 16.700000762939453
vertex 5.749441623687744 1.6816000938415527 16.700000762939453
endloop
endfacet
facet normal -0.4928985422402116 -0.8700867928301602 0.0
outer loop
vertex 6.444469451904297 1.4134982824325562 13.300000190734863
vertex 6.444469451904297 1.4134982824325562 16.700000762939453
vertex 6.22684383392334 1.5367817878723145 13.300000190734863
endloop
endfacet
facet normal 0.0 0.0 -1.0
outer loop
vertex 6.444469451904297 1.4134982824325562 13.300000190734863
vertex 5.5 3.290896415710449 13.300000190734863
vertex 6.512688636779785 1.365452766418457 13.300000190734863
endloop
endfacet
facet normal -0.4928985422402116 -0.8700867928301602 0.0
outer loop
vertex 6.22684383392334 1.5367817878723145 13.300000190734863
vertex 6.444469451904297 1.4134982824325562 16.700000762939453
vertex 6.22684383392334 1.5367817878723145 16.700000762939453
endloop
endfacet
facet normal -0.4052411206406764 -0.9142098414160115 0.0
outer loop
vertex 6.150561809539795 1.5705952644348145 13.300000190734863
vertex 6.22684383392334 1.5367817878723145 16.700000762939453
vertex 6.150561809539795 1.5705952644348145 16.700000762939453
endloop
endfacet
facet normal -0.3136815329994167 -0.9495282491085433 0.0
outer loop
vertex 5.913066387176514 1.6490530967712402 13.300000190734863
vertex 6.150561809539795 1.5705952644348145 16.700000762939453
vertex 5.913066387176514 1.6490530967712402 16.700000762939453
endloop
endfacet
facet normal -0.1950903681602182 -0.980785271224599 0.0
outer loop
vertex 5.749441623687744 1.6816000938415527 13.300000190734863
vertex 5.913066387176514 1.6490530967712402 13.300000190734863
vertex 5.913066387176514 1.6490530967712402 16.700000762939453
endloop
endfacet
facet normal 0.0 0.0 -1.0
outer loop
vertex 6.444469451904297 1.4134982824325562 13.300000190734863
vertex 6.22684383392334 1.5367817878723145 13.300000190734863
vertex 5.5 3.290896415710449 13.300000190734863
endloop
endfacet
facet normal -0.4052411206406764 -0.9142098414160115 0.0
outer loop
vertex 6.150561809539795 1.5705952644348145 13.300000190734863
vertex 6.22684383392334 1.5367817878723145 13.300000190734863
vertex 6.22684383392334 1.5367817878723145 16.700000762939453
endloop
endfacet
facet normal -0.3136815329994167 -0.9495282491085433 0.0
outer loop
vertex 5.913066387176514 1.6490530967712402 13.300000190734863
vertex 6.150561809539795 1.5705952644348145 13.300000190734863
vertex 6.150561809539795 1.5705952644348145 16.700000762939453
endloop
endfacet
facet normal 0.0 0.0 -1.0
outer loop
vertex 5.749441623687744 1.6816000938415527 13.300000190734863
vertex 5.5 3.290896415710449 13.300000190734863
vertex 5.913066387176514 1.6490530967712402 13.300000190734863
endloop
endfacet
facet normal 0.0 0.0 -1.0
outer loop
vertex 6.150561809539795 1.5705952644348145 13.300000190734863
vertex 5.5 3.290896415710449 13.300000190734863
vertex 6.22684383392334 1.5367817878723145 13.300000190734863
endloop
endfacet
facet normal 0.0 0.0 -1.0
outer loop
vertex 5.913066387176514 1.6490530967712402 13.300000190734863
vertex 5.5 3.290896415710449 13.300000190734863
vertex 6.150561809539795 1.5705952644348145 13.300000190734863
endloop
endfacet
facet normal -1.0 0.0 0.0
outer loop
vertex 8.350000381469727 -1.6454482078552246 13.300000190734863
vertex 8.350000381469727 1.6454482078552246 13.300000190734863
vertex 8.350000381469727 1.6454482078552246 10.600000381469727
endloop
endfacet
facet normal 0.0 0.0 0.9999999999999999
outer loop
vertex 7.358972549438477 8.577285766601562 16.700000762939453
vertex 7.14905309677124 0.4130662977695465 16.700000762939453
vertex 7.181600093841553 0.24944180250167847 16.700000762939453
endloop
endfacet
facet normal -0.980785210033225 -0.19509067578970157 0.0
outer loop
vertex 7.14905309677124 0.4130662977695465 13.300000190734863
vertex 7.181600093841553 0.24944180250167847 16.700000762939453
vertex 7.14905309677124 0.4130662977695465 16.700000762939453
endloop
endfacet
facet normal 0.0 0.0 -0.9999999999999999
outer loop
vertex 8.350000381469727 -1.6454482078552246 13.300000190734863
vertex 7.14905309677124 0.4130662977695465 13.300000190734863
vertex 8.350000381469727 1.6454482078552246 13.300000190734863
endloop
endfacet
facet normal 0.0 0.0 0.9999999999999999
outer loop
vertex 7.358972549438477 8.577285766601562 16.700000762939453
vertex 7.181600093841553 0.24944180250167847 16.700000762939453
vertex 7.199999809265137 0.0 16.700000762939453
endloop
endfacet
facet normal -0.980785210033225 -0.19509067578970157 0.0
outer loop
vertex 7.181600093841553 0.24944180250167847 13.300000190734863
vertex 7.181600093841553 0.24944180250167847 16.700000762939453
vertex 7.14905309677124 0.4130662977695465 13.300000190734863
endloop
endfacet
facet normal 0.0 0.0 -1.0
outer loop
vertex 8.350000381469727 -1.6454482078552246 13.300000190734863
vertex 7.181600093841553 0.24944180250167847 13.300000190734863
vertex 7.14905309677124 0.4130662977695465 13.300000190734863
endloop
endfacet
facet normal -0.9972905204274405 -0.07356369937384252 0.0
outer loop
vertex 7.181600093841553 0.24944180250167847 13.300000190734863
vertex 7.199999809265137 0.0 16.700000762939453
vertex 7.181600093841553 0.24944180250167847 16.700000762939453
endloop
endfacet
facet normal 0.0 0.0 -1.0
outer loop
vertex 8.350000381469727 -1.6454482078552246 13.300000190734863
vertex 7.199999809265137 0.0 13.300000190734863
vertex 7.181600093841553 0.24944180250167847 13.300000190734863
endloop
endfacet
facet normal -0.9972905204274405 -0.07356369937384252 0.0
outer loop
vertex 7.199999809265137 0.0 13.300000190734863
vertex 7.199999809265137 0.0 16.700000762939453
vertex 7.181600093841553 0.24944180250167847 13.300000190734863
endloop
endfacet
facet normal 0.0 0.0 -1.0
outer loop
vertex 7.181600093841553 -0.24944180250167847 13.300000190734863
vertex 7.199999809265137 0.0 13.300000190734863
vertex 8.350000381469727 -1.6454482078552246 13.300000190734863
endloop
endfacet
facet normal -0.980785210033225 0.19509067578970157 0.0
outer loop
vertex 7.181600093841553 -0.24944180250167847 13.300000190734863
vertex 7.14905309677124 -0.4130662977695465 16.700000762939453
vertex 7.181600093841553 -0.24944180250167847 16.700000762939453
endloop
endfacet
facet normal -0.9972905204274405 0.07356369937384252 0.0
outer loop
vertex 7.199999809265137 0.0 13.300000190734863
vertex 7.181600093841553 -0.24944180250167847 16.700000762939453
vertex 7.199999809265137 0.0 16.700000762939453
endloop
endfacet
facet normal -0.9972905204274405 0.07356369937384252 0.0
outer loop
vertex 7.181600093841553 -0.24944180250167847 13.300000190734863
vertex 7.181600093841553 -0.24944180250167847 16.700000762939453
vertex 7.199999809265137 0.0 13.300000190734863
endloop
endfacet
facet normal -0.4999999557676342 -0.8660254293220054 -0.0
outer loop
vertex 8.350000381469727 1.6454482078552246 10.600000381469727
vertex 7.881674766540527 1.9158360958099365 10.699999809265137
vertex 7.881674766540527 1.9158360958099365 10.600000381469727
endloop
endfacet
facet normal 0.0 0.0 1.0
outer loop
vertex 8.350000381469727 1.6454482078552246 10.600000381469727
vertex 7.881674766540527 1.9158360958099365 10.600000381469727
vertex 7.88060188293457 1.9134172201156616 10.600000381469727
endloop
endfacet
facet normal -0.9142102105692331 0.40524028784281413 1.7833758356074565e-07
outer loop
vertex 7.88060188293457 1.9134172201156616 7.150000095367432
vertex 7.881674766540527 1.9158360958099365 10.600000381469727
vertex 7.980053424835205 2.137775421142578 10.699999809265137
endloop
endfacet
facet normal -0.9141159616769975 0.4054528438762494 0.0
outer loop
vertex 7.88060188293457 1.9134172201156616 7.150000095367432
vertex 7.88060188293457 1.9134172201156616 10.600000381469727
vertex 7.881674766540527 1.9158360958099365 10.600000381469727
endloop
endfacet
facet normal -0.932993489318943 0.35989324651688526 0.0
outer loop
vertex 7.7922797203063965 1.684449315071106 7.150000095367432
vertex 7.7922797203063965 1.684449315071106 10.600000381469727
vertex 7.88060188293457 1.9134172201156616 10.600000381469727
endloop
endfacet
facet normal -0.932993489318943 0.35989324651688526 0.0
outer loop
vertex 7.7922797203063965 1.684449315071106 7.150000095367432
vertex 7.88060188293457 1.9134172201156616 10.600000381469727
vertex 7.88060188293457 1.9134172201156616 7.150000095367432
endloop
endfacet
facet normal 0.0 0.0 -1.0
outer loop
vertex 7.7922797203063965 -1.684449315071106 7.150000095367432
vertex 7.7922797203063965 1.684449315071106 7.150000095367432
vertex 7.88060188293457 1.9134172201156616 7.150000095367432
endloop
endfacet
facet normal 0.0 0.0 1.0
outer loop
vertex 8.350000381469727 -1.6454482078552246 10.600000381469727
vertex 7.649843692779541 -1.2149008512496948 10.600000381469727
vertex 7.715298175811768 -1.4514234066009521 10.600000381469727
endloop
endfacet
facet normal 0.0 0.0 -1.0
outer loop
vertex 7.7922797203063965 -1.684449315071106 7.150000095367432
vertex 7.715298175811768 -1.4514234066009521 7.150000095367432
vertex 7.7922797203063965 1.684449315071106 7.150000095367432
endloop
endfacet
facet normal -0.9637761949035432 -0.26671229093772136 0.0
outer loop
vertex 7.715298175811768 -1.4514234066009521 7.150000095367432
vertex 7.715298175811768 -1.4514234066009521 10.600000381469727
vertex 7.649843692779541 -1.2149008512496948 10.600000381469727
endloop
endfacet
facet normal -0.9495279590118826 -0.31368241113382306 -0.0
outer loop
vertex 7.7922797203063965 -1.684449315071106 7.150000095367432
vertex 7.715298175811768 -1.4514234066009521 10.600000381469727
vertex 7.715298175811768 -1.4514234066009521 7.150000095367432
endloop
endfacet
facet normal -0.4496110464001469 -0.8932244437737723 0.0
outer loop
vertex 10.626197814941406 -3.5056369304656982 -8.149999618530273
vertex 10.800468444824219 -3.5933573246002197 -8.149999618530273
vertex 10.626197814941406 -3.5056369304656982 7.150000095367432
endloop
endfacet
facet normal -0.49289860864207713 -0.8700867552139295 0.0
outer loop
vertex 10.626197814941406 -3.5056369304656982 -8.149999618530273
vertex 10.626197814941406 -3.5056369304656982 7.150000095367432
vertex 10.456441879272461 -3.409471273422241 7.150000095367432
endloop
endfacet
facet normal -0.0 -0.0 -1.0
outer loop
vertex 10.626197814941406 -3.5056369304656982 -8.149999618530273
vertex 12.5 -3.8682467937469482 -8.149999618530273
vertex 10.800468444824219 -3.5933573246002197 -8.149999618530273
endloop
endfacet
facet normal -0.49289860864207713 -0.8700867552139295 0.0
outer loop
vertex 10.456441879272461 -3.409471273422241 -8.149999618530273
vertex 10.626197814941406 -3.5056369304656982 -8.149999618530273
vertex 10.456441879272461 -3.409471273422241 7.150000095367432
endloop
endfacet
facet normal -0.5349963772558718 -0.844854352135972 0.0
outer loop
vertex 10.456441879272461 -3.409471273422241 -8.149999618530273
vertex 10.456441879272461 -3.409471273422241 7.150000095367432
vertex 10.291607856750488 -3.305091619491577 7.150000095367432
endloop
endfacet
facet normal -0.0 -0.0 -0.9999999999999999
outer loop
vertex 10.456441879272461 -3.409471273422241 -8.149999618530273
vertex 12.5 -3.8682467937469482 -8.149999618530273
vertex 10.626197814941406 -3.5056369304656982 -8.149999618530273
endloop
endfacet
facet normal -0.5349963772558718 -0.844854352135972 0.0
outer loop
vertex 10.291607856750488 -3.305091619491577 -8.149999618530273
vertex 10.456441879272461 -3.409471273422241 -8.149999618530273
vertex 10.291607856750488 -3.305091619491577 7.150000095367432
endloop
endfacet
facet normal -0.5758090510604608 -0.8175842077222698 0.0
outer loop
vertex 10.291607856750488 -3.305091619491577 -8.149999618530273
vertex 10.291607856750488 -3.305091619491577 7.150000095367432
vertex 10.132095336914062 -3.1927499771118164 7.150000095367432
endloop
endfacet
facet normal -0.7242452152525695 -0.689542506437246 0.0
outer loop
vertex 9.689250946044922 -2.8107495307922363 -8.149999618530273
vertex 9.689250946044922 -2.8107495307922363 7.150000095367432
vertex 9.554718971252441 -2.6694469451904297 7.150000095367432
endloop
endfacet
facet normal -0.0 -0.0 -1.0
outer loop
vertex 10.291607856750488 -3.305091619491577 -8.149999618530273
vertex 12.5 -3.8682467937469482 -8.149999618530273
vertex 10.456441879272461 -3.409471273422241 -8.149999618530273
endloop
endfacet
facet normal -0.5758090510604608 -0.8175842077222698 0.0
outer loop
vertex 10.132095336914062 -3.1927499771118164 -8.149999618530273
vertex 10.291607856750488 -3.305091619491577 -8.149999618530273
vertex 10.132095336914062 -3.1927499771118164 7.150000095367432
endloop
endfacet
facet normal -0.6152319024220697 -0.7883461842630565 0.0
outer loop
vertex 10.132095336914062 -3.1927499771118164 -8.149999618530273
vertex 10.132095336914062 -3.1927499771118164 7.150000095367432
vertex 9.978286743164062 -3.072716474533081 7.150000095367432
endloop
endfacet
facet normal -0.6531720442953883 -0.7572095354332137 0.0
outer loop
vertex 9.978286743164062 -3.072716474533081 -8.149999618530273
vertex 9.978286743164062 -3.072716474533081 7.150000095367432
vertex 9.83055305480957 -2.9452807903289795 7.150000095367432
endloop
endfacet
facet normal -0.6895418040240044 -0.7242458840085466 0.0
outer loop
vertex 9.83055305480957 -2.9452807903289795 -8.149999618530273
vertex 9.83055305480957 -2.9452807903289795 7.150000095367432
vertex 9.689250946044922 -2.8107495307922363 7.150000095367432
endloop
endfacet
facet normal -0.6895418040240044 -0.7242458840085466 -0.0
outer loop
vertex 9.83055305480957 -2.9452807903289795 -8.149999618530273
vertex 9.689250946044922 -2.8107495307922363 7.150000095367432
vertex 9.689250946044922 -2.8107495307922363 -8.149999618530273
endloop
endfacet
facet normal -0.0 -0.0 -1.0
outer loop
vertex 10.132095336914062 -3.1927499771118164 -8.149999618530273
vertex 12.5 -3.8682467937469482 -8.149999618530273
vertex 10.291607856750488 -3.305091619491577 -8.149999618530273
endloop
endfacet
facet normal -0.6152319024220697 -0.7883461842630565 0.0
outer loop
vertex 9.978286743164062 -3.072716474533081 -8.149999618530273
vertex 10.132095336914062 -3.1927499771118164 -8.149999618530273
vertex 9.978286743164062 -3.072716474533081 7.150000095367432
endloop
endfacet
facet normal -0.6531720442953883 -0.7572095354332137 0.0
outer loop
vertex 9.83055305480957 -2.9452807903289795 -8.149999618530273
vertex 9.978286743164062 -3.072716474533081 -8.149999618530273
vertex 9.83055305480957 -2.9452807903289795 7.150000095367432
endloop
endfacet
facet normal 0.0 0.0 -0.9999999999999999
outer loop
vertex 9.83055305480957 -2.9452807903289795 -8.149999618530273
vertex 9.689250946044922 -2.8107495307922363 -8.149999618530273
vertex 12.5 -3.8682467937469482 -8.149999618530273
endloop
endfacet
facet normal -0.0 -0.0 -1.0
outer loop
vertex 9.978286743164062 -3.072716474533081 -8.149999618530273
vertex 12.5 -3.8682467937469482 -8.149999618530273
vertex 10.132095336914062 -3.1927499771118164 -8.149999618530273
endloop
endfacet
facet normal -0.0 -0.0 -1.0
outer loop
vertex 9.83055305480957 -2.9452807903289795 -8.149999618530273
vertex 12.5 -3.8682467937469482 -8.149999618530273
vertex 9.978286743164062 -3.072716474533081 -8.149999618530273
endloop
endfacet
facet normal 0.0 -0.0 0.9999999999999999
outer loop
vertex 12.009323120117188 -9.987954139709473 16.700000762939453
vertex 12.250557899475098 -8.681599617004395 16.700000762939453
vertex 12.086934089660645 -8.649053573608398 16.700000762939453
endloop
endfacet
facet normal 0.0 -0.0 1.0
outer loop
vertex 12.009323120117188 -9.987954139709473 16.700000762939453
vertex 12.086934089660645 -8.649053573608398 16.700000762939453
vertex 11.849437713623047 -8.570594787597656 16.700000762939453
endloop
endfacet
facet normal -0.0 -0.0 1.0
outer loop
vertex 11.519828796386719 -9.951847076416016 16.700000762939453
vertex 12.009323120117188 -9.987954139709473 16.700000762939453
vertex 11.849437713623047 -8.570594787597656 16.700000762939453
endloop
endfacet
facet normal -0.07356414367639032 -0.997290487654003 1.5215809373021128e-08
outer loop
vertex 11.519828796386719 -9.951847076416016 16.700000762939453
vertex 11.970303535461426 -9.985075950622559 13.300000190734863
vertex 12.009323120117188 -9.987954139709473 16.700000762939453
endloop
endfacet
facet normal -0.0 -0.0 1.0
outer loop
vertex 10.549097061157227 -9.807852745056152 16.700000762939453
vertex 11.032694816589355 -9.891764640808105 16.700000762939453
vertex 11.000733375549316 -7.801374435424805 16.700000762939453
endloop
endfacet
facet normal -0.07356425789765232 -0.9972904792285784 0.0
outer loop
vertex 11.519828796386719 -9.951847076416016 10.699999809265137
vertex 11.970303535461426 -9.985075950622559 10.699999809265137
vertex 11.970303535461426 -9.985075950622559 13.300000190734863
endloop
endfacet
facet normal -0.07356425789765232 -0.9972904792285784 0.0
outer loop
vertex 11.519828796386719 -9.951847076416016 10.699999809265137
vertex 11.970303535461426 -9.985075950622559 13.300000190734863
vertex 11.519828796386719 -9.951847076416016 16.700000762939453
endloop
endfacet
facet normal -0.1709613450489843 -0.9852777367316498 0.0
outer loop
vertex 11.032694816589355 -9.891764640808105 10.699999809265137
vertex 11.032694816589355 -9.891764640808105 16.700000762939453
vertex 10.549097061157227 -9.807852745056152 16.700000762939453
endloop
endfacet
facet normal -0.0 -0.0 -1.0
outer loop
vertex 11.032694816589355 -9.891764640808105 10.699999809265137
vertex 11.970303535461426 -9.985075950622559 10.699999809265137
vertex 11.519828796386719 -9.951847076416016 10.699999809265137
endloop
endfacet
facet normal -0.12241105605520976 -0.9924794876245294 0.0
outer loop
vertex 11.519828796386719 -9.951847076416016 10.699999809265137
vertex 11.519828796386719 -9.951847076416016 16.700000762939453
vertex 11.032694816589355 -9.891764640808105 16.700000762939453
endloop
endfacet
facet normal -0.12241105605520976 -0.9924794876245294 0.0
outer loop
vertex 11.032694816589355 -9.891764640808105 10.699999809265137
vertex 11.519828796386719 -9.951847076416016 10.699999809265137
vertex 11.032694816589355 -9.891764640808105 16.700000762939453
endloop
endfacet
facet normal -0.0 0.0 1.0
outer loop
vertex 9.649999618530273 -1.6454482078552246 16.700000762939453
vertex 11.626025199890137 -5.541861534118652 16.700000762939453
vertex 11.849437713623047 -5.4294047355651855 16.700000762939453
endloop
endfacet
facet normal -0.0 0.0 1.0
outer loop
vertex 9.649999618530273 -1.6454482078552246 16.700000762939453
vertex 11.421531677246094 -5.685882091522217 16.700000762939453
vertex 11.626025199890137 -5.541861534118652 16.700000762939453
endloop
endfacet
facet normal -0.0 0.0 1.0
outer loop
vertex 9.649999618530273 -1.6454482078552246 16.700000762939453
vertex 11.297918319702148 -5.797918319702148 16.700000762939453
vertex 11.421531677246094 -5.685882091522217 16.700000762939453
endloop
endfacet
facet normal -0.0 0.0 1.0
outer loop
vertex 9.649999618530273 -1.6454482078552246 16.700000762939453
vertex 11.185882568359375 -5.9215312004089355 16.700000762939453
vertex 11.297918319702148 -5.797918319702148 16.700000762939453
endloop
endfacet
facet normal -0.0 0.0 0.9999999999999999
outer loop
vertex 9.649999618530273 -1.6454482078552246 16.700000762939453
vertex 11.041861534118652 -6.126025199890137 16.700000762939453
vertex 11.185882568359375 -5.9215312004089355 16.700000762939453
endloop
endfacet
facet normal -0.0 0.0 1.0
outer loop
vertex 9.649999618530273 -1.6454482078552246 16.700000762939453
vertex 11.000733375549316 -6.198625564575195 16.700000762939453
vertex 11.041861534118652 -6.126025199890137 16.700000762939453
endloop
endfacet
facet normal -0.0 0.0 1.0
outer loop
vertex 9.649999618530273 -1.6454482078552246 16.700000762939453
vertex 10.929405212402344 -6.349438190460205 16.700000762939453
vertex 11.000733375549316 -6.198625564575195 16.700000762939453
endloop
endfacet
facet normal -0.0 0.0 1.0
outer loop
vertex 9.649999618530273 -1.6454482078552246 16.700000762939453
vertex 10.850946426391602 -6.586933612823486 16.700000762939453
vertex 10.929405212402344 -6.349438190460205 16.700000762939453
endloop
endfacet
facet normal -0.0 0.0 1.0
outer loop
vertex 9.649999618530273 -1.6454482078552246 16.700000762939453
vertex 10.818400382995605 -6.750558376312256 16.700000762939453
vertex 10.850946426391602 -6.586933612823486 16.700000762939453
endloop
endfacet
facet normal -0.0 0.0 1.0
outer loop
vertex 9.649999618530273 -1.6454482078552246 16.700000762939453
vertex 10.800000190734863 -7.0 16.700000762939453
vertex 10.818400382995605 -6.750558376312256 16.700000762939453
endloop
endfacet
facet normal 0.9972903766920163 0.07356564794451628 0.0
outer loop
vertex 10.818400382995605 -7.249441623687744 13.300000190734863
vertex 10.800000190734863 -7.0 16.700000762939453
vertex 10.818400382995605 -7.249441623687744 16.700000762939453
endloop
endfacet
facet normal 0.0 -0.0 1.0
outer loop
vertex 10.549097061157227 -9.807852745056152 16.700000762939453
vertex 10.800000190734863 -7.0 16.700000762939453
vertex 9.649999618530273 -1.6454482078552246 16.700000762939453
endloop
endfacet
facet normal 0.9807863650024319 0.19508486928851274 0.0
outer loop
vertex 10.850946426391602 -7.413066387176514 13.300000190734863
vertex 10.818400382995605 -7.249441623687744 16.700000762939453
vertex 10.850946426391602 -7.413066387176514 16.700000762939453
endloop
endfacet
facet normal 0.0 -0.0 1.0
outer loop
vertex 10.549097061157227 -9.807852745056152 16.700000762939453
vertex 10.818400382995605 -7.249441623687744 16.700000762939453
vertex 10.800000190734863 -7.0 16.700000762939453
endloop
endfacet
facet normal 0.9039913704545943 0.4275507012549789 0.0
outer loop
vertex 11.000733375549316 -7.801374435424805 13.300000190734863
vertex 10.929405212402344 -7.650561809539795 16.700000762939453
vertex 11.000733375549316 -7.801374435424805 16.700000762939453
endloop
endfacet
facet normal 0.9495271134404216 0.3136849706975147 -0.0
outer loop
vertex 10.929405212402344 -7.650561809539795 13.300000190734863
vertex 10.850946426391602 -7.413066387176514 13.300000190734863
vertex 10.850946426391602 -7.413066387176514 16.700000762939453
endloop
endfacet
facet normal 0.0 -0.0 1.0
outer loop
vertex 10.549097061157227 -9.807852745056152 16.700000762939453
vertex 10.850946426391602 -7.413066387176514 16.700000762939453
vertex 10.818400382995605 -7.249441623687744 16.700000762939453
endloop
endfacet
facet normal 0.0 -0.0 1.0
outer loop
vertex 10.549097061157227 -9.807852745056152 16.700000762939453
vertex 11.000733375549316 -7.801374435424805 16.700000762939453
vertex 10.929405212402344 -7.650561809539795 16.700000762939453
endloop
endfacet
facet normal 0.9495271134404216 0.3136849706975147 0.0
outer loop
vertex 10.929405212402344 -7.650561809539795 13.300000190734863
vertex 10.850946426391602 -7.413066387176514 16.700000762939453
vertex 10.929405212402344 -7.650561809539795 16.700000762939453
endloop
endfacet
facet normal 0.0 -0.0 1.0
outer loop
vertex 10.549097061157227 -9.807852745056152 16.700000762939453
vertex 10.929405212402344 -7.650561809539795 16.700000762939453
vertex 10.850946426391602 -7.413066387176514 16.700000762939453
endloop
endfacet
facet normal -0.7242452152525695 -0.689542506437246 0.0
outer loop
vertex 9.554718971252441 -2.6694469451904297 -8.149999618530273
vertex 9.689250946044922 -2.8107495307922363 -8.149999618530273
vertex 9.554718971252441 -2.6694469451904297 7.150000095367432
endloop
endfacet
facet normal -0.7572095354332137 -0.6531720442953883 0.0
outer loop
vertex 9.554718971252441 -2.6694469451904297 -8.149999618530273
vertex 9.554718971252441 -2.6694469451904297 7.150000095367432
vertex 9.42728328704834 -2.5217132568359375 7.150000095367432
endloop
endfacet
facet normal -0.788346776959525 -0.6152311429515975 0.0
outer loop
vertex 9.42728328704834 -2.5217132568359375 -8.149999618530273
vertex 9.42728328704834 -2.5217132568359375 7.150000095367432
vertex 9.307250022888184 -2.3679046630859375 7.150000095367432
endloop
endfacet
facet normal -0.0 -0.0 -1.0
outer loop
vertex 9.554718971252441 -2.6694469451904297 -8.149999618530273
vertex 12.5 -3.8682467937469482 -8.149999618530273
vertex 9.689250946044922 -2.8107495307922363 -8.149999618530273
endloop
endfacet
facet normal -0.7572095354332137 -0.6531720442953883 0.0
outer loop
vertex 9.42728328704834 -2.5217132568359375 -8.149999618530273
vertex 9.554718971252441 -2.6694469451904297 -8.149999618530273
vertex 9.42728328704834 -2.5217132568359375 7.150000095367432
endloop
endfacet
facet normal -0.788346776959525 -0.6152311429515975 -0.0
outer loop
vertex 9.42728328704834 -2.5217132568359375 -8.149999618530273
vertex 9.307250022888184 -2.3679046630859375 7.150000095367432
vertex 9.307250022888184 -2.3679046630859375 -8.149999618530273
endloop
endfacet
facet normal -0.0 -0.0 -1.0
outer loop
vertex 9.42728328704834 -2.5217132568359375 -8.149999618530273
vertex 12.5 -3.8682467937469482 -8.149999618530273
vertex 9.554718971252441 -2.6694469451904297 -8.149999618530273
endloop
endfacet
facet normal -0.8175844427643049 -0.575808717327014 0.0
outer loop
vertex 9.307250022888184 -2.3679046630859375 -8.149999618530273
vertex 9.307250022888184 -2.3679046630859375 7.150000095367432
vertex 9.194908142089844 -2.2083916664123535 7.150000095367432
endloop
endfacet
facet normal 0.0 0.0 -1.0
outer loop
vertex 9.42728328704834 -2.5217132568359375 -8.149999618530273
vertex 9.307250022888184 -2.3679046630859375 -8.149999618530273
vertex 12.5 -3.8682467937469482 -8.149999618530273
endloop
endfacet
facet normal -0.8175844427643049 -0.575808717327014 0.0
outer loop
vertex 9.194908142089844 -2.2083916664123535 -8.149999618530273
vertex 9.307250022888184 -2.3679046630859375 -8.149999618530273
vertex 9.194908142089844 -2.2083916664123535 7.150000095367432
endloop
endfacet
facet normal -0.844853302835088 -0.5349980342848404 0.0
outer loop
vertex 9.194908142089844 -2.2083916664123535 -8.149999618530273
vertex 9.194908142089844 -2.2083916664123535 7.150000095367432
vertex 9.09052848815918 -2.043558359146118 7.150000095367432
endloop
endfacet
facet normal -0.0 -0.0 -0.9999999999999999
outer loop
vertex 9.194908142089844 -2.2083916664123535 -8.149999618530273
vertex 12.5 -3.8682467937469482 -8.149999618530273
vertex 9.307250022888184 -2.3679046630859375 -8.149999618530273
endloop
endfacet
facet normal -0.844853302835088 -0.5349980342848404 -0.0
outer loop
vertex 9.194908142089844 -2.2083916664123535 -8.149999618530273
vertex 9.09052848815918 -2.043558359146118 7.150000095367432
vertex 9.09052848815918 -2.043558359146118 -8.149999618530273
endloop
endfacet
facet normal 0.0 0.0 -1.0
outer loop
vertex 9.09052848815918 -2.043558359146118 -8.149999618530273
vertex 9.149999618530273 -1.9341233968734741 -8.149999618530273
vertex 12.5 -3.8682467937469482 -8.149999618530273
endloop
endfacet
facet normal 0.0 0.0 -1.0
outer loop
vertex 9.194908142089844 -2.2083916664123535 -8.149999618530273
vertex 9.09052848815918 -2.043558359146118 -8.149999618530273
vertex 12.5 -3.8682467937469482 -8.149999618530273
endloop
endfacet
facet normal 0.0 -0.0 -1.0
outer loop
vertex 9.722148895263672 -4.157348155975342 10.699999809265137
vertex 9.929486274719238 -4.288642883300781 10.699999809265137
vertex 9.649999618530273 -5.354551792144775 10.699999809265137
endloop
endfacet
facet normal -0.534996979417005 -0.84485397082258 0.0
outer loop
vertex 9.929486274719238 -4.288642883300781 7.150000095367432
vertex 9.929486274719238 -4.288642883300781 10.699999809265137
vertex 9.722148895263672 -4.157348155975342 10.699999809265137
endloop
endfacet
facet normal -0.534996979417005 -0.84485397082258 0.0
outer loop
vertex 9.722148895263672 -4.157348155975342 7.150000095367432
vertex 9.929486274719238 -4.288642883300781 7.150000095367432
vertex 9.722148895263672 -4.157348155975342 10.699999809265137
endloop
endfacet
facet normal 0.0 0.0 -0.9999999999999999
outer loop
vertex 9.722148895263672 -4.157348155975342 7.150000095367432
vertex 9.689250946044922 -2.8107495307922363 7.150000095367432
vertex 9.83055305480957 -2.9452807903289795 7.150000095367432
endloop
endfacet
facet normal 0.0 0.0 -1.0
outer loop
vertex 9.929486274719238 -4.288642883300781 7.150000095367432
vertex 9.83055305480957 -2.9452807903289795 7.150000095367432
vertex 9.978286743164062 -3.072716474533081 7.150000095367432
endloop
endfacet
facet normal 0.0 0.0 -1.0
outer loop
vertex 9.722148895263672 -4.157348155975342 7.150000095367432
vertex 9.83055305480957 -2.9452807903289795 7.150000095367432
vertex 9.929486274719238 -4.288642883300781 7.150000095367432
endloop
endfacet
facet normal -0.07356282501034526 -0.9972905849232194 0.0
outer loop
vertex 12.009323120117188 -9.987954139709473 16.700000762939453
vertex 11.970303535461426 -9.985075950622559 13.300000190734863
vertex 12.009323120117188 -9.987954139709473 13.300000190734863
endloop
endfacet
facet normal 0.7572117046896303 0.6531695295105431 -0.0
outer loop
vertex 11.185882568359375 -8.078468322753906 13.300000190734863
vertex 11.185882568359375 -8.078468322753906 16.700000762939453
vertex 11.24038314819336 -8.141650199890137 13.300000190734863
endloop
endfacet
facet normal -0.0 -0.0 -1.0
outer loop
vertex 11.24038314819336 -8.141650199890137 13.300000190734863
vertex 12.009323120117188 -9.987954139709473 13.300000190734863
vertex 11.970303535461426 -9.985075950622559 13.300000190734863
endloop
endfacet
facet normal 0.0 0.0 -1.0
outer loop
vertex 9.649999618530273 -8.645448684692383 13.300000190734863
vertex 11.185882568359375 -8.078468322753906 13.300000190734863
vertex 11.24038314819336 -8.141650199890137 13.300000190734863
endloop
endfacet
facet normal 0.0 0.0 -0.9999999999999999
outer loop
vertex 9.649999618530273 -8.645448684692383 13.300000190734863
vertex 11.24038314819336 -8.141650199890137 13.300000190734863
vertex 11.970303535461426 -9.985075950622559 13.300000190734863
endloop
endfacet
facet normal 0.4999997690276976 0.8660255371363185 0.0
outer loop
vertex 9.649999618530273 -8.645448684692383 13.300000190734863
vertex 11.970303535461426 -9.985075950622559 13.300000190734863
vertex 11.970303535461426 -9.985075950622559 10.699999809265137
endloop
endfacet
facet normal 0.4999997690276976 0.8660255371363185 0.0
outer loop
vertex 9.649999618530273 -8.645448684692383 13.300000190734863
vertex 11.970303535461426 -9.985075950622559 10.699999809265137
vertex 9.649999618530273 -8.645448684692383 10.699999809265137
endloop
endfacet
facet normal 1.0 -0.0 0.0
outer loop
vertex 9.649999618530273 -5.354551792144775 13.300000190734863
vertex 9.649999618530273 -8.645448684692383 10.699999809265137
vertex 9.649999618530273 -5.354551792144775 10.699999809265137
endloop
endfacet
facet normal 1.0 -0.0 0.0
outer loop
vertex 9.649999618530273 -8.645448684692383 13.300000190734863
vertex 9.649999618530273 -8.645448684692383 10.699999809265137
vertex 9.649999618530273 -5.354551792144775 13.300000190734863
endloop
endfacet
facet normal 0.0 -0.0 1.0
outer loop
vertex 12.5 -3.290896415710449 14.100000381469727
vertex 13.150562286376953 -1.5705952644348145 14.100000381469727
vertex 12.993483543395996 -1.6267986297607422 14.100000381469727
endloop
endfacet
facet normal 0.0 -0.0 1.0
outer loop
vertex 12.5 -3.290896415710449 14.100000381469727
vertex 12.993483543395996 -1.6267986297607422 14.100000381469727
vertex 12.749442100524902 -1.6816000938415527 14.100000381469727
endloop
endfacet
facet normal 0.02454112094734021 0.9996988213370306 0.0
outer loop
vertex 12.33337116241455 -1.6918140649795532 14.100000381469727
vertex 12.583415031433105 -1.6979522705078125 14.100000381469727
vertex 12.583415031433105 -1.6979522705078125 -10.149999618530273
endloop
endfacet
facet normal 0.0 -0.0 1.0
outer loop
vertex 12.5 -3.290896415710449 14.100000381469727
vertex 12.749442100524902 -1.6816000938415527 14.100000381469727
vertex 12.583415031433105 -1.6979522705078125 14.100000381469727
endloop
endfacet
facet normal 0.0 -0.0 0.9999999999999999
outer loop
vertex 12.5 -3.290896415710449 14.100000381469727
vertex 12.583415031433105 -1.6979522705078125 14.100000381469727
vertex 12.33337116241455 -1.6918140649795532 14.100000381469727
endloop
endfacet
facet normal -0.0 -0.0 1.0
outer loop
vertex 12.250557899475098 -1.6816000938415527 14.100000381469727
vertex 12.5 -3.290896415710449 14.100000381469727
vertex 12.33337116241455 -1.6918140649795532 14.100000381469727
endloop
endfacet
facet normal -0.0 -0.0 1.0
outer loop
vertex 12.006516456604004 -1.6267986297607422 14.100000381469727
vertex 12.5 -3.290896415710449 14.100000381469727
vertex 12.250557899475098 -1.6816000938415527 14.100000381469727
endloop
endfacet
facet normal -0.0 -0.0 1.0
outer loop
vertex 11.849437713623047 -1.5705952644348145 14.100000381469727
vertex 12.5 -3.290896415710449 14.100000381469727
vertex 12.006516456604004 -1.6267986297607422 14.100000381469727
endloop
endfacet
facet normal -0.0 -0.0 1.0
outer loop
vertex 11.626025199890137 -1.4581385850906372 14.100000381469727
vertex 12.5 -3.290896415710449 14.100000381469727
vertex 11.849437713623047 -1.5705952644348145 14.100000381469727
endloop
endfacet
facet normal -0.0 -0.0 1.0
outer loop
vertex 11.421531677246094 -1.3141177892684937 14.100000381469727
vertex 12.5 -3.290896415710449 14.100000381469727
vertex 11.626025199890137 -1.4581385850906372 14.100000381469727
endloop
endfacet
facet normal 0.0 -0.0 1.0
outer loop
vertex 9.649999618530273 -1.6454482078552246 14.100000381469727
vertex 11.185882568359375 -1.0784685611724854 14.100000381469727
vertex 11.134547233581543 -1.0126888751983643 14.100000381469727
endloop
endfacet
facet normal 0.0 0.0 1.0
outer loop
vertex 11.421531677246094 -1.3141177892684937 14.100000381469727
vertex 11.358349800109863 -1.2596169710159302 14.100000381469727
vertex 12.5 -3.290896415710449 14.100000381469727
endloop
endfacet
facet normal 0.0 -0.0 0.9999999999999999
outer loop
vertex 9.649999618530273 -1.6454482078552246 14.100000381469727
vertex 11.358349800109863 -1.2596169710159302 14.100000381469727
vertex 11.185882568359375 -1.0784685611724854 14.100000381469727
endloop
endfacet
facet normal -0.26671266552653045 0.9637760912409755 0.0
outer loop
vertex 9.597153663635254 9.569403648376465 10.699999809265137
vertex 9.597153663635254 9.569403648376465 16.700000762939453
vertex 10.070198059082031 9.700312614440918 16.700000762939453
endloop
endfacet
facet normal -0.0 -0.0 1.0
outer loop
vertex 9.649999618530273 -1.6454482078552246 14.100000381469727
vertex 12.5 -3.290896415710449 14.100000381469727
vertex 11.358349800109863 -1.2596169710159302 14.100000381469727
endloop
endfacet
facet normal -0.0 0.0 0.9999999999999999
outer loop
vertex 9.597153663635254 9.569403648376465 16.700000762939453
vertex 9.649999618530273 1.6454482078552246 16.700000762939453
vertex 10.070198059082031 9.700312614440918 16.700000762939453
endloop
endfacet
facet normal 0.499999936284041 0.8660254405708617 -0.0
outer loop
vertex 9.649999618530273 -1.6454482078552246 14.100000381469727
vertex 9.649999618530273 -1.6454482078552246 16.700000762939453
vertex 12.5 -3.290896415710449 14.100000381469727
endloop
endfacet
facet normal -0.0 0.0 1.0
outer loop
vertex 9.597153663635254 9.569403648376465 16.700000762939453
vertex 9.649999618530273 -1.6454482078552246 16.700000762939453
vertex 9.649999618530273 1.6454482078552246 16.700000762939453
endloop
endfacet
facet normal 1.0 0.0 -0.0
outer loop
vertex 9.649999618530273 -1.6454482078552246 14.100000381469727
vertex 9.649999618530273 1.6454482078552246 16.700000762939453
vertex 9.649999618530273 -1.6454482078552246 16.700000762939453
endloop
endfacet
facet normal -0.12241129211184755 0.9924794585095995 0.0
outer loop
vertex 11.766347885131836 4.945882320404053 7.150000095367432
vertex 11.766347885131836 4.945882320404053 10.600000381469727
vertex 12.00991439819336 4.975923538208008 10.600000381469727
endloop
endfacet
facet normal -0.12241129211184755 0.9924794585095995 0.0
outer loop
vertex 11.766347885131836 4.945882320404053 7.150000095367432
vertex 12.00991439819336 4.975923538208008 10.600000381469727
vertex 12.00991439819336 4.975923538208008 7.150000095367432
endloop
endfacet
facet normal 0.0 0.0 1.0
outer loop
vertex 12.5 3.709103584289551 10.600000381469727
vertex 12.00991439819336 4.975923538208008 10.600000381469727
vertex 11.766347885131836 4.945882320404053 10.600000381469727
endloop
endfacet
facet normal -0.1709610177608529 0.9852777935212859 0.0
outer loop
vertex 11.524548530578613 4.903926372528076 7.150000095367432
vertex 11.766347885131836 4.945882320404053 10.600000381469727
vertex 11.766347885131836 4.945882320404053 7.150000095367432
endloop
endfacet
facet normal 0.0 0.0 -1.0
outer loop
vertex 11.766347885131836 4.945882320404053 7.150000095367432
vertex 12.00991439819336 4.975923538208008 7.150000095367432
vertex 12.110382080078125 3.9558591842651367 7.150000095367432
endloop
endfacet
facet normal 0.0 0.0 -0.9999999999999999
outer loop
vertex 12.110382080078125 3.9558591842651367 7.150000095367432
vertex 12.00991439819336 4.975923538208008 7.150000095367432
vertex 12.304956436157227 3.9702117443084717 7.150000095367432
endloop
endfacet
facet normal 0.0 0.0 1.0
outer loop
vertex 12.5 3.709103584289551 10.600000381469727
vertex 11.766347885131836 4.945882320404053 10.600000381469727
vertex 11.524548530578613 4.903926372528076 10.600000381469727
endloop
endfacet
facet normal -0.1709610177608529 0.9852777935212859 0.0
outer loop
vertex 11.524548530578613 4.903926372528076 7.150000095367432
vertex 11.524548530578613 4.903926372528076 10.600000381469727
vertex 11.766347885131836 4.945882320404053 10.600000381469727
endloop
endfacet
facet normal 0.0 0.0 -1.0
outer loop
vertex 11.524548530578613 4.903926372528076 7.150000095367432
vertex 11.766347885131836 4.945882320404053 7.150000095367432
vertex 11.916746139526367 3.931976318359375 7.150000095367432
endloop
endfacet
facet normal 0.0 -0.0 -1.0
outer loop
vertex 11.766347885131836 4.945882320404053 7.150000095367432
vertex 12.110382080078125 3.9558591842651367 7.150000095367432
vertex 11.916746139526367 3.931976318359375 7.150000095367432
endloop
endfacet
facet normal -0.07356401955808649 0.9972904968094588 0.0
outer loop
vertex 12.110382080078125 3.9558591842651367 -8.149999618530273
vertex 12.110382080078125 3.9558591842651367 7.150000095367432
vertex 12.304956436157227 3.9702117443084717 7.150000095367432
endloop
endfacet
facet normal -0.07356401955808649 0.9972904968094588 0.0
outer loop
vertex 12.110382080078125 3.9558591842651367 -8.149999618530273
vertex 12.304956436157227 3.9702117443084717 7.150000095367432
vertex 12.304956436157227 3.9702117443084717 -8.149999618530273
endloop
endfacet
facet normal 0.0 0.0 1.0
outer loop
vertex 12.5 3.709103584289551 10.600000381469727
vertex 11.524548530578613 4.903926372528076 10.600000381469727
vertex 11.285099029541016 4.850156307220459 10.600000381469727
endloop
endfacet
facet normal -0.21910078143584538 0.9757022330476659 0.0
outer loop
vertex 11.285099029541016 4.850156307220459 7.150000095367432
vertex 11.285099029541016 4.850156307220459 10.600000381469727
vertex 11.524548530578613 4.903926372528076 10.600000381469727
endloop
endfacet
facet normal -0.21910078143584538 0.9757022330476659 0.0
outer loop
vertex 11.285099029541016 4.850156307220459 7.150000095367432
vertex 11.524548530578613 4.903926372528076 10.600000381469727
vertex 11.524548530578613 4.903926372528076 7.150000095367432
endloop
endfacet
facet normal 0.0 0.0 -1.0
outer loop
vertex 11.724515914916992 3.8986215591430664 7.150000095367432
vertex 11.524548530578613 4.903926372528076 7.150000095367432
vertex 11.916746139526367 3.931976318359375 7.150000095367432
endloop
endfacet
facet normal -0.12241143525632392 0.9924794408543114 0.0
outer loop
vertex 11.916746139526367 3.931976318359375 -8.149999618530273
vertex 11.916746139526367 3.931976318359375 7.150000095367432
vertex 12.110382080078125 3.9558591842651367 7.150000095367432
endloop
endfacet
facet normal -0.12241143525632392 0.9924794408543114 0.0
outer loop
vertex 11.916746139526367 3.931976318359375 -8.149999618530273
vertex 12.110382080078125 3.9558591842651367 7.150000095367432
vertex 12.110382080078125 3.9558591842651367 -8.149999618530273
endloop
endfacet
facet normal 0.0 0.0 -0.9999999999999999
outer loop
vertex 9.149999618530273 1.9341233968734741 -8.149999618530273
vertex 12.110382080078125 3.9558591842651367 -8.149999618530273
vertex 12.304956436157227 3.9702117443084717 -8.149999618530273
endloop
endfacet
facet normal 0.0 0.0 1.0
outer loop
vertex 12.5 3.709103584289551 10.600000381469727
vertex 11.285099029541016 4.850156307220459 10.600000381469727
vertex 11.048576354980469 4.784701824188232 10.600000381469727
endloop
endfacet
facet normal -0.2667121660750098 0.9637762294576352 0.0
outer loop
vertex 11.048576354980469 4.784701824188232 7.150000095367432
vertex 11.048576354980469 4.784701824188232 10.600000381469727
vertex 11.285099029541016 4.850156307220459 10.600000381469727
endloop
endfacet
facet normal -0.2667121660750098 0.9637762294576352 0.0
outer loop
vertex 11.048576354980469 4.784701824188232 7.150000095367432
vertex 11.285099029541016 4.850156307220459 10.600000381469727
vertex 11.285099029541016 4.850156307220459 7.150000095367432
endloop
endfacet
facet normal 0.0 0.0 -1.0
outer loop
vertex 11.534153938293457 3.8558743000030518 7.150000095367432
vertex 11.285099029541016 4.850156307220459 7.150000095367432
vertex 11.524548530578613 4.903926372528076 7.150000095367432
endloop
endfacet
facet normal 0.0 0.0 -1.0
outer loop
vertex 11.534153938293457 3.8558743000030518 7.150000095367432
vertex 11.524548530578613 4.903926372528076 7.150000095367432
vertex 11.724515914916992 3.8986215591430664 7.150000095367432
endloop
endfacet
facet normal -0.17096015279034998 0.9852779436067267 0.0
outer loop
vertex 11.724515914916992 3.8986215591430664 -8.149999618530273
vertex 11.724515914916992 3.8986215591430664 7.150000095367432
vertex 11.916746139526367 3.931976318359375 7.150000095367432
endloop
endfacet
facet normal -0.17096015279034998 0.9852779436067267 0.0
outer loop
vertex 11.724515914916992 3.8986215591430664 -8.149999618530273
vertex 11.916746139526367 3.931976318359375 7.150000095367432
vertex 11.916746139526367 3.931976318359375 -8.149999618530273
endloop
endfacet
facet normal 0.0 0.0 -1.0
outer loop
vertex 9.149999618530273 1.9341233968734741 -8.149999618530273
vertex 11.916746139526367 3.931976318359375 -8.149999618530273
vertex 12.110382080078125 3.9558591842651367 -8.149999618530273
endloop
endfacet
facet normal 0.0 0.0 1.0
outer loop
vertex 12.5 3.709103584289551 10.600000381469727
vertex 11.048576354980469 4.784701824188232 10.600000381469727
vertex 10.815550804138184 4.7077202796936035 10.600000381469727
endloop
endfacet
facet normal 0.0 0.0 1.0
outer loop
vertex 12.5 3.709103584289551 10.600000381469727
vertex 10.815550804138184 4.7077202796936035 10.600000381469727
vertex 10.788451194763184 4.697266578674316 10.600000381469727
endloop
endfacet
facet normal -0.31368284517746076 0.9495278156227827 0.0
outer loop
vertex 10.815550804138184 4.7077202796936035 7.150000095367432
vertex 11.048576354980469 4.784701824188232 10.600000381469727
vertex 11.048576354980469 4.784701824188232 7.150000095367432
endloop
endfacet
facet normal 0.0 0.0 -1.0
outer loop
vertex 11.048576354980469 4.784701824188232 7.150000095367432
vertex 11.285099029541016 4.850156307220459 7.150000095367432
vertex 11.346117973327637 3.803837776184082 7.150000095367432
endloop
endfacet
facet normal 0.0 0.0 -0.9999999999999999
outer loop
vertex 11.346117973327637 3.803837776184082 7.150000095367432
vertex 11.285099029541016 4.850156307220459 7.150000095367432
vertex 11.534153938293457 3.8558743000030518 7.150000095367432
endloop
endfacet
facet normal -0.21910147339857686 0.9757020776623224 0.0
outer loop
vertex 11.534153938293457 3.8558743000030518 -8.149999618530273
vertex 11.534153938293457 3.8558743000030518 7.150000095367432
vertex 11.724515914916992 3.8986215591430664 7.150000095367432
endloop
endfacet
facet normal -0.21910147339857686 0.9757020776623224 0.0
outer loop
vertex 11.534153938293457 3.8558743000030518 -8.149999618530273
vertex 11.724515914916992 3.8986215591430664 7.150000095367432
vertex 11.724515914916992 3.8986215591430664 -8.149999618530273
endloop
endfacet
facet normal 0.0 0.0 -1.0
outer loop
vertex 9.149999618530273 1.9341233968734741 -8.149999618530273
vertex 11.724515914916992 3.8986215591430664 -8.149999618530273
vertex 11.916746139526367 3.931976318359375 -8.149999618530273
endloop
endfacet
facet normal -0.31368284517746076 0.9495278156227827 0.0
outer loop
vertex 10.815550804138184 4.7077202796936035 7.150000095367432
vertex 10.815550804138184 4.7077202796936035 10.600000381469727
vertex 11.048576354980469 4.784701824188232 10.600000381469727
endloop
endfacet
facet normal -0.35990187404764973 0.9329901612861391 5.039637346753608e-07
outer loop
vertex 10.586583137512207 4.6193976402282715 7.150000095367432
vertex 10.788451194763184 4.697266578674316 10.600000381469727
vertex 10.815550804138184 4.7077202796936035 10.600000381469727
endloop
endfacet
facet normal 0.0 0.0 -1.0
outer loop
vertex 11.160862922668457 3.7426376342773438 7.150000095367432
vertex 10.815550804138184 4.7077202796936035 7.150000095367432
vertex 11.048576354980469 4.784701824188232 7.150000095367432
endloop
endfacet
facet normal 0.0 0.0 -1.0
outer loop
vertex 11.160862922668457 3.7426376342773438 7.150000095367432
vertex 11.048576354980469 4.784701824188232 7.150000095367432
vertex 11.346117973327637 3.803837776184082 7.150000095367432
endloop
endfacet
facet normal -0.2667125869691542 0.9637761129807177 0.0
outer loop
vertex 11.346117973327637 3.803837776184082 -8.149999618530273
vertex 11.346117973327637 3.803837776184082 7.150000095367432
vertex 11.534153938293457 3.8558743000030518 7.150000095367432
endloop
endfacet
facet normal -0.2667125869691542 0.9637761129807177 0.0
outer loop
vertex 11.346117973327637 3.803837776184082 -8.149999618530273
vertex 11.534153938293457 3.8558743000030518 7.150000095367432
vertex 11.534153938293457 3.8558743000030518 -8.149999618530273
endloop
endfacet
facet normal 0.0 0.0 -1.0
outer loop
vertex 9.149999618530273 1.9341233968734741 -8.149999618530273
vertex 11.534153938293457 3.8558743000030518 -8.149999618530273
vertex 11.724515914916992 3.8986215591430664 -8.149999618530273
endloop
endfacet
facet normal -0.3598943767119371 0.9329930533563079 0.0
outer loop
vertex 10.586583137512207 4.6193976402282715 10.699999809265137
vertex 10.788451194763184 4.697266578674316 10.699999809265137
vertex 10.788451194763184 4.697266578674316 10.600000381469727
endloop
endfacet
facet normal -0.3598943767119371 0.9329930533563078 0.0
outer loop
vertex 10.586583137512207 4.6193976402282715 7.150000095367432
vertex 10.586583137512207 4.6193976402282715 10.699999809265137
vertex 10.788451194763184 4.697266578674316 10.600000381469727
endloop
endfacet
facet normal -0.35989526406737155 0.9329927110657816 0.0
outer loop
vertex 10.586583137512207 4.6193976402282715 7.150000095367432
vertex 10.815550804138184 4.7077202796936035 10.600000381469727
vertex 10.815550804138184 4.7077202796936035 7.150000095367432
endloop
endfacet
facet normal 0.0 0.0 -1.0
outer loop
vertex 10.978833198547363 3.6724212169647217 7.150000095367432
vertex 10.815550804138184 4.7077202796936035 7.150000095367432
vertex 11.160862922668457 3.7426376342773438 7.150000095367432
endloop
endfacet
facet normal -0.3136823861692297 0.9495279672590894 0.0
outer loop
vertex 11.160862922668457 3.7426376342773438 -8.149999618530273
vertex 11.160862922668457 3.7426376342773438 7.150000095367432
vertex 11.346117973327637 3.803837776184082 7.150000095367432
endloop
endfacet
facet normal -0.3136823861692297 0.9495279672590894 0.0
outer loop
vertex 11.160862922668457 3.7426376342773438 -8.149999618530273
vertex 11.346117973327637 3.803837776184082 7.150000095367432
vertex 11.346117973327637 3.803837776184082 -8.149999618530273
endloop
endfacet
facet normal 0.0 0.0 -1.0
outer loop
vertex 9.149999618530273 1.9341233968734741 -8.149999618530273
vertex 11.346117973327637 3.803837776184082 -8.149999618530273
vertex 11.534153938293457 3.8558743000030518 -8.149999618530273
endloop
endfacet
facet normal -0.12241105605520976 0.9924794876245294 0.0
outer loop
vertex 11.032694816589355 9.891764640808105 10.699999809265137
vertex 11.519828796386719 9.951847076416016 16.700000762939453
vertex 11.519828796386719 9.951847076416016 10.699999809265137
endloop
endfacet
facet normal -0.12241105605520976 0.9924794876245294 0.0
outer loop
vertex 11.032694816589355 9.891764640808105 10.699999809265137
vertex 11.032694816589355 9.891764640808105 16.700000762939453
vertex 11.519828796386719 9.951847076416016 16.700000762939453
endloop
endfacet
facet normal 0.0 0.0 -1.0
outer loop
vertex 10.586583137512207 4.6193976402282715 10.699999809265137
vertex 9.649999618530273 5.354551792144775 10.699999809265137
vertex 10.788451194763184 4.697266578674316 10.699999809265137
endloop
endfacet
facet normal -0.4052404824611705 0.9142101243011027 0.0
outer loop
vertex 10.362224578857422 4.519946575164795 7.150000095367432
vertex 10.362224578857422 4.519946575164795 10.699999809265137
vertex 10.586583137512207 4.6193976402282715 10.699999809265137
endloop
endfacet
facet normal -0.4052404824611705 0.9142101243011027 0.0
outer loop
vertex 10.362224578857422 4.519946575164795 7.150000095367432
vertex 10.586583137512207 4.6193976402282715 10.699999809265137
vertex 10.586583137512207 4.6193976402282715 7.150000095367432
endloop
endfacet
facet normal 0.0 0.0 -1.0
outer loop
vertex 10.800468444824219 3.5933573246002197 7.150000095367432
vertex 10.586583137512207 4.6193976402282715 7.150000095367432
vertex 10.815550804138184 4.7077202796936035 7.150000095367432
endloop
endfacet
facet normal 0.0 0.0 -0.9999999999999999
outer loop
vertex 10.800468444824219 3.5933573246002197 7.150000095367432
vertex 10.815550804138184 4.7077202796936035 7.150000095367432
vertex 10.978833198547363 3.6724212169647217 7.150000095367432
endloop
endfacet
facet normal -0.35989416380833095 0.9329931354820904 0.0
outer loop
vertex 10.978833198547363 3.6724212169647217 -8.149999618530273
vertex 10.978833198547363 3.6724212169647217 7.150000095367432
vertex 11.160862922668457 3.7426376342773438 7.150000095367432
endloop
endfacet
facet normal -0.35989416380833095 0.9329931354820904 0.0
outer loop
vertex 10.978833198547363 3.6724212169647217 -8.149999618530273
vertex 11.160862922668457 3.7426376342773438 7.150000095367432
vertex 11.160862922668457 3.7426376342773438 -8.149999618530273
endloop
endfacet
facet normal 0.0 0.0 -1.0
outer loop
vertex 9.149999618530273 1.9341233968734741 -8.149999618530273
vertex 11.160862922668457 3.7426376342773438 -8.149999618530273
vertex 11.346117973327637 3.803837776184082 -8.149999618530273
endloop
endfacet
facet normal 0.0 -0.0 -1.0
outer loop
vertex 11.032694816589355 9.891764640808105 10.699999809265137
vertex 11.519828796386719 9.951847076416016 10.699999809265137
vertex 9.649999618530273 8.645448684692383 10.699999809265137
endloop
endfacet
facet normal -0.1709613450489843 0.9852777367316498 0.0
outer loop
vertex 10.549097061157227 9.807852745056152 10.699999809265137
vertex 11.032694816589355 9.891764640808105 16.700000762939453
vertex 11.032694816589355 9.891764640808105 10.699999809265137
endloop
endfacet
facet normal -0.1709613450489843 0.9852777367316498 0.0
outer loop
vertex 10.549097061157227 9.807852745056152 10.699999809265137
vertex 10.549097061157227 9.807852745056152 16.700000762939453
vertex 11.032694816589355 9.891764640808105 16.700000762939453
endloop
endfacet
facet normal 0.0 0.0 -1.0
outer loop
vertex 10.362224578857422 4.519946575164795 10.699999809265137
vertex 9.649999618530273 5.354551792144775 10.699999809265137
vertex 10.586583137512207 4.6193976402282715 10.699999809265137
endloop
endfacet
facet normal -0.4496104280363012 0.8932247550314614 0.0
outer loop
vertex 10.14301586151123 4.409606456756592 7.150000095367432
vertex 10.362224578857422 4.519946575164795 10.699999809265137
vertex 10.362224578857422 4.519946575164795 7.150000095367432
endloop
endfacet
facet normal 0.0 0.0 -1.0
outer loop
vertex 10.626197814941406 3.5056369304656982 7.150000095367432
vertex 10.362224578857422 4.519946575164795 7.150000095367432
vertex 10.586583137512207 4.6193976402282715 7.150000095367432
endloop
endfacet
facet normal 0.0 0.0 -1.0
outer loop
vertex 10.626197814941406 3.5056369304656982 7.150000095367432
vertex 10.586583137512207 4.6193976402282715 7.150000095367432
vertex 10.800468444824219 3.5933573246002197 7.150000095367432
endloop
endfacet
facet normal -0.40524231935221644 0.9142093100630929 0.0
outer loop
vertex 10.800468444824219 3.5933573246002197 -8.149999618530273
vertex 10.800468444824219 3.5933573246002197 7.150000095367432
vertex 10.978833198547363 3.6724212169647217 7.150000095367432
endloop
endfacet
facet normal -0.40524231935221644 0.9142093100630929 0.0
outer loop
vertex 10.800468444824219 3.5933573246002197 -8.149999618530273
vertex 10.978833198547363 3.6724212169647217 7.150000095367432
vertex 10.978833198547363 3.6724212169647217 -8.149999618530273
endloop
endfacet
facet normal 0.0 0.0 -1.0
outer loop
vertex 9.149999618530273 1.9341233968734741 -8.149999618530273
vertex 10.978833198547363 3.6724212169647217 -8.149999618530273
vertex 11.160862922668457 3.7426376342773438 -8.149999618530273
endloop
endfacet
facet normal 0.0 -0.0 -1.0
outer loop
vertex 10.549097061157227 9.807852745056152 10.699999809265137
vertex 11.032694816589355 9.891764640808105 10.699999809265137
vertex 9.649999618530273 8.645448684692383 10.699999809265137
endloop
endfacet
facet normal -0.21910078143584544 0.975702233047666 0.0
outer loop
vertex 10.070198059082031 9.700312614440918 10.699999809265137
vertex 10.549097061157227 9.807852745056152 16.700000762939453
vertex 10.549097061157227 9.807852745056152 10.699999809265137
endloop
endfacet
facet normal 0.0 0.0 -1.0
outer loop
vertex 10.14301586151123 4.409606456756592 10.699999809265137
vertex 9.649999618530273 5.354551792144775 10.699999809265137
vertex 10.362224578857422 4.519946575164795 10.699999809265137
endloop
endfacet
facet normal -0.4496104280363012 0.8932247550314614 0.0
outer loop
vertex 10.14301586151123 4.409606456756592 7.150000095367432
vertex 10.14301586151123 4.409606456756592 10.699999809265137
vertex 10.362224578857422 4.519946575164795 10.699999809265137
endloop
endfacet
facet normal 0.0 0.0 -1.0
outer loop
vertex 10.456441879272461 3.409471273422241 7.150000095367432
vertex 10.14301586151123 4.409606456756592 7.150000095367432
vertex 10.362224578857422 4.519946575164795 7.150000095367432
endloop
endfacet
facet normal 0.0 0.0 -1.0
outer loop
vertex 10.456441879272461 3.409471273422241 7.150000095367432
vertex 10.362224578857422 4.519946575164795 7.150000095367432
vertex 10.626197814941406 3.5056369304656982 7.150000095367432
endloop
endfacet
facet normal -0.4496110464001469 0.8932244437737723 0.0
outer loop
vertex 10.626197814941406 3.5056369304656982 -8.149999618530273
vertex 10.626197814941406 3.5056369304656982 7.150000095367432
vertex 10.800468444824219 3.5933573246002197 7.150000095367432
endloop
endfacet
facet normal -0.4496110464001469 0.8932244437737723 0.0
outer loop
vertex 10.626197814941406 3.5056369304656982 -8.149999618530273
vertex 10.800468444824219 3.5933573246002197 7.150000095367432
vertex 10.800468444824219 3.5933573246002197 -8.149999618530273
endloop
endfacet
facet normal 0.0 0.0 -1.0
outer loop
vertex 9.149999618530273 1.9341233968734741 -8.149999618530273
vertex 10.800468444824219 3.5933573246002197 -8.149999618530273
vertex 10.978833198547363 3.6724212169647217 -8.149999618530273
endloop
endfacet
facet normal 0.0 -0.0 -1.0
outer loop
vertex 10.070198059082031 9.700312614440918 10.699999809265137
vertex 10.549097061157227 9.807852745056152 10.699999809265137
vertex 9.649999618530273 8.645448684692383 10.699999809265137
endloop
endfacet
facet normal -0.26671266552653045 0.9637760912409755 0.0
outer loop
vertex 9.597153663635254 9.569403648376465 10.699999809265137
vertex 10.070198059082031 9.700312614440918 16.700000762939453
vertex 10.070198059082031 9.700312614440918 10.699999809265137
endloop
endfacet
facet normal 0.0 0.0 -1.0
outer loop
vertex 9.929486274719238 4.288642883300781 10.699999809265137
vertex 9.649999618530273 5.354551792144775 10.699999809265137
vertex 10.14301586151123 4.409606456756592 10.699999809265137
endloop
endfacet
facet normal -0.49289990943028056 0.8700860183244075 0.0
outer loop
vertex 9.929486274719238 4.288642883300781 7.150000095367432
vertex 9.929486274719238 4.288642883300781 10.699999809265137
vertex 10.14301586151123 4.409606456756592 10.699999809265137
endloop
endfacet
facet normal -0.49289990943028056 0.8700860183244075 0.0
outer loop
vertex 9.929486274719238 4.288642883300781 7.150000095367432
vertex 10.14301586151123 4.409606456756592 10.699999809265137
vertex 10.14301586151123 4.409606456756592 7.150000095367432
endloop
endfacet
facet normal 0.0 0.0 -1.0
outer loop
vertex 10.291607856750488 3.305091619491577 7.150000095367432
vertex 10.14301586151123 4.409606456756592 7.150000095367432
vertex 10.456441879272461 3.409471273422241 7.150000095367432
endloop
endfacet
facet normal -0.49289860864207713 0.8700867552139295 0.0
outer loop
vertex 10.456441879272461 3.409471273422241 -8.149999618530273
vertex 10.456441879272461 3.409471273422241 7.150000095367432
vertex 10.626197814941406 3.5056369304656982 7.150000095367432
endloop
endfacet
facet normal -0.49289860864207713 0.8700867552139295 0.0
outer loop
vertex 10.456441879272461 3.409471273422241 -8.149999618530273
vertex 10.626197814941406 3.5056369304656982 7.150000095367432
vertex 10.626197814941406 3.5056369304656982 -8.149999618530273
endloop
endfacet
facet normal 0.0 0.0 -1.0
outer loop
vertex 9.149999618530273 1.9341233968734741 -8.149999618530273
vertex 10.626197814941406 3.5056369304656982 -8.149999618530273
vertex 10.800468444824219 3.5933573246002197 -8.149999618530273
endloop
endfacet
facet normal 0.0 -0.0 -1.0
outer loop
vertex 9.597153663635254 9.569403648376465 10.699999809265137
vertex 10.070198059082031 9.700312614440918 10.699999809265137
vertex 9.649999618530273 8.645448684692383 10.699999809265137
endloop
endfacet
facet normal 0.0 0.0 -1.0
outer loop
vertex 9.722148895263672 4.157348155975342 10.699999809265137
vertex 9.649999618530273 5.354551792144775 10.699999809265137
vertex 9.929486274719238 4.288642883300781 10.699999809265137
endloop
endfacet
facet normal -0.534996979417005 0.84485397082258 0.0
outer loop
vertex 9.722148895263672 4.157348155975342 7.150000095367432
vertex 9.929486274719238 4.288642883300781 10.699999809265137
vertex 9.929486274719238 4.288642883300781 7.150000095367432
endloop
endfacet
facet normal 0.0 -0.0 -1.0
outer loop
vertex 9.929486274719238 4.288642883300781 7.150000095367432
vertex 10.14301586151123 4.409606456756592 7.150000095367432
vertex 10.132095336914062 3.1927499771118164 7.150000095367432
endloop
endfacet
facet normal 0.0 0.0 -1.0
outer loop
vertex 10.132095336914062 3.1927499771118164 7.150000095367432
vertex 10.14301586151123 4.409606456756592 7.150000095367432
vertex 10.291607856750488 3.305091619491577 7.150000095367432
endloop
endfacet
facet normal -0.5349963772558718 0.844854352135972 0.0
outer loop
vertex 10.291607856750488 3.305091619491577 -8.149999618530273
vertex 10.291607856750488 3.305091619491577 7.150000095367432
vertex 10.456441879272461 3.409471273422241 7.150000095367432
endloop
endfacet
facet normal -0.5349963772558718 0.844854352135972 0.0
outer loop
vertex 10.291607856750488 3.305091619491577 -8.149999618530273
vertex 10.456441879272461 3.409471273422241 7.150000095367432
vertex 10.456441879272461 3.409471273422241 -8.149999618530273
endloop
endfacet
facet normal 0.0 0.0 -0.9999999999999999
outer loop
vertex 9.149999618530273 1.9341233968734741 -8.149999618530273
vertex 10.456441879272461 3.409471273422241 -8.149999618530273
vertex 10.626197814941406 3.5056369304656982 -8.149999618530273
endloop
endfacet
facet normal 0.0 0.0 -1.0
outer loop
vertex 9.597153663635254 9.569403648376465 10.699999809265137
vertex 9.649999618530273 8.645448684692383 10.699999809265137
vertex 9.649999618530273 5.354551792144775 10.699999809265137
endloop
endfacet
facet normal 0.0 0.0 -1.0
outer loop
vertex 9.521503448486328 4.016037464141846 10.699999809265137
vertex 9.649999618530273 5.354551792144775 10.699999809265137
vertex 9.722148895263672 4.157348155975342 10.699999809265137
endloop
endfacet
facet normal -0.534996979417005 0.84485397082258 0.0
outer loop
vertex 9.722148895263672 4.157348155975342 7.150000095367432
vertex 9.722148895263672 4.157348155975342 10.699999809265137
vertex 9.929486274719238 4.288642883300781 10.699999809265137
endloop
endfacet
facet normal 0.0 0.0 -1.0
outer loop
vertex 9.978286743164062 3.072716474533081 7.150000095367432
vertex 9.722148895263672 4.157348155975342 7.150000095367432
vertex 9.929486274719238 4.288642883300781 7.150000095367432
endloop
endfacet
facet normal 0.0 0.0 -1.0
outer loop
vertex 9.978286743164062 3.072716474533081 7.150000095367432
vertex 9.929486274719238 4.288642883300781 7.150000095367432
vertex 10.132095336914062 3.1927499771118164 7.150000095367432
endloop
endfacet
facet normal -0.5758090510604608 0.8175842077222698 0.0
outer loop
vertex 10.132095336914062 3.1927499771118164 -8.149999618530273
vertex 10.132095336914062 3.1927499771118164 7.150000095367432
vertex 10.291607856750488 3.305091619491577 7.150000095367432
endloop
endfacet
facet normal -0.5758090510604608 0.8175842077222698 0.0
outer loop
vertex 10.132095336914062 3.1927499771118164 -8.149999618530273
vertex 10.291607856750488 3.305091619491577 7.150000095367432
vertex 10.291607856750488 3.305091619491577 -8.149999618530273
endloop
endfacet
facet normal 0.0 0.0 -1.0
outer loop
vertex 9.149999618530273 1.9341233968734741 -8.149999618530273
vertex 10.291607856750488 3.305091619491577 -8.149999618530273
vertex 10.456441879272461 3.409471273422241 -8.149999618530273
endloop
endfacet
facet normal 0.0 0.0 -1.0
outer loop
vertex 9.521503448486328 4.016037464141846 10.699999809265137
vertex 9.597153663635254 9.569403648376465 10.699999809265137
vertex 9.649999618530273 5.354551792144775 10.699999809265137
endloop
endfacet
facet normal -0.5758088035886261 0.8175843820119334 0.0
outer loop
vertex 9.521503448486328 4.016037464141846 7.150000095367432
vertex 9.521503448486328 4.016037464141846 10.699999809265137
vertex 9.722148895263672 4.157348155975342 10.699999809265137
endloop
endfacet
facet normal -0.5758088035886261 0.8175843820119334 0.0
outer loop
vertex 9.521503448486328 4.016037464141846 7.150000095367432
vertex 9.722148895263672 4.157348155975342 10.699999809265137
vertex 9.722148895263672 4.157348155975342 7.150000095367432
endloop
endfacet
facet normal 0.0 0.0 -1.0
outer loop
vertex 9.83055305480957 2.9452807903289795 7.150000095367432
vertex 9.722148895263672 4.157348155975342 7.150000095367432
vertex 9.978286743164062 3.072716474533081 7.150000095367432
endloop
endfacet
facet normal -0.6152319024220697 0.7883461842630565 0.0
outer loop
vertex 9.978286743164062 3.072716474533081 -8.149999618530273
vertex 9.978286743164062 3.072716474533081 7.150000095367432
vertex 10.132095336914062 3.1927499771118164 7.150000095367432
endloop
endfacet
facet normal -0.6152319024220697 0.7883461842630565 0.0
outer loop
vertex 9.978286743164062 3.072716474533081 -8.149999618530273
vertex 10.132095336914062 3.1927499771118164 7.150000095367432
vertex 10.132095336914062 3.1927499771118164 -8.149999618530273
endloop
endfacet
facet normal 0.0 0.0 -1.0
outer loop
vertex 9.149999618530273 1.9341233968734741 -8.149999618530273
vertex 10.132095336914062 3.1927499771118164 -8.149999618530273
vertex 10.291607856750488 3.305091619491577 -8.149999618530273
endloop
endfacet
facet normal 0.0 -0.0 -1.0
outer loop
vertex 9.328033447265625 3.8650522232055664 10.699999809265137
vertex 9.597153663635254 9.569403648376465 10.699999809265137
vertex 9.521503448486328 4.016037464141846 10.699999809265137
endloop
endfacet
facet normal -0.6152310082991623 0.7883468820431752 0.0
outer loop
vertex 9.328033447265625 3.8650522232055664 7.150000095367432
vertex 9.521503448486328 4.016037464141846 10.699999809265137
vertex 9.521503448486328 4.016037464141846 7.150000095367432
endloop
endfacet
facet normal 0.0 0.0 -1.0
outer loop
vertex 9.689250946044922 2.8107495307922363 7.150000095367432
vertex 9.521503448486328 4.016037464141846 7.150000095367432
vertex 9.722148895263672 4.157348155975342 7.150000095367432
endloop
endfacet
facet normal 0.0 0.0 -0.9999999999999999
outer loop
vertex 9.689250946044922 2.8107495307922363 7.150000095367432
vertex 9.722148895263672 4.157348155975342 7.150000095367432
vertex 9.83055305480957 2.9452807903289795 7.150000095367432
endloop
endfacet
facet normal -0.6531720442953883 0.7572095354332137 0.0
outer loop
vertex 9.83055305480957 2.9452807903289795 -8.149999618530273
vertex 9.83055305480957 2.9452807903289795 7.150000095367432
vertex 9.978286743164062 3.072716474533081 7.150000095367432
endloop
endfacet
facet normal -0.6531720442953883 0.7572095354332137 0.0
outer loop
vertex 9.83055305480957 2.9452807903289795 -8.149999618530273
vertex 9.978286743164062 3.072716474533081 7.150000095367432
vertex 9.978286743164062 3.072716474533081 -8.149999618530273
endloop
endfacet
facet normal 0.0 0.0 -1.0
outer loop
vertex 9.149999618530273 1.9341233968734741 -8.149999618530273
vertex 9.978286743164062 3.072716474533081 -8.149999618530273
vertex 10.132095336914062 3.1927499771118164 -8.149999618530273
endloop
endfacet
facet normal -0.6152310082991623 0.7883468820431752 0.0
outer loop
vertex 9.328033447265625 3.8650522232055664 7.150000095367432
vertex 9.328033447265625 3.8650522232055664 10.699999809265137
vertex 9.521503448486328 4.016037464141846 10.699999809265137
endloop
endfacet
facet normal 0.0 0.0 -1.0
outer loop
vertex 9.554718971252441 2.6694469451904297 7.150000095367432
vertex 9.328033447265625 3.8650522232055664 7.150000095367432
vertex 9.521503448486328 4.016037464141846 7.150000095367432
endloop
endfacet
facet normal 0.0 0.0 -1.0
outer loop
vertex 9.554718971252441 2.6694469451904297 7.150000095367432
vertex 9.521503448486328 4.016037464141846 7.150000095367432
vertex 9.689250946044922 2.8107495307922363 7.150000095367432
endloop
endfacet
facet normal -0.6895418040240044 0.7242458840085466 0.0
outer loop
vertex 9.689250946044922 2.8107495307922363 -8.149999618530273
vertex 9.689250946044922 2.8107495307922363 7.150000095367432
vertex 9.83055305480957 2.9452807903289795 7.150000095367432
endloop
endfacet
facet normal -0.6895418040240044 0.7242458840085466 0.0
outer loop
vertex 9.689250946044922 2.8107495307922363 -8.149999618530273
vertex 9.83055305480957 2.9452807903289795 7.150000095367432
vertex 9.83055305480957 2.9452807903289795 -8.149999618530273
endloop
endfacet
facet normal 0.0 0.0 -1.0
outer loop
vertex 9.149999618530273 1.9341233968734741 -8.149999618530273
vertex 9.83055305480957 2.9452807903289795 -8.149999618530273
vertex 9.978286743164062 3.072716474533081 -8.149999618530273
endloop
endfacet
facet normal -0.6531732241155535 0.7572085177139076 0.0
outer loop
vertex 9.142205238342285 3.7047555446624756 7.150000095367432
vertex 9.328033447265625 3.8650522232055664 10.699999809265137
vertex 9.328033447265625 3.8650522232055664 7.150000095367432
endloop
endfacet
facet normal 0.0 0.0 -1.0
outer loop
vertex 9.42728328704834 2.5217132568359375 7.150000095367432
vertex 9.328033447265625 3.8650522232055664 7.150000095367432
vertex 9.554718971252441 2.6694469451904297 7.150000095367432
endloop
endfacet
facet normal -0.7242452152525695 0.689542506437246 0.0
outer loop
vertex 9.554718971252441 2.6694469451904297 -8.149999618530273
vertex 9.554718971252441 2.6694469451904297 7.150000095367432
vertex 9.689250946044922 2.8107495307922363 7.150000095367432
endloop
endfacet
facet normal -0.7242452152525695 0.689542506437246 0.0
outer loop
vertex 9.554718971252441 2.6694469451904297 -8.149999618530273
vertex 9.689250946044922 2.8107495307922363 7.150000095367432
vertex 9.689250946044922 2.8107495307922363 -8.149999618530273
endloop
endfacet
facet normal 0.0 0.0 -1.0
outer loop
vertex 9.149999618530273 1.9341233968734741 -8.149999618530273
vertex 9.689250946044922 2.8107495307922363 -8.149999618530273
vertex 9.83055305480957 2.9452807903289795 -8.149999618530273
endloop
endfacet
facet normal 0.0 0.0 -1.0
outer loop
vertex 9.307250022888184 2.3679046630859375 7.150000095367432
vertex 9.142205238342285 3.7047555446624756 7.150000095367432
vertex 9.328033447265625 3.8650522232055664 7.150000095367432
endloop
endfacet
facet normal 0.0 0.0 -1.0
outer loop
vertex 9.307250022888184 2.3679046630859375 7.150000095367432
vertex 9.328033447265625 3.8650522232055664 7.150000095367432
vertex 9.42728328704834 2.5217132568359375 7.150000095367432
endloop
endfacet
facet normal -0.7572095354332137 0.6531720442953883 0.0
outer loop
vertex 9.42728328704834 2.5217132568359375 -8.149999618530273
vertex 9.42728328704834 2.5217132568359375 7.150000095367432
vertex 9.554718971252441 2.6694469451904297 7.150000095367432
endloop
endfacet
facet normal -0.7572095354332137 0.6531720442953883 0.0
outer loop
vertex 9.42728328704834 2.5217132568359375 -8.149999618530273
vertex 9.554718971252441 2.6694469451904297 7.150000095367432
vertex 9.554718971252441 2.6694469451904297 -8.149999618530273
endloop
endfacet
facet normal 0.0 0.0 -1.0
outer loop
vertex 9.149999618530273 1.9341233968734741 -8.149999618530273
vertex 9.554718971252441 2.6694469451904297 -8.149999618530273
vertex 9.689250946044922 2.8107495307922363 -8.149999618530273
endloop
endfacet
facet normal 0.0 0.0 -1.0
outer loop
vertex 9.194908142089844 2.2083916664123535 7.150000095367432
vertex 9.142205238342285 3.7047555446624756 7.150000095367432
vertex 9.307250022888184 2.3679046630859375 7.150000095367432
endloop
endfacet
facet normal -0.788346776959525 0.6152311429515975 0.0
outer loop
vertex 9.307250022888184 2.3679046630859375 -8.149999618530273
vertex 9.307250022888184 2.3679046630859375 7.150000095367432
vertex 9.42728328704834 2.5217132568359375 7.150000095367432
endloop
endfacet
facet normal -0.788346776959525 0.6152311429515975 0.0
outer loop
vertex 9.307250022888184 2.3679046630859375 -8.149999618530273
vertex 9.42728328704834 2.5217132568359375 7.150000095367432
vertex 9.42728328704834 2.5217132568359375 -8.149999618530273
endloop
endfacet
facet normal 0.0 0.0 -1.0
outer loop
vertex 9.149999618530273 1.9341233968734741 -8.149999618530273
vertex 9.42728328704834 2.5217132568359375 -8.149999618530273
vertex 9.554718971252441 2.6694469451904297 -8.149999618530273
endloop
endfacet
facet normal 0.0 0.0 -1.0
outer loop
vertex 8.964466094970703 -3.535533905029297 7.150000095367432
vertex 8.994362831115723 -1.8738020658493042 7.150000095367432
vertex 9.09052848815918 -2.043558359146118 7.150000095367432
endloop
endfacet
facet normal -0.8175844427643049 0.575808717327014 0.0
outer loop
vertex 9.194908142089844 2.2083916664123535 -8.149999618530273
vertex 9.194908142089844 2.2083916664123535 7.150000095367432
vertex 9.307250022888184 2.3679046630859375 7.150000095367432
endloop
endfacet
facet normal -0.8175844427643049 0.575808717327014 0.0
outer loop
vertex 9.194908142089844 2.2083916664123535 -8.149999618530273
vertex 9.307250022888184 2.3679046630859375 7.150000095367432
vertex 9.307250022888184 2.3679046630859375 -8.149999618530273
endloop
endfacet
facet normal 0.0 0.0 -1.0
outer loop
vertex 9.149999618530273 1.9341233968734741 -8.149999618530273
vertex 9.307250022888184 2.3679046630859375 -8.149999618530273
vertex 9.42728328704834 2.5217132568359375 -8.149999618530273
endloop
endfacet
facet normal -0.8700872005450946 -0.492897822522681 0.0
outer loop
vertex 9.09052848815918 -2.043558359146118 -8.149999618530273
vertex 9.09052848815918 -2.043558359146118 7.150000095367432
vertex 8.994362831115723 -1.8738020658493042 7.150000095367432
endloop
endfacet
facet normal -0.844853302835088 0.5349980342848404 0.0
outer loop
vertex 9.09052848815918 2.043558359146118 -8.149999618530273
vertex 9.194908142089844 2.2083916664123535 7.150000095367432
vertex 9.194908142089844 2.2083916664123535 -8.149999618530273
endloop
endfacet
facet normal 0.0 0.0 -1.0
outer loop
vertex 9.149999618530273 1.9341233968734741 -8.149999618530273
vertex 9.194908142089844 2.2083916664123535 -8.149999618530273
vertex 9.307250022888184 2.3679046630859375 -8.149999618530273
endloop
endfacet
facet normal -0.8700872005450946 -0.492897822522681 -0.0
outer loop
vertex 9.09052848815918 -2.043558359146118 -8.149999618530273
vertex 8.994362831115723 -1.8738020658493042 7.150000095367432
vertex 8.994362831115723 -1.8738020658493042 -8.149999618530273
endloop
endfacet
facet normal 0.0 0.0 -1.0
outer loop
vertex 9.149999618530273 1.9341233968734741 -8.149999618530273
vertex 9.09052848815918 2.043558359146118 -8.149999618530273
vertex 9.194908142089844 2.2083916664123535 -8.149999618530273
endloop
endfacet
facet normal 0.0 0.0 -1.0
outer loop
vertex 9.09052848815918 -2.043558359146118 -8.149999618530273
vertex 8.994362831115723 -1.8738020658493042 -8.149999618530273
vertex 9.09052848815918 2.043558359146118 -8.149999618530273
endloop
endfacet
facet normal 0.0 0.0 -1.0
outer loop
vertex 9.149999618530273 -1.9341233968734741 -8.149999618530273
vertex 9.09052848815918 2.043558359146118 -8.149999618530273
vertex 9.149999618530273 1.9341233968734741 -8.149999618530273
endloop
endfacet
facet normal 0.0 0.0 -0.9999999999999999
outer loop
vertex 9.09052848815918 -2.043558359146118 -8.149999618530273
vertex 9.09052848815918 2.043558359146118 -8.149999618530273
vertex 9.149999618530273 -1.9341233968734741 -8.149999618530273
endloop
endfacet
facet normal 0.0 0.0 -1.0
outer loop
vertex 8.211357116699219 2.5705137252807617 10.699999809265137
vertex 8.224449157714844 9.03989315032959 10.699999809265137
vertex 8.342652320861816 2.777851104736328 10.699999809265137
endloop
endfacet
facet normal 0.0 -0.0 -1.0
outer loop
vertex 8.090394020080566 2.3569836616516113 10.699999809265137
vertex 8.224449157714844 9.03989315032959 10.699999809265137
vertex 8.211357116699219 2.5705137252807617 10.699999809265137
endloop
endfacet
facet normal 0.0 -0.0 -1.0
outer loop
vertex 7.980053424835205 2.137775421142578 10.699999809265137
vertex 8.224449157714844 9.03989315032959 10.699999809265137
vertex 8.090394020080566 2.3569836616516113 10.699999809265137
endloop
endfacet
facet normal -0.8932235819353159 0.4496127585763597 0.0
outer loop
vertex 7.980053424835205 2.137775421142578 7.150000095367432
vertex 7.980053424835205 2.137775421142578 10.699999809265137
vertex 8.090394020080566 2.3569836616516113 10.699999809265137
endloop
endfacet
facet normal -0.9142091651543215 0.4052426462600385 0.0
outer loop
vertex 7.88060188293457 1.9134172201156616 7.150000095367432
vertex 7.980053424835205 2.137775421142578 10.699999809265137
vertex 7.980053424835205 2.137775421142578 7.150000095367432
endloop
endfacet
facet normal 0.0 0.0 -1.0
outer loop
vertex 7.88060188293457 -1.9134172201156616 7.150000095367432
vertex 7.88060188293457 1.9134172201156616 7.150000095367432
vertex 7.980053424835205 2.137775421142578 7.150000095367432
endloop
endfacet
facet normal 0.0 0.0 1.0
outer loop
vertex 8.350000381469727 -1.6454482078552246 10.600000381469727
vertex 7.7922797203063965 -1.684449315071106 10.600000381469727
vertex 7.88060188293457 -1.9134172201156616 10.600000381469727
endloop
endfacet
facet normal 0.0 0.0 1.0
outer loop
vertex 8.350000381469727 -1.6454482078552246 10.600000381469727
vertex 7.715298175811768 -1.4514234066009521 10.600000381469727
vertex 7.7922797203063965 -1.684449315071106 10.600000381469727
endloop
endfacet
facet normal 0.0 0.0 -1.0
outer loop
vertex 7.88060188293457 -1.9134172201156616 7.150000095367432
vertex 7.7922797203063965 -1.684449315071106 7.150000095367432
vertex 7.88060188293457 1.9134172201156616 7.150000095367432
endloop
endfacet
facet normal -0.932993489318943 -0.35989324651688526 0.0
outer loop
vertex 7.88060188293457 -1.9134172201156616 7.150000095367432
vertex 7.88060188293457 -1.9134172201156616 10.600000381469727
vertex 7.7922797203063965 -1.684449315071106 10.600000381469727
endloop
endfacet
facet normal -0.9495279590118826 -0.31368241113382306 0.0
outer loop
vertex 7.7922797203063965 -1.684449315071106 7.150000095367432
vertex 7.7922797203063965 -1.684449315071106 10.600000381469727
vertex 7.715298175811768 -1.4514234066009521 10.600000381469727
endloop
endfacet
facet normal -0.932993489318943 -0.35989324651688526 -0.0
outer loop
vertex 7.88060188293457 -1.9134172201156616 7.150000095367432
vertex 7.7922797203063965 -1.684449315071106 10.600000381469727
vertex 7.7922797203063965 -1.684449315071106 7.150000095367432
endloop
endfacet
facet normal -0.8700873236624591 0.4928976051898601 0.0
outer loop
vertex 8.090394020080566 2.3569836616516113 7.150000095367432
vertex 8.211357116699219 2.5705137252807617 10.699999809265137
vertex 8.211357116699219 2.5705137252807617 7.150000095367432
endloop
endfacet
facet normal 0.0 0.0 -1.0
outer loop
vertex 7.786032676696777 -8.819212913513184 10.699999809265137
vertex 7.881674766540527 -1.9158360958099365 10.699999809265137
vertex 7.980053424835205 -2.137775421142578 10.699999809265137
endloop
endfacet
facet normal 0.0 0.0 -1.0
outer loop
vertex 8.211357116699219 -2.5705137252807617 7.150000095367432
vertex 8.090394020080566 -2.3569836616516113 7.150000095367432
vertex 8.211357116699219 2.5705137252807617 7.150000095367432
endloop
endfacet
facet normal 0.0 0.0 -1.0
outer loop
vertex 8.090394020080566 -2.3569836616516113 7.150000095367432
vertex 8.090394020080566 2.3569836616516113 7.150000095367432
vertex 8.211357116699219 2.5705137252807617 7.150000095367432
endloop
endfacet
facet normal 0.0 0.0 -1.0
outer loop
vertex 7.786032676696777 -8.819212913513184 10.699999809265137
vertex 7.980053424835205 -2.137775421142578 10.699999809265137
vertex 8.090394020080566 -2.3569836616516113 10.699999809265137
endloop
endfacet
facet normal -0.8700873236624591 -0.4928976051898601 -0.0
outer loop
vertex 8.211357116699219 -2.5705137252807617 7.150000095367432
vertex 8.090394020080566 -2.3569836616516113 10.699999809265137
vertex 8.090394020080566 -2.3569836616516113 7.150000095367432
endloop
endfacet
facet normal 0.0 0.0 -1.0
outer loop
vertex 8.090394020080566 -2.3569836616516113 7.150000095367432
vertex 7.980053424835205 -2.137775421142578 7.150000095367432
vertex 8.090394020080566 2.3569836616516113 7.150000095367432
endloop
endfacet
facet normal -0.8932235819353159 -0.4496127585763597 0.0
outer loop
vertex 8.090394020080566 -2.3569836616516113 7.150000095367432
vertex 8.090394020080566 -2.3569836616516113 10.699999809265137
vertex 7.980053424835205 -2.137775421142578 10.699999809265137
endloop
endfacet
facet normal -0.8932235819353159 -0.4496127585763597 -0.0
outer loop
vertex 8.090394020080566 -2.3569836616516113 7.150000095367432
vertex 7.980053424835205 -2.137775421142578 10.699999809265137
vertex 7.980053424835205 -2.137775421142578 7.150000095367432
endloop
endfacet
facet normal -0.6895403474088935 -0.7242472708234544 0.0
outer loop
vertex 9.142205238342285 -3.7047555446624756 7.150000095367432
vertex 9.142205238342285 -3.7047555446624756 10.699999809265137
vertex 8.964466094970703 -3.535533905029297 10.699999809265137
endloop
endfacet
facet normal -0.6895403474088935 -0.7242472708234544 0.0
outer loop
vertex 8.964466094970703 -3.535533905029297 7.150000095367432
vertex 9.142205238342285 -3.7047555446624756 7.150000095367432
vertex 8.964466094970703 -3.535533905029297 10.699999809265137
endloop
endfacet
facet normal 0.0 0.0 -1.0
outer loop
vertex 9.142205238342285 -3.7047555446624756 7.150000095367432
vertex 9.09052848815918 -2.043558359146118 7.150000095367432
vertex 9.194908142089844 -2.2083916664123535 7.150000095367432
endloop
endfacet
facet normal 0.0 0.0 -1.0
outer loop
vertex 8.964466094970703 -3.535533905029297 7.150000095367432
vertex 9.09052848815918 -2.043558359146118 7.150000095367432
vertex 9.142205238342285 -3.7047555446624756 7.150000095367432
endloop
endfacet
facet normal -0.7242467856575193 -0.68954085699453 0.0
outer loop
vertex 8.964466094970703 -3.535533905029297 7.150000095367432
vertex 8.964466094970703 -3.535533905029297 10.699999809265137
vertex 8.795244216918945 -3.357794761657715 10.699999809265137
endloop
endfacet
facet normal -0.7242467856575193 -0.68954085699453 -0.0
outer loop
vertex 8.964466094970703 -3.535533905029297 7.150000095367432
vertex 8.795244216918945 -3.357794761657715 10.699999809265137
vertex 8.795244216918945 -3.357794761657715 7.150000095367432
endloop
endfacet
facet normal 0.0 0.0 -1.0
outer loop
vertex 8.795244216918945 -3.357794761657715 7.150000095367432
vertex 8.8275785446167 -1.5211666822433472 7.150000095367432
vertex 8.90664291381836 -1.6995315551757812 7.150000095367432
endloop
endfacet
facet normal 0.0 0.0 -1.0
outer loop
vertex 8.964466094970703 -3.535533905029297 7.150000095367432
vertex 8.795244216918945 -3.357794761657715 7.150000095367432
vertex 8.90664291381836 -1.6995315551757812 7.150000095367432
endloop
endfacet
facet normal -0.534996979417005 0.84485397082258 0.0
outer loop
vertex 6.944297790527344 8.314696311950684 10.699999809265137
vertex 7.358972549438477 8.577285766601562 16.700000762939453
vertex 7.358972549438477 8.577285766601562 10.699999809265137
endloop
endfacet
facet normal 0.0 -0.0 -1.0
outer loop
vertex 6.944297790527344 8.314696311950684 10.699999809265137
vertex 7.358972549438477 8.577285766601562 10.699999809265137
vertex 5.5 3.290896415710449 10.699999809265137
endloop
endfacet
facet normal -0.5758088035886261 0.8175843820119333 0.0
outer loop
vertex 6.543006896972656 8.032074928283691 10.699999809265137
vertex 6.944297790527344 8.314696311950684 16.700000762939453
vertex 6.944297790527344 8.314696311950684 10.699999809265137
endloop
endfacet
facet normal 0.0 0.0 1.0
outer loop
vertex 5.78441047668457 7.409511089324951 16.700000762939453
vertex 5.5 1.7000000476837158 16.700000762939453
vertex 5.749441623687744 1.6816000938415527 16.700000762939453
endloop
endfacet
facet normal 0.0 -0.0 -0.9999999999999999
outer loop
vertex 6.543006896972656 8.032074928283691 10.699999809265137
vertex 6.944297790527344 8.314696311950684 10.699999809265137
vertex 5.5 3.290896415710449 10.699999809265137
endloop
endfacet
facet normal -0.6152314794930165 0.7883465143202157 0.0
outer loop
vertex 6.156067371368408 7.730104446411133 10.699999809265137
vertex 6.543006896972656 8.032074928283691 16.700000762939453
vertex 6.543006896972656 8.032074928283691 10.699999809265137
endloop
endfacet
facet normal -0.0 0.0 0.9999999999999999
outer loop
vertex 5.428932189941406 7.071067810058594 16.700000762939453
vertex 5.5 1.7000000476837158 16.700000762939453
vertex 5.78441047668457 7.409511089324951 16.700000762939453
endloop
endfacet
facet normal -0.07356469988390966 -0.9972904466257512 0.0
outer loop
vertex 5.5 1.7000000476837158 13.300000190734863
vertex 5.749441623687744 1.6816000938415527 13.300000190734863
vertex 5.749441623687744 1.6816000938415527 16.700000762939453
endloop
endfacet
facet normal -0.07356469988390966 -0.9972904466257512 0.0
outer loop
vertex 5.5 1.7000000476837158 13.300000190734863
vertex 5.749441623687744 1.6816000938415527 16.700000762939453
vertex 5.5 1.7000000476837158 16.700000762939453
endloop
endfacet
facet normal -0.0 0.0 1.0
outer loop
vertex 5.428932189941406 7.071067810058594 16.700000762939453
vertex 5.250558376312256 1.6816000938415527 16.700000762939453
vertex 5.5 1.7000000476837158 16.700000762939453
endloop
endfacet
facet normal -0.0 0.0 1.0
outer loop
vertex 5.090488910675049 6.71558952331543 16.700000762939453
vertex 5.250558376312256 1.6816000938415527 16.700000762939453
vertex 5.428932189941406 7.071067810058594 16.700000762939453
endloop
endfacet
facet normal 0.0 -0.0 -0.9999999999999999
outer loop
vertex 6.156067371368408 7.730104446411133 10.699999809265137
vertex 6.543006896972656 8.032074928283691 10.699999809265137
vertex 5.5 3.290896415710449 10.699999809265137
endloop
endfacet
facet normal -0.6531727436219525 0.757208932190694 0.0
outer loop
vertex 5.78441047668457 7.409511089324951 10.699999809265137
vertex 6.156067371368408 7.730104446411133 16.700000762939453
vertex 6.156067371368408 7.730104446411133 10.699999809265137
endloop
endfacet
facet normal -0.6895403474088936 0.7242472708234546 0.0
outer loop
vertex 5.428932189941406 7.071067810058594 10.699999809265137
vertex 5.428932189941406 7.071067810058594 16.700000762939453
vertex 5.78441047668457 7.409511089324951 16.700000762939453
endloop
endfacet
facet normal 0.0 0.0 -1.0
outer loop
vertex 5.5 1.7000000476837158 13.300000190734863
vertex 5.5 3.290896415710449 13.300000190734863
vertex 5.749441623687744 1.6816000938415527 13.300000190734863
endloop
endfacet
facet normal 0.07356469988390966 -0.9972904466257512 0.0
outer loop
vertex 5.250558376312256 1.6816000938415527 13.300000190734863
vertex 5.5 1.7000000476837158 13.300000190734863
vertex 5.5 1.7000000476837158 16.700000762939453
endloop
endfacet
facet normal 0.07356469988390966 -0.9972904466257512 0.0
outer loop
vertex 5.250558376312256 1.6816000938415527 13.300000190734863
vertex 5.5 1.7000000476837158 16.700000762939453
vertex 5.250558376312256 1.6816000938415527 16.700000762939453
endloop
endfacet
facet normal -0.0 0.0 1.0
outer loop
vertex 5.090488910675049 6.71558952331543 16.700000762939453
vertex 5.086933612823486 1.6490530967712402 16.700000762939453
vertex 5.250558376312256 1.6816000938415527 16.700000762939453
endloop
endfacet
facet normal 0.0 -0.0 -0.9999999999999999
outer loop
vertex 5.78441047668457 7.409511089324951 10.699999809265137
vertex 6.156067371368408 7.730104446411133 10.699999809265137
vertex 5.5 3.290896415710449 10.699999809265137
endloop
endfacet
facet normal -0.6895403474088936 0.7242472708234546 0.0
outer loop
vertex 5.428932189941406 7.071067810058594 10.699999809265137
vertex 5.78441047668457 7.409511089324951 16.700000762939453
vertex 5.78441047668457 7.409511089324951 10.699999809265137
endloop
endfacet
facet normal -0.7242472708234546 0.6895403474088936 0.0
outer loop
vertex 5.090488910675049 6.71558952331543 10.699999809265137
vertex 5.428932189941406 7.071067810058594 16.700000762939453
vertex 5.428932189941406 7.071067810058594 10.699999809265137
endloop
endfacet
facet normal 0.0 0.0 -1.0
outer loop
vertex 5.250558376312256 1.6816000938415527 13.300000190734863
vertex 5.5 3.290896415710449 13.300000190734863
vertex 5.5 1.7000000476837158 13.300000190734863
endloop
endfacet
facet normal 0.1950903681602182 -0.980785271224599 0.0
outer loop
vertex 5.086933612823486 1.6490530967712402 13.300000190734863
vertex 5.250558376312256 1.6816000938415527 13.300000190734863
vertex 5.250558376312256 1.6816000938415527 16.700000762939453
endloop
endfacet
facet normal 0.1950903681602182 -0.980785271224599 0.0
outer loop
vertex 5.086933612823486 1.6490530967712402 13.300000190734863
vertex 5.250558376312256 1.6816000938415527 16.700000762939453
vertex 5.086933612823486 1.6490530967712402 16.700000762939453
endloop
endfacet
facet normal 0.0 -0.0 -1.0
outer loop
vertex 5.428932189941406 7.071067810058594 10.699999809265137
vertex 5.78441047668457 7.409511089324951 10.699999809265137
vertex 5.5 3.290896415710449 10.699999809265137
endloop
endfacet
facet normal 0.0 -0.0 -1.0
outer loop
vertex 5.090488910675049 6.71558952331543 10.699999809265137
vertex 5.428932189941406 7.071067810058594 10.699999809265137
vertex 2.6500000953674316 1.6454482078552246 10.699999809265137
endloop
endfacet
facet normal 0.0 -0.0 -1.0
outer loop
vertex 5.086933612823486 1.6490530967712402 13.300000190734863
vertex 5.5 3.290896415710449 13.300000190734863
vertex 5.250558376312256 1.6816000938415527 13.300000190734863
endloop
endfacet
facet normal 0.3136815329994167 -0.9495282491085433 0.0
outer loop
vertex 4.849438190460205 1.5705952644348145 13.300000190734863
vertex 5.086933612823486 1.6490530967712402 13.300000190734863
vertex 5.086933612823486 1.6490530967712402 16.700000762939453
endloop
endfacet
facet normal 0.0 -0.0 -0.9999999999999999
outer loop
vertex 5.428932189941406 7.071067810058594 10.699999809265137
vertex 5.5 3.290896415710449 10.699999809265137
vertex 2.6500000953674316 1.6454482078552246 10.699999809265137
endloop
endfacet
facet normal 0.0 -0.0 -1.0
outer loop
vertex 4.849438190460205 1.5705952644348145 13.300000190734863
vertex 5.5 3.290896415710449 13.300000190734863
vertex 5.086933612823486 1.6490530967712402 13.300000190734863
endloop
endfacet
facet normal 0.49999999902576775 -0.8660254043469119 0.0
outer loop
vertex 5.5 3.290896415710449 13.300000190734863
vertex 2.6500000953674316 1.6454482078552246 10.699999809265137
vertex 5.5 3.290896415710449 10.699999809265137
endloop
endfacet
facet normal 0.0 -0.0 -1.0
outer loop
vertex 2.6500000953674316 1.6454482078552246 13.300000190734863
vertex 5.5 3.290896415710449 13.300000190734863
vertex 4.849438190460205 1.5705952644348145 13.300000190734863
endloop
endfacet
facet normal 0.49999999902576775 -0.8660254043469119 0.0
outer loop
vertex 2.6500000953674316 1.6454482078552246 13.300000190734863
vertex 2.6500000953674316 1.6454482078552246 10.699999809265137
vertex 5.5 3.290896415710449 13.300000190734863
endloop
endfacet
facet normal -1.0 0.0 0.0
outer loop
vertex 8.350000381469727 -1.6454482078552246 10.600000381469727
vertex 8.350000381469727 -1.6454482078552246 13.300000190734863
vertex 8.350000381469727 1.6454482078552246 10.600000381469727
endloop
endfacet
facet normal 1.0 -0.0 0.0
outer loop
vertex 2.6500000953674316 1.6454482078552246 13.300000190734863
vertex 2.6500000953674316 -1.6454482078552246 10.699999809265137
vertex 2.6500000953674316 1.6454482078552246 10.699999809265137
endloop
endfacet
facet normal 0.0 0.0 -1.0
outer loop
vertex 2.6500000953674316 -1.6454482078552246 13.300000190734863
vertex 2.6500000953674316 1.6454482078552246 13.300000190734863
vertex 3.9294044971466064 -0.6505618095397949 13.300000190734863
endloop
endfacet
facet normal -0.499999936284041 0.8660254405708618 0.0
outer loop
vertex 5.5 -3.290896415710449 13.300000190734863
vertex 8.350000381469727 -1.6454482078552246 13.300000190734863
vertex 8.350000381469727 -1.6454482078552246 10.600000381469727
endloop
endfacet
facet normal 1.0 -0.0 0.0
outer loop
vertex 2.6500000953674316 -1.6454482078552246 13.300000190734863
vertex 2.6500000953674316 -1.6454482078552246 10.699999809265137
vertex 2.6500000953674316 1.6454482078552246 13.300000190734863
endloop
endfacet
facet normal -0.4999999614367533 0.8660254260489375 -3.54001187565476e-08
outer loop
vertex 5.5 -3.290896415710449 13.300000190734863
vertex 8.350000381469727 -1.6454482078552246 10.600000381469727
vertex 7.881674766540527 -1.9158360958099365 10.699999809265137
endloop
endfacet
facet normal 0.49999999902576775 0.8660254043469119 0.0
outer loop
vertex 2.6500000953674316 -1.6454482078552246 13.300000190734863
vertex 5.5 -3.290896415710449 10.699999809265137
vertex 2.6500000953674316 -1.6454482078552246 10.699999809265137
endloop
endfacet
facet normal -0.49999993245284363 0.8660254427828041 0.0
outer loop
vertex 5.5 -3.290896415710449 13.300000190734863
vertex 7.881674766540527 -1.9158360958099365 10.699999809265137
vertex 5.5 -3.290896415710449 10.699999809265137
endloop
endfacet
facet normal 0.49999999902576775 0.8660254043469119 0.0
outer loop
vertex 2.6500000953674316 -1.6454482078552246 13.300000190734863
vertex 5.5 -3.290896415710449 13.300000190734863
vertex 5.5 -3.290896415710449 10.699999809265137
endloop
endfacet
facet normal 0.0 -0.0 1.0
outer loop
vertex 7.358972549438477 -8.577285766601562 16.700000762939453
vertex 7.358972549438477 8.577285766601562 16.700000762939453
vertex 7.199999809265137 0.0 16.700000762939453
endloop
endfacet
facet normal 0.0 0.0 0.9999999999999999
outer loop
vertex 7.358972549438477 -8.577285766601562 16.700000762939453
vertex 7.199999809265137 0.0 16.700000762939453
vertex 7.181600093841553 -0.24944180250167847 16.700000762939453
endloop
endfacet
facet normal -0.8700871130225818 0.4928979770216439 0.0
outer loop
vertex 7.0367817878723145 -0.7268436551094055 13.300000190734863
vertex 6.913498401641846 -0.9444693922996521 16.700000762939453
vertex 7.0367817878723145 -0.7268436551094055 16.700000762939453
endloop
endfacet
facet normal -0.8032077139734276 0.595699058429322 0.0
outer loop
vertex 6.913498401641846 -0.9444693922996521 13.300000190734863
vertex 6.814117908477783 -1.0784685611724854 16.700000762939453
vertex 6.913498401641846 -0.9444693922996521 16.700000762939453
endloop
endfacet
facet normal 0.0 0.0 0.9999999999999999
outer loop
vertex 7.358972549438477 -8.577285766601562 16.700000762939453
vertex 7.181600093841553 -0.24944180250167847 16.700000762939453
vertex 7.14905309677124 -0.4130662977695465 16.700000762939453
endloop
endfacet
facet normal 0.0 -0.0 1.0
outer loop
vertex 6.944297790527344 -8.314696311950684 16.700000762939453
vertex 7.0367817878723145 -0.7268436551094055 16.700000762939453
vertex 6.913498401641846 -0.9444693922996521 16.700000762939453
endloop
endfacet
facet normal 0.0 -0.0 1.0
outer loop
vertex 6.543006896972656 -8.032074928283691 16.700000762939453
vertex 6.913498401641846 -0.9444693922996521 16.700000762939453
vertex 6.814117908477783 -1.0784685611724854 16.700000762939453
endloop
endfacet
facet normal 0.0 0.0 1.0
outer loop
vertex 7.358972549438477 -8.577285766601562 16.700000762939453
vertex 7.14905309677124 -0.4130662977695465 16.700000762939453
vertex 7.0705952644348145 -0.6505618095397949 16.700000762939453
endloop
endfacet
facet normal 0.0 -0.0 1.0
outer loop
vertex 6.944297790527344 -8.314696311950684 16.700000762939453
vertex 7.0705952644348145 -0.6505618095397949 16.700000762939453
vertex 7.0367817878723145 -0.7268436551094055 16.700000762939453
endloop
endfacet
facet normal -0.0 -0.0 1.0
outer loop
vertex 6.543006896972656 -8.032074928283691 16.700000762939453
vertex 6.944297790527344 -8.314696311950684 16.700000762939453
vertex 6.913498401641846 -0.9444693922996521 16.700000762939453
endloop
endfacet
facet normal 0.0 -0.0 -1.0
outer loop
vertex 7.358972549438477 -8.577285766601562 10.699999809265137
vertex 7.881674766540527 -1.9158360958099365 10.699999809265137
vertex 7.786032676696777 -8.819212913513184 10.699999809265137
endloop
endfacet
facet normal -0.0 -0.0 1.0
outer loop
vertex 6.944297790527344 -8.314696311950684 16.700000762939453
vertex 7.358972549438477 -8.577285766601562 16.700000762939453
vertex 7.0705952644348145 -0.6505618095397949 16.700000762939453
endloop
endfacet
facet normal -0.49289907614342127 -0.8700864903772277 0.0
outer loop
vertex 7.358972549438477 -8.577285766601562 10.699999809265137
vertex 7.786032676696777 -8.819212913513184 10.699999809265137
vertex 7.358972549438477 -8.577285766601562 16.700000762939453
endloop
endfacet
facet normal -0.5758088035886261 -0.8175843820119333 0.0
outer loop
vertex 6.944297790527344 -8.314696311950684 10.699999809265137
vertex 6.944297790527344 -8.314696311950684 16.700000762939453
vertex 6.543006896972656 -8.032074928283691 16.700000762939453
endloop
endfacet
facet normal 0.0 -0.0 -1.0
outer loop
vertex 6.944297790527344 -8.314696311950684 10.699999809265137
vertex 7.881674766540527 -1.9158360958099365 10.699999809265137
vertex 7.358972549438477 -8.577285766601562 10.699999809265137
endloop
endfacet
facet normal -0.534996979417005 -0.84485397082258 0.0
outer loop
vertex 7.358972549438477 -8.577285766601562 10.699999809265137
vertex 7.358972549438477 -8.577285766601562 16.700000762939453
vertex 6.944297790527344 -8.314696311950684 16.700000762939453
endloop
endfacet
facet normal -0.534996979417005 -0.84485397082258 0.0
outer loop
vertex 6.944297790527344 -8.314696311950684 10.699999809265137
vertex 7.358972549438477 -8.577285766601562 10.699999809265137
vertex 6.944297790527344 -8.314696311950684 16.700000762939453
endloop
endfacet
facet normal -0.40524120229627486 0.9142098052205901 0.0
outer loop
vertex 8.224449157714844 9.03989315032959 10.699999809265137
vertex 8.224449157714844 9.03989315032959 16.700000762939453
vertex 8.673165321350098 9.238795280456543 16.700000762939453
endloop
endfacet
facet normal -0.49289907614342127 0.8700864903772277 0.0
outer loop
vertex 7.358972549438477 8.577285766601562 10.699999809265137
vertex 7.786032676696777 8.819212913513184 16.700000762939453
vertex 7.786032676696777 8.819212913513184 10.699999809265137
endloop
endfacet
facet normal -0.44961120835282814 0.8932243622536892 0.0
outer loop
vertex 7.786032676696777 8.819212913513184 10.699999809265137
vertex 8.224449157714844 9.03989315032959 16.700000762939453
vertex 8.224449157714844 9.03989315032959 10.699999809265137
endloop
endfacet
facet normal 0.0 -0.0 -1.0
outer loop
vertex 7.358972549438477 8.577285766601562 10.699999809265137
vertex 7.786032676696777 8.819212913513184 10.699999809265137
vertex 5.5 3.290896415710449 10.699999809265137
endloop
endfacet
facet normal 0.0 0.0 -1.0
outer loop
vertex 7.980053424835205 2.137775421142578 10.699999809265137
vertex 7.786032676696777 8.819212913513184 10.699999809265137
vertex 8.224449157714844 9.03989315032959 10.699999809265137
endloop
endfacet
facet normal -0.499999936284041 -0.8660254405708617 -0.0
outer loop
vertex 5.5 3.290896415710449 13.300000190734863
vertex 5.5 3.290896415710449 10.699999809265137
vertex 8.350000381469727 1.6454482078552246 13.300000190734863
endloop
endfacet
facet normal -0.49999995576763423 -0.8660254293220054 0.0
outer loop
vertex 8.350000381469727 1.6454482078552246 10.600000381469727
vertex 8.350000381469727 1.6454482078552246 13.300000190734863
vertex 7.881674766540527 1.9158360958099365 10.699999809265137
endloop
endfacet
facet normal 0.0 0.0 -1.0
outer loop
vertex 7.980053424835205 2.137775421142578 10.699999809265137
vertex 5.5 3.290896415710449 10.699999809265137
vertex 7.786032676696777 8.819212913513184 10.699999809265137
endloop
endfacet
facet normal -0.9142101808002072 0.40524035500089645 0.0
outer loop
vertex 7.980053424835205 2.137775421142578 10.699999809265137
vertex 7.881674766540527 1.9158360958099365 10.600000381469727
vertex 7.881674766540527 1.9158360958099365 10.699999809265137
endloop
endfacet
facet normal -0.49999993245284363 -0.8660254427828041 -5.59944169760593e-09
outer loop
vertex 8.350000381469727 1.6454482078552246 13.300000190734863
vertex 5.5 3.290896415710449 10.699999809265137
vertex 7.881674766540527 1.9158360958099365 10.699999809265137
endloop
endfacet
facet normal -0.0 0.0 -1.0
outer loop
vertex 7.980053424835205 2.137775421142578 10.699999809265137
vertex 7.881674766540527 1.9158360958099365 10.699999809265137
vertex 5.5 3.290896415710449 10.699999809265137
endloop
endfacet
facet normal 0.0 0.0 -1.0
outer loop
vertex 9.521503448486328 -4.016037464141846 7.150000095367432
vertex 9.42728328704834 -2.5217132568359375 7.150000095367432
vertex 9.554718971252441 -2.6694469451904297 7.150000095367432
endloop
endfacet
facet normal 0.0 0.0 -1.0
outer loop
vertex 9.521503448486328 -4.016037464141846 7.150000095367432
vertex 9.554718971252441 -2.6694469451904297 7.150000095367432
vertex 9.689250946044922 -2.8107495307922363 7.150000095367432
endloop
endfacet
facet normal -0.6152310082991623 -0.7883468820431752 0.0
outer loop
vertex 9.521503448486328 -4.016037464141846 7.150000095367432
vertex 9.521503448486328 -4.016037464141846 10.699999809265137
vertex 9.328033447265625 -3.8650522232055664 10.699999809265137
endloop
endfacet
facet normal 0.0 0.0 -1.0
outer loop
vertex 9.521503448486328 -4.016037464141846 7.150000095367432
vertex 9.689250946044922 -2.8107495307922363 7.150000095367432
vertex 9.722148895263672 -4.157348155975342 7.150000095367432
endloop
endfacet
facet normal -0.5758088035886261 -0.8175843820119334 0.0
outer loop
vertex 9.722148895263672 -4.157348155975342 7.150000095367432
vertex 9.722148895263672 -4.157348155975342 10.699999809265137
vertex 9.521503448486328 -4.016037464141846 10.699999809265137
endloop
endfacet
facet normal -0.5758088035886261 -0.8175843820119334 0.0
outer loop
vertex 9.521503448486328 -4.016037464141846 7.150000095367432
vertex 9.722148895263672 -4.157348155975342 7.150000095367432
vertex 9.521503448486328 -4.016037464141846 10.699999809265137
endloop
endfacet
facet normal -0.1709613450489843 -0.9852777367316498 0.0
outer loop
vertex 10.549097061157227 -9.807852745056152 10.699999809265137
vertex 11.032694816589355 -9.891764640808105 10.699999809265137
vertex 10.549097061157227 -9.807852745056152 16.700000762939453
endloop
endfacet
facet normal -0.0 -0.0 -1.0
outer loop
vertex 10.549097061157227 -9.807852745056152 10.699999809265137
vertex 11.970303535461426 -9.985075950622559 10.699999809265137
vertex 11.032694816589355 -9.891764640808105 10.699999809265137
endloop
endfacet
facet normal -0.21910078143584544 -0.975702233047666 0.0
outer loop
vertex 10.549097061157227 -9.807852745056152 10.699999809265137
vertex 10.549097061157227 -9.807852745056152 16.700000762939453
vertex 10.070198059082031 -9.700312614440918 16.700000762939453
endloop
endfacet
facet normal -0.0 -0.0 1.0
outer loop
vertex 10.070198059082031 -9.700312614440918 16.700000762939453
vertex 10.549097061157227 -9.807852745056152 16.700000762939453
vertex 9.649999618530273 -1.6454482078552246 16.700000762939453
endloop
endfacet
facet normal 0.0 -0.0 1.0
outer loop
vertex 9.597153663635254 -9.569403648376465 16.700000762939453
vertex 9.649999618530273 -1.6454482078552246 16.700000762939453
vertex 9.597153663635254 9.569403648376465 16.700000762939453
endloop
endfacet
facet normal -0.0 0.0 1.0
outer loop
vertex 9.131101608276367 -9.415440559387207 16.700000762939453
vertex 9.597153663635254 -9.569403648376465 16.700000762939453
vertex 9.597153663635254 9.569403648376465 16.700000762939453
endloop
endfacet
facet normal -0.0 -0.0 -1.0
outer loop
vertex 10.070198059082031 -9.700312614440918 10.699999809265137
vertex 11.970303535461426 -9.985075950622559 10.699999809265137
vertex 10.549097061157227 -9.807852745056152 10.699999809265137
endloop
endfacet
facet normal -0.21910078143584544 -0.975702233047666 0.0
outer loop
vertex 10.070198059082031 -9.700312614440918 10.699999809265137
vertex 10.549097061157227 -9.807852745056152 10.699999809265137
vertex 10.070198059082031 -9.700312614440918 16.700000762939453
endloop
endfacet
facet normal -0.0 -0.0 0.9999999999999999
outer loop
vertex 9.597153663635254 -9.569403648376465 16.700000762939453
vertex 10.070198059082031 -9.700312614440918 16.700000762939453
vertex 9.649999618530273 -1.6454482078552246 16.700000762939453
endloop
endfacet
facet normal -0.31368226645286285 -0.9495280068081168 0.0
outer loop
vertex 9.597153663635254 -9.569403648376465 10.699999809265137
vertex 9.597153663635254 -9.569403648376465 16.700000762939453
vertex 9.131101608276367 -9.415440559387207 16.700000762939453
endloop
endfacet
facet normal -0.0 -0.0 -0.9999999999999999
outer loop
vertex 9.597153663635254 -9.569403648376465 10.699999809265137
vertex 11.970303535461426 -9.985075950622559 10.699999809265137
vertex 10.070198059082031 -9.700312614440918 10.699999809265137
endloop
endfacet
facet normal -0.26671266552653045 -0.9637760912409755 0.0
outer loop
vertex 9.597153663635254 -9.569403648376465 16.700000762939453
vertex 10.070198059082031 -9.700312614440918 10.699999809265137
vertex 10.070198059082031 -9.700312614440918 16.700000762939453
endloop
endfacet
facet normal -0.26671266552653045 -0.9637760912409755 0.0
outer loop
vertex 9.597153663635254 -9.569403648376465 10.699999809265137
vertex 10.070198059082031 -9.700312614440918 10.699999809265137
vertex 9.597153663635254 -9.569403648376465 16.700000762939453
endloop
endfacet
facet normal 0.0 0.0 -1.0
outer loop
vertex 9.328033447265625 -3.8650522232055664 7.150000095367432
vertex 9.42728328704834 -2.5217132568359375 7.150000095367432
vertex 9.521503448486328 -4.016037464141846 7.150000095367432
endloop
endfacet
facet normal 0.0 0.0 -1.0
outer loop
vertex 9.142205238342285 -3.7047555446624756 7.150000095367432
vertex 9.194908142089844 -2.2083916664123535 7.150000095367432
vertex 9.307250022888184 -2.3679046630859375 7.150000095367432
endloop
endfacet
facet normal 0.0 0.0 -1.0
outer loop
vertex 9.328033447265625 -3.8650522232055664 7.150000095367432
vertex 9.307250022888184 -2.3679046630859375 7.150000095367432
vertex 9.42728328704834 -2.5217132568359375 7.150000095367432
endloop
endfacet
facet normal -0.6152310082991623 -0.7883468820431752 0.0
outer loop
vertex 9.328033447265625 -3.8650522232055664 7.150000095367432
vertex 9.521503448486328 -4.016037464141846 7.150000095367432
vertex 9.328033447265625 -3.8650522232055664 10.699999809265137
endloop
endfacet
facet normal 0.0 0.0 -1.0
outer loop
vertex 9.328033447265625 -3.8650522232055664 7.150000095367432
vertex 9.142205238342285 -3.7047555446624756 7.150000095367432
vertex 9.307250022888184 -2.3679046630859375 7.150000095367432
endloop
endfacet
facet normal -0.6531732241155535 -0.7572085177139076 0.0
outer loop
vertex 9.328033447265625 -3.8650522232055664 7.150000095367432
vertex 9.328033447265625 -3.8650522232055664 10.699999809265137
vertex 9.142205238342285 -3.7047555446624756 10.699999809265137
endloop
endfacet
facet normal -0.6531732241155535 -0.7572085177139076 -0.0
outer loop
vertex 9.328033447265625 -3.8650522232055664 7.150000095367432
vertex 9.142205238342285 -3.7047555446624756 10.699999809265137
vertex 9.142205238342285 -3.7047555446624756 7.150000095367432
endloop
endfacet
facet normal 0.0 0.0 -1.0
outer loop
vertex 9.131101608276367 -9.415440559387207 10.699999809265137
vertex 9.521503448486328 -4.016037464141846 10.699999809265137
vertex 9.722148895263672 -4.157348155975342 10.699999809265137
endloop
endfacet
facet normal 0.0 -0.0 -0.9999999999999999
outer loop
vertex 9.131101608276367 -9.415440559387207 10.699999809265137
vertex 9.722148895263672 -4.157348155975342 10.699999809265137
vertex 9.649999618530273 -5.354551792144775 10.699999809265137
endloop
endfacet
facet normal -0.31368226645286285 -0.9495280068081168 0.0
outer loop
vertex 9.131101608276367 -9.415440559387207 10.699999809265137
vertex 9.597153663635254 -9.569403648376465 10.699999809265137
vertex 9.131101608276367 -9.415440559387207 16.700000762939453
endloop
endfacet
facet normal 0.0 0.0 -0.9999999999999999
outer loop
vertex 9.131101608276367 -9.415440559387207 10.699999809265137
vertex 9.649999618530273 -5.354551792144775 10.699999809265137
vertex 9.649999618530273 -8.645448684692383 10.699999809265137
endloop
endfacet
facet normal 0.0 0.0 -0.9999999999999999
outer loop
vertex 9.597153663635254 -9.569403648376465 10.699999809265137
vertex 9.649999618530273 -8.645448684692383 10.699999809265137
vertex 11.970303535461426 -9.985075950622559 10.699999809265137
endloop
endfacet
facet normal 0.0 -0.0 -1.0
outer loop
vertex 9.131101608276367 -9.415440559387207 10.699999809265137
vertex 9.649999618530273 -8.645448684692383 10.699999809265137
vertex 9.597153663635254 -9.569403648376465 10.699999809265137
endloop
endfacet
facet normal -0.31368226645286285 0.9495280068081168 0.0
outer loop
vertex 9.131101608276367 9.415440559387207 10.699999809265137
vertex 9.597153663635254 9.569403648376465 16.700000762939453
vertex 9.597153663635254 9.569403648376465 10.699999809265137
endloop
endfacet
facet normal 0.0 0.0 -0.9999999999999999
outer loop
vertex 9.328033447265625 3.8650522232055664 10.699999809265137
vertex 9.131101608276367 9.415440559387207 10.699999809265137
vertex 9.597153663635254 9.569403648376465 10.699999809265137
endloop
endfacet
facet normal 0.0 0.0 -1.0
outer loop
vertex 9.142205238342285 3.7047555446624756 10.699999809265137
vertex 9.131101608276367 9.415440559387207 10.699999809265137
vertex 9.328033447265625 3.8650522232055664 10.699999809265137
endloop
endfacet
facet normal -0.6531732241155535 0.7572085177139076 0.0
outer loop
vertex 9.142205238342285 3.7047555446624756 7.150000095367432
vertex 9.142205238342285 3.7047555446624756 10.699999809265137
vertex 9.328033447265625 3.8650522232055664 10.699999809265137
endloop
endfacet
facet normal -0.6895403474088935 0.7242472708234544 0.0
outer loop
vertex 8.964466094970703 3.535533905029297 7.150000095367432
vertex 9.142205238342285 3.7047555446624756 10.699999809265137
vertex 9.142205238342285 3.7047555446624756 7.150000095367432
endloop
endfacet
facet normal 0.0 0.0 -0.9999999999999999
outer loop
vertex 9.194908142089844 2.2083916664123535 7.150000095367432
vertex 8.964466094970703 3.535533905029297 7.150000095367432
vertex 9.142205238342285 3.7047555446624756 7.150000095367432
endloop
endfacet
facet normal 0.0 0.0 -1.0
outer loop
vertex 9.09052848815918 2.043558359146118 7.150000095367432
vertex 8.964466094970703 3.535533905029297 7.150000095367432
vertex 9.194908142089844 2.2083916664123535 7.150000095367432
endloop
endfacet
facet normal -0.844853302835088 0.5349980342848404 0.0
outer loop
vertex 9.09052848815918 2.043558359146118 -8.149999618530273
vertex 9.09052848815918 2.043558359146118 7.150000095367432
vertex 9.194908142089844 2.2083916664123535 7.150000095367432
endloop
endfacet
facet normal 0.0 0.0 -1.0
outer loop
vertex 8.964466094970703 -3.535533905029297 7.150000095367432
vertex 8.90664291381836 -1.6995315551757812 7.150000095367432
vertex 8.994362831115723 -1.8738020658493042 7.150000095367432
endloop
endfacet
facet normal -0.8700872005450946 0.492897822522681 0.0
outer loop
vertex 8.994362831115723 1.8738020658493042 -8.149999618530273
vertex 9.09052848815918 2.043558359146118 7.150000095367432
vertex 9.09052848815918 2.043558359146118 -8.149999618530273
endloop
endfacet
facet normal -0.9142085049475139 -0.4052441356535975 0.0
outer loop
vertex 8.90664291381836 -1.6995315551757812 -8.149999618530273
vertex 8.90664291381836 -1.6995315551757812 7.150000095367432
vertex 8.8275785446167 -1.5211666822433472 7.150000095367432
endloop
endfacet
facet normal -0.893225301789439 -0.44960934181038287 0.0
outer loop
vertex 8.994362831115723 -1.8738020658493042 -8.149999618530273
vertex 8.994362831115723 -1.8738020658493042 7.150000095367432
vertex 8.90664291381836 -1.6995315551757812 7.150000095367432
endloop
endfacet
facet normal 0.0 0.0 -0.9999999999999999
outer loop
vertex 8.994362831115723 -1.8738020658493042 -8.149999618530273
vertex 8.994362831115723 1.8738020658493042 -8.149999618530273
vertex 9.09052848815918 2.043558359146118 -8.149999618530273
endloop
endfacet
facet normal -0.893225301789439 -0.44960934181038287 -0.0
outer loop
vertex 8.994362831115723 -1.8738020658493042 -8.149999618530273
vertex 8.90664291381836 -1.6995315551757812 7.150000095367432
vertex 8.90664291381836 -1.6995315551757812 -8.149999618530273
endloop
endfacet
facet normal 0.0 0.0 -1.0
outer loop
vertex 8.994362831115723 -1.8738020658493042 -8.149999618530273
vertex 8.90664291381836 -1.6995315551757812 -8.149999618530273
vertex 8.994362831115723 1.8738020658493042 -8.149999618530273
endloop
endfacet
facet normal 0.0 0.0 -1.0
outer loop
vertex 8.994362831115723 1.8738020658493042 7.150000095367432
vertex 8.964466094970703 3.535533905029297 7.150000095367432
vertex 9.09052848815918 2.043558359146118 7.150000095367432
endloop
endfacet
facet normal -0.8700872005450946 0.492897822522681 0.0
outer loop
vertex 8.994362831115723 1.8738020658493042 -8.149999618530273
vertex 8.994362831115723 1.8738020658493042 7.150000095367432
vertex 9.09052848815918 2.043558359146118 7.150000095367432
endloop
endfacet
facet normal -0.893225301789439 0.44960934181038287 0.0
outer loop
vertex 8.90664291381836 1.6995315551757812 -8.149999618530273
vertex 8.90664291381836 1.6995315551757812 7.150000095367432
vertex 8.994362831115723 1.8738020658493042 7.150000095367432
endloop
endfacet
facet normal 0.0 0.0 -1.0
outer loop
vertex 8.795244216918945 -3.357794761657715 7.150000095367432
vertex 8.757362365722656 -1.3391371965408325 7.150000095367432
vertex 8.8275785446167 -1.5211666822433472 7.150000095367432
endloop
endfacet
facet normal -0.893225301789439 0.44960934181038287 0.0
outer loop
vertex 8.90664291381836 1.6995315551757812 -8.149999618530273
vertex 8.994362831115723 1.8738020658493042 7.150000095367432
vertex 8.994362831115723 1.8738020658493042 -8.149999618530273
endloop
endfacet
facet normal -0.9329933875287569 -0.3598935103994163 0.0
outer loop
vertex 8.8275785446167 -1.5211666822433472 -8.149999618530273
vertex 8.8275785446167 -1.5211666822433472 7.150000095367432
vertex 8.757362365722656 -1.3391371965408325 7.150000095367432
endloop
endfacet
facet normal 0.0 0.0 -1.0
outer loop
vertex 8.90664291381836 -1.6995315551757812 -8.149999618530273
vertex 8.90664291381836 1.6995315551757812 -8.149999618530273
vertex 8.994362831115723 1.8738020658493042 -8.149999618530273
endloop
endfacet
facet normal -0.9142085049475139 -0.4052441356535975 -0.0
outer loop
vertex 8.90664291381836 -1.6995315551757812 -8.149999618530273
vertex 8.8275785446167 -1.5211666822433472 7.150000095367432
vertex 8.8275785446167 -1.5211666822433472 -8.149999618530273
endloop
endfacet
facet normal 0.0 0.0 -1.0
outer loop
vertex 8.90664291381836 -1.6995315551757812 -8.149999618530273
vertex 8.8275785446167 -1.5211666822433472 -8.149999618530273
vertex 8.90664291381836 1.6995315551757812 -8.149999618530273
endloop
endfacet
facet normal -0.40524120229627486 0.9142098052205901 0.0
outer loop
vertex 8.224449157714844 9.03989315032959 10.699999809265137
vertex 8.673165321350098 9.238795280456543 16.700000762939453
vertex 8.673165321350098 9.238795280456543 10.699999809265137
endloop
endfacet
facet normal 0.0 0.0 -0.9999999999999999
outer loop
vertex 8.483962059020996 2.978496551513672 10.699999809265137
vertex 8.224449157714844 9.03989315032959 10.699999809265137
vertex 8.673165321350098 9.238795280456543 10.699999809265137
endloop
endfacet
facet normal 0.0 -0.0 -1.0
outer loop
vertex 8.483962059020996 2.978496551513672 10.699999809265137
vertex 8.673165321350098 9.238795280456543 10.699999809265137
vertex 8.634947776794434 3.171966314315796 10.699999809265137
endloop
endfacet
facet normal 0.0 0.0 -0.9999999999999999
outer loop
vertex 8.342652320861816 2.777851104736328 10.699999809265137
vertex 8.224449157714844 9.03989315032959 10.699999809265137
vertex 8.483962059020996 2.978496551513672 10.699999809265137
endloop
endfacet
facet normal -0.7883455719322073 0.6152326870500958 0.0
outer loop
vertex 8.483962059020996 2.978496551513672 7.150000095367432
vertex 8.483962059020996 2.978496551513672 10.699999809265137
vertex 8.634947776794434 3.171966314315796 10.699999809265137
endloop
endfacet
facet normal -0.8175862114353936 0.5758062060022625 0.0
outer loop
vertex 8.342652320861816 2.777851104736328 7.150000095367432
vertex 8.342652320861816 2.777851104736328 10.699999809265137
vertex 8.483962059020996 2.978496551513672 10.699999809265137
endloop
endfacet
facet normal -0.8448530925946868 0.5349983662902101 0.0
outer loop
vertex 8.211357116699219 2.5705137252807617 7.150000095367432
vertex 8.211357116699219 2.5705137252807617 10.699999809265137
vertex 8.342652320861816 2.777851104736328 10.699999809265137
endloop
endfacet
facet normal -0.8175862114353936 0.5758062060022625 0.0
outer loop
vertex 8.342652320861816 2.777851104736328 7.150000095367432
vertex 8.483962059020996 2.978496551513672 10.699999809265137
vertex 8.483962059020996 2.978496551513672 7.150000095367432
endloop
endfacet
facet normal -0.8448530925946868 0.5349983662902101 0.0
outer loop
vertex 8.211357116699219 2.5705137252807617 7.150000095367432
vertex 8.342652320861816 2.777851104736328 10.699999809265137
vertex 8.342652320861816 2.777851104736328 7.150000095367432
endloop
endfacet
facet normal 0.0 0.0 -0.9999999999999999
outer loop
vertex 7.786032676696777 -8.819212913513184 10.699999809265137
vertex 8.090394020080566 -2.3569836616516113 10.699999809265137
vertex 8.211357116699219 -2.5705137252807617 10.699999809265137
endloop
endfacet
facet normal 0.0 0.0 -1.0
outer loop
vertex 8.342652320861816 -2.777851104736328 7.150000095367432
vertex 8.342652320861816 2.777851104736328 7.150000095367432
vertex 8.483962059020996 2.978496551513672 7.150000095367432
endloop
endfacet
facet normal 0.0 0.0 -1.0
outer loop
vertex 8.211357116699219 -2.5705137252807617 7.150000095367432
vertex 8.211357116699219 2.5705137252807617 7.150000095367432
vertex 8.342652320861816 2.777851104736328 7.150000095367432
endloop
endfacet
facet normal -0.8700873236624591 -0.4928976051898601 0.0
outer loop
vertex 8.211357116699219 -2.5705137252807617 7.150000095367432
vertex 8.211357116699219 -2.5705137252807617 10.699999809265137
vertex 8.090394020080566 -2.3569836616516113 10.699999809265137
endloop
endfacet
facet normal 0.0 0.0 -0.9999999999999999
outer loop
vertex 8.211357116699219 -2.5705137252807617 7.150000095367432
vertex 8.342652320861816 2.777851104736328 7.150000095367432
vertex 8.342652320861816 -2.777851104736328 7.150000095367432
endloop
endfacet
facet normal -0.8448530925946868 -0.5349983662902101 0.0
outer loop
vertex 8.211357116699219 -2.5705137252807617 7.150000095367432
vertex 8.342652320861816 -2.777851104736328 7.150000095367432
vertex 8.211357116699219 -2.5705137252807617 10.699999809265137
endloop
endfacet
facet normal -0.9972904005426801 0.07356532461303211 0.0
outer loop
vertex 8.52978801727295 0.19504401087760925 -8.149999618530273
vertex 8.52978801727295 0.19504401087760925 7.150000095367432
vertex 8.544140815734863 0.3896181285381317 7.150000095367432
endloop
endfacet
facet normal 0.0 0.0 -1.0
outer loop
vertex 8.483962059020996 -2.978496551513672 7.150000095367432
vertex 8.524999618530273 0.0 7.150000095367432
vertex 8.52978801727295 -0.19504401087760925 7.150000095367432
endloop
endfacet
facet normal -0.9996987763143989 0.02454295490550702 0.0
outer loop
vertex 8.524999618530273 -2.710505431213761e-17 -8.149999618530273
vertex 8.52978801727295 0.19504401087760925 7.150000095367432
vertex 8.52978801727295 0.19504401087760925 -8.149999618530273
endloop
endfacet
facet normal 0.0 0.0 -0.9999999999999999
outer loop
vertex 8.52978801727295 -0.19504401087760925 -8.149999618530273
vertex 8.524999618530273 -2.710505431213761e-17 -8.149999618530273
vertex 8.52978801727295 0.19504401087760925 -8.149999618530273
endloop
endfacet
facet normal -0.999698776314399 -0.024542954905507022 0.0
outer loop
vertex 8.52978801727295 -0.19504401087760925 -8.149999618530273
vertex 8.52978801727295 -0.19504401087760925 7.150000095367432
vertex 8.524999618530273 0.0 7.150000095367432
endloop
endfacet
facet normal -0.999698776314399 0.024542954905507022 -4.3479616871485634e-20
outer loop
vertex 8.524999618530273 -2.710505431213761e-17 -8.149999618530273
vertex 8.524999618530273 0.0 7.150000095367432
vertex 8.52978801727295 0.19504401087760925 7.150000095367432
endloop
endfacet
facet normal -0.9996987763143987 -0.024542954905507022 4.3479616871485634e-20
outer loop
vertex 8.52978801727295 -0.19504401087760925 -8.149999618530273
vertex 8.524999618530273 0.0 7.150000095367432
vertex 8.524999618530273 -2.710505431213761e-17 -8.149999618530273
endloop
endfacet
facet normal -0.9924794065204714 0.12241171362566823 0.0
outer loop
vertex 8.544140815734863 0.3896181285381317 -8.149999618530273
vertex 8.544140815734863 0.3896181285381317 7.150000095367432
vertex 8.568023681640625 0.5832536220550537 7.150000095367432
endloop
endfacet
facet normal -0.9924794065204714 0.12241171362566823 0.0
outer loop
vertex 8.544140815734863 0.3896181285381317 -8.149999618530273
vertex 8.568023681640625 0.5832536220550537 7.150000095367432
vertex 8.568023681640625 0.5832536220550537 -8.149999618530273
endloop
endfacet
facet normal -0.9972904005426801 0.07356532461303211 0.0
outer loop
vertex 8.52978801727295 0.19504401087760925 -8.149999618530273
vertex 8.544140815734863 0.3896181285381317 7.150000095367432
vertex 8.544140815734863 0.3896181285381317 -8.149999618530273
endloop
endfacet
facet normal 0.0 0.0 -1.0
outer loop
vertex 8.544140815734863 -0.3896181285381317 -8.149999618530273
vertex 8.544140815734863 0.3896181285381317 -8.149999618530273
vertex 8.568023681640625 0.5832536220550537 -8.149999618530273
endloop
endfacet
facet normal -0.9972904005426801 -0.07356532461303211 -0.0
outer loop
vertex 8.544140815734863 -0.3896181285381317 -8.149999618530273
vertex 8.52978801727295 -0.19504401087760925 7.150000095367432
vertex 8.52978801727295 -0.19504401087760925 -8.149999618530273
endloop
endfacet
facet normal 0.0 0.0 -1.0
outer loop
vertex 8.52978801727295 -0.19504401087760925 -8.149999618530273
vertex 8.52978801727295 0.19504401087760925 -8.149999618530273
vertex 8.544140815734863 0.3896181285381317 -8.149999618530273
endloop
endfacet
facet normal 0.0 0.0 -1.0
outer loop
vertex 8.544140815734863 -0.3896181285381317 -8.149999618530273
vertex 8.52978801727295 -0.19504401087760925 -8.149999618530273
vertex 8.544140815734863 0.3896181285381317 -8.149999618530273
endloop
endfacet
facet normal 0.0 0.0 -1.0
outer loop
vertex 8.673165321350098 -9.238795280456543 10.699999809265137
vertex 8.964466094970703 -3.535533905029297 10.699999809265137
vertex 9.142205238342285 -3.7047555446624756 10.699999809265137
endloop
endfacet
facet normal 0.0 0.0 -1.0
outer loop
vertex 8.224449157714844 -9.03989315032959 10.699999809265137
vertex 8.483962059020996 -2.978496551513672 10.699999809265137
vertex 8.634947776794434 -3.171966314315796 10.699999809265137
endloop
endfacet
facet normal -0.0 0.0 1.0
outer loop
vertex 7.786032676696777 -8.819212913513184 16.700000762939453
vertex 8.224449157714844 -9.03989315032959 16.700000762939453
vertex 8.224449157714844 9.03989315032959 16.700000762939453
endloop
endfacet
facet normal 0.0 0.0 -1.0
outer loop
vertex 8.673165321350098 -9.238795280456543 10.699999809265137
vertex 8.795244216918945 -3.357794761657715 10.699999809265137
vertex 8.964466094970703 -3.535533905029297 10.699999809265137
endloop
endfacet
facet normal 0.0 0.0 -1.0
outer loop
vertex 8.224449157714844 -9.03989315032959 10.699999809265137
vertex 8.634947776794434 -3.171966314315796 10.699999809265137
vertex 8.795244216918945 -3.357794761657715 10.699999809265137
endloop
endfacet
facet normal -0.44961120835282814 -0.8932243622536892 0.0
outer loop
vertex 8.224449157714844 -9.03989315032959 10.699999809265137
vertex 8.224449157714844 -9.03989315032959 16.700000762939453
vertex 7.786032676696777 -8.819212913513184 16.700000762939453
endloop
endfacet
facet normal 0.0 -0.0 -1.0
outer loop
vertex 8.224449157714844 -9.03989315032959 10.699999809265137
vertex 8.795244216918945 -3.357794761657715 10.699999809265137
vertex 8.673165321350098 -9.238795280456543 10.699999809265137
endloop
endfacet
facet normal -0.40524120229627486 -0.9142098052205901 0.0
outer loop
vertex 8.224449157714844 -9.03989315032959 10.699999809265137
vertex 8.673165321350098 -9.238795280456543 10.699999809265137
vertex 8.224449157714844 -9.03989315032959 16.700000762939453
endloop
endfacet
facet normal -0.757209412684173 -0.6531721865959159 0.0
outer loop
vertex 8.795244216918945 -3.357794761657715 7.150000095367432
vertex 8.795244216918945 -3.357794761657715 10.699999809265137
vertex 8.634947776794434 -3.171966314315796 10.699999809265137
endloop
endfacet
facet normal -0.757209412684173 -0.6531721865959159 0.0
outer loop
vertex 8.634947776794434 -3.171966314315796 7.150000095367432
vertex 8.795244216918945 -3.357794761657715 7.150000095367432
vertex 8.634947776794434 -3.171966314315796 10.699999809265137
endloop
endfacet
facet normal 0.0 0.0 -1.0
outer loop
vertex 8.634947776794434 -3.171966314315796 7.150000095367432
vertex 8.757362365722656 -1.3391371965408325 7.150000095367432
vertex 8.795244216918945 -3.357794761657715 7.150000095367432
endloop
endfacet
facet normal -0.44961120835282814 0.8932243622536892 0.0
outer loop
vertex 7.786032676696777 8.819212913513184 10.699999809265137
vertex 7.786032676696777 8.819212913513184 16.700000762939453
vertex 8.224449157714844 9.03989315032959 16.700000762939453
endloop
endfacet
facet normal -0.49289907614342127 0.8700864903772277 0.0
outer loop
vertex 7.358972549438477 8.577285766601562 10.699999809265137
vertex 7.358972549438477 8.577285766601562 16.700000762939453
vertex 7.786032676696777 8.819212913513184 16.700000762939453
endloop
endfacet
facet normal 0.0 -0.0 1.0
outer loop
vertex 7.786032676696777 -8.819212913513184 16.700000762939453
vertex 8.224449157714844 9.03989315032959 16.700000762939453
vertex 7.786032676696777 8.819212913513184 16.700000762939453
endloop
endfacet
facet normal 0.0 -0.0 1.0
outer loop
vertex 7.358972549438477 -8.577285766601562 16.700000762939453
vertex 7.786032676696777 8.819212913513184 16.700000762939453
vertex 7.358972549438477 8.577285766601562 16.700000762939453
endloop
endfacet
facet normal -0.0 0.0 1.0
outer loop
vertex 7.358972549438477 -8.577285766601562 16.700000762939453
vertex 7.786032676696777 -8.819212913513184 16.700000762939453
vertex 7.786032676696777 8.819212913513184 16.700000762939453
endloop
endfacet
facet normal 0.0 0.0 -0.9999999999999999
outer loop
vertex 8.224449157714844 -9.03989315032959 10.699999809265137
vertex 8.342652320861816 -2.777851104736328 10.699999809265137
vertex 8.483962059020996 -2.978496551513672 10.699999809265137
endloop
endfacet
facet normal -0.49289907614342127 -0.8700864903772277 0.0
outer loop
vertex 7.358972549438477 -8.577285766601562 16.700000762939453
vertex 7.786032676696777 -8.819212913513184 10.699999809265137
vertex 7.786032676696777 -8.819212913513184 16.700000762939453
endloop
endfacet
facet normal 0.0 -0.0 -1.0
outer loop
vertex 7.786032676696777 -8.819212913513184 10.699999809265137
vertex 8.342652320861816 -2.777851104736328 10.699999809265137
vertex 8.224449157714844 -9.03989315032959 10.699999809265137
endloop
endfacet
facet normal -0.44961120835282814 -0.8932243622536892 0.0
outer loop
vertex 7.786032676696777 -8.819212913513184 10.699999809265137
vertex 8.224449157714844 -9.03989315032959 10.699999809265137
vertex 7.786032676696777 -8.819212913513184 16.700000762939453
endloop
endfacet
facet normal 0.0 0.0 -1.0
outer loop
vertex 8.544140815734863 0.3896181285381317 7.150000095367432
vertex 8.483962059020996 2.978496551513672 7.150000095367432
vertex 8.568023681640625 0.5832536220550537 7.150000095367432
endloop
endfacet
facet normal 0.0 0.0 -0.9999999999999999
outer loop
vertex 8.52978801727295 0.19504401087760925 7.150000095367432
vertex 8.483962059020996 2.978496551513672 7.150000095367432
vertex 8.544140815734863 0.3896181285381317 7.150000095367432
endloop
endfacet
facet normal 0.0 0.0 -1.0
outer loop
vertex 8.524999618530273 0.0 7.150000095367432
vertex 8.483962059020996 2.978496551513672 7.150000095367432
vertex 8.52978801727295 0.19504401087760925 7.150000095367432
endloop
endfacet
facet normal 0.0 0.0 -1.0
outer loop
vertex 7.786032676696777 -8.819212913513184 10.699999809265137
vertex 8.211357116699219 -2.5705137252807617 10.699999809265137
vertex 8.342652320861816 -2.777851104736328 10.699999809265137
endloop
endfacet
facet normal 0.0 0.0 -1.0
outer loop
vertex 8.483962059020996 -2.978496551513672 7.150000095367432
vertex 8.483962059020996 2.978496551513672 7.150000095367432
vertex 8.524999618530273 0.0 7.150000095367432
endloop
endfacet
facet normal -0.8448530925946868 -0.5349983662902101 0.0
outer loop
vertex 8.342652320861816 -2.777851104736328 7.150000095367432
vertex 8.342652320861816 -2.777851104736328 10.699999809265137
vertex 8.211357116699219 -2.5705137252807617 10.699999809265137
endloop
endfacet
facet normal 0.0 0.0 -0.9999999999999999
outer loop
vertex 8.342652320861816 -2.777851104736328 7.150000095367432
vertex 8.483962059020996 2.978496551513672 7.150000095367432
vertex 8.483962059020996 -2.978496551513672 7.150000095367432
endloop
endfacet
facet normal -0.8175862114353936 -0.5758062060022625 0.0
outer loop
vertex 8.342652320861816 -2.777851104736328 7.150000095367432
vertex 8.483962059020996 -2.978496551513672 7.150000095367432
vertex 8.342652320861816 -2.777851104736328 10.699999809265137
endloop
endfacet
facet normal 0.0 0.0 -1.0
outer loop
vertex 8.601378440856934 0.775484025478363 7.150000095367432
vertex 8.634947776794434 3.171966314315796 7.150000095367432
vertex 8.644125938415527 0.9658462405204773 7.150000095367432
endloop
endfacet
facet normal -0.9757018750856834 0.21910237551035672 0.0
outer loop
vertex 8.601378440856934 0.775484025478363 -8.149999618530273
vertex 8.601378440856934 0.775484025478363 7.150000095367432
vertex 8.644125938415527 0.9658462405204773 7.150000095367432
endloop
endfacet
facet normal 0.0 0.0 -1.0
outer loop
vertex 8.483962059020996 -2.978496551513672 7.150000095367432
vertex 8.544140815734863 -0.3896181285381317 7.150000095367432
vertex 8.568023681640625 -0.5832536220550537 7.150000095367432
endloop
endfacet
facet normal -0.9757018750856834 0.21910237551035672 0.0
outer loop
vertex 8.601378440856934 0.775484025478363 -8.149999618530273
vertex 8.644125938415527 0.9658462405204773 7.150000095367432
vertex 8.644125938415527 0.9658462405204773 -8.149999618530273
endloop
endfacet
facet normal -0.9924794065204714 -0.12241171362566823 0.0
outer loop
vertex 8.568023681640625 -0.5832536220550537 -8.149999618530273
vertex 8.568023681640625 -0.5832536220550537 7.150000095367432
vertex 8.544140815734863 -0.3896181285381317 7.150000095367432
endloop
endfacet
facet normal 0.0 0.0 -1.0
outer loop
vertex 8.601378440856934 -0.775484025478363 -8.149999618530273
vertex 8.601378440856934 0.775484025478363 -8.149999618530273
vertex 8.644125938415527 0.9658462405204773 -8.149999618530273
endloop
endfacet
facet normal -0.9852779703939473 -0.17095999841010778 -0.0
outer loop
vertex 8.601378440856934 -0.775484025478363 -8.149999618530273
vertex 8.568023681640625 -0.5832536220550537 7.150000095367432
vertex 8.568023681640625 -0.5832536220550537 -8.149999618530273
endloop
endfacet
facet normal 0.0 0.0 -1.0
outer loop
vertex 8.601378440856934 -0.775484025478363 -8.149999618530273
vertex 8.568023681640625 -0.5832536220550537 -8.149999618530273
vertex 8.601378440856934 0.775484025478363 -8.149999618530273
endloop
endfacet
facet normal -0.31368226645286285 0.9495280068081168 0.0
outer loop
vertex 9.131101608276367 9.415440559387207 10.699999809265137
vertex 9.131101608276367 9.415440559387207 16.700000762939453
vertex 9.597153663635254 9.569403648376465 16.700000762939453
endloop
endfacet
facet normal -0.35989461164651293 0.9329929627321987 0.0
outer loop
vertex 8.673165321350098 9.238795280456543 10.699999809265137
vertex 8.673165321350098 9.238795280456543 16.700000762939453
vertex 9.131101608276367 9.415440559387207 16.700000762939453
endloop
endfacet
facet normal 0.0 -0.0 1.0
outer loop
vertex 8.224449157714844 -9.03989315032959 16.700000762939453
vertex 8.673165321350098 9.238795280456543 16.700000762939453
vertex 8.224449157714844 9.03989315032959 16.700000762939453
endloop
endfacet
facet normal 0.0 0.0 -0.9999999999999999
outer loop
vertex 9.131101608276367 -9.415440559387207 10.699999809265137
vertex 9.328033447265625 -3.8650522232055664 10.699999809265137
vertex 9.521503448486328 -4.016037464141846 10.699999809265137
endloop
endfacet
facet normal 0.0 -0.0 1.0
outer loop
vertex 9.131101608276367 -9.415440559387207 16.700000762939453
vertex 9.597153663635254 9.569403648376465 16.700000762939453
vertex 9.131101608276367 9.415440559387207 16.700000762939453
endloop
endfacet
facet normal 0.0 -0.0 1.0
outer loop
vertex 8.673165321350098 -9.238795280456543 16.700000762939453
vertex 9.131101608276367 9.415440559387207 16.700000762939453
vertex 8.673165321350098 9.238795280456543 16.700000762939453
endloop
endfacet
facet normal -0.0 0.0 1.0
outer loop
vertex 8.224449157714844 -9.03989315032959 16.700000762939453
vertex 8.673165321350098 -9.238795280456543 16.700000762939453
vertex 8.673165321350098 9.238795280456543 16.700000762939453
endloop
endfacet
facet normal 0.0 0.0 -1.0
outer loop
vertex 9.131101608276367 -9.415440559387207 10.699999809265137
vertex 9.142205238342285 -3.7047555446624756 10.699999809265137
vertex 9.328033447265625 -3.8650522232055664 10.699999809265137
endloop
endfacet
facet normal -0.0 0.0 1.0
outer loop
vertex 8.673165321350098 -9.238795280456543 16.700000762939453
vertex 9.131101608276367 -9.415440559387207 16.700000762939453
vertex 9.131101608276367 9.415440559387207 16.700000762939453
endloop
endfacet
facet normal -0.40524120229627486 -0.9142098052205901 0.0
outer loop
vertex 8.673165321350098 -9.238795280456543 10.699999809265137
vertex 8.673165321350098 -9.238795280456543 16.700000762939453
vertex 8.224449157714844 -9.03989315032959 16.700000762939453
endloop
endfacet
facet normal 0.0 -0.0 -0.9999999999999999
outer loop
vertex 8.673165321350098 -9.238795280456543 10.699999809265137
vertex 9.142205238342285 -3.7047555446624756 10.699999809265137
vertex 9.131101608276367 -9.415440559387207 10.699999809265137
endloop
endfacet
facet normal -0.35989461164651293 -0.9329929627321987 0.0
outer loop
vertex 9.131101608276367 -9.415440559387207 10.699999809265137
vertex 9.131101608276367 -9.415440559387207 16.700000762939453
vertex 8.673165321350098 -9.238795280456543 16.700000762939453
endloop
endfacet
facet normal -0.35989461164651293 -0.9329929627321987 0.0
outer loop
vertex 8.673165321350098 -9.238795280456543 10.699999809265137
vertex 9.131101608276367 -9.415440559387207 10.699999809265137
vertex 8.673165321350098 -9.238795280456543 16.700000762939453
endloop
endfacet
facet normal 0.0 0.0 -1.0
outer loop
vertex 8.964466094970703 3.535533905029297 10.699999809265137
vertex 9.131101608276367 9.415440559387207 10.699999809265137
vertex 9.142205238342285 3.7047555446624756 10.699999809265137
endloop
endfacet
facet normal -0.6895403474088935 0.7242472708234544 0.0
outer loop
vertex 8.964466094970703 3.535533905029297 7.150000095367432
vertex 8.964466094970703 3.535533905029297 10.699999809265137
vertex 9.142205238342285 3.7047555446624756 10.699999809265137
endloop
endfacet
facet normal -0.7242467856575193 0.68954085699453 0.0
outer loop
vertex 8.795244216918945 3.357794761657715 7.150000095367432
vertex 8.964466094970703 3.535533905029297 10.699999809265137
vertex 8.964466094970703 3.535533905029297 7.150000095367432
endloop
endfacet
facet normal 0.0 0.0 -1.0
outer loop
vertex 8.994362831115723 1.8738020658493042 7.150000095367432
vertex 8.795244216918945 3.357794761657715 7.150000095367432
vertex 8.964466094970703 3.535533905029297 7.150000095367432
endloop
endfacet
facet normal 0.0 0.0 -1.0
outer loop
vertex 8.90664291381836 1.6995315551757812 7.150000095367432
vertex 8.795244216918945 3.357794761657715 7.150000095367432
vertex 8.994362831115723 1.8738020658493042 7.150000095367432
endloop
endfacet
facet normal 0.0 0.0 -1.0
outer loop
vertex 8.8275785446167 1.5211666822433472 7.150000095367432
vertex 8.795244216918945 3.357794761657715 7.150000095367432
vertex 8.90664291381836 1.6995315551757812 7.150000095367432
endloop
endfacet
facet normal -0.9142085049475139 0.4052441356535975 0.0
outer loop
vertex 8.8275785446167 1.5211666822433472 -8.149999618530273
vertex 8.8275785446167 1.5211666822433472 7.150000095367432
vertex 8.90664291381836 1.6995315551757812 7.150000095367432
endloop
endfacet
facet normal 0.0 0.0 -1.0
outer loop
vertex 8.634947776794434 -3.171966314315796 7.150000095367432
vertex 8.696162223815918 -1.153881549835205 7.150000095367432
vertex 8.757362365722656 -1.3391371965408325 7.150000095367432
endloop
endfacet
facet normal -0.9142085049475139 0.4052441356535975 0.0
outer loop
vertex 8.8275785446167 1.5211666822433472 -8.149999618530273
vertex 8.90664291381836 1.6995315551757812 7.150000095367432
vertex 8.90664291381836 1.6995315551757812 -8.149999618530273
endloop
endfacet
facet normal -0.9495282678640784 -0.3136814762255545 0.0
outer loop
vertex 8.757362365722656 -1.3391371965408325 -8.149999618530273
vertex 8.757362365722656 -1.3391371965408325 7.150000095367432
vertex 8.696162223815918 -1.153881549835205 7.150000095367432
endloop
endfacet
facet normal 0.0 0.0 -1.0
outer loop
vertex 8.8275785446167 -1.5211666822433472 -8.149999618530273
vertex 8.8275785446167 1.5211666822433472 -8.149999618530273
vertex 8.90664291381836 1.6995315551757812 -8.149999618530273
endloop
endfacet
facet normal -0.9329933875287569 -0.3598935103994163 -0.0
outer loop
vertex 8.8275785446167 -1.5211666822433472 -8.149999618530273
vertex 8.757362365722656 -1.3391371965408325 7.150000095367432
vertex 8.757362365722656 -1.3391371965408325 -8.149999618530273
endloop
endfacet
facet normal 0.0 0.0 -1.0
outer loop
vertex 8.8275785446167 -1.5211666822433472 -8.149999618530273
vertex 8.757362365722656 -1.3391371965408325 -8.149999618530273
vertex 8.8275785446167 1.5211666822433472 -8.149999618530273
endloop
endfacet
facet normal 0.0 0.0 -1.0
outer loop
vertex 8.634947776794434 3.171966314315796 10.699999809265137
vertex 8.673165321350098 9.238795280456543 10.699999809265137
vertex 8.795244216918945 3.357794761657715 10.699999809265137
endloop
endfacet
facet normal -0.757209412684173 0.6531721865959159 0.0
outer loop
vertex 8.634947776794434 3.171966314315796 7.150000095367432
vertex 8.634947776794434 3.171966314315796 10.699999809265137
vertex 8.795244216918945 3.357794761657715 10.699999809265137
endloop
endfacet
facet normal -0.7883455719322073 0.6152326870500958 0.0
outer loop
vertex 8.483962059020996 2.978496551513672 7.150000095367432
vertex 8.634947776794434 3.171966314315796 10.699999809265137
vertex 8.634947776794434 3.171966314315796 7.150000095367432
endloop
endfacet
facet normal 0.0 0.0 -1.0
outer loop
vertex 8.601378440856934 0.775484025478363 7.150000095367432
vertex 8.483962059020996 2.978496551513672 7.150000095367432
vertex 8.634947776794434 3.171966314315796 7.150000095367432
endloop
endfacet
facet normal 0.0 0.0 -1.0
outer loop
vertex 8.568023681640625 0.5832536220550537 7.150000095367432
vertex 8.483962059020996 2.978496551513672 7.150000095367432
vertex 8.601378440856934 0.775484025478363 7.150000095367432
endloop
endfacet
facet normal -0.9852779703939473 0.17095999841010778 0.0
outer loop
vertex 8.568023681640625 0.5832536220550537 -8.149999618530273
vertex 8.568023681640625 0.5832536220550537 7.150000095367432
vertex 8.601378440856934 0.775484025478363 7.150000095367432
endloop
endfacet
facet normal 0.0 0.0 -0.9999999999999999
outer loop
vertex 8.483962059020996 -2.978496551513672 7.150000095367432
vertex 8.52978801727295 -0.19504401087760925 7.150000095367432
vertex 8.544140815734863 -0.3896181285381317 7.150000095367432
endloop
endfacet
facet normal -0.9852779703939473 0.17095999841010778 0.0
outer loop
vertex 8.568023681640625 0.5832536220550537 -8.149999618530273
vertex 8.601378440856934 0.775484025478363 7.150000095367432
vertex 8.601378440856934 0.775484025478363 -8.149999618530273
endloop
endfacet
facet normal -0.9972904005426801 -0.07356532461303211 0.0
outer loop
vertex 8.544140815734863 -0.3896181285381317 -8.149999618530273
vertex 8.544140815734863 -0.3896181285381317 7.150000095367432
vertex 8.52978801727295 -0.19504401087760925 7.150000095367432
endloop
endfacet
facet normal 0.0 0.0 -1.0
outer loop
vertex 8.568023681640625 -0.5832536220550537 -8.149999618530273
vertex 8.568023681640625 0.5832536220550537 -8.149999618530273
vertex 8.601378440856934 0.775484025478363 -8.149999618530273
endloop
endfacet
facet normal -0.9924794065204714 -0.12241171362566823 -0.0
outer loop
vertex 8.568023681640625 -0.5832536220550537 -8.149999618530273
vertex 8.544140815734863 -0.3896181285381317 7.150000095367432
vertex 8.544140815734863 -0.3896181285381317 -8.149999618530273
endloop
endfacet
facet normal 0.0 0.0 -1.0
outer loop
vertex 8.568023681640625 -0.5832536220550537 -8.149999618530273
vertex 8.544140815734863 -0.3896181285381317 -8.149999618530273
vertex 8.568023681640625 0.5832536220550537 -8.149999618530273
endloop
endfacet
facet normal 0.0 0.0 -1.0
outer loop
vertex 8.634947776794434 -3.171966314315796 7.150000095367432
vertex 8.483962059020996 -2.978496551513672 7.150000095367432
vertex 8.601378440856934 -0.775484025478363 7.150000095367432
endloop
endfacet
facet normal -0.7883455719322073 -0.6152326870500958 0.0
outer loop
vertex 8.634947776794434 -3.171966314315796 7.150000095367432
vertex 8.634947776794434 -3.171966314315796 10.699999809265137
vertex 8.483962059020996 -2.978496551513672 10.699999809265137
endloop
endfacet
facet normal -0.8175862114353936 -0.5758062060022625 0.0
outer loop
vertex 8.483962059020996 -2.978496551513672 7.150000095367432
vertex 8.483962059020996 -2.978496551513672 10.699999809265137
vertex 8.342652320861816 -2.777851104736328 10.699999809265137
endloop
endfacet
facet normal -0.7883455719322073 -0.6152326870500958 -0.0
outer loop
vertex 8.634947776794434 -3.171966314315796 7.150000095367432
vertex 8.483962059020996 -2.978496551513672 10.699999809265137
vertex 8.483962059020996 -2.978496551513672 7.150000095367432
endloop
endfacet
facet normal 0.0 0.0 -1.0
outer loop
vertex 8.757362365722656 1.3391371965408325 7.150000095367432
vertex 8.795244216918945 3.357794761657715 7.150000095367432
vertex 8.8275785446167 1.5211666822433472 7.150000095367432
endloop
endfacet
facet normal 0.0 0.0 -1.0
outer loop
vertex 8.634947776794434 -3.171966314315796 7.150000095367432
vertex 8.644125938415527 -0.9658462405204773 7.150000095367432
vertex 8.696162223815918 -1.153881549835205 7.150000095367432
endloop
endfacet
facet normal -0.9329933875287569 0.3598935103994163 0.0
outer loop
vertex 8.757362365722656 1.3391371965408325 -8.149999618530273
vertex 8.757362365722656 1.3391371965408325 7.150000095367432
vertex 8.8275785446167 1.5211666822433472 7.150000095367432
endloop
endfacet
facet normal -0.963776188047054 -0.2667123157139347 0.0
outer loop
vertex 8.696162223815918 -1.153881549835205 -8.149999618530273
vertex 8.696162223815918 -1.153881549835205 7.150000095367432
vertex 8.644125938415527 -0.9658462405204773 7.150000095367432
endloop
endfacet
facet normal -0.9329933875287569 0.3598935103994163 0.0
outer loop
vertex 8.757362365722656 1.3391371965408325 -8.149999618530273
vertex 8.8275785446167 1.5211666822433472 7.150000095367432
vertex 8.8275785446167 1.5211666822433472 -8.149999618530273
endloop
endfacet
facet normal -0.9495282678640784 -0.3136814762255545 0.0
outer loop
vertex 8.696162223815918 -1.153881549835205 -8.149999618530273
vertex 8.757362365722656 -1.3391371965408325 -8.149999618530273
vertex 8.696162223815918 -1.153881549835205 7.150000095367432
endloop
endfacet
facet normal 0.0 0.0 -0.9999999999999999
outer loop
vertex 8.757362365722656 -1.3391371965408325 -8.149999618530273
vertex 8.757362365722656 1.3391371965408325 -8.149999618530273
vertex 8.8275785446167 1.5211666822433472 -8.149999618530273
endloop
endfacet
facet normal 0.0 0.0 -1.0
outer loop
vertex 8.696162223815918 -1.153881549835205 -8.149999618530273
vertex 8.757362365722656 1.3391371965408325 -8.149999618530273
vertex 8.757362365722656 -1.3391371965408325 -8.149999618530273
endloop
endfacet
facet normal 0.0 0.0 -1.0
outer loop
vertex 8.644125938415527 0.9658462405204773 7.150000095367432
vertex 8.634947776794434 3.171966314315796 7.150000095367432
vertex 8.696162223815918 1.153881549835205 7.150000095367432
endloop
endfacet
facet normal -0.963776188047054 0.2667123157139347 0.0
outer loop
vertex 8.644125938415527 0.9658462405204773 -8.149999618530273
vertex 8.644125938415527 0.9658462405204773 7.150000095367432
vertex 8.696162223815918 1.153881549835205 7.150000095367432
endloop
endfacet
facet normal 0.0 0.0 -1.0
outer loop
vertex 8.483962059020996 -2.978496551513672 7.150000095367432
vertex 8.568023681640625 -0.5832536220550537 7.150000095367432
vertex 8.601378440856934 -0.775484025478363 7.150000095367432
endloop
endfacet
facet normal -0.963776188047054 0.2667123157139347 0.0
outer loop
vertex 8.644125938415527 0.9658462405204773 -8.149999618530273
vertex 8.696162223815918 1.153881549835205 7.150000095367432
vertex 8.696162223815918 1.153881549835205 -8.149999618530273
endloop
endfacet
facet normal -0.9852779703939473 -0.17095999841010778 0.0
outer loop
vertex 8.601378440856934 -0.775484025478363 -8.149999618530273
vertex 8.601378440856934 -0.775484025478363 7.150000095367432
vertex 8.568023681640625 -0.5832536220550537 7.150000095367432
endloop
endfacet
facet normal 0.0 0.0 -1.0
outer loop
vertex 8.644125938415527 -0.9658462405204773 -8.149999618530273
vertex 8.644125938415527 0.9658462405204773 -8.149999618530273
vertex 8.696162223815918 1.153881549835205 -8.149999618530273
endloop
endfacet
facet normal -0.9757018750856834 -0.21910237551035672 -0.0
outer loop
vertex 8.644125938415527 -0.9658462405204773 -8.149999618530273
vertex 8.601378440856934 -0.775484025478363 7.150000095367432
vertex 8.601378440856934 -0.775484025478363 -8.149999618530273
endloop
endfacet
facet normal 0.0 0.0 -1.0
outer loop
vertex 8.644125938415527 -0.9658462405204773 -8.149999618530273
vertex 8.601378440856934 -0.775484025478363 -8.149999618530273
vertex 8.644125938415527 0.9658462405204773 -8.149999618530273
endloop
endfacet
facet normal -0.35989461164651293 0.9329929627321987 0.0
outer loop
vertex 8.673165321350098 9.238795280456543 10.699999809265137
vertex 9.131101608276367 9.415440559387207 16.700000762939453
vertex 9.131101608276367 9.415440559387207 10.699999809265137
endloop
endfacet
facet normal 0.0 0.0 -1.0
outer loop
vertex 8.964466094970703 3.535533905029297 10.699999809265137
vertex 8.673165321350098 9.238795280456543 10.699999809265137
vertex 9.131101608276367 9.415440559387207 10.699999809265137
endloop
endfacet
facet normal 0.0 0.0 -1.0
outer loop
vertex 8.795244216918945 3.357794761657715 10.699999809265137
vertex 8.673165321350098 9.238795280456543 10.699999809265137
vertex 8.964466094970703 3.535533905029297 10.699999809265137
endloop
endfacet
facet normal -0.7242467856575193 0.68954085699453 0.0
outer loop
vertex 8.795244216918945 3.357794761657715 7.150000095367432
vertex 8.795244216918945 3.357794761657715 10.699999809265137
vertex 8.964466094970703 3.535533905029297 10.699999809265137
endloop
endfacet
facet normal -0.757209412684173 0.6531721865959159 0.0
outer loop
vertex 8.634947776794434 3.171966314315796 7.150000095367432
vertex 8.795244216918945 3.357794761657715 10.699999809265137
vertex 8.795244216918945 3.357794761657715 7.150000095367432
endloop
endfacet
facet normal 0.0 0.0 -1.0
outer loop
vertex 8.757362365722656 1.3391371965408325 7.150000095367432
vertex 8.634947776794434 3.171966314315796 7.150000095367432
vertex 8.795244216918945 3.357794761657715 7.150000095367432
endloop
endfacet
facet normal 0.0 0.0 -1.0
outer loop
vertex 8.696162223815918 1.153881549835205 7.150000095367432
vertex 8.634947776794434 3.171966314315796 7.150000095367432
vertex 8.757362365722656 1.3391371965408325 7.150000095367432
endloop
endfacet
facet normal -0.9495282678640784 0.3136814762255545 0.0
outer loop
vertex 8.696162223815918 1.153881549835205 -8.149999618530273
vertex 8.696162223815918 1.153881549835205 7.150000095367432
vertex 8.757362365722656 1.3391371965408325 7.150000095367432
endloop
endfacet
facet normal 0.0 0.0 -1.0
outer loop
vertex 8.634947776794434 -3.171966314315796 7.150000095367432
vertex 8.601378440856934 -0.775484025478363 7.150000095367432
vertex 8.644125938415527 -0.9658462405204773 7.150000095367432
endloop
endfacet
facet normal -0.9495282678640784 0.3136814762255545 0.0
outer loop
vertex 8.696162223815918 1.153881549835205 -8.149999618530273
vertex 8.757362365722656 1.3391371965408325 7.150000095367432
vertex 8.757362365722656 1.3391371965408325 -8.149999618530273
endloop
endfacet
facet normal -0.9757018750856834 -0.21910237551035672 0.0
outer loop
vertex 8.644125938415527 -0.9658462405204773 -8.149999618530273
vertex 8.644125938415527 -0.9658462405204773 7.150000095367432
vertex 8.601378440856934 -0.775484025478363 7.150000095367432
endloop
endfacet
facet normal 0.0 0.0 -1.0
outer loop
vertex 8.696162223815918 -1.153881549835205 -8.149999618530273
vertex 8.696162223815918 1.153881549835205 -8.149999618530273
vertex 8.757362365722656 1.3391371965408325 -8.149999618530273
endloop
endfacet
facet normal -0.963776188047054 -0.2667123157139347 -0.0
outer loop
vertex 8.696162223815918 -1.153881549835205 -8.149999618530273
vertex 8.644125938415527 -0.9658462405204773 7.150000095367432
vertex 8.644125938415527 -0.9658462405204773 -8.149999618530273
endloop
endfacet
facet normal 0.0 0.0 -1.0
outer loop
vertex 8.696162223815918 -1.153881549835205 -8.149999618530273
vertex 8.644125938415527 -0.9658462405204773 -8.149999618530273
vertex 8.696162223815918 1.153881549835205 -8.149999618530273
endloop
endfacet

endsolid
