solid 
facet normal -0.0 -0.0 1.0
outer loop
vertex -36.51551818847656 -49.36736297607422 -23.0
vertex -32.790164947509766 -50.87636184692383 -23.0
vertex -36.4208984375 -49.328216552734375 -23.0
endloop
endfacet
facet normal -0.0 -0.0 1.0
outer loop
vertex -36.73079299926758 -49.436065673828125 -23.0
vertex -32.790164947509766 -50.87636184692383 -23.0
vertex -36.51551818847656 -49.36736297607422 -23.0
endloop
endfacet
facet normal -0.38229628302260155 0.9240379072395838 -0.0018702864468096215
outer loop
vertex -36.471195220947266 -49.35197448730469 -24.456974029541016
vertex -36.51551818847656 -49.36736297607422 -23.0
vertex -36.4208984375 -49.328216552734375 -23.0
endloop
endfacet
facet normal -1.1850221578148963e-05 -0.5909431249025952 -0.8067132222729015
outer loop
vertex -36.471195220947266 -49.35197448730469 -24.456974029541016
vertex -25.818906784057617 -49.37107849121094 -24.44313621520996
vertex -36.75316619873047 -49.442020416259766 -24.391008377075195
endloop
endfacet
facet normal -0.3040319242352869 0.9526614980771764 0.0008118664538790121
outer loop
vertex -36.75316619873047 -49.442020416259766 -24.391008377075195
vertex -36.73079299926758 -49.436065673828125 -23.0
vertex -36.51551818847656 -49.36736297607422 -23.0
endloop
endfacet
facet normal -0.30403673762925276 0.9526599611480419 0.0008127712914876347
outer loop
vertex -36.471195220947266 -49.35197448730469 -24.456974029541016
vertex -36.75316619873047 -49.442020416259766 -24.391008377075195
vertex -36.51551818847656 -49.36736297607422 -23.0
endloop
endfacet
facet normal -0.0 -0.0 1.0
outer loop
vertex -36.0510139465332 -49.11357116699219 -23.0
vertex -32.790164947509766 -50.87636184692383 -23.0
vertex -35.958431243896484 -49.049339294433594 -23.0
endloop
endfacet
facet normal -0.0 -0.0 1.0
outer loop
vertex -36.22343063354492 -49.231468200683594 -23.0
vertex -32.790164947509766 -50.87636184692383 -23.0
vertex -36.0510139465332 -49.11357116699219 -23.0
endloop
endfacet
facet normal -0.0 -0.0 1.0
outer loop
vertex -36.4208984375 -49.328216552734375 -23.0
vertex -32.790164947509766 -50.87636184692383 -23.0
vertex -36.22343063354492 -49.231468200683594 -23.0
endloop
endfacet
facet normal -0.5644480104954314 0.8254682320058406 -0.0008008725874312097
outer loop
vertex -36.21084213256836 -49.224361419677734 -24.54722785949707
vertex -36.22343063354492 -49.231468200683594 -23.0
vertex -36.0510139465332 -49.11357116699219 -23.0
endloop
endfacet
facet normal 2.493901369727912e-05 -0.5774599505793266 -0.8164190130410776
outer loop
vertex -36.21084213256836 -49.224361419677734 -24.54722785949707
vertex -25.818906784057617 -49.37107849121094 -24.44313621520996
vertex -36.471195220947266 -49.35197448730469 -24.456974029541016
endloop
endfacet
facet normal -0.43997531313812194 0.8980097028860059 0.0005452995498003411
outer loop
vertex -36.471195220947266 -49.35197448730469 -24.456974029541016
vertex -36.4208984375 -49.328216552734375 -23.0
vertex -36.22343063354492 -49.231468200683594 -23.0
endloop
endfacet
facet normal -0.4399742192048053 0.8980102389921344 0.0005450691804946271
outer loop
vertex -36.21084213256836 -49.224361419677734 -24.54722785949707
vertex -36.471195220947266 -49.35197448730469 -24.456974029541016
vertex -36.22343063354492 -49.231468200683594 -23.0
endloop
endfacet
facet normal -0.0 -0.0 1.0
outer loop
vertex -36.828067779541016 -49.45356369018555 -23.0
vertex -32.790164947509766 -50.87636184692383 -23.0
vertex -36.73079299926758 -49.436065673828125 -23.0
endloop
endfacet
facet normal -0.0 -0.0 1.0
outer loop
vertex -37.05572509765625 -49.49029541015625 -23.0
vertex -32.790164947509766 -50.87636184692383 -23.0
vertex -36.828067779541016 -49.45356369018555 -23.0
endloop
endfacet
facet normal -0.17704067722996322 0.9842025876093443 -0.0013657045898250273
outer loop
vertex -36.75316619873047 -49.442020416259766 -24.391008377075195
vertex -36.828067779541016 -49.45356369018555 -23.0
vertex -36.73079299926758 -49.436065673828125 -23.0
endloop
endfacet
facet normal 8.00557926545363e-05 -0.6001132830759935 -0.7999150211533863
outer loop
vertex -25.818906784057617 -49.37107849121094 -24.44313621520996
vertex -37.04940414428711 -49.489803314208984 -24.35519027709961
vertex -36.75316619873047 -49.442020416259766 -24.391008377075195
endloop
endfacet
facet normal -0.15928651668811358 0.9872323220926296 -0.0003844697149998029
outer loop
vertex -37.04940414428711 -49.489803314208984 -24.35519027709961
vertex -37.05572509765625 -49.49029541015625 -23.0
vertex -36.828067779541016 -49.45356369018555 -23.0
endloop
endfacet
facet normal -0.159286135382832 0.9872323835899454 -0.0003845336361819029
outer loop
vertex -36.75316619873047 -49.442020416259766 -24.391008377075195
vertex -37.04940414428711 -49.489803314208984 -24.35519027709961
vertex -36.828067779541016 -49.45356369018555 -23.0
endloop
endfacet
facet normal 0.0 0.0 1.0
outer loop
vertex -32.790164947509766 -50.87636184692383 -23.0
vertex -35.499385833740234 -48.50768280029297 -23.0
vertex -35.59965515136719 -48.67070007324219 -23.0
endloop
endfacet
facet normal 0.0 0.0 1.0
outer loop
vertex -32.790164947509766 -50.87636184692383 -23.0
vertex -35.59965515136719 -48.67070007324219 -23.0
vertex -35.72712326049805 -48.82500076293945 -23.0
endloop
endfacet
facet normal -0.0 -0.0 1.0
outer loop
vertex -35.8079719543457 -48.91179275512695 -23.0
vertex -32.790164947509766 -50.87636184692383 -23.0
vertex -35.72712326049805 -48.82500076293945 -23.0
endloop
endfacet
facet normal -0.0 -0.0 1.0
outer loop
vertex -35.958431243896484 -49.049339294433594 -23.0
vertex -32.790164947509766 -50.87636184692383 -23.0
vertex -35.8079719543457 -48.91179275512695 -23.0
endloop
endfacet
facet normal 1.0 -0.0 -0.0
outer loop
vertex -25.818906784057617 -49.37107849121094 -24.44313621520996
vertex -25.818906784057617 -48.66879653930664 -24.899202346801758
vertex -25.818906784057617 -50.87636184692383 -23.0
endloop
endfacet
facet normal -0.6747256590419267 0.7380683208234649 0.000662440388696887
outer loop
vertex -35.97587585449219 -49.06380081176758 -24.655603408813477
vertex -35.958431243896484 -49.049339294433594 -23.0
vertex -35.8079719543457 -48.91179275512695 -23.0
endloop
endfacet
facet normal 0.0010667521460668821 -0.5446378007070674 -0.8386706910825176
outer loop
vertex -35.97587585449219 -49.06380081176758 -24.655603408813477
vertex -25.818906784057617 -48.66879653930664 -24.899202346801758
vertex -25.818906784057617 -49.37107849121094 -24.44313621520996
endloop
endfacet
facet normal -0.5700261264571137 0.821625732813526 -0.00117061305949956
outer loop
vertex -35.97587585449219 -49.06380081176758 -24.655603408813477
vertex -36.0510139465332 -49.11357116699219 -23.0
vertex -35.958431243896484 -49.049339294433594 -23.0
endloop
endfacet
facet normal 0.0003953037580963567 -0.5598600255101346 -0.8285871080162486
outer loop
vertex -35.97587585449219 -49.06380081176758 -24.655603408813477
vertex -25.818906784057617 -49.37107849121094 -24.44313621520996
vertex -36.21084213256836 -49.224361419677734 -24.54722785949707
endloop
endfacet
facet normal -0.5644431049371855 0.8254715856376255 -0.0008016194691407726
outer loop
vertex -35.97587585449219 -49.06380081176758 -24.655603408813477
vertex -36.21084213256836 -49.224361419677734 -24.54722785949707
vertex -36.0510139465332 -49.11357116699219 -23.0
endloop
endfacet
facet normal 0.0 0.0 1.0
outer loop
vertex -32.790164947509766 -50.87636184692383 -23.0
vertex -35.43273162841797 -48.3953857421875 -23.0
vertex -35.499385833740234 -48.50768280029297 -23.0
endloop
endfacet
facet normal -0.7317147064860591 0.6816087152454965 -0.0017741514602954214
outer loop
vertex -35.768951416015625 -48.87452697753906 -24.776185989379883
vertex -35.8079719543457 -48.91179275512695 -23.0
vertex -35.72712326049805 -48.82500076293945 -23.0
endloop
endfacet
facet normal -0.8599285488459759 0.5104127839522297 -0.0012964789966790746
outer loop
vertex -35.44721221923828 -48.424949645996094 -25.034372329711914
vertex -35.499385833740234 -48.50768280029297 -23.0
vertex -35.43273162841797 -48.3953857421875 -23.0
endloop
endfacet
facet normal -0.674725445565357 0.7380685160144601 0.0006624008175337951
outer loop
vertex -35.97587585449219 -49.06380081176758 -24.655603408813477
vertex -35.8079719543457 -48.91179275512695 -23.0
vertex -35.768951416015625 -48.87452697753906 -24.776185989379883
endloop
endfacet
facet normal -0.8517724606261607 0.5239116190283764 -0.0005392271513687255
outer loop
vertex -35.59206771850586 -48.66032409667969 -24.903968811035156
vertex -35.59965515136719 -48.67070007324219 -23.0
vertex -35.499385833740234 -48.50768280029297 -23.0
endloop
endfacet
facet normal -0.7709559942960603 0.6368882926500743 0.0003969184382005077
outer loop
vertex -35.768951416015625 -48.87452697753906 -24.776185989379883
vertex -35.72712326049805 -48.82500076293945 -23.0
vertex -35.59965515136719 -48.67070007324219 -23.0
endloop
endfacet
facet normal -0.8517757313511615 0.5239063020677815 -0.000538641677116639
outer loop
vertex -35.44721221923828 -48.424949645996094 -25.034372329711914
vertex -35.59206771850586 -48.66032409667969 -24.903968811035156
vertex -35.499385833740234 -48.50768280029297 -23.0
endloop
endfacet
facet normal 0.000697864220311584 -0.5378479122980385 -0.8430415981564441
outer loop
vertex -35.97587585449219 -49.06380081176758 -24.655603408813477
vertex -35.768951416015625 -48.87452697753906 -24.776185989379883
vertex -25.818906784057617 -48.66879653930664 -24.899202346801758
endloop
endfacet
facet normal -0.7709625176600832 0.6368803950535862 0.00039844650103953977
outer loop
vertex -35.768951416015625 -48.87452697753906 -24.776185989379883
vertex -35.59965515136719 -48.67070007324219 -23.0
vertex -35.59206771850586 -48.66032409667969 -24.903968811035156
endloop
endfacet
facet normal 6.4865871976306e-06 -0.48462313247574007 -0.8747230529872444
outer loop
vertex -35.44721221923828 -48.424949645996094 -25.034372329711914
vertex -25.818906784057617 -48.66879653930664 -24.899202346801758
vertex -35.59206771850586 -48.66032409667969 -24.903968811035156
endloop
endfacet
facet normal -2.5269846254790413e-05 -0.5123004129872236 -0.8588063147267577
outer loop
vertex -35.768951416015625 -48.87452697753906 -24.776185989379883
vertex -35.59206771850586 -48.66032409667969 -24.903968811035156
vertex -25.818906784057617 -48.66879653930664 -24.899202346801758
endloop
endfacet
facet normal 1.0 0.0 0.0
outer loop
vertex -25.818906784057617 -50.02184295654297 -23.91615867614746
vertex -25.818906784057617 -50.87636184692383 -23.0
vertex -25.818906784057617 -50.613956451416016 -23.324045181274414
endloop
endfacet
facet normal 1.0 0.0 0.0
outer loop
vertex -25.818906784057617 -49.37107849121094 -24.44313621520996
vertex -25.818906784057617 -50.87636184692383 -23.0
vertex -25.818906784057617 -50.02184295654297 -23.91615867614746
endloop
endfacet
facet normal 0.0005671133504262655 -0.6293194717137575 -0.777146498997689
outer loop
vertex -25.818906784057617 -49.37107849121094 -24.44313621520996
vertex -25.818906784057617 -50.02184295654297 -23.91615867614746
vertex -37.04940414428711 -49.489803314208984 -24.35519027709961
endloop
endfacet
facet normal -0.0 -0.0 1.0
outer loop
vertex -37.385738372802734 -49.48897933959961 -23.0
vertex -32.790164947509766 -50.87636184692383 -23.0
vertex -37.28905487060547 -49.492488861083984 -23.0
endloop
endfacet
facet normal -0.0 -0.0 0.9999999999999999
outer loop
vertex -37.28905487060547 -49.492488861083984 -23.0
vertex -32.790164947509766 -50.87636184692383 -23.0
vertex -37.05572509765625 -49.49029541015625 -23.0
endloop
endfacet
facet normal 0.0004267310512148896 -0.6310941432083313 -0.7757061301219373
outer loop
vertex -37.35094451904297 -49.492637634277344 -24.353050231933594
vertex -37.04940414428711 -49.489803314208984 -24.35519027709961
vertex -25.818906784057617 -50.02184295654297 -23.91615867614746
endloop
endfacet
facet normal 0.036275125393230724 0.9993402750993833 -0.0017691359456564
outer loop
vertex -37.35094451904297 -49.492637634277344 -24.353050231933594
vertex -37.385738372802734 -49.48897933959961 -23.0
vertex -37.28905487060547 -49.492488861083984 -23.0
endloop
endfacet
facet normal -0.009400231589151153 0.999955765881773 0.00031925830756928194
outer loop
vertex -37.04940414428711 -49.489803314208984 -24.35519027709961
vertex -37.28905487060547 -49.492488861083984 -23.0
vertex -37.05572509765625 -49.49029541015625 -23.0
endloop
endfacet
facet normal -0.009396785610577713 0.9999557980754988 0.00031986775536397107
outer loop
vertex -37.35094451904297 -49.492637634277344 -24.353050231933594
vertex -37.28905487060547 -49.492488861083984 -23.0
vertex -37.04940414428711 -49.489803314208984 -24.35519027709961
endloop
endfacet
facet normal 0.0 0.0 1.0
outer loop
vertex -35.7277946472168 -25.66411781311035 -23.0
vertex -26.29957389831543 -23.955909729003906 -23.0
vertex -26.287166595458984 -23.8991641998291 -23.0
endloop
endfacet
facet normal 0.0 0.0 1.0
outer loop
vertex -35.7277946472168 -25.66411781311035 -23.0
vertex -26.318906784057617 -24.044336318969727 -23.0
vertex -26.29957389831543 -23.955909729003906 -23.0
endloop
endfacet
facet normal 0.0 0.0 0.9999999999999999
outer loop
vertex -35.7277946472168 -25.66411781311035 -23.0
vertex -26.40935516357422 -24.26765251159668 -23.0
vertex -26.318906784057617 -24.044336318969727 -23.0
endloop
endfacet
facet normal 0.0 0.0 1.0
outer loop
vertex -35.7277946472168 -25.66411781311035 -23.0
vertex -26.417980194091797 -24.288944244384766 -23.0
vertex -26.40935516357422 -24.26765251159668 -23.0
endloop
endfacet
facet normal 0.0 0.0 1.0
outer loop
vertex -35.7277946472168 -25.66411781311035 -23.0
vertex -26.424772262573242 -24.30571174621582 -23.0
vertex -26.417980194091797 -24.288944244384766 -23.0
endloop
endfacet
facet normal 0.0 0.0 1.0
outer loop
vertex -35.7277946472168 -25.66411781311035 -23.0
vertex -26.432804107666016 -24.325542449951172 -23.0
vertex -26.424772262573242 -24.30571174621582 -23.0
endloop
endfacet
facet normal 0.0 0.0 1.0
outer loop
vertex -35.7277946472168 -25.66411781311035 -23.0
vertex -26.44675636291504 -24.359989166259766 -23.0
vertex -26.432804107666016 -24.325542449951172 -23.0
endloop
endfacet
facet normal 0.0 0.0 1.0
outer loop
vertex -35.7277946472168 -25.66411781311035 -23.0
vertex -26.495513916015625 -24.480369567871094 -23.0
vertex -26.44675636291504 -24.359989166259766 -23.0
endloop
endfacet
facet normal 0.0 0.0 1.0
outer loop
vertex -35.7277946472168 -25.66411781311035 -23.0
vertex -26.51136016845703 -24.597240447998047 -23.0
vertex -26.495513916015625 -24.480369567871094 -23.0
endloop
endfacet
facet normal 0.0 0.0 1.0
outer loop
vertex -35.7277946472168 -25.66411781311035 -23.0
vertex -26.560087203979492 -24.956655502319336 -23.0
vertex -26.51136016845703 -24.597240447998047 -23.0
endloop
endfacet
facet normal 0.0 0.0 1.0
outer loop
vertex -35.7277946472168 -25.66411781311035 -23.0
vertex -26.577285766601562 -24.996959686279297 -23.0
vertex -26.560087203979492 -24.956655502319336 -23.0
endloop
endfacet
facet normal 0.0 0.0 1.0
outer loop
vertex -35.48691940307617 -25.99689483642578 -23.0
vertex -26.578577041625977 -25.0 -23.0
vertex -26.577285766601562 -24.996959686279297 -23.0
endloop
endfacet
facet normal 0.0 -0.0 0.9999999999999999
outer loop
vertex -35.48691940307617 -25.99689483642578 -23.0
vertex -26.577285766601562 -24.996959686279297 -23.0
vertex -35.7277946472168 -25.66411781311035 -23.0
endloop
endfacet
facet normal 0.0 0.0 -1.0
outer loop
vertex -35.48691940307617 -25.99689483642578 -25.97100067138672
vertex -35.7277946472168 -25.66411781311035 -25.97100067138672
vertex -25.84990692138672 -25.046863555908203 -25.97100067138672
endloop
endfacet
facet normal -0.8100591532459742 -0.5863481629905691 0.0
outer loop
vertex -35.48691940307617 -25.99689483642578 -25.97100067138672
vertex -35.48691940307617 -25.99689483642578 -23.0
vertex -35.7277946472168 -25.66411781311035 -23.0
endloop
endfacet
facet normal -0.8100591532459742 -0.5863481629905691 -0.0
outer loop
vertex -35.48691940307617 -25.99689483642578 -25.97100067138672
vertex -35.7277946472168 -25.66411781311035 -23.0
vertex -35.7277946472168 -25.66411781311035 -25.97100067138672
endloop
endfacet
facet normal 0.0 -0.0 0.9999999999999999
outer loop
vertex -35.22766876220703 -27.183998107910156 -23.0
vertex -26.5986270904541 -25.047000885009766 -23.0
vertex -35.231468200683594 -26.773212432861328 -23.0
endloop
endfacet
facet normal 0.0 0.0 1.0
outer loop
vertex -35.48691940307617 -25.99689483642578 -23.0
vertex -26.5986270904541 -25.047000885009766 -23.0
vertex -26.578577041625977 -25.0 -23.0
endloop
endfacet
facet normal 0.0 -0.0 1.0
outer loop
vertex -35.231468200683594 -26.773212432861328 -23.0
vertex -26.5986270904541 -25.047000885009766 -23.0
vertex -35.31911849975586 -26.37186622619629 -23.0
endloop
endfacet
facet normal 0.0 -0.0 0.9999999999999999
outer loop
vertex -35.31911849975586 -26.37186622619629 -23.0
vertex -26.5986270904541 -25.047000885009766 -23.0
vertex -35.48691940307617 -25.99689483642578 -23.0
endloop
endfacet
facet normal -0.9769732302404518 -0.213361916455438 0.0
outer loop
vertex -35.31911849975586 -26.37186622619629 -25.97100067138672
vertex -35.231468200683594 -26.773212432861328 -23.0
vertex -35.31911849975586 -26.37186622619629 -23.0
endloop
endfacet
facet normal 0.0 0.0 -1.0
outer loop
vertex -35.31911849975586 -26.37186622619629 -25.97100067138672
vertex -35.48691940307617 -25.99689483642578 -25.97100067138672
vertex -25.84990692138672 -25.046863555908203 -25.97100067138672
endloop
endfacet
facet normal -0.9127723818905566 -0.408468577564835 0.0
outer loop
vertex -35.31911849975586 -26.37186622619629 -25.97100067138672
vertex -35.31911849975586 -26.37186622619629 -23.0
vertex -35.48691940307617 -25.99689483642578 -23.0
endloop
endfacet
facet normal -0.9127723818905566 -0.408468577564835 -0.0
outer loop
vertex -35.31911849975586 -26.37186622619629 -25.97100067138672
vertex -35.48691940307617 -25.99689483642578 -23.0
vertex -35.48691940307617 -25.99689483642578 -25.97100067138672
endloop
endfacet
facet normal 0.0 -0.0 0.9999999999999999
outer loop
vertex -26.5986270904541 -39.0 -23.0
vertex -26.5986270904541 -25.047000885009766 -23.0
vertex -35.22766876220703 -27.183998107910156 -23.0
endloop
endfacet
facet normal 0.0 0.0 -1.0
outer loop
vertex -35.231468200683594 -26.773212432861328 -25.97100067138672
vertex -35.31911849975586 -26.37186622619629 -25.97100067138672
vertex -25.84990692138672 -25.046863555908203 -25.97100067138672
endloop
endfacet
facet normal 0.0 0.0 1.0
outer loop
vertex -26.5986270904541 -39.0 -23.0
vertex -35.22766876220703 -27.183998107910156 -23.0
vertex -35.307884216308594 -27.586896896362305 -23.0
endloop
endfacet
facet normal -0.9769732302404518 -0.213361916455438 0.0
outer loop
vertex -35.231468200683594 -26.773212432861328 -25.97100067138672
vertex -35.231468200683594 -26.773212432861328 -23.0
vertex -35.31911849975586 -26.37186622619629 -25.97100067138672
endloop
endfacet
facet normal -0.9807508436039384 0.19526336771182443 0.0
outer loop
vertex -35.22766876220703 -27.183998107910156 -25.97100067138672
vertex -35.307884216308594 -27.586896896362305 -23.0
vertex -35.22766876220703 -27.183998107910156 -23.0
endloop
endfacet
facet normal -0.9999572289026476 -0.009248803454399749 -0.0
outer loop
vertex -35.22766876220703 -27.183998107910156 -23.0
vertex -35.231468200683594 -26.773212432861328 -23.0
vertex -35.231468200683594 -26.773212432861328 -25.97100067138672
endloop
endfacet
facet normal -0.9999572289026476 -0.009248803454399749 0.0
outer loop
vertex -35.22766876220703 -27.183998107910156 -25.97100067138672
vertex -35.22766876220703 -27.183998107910156 -23.0
vertex -35.231468200683594 -26.773212432861328 -25.97100067138672
endloop
endfacet
facet normal 0.0 -0.0 1.0
outer loop
vertex -32.790164947509766 -50.87636184692383 -23.0
vertex -25.818906784057617 -50.87636184692383 -23.0
vertex -35.262054443359375 -47.91013717651367 -23.0
endloop
endfacet
facet normal 0.0 -0.7771473904618045 -0.6293186263717352
outer loop
vertex -32.790164947509766 -50.87636184692383 -23.0
vertex -25.818906784057617 -50.613956451416016 -23.324045181274414
vertex -25.818906784057617 -50.87636184692383 -23.0
endloop
endfacet
facet normal 0.0 -0.7771473904618044 -0.6293186263717352
outer loop
vertex -39.81890869140625 -50.613956451416016 -23.324045181274414
vertex -25.818906784057617 -50.613956451416016 -23.324045181274414
vertex -32.790164947509766 -50.87636184692383 -23.0
endloop
endfacet
facet normal 0.0 -0.7071067811865476 -0.7071067811865476
outer loop
vertex -39.81890869140625 -50.613956451416016 -23.324045181274414
vertex -25.818906784057617 -50.02184295654297 -23.91615867614746
vertex -25.818906784057617 -50.613956451416016 -23.324045181274414
endloop
endfacet
facet normal 0.0 -0.7071067811865476 -0.7071067811865476
outer loop
vertex -39.81890869140625 -50.02184295654297 -23.91615867614746
vertex -25.818906784057617 -50.02184295654297 -23.91615867614746
vertex -39.81890869140625 -50.613956451416016 -23.324045181274414
endloop
endfacet
facet normal -0.7071067811865476 0.7071067811865476 0.0
outer loop
vertex -53.81890869140625 -50.22700119018555 -23.72481346130371
vertex -53.81890869140625 -50.22700119018555 -23.0
vertex -51.83890914916992 -48.24700164794922 -23.0
endloop
endfacet
facet normal 0.0006976626345913591 -0.7071066091003705 -0.7071066091003705
outer loop
vertex -53.81890869140625 -50.22700119018555 -23.72481346130371
vertex -39.81890869140625 -50.02184295654297 -23.91615867614746
vertex -39.81890869140625 -50.613956451416016 -23.324045181274414
endloop
endfacet
facet normal -0.7071067811865476 0.7071067811865476 0.0
outer loop
vertex -53.81890869140625 -50.22700119018555 -23.72481346130371
vertex -51.83890914916992 -48.24700164794922 -23.0
vertex -53.365394592285156 -49.77348709106445 -24.130720138549805
endloop
endfacet
facet normal -0.00041729709751415415 -0.6666825182252819 -0.7453416973146808
outer loop
vertex -53.81890869140625 -50.22700119018555 -23.72481346130371
vertex -53.365394592285156 -49.77348709106445 -24.130720138549805
vertex -39.81890869140625 -50.02184295654297 -23.91615867614746
endloop
endfacet
facet normal 0.0 0.0 1.0
outer loop
vertex -32.790164947509766 -50.87636184692383 -23.0
vertex -35.262054443359375 -47.91013717651367 -23.0
vertex -35.31340408325195 -48.092342376708984 -23.0
endloop
endfacet
facet normal 0.0 0.0 1.0
outer loop
vertex -32.790164947509766 -50.87636184692383 -23.0
vertex -35.356441497802734 -48.221595764160156 -23.0
vertex -35.43273162841797 -48.3953857421875 -23.0
endloop
endfacet
facet normal 0.0 0.0 1.0
outer loop
vertex -32.790164947509766 -50.87636184692383 -23.0
vertex -35.31340408325195 -48.092342376708984 -23.0
vertex -35.356441497802734 -48.221595764160156 -23.0
endloop
endfacet
facet normal -0.9625070137530141 0.2712567396392539 0.00017226879362098032
outer loop
vertex -35.33618927001953 -48.171817779541016 -25.163267135620117
vertex -35.31340408325195 -48.092342376708984 -23.0
vertex -35.262054443359375 -47.91013717651367 -23.0
endloop
endfacet
facet normal -0.9156591573070435 0.4019550350538558 0.000676339122405472
outer loop
vertex -35.44721221923828 -48.424949645996094 -25.034372329711914
vertex -35.43273162841797 -48.3953857421875 -23.0
vertex -35.356441497802734 -48.221595764160156 -23.0
endloop
endfacet
facet normal -0.9487856197441406 0.3159165174852697 -0.0016129930893492763
outer loop
vertex -35.33618927001953 -48.171817779541016 -25.163267135620117
vertex -35.356441497802734 -48.221595764160156 -23.0
vertex -35.31340408325195 -48.092342376708984 -23.0
endloop
endfacet
facet normal 1.0 0.0 0.0
outer loop
vertex -25.818906784057617 -47.922691345214844 -25.27936363220215
vertex -25.818906784057617 -50.87636184692383 -23.0
vertex -25.818906784057617 -48.66879653930664 -24.899202346801758
endloop
endfacet
facet normal -0.9156609162670346 0.4019510272882953 0.000676818216982879
outer loop
vertex -35.33618927001953 -48.171817779541016 -25.163267135620117
vertex -35.44721221923828 -48.424949645996094 -25.034372329711914
vertex -35.356441497802734 -48.221595764160156 -23.0
endloop
endfacet
facet normal 0.001014868553840786 -0.4539918786260795 -0.891005243634055
outer loop
vertex -35.33618927001953 -48.171817779541016 -25.163267135620117
vertex -25.818906784057617 -47.922691345214844 -25.27936363220215
vertex -25.818906784057617 -48.66879653930664 -24.899202346801758
endloop
endfacet
facet normal 0.0010069731663581996 -0.45411086379214366 -0.8909446163432356
outer loop
vertex -35.33618927001953 -48.171817779541016 -25.163267135620117
vertex -25.818906784057617 -48.66879653930664 -24.899202346801758
vertex -35.44721221923828 -48.424949645996094 -25.034372329711914
endloop
endfacet
facet normal 0.0 -0.0 1.0
outer loop
vertex -39.81890869140625 -50.87636184692383 -23.0
vertex -37.61435317993164 -49.45657730102539 -23.0
vertex -37.70976257324219 -49.43215560913086 -23.0
endloop
endfacet
facet normal 0.14032950021137203 0.9901044204929981 0.0009316064894673693
outer loop
vertex -37.35094451904297 -49.492637634277344 -24.353050231933594
vertex -37.61435317993164 -49.45657730102539 -23.0
vertex -37.385738372802734 -49.48897933959961 -23.0
endloop
endfacet
facet normal 0.24797238653868056 0.9687655982066447 -0.0017062372733954447
outer loop
vertex -37.64712905883789 -49.450626373291016 -24.384601593017578
vertex -37.70976257324219 -49.43215560913086 -23.0
vertex -37.61435317993164 -49.45657730102539 -23.0
endloop
endfacet
facet normal 0.1403382980220443 0.9901031718772443 0.0009333525037485606
outer loop
vertex -37.64712905883789 -49.450626373291016 -24.384601593017578
vertex -37.61435317993164 -49.45657730102539 -23.0
vertex -37.35094451904297 -49.492637634277344 -24.353050231933594
endloop
endfacet
facet normal 0.0006414712246916944 -0.6282906309595849 -0.7779784518629514
outer loop
vertex -39.81890869140625 -49.536563873291016 -24.319610595703125
vertex -37.35094451904297 -49.492637634277344 -24.353050231933594
vertex -25.818906784057617 -50.02184295654297 -23.91615867614746
endloop
endfacet
facet normal 0.0 -0.6392980848631178 -0.7689590097595254
outer loop
vertex -39.81890869140625 -50.02184295654297 -23.91615867614746
vertex -39.81890869140625 -49.536563873291016 -24.319610595703125
vertex -25.818906784057617 -50.02184295654297 -23.91615867614746
endloop
endfacet
facet normal -0.00012949596084563887 -0.6011061917756835 -0.799169149454439
outer loop
vertex -39.81890869140625 -49.536563873291016 -24.319610595703125
vertex -37.64712905883789 -49.450626373291016 -24.384601593017578
vertex -37.35094451904297 -49.492637634277344 -24.353050231933594
endloop
endfacet
facet normal 0.0004588304219810244 -0.6392980175688858 -0.7689589288168365
outer loop
vertex -53.365394592285156 -49.77348709106445 -24.130720138549805
vertex -39.81890869140625 -49.536563873291016 -24.319610595703125
vertex -39.81890869140625 -50.02184295654297 -23.91615867614746
endloop
endfacet
facet normal -0.00019834955246185958 -0.5999964711700453 -0.8000026220212956
outer loop
vertex -52.88233184814453 -49.29042434692383 -24.500974655151367
vertex -37.64712905883789 -49.450626373291016 -24.384601593017578
vertex -39.81890869140625 -49.536563873291016 -24.319610595703125
endloop
endfacet
facet normal -0.7071067811865476 0.7071067811865476 0.0
outer loop
vertex -52.88233184814453 -49.29042434692383 -24.500974655151367
vertex -51.83890914916992 -48.24700164794922 -23.0
vertex -52.372520446777344 -48.78061294555664 -24.833433151245117
endloop
endfacet
facet normal -0.0004351465210701886 -0.6080604906811979 -0.7938905783041172
outer loop
vertex -52.88233184814453 -49.29042434692383 -24.500974655151367
vertex -39.81890869140625 -49.536563873291016 -24.319610595703125
vertex -53.365394592285156 -49.77348709106445 -24.130720138549805
endloop
endfacet
facet normal -0.7071067811865476 0.7071067811865476 0.0
outer loop
vertex -52.88233184814453 -49.29042434692383 -24.500974655151367
vertex -53.365394592285156 -49.77348709106445 -24.130720138549805
vertex -51.83890914916992 -48.24700164794922 -23.0
endloop
endfacet
facet normal 0.0 -0.0 1.0
outer loop
vertex -39.81890869140625 -50.87636184692383 -23.0
vertex -37.70976257324219 -49.43215560913086 -23.0
vertex -37.92673110961914 -49.3675537109375 -23.0
endloop
endfacet
facet normal 0.0 -0.0 1.0
outer loop
vertex -39.81890869140625 -50.87636184692383 -23.0
vertex -37.92673110961914 -49.3675537109375 -23.0
vertex -38.12254333496094 -49.27656173706055 -23.0
endloop
endfacet
facet normal 0.2853669232657572 0.9584183344899008 0.00012336709462446008
outer loop
vertex -37.64712905883789 -49.450626373291016 -24.384601593017578
vertex -37.92673110961914 -49.3675537109375 -23.0
vertex -37.70976257324219 -49.43215560913086 -23.0
endloop
endfacet
facet normal 0.0 -0.0 1.0
outer loop
vertex -39.81890869140625 -50.87636184692383 -23.0
vertex -38.12254333496094 -49.27656173706055 -23.0
vertex -38.21764373779297 -49.2288703918457 -23.0
endloop
endfacet
facet normal 0.4214128620224066 0.9068688894676624 -0.00013052881950698068
outer loop
vertex -37.929100036621094 -49.366661071777344 -24.44634437561035
vertex -38.12254333496094 -49.27656173706055 -23.0
vertex -37.92673110961914 -49.3675537109375 -23.0
endloop
endfacet
facet normal 0.448274070183433 0.8938947824086534 -0.0015735259022060532
outer loop
vertex -38.18988037109375 -49.24549102783203 -24.532546997070312
vertex -38.21764373779297 -49.2288703918457 -23.0
vertex -38.12254333496094 -49.27656173706055 -23.0
endloop
endfacet
facet normal 0.2853702832400122 0.9584173339632943 0.00012410562627601255
outer loop
vertex -37.929100036621094 -49.366661071777344 -24.44634437561035
vertex -37.92673110961914 -49.3675537109375 -23.0
vertex -37.64712905883789 -49.450626373291016 -24.384601593017578
endloop
endfacet
facet normal 0.0 -0.0 0.9999999999999999
outer loop
vertex -39.81890869140625 -50.87636184692383 -23.0
vertex -38.21764373779297 -49.2288703918457 -23.0
vertex -38.393314361572266 -49.11450958251953 -23.0
endloop
endfacet
facet normal 0.5455746208658833 0.8380618721603386 0.0007946685824429822
outer loop
vertex -38.18988037109375 -49.24549102783203 -24.532546997070312
vertex -38.393314361572266 -49.11450958251953 -23.0
vertex -38.21764373779297 -49.2288703918457 -23.0
endloop
endfacet
facet normal 0.4214140942662443 0.9068683168841462 -0.00013032834255895327
outer loop
vertex -38.18988037109375 -49.24549102783203 -24.532546997070312
vertex -38.12254333496094 -49.27656173706055 -23.0
vertex -37.929100036621094 -49.366661071777344 -24.44634437561035
endloop
endfacet
facet normal -7.834076329902549e-05 -0.5925835477674467 -0.8055089898803556
outer loop
vertex -52.88233184814453 -49.29042434692383 -24.500974655151367
vertex -37.929100036621094 -49.366661071777344 -24.44634437561035
vertex -37.64712905883789 -49.450626373291016 -24.384601593017578
endloop
endfacet
facet normal 0.0 -0.0 1.0
outer loop
vertex -39.81890869140625 -50.87636184692383 -23.0
vertex -38.393314361572266 -49.11450958251953 -23.0
vertex -38.48027038574219 -49.04431915283203 -23.0
endloop
endfacet
facet normal 0.5455696476896519 0.8380651105432351 0.0007937316577280474
outer loop
vertex -38.42578125 -49.09182357788086 -24.63707733154297
vertex -38.393314361572266 -49.11450958251953 -23.0
vertex -38.18988037109375 -49.24549102783203 -24.532546997070312
endloop
endfacet
facet normal 2.171188596483794e-05 -0.5796591467779152 -0.8148590510544098
outer loop
vertex -52.88233184814453 -49.29042434692383 -24.500974655151367
vertex -38.18988037109375 -49.24549102783203 -24.532546997070312
vertex -37.929100036621094 -49.366661071777344 -24.44634437561035
endloop
endfacet
facet normal 0.628101800293342 0.7781293770481917 -0.0016736316369358882
outer loop
vertex -38.42578125 -49.09182357788086 -24.63707733154297
vertex -38.48027038574219 -49.04431915283203 -23.0
vertex -38.393314361572266 -49.11450958251953 -23.0
endloop
endfacet
facet normal -5.640375952470686e-05 -0.5625033881904992 -0.8267949776654576
outer loop
vertex -52.88233184814453 -49.29042434692383 -24.500974655151367
vertex -38.42578125 -49.09182357788086 -24.63707733154297
vertex -38.18988037109375 -49.24549102783203 -24.532546997070312
endloop
endfacet
facet normal 0.6571452604433875 0.7537639595236584 9.393504655610138e-08
outer loop
vertex -38.42578125 -49.09182357788086 -24.63707733154297
vertex -38.63433837890625 -48.90999984741211 -23.0
vertex -38.48027038574219 -49.04431915283203 -23.0
endloop
endfacet
facet normal -0.00038729412110550046 -0.5459646201476351 -0.8378081424468925
outer loop
vertex -52.88233184814453 -49.29042434692383 -24.500974655151367
vertex -52.372520446777344 -48.78061294555664 -24.833433151245117
vertex -38.42578125 -49.09182357788086 -24.63707733154297
endloop
endfacet
facet normal 9.39878982852523e-05 -0.5148093215605689 -0.8573047028919308
outer loop
vertex -52.372520446777344 -48.78061294555664 -24.833433151245117
vertex -39.81890869140625 -48.66879653930664 -24.899202346801758
vertex -38.63433837890625 -48.90999984741211 -24.754230499267578
endloop
endfacet
facet normal 0.6571448415120392 0.7537643247555011 -0.0
outer loop
vertex -38.63433837890625 -48.90999984741211 -24.754230499267578
vertex -38.63433837890625 -48.90999984741211 -23.0
vertex -38.42578125 -49.09182357788086 -24.63707733154297
endloop
endfacet
facet normal -0.0002575467454280545 -0.5418377730968785 -0.8404830523663696
outer loop
vertex -52.372520446777344 -48.78061294555664 -24.833433151245117
vertex -38.63433837890625 -48.90999984741211 -24.754230499267578
vertex -38.42578125 -49.09182357788086 -24.63707733154297
endloop
endfacet
facet normal -0.0 -0.0 1.0
outer loop
vertex -37.61435317993164 -49.45657730102539 -23.0
vertex -32.790164947509766 -50.87636184692383 -23.0
vertex -37.385738372802734 -49.48897933959961 -23.0
endloop
endfacet
facet normal 0.0 -0.0 1.0
outer loop
vertex -39.81890869140625 -50.87636184692383 -23.0
vertex -32.790164947509766 -50.87636184692383 -23.0
vertex -37.61435317993164 -49.45657730102539 -23.0
endloop
endfacet
facet normal 0.0 -0.0 1.0
outer loop
vertex -39.81890869140625 -50.87636184692383 -23.0
vertex -38.48027038574219 -49.04431915283203 -23.0
vertex -38.63433837890625 -48.90999984741211 -23.0
endloop
endfacet
facet normal -0.0 -0.7771473904618044 -0.6293186263717352
outer loop
vertex -39.81890869140625 -50.613956451416016 -23.324045181274414
vertex -32.790164947509766 -50.87636184692383 -23.0
vertex -39.81890869140625 -50.87636184692383 -23.0
endloop
endfacet
facet normal 0.0 0.0 0.9999999999999999
outer loop
vertex -48.78205108642578 -50.88262939453125 -23.0
vertex -39.81890869140625 -50.87636184692383 -23.0
vertex -38.63433837890625 -48.90999984741211 -23.0
endloop
endfacet
facet normal 0.000543426326820939 -0.7771472757112539 -0.6293185334490029
outer loop
vertex -48.78205108642578 -50.88262939453125 -23.0
vertex -39.81890869140625 -50.613956451416016 -23.324045181274414
vertex -39.81890869140625 -50.87636184692383 -23.0
endloop
endfacet
facet normal -0.0 -0.0 1.0
outer loop
vertex -53.81890869140625 -50.22700119018555 -23.0
vertex -48.78205108642578 -50.88262939453125 -23.0
vertex -51.83890914916992 -48.24700164794922 -23.0
endloop
endfacet
facet normal 0.0005431400031448041 -0.7771434387699623 -0.6293232719165366
outer loop
vertex -53.81890869140625 -50.73747253417969 -23.1835994720459
vertex -39.81890869140625 -50.613956451416016 -23.324045181274414
vertex -48.78205108642578 -50.88262939453125 -23.0
endloop
endfacet
facet normal -0.0 -0.0 1.0
outer loop
vertex -53.81890869140625 -50.880889892578125 -23.0
vertex -48.78205108642578 -50.88262939453125 -23.0
vertex -53.81890869140625 -50.22700119018555 -23.0
endloop
endfacet
facet normal -0.00027216202161347674 -0.7880654263641352 -0.6155914308186461
outer loop
vertex -53.81890869140625 -50.73747253417969 -23.1835994720459
vertex -48.78205108642578 -50.88262939453125 -23.0
vertex -53.81890869140625 -50.880889892578125 -23.0
endloop
endfacet
facet normal -0.00046515583795615664 -0.7274659571148291 -0.6861436182528058
outer loop
vertex -53.81890869140625 -50.22700119018555 -23.72481346130371
vertex -39.81890869140625 -50.613956451416016 -23.324045181274414
vertex -53.81890869140625 -50.73747253417969 -23.1835994720459
endloop
endfacet
facet normal -1.0 0.0 0.0
outer loop
vertex -53.81890869140625 -50.73747253417969 -23.1835994720459
vertex -53.81890869140625 -50.880889892578125 -23.0
vertex -53.81890869140625 -50.22700119018555 -23.0
endloop
endfacet
facet normal -1.0 0.0 0.0
outer loop
vertex -53.81890869140625 -50.22700119018555 -23.72481346130371
vertex -53.81890869140625 -50.73747253417969 -23.1835994720459
vertex -53.81890869140625 -50.22700119018555 -23.0
endloop
endfacet
facet normal 0.6036962798633884 -0.37080872588789404 -0.7057277736383216
outer loop
vertex -41.58598327636719 -27.127147674560547 -27.19121551513672
vertex -41.33493423461914 -27.168285369873047 -26.95484733581543
vertex -41.387977600097656 -27.279327392578125 -26.941877365112305
endloop
endfacet
facet normal 0.626501626220934 -0.30294163530051593 -0.7181379240396474
outer loop
vertex -41.55143356323242 -27.024616241455078 -27.204326629638672
vertex -41.33493423461914 -27.168285369873047 -26.95484733581543
vertex -41.58598327636719 -27.127147674560547 -27.19121551513672
endloop
endfacet
facet normal 0.5866161010486417 -0.3950655130691899 -0.706968733660738
outer loop
vertex -41.63642120361328 -27.247337341308594 -27.165903091430664
vertex -41.58598327636719 -27.127147674560547 -27.19121551513672
vertex -41.387977600097656 -27.279327392578125 -26.941877365112305
endloop
endfacet
facet normal 0.6525415043083259 -0.3083940559818979 -0.6921579959735068
outer loop
vertex -41.81150817871094 -27.011545181274414 -27.455339431762695
vertex -41.55143356323242 -27.024616241455078 -27.204326629638672
vertex -41.58598327636719 -27.127147674560547 -27.19121551513672
endloop
endfacet
facet normal 0.6216738553106682 -0.4024132314360752 -0.672000899395489
outer loop
vertex -41.842323303222656 -27.121442794799805 -27.431774139404297
vertex -41.58598327636719 -27.127147674560547 -27.19121551513672
vertex -41.63642120361328 -27.247337341308594 -27.165903091430664
endloop
endfacet
facet normal 0.6424080220678434 -0.32858934556997965 -0.6923445494555248
outer loop
vertex -41.842323303222656 -27.121442794799805 -27.431774139404297
vertex -41.81150817871094 -27.011545181274414 -27.455339431762695
vertex -41.58598327636719 -27.127147674560547 -27.19121551513672
endloop
endfacet
facet normal 0.6685346962492354 -0.23672965874128662 -0.7049967578529538
outer loop
vertex -41.788185119628906 -26.8984432220459 -27.471200942993164
vertex -41.55143356323242 -27.024616241455078 -27.204326629638672
vertex -41.81150817871094 -27.011545181274414 -27.455339431762695
endloop
endfacet
facet normal 0.6052693088715982 -0.4277791666585078 -0.6713077150689173
outer loop
vertex -41.88967514038086 -27.249502182006836 -27.392864227294922
vertex -41.842323303222656 -27.121442794799805 -27.431774139404297
vertex -41.63642120361328 -27.247337341308594 -27.165903091430664
endloop
endfacet
facet normal 0.669884788634566 -0.3304077515760742 -0.6648947944257543
outer loop
vertex -42.07156753540039 -27.03469467163086 -27.705846786499023
vertex -41.81150817871094 -27.011545181274414 -27.455339431762695
vertex -41.842323303222656 -27.121442794799805 -27.431774139404297
endloop
endfacet
facet normal 0.6885279136715421 -0.23805180163731826 -0.6850260227409909
outer loop
vertex -42.05381393432617 -26.914716720581055 -27.732532501220703
vertex -41.788185119628906 -26.8984432220459 -27.471200942993164
vertex -41.81150817871094 -27.011545181274414 -27.455339431762695
endloop
endfacet
facet normal 0.6422584000851921 -0.43022885521428755 -0.6343557989496218
outer loop
vertex -42.098026275634766 -27.150806427001953 -27.670747756958008
vertex -41.842323303222656 -27.121442794799805 -27.431774139404297
vertex -41.88967514038086 -27.249502182006836 -27.392864227294922
endloop
endfacet
facet normal 0.6605342484348634 -0.3511246915765008 -0.6636308895838842
outer loop
vertex -42.098026275634766 -27.150806427001953 -27.670747756958008
vertex -42.07156753540039 -27.03469467163086 -27.705846786499023
vertex -41.842323303222656 -27.121442794799805 -27.431774139404297
endloop
endfacet
facet normal 0.7013738966335273 -0.05644137956795814 -0.7105554361156966
outer loop
vertex -41.925392150878906 -26.662662506103516 -27.639604568481445
vertex -41.5018196105957 -26.812631607055664 -27.209592819213867
vertex -41.7725830078125 -26.7832088470459 -27.47919464111328
endloop
endfacet
facet normal 0.6978082059030426 -0.15298786080057786 -0.6997559733378774
outer loop
vertex -42.05381393432617 -26.914716720581055 -27.732532501220703
vertex -42.04496765136719 -26.792160034179688 -27.750505447387695
vertex -41.788185119628906 -26.8984432220459 -27.471200942993164
endloop
endfacet
facet normal 0.6827114769508805 -0.2534540028484966 -0.6853219007733676
outer loop
vertex -42.05381393432617 -26.914716720581055 -27.732532501220703
vertex -41.81150817871094 -27.011545181274414 -27.455339431762695
vertex -42.07156753540039 -27.03469467163086 -27.705846786499023
endloop
endfacet
facet normal 0.6265329001996343 -0.4563324790462372 -0.6318363661067244
outer loop
vertex -42.098026275634766 -27.150806427001953 -27.670747756958008
vertex -41.88967514038086 -27.249502182006836 -27.392864227294922
vertex -42.14175033569336 -27.28522491455078 -27.617023468017578
endloop
endfacet
facet normal 0.6893000476707042 -0.34898858478798833 -0.63487984057524
outer loop
vertex -42.32588195800781 -27.092443466186523 -27.95021629333496
vertex -42.07156753540039 -27.03469467163086 -27.705846786499023
vertex -42.098026275634766 -27.150806427001953 -27.670747756958008
endloop
endfacet
facet normal 0.7057171948987883 -0.04618661651026469 -0.7069865891793982
outer loop
vertex -42.04496765136719 -26.792160034179688 -27.750505447387695
vertex -41.925392150878906 -26.662662506103516 -27.639604568481445
vertex -41.7725830078125 -26.7832088470459 -27.47919464111328
endloop
endfacet
facet normal 0.7106695167612685 -0.15203127281425288 -0.6869027078362576
outer loop
vertex -42.05381393432617 -26.914716720581055 -27.732532501220703
vertex -42.31340789794922 -26.83855438232422 -28.01796531677246
vertex -42.04496765136719 -26.792160034179688 -27.750505447387695
endloop
endfacet
facet normal 0.7036853022600592 -0.2518954429656151 -0.6643611075283723
outer loop
vertex -42.31454086303711 -26.96702003479004 -27.988861083984375
vertex -42.05381393432617 -26.914716720581055 -27.732532501220703
vertex -42.07156753540039 -27.03469467163086 -27.705846786499023
endloop
endfacet
facet normal 0.6984985450977147 -0.26764788730264155 -0.6636749135825524
outer loop
vertex -42.31454086303711 -26.96702003479004 -27.988861083984375
vertex -42.07156753540039 -27.03469467163086 -27.705846786499023
vertex -42.32588195800781 -27.092443466186523 -27.95021629333496
endloop
endfacet
facet normal 0.6652418504283659 -0.45346140599614193 -0.5931492507882361
outer loop
vertex -42.34728240966797 -27.21331214904785 -27.90251350402832
vertex -42.098026275634766 -27.150806427001953 -27.670747756958008
vertex -42.14175033569336 -27.28522491455078 -27.617023468017578
endloop
endfacet
facet normal 0.6806806963854943 -0.37004585465905027 -0.6322498359175837
outer loop
vertex -42.34728240966797 -27.21331214904785 -27.90251350402832
vertex -42.32588195800781 -27.092443466186523 -27.95021629333496
vertex -42.098026275634766 -27.150806427001953 -27.670747756958008
endloop
endfacet
facet normal 0.7094114309771469 -0.053196767001093166 -0.7027841244504518
outer loop
vertex -42.31340789794922 -26.83855438232422 -28.01796531677246
vertex -41.925392150878906 -26.662662506103516 -27.639604568481445
vertex -42.04496765136719 -26.792160034179688 -27.750505447387695
endloop
endfacet
facet normal 0.7081414079321366 -0.1619431517081665 -0.6872482535348613
outer loop
vertex -42.31454086303711 -26.96702003479004 -27.988861083984375
vertex -42.31340789794922 -26.83855438232422 -28.01796531677246
vertex -42.05381393432617 -26.914716720581055 -27.732532501220703
endloop
endfacet
facet normal 0.7210817110725912 -0.26273482156033406 -0.6411018479900706
outer loop
vertex -42.56473922729492 -27.05403709411621 -28.23461151123047
vertex -42.31454086303711 -26.96702003479004 -27.988861083984375
vertex -42.32588195800781 -27.092443466186523 -27.95021629333496
endloop
endfacet
facet normal 0.650154077045195 -0.4800092584650154 -0.5889743524886096
outer loop
vertex -42.34728240966797 -27.21331214904785 -27.90251350402832
vertex -42.14175033569336 -27.28522491455078 -27.617023468017578
vertex -42.386741638183594 -27.352264404296875 -27.832826614379883
endloop
endfacet
facet normal 0.7116553237605954 -0.3633117943971918 -0.6012913106100026
outer loop
vertex -42.56874084472656 -27.183134078979492 -28.18285369873047
vertex -42.32588195800781 -27.092443466186523 -27.95021629333496
vertex -42.34728240966797 -27.21331214904785 -27.90251350402832
endloop
endfacet
facet normal 0.7165770672803277 -0.2785848575471085 -0.6394589774124544
outer loop
vertex -42.56874084472656 -27.183134078979492 -28.18285369873047
vertex -42.56473922729492 -27.05403709411621 -28.23461151123047
vertex -42.32588195800781 -27.092443466186523 -27.95021629333496
endloop
endfacet
facet normal 0.7116975251075404 -0.06545499470875267 -0.6994299653456943
outer loop
vertex -42.56492233276367 -26.777366638183594 -28.279617309570312
vertex -41.925392150878906 -26.662662506103516 -27.639604568481445
vertex -42.31340789794922 -26.83855438232422 -28.01796531677246
endloop
endfacet
facet normal 0.7219862799245753 -0.15892951897043917 -0.6734071722223468
outer loop
vertex -42.57237243652344 -26.921436309814453 -28.276050567626953
vertex -42.31340789794922 -26.83855438232422 -28.01796531677246
vertex -42.31454086303711 -26.96702003479004 -27.988861083984375
endloop
endfacet
facet normal 0.7199440441608257 -0.16892542356804358 -0.6731602888983513
outer loop
vertex -42.57237243652344 -26.921436309814453 -28.276050567626953
vertex -42.31454086303711 -26.96702003479004 -27.988861083984375
vertex -42.56473922729492 -27.05403709411621 -28.23461151123047
endloop
endfacet
facet normal 0.691824190395227 -0.47095995837099525 -0.5473353699471457
outer loop
vertex -42.58430099487305 -27.306991577148438 -28.12149429321289
vertex -42.34728240966797 -27.21331214904785 -27.90251350402832
vertex -42.386741638183594 -27.352264404296875 -27.832826614379883
endloop
endfacet
facet normal 0.7038405798654735 -0.38436945634440256 -0.5973847664312694
outer loop
vertex -42.56874084472656 -27.183134078979492 -28.18285369873047
vertex -42.34728240966797 -27.21331214904785 -27.90251350402832
vertex -42.58430099487305 -27.306991577148438 -28.12149429321289
endloop
endfacet
facet normal 0.7410964404049037 -0.2695109994352383 -0.6149307987103915
outer loop
vertex -42.79885482788086 -27.173786163330078 -28.464277267456055
vertex -42.56473922729492 -27.05403709411621 -28.23461151123047
vertex -42.56874084472656 -27.183134078979492 -28.18285369873047
endloop
endfacet
facet normal 0.7135140934279999 -0.05419095585955122 -0.698542037949505
outer loop
vertex -42.57237243652344 -26.921436309814453 -28.276050567626953
vertex -42.56492233276367 -26.777366638183594 -28.279617309570312
vertex -42.31340789794922 -26.83855438232422 -28.01796531677246
endloop
endfacet
facet normal 0.7349513282266531 -0.16336959185304645 -0.6581465806305214
outer loop
vertex -42.81638717651367 -27.03925895690918 -28.51929473876953
vertex -42.57237243652344 -26.921436309814453 -28.276050567626953
vertex -42.56473922729492 -27.05403709411621 -28.23461151123047
endloop
endfacet
facet normal 0.7334329078791569 -0.17323704051060015 -0.6573165884374536
outer loop
vertex -42.79885482788086 -27.173786163330078 -28.464277267456055
vertex -42.81638717651367 -27.03925895690918 -28.51929473876953
vertex -42.56473922729492 -27.05403709411621 -28.23461151123047
endloop
endfacet
facet normal 0.6774432496285738 -0.49764894783407276 -0.5416790269636789
outer loop
vertex -42.6187858581543 -27.448333740234375 -28.03476905822754
vertex -42.58430099487305 -27.306991577148438 -28.12149429321289
vertex -42.386741638183594 -27.352264404296875 -27.832826614379883
endloop
endfacet
facet normal 0.7375326077145103 -0.3719038532117881 -0.5636782562100997
outer loop
vertex -42.79449462890625 -27.30438232421875 -28.398239135742188
vertex -42.56874084472656 -27.183134078979492 -28.18285369873047
vertex -42.58430099487305 -27.306991577148438 -28.12149429321289
endloop
endfacet
facet normal 0.7373689746881871 -0.2850514029165147 -0.6123991287245749
outer loop
vertex -42.79885482788086 -27.173786163330078 -28.464277267456055
vertex -42.56874084472656 -27.183134078979492 -28.18285369873047
vertex -42.79449462890625 -27.30438232421875 -28.398239135742188
endloop
endfacet
facet normal 0.7179766186256791 -0.054307921984239324 -0.6939454047088937
outer loop
vertex -42.81638717651367 -27.03925895690918 -28.51929473876953
vertex -42.56492233276367 -26.777366638183594 -28.279617309570312
vertex -42.57237243652344 -26.921436309814453 -28.276050567626953
endloop
endfacet
facet normal 0.7492839598035452 -0.16468090824794368 -0.6414466042000313
outer loop
vertex -43.04061508178711 -27.1885929107666 -28.74287986755371
vertex -42.81638717651367 -27.03925895690918 -28.51929473876953
vertex -42.79885482788086 -27.173786163330078 -28.464277267456055
endloop
endfacet
facet normal 0.7227908932796084 -0.4808786170342669 -0.4963155047661482
outer loop
vertex -42.803348541259766 -27.429096221923828 -28.322189331054688
vertex -42.58430099487305 -27.306991577148438 -28.12149429321289
vertex -42.6187858581543 -27.448333740234375 -28.03476905822754
endloop
endfacet
facet normal 0.730644924100018 -0.3925274837638095 -0.5586413602454897
outer loop
vertex -42.803348541259766 -27.429096221923828 -28.322189331054688
vertex -42.79449462890625 -27.30438232421875 -28.398239135742188
vertex -42.58430099487305 -27.306991577148438 -28.12149429321289
endloop
endfacet
facet normal 0.7631815720863551 -0.27112125176643664 -0.5865553297587536
outer loop
vertex -43.01207733154297 -27.322126388549805 -28.673139572143555
vertex -42.79885482788086 -27.173786163330078 -28.464277267456055
vertex -42.79449462890625 -27.30438232421875 -28.398239135742188
endloop
endfacet
facet normal 0.7482783810100208 -0.17436631287218657 -0.6400592577632018
outer loop
vertex -43.04061508178711 -27.1885929107666 -28.74287986755371
vertex -42.79885482788086 -27.173786163330078 -28.464277267456055
vertex -43.01207733154297 -27.322126388549805 -28.673139572143555
endloop
endfacet
facet normal 0.7303809516657649 -0.08056191918571906 -0.6782723955911262
outer loop
vertex -43.29721450805664 -27.23461151123047 -29.013858795166016
vertex -42.56492233276367 -26.777366638183594 -28.279617309570312
vertex -42.81638717651367 -27.03925895690918 -28.51929473876953
endloop
endfacet
facet normal 0.7305809299308909 -0.08205181613619968 -0.6778783108272943
outer loop
vertex -43.29721450805664 -27.23461151123047 -29.013858795166016
vertex -42.81638717651367 -27.03925895690918 -28.51929473876953
vertex -43.04061508178711 -27.1885929107666 -28.74287986755371
endloop
endfacet
facet normal 0.709314804460177 -0.5072787448480142 -0.4894290379606058
outer loop
vertex -42.803348541259766 -27.429096221923828 -28.322189331054688
vertex -42.6187858581543 -27.448333740234375 -28.03476905822754
vertex -42.832061767578125 -27.5703182220459 -28.217430114746094
endloop
endfacet
facet normal 0.7660264649635675 -0.37343439401206835 -0.5232114375128466
outer loop
vertex -42.998348236083984 -27.45138168334961 -28.591779708862305
vertex -42.79449462890625 -27.30438232421875 -28.398239135742188
vertex -42.803348541259766 -27.429096221923828 -28.322189331054688
endloop
endfacet
facet normal 0.7601845201681906 -0.28635140553843696 -0.5832001096046018
outer loop
vertex -43.01207733154297 -27.322126388549805 -28.673139572143555
vertex -42.79449462890625 -27.30438232421875 -28.398239135742188
vertex -42.998348236083984 -27.45138168334961 -28.591779708862305
endloop
endfacet
facet normal 0.7647544588584504 -0.1622301895581785 -0.6235639367795703
outer loop
vertex -43.20085144042969 -27.489152908325195 -28.861202239990234
vertex -43.04061508178711 -27.1885929107666 -28.74287986755371
vertex -43.01207733154297 -27.322126388549805 -28.673139572143555
endloop
endfacet
facet normal 0.7071006736816958 0.0030237200893996063 -0.707106423670237
outer loop
vertex -43.29721450805664 -27.23461151123047 -29.013858795166016
vertex -44.254173278808594 -24.94066619873047 -29.961000442504883
vertex -42.56492233276367 -26.777366638183594 -28.279617309570312
endloop
endfacet
facet normal 0.7309210487863533 -0.12559489213810668 -0.6708057420072329
outer loop
vertex -43.29721450805664 -27.23461151123047 -29.013858795166016
vertex -43.04061508178711 -27.1885929107666 -28.74287986755371
vertex -43.20085144042969 -27.489152908325195 -28.861202239990234
endloop
endfacet
facet normal 0.7568394471610345 -0.4816371952207056 -0.4418366931354972
outer loop
vertex -42.99961853027344 -27.574241638183594 -28.500167846679688
vertex -42.803348541259766 -27.429096221923828 -28.322189331054688
vertex -42.832061767578125 -27.5703182220459 -28.217430114746094
endloop
endfacet
facet normal 0.7600237489753292 -0.3935207859379705 -0.5172091376109359
outer loop
vertex -42.998348236083984 -27.45138168334961 -28.591779708862305
vertex -42.803348541259766 -27.429096221923828 -28.322189331054688
vertex -42.99961853027344 -27.574241638183594 -28.500167846679688
endloop
endfacet
facet normal 0.7881645601007877 -0.2657216471726037 -0.5551473970262403
outer loop
vertex -43.20085144042969 -27.489152908325195 -28.861202239990234
vertex -43.01207733154297 -27.322126388549805 -28.673139572143555
vertex -42.998348236083984 -27.45138168334961 -28.591779708862305
endloop
endfacet
facet normal 0.7071011787513222 0.0030241400648970307 -0.707105916808337
outer loop
vertex -44.24040603637695 -28.15970802307129 -29.961000442504883
vertex -44.254173278808594 -24.94066619873047 -29.961000442504883
vertex -43.29721450805664 -27.23461151123047 -29.013858795166016
endloop
endfacet
facet normal 0.7562925504605879 -0.10131743351695995 -0.6463407427846054
outer loop
vertex -44.26886749267578 -28.445436477661133 -29.961000442504883
vertex -43.29721450805664 -27.23461151123047 -29.013858795166016
vertex -43.20085144042969 -27.489152908325195 -28.861202239990234
endloop
endfacet
facet normal 0.7442155859198469 -0.5077331003512965 -0.4339933876012851
outer loop
vertex -42.99961853027344 -27.574241638183594 -28.500167846679688
vertex -42.832061767578125 -27.5703182220459 -28.217430114746094
vertex -43.0217399597168 -27.712265014648438 -28.37662696838379
endloop
endfacet
facet normal 0.7944228222446316 -0.3683229438983772 -0.48293952881795393
outer loop
vertex -43.16838455200195 -27.72672462463379 -28.661489486694336
vertex -42.998348236083984 -27.45138168334961 -28.591779708862305
vertex -42.99961853027344 -27.574241638183594 -28.500167846679688
endloop
endfacet
facet normal 0.7734385951456753 -0.3426144823455753 -0.5332992181000809
outer loop
vertex -43.20085144042969 -27.489152908325195 -28.861202239990234
vertex -42.998348236083984 -27.45138168334961 -28.591779708862305
vertex -43.16838455200195 -27.72672462463379 -28.661489486694336
endloop
endfacet
facet normal 0.741801336399638 -0.07389094778347306 -0.666536499489241
outer loop
vertex -44.26886749267578 -28.445436477661133 -29.961000442504883
vertex -44.24040603637695 -28.15970802307129 -29.961000442504883
vertex -43.29721450805664 -27.23461151123047 -29.013858795166016
endloop
endfacet
facet normal 0.7893870187851312 -0.22449350905248922 -0.5713762324133049
outer loop
vertex -44.35556411743164 -28.750288009643555 -29.961000442504883
vertex -44.26886749267578 -28.445436477661133 -29.961000442504883
vertex -43.20085144042969 -27.489152908325195 -28.861202239990234
endloop
endfacet
facet normal 0.7936065774639803 -0.47144803340346686 -0.38461064988623356
outer loop
vertex -43.16838455200195 -27.72672462463379 -28.661489486694336
vertex -42.99961853027344 -27.574241638183594 -28.500167846679688
vertex -43.0217399597168 -27.712265014648438 -28.37662696838379
endloop
endfacet
facet normal 0.810642989860289 -0.30789971408544214 -0.49805191401747895
outer loop
vertex -44.35556411743164 -28.750288009643555 -29.961000442504883
vertex -43.20085144042969 -27.489152908325195 -28.861202239990234
vertex -43.16838455200195 -27.72672462463379 -28.661489486694336
endloop
endfacet
facet normal 0.0 -0.0 -0.9999999999999999
outer loop
vertex -44.35556411743164 -28.750288009643555 -29.961000442504883
vertex -44.24040603637695 -28.15970802307129 -29.961000442504883
vertex -44.26886749267578 -28.445436477661133 -29.961000442504883
endloop
endfacet
facet normal 0.7594433053386859 -0.5395027913354767 -0.3635692562875479
outer loop
vertex -43.16838455200195 -27.72672462463379 -28.661489486694336
vertex -43.0217399597168 -27.712265014648438 -28.37662696838379
vertex -43.2020149230957 -27.931262969970703 -28.42822265625
endloop
endfacet
facet normal 0.8123962631674432 -0.36795817695695815 -0.4523484183702716
outer loop
vertex -44.49747085571289 -29.063596725463867 -29.961000442504883
vertex -44.35556411743164 -28.750288009643555 -29.961000442504883
vertex -43.16838455200195 -27.72672462463379 -28.661489486694336
endloop
endfacet
facet normal 0.0 -0.0 -1.0
outer loop
vertex -44.49747085571289 -29.063596725463867 -29.961000442504883
vertex -44.24040603637695 -28.15970802307129 -29.961000442504883
vertex -44.35556411743164 -28.750288009643555 -29.961000442504883
endloop
endfacet
facet normal 0.0 0.0 -1.0
outer loop
vertex -48.37635040283203 -29.39017105102539 -29.961000442504883
vertex -48.394752502441406 -25.086467742919922 -29.961000442504883
vertex -44.24040603637695 -28.15970802307129 -29.961000442504883
endloop
endfacet
facet normal 0.808643422146807 -0.4951898678229539 -0.31762054502847614
outer loop
vertex -44.49747085571289 -29.063596725463867 -29.961000442504883
vertex -43.16838455200195 -27.72672462463379 -28.661489486694336
vertex -43.2020149230957 -27.931262969970703 -28.42822265625
endloop
endfacet
facet normal 0.7209961028948639 -0.6914809086894272 -0.04493075259176761
outer loop
vertex -44.626197814941406 -29.374134063720703 -29.687986373901367
vertex -43.299461364746094 -28.08893585205078 -28.17717742919922
vertex -44.610286712646484 -29.374067306518555 -29.433691024780273
endloop
endfacet
facet normal 0.0 -0.0 -1.0
outer loop
vertex -48.37635040283203 -29.39017105102539 -29.961000442504883
vertex -44.24040603637695 -28.15970802307129 -29.961000442504883
vertex -44.49747085571289 -29.063596725463867 -29.961000442504883
endloop
endfacet
facet normal 0.754689136459037 -0.646283915013623 -0.1129664043217137
outer loop
vertex -44.626197814941406 -29.374134063720703 -29.687986373901367
vertex -43.2020149230957 -27.931262969970703 -28.42822265625
vertex -43.299461364746094 -28.08893585205078 -28.17717742919922
endloop
endfacet
facet normal 0.8076363548912469 -0.49928990016657593 -0.31374051993587093
outer loop
vertex -44.68961715698242 -29.374406814575195 -29.961000442504883
vertex -44.49747085571289 -29.063596725463867 -29.961000442504883
vertex -43.2020149230957 -27.931262969970703 -28.42822265625
endloop
endfacet
facet normal 0.00427668619905037 -0.9999908549228904 -5.073627780272276e-06
outer loop
vertex -48.37635040283203 -29.39017105102539 -29.961000442504883
vertex -44.626197814941406 -29.374134063720703 -29.687986373901367
vertex -44.610286712646484 -29.374067306518555 -29.433691024780273
endloop
endfacet
facet normal 0.0 -0.0 -1.0
outer loop
vertex -48.37635040283203 -29.39017105102539 -29.961000442504883
vertex -44.49747085571289 -29.063596725463867 -29.961000442504883
vertex -44.68961715698242 -29.374406814575195 -29.961000442504883
endloop
endfacet
facet normal 0.7738942823021341 -0.6074438588518142 -0.17916360725125507
outer loop
vertex -44.68961715698242 -29.374406814575195 -29.961000442504883
vertex -43.2020149230957 -27.931262969970703 -28.42822265625
vertex -44.626197814941406 -29.374134063720703 -29.687986373901367
endloop
endfacet
facet normal 0.004275897193244005 -0.9999908582931966 5.764444526009475e-06
outer loop
vertex -48.37635040283203 -29.39017105102539 -29.961000442504883
vertex -44.68961715698242 -29.374406814575195 -29.961000442504883
vertex -44.626197814941406 -29.374134063720703 -29.687986373901367
endloop
endfacet
facet normal 0.5917271989071853 -0.15344223590179193 -0.7914002794508703
outer loop
vertex -40.60857009887695 -27.534523010253906 -26.26800537109375
vertex -40.376976013183594 -27.67536735534668 -26.067535400390625
vertex -40.423622131347656 -27.725082397460938 -26.0927734375
endloop
endfacet
facet normal 0.5487013402834902 -0.2010950384232413 -0.8114725039658808
outer loop
vertex -40.66752243041992 -27.60826873779297 -26.28664207458496
vertex -40.423622131347656 -27.725082397460938 -26.0927734375
vertex -40.48381805419922 -27.784671783447266 -26.118709564208984
endloop
endfacet
facet normal 0.5380548810632464 -0.22482125223919386 -0.8123745130822463
outer loop
vertex -40.66752243041992 -27.60826873779297 -26.28664207458496
vertex -40.60857009887695 -27.534523010253906 -26.26800537109375
vertex -40.423622131347656 -27.725082397460938 -26.0927734375
endloop
endfacet
facet normal 0.4891308447171848 -0.27773264867850495 -0.8268104937676319
outer loop
vertex -40.71879577636719 -27.667072296142578 -26.297222137451172
vertex -40.66752243041992 -27.60826873779297 -26.28664207458496
vertex -40.48381805419922 -27.784671783447266 -26.118709564208984
endloop
endfacet
facet normal 0.4434355049201672 -0.32417829811418697 -0.8356275390435536
outer loop
vertex -40.772560119628906 -27.7242431640625 -26.303573608398438
vertex -40.71879577636719 -27.667072296142578 -26.297222137451172
vertex -40.53559112548828 -27.832380294799805 -26.13587188720703
endloop
endfacet
facet normal 0.5628003465212372 -0.2508620409730129 -0.7876065047689929
outer loop
vertex -40.8262939453125 -27.375564575195312 -26.474214553833008
vertex -40.60857009887695 -27.534523010253906 -26.26800537109375
vertex -40.66752243041992 -27.60826873779297 -26.28664207458496
endloop
endfacet
facet normal 0.5190548192182174 -0.30921542962716553 -0.7968487389252941
outer loop
vertex -40.88367462158203 -27.462732315063477 -26.483915328979492
vertex -40.66752243041992 -27.60826873779297 -26.28664207458496
vertex -40.71879577636719 -27.667072296142578 -26.297222137451172
endloop
endfacet
facet normal 0.4777126117733514 -0.3602306272454794 -0.8012643482316006
outer loop
vertex -40.934303283691406 -27.531885147094727 -26.48648452758789
vertex -40.71879577636719 -27.667072296142578 -26.297222137451172
vertex -40.772560119628906 -27.7242431640625 -26.303573608398438
endloop
endfacet
facet normal 0.5438292167401405 -0.26954697656515286 -0.7947290169890554
outer loop
vertex -40.88367462158203 -27.462732315063477 -26.483915328979492
vertex -40.8262939453125 -27.375564575195312 -26.474214553833008
vertex -40.66752243041992 -27.60826873779297 -26.28664207458496
endloop
endfacet
facet normal 0.4955818909986439 -0.333025972027455 -0.802179712576538
outer loop
vertex -40.934303283691406 -27.531885147094727 -26.48648452758789
vertex -40.88367462158203 -27.462732315063477 -26.483915328979492
vertex -40.71879577636719 -27.667072296142578 -26.297222137451172
endloop
endfacet
facet normal 0.5749151832603698 -0.2934547021620101 -0.763778023928223
outer loop
vertex -41.07073211669922 -27.25264549255371 -26.70543670654297
vertex -40.8262939453125 -27.375564575195312 -26.474214553833008
vertex -40.88367462158203 -27.462732315063477 -26.483915328979492
endloop
endfacet
facet normal 0.5322711215378458 -0.36124506004044227 -0.765630106365483
outer loop
vertex -41.126163482666016 -27.352317810058594 -26.704591751098633
vertex -40.88367462158203 -27.462732315063477 -26.483915328979492
vertex -40.934303283691406 -27.531885147094727 -26.48648452758789
endloop
endfacet
facet normal 0.5559786706470579 -0.31571800122792787 -0.7689017242054881
outer loop
vertex -41.126163482666016 -27.352317810058594 -26.704591751098633
vertex -41.07073211669922 -27.25264549255371 -26.70543670654297
vertex -40.88367462158203 -27.462732315063477 -26.483915328979492
endloop
endfacet
facet normal 0.5886229890318976 -0.33359687336228977 -0.7363668262938377
outer loop
vertex -41.33493423461914 -27.168285369873047 -26.95484733581543
vertex -41.07073211669922 -27.25264549255371 -26.70543670654297
vertex -41.126163482666016 -27.352317810058594 -26.704591751098633
endloop
endfacet
facet normal 0.6122760664052801 -0.27454149056165644 -0.7414479000357753
outer loop
vertex -41.33493423461914 -27.168285369873047 -26.95484733581543
vertex -41.29719543457031 -27.074066162109375 -26.95857048034668
vertex -41.07073211669922 -27.25264549255371 -26.70543670654297
endloop
endfacet
facet normal 0.6373862632117367 -0.28361145532793414 -0.716451878269399
outer loop
vertex -41.55143356323242 -27.024616241455078 -27.204326629638672
vertex -41.29719543457031 -27.074066162109375 -26.95857048034668
vertex -41.33493423461914 -27.168285369873047 -26.95484733581543
endloop
endfacet
facet normal 0.6560949155828424 -0.21780543279149847 -0.7225650525681762
outer loop
vertex -41.55143356323242 -27.024616241455078 -27.204326629638672
vertex -41.52330017089844 -26.91948890686035 -27.21047019958496
vertex -41.29719543457031 -27.074066162109375 -26.95857048034668
endloop
endfacet
facet normal 0.6750228529090225 -0.22176707218207667 -0.7036785585381677
outer loop
vertex -41.788185119628906 -26.8984432220459 -27.471200942993164
vertex -41.52330017089844 -26.91948890686035 -27.21047019958496
vertex -41.55143356323242 -27.024616241455078 -27.204326629638672
endloop
endfacet
facet normal 0.7007802946093692 -0.14335863163451154 -0.6988242135351965
outer loop
vertex -41.788185119628906 -26.8984432220459 -27.471200942993164
vertex -42.04496765136719 -26.792160034179688 -27.750505447387695
vertex -41.7725830078125 -26.7832088470459 -27.47919464111328
endloop
endfacet
facet normal 0.6919805357133743 -0.133277016560704 -0.7095069943633461
outer loop
vertex -41.52330017089844 -26.91948890686035 -27.21047019958496
vertex -41.7725830078125 -26.7832088470459 -27.47919464111328
vertex -41.5018196105957 -26.812631607055664 -27.209592819213867
endloop
endfacet
facet normal 0.6885566591575075 -0.14255058441269353 -0.7110337952681655
outer loop
vertex -41.788185119628906 -26.8984432220459 -27.471200942993164
vertex -41.7725830078125 -26.7832088470459 -27.47919464111328
vertex -41.52330017089844 -26.91948890686035 -27.21047019958496
endloop
endfacet
facet normal 0.43507280501580164 -0.19158017653713375 -0.8797776368456309
outer loop
vertex -40.445796966552734 -28.052425384521484 -26.02799415588379
vertex -40.391883850097656 -28.016826629638672 -26.009084701538086
vertex -40.393131256103516 -28.194549560546875 -25.97100067138672
endloop
endfacet
facet normal 0.4528469800926595 -0.22796749375316003 -0.861951526718795
outer loop
vertex -40.58943557739258 -27.87897491455078 -26.14933204650879
vertex -40.391883850097656 -28.016826629638672 -26.009084701538086
vertex -40.445796966552734 -28.052425384521484 -26.02799415588379
endloop
endfacet
facet normal 0.3830481044497313 -0.26959816937618947 -0.8835105979819795
outer loop
vertex -40.70250701904297 -27.96815299987793 -26.165006637573242
vertex -40.445796966552734 -28.052425384521484 -26.02799415588379
vertex -40.558197021484375 -28.120996475219727 -26.055801391601562
endloop
endfacet
facet normal 0.4357170295593267 -0.2540714161508882 -0.863480391003223
outer loop
vertex -40.58943557739258 -27.87897491455078 -26.14933204650879
vertex -40.53559112548828 -27.832380294799805 -26.13587188720703
vertex -40.391883850097656 -28.016826629638672 -26.009084701538086
endloop
endfacet
facet normal 0.3663315683024863 -0.310295365940789 -0.877221732483135
outer loop
vertex -40.70250701904297 -27.96815299987793 -26.165006637573242
vertex -40.58943557739258 -27.87897491455078 -26.14933204650879
vertex -40.445796966552734 -28.052425384521484 -26.02799415588379
endloop
endfacet
facet normal 0.4609324542161057 -0.2904051514213758 -0.8385738611942573
outer loop
vertex -40.58943557739258 -27.87897491455078 -26.14933204650879
vertex -40.772560119628906 -27.7242431640625 -26.303573608398438
vertex -40.53559112548828 -27.832380294799805 -26.13587188720703
endloop
endfacet
facet normal 0.40221283937874286 -0.3621810187308385 -0.8408624985751127
outer loop
vertex -40.70250701904297 -27.96815299987793 -26.165006637573242
vertex -40.772560119628906 -27.7242431640625 -26.303573608398438
vertex -40.58943557739258 -27.87897491455078 -26.14933204650879
endloop
endfacet
facet normal 0.2851867835337858 -0.36419220716956846 -0.8865847589117533
outer loop
vertex -40.775299072265625 -28.020055770874023 -26.16710090637207
vertex -40.70250701904297 -27.96815299987793 -26.165006637573242
vertex -40.558197021484375 -28.120996475219727 -26.055801391601562
endloop
endfacet
facet normal 0.3159447897386055 -0.4085509980144981 -0.8563089231453718
outer loop
vertex -40.96060562133789 -27.895118713378906 -26.295080184936523
vertex -40.70250701904297 -27.96815299987793 -26.165006637573242
vertex -40.775299072265625 -28.020055770874023 -26.16710090637207
endloop
endfacet
facet normal 0.33757660752673196 -0.5082288470679864 -0.792303901958515
outer loop
vertex -40.96060562133789 -27.895118713378906 -26.295080184936523
vertex -41.10320281982422 -27.724218368530273 -26.46546173095703
vertex -40.88658905029297 -27.83272933959961 -26.303564071655273
endloop
endfacet
facet normal 0.36140067467329684 -0.3799401417796435 -0.851489894837367
outer loop
vertex -40.70250701904297 -27.96815299987793 -26.165006637573242
vertex -40.88658905029297 -27.83272933959961 -26.303564071655273
vertex -40.772560119628906 -27.7242431640625 -26.303573608398438
endloop
endfacet
facet normal 0.29211066070268493 -0.4605309914102709 -0.8382019851172591
outer loop
vertex -40.96060562133789 -27.895118713378906 -26.295080184936523
vertex -40.88658905029297 -27.83272933959961 -26.303564071655273
vertex -40.70250701904297 -27.96815299987793 -26.165006637573242
endloop
endfacet
facet normal 0.4151760324147229 -0.43645829587023216 -0.7982061250544384
outer loop
vertex -40.98796463012695 -27.598737716674805 -26.48423957824707
vertex -40.772560119628906 -27.7242431640625 -26.303573608398438
vertex -40.88658905029297 -27.83272933959961 -26.303564071655273
endloop
endfacet
facet normal 0.44925591448473456 -0.3876394579758028 -0.8049253219527329
outer loop
vertex -40.98796463012695 -27.598737716674805 -26.48423957824707
vertex -40.934303283691406 -27.531885147094727 -26.48648452758789
vertex -40.772560119628906 -27.7242431640625 -26.303573608398438
endloop
endfacet
facet normal 0.3711280461235284 -0.46142381364044016 -0.8058238254023298
outer loop
vertex -41.10320281982422 -27.724218368530273 -26.46546173095703
vertex -40.98796463012695 -27.598737716674805 -26.48423957824707
vertex -40.88658905029297 -27.83272933959961 -26.303564071655273
endloop
endfacet
facet normal 0.5087884675122926 -0.38912713339801963 -0.7679286225815084
outer loop
vertex -41.17599868774414 -27.430908203125 -26.697786331176758
vertex -41.126163482666016 -27.352317810058594 -26.704591751098633
vertex -40.934303283691406 -27.531885147094727 -26.48648452758789
endloop
endfacet
facet normal 0.5700044308812636 -0.3586292014214294 -0.7392428861095348
outer loop
vertex -41.387977600097656 -27.279327392578125 -26.941877365112305
vertex -41.33493423461914 -27.168285369873047 -26.95484733581543
vertex -41.126163482666016 -27.352317810058594 -26.704591751098633
endloop
endfacet
facet normal 0.49144649780686567 -0.4200935172891615 -0.7628904092495772
outer loop
vertex -41.17599868774414 -27.430908203125 -26.697786331176758
vertex -40.934303283691406 -27.531885147094727 -26.48648452758789
vertex -40.98796463012695 -27.598737716674805 -26.48423957824707
endloop
endfacet
facet normal 0.35037059773662765 -0.5880506131890978 -0.7289972020313961
outer loop
vertex -41.34623718261719 -27.64611053466797 -26.645275115966797
vertex -41.10320281982422 -27.724218368530273 -26.46546173095703
vertex -41.17877197265625 -27.795265197753906 -26.44447135925293
endloop
endfacet
facet normal 0.42953049233621277 -0.5063652846655856 -0.747728396303732
outer loop
vertex -41.22951889038086 -27.506362915039062 -26.685556411743164
vertex -40.98796463012695 -27.598737716674805 -26.48423957824707
vertex -41.10320281982422 -27.724218368530273 -26.46546173095703
endloop
endfacet
facet normal 0.5470619447190075 -0.4100916022590816 -0.7297589371818868
outer loop
vertex -41.387977600097656 -27.279327392578125 -26.941877365112305
vertex -41.126163482666016 -27.352317810058594 -26.704591751098633
vertex -41.17599868774414 -27.430908203125 -26.697786331176758
endloop
endfacet
facet normal 0.46279895222700423 -0.4518758752685614 -0.7626436410066361
outer loop
vertex -41.22951889038086 -27.506362915039062 -26.685556411743164
vertex -41.17599868774414 -27.430908203125 -26.697786331176758
vertex -40.98796463012695 -27.598737716674805 -26.48423957824707
endloop
endfacet
facet normal 0.3026408201239178 -0.6268185730448476 -0.7179881687609786
outer loop
vertex -41.42372512817383 -27.723703384399414 -26.610197067260742
vertex -41.34623718261719 -27.64611053466797 -26.645275115966797
vertex -41.17877197265625 -27.795265197753906 -26.44447135925293
endloop
endfacet
facet normal 0.38345496980738647 -0.5368746258169549 -0.7514838137205094
outer loop
vertex -41.22951889038086 -27.506362915039062 -26.685556411743164
vertex -41.10320281982422 -27.724218368530273 -26.46546173095703
vertex -41.34623718261719 -27.64611053466797 -26.645275115966797
endloop
endfacet
facet normal 0.5239599277277502 -0.44083430174712884 -0.7287874261666786
outer loop
vertex -41.43681716918945 -27.36626625061035 -26.924402236938477
vertex -41.387977600097656 -27.279327392578125 -26.941877365112305
vertex -41.17599868774414 -27.430908203125 -26.697786331176758
endloop
endfacet
facet normal 0.5066695717296201 -0.47590176084367675 -0.7188904360952448
outer loop
vertex -41.43681716918945 -27.36626625061035 -26.924402236938477
vertex -41.17599868774414 -27.430908203125 -26.697786331176758
vertex -41.22951889038086 -27.506362915039062 -26.685556411743164
endloop
endfacet
facet normal 0.36374485879916424 -0.6602889352595941 -0.6570450514773911
outer loop
vertex -41.6086311340332 -27.60003662109375 -26.83683967590332
vertex -41.34623718261719 -27.64611053466797 -26.645275115966797
vertex -41.42372512817383 -27.723703384399414 -26.610197067260742
endloop
endfacet
facet normal 0.44495286610363016 -0.570588137757282 -0.6902507689215867
outer loop
vertex -41.490150451660156 -27.44906997680664 -26.90092658996582
vertex -41.22951889038086 -27.506362915039062 -26.685556411743164
vertex -41.34623718261719 -27.64611053466797 -26.645275115966797
endloop
endfacet
facet normal 0.5632837595610801 -0.4550604822965797 -0.6896603248460358
outer loop
vertex -41.43681716918945 -27.36626625061035 -26.924402236938477
vertex -41.63642120361328 -27.247337341308594 -27.165903091430664
vertex -41.387977600097656 -27.279327392578125 -26.941877365112305
endloop
endfacet
facet normal 0.4782223469360055 -0.51060262738083 -0.7145546471773954
outer loop
vertex -41.490150451660156 -27.44906997680664 -26.90092658996582
vertex -41.43681716918945 -27.36626625061035 -26.924402236938477
vertex -41.22951889038086 -27.506362915039062 -26.685556411743164
endloop
endfacet
facet normal 0.3153307296518226 -0.7009391785168368 -0.6397271285144871
outer loop
vertex -41.688446044921875 -27.681894302368164 -26.78649139404297
vertex -41.6086311340332 -27.60003662109375 -26.83683967590332
vertex -41.42372512817383 -27.723703384399414 -26.610197067260742
endloop
endfacet
facet normal 0.397523437810774 -0.6048891572042122 -0.6899885679399923
outer loop
vertex -41.490150451660156 -27.44906997680664 -26.90092658996582
vertex -41.34623718261719 -27.64611053466797 -26.645275115966797
vertex -41.6086311340332 -27.60003662109375 -26.83683967590332
endloop
endfacet
facet normal 0.5421362687137353 -0.484390301073209 -0.686625299833435
outer loop
vertex -41.43681716918945 -27.36626625061035 -26.924402236938477
vertex -41.68415451049805 -27.34075927734375 -27.137685775756836
vertex -41.63642120361328 -27.247337341308594 -27.165903091430664
endloop
endfacet
facet normal 0.5232292966031552 -0.526898130849827 -0.6697831461623427
outer loop
vertex -41.490150451660156 -27.44906997680664 -26.90092658996582
vertex -41.68415451049805 -27.34075927734375 -27.137685775756836
vertex -41.43681716918945 -27.36626625061035 -26.924402236938477
endloop
endfacet
facet normal 0.37778528612835893 -0.723630663179621 -0.5776131412036399
outer loop
vertex -41.85759353637695 -27.587242126464844 -27.015701293945312
vertex -41.6086311340332 -27.60003662109375 -26.83683967590332
vertex -41.688446044921875 -27.681894302368164 -26.78649139404297
endloop
endfacet
facet normal 0.46141566919605914 -0.6281066331103136 -0.626560162844063
outer loop
vertex -41.73725509643555 -27.42900276184082 -27.103017807006836
vertex -41.490150451660156 -27.44906997680664 -26.90092658996582
vertex -41.6086311340332 -27.60003662109375 -26.83683967590332
endloop
endfacet
facet normal 0.5830018530211208 -0.4929511348789846 -0.6458390031543934
outer loop
vertex -41.88967514038086 -27.249502182006836 -27.392864227294922
vertex -41.63642120361328 -27.247337341308594 -27.165903091430664
vertex -41.68415451049805 -27.34075927734375 -27.137685775756836
endloop
endfacet
facet normal 0.49696376814930765 -0.5596074190953833 -0.6632243584491188
outer loop
vertex -41.73725509643555 -27.42900276184082 -27.103017807006836
vertex -41.68415451049805 -27.34075927734375 -27.137685775756836
vertex -41.490150451660156 -27.44906997680664 -26.90092658996582
endloop
endfacet
facet normal 0.3317318513039337 -0.7601353904707702 -0.558702216734742
outer loop
vertex -41.939910888671875 -27.670856475830078 -26.950817108154297
vertex -41.85759353637695 -27.587242126464844 -27.015701293945312
vertex -41.688446044921875 -27.681894302368164 -26.78649139404297
endloop
endfacet
facet normal 0.41523604973313194 -0.6607915222972728 -0.6252468209132109
outer loop
vertex -41.73725509643555 -27.42900276184082 -27.103017807006836
vertex -41.6086311340332 -27.60003662109375 -26.83683967590332
vertex -41.85759353637695 -27.587242126464844 -27.015701293945312
endloop
endfacet
facet normal 0.5625295910780767 -0.5232045229092732 -0.6401698886770695
outer loop
vertex -41.93608856201172 -27.348228454589844 -27.35296058654785
vertex -41.88967514038086 -27.249502182006836 -27.392864227294922
vertex -41.68415451049805 -27.34075927734375 -27.137685775756836
endloop
endfacet
facet normal 0.5437211682059294 -0.5694090423035488 -0.6165554588094527
outer loop
vertex -41.93608856201172 -27.348228454589844 -27.35296058654785
vertex -41.68415451049805 -27.34075927734375 -27.137685775756836
vertex -41.73725509643555 -27.42900276184082 -27.103017807006836
endloop
endfacet
facet normal 0.3965341212611918 -0.7737508832749753 -0.4940346762189974
outer loop
vertex -42.111331939697266 -27.603116989135742 -27.194499969482422
vertex -41.85759353637695 -27.587242126464844 -27.015701293945312
vertex -41.939910888671875 -27.670856475830078 -26.950817108154297
endloop
endfacet
facet normal 0.48224114985917643 -0.6749193852854519 -0.5585045181092156
outer loop
vertex -41.98887634277344 -27.44060707092285 -27.306257247924805
vertex -41.73725509643555 -27.42900276184082 -27.103017807006836
vertex -41.85759353637695 -27.587242126464844 -27.015701293945312
endloop
endfacet
facet normal 0.6055590765702932 -0.5260421819257945 -0.5971413799244557
outer loop
vertex -42.14175033569336 -27.28522491455078 -27.617023468017578
vertex -41.88967514038086 -27.249502182006836 -27.392864227294922
vertex -41.93608856201172 -27.348228454589844 -27.35296058654785
endloop
endfacet
facet normal 0.5179901417992473 -0.6028116807461704 -0.6068807877621213
outer loop
vertex -41.93608856201172 -27.348228454589844 -27.35296058654785
vertex -41.73725509643555 -27.42900276184082 -27.103017807006836
vertex -41.98887634277344 -27.44060707092285 -27.306257247924805
endloop
endfacet
facet normal 0.34987946889578425 -0.8096644271444001 -0.4711983368626572
outer loop
vertex -42.111331939697266 -27.603116989135742 -27.194499969482422
vertex -41.939910888671875 -27.670856475830078 -26.950817108154297
vertex -42.19655227661133 -27.686351776123047 -27.114755630493164
endloop
endfacet
facet normal 0.4351604924387472 -0.7092832029629315 -0.5545743266822869
outer loop
vertex -41.98887634277344 -27.44060707092285 -27.306257247924805
vertex -41.85759353637695 -27.587242126464844 -27.015701293945312
vertex -42.111331939697266 -27.603116989135742 -27.194499969482422
endloop
endfacet
facet normal 0.5857981429392164 -0.5566479230709667 -0.5890531601390019
outer loop
vertex -42.18657684326172 -27.387916564941406 -27.564559936523438
vertex -42.14175033569336 -27.28522491455078 -27.617023468017578
vertex -41.93608856201172 -27.348228454589844 -27.35296058654785
endloop
endfacet
facet normal 0.5671518420443251 -0.6060473350551224 -0.5577144571716902
outer loop
vertex -42.18657684326172 -27.387916564941406 -27.564559936523438
vertex -41.93608856201172 -27.348228454589844 -27.35296058654785
vertex -41.98887634277344 -27.44060707092285 -27.306257247924805
endloop
endfacet
facet normal 0.41771518421904646 -0.8141310969863634 -0.4033665600823009
outer loop
vertex -42.363792419433594 -27.646629333496094 -27.368118286132812
vertex -42.111331939697266 -27.603116989135742 -27.194499969482422
vertex -42.19655227661133 -27.686351776123047 -27.114755630493164
endloop
endfacet
facet normal 0.5058743616627781 -0.7140308686551735 -0.48399488511741007
outer loop
vertex -42.23896026611328 -27.48299789428711 -27.505107879638672
vertex -41.98887634277344 -27.44060707092285 -27.306257247924805
vertex -42.111331939697266 -27.603116989135742 -27.194499969482422
endloop
endfacet
facet normal 0.6307041703190086 -0.5532978373970056 -0.5441265961832851
outer loop
vertex -42.386741638183594 -27.352264404296875 -27.832826614379883
vertex -42.14175033569336 -27.28522491455078 -27.617023468017578
vertex -42.18657684326172 -27.387916564941406 -27.564559936523438
endloop
endfacet
facet normal 0.5419546640992032 -0.63951610445977 -0.5452561730028559
outer loop
vertex -42.18657684326172 -27.387916564941406 -27.564559936523438
vertex -41.98887634277344 -27.44060707092285 -27.306257247924805
vertex -42.23896026611328 -27.48299789428711 -27.505107879638672
endloop
endfacet
facet normal 0.3704350929324914 -0.8486566753890069 -0.37757077381833226
outer loop
vertex -42.363792419433594 -27.646629333496094 -27.368118286132812
vertex -42.19655227661133 -27.686351776123047 -27.114755630493164
vertex -42.45236587524414 -27.72736167907715 -27.273557662963867
endloop
endfacet
facet normal 0.45792248328856244 -0.749534711810908 -0.4780216680124191
outer loop
vertex -42.23896026611328 -27.48299789428711 -27.505107879638672
vertex -42.111331939697266 -27.603116989135742 -27.194499969482422
vertex -42.363792419433594 -27.646629333496094 -27.368118286132812
endloop
endfacet
facet normal 0.6115663525601162 -0.5838871473654751 -0.5339123481974581
outer loop
vertex -42.386741638183594 -27.352264404296875 -27.832826614379883
vertex -42.18657684326172 -27.387916564941406 -27.564559936523438
vertex -42.42967224121094 -27.45738410949707 -27.76704216003418
endloop
endfacet
facet normal 0.5931516693063401 -0.63569224709431 -0.49403083323137736
outer loop
vertex -42.42967224121094 -27.45738410949707 -27.76704216003418
vertex -42.18657684326172 -27.387916564941406 -27.564559936523438
vertex -42.23896026611328 -27.48299789428711 -27.505107879638672
endloop
endfacet
facet normal 0.44069198219733946 -0.8434223949601644 -0.30729341110189856
outer loop
vertex -42.60900115966797 -27.71514129638672 -27.53173065185547
vertex -42.363792419433594 -27.646629333496094 -27.368118286132812
vertex -42.45236587524414 -27.72736167907715 -27.273557662963867
endloop
endfacet
facet normal 0.5318443481150741 -0.7441426277229185 -0.40421941935498606
outer loop
vertex -42.48151779174805 -27.5535945892334 -27.694284439086914
vertex -42.23896026611328 -27.48299789428711 -27.505107879638672
vertex -42.363792419433594 -27.646629333496094 -27.368118286132812
endloop
endfacet
facet normal 0.6599303795382699 -0.5733645641162458 -0.48553575643639524
outer loop
vertex -42.6187858581543 -27.448333740234375 -28.03476905822754
vertex -42.386741638183594 -27.352264404296875 -27.832826614379883
vertex -42.42967224121094 -27.45738410949707 -27.76704216003418
endloop
endfacet
facet normal 0.5684208269401171 -0.668738669438971 -0.47925604377796654
outer loop
vertex -42.42967224121094 -27.45738410949707 -27.76704216003418
vertex -42.23896026611328 -27.48299789428711 -27.505107879638672
vertex -42.48151779174805 -27.5535945892334 -27.694284439086914
endloop
endfacet
facet normal 0.39282975515238255 -0.8760125734015929 -0.279797703187925
outer loop
vertex -42.60900115966797 -27.71514129638672 -27.53173065185547
vertex -42.45236587524414 -27.72736167907715 -27.273557662963867
vertex -42.701419830322266 -27.791379928588867 -27.42279052734375
endloop
endfacet
facet normal 0.4829338756436934 -0.7805202465448288 -0.396942082033842
outer loop
vertex -42.48151779174805 -27.5535945892334 -27.694284439086914
vertex -42.363792419433594 -27.646629333496094 -27.368118286132812
vertex -42.60900115966797 -27.71514129638672 -27.53173065185547
endloop
endfacet
facet normal 0.6414805923867628 -0.6035542227264286 -0.4735239696364108
outer loop
vertex -42.6187858581543 -27.448333740234375 -28.03476905822754
vertex -42.42967224121094 -27.45738410949707 -27.76704216003418
vertex -42.659461975097656 -27.554141998291016 -27.95500946044922
endloop
endfacet
facet normal 0.6235041629298022 -0.6567570932660841 -0.4241611477420944
outer loop
vertex -42.659461975097656 -27.554141998291016 -27.95500946044922
vertex -42.42967224121094 -27.45738410949707 -27.76704216003418
vertex -42.48151779174805 -27.5535945892334 -27.694284439086914
endloop
endfacet
facet normal 0.4678826882022356 -0.8597473845893258 -0.20474429118406084
outer loop
vertex -42.84102249145508 -27.805965423583984 -27.680564880371094
vertex -42.60900115966797 -27.71514129638672 -27.53173065185547
vertex -42.701419830322266 -27.791379928588867 -27.42279052734375
endloop
endfacet
facet normal 0.5622334807868438 -0.7634728323067932 -0.3178092940927827
outer loop
vertex -42.71062088012695 -27.649768829345703 -27.868549346923828
vertex -42.48151779174805 -27.5535945892334 -27.694284439086914
vertex -42.60900115966797 -27.71514129638672 -27.53173065185547
endloop
endfacet
facet normal 0.6942758815154222 -0.5839873838761354 -0.4206420518914996
outer loop
vertex -42.832061767578125 -27.5703182220459 -28.217430114746094
vertex -42.6187858581543 -27.448333740234375 -28.03476905822754
vertex -42.659461975097656 -27.554141998291016 -27.95500946044922
endloop
endfacet
facet normal 0.5992508079413256 -0.6890640323961583 -0.4075404623342502
outer loop
vertex -42.659461975097656 -27.554141998291016 -27.95500946044922
vertex -42.48151779174805 -27.5535945892334 -27.694284439086914
vertex -42.71062088012695 -27.649768829345703 -27.868549346923828
endloop
endfacet
facet normal 0.41933018312338505 -0.8904691265767033 -0.17671143747768928
outer loop
vertex -42.93781661987305 -27.875856399536133 -27.55806541442871
vertex -42.84102249145508 -27.805965423583984 -27.680564880371094
vertex -42.701419830322266 -27.791379928588867 -27.42279052734375
endloop
endfacet
facet normal 0.5123610023114954 -0.8008586752922425 -0.3100186857586396
outer loop
vertex -42.71062088012695 -27.649768829345703 -27.868549346923828
vertex -42.60900115966797 -27.71514129638672 -27.53173065185547
vertex -42.84102249145508 -27.805965423583984 -27.680564880371094
endloop
endfacet
facet normal 0.4514186820346427 -0.8897376368857464 -0.06773559639564679
outer loop
vertex -43.053951263427734 -27.915599822998047 -27.809988021850586
vertex -42.93781661987305 -27.875856399536133 -27.55806541442871
vertex -43.155696868896484 -27.977487564086914 -27.675140380859375
endloop
endfacet
facet normal 0.6767015458898274 -0.6133546411007009 -0.40727276121850814
outer loop
vertex -42.87007522583008 -27.674846649169922 -28.123170852661133
vertex -42.832061767578125 -27.5703182220459 -28.217430114746094
vertex -42.659461975097656 -27.554141998291016 -27.95500946044922
endloop
endfacet
facet normal 0.6594104847960179 -0.6667643093024419 -0.3472796688283351
outer loop
vertex -42.87007522583008 -27.674846649169922 -28.123170852661133
vertex -42.659461975097656 -27.554141998291016 -27.95500946044922
vertex -42.71062088012695 -27.649768829345703 -27.868549346923828
endloop
endfacet
facet normal 0.5007963376394013 -0.8603206141040907 -0.0951392093435867
outer loop
vertex -43.053951263427734 -27.915599822998047 -27.809988021850586
vertex -42.84102249145508 -27.805965423583984 -27.680564880371094
vertex -42.93781661987305 -27.875856399536133 -27.55806541442871
endloop
endfacet
facet normal 0.598450001190996 -0.7692079592714167 -0.2240015880925835
outer loop
vertex -42.92036056518555 -27.768033981323242 -28.022781372070312
vertex -42.71062088012695 -27.649768829345703 -27.868549346923828
vertex -42.84102249145508 -27.805965423583984 -27.680564880371094
endloop
endfacet
facet normal 0.5360695875904299 -0.8440000475133488 0.01712650163026725
outer loop
vertex -43.24287414550781 -28.037763595581055 -27.9168643951416
vertex -43.053951263427734 -27.915599822998047 -27.809988021850586
vertex -43.155696868896484 -27.977487564086914 -27.675140380859375
endloop
endfacet
facet normal 0.7319554360202644 -0.5834731603154572 -0.3518526834797169
outer loop
vertex -43.0217399597168 -27.712265014648438 -28.37662696838379
vertex -42.832061767578125 -27.5703182220459 -28.217430114746094
vertex -42.87007522583008 -27.674846649169922 -28.123170852661133
endloop
endfacet
facet normal 0.6358257881894311 -0.697996320753138 -0.3294339133853267
outer loop
vertex -42.87007522583008 -27.674846649169922 -28.123170852661133
vertex -42.71062088012695 -27.649768829345703 -27.868549346923828
vertex -42.92036056518555 -27.768033981323242 -28.022781372070312
endloop
endfacet
facet normal 0.5477315059606467 -0.8081414232782779 -0.21655862337907797
outer loop
vertex -42.92036056518555 -27.768033981323242 -28.022781372070312
vertex -42.84102249145508 -27.805965423583984 -27.680564880371094
vertex -43.053951263427734 -27.915599822998047 -27.809988021850586
endloop
endfacet
facet normal 0.5862102624631182 -0.801149632008906 -0.12048566435438196
outer loop
vertex -43.105865478515625 -27.90195655822754 -28.153289794921875
vertex -43.053951263427734 -27.915599822998047 -27.809988021850586
vertex -43.24287414550781 -28.037763595581055 -27.9168643951416
endloop
endfacet
facet normal 0.6953044592516161 -0.7186474780797801 -0.009874775662735836
outer loop
vertex -43.299461364746094 -28.08893585205078 -28.17717742919922
vertex -43.105865478515625 -27.90195655822754 -28.153289794921875
vertex -43.24287414550781 -28.037763595581055 -27.9168643951416
endloop
endfacet
facet normal 0.715181310737676 -0.61199588944883 -0.33760438988448493
outer loop
vertex -43.0217399597168 -27.712265014648438 -28.37662696838379
vertex -42.87007522583008 -27.674846649169922 -28.123170852661133
vertex -43.056663513183594 -27.813236236572266 -28.2675724029541
endloop
endfacet
facet normal 0.6986577701410112 -0.6640056522365565 -0.26640911024117614
outer loop
vertex -43.056663513183594 -27.813236236572266 -28.2675724029541
vertex -42.87007522583008 -27.674846649169922 -28.123170852661133
vertex -42.92036056518555 -27.768033981323242 -28.022781372070312
endloop
endfacet
facet normal 0.6376464036774733 -0.7598511571741288 -0.12662259995088596
outer loop
vertex -43.105865478515625 -27.90195655822754 -28.153289794921875
vertex -42.92036056518555 -27.768033981323242 -28.022781372070312
vertex -43.053951263427734 -27.915599822998047 -27.809988021850586
endloop
endfacet
facet normal 0.6954389218174134 -0.698489078688817 -0.1687534087770711
outer loop
vertex -43.2020149230957 -27.931262969970703 -28.42822265625
vertex -43.105865478515625 -27.90195655822754 -28.153289794921875
vertex -43.299461364746094 -28.08893585205078 -28.17717742919922
endloop
endfacet
facet normal 0.7724761991196115 -0.5698621783299499 -0.28024564136264873
outer loop
vertex -43.2020149230957 -27.931262969970703 -28.42822265625
vertex -43.0217399597168 -27.712265014648438 -28.37662696838379
vertex -43.056663513183594 -27.813236236572266 -28.2675724029541
endloop
endfacet
facet normal 0.6756797799318355 -0.6942152785395626 -0.2480362514502749
outer loop
vertex -43.105865478515625 -27.90195655822754 -28.153289794921875
vertex -43.056663513183594 -27.813236236572266 -28.2675724029541
vertex -42.92036056518555 -27.768033981323242 -28.022781372070312
endloop
endfacet
facet normal 0.7359622912905195 -0.6503810131431925 -0.18805329973505613
outer loop
vertex -43.2020149230957 -27.931262969970703 -28.42822265625
vertex -43.056663513183594 -27.813236236572266 -28.2675724029541
vertex -43.105865478515625 -27.90195655822754 -28.153289794921875
endloop
endfacet
facet normal 0.6513854019596345 -0.7532825542614605 0.09089802835713837
outer loop
vertex -44.610286712646484 -29.374067306518555 -29.433691024780273
vertex -43.299461364746094 -28.08893585205078 -28.17717742919922
vertex -44.642330169677734 -29.374204635620117 -29.205202102661133
endloop
endfacet
facet normal 0.004275912001666843 -0.9999908582455537 -1.369185148479104e-06
outer loop
vertex -48.8879508972168 -29.392358779907227 -29.14845085144043
vertex -44.610286712646484 -29.374067306518555 -29.433691024780273
vertex -44.642330169677734 -29.374204635620117 -29.205202102661133
endloop
endfacet
facet normal -0.7534090999645234 -0.4728434768137984 0.4569395742604111
outer loop
vertex -48.991458892822266 -29.39280128479004 -29.3195743560791
vertex -48.8879508972168 -29.392358779907227 -29.14845085144043
vertex -48.89032745361328 -27.866851806640625 -27.573766708374023
endloop
endfacet
facet normal 0.004275965958566281 -0.9999908580156159 -5.599944253328583e-07
outer loop
vertex -48.991458892822266 -29.39280128479004 -29.3195743560791
vertex -44.610286712646484 -29.374067306518555 -29.433691024780273
vertex -48.8879508972168 -29.392358779907227 -29.14845085144043
endloop
endfacet
facet normal 0.004276001807424494 -0.999990857862149 8.163417149633066e-07
outer loop
vertex -49.07840347290039 -29.393173217773438 -29.508712768554688
vertex -44.610286712646484 -29.374067306518555 -29.433691024780273
vertex -48.991458892822266 -29.39280128479004 -29.3195743560791
endloop
endfacet
facet normal -0.7804410355714325 -0.004523241017490896 -0.6252130279247928
outer loop
vertex -48.94400405883789 -29.392597198486328 -29.676485061645508
vertex -49.07840347290039 -29.393173217773438 -29.508712768554688
vertex -49.008731842041016 -25.15602684020996 -29.6263370513916
endloop
endfacet
facet normal -0.6722473958884556 -0.0015076477983903594 -0.7403250405864346
outer loop
vertex -48.94400405883789 -29.392597198486328 -29.676485061645508
vertex -49.008731842041016 -25.15602684020996 -29.6263370513916
vertex -48.83290481567383 -25.123329162597656 -29.786062240600586
endloop
endfacet
facet normal 0.0042761458663303714 -0.9999908572163329 -7.76362881537538e-06
outer loop
vertex -48.94400405883789 -29.392597198486328 -29.676485061645508
vertex -44.610286712646484 -29.374067306518555 -29.433691024780273
vertex -49.07840347290039 -29.393173217773438 -29.508712768554688
endloop
endfacet
facet normal -0.6287751332327891 -0.0035951029547111766 -0.7775788751392576
outer loop
vertex -48.776851654052734 -29.391883850097656 -29.81165313720703
vertex -48.94400405883789 -29.392597198486328 -29.676485061645508
vertex -48.83290481567383 -25.123329162597656 -29.786062240600586
endloop
endfacet
facet normal -0.4785035136371774 -0.0010192328486317275 -0.8780850463373555
outer loop
vertex -48.776851654052734 -29.391883850097656 -29.81165313720703
vertex -48.83290481567383 -25.123329162597656 -29.786062240600586
vertex -48.62431716918945 -25.099699020385742 -29.899757385253906
endloop
endfacet
facet normal -0.25773550345606455 -0.0005304001946328062 -0.966215363639951
outer loop
vertex -48.58467483520508 -29.391061782836914 -29.907976150512695
vertex -48.62431716918945 -25.099699020385742 -29.899757385253906
vertex -48.394752502441406 -25.086467742919922 -29.961000442504883
endloop
endfacet
facet normal 0.004275186283108629 -0.9999908613055163 9.364626388089034e-06
outer loop
vertex -48.776851654052734 -29.391883850097656 -29.81165313720703
vertex -44.610286712646484 -29.374067306518555 -29.433691024780273
vertex -48.94400405883789 -29.392597198486328 -29.676485061645508
endloop
endfacet
facet normal -0.448076851008372 -0.0024270387838782985 -0.8939917477656953
outer loop
vertex -48.58467483520508 -29.391061782836914 -29.907976150512695
vertex -48.776851654052734 -29.391883850097656 -29.81165313720703
vertex -48.62431716918945 -25.099699020385742 -29.899757385253906
endloop
endfacet
facet normal -0.2466585455897992 -0.0010546812362502692 -0.969101877789438
outer loop
vertex -48.58467483520508 -29.391061782836914 -29.907976150512695
vertex -48.394752502441406 -25.086467742919922 -29.961000442504883
vertex -48.37635040283203 -29.39017105102539 -29.961000442504883
endloop
endfacet
facet normal 0.004276146045822789 -0.9999908572449634 -1.215762202264887e-06
outer loop
vertex -48.776851654052734 -29.391883850097656 -29.81165313720703
vertex -48.37635040283203 -29.39017105102539 -29.961000442504883
vertex -44.610286712646484 -29.374067306518555 -29.433691024780273
endloop
endfacet
facet normal 0.004273628416230857 -0.9999908679766436 -7.967354946974426e-06
outer loop
vertex -48.58467483520508 -29.391061782836914 -29.907976150512695
vertex -48.37635040283203 -29.39017105102539 -29.961000442504883
vertex -48.776851654052734 -29.391883850097656 -29.81165313720703
endloop
endfacet
facet normal -0.0 0.0 1.0
outer loop
vertex -39.81890869140625 -18.839435577392578 -23.0
vertex -36.38545608520508 -25.178936004638672 -23.0
vertex -31.701013565063477 -18.835512161254883 -23.0
endloop
endfacet
facet normal 0.0 0.0 1.0
outer loop
vertex -39.81890869140625 -18.839435577392578 -23.0
vertex -36.774497985839844 -25.047000885009766 -23.0
vertex -36.38545608520508 -25.178936004638672 -23.0
endloop
endfacet
facet normal 0.0 0.0 -1.0
outer loop
vertex -36.031578063964844 -25.387577056884766 -25.97100067138672
vertex -36.38545608520508 -25.178936004638672 -25.97100067138672
vertex -25.84990692138672 -25.046863555908203 -25.97100067138672
endloop
endfacet
facet normal -0.3211626583604415 -0.94702404767506 0.0
outer loop
vertex -36.38545608520508 -25.178936004638672 -25.97100067138672
vertex -36.38545608520508 -25.178936004638672 -23.0
vertex -36.774497985839844 -25.047000885009766 -23.0
endloop
endfacet
facet normal -0.5078834376408485 -0.8614258028235017 -0.0
outer loop
vertex -36.031578063964844 -25.387577056884766 -25.97100067138672
vertex -36.38545608520508 -25.178936004638672 -23.0
vertex -36.38545608520508 -25.178936004638672 -25.97100067138672
endloop
endfacet
facet normal 0.0 0.0 1.0
outer loop
vertex -39.81890869140625 -18.839435577392578 -23.0
vertex -36.77666091918945 -25.04663848876953 -23.0
vertex -36.774497985839844 -25.047000885009766 -23.0
endloop
endfacet
facet normal -0.16524513232430071 -0.9862525266092473 0.0
outer loop
vertex -36.774497985839844 -25.047000885009766 -25.97100067138672
vertex -36.774497985839844 -25.047000885009766 -23.0
vertex -36.77666091918945 -25.04663848876953 -23.0
endloop
endfacet
facet normal 0.0 -0.0 -1.0
outer loop
vertex -36.774497985839844 -25.047000885009766 -25.97100067138672
vertex -25.84990692138672 -25.046863555908203 -25.97100067138672
vertex -36.38545608520508 -25.178936004638672 -25.97100067138672
endloop
endfacet
facet normal -0.3211626583604415 -0.94702404767506 0.0
outer loop
vertex -36.774497985839844 -25.047000885009766 -25.97100067138672
vertex -36.38545608520508 -25.178936004638672 -25.97100067138672
vertex -36.774497985839844 -25.047000885009766 -23.0
endloop
endfacet
facet normal 0.0 0.0 -1.0
outer loop
vertex -35.22766876220703 -27.183998107910156 -25.97100067138672
vertex -35.231468200683594 -26.773212432861328 -25.97100067138672
vertex -25.84990692138672 -25.046863555908203 -25.97100067138672
endloop
endfacet
facet normal 0.0 0.0 1.0
outer loop
vertex -26.5986270904541 -39.0 -23.0
vertex -35.307884216308594 -27.586896896362305 -23.0
vertex -35.468719482421875 -27.964906692504883 -23.0
endloop
endfacet
facet normal 0.0 0.0 -1.0
outer loop
vertex -35.307884216308594 -27.586896896362305 -25.97100067138672
vertex -35.22766876220703 -27.183998107910156 -25.97100067138672
vertex -25.84990692138672 -25.046863555908203 -25.97100067138672
endloop
endfacet
facet normal -0.9201721459576392 0.3915140122699483 0.0
outer loop
vertex -35.307884216308594 -27.586896896362305 -25.97100067138672
vertex -35.468719482421875 -27.964906692504883 -23.0
vertex -35.307884216308594 -27.586896896362305 -23.0
endloop
endfacet
facet normal -0.9807508436039384 0.19526336771182443 0.0
outer loop
vertex -35.307884216308594 -27.586896896362305 -25.97100067138672
vertex -35.307884216308594 -27.586896896362305 -23.0
vertex -35.22766876220703 -27.183998107910156 -25.97100067138672
endloop
endfacet
facet normal 1.0 0.0 0.0
outer loop
vertex 0.0 -21.169776916503906 -24.213937759399414
vertex 0.0 -20.669872283935547 -23.5
vertex 0.0 -20.436717987060547 -23.0
endloop
endfacet
facet normal 0.0 0.9063074622577716 -0.4226189582305527
outer loop
vertex -25.818906784057617 -20.436717987060547 -23.0
vertex 0.0 -20.436717987060547 -23.0
vertex 0.0 -20.669872283935547 -23.5
endloop
endfacet
facet normal 0.0 0.819152027240677 -0.5735764606985619
outer loop
vertex -25.818906784057617 -20.669872283935547 -23.5
vertex 0.0 -20.669872283935547 -23.5
vertex 0.0 -21.169776916503906 -24.213937759399414
endloop
endfacet
facet normal 0.0 0.9063074622577716 -0.4226189582305527
outer loop
vertex -25.818906784057617 -20.669872283935547 -23.5
vertex -25.818906784057617 -20.436717987060547 -23.0
vertex 0.0 -20.669872283935547 -23.5
endloop
endfacet
facet normal 1.0 0.0 -0.0
outer loop
vertex -25.818906784057617 -19.618494033813477 -23.847333908081055
vertex -25.818906784057617 -19.02437400817871 -23.23673439025879
vertex -25.818906784057617 -20.436717987060547 -23.0
endloop
endfacet
facet normal 1.0 0.0 0.0
outer loop
vertex -25.818906784057617 -20.27417755126953 -24.391292572021484
vertex -25.818906784057617 -20.436717987060547 -23.0
vertex -25.818906784057617 -20.669872283935547 -23.5
endloop
endfacet
facet normal 1.0 0.0 -0.0
outer loop
vertex -25.818906784057617 -20.27417755126953 -24.391292572021484
vertex -25.818906784057617 -19.618494033813477 -23.847333908081055
vertex -25.818906784057617 -20.436717987060547 -23.0
endloop
endfacet
facet normal 1.0 0.0 -0.0
outer loop
vertex -25.818906784057617 -20.983989715576172 -24.862438201904297
vertex -25.818906784057617 -20.27417755126953 -24.391292572021484
vertex -25.818906784057617 -20.669872283935547 -23.5
endloop
endfacet
facet normal 0.00034197934569179383 0.6384896032443393 -0.7696303720611688
outer loop
vertex -39.81890869140625 -19.69395637512207 -23.91615867614746
vertex -25.818906784057617 -19.618494033813477 -23.847333908081055
vertex -25.818906784057617 -20.27417755126953 -24.391292572021484
endloop
endfacet
facet normal 0.0002988104643249009 0.553023035045675 -0.8331659099010094
outer loop
vertex -39.81890869140625 -20.34471893310547 -24.44313621520996
vertex -25.818906784057617 -20.27417755126953 -24.391292572021484
vertex -25.818906784057617 -20.983989715576172 -24.862438201904297
endloop
endfacet
facet normal -0.0002930774733672336 0.6293206598830968 -0.7771456884972715
outer loop
vertex -39.81890869140625 -20.34471893310547 -24.44313621520996
vertex -39.81890869140625 -19.69395637512207 -23.91615867614746
vertex -25.818906784057617 -20.27417755126953 -24.391292572021484
endloop
endfacet
facet normal -0.0002489468094497394 0.5446380937185448 -0.8386711422817146
outer loop
vertex -39.81890869140625 -21.047000885009766 -24.899202346801758
vertex -39.81890869140625 -20.34471893310547 -24.44313621520996
vertex -25.818906784057617 -20.983989715576172 -24.862438201904297
endloop
endfacet
facet normal 0.00022376640285095547 0.6293206711551754 -0.7771457024171184
outer loop
vertex -53.81890869140625 -20.292390823364258 -24.40479278564453
vertex -39.81890869140625 -19.69395637512207 -23.91615867614746
vertex -39.81890869140625 -20.34471893310547 -24.44313621520996
endloop
endfacet
facet normal 0.00015797427529929734 0.5446381037994267 -0.8386711578049488
outer loop
vertex -53.81890869140625 -21.008426666259766 -24.876789093017578
vertex -39.81890869140625 -20.34471893310547 -24.44313621520996
vertex -39.81890869140625 -21.047000885009766 -24.899202346801758
endloop
endfacet
facet normal -0.00022959224842742613 0.5503650416573042 -0.8349241092512261
outer loop
vertex -53.81890869140625 -21.008426666259766 -24.876789093017578
vertex -53.81890869140625 -20.292390823364258 -24.40479278564453
vertex -39.81890869140625 -20.34471893310547 -24.44313621520996
endloop
endfacet
facet normal -1.0 0.0 0.0
outer loop
vertex -53.81890869140625 -21.008426666259766 -24.876789093017578
vertex -53.81890869140625 -22.207387924194336 -23.256507873535156
vertex -53.81890869140625 -18.839027404785156 -23.0
endloop
endfacet
facet normal -1.0 0.0 -0.0
outer loop
vertex -53.81890869140625 -21.008426666259766 -24.876789093017578
vertex -53.81890869140625 -18.839027404785156 -23.0
vertex -53.81890869140625 -20.292390823364258 -24.40479278564453
endloop
endfacet
facet normal -0.0 0.0 1.0
outer loop
vertex -31.701013565063477 -18.835512161254883 -23.0
vertex -25.818906784057617 -20.436717987060547 -23.0
vertex -25.818906784057617 -18.83867073059082 -23.0
endloop
endfacet
facet normal 0.0 -0.0 1.0
outer loop
vertex -25.852981567382812 -22.296125411987305 -23.0
vertex -25.818906784057617 -20.436717987060547 -23.0
vertex -31.701013565063477 -18.835512161254883 -23.0
endloop
endfacet
facet normal 0.0 -0.0 1.0
outer loop
vertex -25.91901206970215 -22.62516212463379 -23.0
vertex -25.852981567382812 -22.296125411987305 -23.0
vertex -31.701013565063477 -18.835512161254883 -23.0
endloop
endfacet
facet normal 0.0 -0.0 1.0
outer loop
vertex -25.952880859375 -22.838499069213867 -23.0
vertex -25.91901206970215 -22.62516212463379 -23.0
vertex -31.701013565063477 -18.835512161254883 -23.0
endloop
endfacet
facet normal 0.0 -0.0 1.0
outer loop
vertex -26.084871292114258 -23.287277221679688 -23.0
vertex -25.952880859375 -22.838499069213867 -23.0
vertex -31.701013565063477 -18.835512161254883 -23.0
endloop
endfacet
facet normal 0.0 -0.0 1.0
outer loop
vertex -26.111801147460938 -23.413854598999023 -23.0
vertex -26.084871292114258 -23.287277221679688 -23.0
vertex -31.701013565063477 -18.835512161254883 -23.0
endloop
endfacet
facet normal 0.0 -0.0 1.0
outer loop
vertex -26.1982421875 -23.653074264526367 -23.0
vertex -26.111801147460938 -23.413854598999023 -23.0
vertex -31.701013565063477 -18.835512161254883 -23.0
endloop
endfacet
facet normal 0.0 -0.0 1.0
outer loop
vertex -26.287166595458984 -23.8991641998291 -23.0
vertex -26.1982421875 -23.653074264526367 -23.0
vertex -31.701013565063477 -18.835512161254883 -23.0
endloop
endfacet
facet normal 0.0 -0.0 1.0
outer loop
vertex -35.7277946472168 -25.66411781311035 -23.0
vertex -26.287166595458984 -23.8991641998291 -23.0
vertex -31.701013565063477 -18.835512161254883 -23.0
endloop
endfacet
facet normal 0.0 -0.0 1.0
outer loop
vertex -36.031578063964844 -25.387577056884766 -23.0
vertex -31.701013565063477 -18.835512161254883 -23.0
vertex -36.38545608520508 -25.178936004638672 -23.0
endloop
endfacet
facet normal -0.0 0.0 1.0
outer loop
vertex -36.031578063964844 -25.387577056884766 -23.0
vertex -35.7277946472168 -25.66411781311035 -23.0
vertex -31.701013565063477 -18.835512161254883 -23.0
endloop
endfacet
facet normal -0.5078834376408485 -0.8614258028235017 0.0
outer loop
vertex -36.031578063964844 -25.387577056884766 -25.97100067138672
vertex -36.031578063964844 -25.387577056884766 -23.0
vertex -36.38545608520508 -25.178936004638672 -23.0
endloop
endfacet
facet normal 0.0 -0.0 -0.9999999999999999
outer loop
vertex -36.031578063964844 -25.387577056884766 -25.97100067138672
vertex -25.84990692138672 -25.046863555908203 -25.97100067138672
vertex -35.7277946472168 -25.66411781311035 -25.97100067138672
endloop
endfacet
facet normal -0.6731711204711145 -0.7394867426557857 0.0
outer loop
vertex -35.7277946472168 -25.66411781311035 -25.97100067138672
vertex -35.7277946472168 -25.66411781311035 -23.0
vertex -36.031578063964844 -25.387577056884766 -23.0
endloop
endfacet
facet normal -0.6731711204711145 -0.7394867426557857 0.0
outer loop
vertex -36.031578063964844 -25.387577056884766 -25.97100067138672
vertex -35.7277946472168 -25.66411781311035 -25.97100067138672
vertex -36.031578063964844 -25.387577056884766 -23.0
endloop
endfacet
facet normal -0.9999914780901703 -0.001996987474967889 0.0036132794053458776
outer loop
vertex -25.85198974609375 -22.79277992248535 -23.0
vertex -25.852981567382812 -22.296125411987305 -23.0
vertex -25.852981567382812 -22.55599594116211 -23.143625259399414
endloop
endfacet
facet normal 0.9236664512042767 -0.18535974073526668 0.33538344239728396
outer loop
vertex -25.852981567382812 -22.55599594116211 -23.143625259399414
vertex -25.852981567382812 -22.296125411987305 -23.0
vertex -25.91901206970215 -22.62516212463379 -23.0
endloop
endfacet
facet normal -0.9999877029068721 -0.0012829626551221103 0.004790411450269576
outer loop
vertex -25.850971221923828 -23.586654663085938 -23.0
vertex -25.85198974609375 -22.79277992248535 -23.0
vertex -25.852981567382812 -22.55599594116211 -23.143625259399414
endloop
endfacet
facet normal 0.9236663568581595 -0.14663874384202358 0.3540304224396664
outer loop
vertex -25.952880859375 -22.838499069213867 -23.0
vertex -25.852981567382812 -22.55599594116211 -23.143625259399414
vertex -25.91901206970215 -22.62516212463379 -23.0
endloop
endfacet
facet normal -0.999992727133019 -0.001459511197294807 0.0035235646911141363
outer loop
vertex -25.852981567382812 -23.150808334350586 -23.390005111694336
vertex -25.850971221923828 -23.586654663085938 -23.0
vertex -25.852981567382812 -22.55599594116211 -23.143625259399414
endloop
endfacet
facet normal 0.7928838726660558 -0.2331955887116003 0.5629875503699244
outer loop
vertex -25.952880859375 -23.230466842651367 -23.162357330322266
vertex -25.952880859375 -22.838499069213867 -23.0
vertex -26.084871292114258 -23.287277221679688 -23.0
endloop
endfacet
facet normal 0.9236679660756885 -0.14664216862047663 0.35402480538499626
outer loop
vertex -25.852981567382812 -23.150808334350586 -23.390005111694336
vertex -25.852981567382812 -22.55599594116211 -23.143625259399414
vertex -25.952880859375 -22.838499069213867 -23.0
endloop
endfacet
facet normal -0.9999927301759307 -0.0014607397606444116 0.0035221917380625365
outer loop
vertex -25.85040855407715 -23.971845626831055 -23.0
vertex -25.850971221923828 -23.586654663085938 -23.0
vertex -25.852981567382812 -23.150808334350586 -23.390005111694336
endloop
endfacet
facet normal 0.6081597219563072 -0.21975804558173764 0.7627897180692211
outer loop
vertex -26.111801147460938 -23.869220733642578 -23.131189346313477
vertex -26.1982421875 -23.653074264526367 -23.0
vertex -26.287166595458984 -23.8991641998291 -23.0
endloop
endfacet
facet normal 0.6081597792549354 -0.1329729879349721 0.7825981519120999
outer loop
vertex -26.111801147460938 -23.869220733642578 -23.131189346313477
vertex -26.287166595458984 -23.8991641998291 -23.0
vertex -26.29957389831543 -23.955909729003906 -23.0
endloop
endfacet
facet normal 0.6081637898964433 -0.13296408995471085 0.78259654704152
outer loop
vertex -26.111801147460938 -24.45438575744629 -23.23061180114746
vertex -26.29957389831543 -23.955909729003906 -23.0
vertex -26.318906784057617 -24.044336318969727 -23.0
endloop
endfacet
facet normal 0.7928838090049322 -0.1686892771475165 0.585558872525452
outer loop
vertex -26.111801147460938 -23.413854598999023 -23.0
vertex -25.952880859375 -23.230466842651367 -23.162357330322266
vertex -26.084871292114258 -23.287277221679688 -23.0
endloop
endfacet
facet normal 0.9236686972060075 -0.14664044446819036 0.35402361199209365
outer loop
vertex -25.852981567382812 -23.150808334350586 -23.390005111694336
vertex -25.952880859375 -22.838499069213867 -23.0
vertex -25.952880859375 -23.230466842651367 -23.162357330322266
endloop
endfacet
facet normal -0.999984367412756 -0.00048788864950970103 0.00557017906136135
outer loop
vertex -25.84990692138672 -25.0 -23.0
vertex -25.85040855407715 -23.971845626831055 -23.0
vertex -25.852981567382812 -23.150808334350586 -23.390005111694336
endloop
endfacet
facet normal 0.6081615510897297 -0.21975666955339299 0.7627886561577427
outer loop
vertex -26.111801147460938 -23.869220733642578 -23.131189346313477
vertex -26.111801147460938 -23.413854598999023 -23.0
vertex -26.1982421875 -23.653074264526367 -23.0
endloop
endfacet
facet normal 0.6081585902939646 -0.13296763898331698 0.7825999846887682
outer loop
vertex -26.111801147460938 -24.45438575744629 -23.23061180114746
vertex -26.111801147460938 -23.869220733642578 -23.131189346313477
vertex -26.29957389831543 -23.955909729003906 -23.0
endloop
endfacet
facet normal 0.7928862561970288 -0.16869606199819637 0.5855536042073007
outer loop
vertex -25.952880859375 -23.823135375976562 -23.33310317993164
vertex -25.952880859375 -23.230466842651367 -23.162357330322266
vertex -26.111801147460938 -23.413854598999023 -23.0
endloop
endfacet
facet normal 0.9236686064874255 -0.10608085339868152 0.36821618369075654
outer loop
vertex -25.852981567382812 -23.769468307495117 -23.5682373046875
vertex -25.852981567382812 -23.150808334350586 -23.390005111694336
vertex -25.952880859375 -23.230466842651367 -23.162357330322266
endloop
endfacet
facet normal -0.9999939879905473 -0.0009599408052451639 0.0033320408778008495
outer loop
vertex -25.84990692138672 -25.0 -23.0
vertex -25.852981567382812 -23.150808334350586 -23.390005111694336
vertex -25.852981567382812 -23.769468307495117 -23.5682373046875
endloop
endfacet
facet normal 0.792886445584483 -0.16869583335657523 0.5855534136323817
outer loop
vertex -26.111801147460938 -23.869220733642578 -23.131189346313477
vertex -25.952880859375 -23.823135375976562 -23.33310317993164
vertex -26.111801147460938 -23.413854598999023 -23.0
endloop
endfacet
facet normal 0.7928876943269996 -0.10207181791772384 0.60075822771876
outer loop
vertex -25.952880859375 -24.431196212768555 -23.436416625976562
vertex -26.111801147460938 -23.869220733642578 -23.131189346313477
vertex -26.111801147460938 -24.45438575744629 -23.23061180114746
endloop
endfacet
facet normal 0.9236677032437796 -0.10608239298508762 0.36821800591893755
outer loop
vertex -25.852981567382812 -23.769468307495117 -23.5682373046875
vertex -25.952880859375 -23.230466842651367 -23.162357330322266
vertex -25.952880859375 -23.823135375976562 -23.33310317993164
endloop
endfacet
facet normal 0.7928875522713819 -0.03416871363152911 0.6084092606641218
outer loop
vertex -25.952880859375 -25.047000885009766 -23.47100067138672
vertex -25.952880859375 -24.431196212768555 -23.436416625976562
vertex -26.111801147460938 -24.45438575744629 -23.23061180114746
endloop
endfacet
facet normal -0.9999919513353375 -0.000672055398135216 0.003955452703005622
outer loop
vertex -25.84990692138672 -25.0 -23.0
vertex -25.852981567382812 -23.769468307495117 -23.5682373046875
vertex -25.852981567382812 -24.404191970825195 -23.67608070373535
endloop
endfacet
facet normal 0.7928864844592756 -0.10207292514909054 0.6007596363882309
outer loop
vertex -25.952880859375 -24.431196212768555 -23.436416625976562
vertex -25.952880859375 -23.823135375976562 -23.33310317993164
vertex -26.111801147460938 -23.869220733642578 -23.131189346313477
endloop
endfacet
facet normal 0.9236677561172355 -0.06418714818133751 0.37778020900743065
outer loop
vertex -25.852981567382812 -24.404191970825195 -23.67608070373535
vertex -25.852981567382812 -23.769468307495117 -23.5682373046875
vertex -25.952880859375 -23.823135375976562 -23.33310317993164
endloop
endfacet
facet normal 0.9236674719121337 -0.02148665576466768 0.3825921130335783
outer loop
vertex -25.852981567382812 -25.047000885009766 -23.712181091308594
vertex -25.952880859375 -24.431196212768555 -23.436416625976562
vertex -25.952880859375 -25.047000885009766 -23.47100067138672
endloop
endfacet
facet normal -0.9999905818391407 -0.00024335663920169683 0.004333244807620767
outer loop
vertex -25.852981567382812 -25.047000885009766 -23.712181091308594
vertex -25.84990692138672 -25.0 -23.0
vertex -25.852981567382812 -24.404191970825195 -23.67608070373535
endloop
endfacet
facet normal 0.9236676296330005 -0.06418733384777338 0.37778048671373754
outer loop
vertex -25.852981567382812 -24.404191970825195 -23.67608070373535
vertex -25.952880859375 -23.823135375976562 -23.33310317993164
vertex -25.952880859375 -24.431196212768555 -23.436416625976562
endloop
endfacet
facet normal 0.923667601850732 -0.02148649816909871 0.3825918081817055
outer loop
vertex -25.852981567382812 -25.047000885009766 -23.712181091308594
vertex -25.852981567382812 -24.404191970825195 -23.67608070373535
vertex -25.952880859375 -24.431196212768555 -23.436416625976562
endloop
endfacet
facet normal 0.3821553427908986 -0.1548009527560448 0.911040042480127
outer loop
vertex -26.318906784057617 -24.472177505493164 -23.07269287109375
vertex -26.417980194091797 -24.288944244384766 -23.0
vertex -26.424772262573242 -24.30571174621582 -23.0
endloop
endfacet
facet normal 0.38217258896994416 -0.15478780149585794 0.9110350425467117
outer loop
vertex -26.318906784057617 -24.472177505493164 -23.07269287109375
vertex -26.424772262573242 -24.30571174621582 -23.0
vertex -26.432804107666016 -24.325542449951172 -23.0
endloop
endfacet
facet normal 0.38215002058382636 -0.15480447846278445 0.9110416758939444
outer loop
vertex -26.318906784057617 -24.472177505493164 -23.07269287109375
vertex -26.40935516357422 -24.26765251159668 -23.0
vertex -26.417980194091797 -24.288944244384766 -23.0
endloop
endfacet
facet normal 0.38216732722820035 -0.15479258021452302 0.9110364378606292
outer loop
vertex -26.318906784057617 -24.472177505493164 -23.07269287109375
vertex -26.432804107666016 -24.325542449951172 -23.0
vertex -26.44675636291504 -24.359989166259766 -23.0
endloop
endfacet
facet normal 0.3821755885830865 -0.1547902204113232 0.9110333732395237
outer loop
vertex -26.318906784057617 -24.472177505493164 -23.07269287109375
vertex -26.318906784057617 -24.044336318969727 -23.0
vertex -26.40935516357422 -24.26765251159668 -23.0
endloop
endfacet
facet normal 0.3821695531594661 -0.15478975009372614 0.9110359849664643
outer loop
vertex -26.318906784057617 -24.472177505493164 -23.07269287109375
vertex -26.44675636291504 -24.359989166259766 -23.0
vertex -26.495513916015625 -24.480369567871094 -23.0
endloop
endfacet
facet normal 0.6081585860741646 -0.13296856496875123 0.7825998306378706
outer loop
vertex -26.111801147460938 -24.45438575744629 -23.23061180114746
vertex -26.318906784057617 -24.044336318969727 -23.0
vertex -26.318906784057617 -24.472177505493164 -23.07269287109375
endloop
endfacet
facet normal 0.38216881751256354 -0.05181738642645132 0.9226385822113558
outer loop
vertex -26.51136016845703 -24.597240447998047 -23.0
vertex -26.318906784057617 -24.472177505493164 -23.07269287109375
vertex -26.495513916015625 -24.480369567871094 -23.0
endloop
endfacet
facet normal 0.608158989024346 -0.04451060852231996 0.7925663693331041
outer loop
vertex -26.111801147460938 -25.047000885009766 -23.263893127441406
vertex -26.111801147460938 -24.45438575744629 -23.23061180114746
vertex -26.318906784057617 -24.472177505493164 -23.07269287109375
endloop
endfacet
facet normal 0.3821675689075053 -0.051815089409769685 0.9226392284012124
outer loop
vertex -26.318906784057617 -25.047000885009766 -23.1049747467041
vertex -26.318906784057617 -24.472177505493164 -23.07269287109375
vertex -26.51136016845703 -24.597240447998047 -23.0
endloop
endfacet
facet normal 0.6081596362164562 -0.04451021746324361 0.7925658946853834
outer loop
vertex -26.111801147460938 -25.047000885009766 -23.263893127441406
vertex -26.318906784057617 -24.472177505493164 -23.07269287109375
vertex -26.318906784057617 -25.047000885009766 -23.1049747467041
endloop
endfacet
facet normal 0.13060995379163434 -0.05547235804073805 0.9898807289082596
outer loop
vertex -26.560087203979492 -25.047000885009766 -23.00507354736328
vertex -26.577285766601562 -24.996959686279297 -23.0
vertex -26.578577041625977 -25.0 -23.0
endloop
endfacet
facet normal 0.13027558026038533 -0.05559107033306017 0.9899181310022787
outer loop
vertex -26.560087203979492 -25.047000885009766 -23.00507354736328
vertex -26.560087203979492 -24.956655502319336 -23.0
vertex -26.577285766601562 -24.996959686279297 -23.0
endloop
endfacet
facet normal 0.38217280874251386 -0.05181237625808627 0.9226372103510396
outer loop
vertex -26.318906784057617 -25.047000885009766 -23.1049747467041
vertex -26.51136016845703 -24.597240447998047 -23.0
vertex -26.560087203979492 -24.956655502319336 -23.0
endloop
endfacet
facet normal 0.6087629634380023 0.0 0.7933521628798786
outer loop
vertex -26.318906784057617 -44.64699935913086 -23.1049747467041
vertex -26.111801147460938 -25.047000885009766 -23.263893127441406
vertex -26.318906784057617 -25.047000885009766 -23.1049747467041
endloop
endfacet
facet normal 0.13031614260849478 -0.05559140049916796 0.989912773514002
outer loop
vertex -26.560087203979492 -25.047000885009766 -23.00507354736328
vertex -26.578577041625977 -25.0 -23.0
vertex -26.5986270904541 -25.047000885009766 -23.0
endloop
endfacet
facet normal 0.3821726785584939 -0.05181276132018782 0.9226372426516303
outer loop
vertex -26.318906784057617 -25.047000885009766 -23.1049747467041
vertex -26.560087203979492 -24.956655502319336 -23.0
vertex -26.560087203979492 -25.047000885009766 -23.00507354736328
endloop
endfacet
facet normal 0.38268669689617013 -0.0 0.9238781802914814
outer loop
vertex -26.318906784057617 -44.64699935913086 -23.1049747467041
vertex -26.318906784057617 -25.047000885009766 -23.1049747467041
vertex -26.560087203979492 -44.64699935913086 -23.00507354736328
endloop
endfacet
facet normal 0.1305179752892975 0.0 0.9914459431186261
outer loop
vertex -26.5986270904541 -39.0 -23.0
vertex -26.560087203979492 -25.047000885009766 -23.00507354736328
vertex -26.5986270904541 -25.047000885009766 -23.0
endloop
endfacet
facet normal 0.38268669689617013 0.0 0.9238781802914814
outer loop
vertex -26.560087203979492 -44.64699935913086 -23.00507354736328
vertex -26.318906784057617 -25.047000885009766 -23.1049747467041
vertex -26.560087203979492 -25.047000885009766 -23.00507354736328
endloop
endfacet
facet normal 0.0 1.0 -0.0
outer loop
vertex -26.318906784057617 -44.64699935913086 -23.1049747467041
vertex -26.560087203979492 -44.64699935913086 -23.00507354736328
vertex -25.818906784057617 -44.64699935913086 -23.0
endloop
endfacet
facet normal 0.1305179752892975 -0.0 0.9914459431186261
outer loop
vertex -26.560087203979492 -44.64699935913086 -23.00507354736328
vertex -26.560087203979492 -25.047000885009766 -23.00507354736328
vertex -26.5986270904541 -39.0 -23.0
endloop
endfacet
facet normal 0.0 1.0 -0.0
outer loop
vertex -26.560087203979492 -44.64699935913086 -23.00507354736328
vertex -26.5986270904541 -44.64699935913086 -23.0
vertex -25.818906784057617 -44.64699935913086 -23.0
endloop
endfacet
facet normal 0.13051797528929754 0.0 0.9914459431186262
outer loop
vertex -26.560087203979492 -44.64699935913086 -23.00507354736328
vertex -26.5986270904541 -39.0 -23.0
vertex -26.5986270904541 -43.855499267578125 -23.0
endloop
endfacet
facet normal 0.13051797528929754 0.0 0.9914459431186262
outer loop
vertex -26.560087203979492 -44.64699935913086 -23.00507354736328
vertex -26.5986270904541 -43.855499267578125 -23.0
vertex -26.5986270904541 -44.64699935913086 -23.0
endloop
endfacet
facet normal -0.9999772697854787 -0.006704789157675857 0.0007111362254473034
outer loop
vertex -35.223045349121094 -47.62558364868164 -25.40452003479004
vertex -35.22163009643555 -47.581626892089844 -23.0
vertex -35.222877502441406 -47.39558410644531 -23.0
endloop
endfacet
facet normal -0.9999773533569667 -0.00669243881250624 0.0007099548837794542
outer loop
vertex -35.22502899169922 -47.340553283691406 -25.511638641357422
vertex -35.223045349121094 -47.62558364868164 -25.40452003479004
vertex -35.222877502441406 -47.39558410644531 -23.0
endloop
endfacet
facet normal -0.9942663434788654 -0.1069215374725959 -0.0014909894911500391
outer loop
vertex -35.22502899169922 -47.340553283691406 -25.511638641357422
vertex -35.222877502441406 -47.39558410644531 -23.0
vertex -35.23896408081055 -47.245994567871094 -23.0
endloop
endfacet
facet normal 0.0007170212162453069 -0.35178750577055934 -0.9360796102171567
outer loop
vertex -35.22502899169922 -47.340553283691406 -25.511638641357422
vertex -25.818906784057617 -47.140933990478516 -25.579452514648438
vertex -35.223045349121094 -47.62558364868164 -25.40452003479004
endloop
endfacet
facet normal 0.0 -0.0 0.9999999999999999
outer loop
vertex -35.23896408081055 -47.245994567871094 -23.0
vertex -26.5986270904541 -44.64699935913086 -23.0
vertex -35.26697540283203 -47.061222076416016 -23.0
endloop
endfacet
facet normal -0.9887032120469537 -0.1498864026686372 0.0001574264642338259
outer loop
vertex -35.22502899169922 -47.340553283691406 -25.511638641357422
vertex -35.23896408081055 -47.245994567871094 -23.0
vertex -35.26697540283203 -47.061222076416016 -23.0
endloop
endfacet
facet normal -0.0001281359593842516 -0.31624334818788097 -0.9486780951977836
outer loop
vertex -35.22502899169922 -47.340553283691406 -25.511638641357422
vertex -35.26828384399414 -47.05531311035156 -25.606718063354492
vertex -25.818906784057617 -47.140933990478516 -25.579452514648438
endloop
endfacet
facet normal -0.0 0.0 0.9999999999999999
outer loop
vertex -35.321041107177734 -46.88399124145508 -23.0
vertex -35.26697540283203 -47.061222076416016 -23.0
vertex -26.5986270904541 -44.64699935913086 -23.0
endloop
endfacet
facet normal -0.9887044045043926 -0.14987853752756197 0.00015653182970124216
outer loop
vertex -35.22502899169922 -47.340553283691406 -25.511638641357422
vertex -35.26697540283203 -47.061222076416016 -23.0
vertex -35.26828384399414 -47.05531311035156 -25.606718063354492
endloop
endfacet
facet normal 0.0 -0.0 1.0
outer loop
vertex -35.321041107177734 -46.88399124145508 -23.0
vertex -26.5986270904541 -44.64699935913086 -23.0
vertex -35.370689392089844 -46.73487854003906 -23.0
endloop
endfacet
facet normal 0.00022486468041614773 -0.2808147430341118 -0.9597619650364153
outer loop
vertex -35.26828384399414 -47.05531311035156 -25.606718063354492
vertex -35.35379409790039 -46.77495193481445 -25.68876838684082
vertex -25.818906784057617 -47.140933990478516 -25.579452514648438
endloop
endfacet
facet normal -0.9564844236276646 -0.2917833348272684 -0.00018131390560442097
outer loop
vertex -35.26828384399414 -47.05531311035156 -25.606718063354492
vertex -35.26697540283203 -47.061222076416016 -23.0
vertex -35.321041107177734 -46.88399124145508 -23.0
endloop
endfacet
facet normal -0.9487892977021647 -0.3159071019876097 -0.001253586703369393
outer loop
vertex -35.321041107177734 -46.88399124145508 -23.0
vertex -35.370689392089844 -46.73487854003906 -23.0
vertex -35.35379409790039 -46.77495193481445 -25.68876838684082
endloop
endfacet
facet normal -0.9564850251968121 -0.2917813627497234 -0.00018145569199768717
outer loop
vertex -35.26828384399414 -47.05531311035156 -25.606718063354492
vertex -35.321041107177734 -46.88399124145508 -23.0
vertex -35.35379409790039 -46.77495193481445 -25.68876838684082
endloop
endfacet
facet normal -0.0 -0.0 1.0
outer loop
vertex -35.22163009643555 -47.581626892089844 -23.0
vertex -25.818906784057617 -50.87636184692383 -23.0
vertex -35.222877502441406 -47.39558410644531 -23.0
endloop
endfacet
facet normal -0.0 -0.0 1.0
outer loop
vertex -35.237266540527344 -47.72701644897461 -23.0
vertex -25.818906784057617 -50.87636184692383 -23.0
vertex -35.22163009643555 -47.581626892089844 -23.0
endloop
endfacet
facet normal -0.0 -0.0 1.0
outer loop
vertex -35.262054443359375 -47.91013717651367 -23.0
vertex -25.818906784057617 -50.87636184692383 -23.0
vertex -35.237266540527344 -47.72701644897461 -23.0
endloop
endfacet
facet normal -0.994265408181034 0.1069318581096754 -0.001369604254534131
outer loop
vertex -35.223045349121094 -47.62558364868164 -25.40452003479004
vertex -35.237266540527344 -47.72701644897461 -23.0
vertex -35.22163009643555 -47.581626892089844 -23.0
endloop
endfacet
facet normal -0.9909623233296722 0.13414034615857448 -0.00020315884438903582
outer loop
vertex -35.260772705078125 -47.90413284301758 -25.287525177001953
vertex -35.262054443359375 -47.91013717651367 -23.0
vertex -35.237266540527344 -47.72701644897461 -23.0
endloop
endfacet
facet normal 0.0011026591805619085 -0.3583680958081723 -0.9335797191721531
outer loop
vertex -35.223045349121094 -47.62558364868164 -25.40452003479004
vertex -25.818906784057617 -47.140933990478516 -25.579452514648438
vertex -25.818906784057617 -47.922691345214844 -25.27936363220215
endloop
endfacet
facet normal -0.9909632780968268 0.13413329346448763 -0.00020260296388044784
outer loop
vertex -35.260772705078125 -47.90413284301758 -25.287525177001953
vertex -35.237266540527344 -47.72701644897461 -23.0
vertex -35.223045349121094 -47.62558364868164 -25.40452003479004
endloop
endfacet
facet normal -0.9625079045195054 0.27125357862801314 0.00017268169322657109
outer loop
vertex -35.260772705078125 -47.90413284301758 -25.287525177001953
vertex -35.33618927001953 -48.171817779541016 -25.163267135620117
vertex -35.262054443359375 -47.91013717651367 -23.0
endloop
endfacet
facet normal 3.5797283770396886e-05 -0.38724841183147846 -0.9219754152104882
outer loop
vertex -35.260772705078125 -47.90413284301758 -25.287525177001953
vertex -35.223045349121094 -47.62558364868164 -25.40452003479004
vertex -25.818906784057617 -47.922691345214844 -25.27936363220215
endloop
endfacet
facet normal -4.3515197884058816e-05 -0.42103361825639646 -0.907045032181068
outer loop
vertex -35.260772705078125 -47.90413284301758 -25.287525177001953
vertex -25.818906784057617 -47.922691345214844 -25.27936363220215
vertex -35.33618927001953 -48.171817779541016 -25.163267135620117
endloop
endfacet
facet normal 1.0 -0.0 -0.0
outer loop
vertex -25.818906784057617 -47.922691345214844 -25.27936363220215
vertex -25.818906784057617 -47.140933990478516 -25.579452514648438
vertex -25.818906784057617 -50.87636184692383 -23.0
endloop
endfacet
facet normal 1.0 -0.0 -0.0
outer loop
vertex -25.818906784057617 -47.140933990478516 -25.579452514648438
vertex -25.818906784057617 -46.33209228515625 -25.796180725097656
vertex -25.818906784057617 -50.87636184692383 -23.0
endloop
endfacet
facet normal 0.0011398152981485423 -0.2588185746947151 -0.9659252798296991
outer loop
vertex -25.818906784057617 -47.140933990478516 -25.579452514648438
vertex -35.35379409790039 -46.77495193481445 -25.68876838684082
vertex -25.818906784057617 -46.33209228515625 -25.796180725097656
endloop
endfacet
facet normal 0.0 -0.0 1.0
outer loop
vertex -35.370689392089844 -46.73487854003906 -23.0
vertex -26.5986270904541 -44.64699935913086 -23.0
vertex -35.45052719116211 -46.56671142578125 -23.0
endloop
endfacet
facet normal 0.0005242374676677834 -0.24635435015038415 -0.9691796837207532
outer loop
vertex -35.35379409790039 -46.77495193481445 -25.68876838684082
vertex -35.480751037597656 -46.50764846801758 -25.75678253173828
vertex -25.818906784057617 -46.33209228515625 -25.796180725097656
endloop
endfacet
facet normal -0.9033638201184393 -0.42887445311811123 0.000715516359567523
outer loop
vertex -35.35379409790039 -46.77495193481445 -25.68876838684082
vertex -35.370689392089844 -46.73487854003906 -23.0
vertex -35.45052719116211 -46.56671142578125 -23.0
endloop
endfacet
facet normal -0.9033638021170176 -0.4288744910295978 0.0007155199433795427
outer loop
vertex -35.35379409790039 -46.77495193481445 -25.68876838684082
vertex -35.45052719116211 -46.56671142578125 -23.0
vertex -35.480751037597656 -46.50764846801758 -25.75678253173828
endloop
endfacet
facet normal 0.0 -0.0 1.0
outer loop
vertex -48.78205108642578 -50.88262939453125 -23.0
vertex -40.0449104309082 -47.49700164794922 -23.0
vertex -51.81890869140625 -48.24700164794922 -23.0
endloop
endfacet
facet normal 0.707715635854645 0.7064974018118224 0.0
outer loop
vertex -38.63433837890625 -48.90999984741211 -24.754230499267578
vertex -39.322357177734375 -48.220794677734375 -25.13921546936035
vertex -38.63433837890625 -48.90999984741211 -23.0
endloop
endfacet
facet normal 0.0 0.0 1.0
outer loop
vertex -48.78205108642578 -50.88262939453125 -23.0
vertex -51.81890869140625 -48.24700164794922 -23.0
vertex -51.83890914916992 -48.24700164794922 -23.0
endloop
endfacet
facet normal 0.009513071651079933 -0.48039075659653574 -0.877002977443275
outer loop
vertex -39.81890869140625 -48.66879653930664 -24.899202346801758
vertex -39.322357177734375 -48.220794677734375 -25.13921546936035
vertex -38.63433837890625 -48.90999984741211 -24.754230499267578
endloop
endfacet
facet normal 0.0 0.9999999999999999 0.0
outer loop
vertex -51.83890914916992 -48.24700164794922 -25.126171112060547
vertex -51.83890914916992 -48.24700164794922 -23.0
vertex -51.81890869140625 -48.24700164794922 -23.0
endloop
endfacet
facet normal 7.040188385687448e-05 -0.47230057683260196 -0.8814375531863652
outer loop
vertex -51.81890869140625 -48.24700164794922 -25.126171112060547
vertex -39.322357177734375 -48.220794677734375 -25.13921546936035
vertex -39.81890869140625 -48.66879653930664 -24.899202346801758
endloop
endfacet
facet normal -0.7071067811865476 0.7071067811865476 0.0
outer loop
vertex -51.83890914916992 -48.24700164794922 -25.126171112060547
vertex -52.372520446777344 -48.78061294555664 -24.833433151245117
vertex -51.83890914916992 -48.24700164794922 -23.0
endloop
endfacet
facet normal -0.0 0.9999999999999999 0.0
outer loop
vertex -51.83890914916992 -48.24700164794922 -25.126171112060547
vertex -51.81890869140625 -48.24700164794922 -23.0
vertex -51.81890869140625 -48.24700164794922 -25.126171112060547
endloop
endfacet
facet normal -0.00031210817834036506 -0.48072565579502385 -0.8768709976096423
outer loop
vertex -51.81890869140625 -48.24700164794922 -25.126171112060547
vertex -39.81890869140625 -48.66879653930664 -24.899202346801758
vertex -52.372520446777344 -48.78061294555664 -24.833433151245117
endloop
endfacet
facet normal 0.0 -0.4809745967483333 -0.876734530677775
outer loop
vertex -51.83890914916992 -48.24700164794922 -25.126171112060547
vertex -51.81890869140625 -48.24700164794922 -25.126171112060547
vertex -52.372520446777344 -48.78061294555664 -24.833433151245117
endloop
endfacet
facet normal 0.0 -0.0 1.0
outer loop
vertex -48.78205108642578 -50.88262939453125 -23.0
vertex -38.63433837890625 -48.90999984741211 -23.0
vertex -40.0449104309082 -47.49700164794922 -23.0
endloop
endfacet
facet normal 0.7077141001110449 0.706498940199513 9.895614755321638e-07
outer loop
vertex -38.63433837890625 -48.90999984741211 -23.0
vertex -39.322357177734375 -48.220794677734375 -25.13921546936035
vertex -40.0449104309082 -47.49700164794922 -23.0
endloop
endfacet
facet normal 0.7077126377597079 0.7065004050637171 -0.0
outer loop
vertex -40.0449104309082 -47.49700164794922 -25.45439910888672
vertex -40.0449104309082 -47.49700164794922 -23.0
vertex -39.322357177734375 -48.220794677734375 -25.13921546936035
endloop
endfacet
facet normal 0.048446245347809065 -0.35773302740724544 -0.9325663742671334
outer loop
vertex -39.81890869140625 -47.922691345214844 -25.27936363220215
vertex -40.0449104309082 -47.49700164794922 -25.45439910888672
vertex -39.322357177734375 -48.220794677734375 -25.13921546936035
endloop
endfacet
facet normal -5.221746345885151e-05 -0.42553082701246714 -0.9049439278405168
outer loop
vertex -51.81890869140625 -48.24700164794922 -25.126171112060547
vertex -39.81890869140625 -47.922691345214844 -25.27936363220215
vertex -39.322357177734375 -48.220794677734375 -25.13921546936035
endloop
endfacet
facet normal 0.00015638647936774198 -0.3802170720934966 -0.9248972665285143
outer loop
vertex -51.81890869140625 -47.5689811706543 -25.426799774169922
vertex -40.0449104309082 -47.49700164794922 -25.45439910888672
vertex -39.81890869140625 -47.922691345214844 -25.27936363220215
endloop
endfacet
facet normal -0.0007157950840890966 -0.40533457483453067 -0.9141681300948463
outer loop
vertex -51.81890869140625 -48.24700164794922 -25.126171112060547
vertex -51.81890869140625 -47.5689811706543 -25.426799774169922
vertex -39.81890869140625 -47.922691345214844 -25.27936363220215
endloop
endfacet
facet normal -0.9217847983097006 -0.38115879544571624 0.07092783839590261
outer loop
vertex -49.204341888427734 -27.065265655517578 -27.220853805541992
vertex -49.08327102661133 -27.343719482421875 -27.143787384033203
vertex -49.204566955566406 -27.013092041015625 -26.943403244018555
endloop
endfacet
facet normal -0.9218582183039792 -0.364079303613184 0.13275423166872027
outer loop
vertex -49.082923889160156 -27.424638748168945 -27.363298416137695
vertex -49.08327102661133 -27.343719482421875 -27.143787384033203
vertex -49.204341888427734 -27.065265655517578 -27.220853805541992
endloop
endfacet
facet normal -0.7898689422380983 -0.5758275451075869 0.21102059705876458
outer loop
vertex -48.89126205444336 -27.649011611938477 -27.258153915405273
vertex -49.08327102661133 -27.343719482421875 -27.143787384033203
vertex -49.082923889160156 -27.424638748168945 -27.363298416137695
endloop
endfacet
facet normal -0.7900540134444914 -0.5327002267150672 0.30338939384554503
outer loop
vertex -48.89085006713867 -27.744699478149414 -27.425092697143555
vertex -48.89126205444336 -27.649011611938477 -27.258153915405273
vertex -49.082923889160156 -27.424638748168945 -27.363298416137695
endloop
endfacet
facet normal -0.6044700273642731 -0.6917839671128436 0.3950328199831641
outer loop
vertex -48.64165496826172 -27.900583267211914 -27.31676483154297
vertex -48.89126205444336 -27.649011611938477 -27.258153915405273
vertex -48.89085006713867 -27.744699478149414 -27.425092697143555
endloop
endfacet
facet normal -0.7900472760066671 -0.5326997368211055 0.30340779829327086
outer loop
vertex -49.082427978515625 -27.540979385375977 -27.566268920898438
vertex -48.89085006713867 -27.744699478149414 -27.425092697143555
vertex -49.082923889160156 -27.424638748168945 -27.363298416137695
endloop
endfacet
facet normal -0.6047925429553649 -0.6163693940086618 0.5042962919901138
outer loop
vertex -48.64122009277344 -28.002504348754883 -27.440814971923828
vertex -48.64165496826172 -27.900583267211914 -27.31676483154297
vertex -48.89085006713867 -27.744699478149414 -27.425092697143555
endloop
endfacet
facet normal -0.7902948628059321 -0.474787176119496 0.38731275116503383
outer loop
vertex -48.89032745361328 -27.866851806640625 -27.573766708374023
vertex -48.89085006713867 -27.744699478149414 -27.425092697143555
vertex -49.082427978515625 -27.540979385375977 -27.566268920898438
endloop
endfacet
facet normal -0.6047945587670814 -0.6163710732939636 0.5042918219564726
outer loop
vertex -48.89032745361328 -27.866851806640625 -27.573766708374023
vertex -48.64122009277344 -28.002504348754883 -27.440814971923828
vertex -48.89085006713867 -27.744699478149414 -27.425092697143555
endloop
endfacet
facet normal 0.0030652882724391877 -0.7169045933247978 0.6971645487814289
outer loop
vertex -48.03528594970703 -29.38871192932129 -28.638330459594727
vertex -45.44619369506836 -29.377641677856445 -28.638330459594727
vertex -48.04072952270508 -28.115196228027344 -27.328731536865234
endloop
endfacet
facet normal -0.6063368944346388 -0.5679216183765265 0.5566153122471075
outer loop
vertex -48.76967239379883 -29.39185333251953 -28.99831199645996
vertex -48.64122009277344 -28.002504348754883 -27.440814971923828
vertex -48.89032745361328 -27.866851806640625 -27.573766708374023
endloop
endfacet
facet normal 0.0042756878415970215 -0.9999908592038326 -1.5039217448565343e-06
outer loop
vertex -48.03528594970703 -29.38871192932129 -28.638330459594727
vertex -44.721431732177734 -29.374542236328125 -29.00888442993164
vertex -45.44619369506836 -29.377641677856445 -28.638330459594727
endloop
endfacet
facet normal -0.5561423524025171 -0.5968801142995673 0.5783077148179246
outer loop
vertex -48.76967239379883 -29.39185333251953 -28.99831199645996
vertex -48.638671875 -29.391292572021484 -28.871753692626953
vertex -48.64122009277344 -28.002504348754883 -27.440814971923828
endloop
endfacet
facet normal 0.0042760892996895105 -0.9999908574861813 2.0863728897947416e-06
outer loop
vertex -48.638671875 -29.391292572021484 -28.871753692626953
vertex -44.721431732177734 -29.374542236328125 -29.00888442993164
vertex -48.03528594970703 -29.38871192932129 -28.638330459594727
endloop
endfacet
facet normal 0.004276175092782988 -0.9999908571111988 4.537161366799629e-06
outer loop
vertex -48.76967239379883 -29.39185333251953 -28.99831199645996
vertex -44.721431732177734 -29.374542236328125 -29.00888442993164
vertex -48.638671875 -29.391292572021484 -28.871753692626953
endloop
endfacet
facet normal 0.003969292734224994 -0.9282609837576374 0.3719083095986066
outer loop
vertex -48.041263580322266 -27.99099349975586 -27.162370681762695
vertex -44.395103454589844 -27.898189544677734 -26.96965217590332
vertex -48.04159164428711 -27.913782119750977 -26.96965217590332
endloop
endfacet
facet normal 0.004744370994211819 -0.9331036871304744 0.35957613937437916
outer loop
vertex -48.041263580322266 -27.99099349975586 -27.162370681762695
vertex -43.66948699951172 -27.95993995666504 -27.139469146728516
vertex -44.395103454589844 -27.898189544677734 -26.96965217590332
endloop
endfacet
facet normal -0.14365677424630444 -0.9187266090819339 0.3678371228926703
outer loop
vertex -48.041263580322266 -27.99099349975586 -27.162370681762695
vertex -48.04159164428711 -27.913782119750977 -26.96965217590332
vertex -48.352115631103516 -27.92812728881836 -27.126754760742188
endloop
endfacet
facet normal 0.00329641259692792 -0.8511683485071968 0.5248824403269005
outer loop
vertex -43.91831588745117 -28.02234649658203 -27.239107131958008
vertex -43.66948699951172 -27.95993995666504 -27.139469146728516
vertex -48.041263580322266 -27.99099349975586 -27.162370681762695
endloop
endfacet
facet normal -0.11770918696604504 -0.8616800554935616 0.49361121266479063
outer loop
vertex -48.3518180847168 -27.998004913330078 -27.248666763305664
vertex -48.041263580322266 -27.99099349975586 -27.162370681762695
vertex -48.352115631103516 -27.92812728881836 -27.126754760742188
endloop
endfacet
facet normal 0.005041220683714141 -0.8012931693018156 0.5982506522556158
outer loop
vertex -48.04072952270508 -28.115196228027344 -27.328731536865234
vertex -43.91831588745117 -28.02234649658203 -27.239107131958008
vertex -48.041263580322266 -27.99099349975586 -27.162370681762695
endloop
endfacet
facet normal -0.3781106644350058 -0.8035760111352092 0.4596715346511517
outer loop
vertex -48.3518180847168 -27.998004913330078 -27.248666763305664
vertex -48.352115631103516 -27.92812728881836 -27.126754760742188
vertex -48.64199447631836 -27.820741653442383 -27.177473068237305
endloop
endfacet
facet normal -0.1464617308224338 -0.7928953778706148 0.5914946163372171
outer loop
vertex -48.04072952270508 -28.115196228027344 -27.328731536865234
vertex -48.041263580322266 -27.99099349975586 -27.162370681762695
vertex -48.3518180847168 -27.998004913330078 -27.248666763305664
endloop
endfacet
facet normal -0.37810521458409135 -0.8035718275291477 0.45968333089833013
outer loop
vertex -48.64165496826172 -27.900583267211914 -27.31676483154297
vertex -48.3518180847168 -27.998004913330078 -27.248666763305664
vertex -48.64199447631836 -27.820741653442383 -27.177473068237305
endloop
endfacet
facet normal -0.1268042038799181 -0.7666356460715648 0.6294366370420573
outer loop
vertex -48.04072952270508 -28.115196228027344 -27.328731536865234
vertex -48.3518180847168 -27.998004913330078 -27.248666763305664
vertex -48.351436614990234 -28.087209701538086 -27.35723876953125
endloop
endfacet
facet normal -0.37848041646603375 -0.7158277444129982 0.5868076470874394
outer loop
vertex -48.64165496826172 -27.900583267211914 -27.31676483154297
vertex -48.351436614990234 -28.087209701538086 -27.35723876953125
vertex -48.3518180847168 -27.998004913330078 -27.248666763305664
endloop
endfacet
facet normal -0.12750396056880564 -0.7074229940829514 0.6951945393067908
outer loop
vertex -48.19288635253906 -29.389385223388672 -28.653240203857422
vertex -48.04072952270508 -28.115196228027344 -27.328731536865234
vertex -48.351436614990234 -28.087209701538086 -27.35723876953125
endloop
endfacet
facet normal -0.37848103616528617 -0.7158284379353724 0.5868064013848654
outer loop
vertex -48.64122009277344 -28.002504348754883 -27.440814971923828
vertex -48.351436614990234 -28.087209701538086 -27.35723876953125
vertex -48.64165496826172 -27.900583267211914 -27.31676483154297
endloop
endfacet
facet normal -0.06275478173496331 -0.7156316365098225 0.6956530731590784
outer loop
vertex -48.19288635253906 -29.389385223388672 -28.653240203857422
vertex -48.03528594970703 -29.38871192932129 -28.638330459594727
vertex -48.04072952270508 -28.115196228027344 -27.328731536865234
endloop
endfacet
facet normal -0.19325844071600964 -0.7038470291509931 0.6835572650826977
outer loop
vertex -48.34775924682617 -29.39004898071289 -28.697710037231445
vertex -48.19288635253906 -29.389385223388672 -28.653240203857422
vertex -48.351436614990234 -28.087209701538086 -27.35723876953125
endloop
endfacet
facet normal -0.379856185149093 -0.6602376521900459 0.6479162918422054
outer loop
vertex -48.497215270996094 -29.390687942504883 -28.770971298217773
vertex -48.351436614990234 -28.087209701538086 -27.35723876953125
vertex -48.64122009277344 -28.002504348754883 -27.440814971923828
endloop
endfacet
facet normal 0.004265408499499058 -0.9999909005868312 7.094977747770662e-05
outer loop
vertex -48.34775924682617 -29.39004898071289 -28.697710037231445
vertex -48.03528594970703 -29.38871192932129 -28.638330459594727
vertex -48.19288635253906 -29.389385223388672 -28.653240203857422
endloop
endfacet
facet normal -0.3204952796475443 -0.6797132611105864 0.6597519673286728
outer loop
vertex -48.497215270996094 -29.390687942504883 -28.770971298217773
vertex -48.34775924682617 -29.39004898071289 -28.697710037231445
vertex -48.351436614990234 -28.087209701538086 -27.35723876953125
endloop
endfacet
facet normal -0.4420459206020225 -0.6440721391178567 0.6243128091680152
outer loop
vertex -48.638671875 -29.391292572021484 -28.871753692626953
vertex -48.497215270996094 -29.390687942504883 -28.770971298217773
vertex -48.64122009277344 -28.002504348754883 -27.440814971923828
endloop
endfacet
facet normal 0.004281221061485721 -0.9999908354559365 -1.226217282372944e-05
outer loop
vertex -48.497215270996094 -29.390687942504883 -28.770971298217773
vertex -48.03528594970703 -29.38871192932129 -28.638330459594727
vertex -48.34775924682617 -29.39004898071289 -28.697710037231445
endloop
endfacet
facet normal 0.004280014566109142 -0.9999908406632252 -8.060405962943814e-06
outer loop
vertex -48.638671875 -29.391292572021484 -28.871753692626953
vertex -48.03528594970703 -29.38871192932129 -28.638330459594727
vertex -48.497215270996094 -29.390687942504883 -28.770971298217773
endloop
endfacet
facet normal -0.9218386469992952 -0.3687568974258251 -0.11929735747026576
outer loop
vertex -49.08301544189453 -27.403514862060547 -26.226226806640625
vertex -49.20403289794922 -27.137422561645508 -26.11360740661621
vertex -49.08332443237305 -27.3308048248291 -26.448591232299805
endloop
endfacet
facet normal -0.7898327665768151 -0.5832737903322679 -0.18962037430889103
outer loop
vertex -48.8915901184082 -27.571834564208984 -26.50582504272461
vertex -48.891334533691406 -27.631637573242188 -26.322935104370117
vertex -49.08301544189453 -27.403514862060547 -26.226226806640625
endloop
endfacet
facet normal -0.6041837849391744 -0.7576317211795148 -0.2468929506469142
outer loop
vertex -48.642269134521484 -27.75634765625 -26.549741744995117
vertex -48.891334533691406 -27.631637573242188 -26.322935104370117
vertex -48.8915901184082 -27.571834564208984 -26.50582504272461
endloop
endfacet
facet normal -0.7898345289978936 -0.5832703352922398 -0.1896236608937651
outer loop
vertex -48.8915901184082 -27.571834564208984 -26.50582504272461
vertex -49.08301544189453 -27.403514862060547 -26.226226806640625
vertex -49.08332443237305 -27.3308048248291 -26.448591232299805
endloop
endfacet
facet normal -0.6040155803112344 -0.7968359031130905 0.014755414302157686
outer loop
vertex -48.64236068725586 -27.735538482666016 -26.86904525756836
vertex -48.642372131347656 -27.73255729675293 -26.708520889282227
vertex -48.8917121887207 -27.543323516845703 -26.69611930847168
endloop
endfacet
facet normal -0.6040532907342236 -0.7882034431868133 -0.11770706903838593
outer loop
vertex -48.642372131347656 -27.73255729675293 -26.708520889282227
vertex -48.642269134521484 -27.75634765625 -26.549741744995117
vertex -48.8915901184082 -27.571834564208984 -26.50582504272461
endloop
endfacet
facet normal -0.7897342600181462 -0.6067516173366138 -0.09040062728208703
outer loop
vertex -48.8917121887207 -27.543323516845703 -26.69611930847168
vertex -48.8915901184082 -27.571834564208984 -26.50582504272461
vertex -49.08332443237305 -27.3308048248291 -26.448591232299805
endloop
endfacet
facet normal -0.6040527957769956 -0.7882039765399588 -0.11770603757068404
outer loop
vertex -48.642372131347656 -27.73255729675293 -26.708520889282227
vertex -48.8915901184082 -27.571834564208984 -26.50582504272461
vertex -48.8917121887207 -27.543323516845703 -26.69611930847168
endloop
endfacet
facet normal 0.0 -0.0 1.0
outer loop
vertex -53.79533767700195 -22.118820190429688 -23.0
vertex -47.815773010253906 -18.835891723632812 -23.0
vertex -53.81890869140625 -21.79170036315918 -23.0
endloop
endfacet
facet normal 0.0 -0.0 1.0
outer loop
vertex -53.78483581542969 -22.295656204223633 -23.0
vertex -47.815773010253906 -18.835891723632812 -23.0
vertex -53.79533767700195 -22.118820190429688 -23.0
endloop
endfacet
facet normal 0.0 -0.0 1.0
outer loop
vertex -53.697471618652344 -22.746326446533203 -23.0
vertex -47.815773010253906 -18.835891723632812 -23.0
vertex -53.78483581542969 -22.295656204223633 -23.0
endloop
endfacet
facet normal 0.0 -0.0 1.0
outer loop
vertex -53.684932708740234 -22.82948875427246 -23.0
vertex -47.815773010253906 -18.835891723632812 -23.0
vertex -53.697471618652344 -22.746326446533203 -23.0
endloop
endfacet
facet normal -0.9236522177834013 -0.13926491777041997 0.3570320199396719
outer loop
vertex -53.78483581542969 -22.658586502075195 -23.191789627075195
vertex -53.684932708740234 -22.82948875427246 -23.0
vertex -53.697471618652344 -22.746326446533203 -23.0
endloop
endfacet
facet normal -0.7928781542825323 -0.22148031381303684 0.5677065289872963
outer loop
vertex -53.684932708740234 -23.34361457824707 -23.200576782226562
vertex -53.52601623535156 -23.407756805419922 -23.003652572631836
vertex -53.684932708740234 -22.82948875427246 -23.0
endloop
endfacet
facet normal -0.9236552325303505 -0.1392836201439312 0.35701692477935193
outer loop
vertex -53.684932708740234 -23.34361457824707 -23.200576782226562
vertex -53.684932708740234 -22.82948875427246 -23.0
vertex -53.78483581542969 -22.658586502075195 -23.191789627075195
endloop
endfacet
facet normal -0.9236546120595249 -0.1392835505949527 0.35701855715751224
outer loop
vertex -53.78483581542969 -23.2689208984375 -23.429899215698242
vertex -53.684932708740234 -23.34361457824707 -23.200576782226562
vertex -53.78483581542969 -22.658586502075195 -23.191789627075195
endloop
endfacet
facet normal -0.9920244766104771 -0.04581121484470291 0.11742559516630616
outer loop
vertex -53.81890869140625 -22.859182357788086 -23.557899475097656
vertex -53.78483581542969 -23.2689208984375 -23.429899215698242
vertex -53.78483581542969 -22.658586502075195 -23.191789627075195
endloop
endfacet
facet normal -0.9906988811245347 -0.04194586181159197 0.12944601815227005
outer loop
vertex -53.81890869140625 -23.542314529418945 -23.77926254272461
vertex -53.78483581542969 -23.2689208984375 -23.429899215698242
vertex -53.81890869140625 -22.859182357788086 -23.557899475097656
endloop
endfacet
facet normal 6.209906886565427e-05 0.3643203347024912 -0.9312736922441062
outer loop
vertex -53.81890869140625 -21.770872116088867 -25.26942253112793
vertex -25.818906784057617 -21.739877700805664 -25.255430221557617
vertex -25.818906784057617 -22.53327178955078 -25.565811157226562
endloop
endfacet
facet normal -0.9999999999999999 0.0 0.0
outer loop
vertex -53.81890869140625 -23.542314529418945 -23.77926254272461
vertex -53.81890869140625 -22.859182357788086 -23.557899475097656
vertex -53.81890869140625 -22.570968627929688 -25.578184127807617
endloop
endfacet
facet normal -7.24510673801773e-05 0.3600273024575849 -0.9329417646541276
outer loop
vertex -53.81890869140625 -22.570968627929688 -25.578184127807617
vertex -53.81890869140625 -21.770872116088867 -25.26942253112793
vertex -25.818906784057617 -22.53327178955078 -25.565811157226562
endloop
endfacet
facet normal -0.9999999999999999 0.0 -0.0
outer loop
vertex -53.81890869140625 -22.859182357788086 -23.557899475097656
vertex -53.81890869140625 -21.770872116088867 -25.26942253112793
vertex -53.81890869140625 -22.570968627929688 -25.578184127807617
endloop
endfacet
facet normal -0.24726165780663553 0.9689481287263483 0.0010938082200438494
outer loop
vertex -48.515785217285156 -24.319053649902344 -29.1641845703125
vertex -48.58127975463867 -24.339406967163086 -25.939651489257812
vertex -48.41917419433594 -24.298044204711914 -25.93588638305664
endloop
endfacet
facet normal -0.40733626612339285 0.913277994588298 -0.0006862225798258159
outer loop
vertex -48.75653839111328 -24.41998291015625 -29.14420509338379
vertex -48.734981536865234 -24.4079647064209 -25.9454288482666
vertex -48.58127975463867 -24.339406967163086 -25.939651489257812
endloop
endfacet
facet normal -0.6811761629239547 0.7321191029524089 0.000808799331478356
outer loop
vertex -48.96296310424805 -24.57978630065918 -29.1124210357666
vertex -48.99129104614258 -24.60962677001953 -25.95903205871582
vertex -48.87342071533203 -24.49996566772461 -25.952266693115234
endloop
endfacet
facet normal -0.5535046558283325 0.832845864946844 0.0006010135623475033
outer loop
vertex -48.75653839111328 -24.41998291015625 -29.14420509338379
vertex -48.87342071533203 -24.49996566772461 -25.952266693115234
vertex -48.734981536865234 -24.4079647064209 -25.9454288482666
endloop
endfacet
facet normal -0.3867660730836951 0.9221756143650595 -0.002034940255354583
outer loop
vertex -48.75653839111328 -24.41998291015625 -29.14420509338379
vertex -48.58127975463867 -24.339406967163086 -25.939651489257812
vertex -48.515785217285156 -24.319053649902344 -29.1641845703125
endloop
endfacet
facet normal -0.6124006385674782 0.7905432412443059 -0.0026156462093261936
outer loop
vertex -48.75653839111328 -24.41998291015625 -29.14420509338379
vertex -48.96296310424805 -24.57978630065918 -29.1124210357666
vertex -48.87342071533203 -24.49996566772461 -25.952266693115234
endloop
endfacet
facet normal -0.3869912650792891 0.9220681995862718 -0.005291130697950364
outer loop
vertex -48.70119094848633 -24.39737892150879 -29.253171920776367
vertex -48.75653839111328 -24.41998291015625 -29.14420509338379
vertex -48.515785217285156 -24.319053649902344 -29.1641845703125
endloop
endfacet
facet normal -0.5546285047648084 0.8185925581766549 -0.14930989719423496
outer loop
vertex -48.72865676879883 -24.43385887145996 -29.35114860534668
vertex -48.88376998901367 -24.51365089416504 -29.21242332458496
vertex -48.70119094848633 -24.39737892150879 -29.253171920776367
endloop
endfacet
facet normal -0.607360630517969 0.7932280425746564 0.043615788081776956
outer loop
vertex -48.88376998901367 -24.51365089416504 -29.21242332458496
vertex -48.96296310424805 -24.57978630065918 -29.1124210357666
vertex -48.75653839111328 -24.41998291015625 -29.14420509338379
endloop
endfacet
facet normal -0.5510782956709833 0.8273992376449898 -0.1082737899256051
outer loop
vertex -48.70119094848633 -24.39737892150879 -29.253171920776367
vertex -48.88376998901367 -24.51365089416504 -29.21242332458496
vertex -48.75653839111328 -24.41998291015625 -29.14420509338379
endloop
endfacet
facet normal -0.7902955295224563 -0.47478752792293955 0.3873109594959123
outer loop
vertex -48.89032745361328 -27.866851806640625 -27.573766708374023
vertex -49.082427978515625 -27.540979385375977 -27.566268920898438
vertex -49.081790924072266 -27.689496994018555 -27.74703025817871
endloop
endfacet
facet normal -0.9219708535649435 -0.3369475946916595 0.1908823292194294
outer loop
vertex -49.082427978515625 -27.540979385375977 -27.566268920898438
vertex -49.082923889160156 -27.424638748168945 -27.363298416137695
vertex -49.20392608642578 -27.162912368774414 -27.485742568969727
endloop
endfacet
facet normal -0.9218551325092241 -0.3640828735525478 0.13276586855107125
outer loop
vertex -49.082923889160156 -27.424638748168945 -27.363298416137695
vertex -49.204341888427734 -27.065265655517578 -27.220853805541992
vertex -49.20392608642578 -27.162912368774414 -27.485742568969727
endloop
endfacet
facet normal -0.9912083805256793 -0.13017468535752993 0.02367483194720236
outer loop
vertex -49.204341888427734 -27.065265655517578 -27.220853805541992
vertex -49.204566955566406 -27.013092041015625 -26.943403244018555
vertex -49.246681213378906 -26.726165771484375 -27.128978729248047
endloop
endfacet
facet normal -0.9221299787139045 -0.30051180637844 0.24365745747721523
outer loop
vertex -49.081790924072266 -27.689496994018555 -27.74703025817871
vertex -49.082427978515625 -27.540979385375977 -27.566268920898438
vertex -49.20332336425781 -27.303306579589844 -27.730670928955078
endloop
endfacet
facet normal -0.9219738902085667 -0.336946033452739 0.19087041759829496
outer loop
vertex -49.082427978515625 -27.540979385375977 -27.566268920898438
vertex -49.20392608642578 -27.162912368774414 -27.485742568969727
vertex -49.20332336425781 -27.303306579589844 -27.730670928955078
endloop
endfacet
facet normal -0.9912036373173754 -0.12467440638628545 0.044403172871230114
outer loop
vertex -49.20392608642578 -27.162912368774414 -27.485742568969727
vertex -49.204341888427734 -27.065265655517578 -27.220853805541992
vertex -49.246219635009766 -26.834407806396484 -27.507484436035156
endloop
endfacet
facet normal -0.9903326112792532 -0.13368145012194774 0.03702146580173425
outer loop
vertex -49.204341888427734 -27.065265655517578 -27.220853805541992
vertex -49.246681213378906 -26.726165771484375 -27.128978729248047
vertex -49.246219635009766 -26.834407806396484 -27.507484436035156
endloop
endfacet
facet normal -0.9999951809910257 -0.002917767577352984 0.0010604843657732936
outer loop
vertex -49.252830505371094 -25.28813934326172 -28.97100067138672
vertex -49.246681213378906 -26.726165771484375 -27.128978729248047
vertex -49.24988555908203 -25.207077026367188 -25.97100067138672
endloop
endfacet
facet normal -0.9221292234331209 -0.3005116955668771 0.24366045251158402
outer loop
vertex -49.20255661010742 -27.482524871826172 -27.948802947998047
vertex -49.081790924072266 -27.689496994018555 -27.74703025817871
vertex -49.20332336425781 -27.303306579589844 -27.730670928955078
endloop
endfacet
facet normal -0.9911170038251863 -0.11641935219428907 0.06429322797346279
outer loop
vertex -49.20332336425781 -27.303306579589844 -27.730670928955078
vertex -49.20392608642578 -27.162912368774414 -27.485742568969727
vertex -49.24544906616211 -27.014694213867188 -27.85745620727539
endloop
endfacet
facet normal -0.990448396940973 -0.12345128130945189 0.06141460852363591
outer loop
vertex -49.24544906616211 -27.014694213867188 -27.85745620727539
vertex -49.20392608642578 -27.162912368774414 -27.485742568969727
vertex -49.246219635009766 -26.834407806396484 -27.507484436035156
endloop
endfacet
facet normal -0.9999908707894717 -0.004272976892793848 2.4875680789673097e-06
outer loop
vertex -49.252830505371094 -25.28813934326172 -28.97100067138672
vertex -49.246219635009766 -26.834407806396484 -27.507484436035156
vertex -49.246681213378906 -26.726165771484375 -27.128978729248047
endloop
endfacet
facet normal -0.9909425166881276 -0.10544562203692728 0.0831513644689337
outer loop
vertex -49.20255661010742 -27.482524871826172 -27.948802947998047
vertex -49.20332336425781 -27.303306579589844 -27.730670928955078
vertex -49.24440002441406 -27.260042190551758 -28.16533088684082
endloop
endfacet
facet normal -0.9906705003082575 -0.10820174640063525 0.08285132403793558
outer loop
vertex -49.24440002441406 -27.260042190551758 -28.16533088684082
vertex -49.20332336425781 -27.303306579589844 -27.730670928955078
vertex -49.24544906616211 -27.014694213867188 -27.85745620727539
endloop
endfacet
facet normal -0.9999908624572009 -0.004274927124684743 4.2702574987783934e-07
outer loop
vertex -49.252830505371094 -25.28813934326172 -28.97100067138672
vertex -49.24544906616211 -27.014694213867188 -27.85745620727539
vertex -49.246219635009766 -26.834407806396484 -27.507484436035156
endloop
endfacet
facet normal -0.9910345173191226 -0.09782209621039642 0.09100232400910142
outer loop
vertex -49.24104690551758 -28.043514251708984 -28.97100067138672
vertex -49.20255661010742 -27.482524871826172 -27.948802947998047
vertex -49.24440002441406 -27.260042190551758 -28.16533088684082
endloop
endfacet
facet normal -0.9999908605707664 -0.004275368390163497 -2.571705357028811e-07
outer loop
vertex -49.252830505371094 -25.28813934326172 -28.97100067138672
vertex -49.24440002441406 -27.260042190551758 -28.16533088684082
vertex -49.24544906616211 -27.014694213867188 -27.85745620727539
endloop
endfacet
facet normal -0.9999908555233331 -0.004276547653292689 -3.1435079894036473e-06
outer loop
vertex -49.24104690551758 -28.043514251708984 -28.97100067138672
vertex -49.24440002441406 -27.260042190551758 -28.16533088684082
vertex -49.252830505371094 -25.28813934326172 -28.97100067138672
endloop
endfacet
facet normal -0.9196047332220255 0.058155202914721295 -0.3885165466355259
outer loop
vertex -49.13152313232422 -25.126983642578125 -29.444725036621094
vertex -49.199134826660156 -25.179738998413086 -29.292587280273438
vertex -49.14778518676758 -25.070404052734375 -29.397764205932617
endloop
endfacet
facet normal -0.9191708815272476 0.05222007465296749 -0.3903818058717146
outer loop
vertex -49.13152313232422 -25.126983642578125 -29.444725036621094
vertex -49.14186477661133 -25.19594383239746 -29.42959976196289
vertex -49.199134826660156 -25.179738998413086 -29.292587280273438
endloop
endfacet
facet normal -0.7914820001932721 -0.43672931409771054 0.42757893958636534
outer loop
vertex -48.991458892822266 -29.39280128479004 -29.3195743560791
vertex -48.89032745361328 -27.866851806640625 -27.573766708374023
vertex -49.081790924072266 -27.689496994018555 -27.74703025817871
endloop
endfacet
facet normal -0.8283187363701382 0.0013364030125300888 -0.560255553301496
outer loop
vertex -49.008731842041016 -25.15602684020996 -29.6263370513916
vertex -49.14186477661133 -25.19594383239746 -29.42959976196289
vertex -49.13152313232422 -25.126983642578125 -29.444725036621094
endloop
endfacet
facet normal -0.9227032648218071 -0.2749620868005665 0.27021202029046726
outer loop
vertex -49.15175247192383 -29.053945541381836 -29.374364852905273
vertex -49.081790924072266 -27.689496994018555 -27.74703025817871
vertex -49.20255661010742 -27.482524871826172 -27.948802947998047
endloop
endfacet
facet normal -0.8330588793577615 -0.3984518933835954 0.38373036390442
outer loop
vertex -49.07840347290039 -29.393173217773438 -29.508712768554688
vertex -48.991458892822266 -29.39280128479004 -29.3195743560791
vertex -49.081790924072266 -27.689496994018555 -27.74703025817871
endloop
endfacet
facet normal -0.9512169845937231 -0.22359960950678534 0.21257813351527402
outer loop
vertex -49.15175247192383 -29.053945541381836 -29.374364852905273
vertex -49.20255661010742 -27.482524871826172 -27.948802947998047
vertex -49.20187759399414 -28.7108097076416 -29.23773193359375
endloop
endfacet
facet normal -0.8280083308015616 -0.0019505352992387405 -0.5607124035860613
outer loop
vertex -49.07840347290039 -29.393173217773438 -29.508712768554688
vertex -49.14186477661133 -25.19594383239746 -29.42959976196289
vertex -49.008731842041016 -25.15602684020996 -29.6263370513916
endloop
endfacet
facet normal -0.8999516024440575 -0.3142713794076322 0.30219300677480504
outer loop
vertex -49.07840347290039 -29.393173217773438 -29.508712768554688
vertex -49.081790924072266 -27.689496994018555 -27.74703025817871
vertex -49.15175247192383 -29.053945541381836 -29.374364852905273
endloop
endfacet
facet normal -0.9407826005596899 -0.0024423407533600127 -0.3390016717595823
outer loop
vertex -49.15175247192383 -29.053945541381836 -29.374364852905273
vertex -49.20187759399414 -28.7108097076416 -29.23773193359375
vertex -49.14186477661133 -25.19594383239746 -29.42959976196289
endloop
endfacet
facet normal -0.8824074332535573 -0.00447410460120163 -0.4704647745866702
outer loop
vertex -49.07840347290039 -29.393173217773438 -29.508712768554688
vertex -49.15175247192383 -29.053945541381836 -29.374364852905273
vertex -49.14186477661133 -25.19594383239746 -29.42959976196289
endloop
endfacet
facet normal -0.9201197733783363 -0.13087118649691987 -0.3691237396633919
outer loop
vertex -49.14186477661133 -25.19594383239746 -29.42959976196289
vertex -49.224796295166016 -25.240825653076172 -29.20696258544922
vertex -49.199134826660156 -25.179738998413086 -29.292587280273438
endloop
endfacet
facet normal -0.9368900322588839 -0.0030879145203261903 -0.3496105436594595
outer loop
vertex -49.20187759399414 -28.7108097076416 -29.23773193359375
vertex -49.224796295166016 -25.240825653076172 -29.20696258544922
vertex -49.14186477661133 -25.19594383239746 -29.42959976196289
endloop
endfacet
facet normal -0.9916379595541983 -0.09368465850335914 0.08875439105923524
outer loop
vertex -49.20187759399414 -28.7108097076416 -29.23773193359375
vertex -49.20255661010742 -27.482524871826172 -27.948802947998047
vertex -49.24104690551758 -28.043514251708984 -28.97100067138672
endloop
endfacet
facet normal -0.9929070976107504 -0.004246253347989572 -0.11881693838296234
outer loop
vertex -49.24104690551758 -28.043514251708984 -28.97100067138672
vertex -49.252830505371094 -25.28813934326172 -28.97100067138672
vertex -49.224796295166016 -25.240825653076172 -29.20696258544922
endloop
endfacet
facet normal -0.9912201965183637 -0.005375377412586753 -0.1321121770760317
outer loop
vertex -49.20187759399414 -28.7108097076416 -29.23773193359375
vertex -49.24104690551758 -28.043514251708984 -28.97100067138672
vertex -49.224796295166016 -25.240825653076172 -29.20696258544922
endloop
endfacet
facet normal -0.7921299819883775 0.6103509608660904 -0.001340225702142764
outer loop
vertex -48.96296310424805 -24.57978630065918 -29.1124210357666
vertex -49.09149169921875 -24.739683151245117 -25.965072631835938
vertex -48.99129104614258 -24.60962677001953 -25.95903205871582
endloop
endfacet
facet normal -0.7961182295160429 0.6051385288879354 -0.0017679048579189646
outer loop
vertex -49.120994567871094 -24.78757095336914 -29.070999145507812
vertex -49.09149169921875 -24.739683151245117 -25.965072631835938
vertex -48.96296310424805 -24.57978630065918 -29.1124210357666
endloop
endfacet
facet normal -0.7851400414644627 0.6137135964440407 0.08313084162272623
outer loop
vertex -49.0311393737793 -24.6600284576416 -29.16393280029297
vertex -49.120994567871094 -24.78757095336914 -29.070999145507812
vertex -48.96296310424805 -24.57978630065918 -29.1124210357666
endloop
endfacet
facet normal -0.7189173536777901 0.6853341022887466 -0.11608189704256813
outer loop
vertex -49.0311393737793 -24.6600284576416 -29.16393280029297
vertex -48.96296310424805 -24.57978630065918 -29.1124210357666
vertex -48.88376998901367 -24.51365089416504 -29.21242332458496
endloop
endfacet
facet normal -0.8346669920009915 0.5480089802739493 -0.05492877208825213
outer loop
vertex -49.0311393737793 -24.6600284576416 -29.16393280029297
vertex -49.12828063964844 -24.803417205810547 -29.118377685546875
vertex -49.120994567871094 -24.78757095336914 -29.070999145507812
endloop
endfacet
facet normal -0.912208367650412 0.4097137175362786 0.003250177098758918
outer loop
vertex -49.197784423828125 -24.95854377746582 -29.070518493652344
vertex -49.120994567871094 -24.78757095336914 -29.070999145507812
vertex -49.12828063964844 -24.803417205810547 -29.118377685546875
endloop
endfacet
facet normal -0.7178571217857616 0.6884700159502927 -0.10339337425031724
outer loop
vertex -49.0311393737793 -24.6600284576416 -29.16393280029297
vertex -48.88376998901367 -24.51365089416504 -29.21242332458496
vertex -48.91172409057617 -24.554697036743164 -29.291654586791992
endloop
endfacet
facet normal -0.8358715859918576 0.5447127805717138 -0.06787251589036951
outer loop
vertex -49.05267333984375 -24.700519561767578 -29.223697662353516
vertex -49.12828063964844 -24.803417205810547 -29.118377685546875
vertex -49.0311393737793 -24.6600284576416 -29.16393280029297
endloop
endfacet
facet normal -0.9158511341019101 0.40015869856518327 -0.0330108486238118
outer loop
vertex -49.197784423828125 -24.95854377746582 -29.070518493652344
vertex -49.12828063964844 -24.803417205810547 -29.118377685546875
vertex -49.14211654663086 -24.838685989379883 -29.162044525146484
endloop
endfacet
facet normal -0.5843193926085496 0.7862023793542513 -0.20113842526799675
outer loop
vertex -48.72865676879883 -24.43385887145996 -29.35114860534668
vertex -48.91172409057617 -24.554697036743164 -29.291654586791992
vertex -48.88376998901367 -24.51365089416504 -29.21242332458496
endloop
endfacet
facet normal -0.746685464415057 0.6438308701485413 -0.16716048538767442
outer loop
vertex -49.05267333984375 -24.700519561767578 -29.223697662353516
vertex -49.0311393737793 -24.6600284576416 -29.16393280029297
vertex -48.91172409057617 -24.554697036743164 -29.291654586791992
endloop
endfacet
facet normal -0.8577819104071583 0.4973306434240467 -0.1298939001249463
outer loop
vertex -49.05267333984375 -24.700519561767578 -29.223697662353516
vertex -49.14211654663086 -24.838685989379883 -29.162044525146484
vertex -49.12828063964844 -24.803417205810547 -29.118377685546875
endloop
endfacet
facet normal -0.9294311247289064 0.3551140633485604 -0.10025859762252179
outer loop
vertex -49.20460510253906 -24.984451293945312 -29.09905242919922
vertex -49.197784423828125 -24.95854377746582 -29.070518493652344
vertex -49.14211654663086 -24.838685989379883 -29.162044525146484
endloop
endfacet
facet normal -0.5905665773130875 0.756905623287493 -0.27986603080130473
outer loop
vertex -48.75259780883789 -24.495113372802734 -29.466293334960938
vertex -48.91172409057617 -24.554697036743164 -29.291654586791992
vertex -48.72865676879883 -24.43385887145996 -29.35114860534668
endloop
endfacet
facet normal -0.7501814944957901 0.6263569637530041 -0.21190724214660722
outer loop
vertex -48.93596649169922 -24.61558723449707 -29.385812759399414
vertex -49.05267333984375 -24.700519561767578 -29.223697662353516
vertex -48.91172409057617 -24.554697036743164 -29.291654586791992
endloop
endfacet
facet normal -0.8593029864993353 0.4881445082711512 -0.1526869884372575
outer loop
vertex -49.07123565673828 -24.755664825439453 -29.2955322265625
vertex -49.14211654663086 -24.838685989379883 -29.162044525146484
vertex -49.05267333984375 -24.700519561767578 -29.223697662353516
endloop
endfacet
facet normal -0.9293604066137955 0.35569553969731305 -0.09884289381679322
outer loop
vertex -49.15398025512695 -24.884397506713867 -29.214994430541992
vertex -49.20460510253906 -24.984451293945312 -29.09905242919922
vertex -49.14211654663086 -24.838685989379883 -29.162044525146484
endloop
endfacet
facet normal -0.6134742733462202 0.7257385397190357 -0.31137258695782594
outer loop
vertex -48.93596649169922 -24.61558723449707 -29.385812759399414
vertex -48.91172409057617 -24.554697036743164 -29.291654586791992
vertex -48.75259780883789 -24.495113372802734 -29.466293334960938
endloop
endfacet
facet normal -0.7719511949301753 0.5847167364603073 -0.2493946485975238
outer loop
vertex -48.93596649169922 -24.61558723449707 -29.385812759399414
vertex -49.07123565673828 -24.755664825439453 -29.2955322265625
vertex -49.05267333984375 -24.700519561767578 -29.223697662353516
endloop
endfacet
facet normal -0.8755153566085293 0.4450844233744206 -0.1880763579296968
outer loop
vertex -49.15398025512695 -24.884397506713867 -29.214994430541992
vertex -49.14211654663086 -24.838685989379883 -29.162044525146484
vertex -49.07123565673828 -24.755664825439453 -29.2955322265625
endloop
endfacet
facet normal -0.9389568356482038 0.31512538556878955 -0.13804366033843798
outer loop
vertex -49.15398025512695 -24.884397506713867 -29.214994430541992
vertex -49.210418701171875 -25.01702880859375 -29.13387680053711
vertex -49.20460510253906 -24.984451293945312 -29.09905242919922
endloop
endfacet
facet normal -0.9764911879758067 0.21255885176695166 -0.03582868042662262
outer loop
vertex -49.210418701171875 -25.01702880859375 -29.13387680053711
vertex -49.242801666259766 -25.15207290649414 -29.052465438842773
vertex -49.20460510253906 -24.984451293945312 -29.09905242919922
endloop
endfacet
facet normal -0.6197749706669133 0.665673095276197 -0.41564205268504056
outer loop
vertex -48.7650260925293 -24.573163986206055 -29.572763442993164
vertex -48.93596649169922 -24.61558723449707 -29.385812759399414
vertex -48.75259780883789 -24.495113372802734 -29.466293334960938
endloop
endfacet
facet normal -0.7762596953627954 0.5406196537018918 -0.324270373895777
outer loop
vertex -48.94855499267578 -24.686986923217773 -29.474714279174805
vertex -49.07123565673828 -24.755664825439453 -29.2955322265625
vertex -48.93596649169922 -24.61558723449707 -29.385812759399414
endloop
endfacet
facet normal -0.8779812526088623 0.4141812108690375 -0.24000592624023015
outer loop
vertex -49.15398025512695 -24.884397506713867 -29.214994430541992
vertex -49.07123565673828 -24.755664825439453 -29.2955322265625
vertex -49.080841064453125 -24.816152572631836 -29.364778518676758
endloop
endfacet
facet normal -0.9398858286617934 0.29847090179568947 -0.16592091448036891
outer loop
vertex -49.16008758544922 -24.93244743347168 -29.266834259033203
vertex -49.210418701171875 -25.01702880859375 -29.13387680053711
vertex -49.15398025512695 -24.884397506713867 -29.214994430541992
endloop
endfacet
facet normal -0.9784762358987328 0.14784357258375963 -0.14396712759209368
outer loop
vertex -49.210777282714844 -25.118661880493164 -29.235809326171875
vertex -49.242801666259766 -25.15207290649414 -29.052465438842773
vertex -49.210418701171875 -25.01702880859375 -29.13387680053711
endloop
endfacet
facet normal -0.6304798780920869 0.6463370924425463 -0.4298179687424696
outer loop
vertex -48.7650260925293 -24.573163986206055 -29.572763442993164
vertex -48.94855499267578 -24.686986923217773 -29.474714279174805
vertex -48.93596649169922 -24.61558723449707 -29.385812759399414
endloop
endfacet
facet normal -0.7863566726756835 0.5151756701029386 -0.3409357890753271
outer loop
vertex -48.94855499267578 -24.686986923217773 -29.474714279174805
vertex -49.080841064453125 -24.816152572631836 -29.364778518676758
vertex -49.07123565673828 -24.755664825439453 -29.2955322265625
endloop
endfacet
facet normal -0.8854538411683315 0.3881924506661697 -0.2554958246352386
outer loop
vertex -49.16008758544922 -24.93244743347168 -29.266834259033203
vertex -49.15398025512695 -24.884397506713867 -29.214994430541992
vertex -49.080841064453125 -24.816152572631836 -29.364778518676758
endloop
endfacet
facet normal -0.9502275814686415 0.2222926497917678 -0.2182968649907983
outer loop
vertex -49.210777282714844 -25.118661880493164 -29.235809326171875
vertex -49.210418701171875 -25.01702880859375 -29.13387680053711
vertex -49.16008758544922 -24.93244743347168 -29.266834259033203
endloop
endfacet
facet normal -0.6327952850249126 0.5568048446356421 -0.5380878109012674
outer loop
vertex -48.76571273803711 -24.665742874145508 -29.667755126953125
vertex -48.94855499267578 -24.686986923217773 -29.474714279174805
vertex -48.7650260925293 -24.573163986206055 -29.572763442993164
endloop
endfacet
facet normal -0.7879466523133221 0.4429421464516402 -0.42771757972410024
outer loop
vertex -48.949302673339844 -24.767372131347656 -29.556583404541016
vertex -49.080841064453125 -24.816152572631836 -29.364778518676758
vertex -48.94855499267578 -24.686986923217773 -29.474714279174805
endloop
endfacet
facet normal -0.886337704233568 0.3330287052890011 -0.3217100488133689
outer loop
vertex -49.08140182495117 -24.881153106689453 -29.43052101135254
vertex -49.16008758544922 -24.93244743347168 -29.266834259033203
vertex -49.080841064453125 -24.816152572631836 -29.364778518676758
endloop
endfacet
facet normal -0.9507375399054692 0.22290930992813704 -0.2154288043922126
outer loop
vertex -49.16040802001953 -24.98245620727539 -29.31716537475586
vertex -49.210777282714844 -25.118661880493164 -29.235809326171875
vertex -49.16008758544922 -24.93244743347168 -29.266834259033203
endloop
endfacet
facet normal -0.8868925847923109 0.33052470907493436 -0.32276145948880536
outer loop
vertex -49.08140182495117 -24.881153106689453 -29.43052101135254
vertex -49.16040802001953 -24.98245620727539 -29.31716537475586
vertex -49.16008758544922 -24.93244743347168 -29.266834259033203
endloop
endfacet
facet normal -0.6336152676707705 0.554916946940655 -0.5390722350228773
outer loop
vertex -48.76571273803711 -24.665742874145508 -29.667755126953125
vertex -48.949302673339844 -24.767372131347656 -29.556583404541016
vertex -48.94855499267578 -24.686986923217773 -29.474714279174805
endloop
endfacet
facet normal -0.7886867303602705 0.44053607698277986 -0.42883703924713457
outer loop
vertex -49.08140182495117 -24.881153106689453 -29.43052101135254
vertex -49.080841064453125 -24.816152572631836 -29.364778518676758
vertex -48.949302673339844 -24.767372131347656 -29.556583404541016
endloop
endfacet
facet normal -0.9406961354243493 0.17387537396258615 -0.2913041968922956
outer loop
vertex -49.154945373535156 -25.03402328491211 -29.365585327148438
vertex -49.210777282714844 -25.118661880493164 -29.235809326171875
vertex -49.16040802001953 -24.98245620727539 -29.31716537475586
endloop
endfacet
facet normal -0.8843811963831312 0.24552658317490242 -0.3969717829246797
outer loop
vertex -49.072914123535156 -24.94978141784668 -29.49187660217285
vertex -49.16040802001953 -24.98245620727539 -29.31716537475586
vertex -49.08140182495117 -24.881153106689453 -29.43052101135254
endloop
endfacet
facet normal -0.6300136924111874 0.43263408416753957 -0.6449112315589923
outer loop
vertex -48.75466537475586 -24.770238876342773 -29.748647689819336
vertex -48.949302673339844 -24.767372131347656 -29.556583404541016
vertex -48.76571273803711 -24.665742874145508 -29.667755126953125
endloop
endfacet
facet normal -0.7853452627529907 0.3350225725059388 -0.5205695863022916
outer loop
vertex -48.9382209777832 -24.855052947998047 -29.629730224609375
vertex -49.08140182495117 -24.881153106689453 -29.43052101135254
vertex -48.949302673339844 -24.767372131347656 -29.556583404541016
endloop
endfacet
facet normal -0.9369743574417058 0.1091643078199685 -0.33190692580133024
outer loop
vertex -49.14778518676758 -25.070404052734375 -29.397764205932617
vertex -49.210777282714844 -25.118661880493164 -29.235809326171875
vertex -49.154945373535156 -25.03402328491211 -29.365585327148438
endloop
endfacet
facet normal -0.8797250260621648 0.27260780069404467 -0.3895752373042713
outer loop
vertex -49.072914123535156 -24.94978141784668 -29.49187660217285
vertex -49.154945373535156 -25.03402328491211 -29.365585327148438
vertex -49.16040802001953 -24.98245620727539 -29.31716537475586
endloop
endfacet
facet normal -0.7788359901032309 0.3617647107982024 -0.5123873481469006
outer loop
vertex -48.9382209777832 -24.855052947998047 -29.629730224609375
vertex -49.072914123535156 -24.94978141784668 -29.49187660217285
vertex -49.08140182495117 -24.881153106689453 -29.43052101135254
endloop
endfacet
facet normal -0.6226645879060703 0.45335901260219047 -0.6377730134304292
outer loop
vertex -48.9382209777832 -24.855052947998047 -29.629730224609375
vertex -48.949302673339844 -24.767372131347656 -29.556583404541016
vertex -48.75466537475586 -24.770238876342773 -29.748647689819336
endloop
endfacet
facet normal -0.4547915568950759 0.39221508203254946 -0.7995823717436207
outer loop
vertex -48.740211486816406 -24.848094940185547 -29.795059204101562
vertex -48.75466537475586 -24.770238876342773 -29.748647689819336
vertex -48.631439208984375 -24.81895637512207 -29.842634201049805
endloop
endfacet
facet normal -0.8694847340063155 0.22003962347208678 -0.4422429891272771
outer loop
vertex -49.061771392822266 -24.998912811279297 -29.53130340576172
vertex -49.14778518676758 -25.070404052734375 -29.397764205932617
vertex -49.154945373535156 -25.03402328491211 -29.365585327148438
endloop
endfacet
facet normal -0.874084695953449 0.16763704130744553 -0.45593175660580226
outer loop
vertex -49.061771392822266 -24.998912811279297 -29.53130340576172
vertex -49.154945373535156 -25.03402328491211 -29.365585327148438
vertex -49.072914123535156 -24.94978141784668 -29.49187660217285
endloop
endfacet
facet normal -0.7712464659602034 0.23677442257764908 -0.5908610340485466
outer loop
vertex -48.92367172241211 -24.919076919555664 -29.67437744140625
vertex -49.072914123535156 -24.94978141784668 -29.49187660217285
vertex -48.9382209777832 -24.855052947998047 -29.629730224609375
endloop
endfacet
facet normal -0.6144644247436991 0.3166798901132852 -0.7225976182649875
outer loop
vertex -48.740211486816406 -24.848094940185547 -29.795059204101562
vertex -48.9382209777832 -24.855052947998047 -29.629730224609375
vertex -48.75466537475586 -24.770238876342773 -29.748647689819336
endloop
endfacet
facet normal -0.44202502484899997 0.23798345063434023 -0.8648570717936076
outer loop
vertex -48.60334014892578 -24.954692840576172 -29.894346237182617
vertex -48.740211486816406 -24.848094940185547 -29.795059204101562
vertex -48.631439208984375 -24.81895637512207 -29.842634201049805
endloop
endfacet
facet normal -0.8456283852940981 0.17538173418571196 -0.504136768445735
outer loop
vertex -49.03652572631836 -25.076101303100586 -29.58637046813965
vertex -49.13152313232422 -25.126983642578125 -29.444725036621094
vertex -49.14778518676758 -25.070404052734375 -29.397764205932617
endloop
endfacet
facet normal -0.8573051029311685 0.08216699625159256 -0.5082091549895275
outer loop
vertex -49.03652572631836 -25.076101303100586 -29.58637046813965
vertex -49.14778518676758 -25.070404052734375 -29.397764205932617
vertex -49.061771392822266 -24.998912811279297 -29.53130340576172
endloop
endfacet
facet normal -0.764309804035716 0.28918315250383947 -0.5763710851203645
outer loop
vertex -48.92367172241211 -24.919076919555664 -29.67437744140625
vertex -49.061771392822266 -24.998912811279297 -29.53130340576172
vertex -49.072914123535156 -24.94978141784668 -29.49187660217285
endloop
endfacet
facet normal -0.6058583926597055 0.35782965991203386 -0.7105586130158695
outer loop
vertex -48.740211486816406 -24.848094940185547 -29.795059204101562
vertex -48.92367172241211 -24.919076919555664 -29.67437744140625
vertex -48.9382209777832 -24.855052947998047 -29.629730224609375
endloop
endfacet
facet normal -0.4193996843465754 0.2690459447941237 -0.867016830493982
outer loop
vertex -48.70780944824219 -24.973690032958984 -29.849706649780273
vertex -48.740211486816406 -24.848094940185547 -29.795059204101562
vertex -48.60334014892578 -24.954692840576172 -29.894346237182617
endloop
endfacet
facet normal -0.8290323564680897 -0.008700547137454872 -0.5591329469888849
outer loop
vertex -49.008731842041016 -25.15602684020996 -29.6263370513916
vertex -49.13152313232422 -25.126983642578125 -29.444725036621094
vertex -49.03652572631836 -25.076101303100586 -29.58637046813965
endloop
endfacet
facet normal -0.7308580942059794 0.22152495872112327 -0.6455796920576177
outer loop
vertex -48.890869140625 -25.021007537841797 -29.732362747192383
vertex -49.03652572631836 -25.076101303100586 -29.58637046813965
vertex -49.061771392822266 -24.998912811279297 -29.53130340576172
endloop
endfacet
facet normal -0.7485092922327038 0.12913042998562776 -0.6504299896937592
outer loop
vertex -48.890869140625 -25.021007537841797 -29.732362747192383
vertex -49.061771392822266 -24.998912811279297 -29.53130340576172
vertex -48.92367172241211 -24.919076919555664 -29.67437744140625
endloop
endfacet
facet normal -0.5897245280779303 0.18944827255881663 -0.7850696357698104
outer loop
vertex -48.70780944824219 -24.973690032958984 -29.849706649780273
vertex -48.92367172241211 -24.919076919555664 -29.67437744140625
vertex -48.740211486816406 -24.848094940185547 -29.795059204101562
endloop
endfacet
facet normal -0.7220399760193539 0.0918115232289414 -0.6857323947666119
outer loop
vertex -48.890869140625 -25.021007537841797 -29.732362747192383
vertex -49.008731842041016 -25.15602684020996 -29.6263370513916
vertex -49.03652572631836 -25.076101303100586 -29.58637046813965
endloop
endfacet
facet normal -0.5678761222461995 0.2612789081769363 -0.7805447084725434
outer loop
vertex -48.70780944824219 -24.973690032958984 -29.849706649780273
vertex -48.890869140625 -25.021007537841797 -29.732362747192383
vertex -48.92367172241211 -24.919076919555664 -29.67437744140625
endloop
endfacet
facet normal -0.4809498413249662 0.02937608600343079 -0.8762558391820329
outer loop
vertex -48.62431716918945 -25.099699020385742 -29.899757385253906
vertex -48.83290481567383 -25.123329162597656 -29.786062240600586
vertex -48.70780944824219 -24.973690032958984 -29.849706649780273
endloop
endfacet
facet normal -0.6730809594928024 0.0068225749875345945 -0.7395373380964534
outer loop
vertex -48.83290481567383 -25.123329162597656 -29.786062240600586
vertex -49.008731842041016 -25.15602684020996 -29.6263370513916
vertex -48.890869140625 -25.021007537841797 -29.732362747192383
endloop
endfacet
facet normal -0.5570914004178995 0.11597157817303103 -0.8223136656024148
outer loop
vertex -48.70780944824219 -24.973690032958984 -29.849706649780273
vertex -48.83290481567383 -25.123329162597656 -29.786062240600586
vertex -48.890869140625 -25.021007537841797 -29.732362747192383
endloop
endfacet
facet normal -0.1784418170794578 0.9823739983175299 -0.05567625478613932
outer loop
vertex -48.48855209350586 -24.32075309753418 -29.281452178955078
vertex -48.515785217285156 -24.319053649902344 -29.1641845703125
vertex -48.37409591674805 -24.300397872924805 -29.289127349853516
endloop
endfacet
facet normal -0.2936909478294778 0.9523763225537925 -0.08200589858014887
outer loop
vertex -48.59808349609375 -24.353477478027344 -29.269227981567383
vertex -48.515785217285156 -24.319053649902344 -29.1641845703125
vertex -48.48855209350586 -24.32075309753418 -29.281452178955078
endloop
endfacet
facet normal -0.39111088210554334 0.9203309370230243 0.004821229816760327
outer loop
vertex -48.59808349609375 -24.353477478027344 -29.269227981567383
vertex -48.70119094848633 -24.39737892150879 -29.253171920776367
vertex -48.515785217285156 -24.319053649902344 -29.1641845703125
endloop
endfacet
facet normal -0.13489461869179586 0.9908471981671507 -0.005027099790337465
outer loop
vertex -48.515785217285156 -24.319053649902344 -29.1641845703125
vertex -48.25711441040039 -24.283872604370117 -29.17099952697754
vertex -48.37409591674805 -24.300397872924805 -29.289127349853516
endloop
endfacet
facet normal -0.18500814603869464 0.9584981776199819 -0.21691756360078093
outer loop
vertex -48.38335037231445 -24.328563690185547 -29.405691146850586
vertex -48.48855209350586 -24.32075309753418 -29.281452178955078
vertex -48.37409591674805 -24.300397872924805 -29.289127349853516
endloop
endfacet
facet normal -0.021685556412753628 0.9928458806155569 -0.11741717927027884
outer loop
vertex -48.257022857666016 -24.305938720703125 -29.357601165771484
vertex -48.37409591674805 -24.300397872924805 -29.289127349853516
vertex -48.25711441040039 -24.283872604370117 -29.17099952697754
endloop
endfacet
facet normal -0.3010814292709534 0.9314945891225427 -0.20412692958937478
outer loop
vertex -48.506065368652344 -24.351051330566406 -29.39388084411621
vertex -48.59808349609375 -24.353477478027344 -29.269227981567383
vertex -48.48855209350586 -24.32075309753418 -29.281452178955078
endloop
endfacet
facet normal -0.4094428138150407 0.8926063319318435 -0.18870749431435388
outer loop
vertex -48.621768951416016 -24.38675880432129 -29.375261306762695
vertex -48.70119094848633 -24.39737892150879 -29.253171920776367
vertex -48.59808349609375 -24.353477478027344 -29.269227981567383
endloop
endfacet
facet normal -0.13482832366997705 0.9908660343034531 -0.0024135451295145324
outer loop
vertex -48.515785217285156 -24.319053649902344 -29.1641845703125
vertex -48.41917419433594 -24.298044204711914 -25.93588638305664
vertex -48.25711441040039 -24.283872604370117 -29.17099952697754
endloop
endfacet
facet normal -0.08712296824302916 0.969886705166904 -0.22744091000743694
outer loop
vertex -48.38335037231445 -24.328563690185547 -29.405691146850586
vertex -48.37409591674805 -24.300397872924805 -29.289127349853516
vertex -48.257022857666016 -24.305938720703125 -29.357601165771484
endloop
endfacet
facet normal -0.19661082062232257 0.9539712114021957 -0.22645775109287833
outer loop
vertex -48.506065368652344 -24.351051330566406 -29.39388084411621
vertex -48.48855209350586 -24.32075309753418 -29.281452178955078
vertex -48.38335037231445 -24.328563690185547 -29.405691146850586
endloop
endfacet
facet normal -0.004246132513577541 0.9930714582192403 -0.11743529805381664
outer loop
vertex -48.257022857666016 -24.305938720703125 -29.357601165771484
vertex -48.25711441040039 -24.283872604370117 -29.17099952697754
vertex -45.861995697021484 -24.295698165893555 -29.357601165771484
endloop
endfacet
facet normal -0.3196587179617207 0.922108537803369 -0.21802327522813242
outer loop
vertex -48.506065368652344 -24.351051330566406 -29.39388084411621
vertex -48.621768951416016 -24.38675880432129 -29.375261306762695
vertex -48.59808349609375 -24.353477478027344 -29.269227981567383
endloop
endfacet
facet normal -0.4330676121560575 0.8776518719418469 -0.20537681217319217
outer loop
vertex -48.72865676879883 -24.43385887145996 -29.35114860534668
vertex -48.70119094848633 -24.39737892150879 -29.253171920776367
vertex -48.621768951416016 -24.38675880432129 -29.375261306762695
endloop
endfacet
facet normal -0.006764433077373794 0.9962994632407406 -0.08568326552690385
outer loop
vertex -45.861995697021484 -24.295698165893555 -29.357601165771484
vertex -43.46706008911133 -24.263389587402344 -29.17099952697754
vertex -43.60752487182617 -24.27642822265625 -29.311519622802734
endloop
endfacet
facet normal -0.0028723479510142412 0.9648106289842193 -0.2629300283655771
outer loop
vertex -45.861995697021484 -24.295698165893555 -29.357601165771484
vertex -43.60752487182617 -24.27642822265625 -29.311519622802734
vertex -43.74351501464844 -24.313936233520508 -29.447668075561523
endloop
endfacet
facet normal -0.08711429913617949 0.9961983230692634 0.0
outer loop
vertex -48.25711441040039 -24.283872604370117 -29.17099952697754
vertex -48.41917419433594 -24.298044204711914 -25.93588638305664
vertex -48.25711441040039 -24.283872604370117 -25.934518814086914
endloop
endfacet
facet normal -0.0042465254057469 0.9930708646223839 -0.11744030338912377
outer loop
vertex -48.25711441040039 -24.283872604370117 -29.17099952697754
vertex -43.46706008911133 -24.263389587402344 -29.17099952697754
vertex -45.861995697021484 -24.295698165893555 -29.357601165771484
endloop
endfacet
facet normal -0.03635050199620899 0.9376582579734611 -0.34565247324270343
outer loop
vertex -48.256744384765625 -24.370920181274414 -29.533906936645508
vertex -48.38335037231445 -24.328563690185547 -29.405691146850586
vertex -48.257022857666016 -24.305938720703125 -29.357601165771484
endloop
endfacet
facet normal -0.2018562258550388 0.9055159596131318 -0.373222334499784
outer loop
vertex -48.506065368652344 -24.351051330566406 -29.39388084411621
vertex -48.38335037231445 -24.328563690185547 -29.405691146850586
vertex -48.39136505126953 -24.386215209960938 -29.541231155395508
endloop
endfacet
facet normal -0.006625381344176987 0.938273019028355 -0.34583210678804865
outer loop
vertex -45.861717224121094 -24.360679626464844 -29.533906936645508
vertex -45.861995697021484 -24.295698165893555 -29.357601165771484
vertex -43.74351501464844 -24.313936233520508 -29.447668075561523
endloop
endfacet
facet normal -0.004011889183460989 0.9382874012749167 -0.34583327970850786
outer loop
vertex -48.256744384765625 -24.370920181274414 -29.533906936645508
vertex -48.257022857666016 -24.305938720703125 -29.357601165771484
vertex -45.861995697021484 -24.295698165893555 -29.357601165771484
endloop
endfacet
facet normal -0.3273570508137378 0.8758546972605739 -0.3545643955181068
outer loop
vertex -48.52134323120117 -24.409807205200195 -29.52491569519043
vertex -48.621768951416016 -24.38675880432129 -29.375261306762695
vertex -48.506065368652344 -24.351051330566406 -29.39388084411621
endloop
endfacet
facet normal -0.4420180152989881 0.8338763574133031 -0.3305605764429034
outer loop
vertex -48.64244079589844 -24.446884155273438 -29.499292373657227
vertex -48.72865676879883 -24.43385887145996 -29.35114860534668
vertex -48.621768951416016 -24.38675880432129 -29.375261306762695
endloop
endfacet
facet normal 0.7071047143665792 0.00297673561138128 -0.7071025823497313
outer loop
vertex -43.74351501464844 -24.313936233520508 -29.447668075561523
vertex -43.60752487182617 -24.27642822265625 -29.311519622802734
vertex -43.46706008911133 -24.263389587402344 -29.17099952697754
endloop
endfacet
facet normal -0.0025017272281313333 0.903617351172167 -0.4283333094932875
outer loop
vertex -45.861717224121094 -24.360679626464844 -29.533906936645508
vertex -43.74351501464844 -24.313936233520508 -29.447668075561523
vertex -43.87080383300781 -24.37474822998047 -29.575214385986328
endloop
endfacet
facet normal -0.004276116370569482 0.9999908573725987 0.0
outer loop
vertex -48.25711441040039 -24.283872604370117 -29.17099952697754
vertex -48.25711441040039 -24.283872604370117 -25.934518814086914
vertex -43.46706008911133 -24.263389587402344 -29.17099952697754
endloop
endfacet
facet normal -0.21112631392964518 0.9008538375152692 -0.3793257742369928
outer loop
vertex -48.52134323120117 -24.409807205200195 -29.52491569519043
vertex -48.506065368652344 -24.351051330566406 -29.39388084411621
vertex -48.39136505126953 -24.386215209960938 -29.541231155395508
endloop
endfacet
facet normal -0.08339390488084421 0.9187771746162188 -0.38586780123892545
outer loop
vertex -48.39136505126953 -24.386215209960938 -29.541231155395508
vertex -48.38335037231445 -24.328563690185547 -29.405691146850586
vertex -48.256744384765625 -24.370920181274414 -29.533906936645508
endloop
endfacet
facet normal -0.004011889183460989 0.9382874012749167 -0.34583327970850786
outer loop
vertex -48.256744384765625 -24.370920181274414 -29.533906936645508
vertex -45.861995697021484 -24.295698165893555 -29.357601165771484
vertex -45.861717224121094 -24.360679626464844 -29.533906936645508
endloop
endfacet
facet normal -0.005207157433754373 0.8428980104962189 -0.5380481664432807
outer loop
vertex -48.25629806518555 -24.475234985351562 -29.69019317626953
vertex -45.861717224121094 -24.360679626464844 -29.533906936645508
vertex -43.87080383300781 -24.37474822998047 -29.575214385986328
endloop
endfacet
facet normal -0.3421730624967066 0.8666509209828723 -0.3630892128130002
outer loop
vertex -48.52134323120117 -24.409807205200195 -29.52491569519043
vertex -48.64244079589844 -24.446884155273438 -29.499292373657227
vertex -48.621768951416016 -24.38675880432129 -29.375261306762695
endloop
endfacet
facet normal -0.4608042160138626 0.819690111461592 -0.34024637496369037
outer loop
vertex -48.64244079589844 -24.446884155273438 -29.499292373657227
vertex -48.75259780883789 -24.495113372802734 -29.466293334960938
vertex -48.72865676879883 -24.43385887145996 -29.35114860534668
endloop
endfacet
facet normal 0.707102769184402 0.0029975403541553543 -0.7071044396435194
outer loop
vertex -43.87080383300781 -24.37474822998047 -29.575214385986328
vertex -43.74351501464844 -24.313936233520508 -29.447668075561523
vertex -43.46706008911133 -24.263389587402344 -29.17099952697754
endloop
endfacet
facet normal 0.9999908669319997 0.004273675759091268 4.181021072644907e-05
outer loop
vertex -40.26482009887695 -24.78084373474121 -25.966571807861328
vertex -40.26708984375 -24.249706268310547 -25.97100067138672
vertex -40.26595687866211 -24.51498031616211 -25.953289031982422
endloop
endfacet
facet normal -0.0042760847229319195 0.9999908575079275 4.683997479136385e-08
outer loop
vertex -43.46706008911133 -24.263389587402344 -29.17099952697754
vertex -48.25711441040039 -24.283872604370117 -25.934518814086914
vertex -40.26708984375 -24.249706268310547 -25.97100067138672
endloop
endfacet
facet normal -0.21543748309611171 0.8164762857911059 -0.535680096342932
outer loop
vertex -48.395381927490234 -24.46783447265625 -29.664018630981445
vertex -48.52134323120117 -24.409807205200195 -29.52491569519043
vertex -48.39136505126953 -24.386215209960938 -29.541231155395508
endloop
endfacet
facet normal -0.06455650812757376 0.8320330251014167 -0.5509568970427358
outer loop
vertex -48.395381927490234 -24.46783447265625 -29.664018630981445
vertex -48.39136505126953 -24.386215209960938 -29.541231155395508
vertex -48.256744384765625 -24.370920181274414 -29.533906936645508
endloop
endfacet
facet normal -0.003556299954272678 0.8317356959919786 -0.5551604135233112
outer loop
vertex -48.25629806518555 -24.475234985351562 -29.69019317626953
vertex -48.256744384765625 -24.370920181274414 -29.533906936645508
vertex -45.861717224121094 -24.360679626464844 -29.533906936645508
endloop
endfacet
facet normal -0.0034852643020870915 0.8150473478557222 -0.5793838742026725
outer loop
vertex -48.25629806518555 -24.475234985351562 -29.69019317626953
vertex -43.87080383300781 -24.37474822998047 -29.575214385986328
vertex -43.98543167114258 -24.456972122192383 -29.69019317626953
endloop
endfacet
facet normal -0.34868094462762306 0.7856416304692823 -0.5110663629384702
outer loop
vertex -48.52920150756836 -24.490863800048828 -29.6441593170166
vertex -48.64244079589844 -24.446884155273438 -29.499292373657227
vertex -48.52134323120117 -24.409807205200195 -29.52491569519043
endloop
endfacet
facet normal -0.46849241643163597 0.7428351192088398 -0.47823722295115784
outer loop
vertex -48.65314483642578 -24.526813507080078 -29.612958908081055
vertex -48.75259780883789 -24.495113372802734 -29.466293334960938
vertex -48.64244079589844 -24.446884155273438 -29.499292373657227
endloop
endfacet
facet normal 0.7070975616232934 0.003034747367245601 -0.7071094884491437
outer loop
vertex -43.98543167114258 -24.456972122192383 -29.69019317626953
vertex -43.87080383300781 -24.37474822998047 -29.575214385986328
vertex -43.46706008911133 -24.263389587402344 -29.17099952697754
endloop
endfacet
facet normal 0.7071131665568661 -0.0028743195316100318 -0.7070945537685549
outer loop
vertex -43.46706008911133 -24.263389587402344 -29.17099952697754
vertex -40.26708984375 -24.249706268310547 -25.97100067138672
vertex -40.26482009887695 -24.78084373474121 -25.966571807861328
endloop
endfacet
facet normal -0.21989840271388894 0.8134537034263841 -0.5384586937414797
outer loop
vertex -48.395381927490234 -24.46783447265625 -29.664018630981445
vertex -48.52920150756836 -24.490863800048828 -29.6441593170166
vertex -48.52134323120117 -24.409807205200195 -29.52491569519043
endloop
endfacet
facet normal -0.06013762131486923 0.8301609556099698 -0.5542709213762987
outer loop
vertex -48.25629806518555 -24.475234985351562 -29.69019317626953
vertex -48.395381927490234 -24.46783447265625 -29.664018630981445
vertex -48.256744384765625 -24.370920181274414 -29.533906936645508
endloop
endfacet
facet normal -0.002995907180889172 0.7006086168969735 -0.7135394806665383
outer loop
vertex -48.25629806518555 -24.475234985351562 -29.69019317626953
vertex -43.98543167114258 -24.456972122192383 -29.69019317626953
vertex -44.08383560180664 -24.55805206298828 -29.78902816772461
endloop
endfacet
facet normal -0.35583032875609466 0.7799035292252778 -0.5149128685897119
outer loop
vertex -48.65314483642578 -24.526813507080078 -29.612958908081055
vertex -48.64244079589844 -24.446884155273438 -29.499292373657227
vertex -48.52920150756836 -24.490863800048828 -29.6441593170166
endloop
endfacet
facet normal -0.47754276472411483 0.734253350913315 -0.48251935145879565
outer loop
vertex -48.65314483642578 -24.526813507080078 -29.612958908081055
vertex -48.7650260925293 -24.573163986206055 -29.572763442993164
vertex -48.75259780883789 -24.495113372802734 -29.466293334960938
endloop
endfacet
facet normal 0.7070998259261424 0.0030227490570834494 -0.7071072755695256
outer loop
vertex -44.08383560180664 -24.55805206298828 -29.78902816772461
vertex -43.98543167114258 -24.456972122192383 -29.69019317626953
vertex -43.46706008911133 -24.263389587402344 -29.17099952697754
endloop
endfacet
facet normal 0.7076437453480217 0.003721900496761767 -0.706559606209212
outer loop
vertex -43.46706008911133 -24.263389587402344 -29.17099952697754
vertex -40.26482009887695 -24.78084373474121 -25.966571807861328
vertex -41.925392150878906 -26.662662506103516 -27.639604568481445
endloop
endfacet
facet normal -0.22124946751484031 0.7009477396842481 -0.6780272408656919
outer loop
vertex -48.39531326293945 -24.570425033569336 -29.770099639892578
vertex -48.52920150756836 -24.490863800048828 -29.6441593170166
vertex -48.395381927490234 -24.46783447265625 -29.664018630981445
endloop
endfacet
facet normal -0.09219269669061024 0.7157427939472154 -0.6922519480576036
outer loop
vertex -48.39531326293945 -24.570425033569336 -29.770099639892578
vertex -48.395381927490234 -24.46783447265625 -29.664018630981445
vertex -48.25629806518555 -24.475234985351562 -29.69019317626953
endloop
endfacet
facet normal -0.004581781097326148 0.6627849619073671 -0.7487957675838094
outer loop
vertex -48.25629806518555 -24.475234985351562 -29.69019317626953
vertex -44.08383560180664 -24.55805206298828 -29.78902816772461
vertex -45.860679626464844 -24.602882385253906 -29.81783676147461
endloop
endfacet
facet normal -0.3580658590690584 0.6710595122093402 -0.6492056466501963
outer loop
vertex -48.52946472167969 -24.591386795043945 -29.747920989990234
vertex -48.65314483642578 -24.526813507080078 -29.612958908081055
vertex -48.52920150756836 -24.490863800048828 -29.6441593170166
endloop
endfacet
facet normal -0.4802700219036491 0.6304048945064052 -0.6098609473011337
outer loop
vertex -48.65366744995117 -24.62396240234375 -29.712968826293945
vertex -48.7650260925293 -24.573163986206055 -29.572763442993164
vertex -48.65314483642578 -24.526813507080078 -29.612958908081055
endloop
endfacet
facet normal -0.0008285539085748131 0.5636481677903266 -0.8260145618843703
outer loop
vertex -45.860679626464844 -24.602882385253906 -29.81783676147461
vertex -44.08383560180664 -24.55805206298828 -29.78902816772461
vertex -44.1629524230957 -24.67484474182129 -29.86864471435547
endloop
endfacet
facet normal 0.7070970376600674 0.0030343293725547346 -0.7071100141969536
outer loop
vertex -44.1629524230957 -24.67484474182129 -29.86864471435547
vertex -44.08383560180664 -24.55805206298828 -29.78902816772461
vertex -43.46706008911133 -24.263389587402344 -29.17099952697754
endloop
endfacet
facet normal 0.7070993037460931 0.0030221677961403954 -0.7071078002282271
outer loop
vertex -43.46706008911133 -24.263389587402344 -29.17099952697754
vertex -41.925392150878906 -26.662662506103516 -27.639604568481445
vertex -42.56492233276367 -26.777366638183594 -28.279617309570312
endloop
endfacet
facet normal -0.22160643418187245 0.7006498404283636 -0.6782185410595201
outer loop
vertex -48.52946472167969 -24.591386795043945 -29.747920989990234
vertex -48.52920150756836 -24.490863800048828 -29.6441593170166
vertex -48.39531326293945 -24.570425033569336 -29.770099639892578
endloop
endfacet
facet normal -0.043185291763553235 0.6785873006011801 -0.7332491432235709
outer loop
vertex -48.255706787109375 -24.613122940063477 -29.81783676147461
vertex -48.39531326293945 -24.570425033569336 -29.770099639892578
vertex -48.25629806518555 -24.475234985351562 -29.69019317626953
endloop
endfacet
facet normal -0.0029045698542786466 0.679311211193896 -0.7338445624382887
outer loop
vertex -48.255706787109375 -24.613122940063477 -29.81783676147461
vertex -48.25629806518555 -24.475234985351562 -29.69019317626953
vertex -45.860679626464844 -24.602882385253906 -29.81783676147461
endloop
endfacet
facet normal -0.4809786382218588 0.6296012677703448 -0.6101326029612096
outer loop
vertex -48.65366744995117 -24.62396240234375 -29.712968826293945
vertex -48.76571273803711 -24.665742874145508 -29.667755126953125
vertex -48.7650260925293 -24.573163986206055 -29.572763442993164
endloop
endfacet
facet normal -0.35862673193155437 0.6705146774443801 -0.6494589551894345
outer loop
vertex -48.65366744995117 -24.62396240234375 -29.712968826293945
vertex -48.65314483642578 -24.526813507080078 -29.612958908081055
vertex -48.52946472167969 -24.591386795043945 -29.747920989990234
endloop
endfacet
facet normal -0.005353839405679174 0.489389878575349 -0.8720486701736454
outer loop
vertex -45.859981536865234 -24.766740798950195 -29.90979766845703
vertex -45.860679626464844 -24.602882385253906 -29.81783676147461
vertex -44.1629524230957 -24.67484474182129 -29.86864471435547
endloop
endfacet
facet normal 0.7070986850583597 0.003028790189821703 -0.7071083905729904
outer loop
vertex -44.2203254699707 -24.80371856689453 -29.92656898498535
vertex -44.1629524230957 -24.67484474182129 -29.86864471435547
vertex -43.46706008911133 -24.263389587402344 -29.17099952697754
endloop
endfacet
facet normal 0.7071001652182535 0.0030227833166590794 -0.7071069361343723
outer loop
vertex -44.254173278808594 -24.94066619873047 -29.961000442504883
vertex -43.46706008911133 -24.263389587402344 -29.17099952697754
vertex -42.56492233276367 -26.777366638183594 -28.279617309570312
endloop
endfacet
facet normal -8.321951971559999e-05 0.40998963723903675 -0.9120901766991653
outer loop
vertex -45.859981536865234 -24.766740798950195 -29.90979766845703
vertex -44.1629524230957 -24.67484474182129 -29.86864471435547
vertex -44.2203254699707 -24.80371856689453 -29.92656898498535
endloop
endfacet
facet normal -0.21966614340622687 0.5623736493012423 -0.7971716653347873
outer loop
vertex -48.52946472167969 -24.591386795043945 -29.747920989990234
vertex -48.39531326293945 -24.570425033569336 -29.770099639892578
vertex -48.39117431640625 -24.69037437438965 -29.855859756469727
endloop
endfacet
facet normal -0.10103330365446966 0.576321073890635 -0.810953939100248
outer loop
vertex -48.39117431640625 -24.69037437438965 -29.855859756469727
vertex -48.39531326293945 -24.570425033569336 -29.770099639892578
vertex -48.255706787109375 -24.613122940063477 -29.81783676147461
endloop
endfacet
facet normal -0.0020925643986325028 0.48940205519323066 -0.8720557605720402
outer loop
vertex -48.255008697509766 -24.7769832611084 -29.90979766845703
vertex -48.255706787109375 -24.613122940063477 -29.81783676147461
vertex -45.860679626464844 -24.602882385253906 -29.81783676147461
endloop
endfacet
facet normal -0.47784232231928164 0.4993788995009664 -0.7226945618542591
outer loop
vertex -48.64401626586914 -24.735288619995117 -29.796276092529297
vertex -48.76571273803711 -24.665742874145508 -29.667755126953125
vertex -48.65366744995117 -24.62396240234375 -29.712968826293945
endloop
endfacet
facet normal -0.35595932279671594 0.5353303540922686 -0.7659728275216751
outer loop
vertex -48.52215576171875 -24.707988739013672 -29.832809448242188
vertex -48.65366744995117 -24.62396240234375 -29.712968826293945
vertex -48.52946472167969 -24.591386795043945 -29.747920989990234
endloop
endfacet
facet normal -0.002092972667676271 0.4894063857054768 -0.872053329272995
outer loop
vertex -48.255008697509766 -24.7769832611084 -29.90979766845703
vertex -45.860679626464844 -24.602882385253906 -29.81783676147461
vertex -45.859981536865234 -24.766740798950195 -29.90979766845703
endloop
endfacet
facet normal 0.7071043027184715 0.003013196432155654 -0.7071028395674036
outer loop
vertex -44.254173278808594 -24.94066619873047 -29.961000442504883
vertex -44.2203254699707 -24.80371856689453 -29.92656898498535
vertex -43.46706008911133 -24.263389587402344 -29.17099952697754
endloop
endfacet
facet normal -0.0031165017159540723 0.29515250379201097 -0.9554450726872588
outer loop
vertex -48.254234313964844 -24.95777130126953 -29.961000442504883
vertex -45.859981536865234 -24.766740798950195 -29.90979766845703
vertex -44.2203254699707 -24.80371856689453 -29.92656898498535
endloop
endfacet
facet normal -0.21611952240369517 0.5657663733779011 -0.7957391298602927
outer loop
vertex -48.52215576171875 -24.707988739013672 -29.832809448242188
vertex -48.52946472167969 -24.591386795043945 -29.747920989990234
vertex -48.39117431640625 -24.69037437438965 -29.855859756469727
endloop
endfacet
facet normal -0.03422121379743593 0.4890123751523723 -0.871605303720707
outer loop
vertex -48.255008697509766 -24.7769832611084 -29.90979766845703
vertex -48.39117431640625 -24.69037437438965 -29.855859756469727
vertex -48.255706787109375 -24.613122940063477 -29.81783676147461
endloop
endfacet
facet normal -0.47091496943263605 0.5083463654950795 -0.7209875617874433
outer loop
vertex -48.64401626586914 -24.735288619995117 -29.796276092529297
vertex -48.75466537475586 -24.770238876342773 -29.748647689819336
vertex -48.76571273803711 -24.665742874145508 -29.667755126953125
endloop
endfacet
facet normal -0.35041182784655706 0.5414865245861556 -0.7642014751339086
outer loop
vertex -48.52215576171875 -24.707988739013672 -29.832809448242188
vertex -48.64401626586914 -24.735288619995117 -29.796276092529297
vertex -48.65366744995117 -24.62396240234375 -29.712968826293945
endloop
endfacet
facet normal -0.0011653469792986197 0.27249675164871656 -0.9621559968670962
outer loop
vertex -48.254234313964844 -24.95777130126953 -29.961000442504883
vertex -48.255008697509766 -24.7769832611084 -29.90979766845703
vertex -45.859981536865234 -24.766740798950195 -29.90979766845703
endloop
endfacet
facet normal -0.001043714279360049 0.2440745859997129 -0.9697559007964692
outer loop
vertex -48.254234313964844 -24.95777130126953 -29.961000442504883
vertex -44.2203254699707 -24.80371856689453 -29.92656898498535
vertex -44.254173278808594 -24.94066619873047 -29.961000442504883
endloop
endfacet
facet normal -0.2121557948584645 0.42788349320378766 -0.878581604036698
outer loop
vertex -48.52215576171875 -24.707988739013672 -29.832809448242188
vertex -48.39117431640625 -24.69037437438965 -29.855859756469727
vertex -48.385955810546875 -24.781553268432617 -29.901525497436523
endloop
endfacet
facet normal -0.07191424824885582 0.44335898701690485 -0.8934546152604205
outer loop
vertex -48.385955810546875 -24.781553268432617 -29.901525497436523
vertex -48.39117431640625 -24.69037437438965 -29.855859756469727
vertex -48.255008697509766 -24.7769832611084 -29.90979766845703
endloop
endfacet
facet normal -0.46391818608038227 0.3749671714217459 -0.802607959703779
outer loop
vertex -48.631439208984375 -24.81895637512207 -29.842634201049805
vertex -48.75466537475586 -24.770238876342773 -29.748647689819336
vertex -48.64401626586914 -24.735288619995117 -29.796276092529297
endloop
endfacet
facet normal -0.3446083220045502 0.40479803354494803 -0.8469850390906273
outer loop
vertex -48.5127067565918 -24.796228408813477 -29.878826141357422
vertex -48.64401626586914 -24.735288619995117 -29.796276092529297
vertex -48.52215576171875 -24.707988739013672 -29.832809448242188
endloop
endfacet
facet normal -0.04002849118318124 0.2721244292471177 -0.961429152304281
outer loop
vertex -48.254234313964844 -24.95777130126953 -29.961000442504883
vertex -48.37447738647461 -24.930551528930664 -29.94828987121582
vertex -48.255008697509766 -24.7769832611084 -29.90979766845703
endloop
endfacet
facet normal 0.0 0.0 -1.0
outer loop
vertex -44.24040603637695 -28.15970802307129 -29.961000442504883
vertex -48.254234313964844 -24.95777130126953 -29.961000442504883
vertex -44.254173278808594 -24.94066619873047 -29.961000442504883
endloop
endfacet
facet normal -0.2072827791742784 0.434812006170501 -0.8763403270121555
outer loop
vertex -48.5127067565918 -24.796228408813477 -29.878826141357422
vertex -48.52215576171875 -24.707988739013672 -29.832809448242188
vertex -48.385955810546875 -24.781553268432617 -29.901525497436523
endloop
endfacet
facet normal -0.07047251790207747 0.2937648951541026 -0.9532763558358304
outer loop
vertex -48.37447738647461 -24.930551528930664 -29.94828987121582
vertex -48.385955810546875 -24.781553268432617 -29.901525497436523
vertex -48.255008697509766 -24.7769832611084 -29.90979766845703
endloop
endfacet
facet normal -0.33711382426354003 0.4170041284430461 -0.8440745383861938
outer loop
vertex -48.5127067565918 -24.796228408813477 -29.878826141357422
vertex -48.631439208984375 -24.81895637512207 -29.842634201049805
vertex -48.64401626586914 -24.735288619995117 -29.796276092529297
endloop
endfacet
facet normal -0.04520479569945007 0.2517377311747244 -0.966739179483677
outer loop
vertex -48.3061637878418 -24.96709632873535 -29.961000442504883
vertex -48.37447738647461 -24.930551528930664 -29.94828987121582
vertex -48.254234313964844 -24.95777130126953 -29.961000442504883
endloop
endfacet
facet normal 0.0 0.0 -1.0
outer loop
vertex -44.24040603637695 -28.15970802307129 -29.961000442504883
vertex -48.394752502441406 -25.086467742919922 -29.961000442504883
vertex -48.254234313964844 -24.95777130126953 -29.961000442504883
endloop
endfacet
facet normal -0.308302613351373 0.2822714391506607 -0.9084450083744909
outer loop
vertex -48.491695404052734 -24.94001007080078 -29.92767333984375
vertex -48.60334014892578 -24.954692840576172 -29.894346237182617
vertex -48.631439208984375 -24.81895637512207 -29.842634201049805
endloop
endfacet
facet normal -0.4054322521884729 0.0925877027399732 -0.9094241068867247
outer loop
vertex -48.62431716918945 -25.099699020385742 -29.899757385253906
vertex -48.70780944824219 -24.973690032958984 -29.849706649780273
vertex -48.60334014892578 -24.954692840576172 -29.894346237182617
endloop
endfacet
facet normal -0.20050447661803683 0.27928012504735406 -0.9390423667809997
outer loop
vertex -48.37447738647461 -24.930551528930664 -29.94828987121582
vertex -48.5127067565918 -24.796228408813477 -29.878826141357422
vertex -48.385955810546875 -24.781553268432617 -29.901525497436523
endloop
endfacet
facet normal -0.3268219225400669 0.2608445829518671 -0.9083763176634897
outer loop
vertex -48.491695404052734 -24.94001007080078 -29.92767333984375
vertex -48.631439208984375 -24.81895637512207 -29.842634201049805
vertex -48.5127067565918 -24.796228408813477 -29.878826141357422
endloop
endfacet
facet normal -0.08562792584282729 0.18071718221502878 -0.979800570712283
outer loop
vertex -48.33006286621094 -24.97842025756836 -29.961000442504883
vertex -48.37447738647461 -24.930551528930664 -29.94828987121582
vertex -48.3061637878418 -24.96709632873535 -29.961000442504883
endloop
endfacet
facet normal 0.0 0.0 -1.0
outer loop
vertex -48.394752502441406 -25.086467742919922 -29.961000442504883
vertex -48.3061637878418 -24.96709632873535 -29.961000442504883
vertex -48.254234313964844 -24.95777130126953 -29.961000442504883
endloop
endfacet
facet normal -0.29458681815365106 0.07815706196112344 -0.9524232673741821
outer loop
vertex -48.62431716918945 -25.099699020385742 -29.899757385253906
vertex -48.60334014892578 -24.954692840576172 -29.894346237182617
vertex -48.491695404052734 -24.94001007080078 -29.92767333984375
endloop
endfacet
facet normal -0.1884575766769788 0.29110938563153277 -0.9379440641052492
outer loop
vertex -48.491695404052734 -24.94001007080078 -29.92767333984375
vertex -48.5127067565918 -24.796228408813477 -29.878826141357422
vertex -48.37447738647461 -24.930551528930664 -29.94828987121582
endloop
endfacet
facet normal -0.1263577223277443 0.1433951866460017 -0.9815658645526049
outer loop
vertex -48.36945724487305 -25.013134002685547 -29.961000442504883
vertex -48.37447738647461 -24.930551528930664 -29.94828987121582
vertex -48.33006286621094 -24.97842025756836 -29.961000442504883
endloop
endfacet
facet normal 0.0 0.0 -1.0
outer loop
vertex -48.394752502441406 -25.086467742919922 -29.961000442504883
vertex -48.33006286621094 -24.97842025756836 -29.961000442504883
vertex -48.3061637878418 -24.96709632873535 -29.961000442504883
endloop
endfacet
facet normal -0.2600218159960247 0.04734991494963515 -0.9644411027949771
outer loop
vertex -48.62431716918945 -25.099699020385742 -29.899757385253906
vertex -48.491695404052734 -24.94001007080078 -29.92767333984375
vertex -48.394752502441406 -25.086467742919922 -29.961000442504883
endloop
endfacet
facet normal -0.18239588911694124 0.1387300920514545 -0.9733887718648883
outer loop
vertex -48.491695404052734 -24.94001007080078 -29.92767333984375
vertex -48.37447738647461 -24.930551528930664 -29.94828987121582
vertex -48.36945724487305 -25.013134002685547 -29.961000442504883
endloop
endfacet
facet normal 0.0 0.0 -1.0
outer loop
vertex -48.394752502441406 -25.086467742919922 -29.961000442504883
vertex -48.36945724487305 -25.013134002685547 -29.961000442504883
vertex -48.33006286621094 -24.97842025756836 -29.961000442504883
endloop
endfacet
facet normal -0.2198116418658381 0.07582038062902478 -0.9725914414498589
outer loop
vertex -48.491695404052734 -24.94001007080078 -29.92767333984375
vertex -48.36945724487305 -25.013134002685547 -29.961000442504883
vertex -48.394752502441406 -25.086467742919922 -29.961000442504883
endloop
endfacet
facet normal 0.583513982397156 -0.17061670468168116 -0.7939781939263668
outer loop
vertex -40.60857009887695 -27.534523010253906 -26.26800537109375
vertex -40.56348419189453 -27.472806930541992 -26.248132705688477
vertex -40.376976013183594 -27.67536735534668 -26.067535400390625
endloop
endfacet
facet normal 0.6507011231471279 -0.09587616826839465 -0.7532568012923856
outer loop
vertex -40.70854187011719 -27.1528377532959 -26.420467376708984
vertex -40.29179763793945 -27.57448959350586 -26.006793975830078
vertex -40.376976013183594 -27.67536735534668 -26.067535400390625
endloop
endfacet
facet normal 0.43301494436220467 -0.3440921476465936 -0.833125831964747
outer loop
vertex -40.56348419189453 -27.472806930541992 -26.248132705688477
vertex -40.743858337402344 -27.22796058654785 -26.44300651550293
vertex -40.376976013183594 -27.67536735534668 -26.067535400390625
endloop
endfacet
facet normal 0.6026347740228202 -0.19073197265177555 -0.7748887944388063
outer loop
vertex -40.60857009887695 -27.534523010253906 -26.26800537109375
vertex -40.783180236816406 -27.302330017089844 -26.460952758789062
vertex -40.56348419189453 -27.472806930541992 -26.248132705688477
endloop
endfacet
facet normal 0.6594628967430125 -0.08595960683621856 -0.7468062893494386
outer loop
vertex -40.743858337402344 -27.22796058654785 -26.44300651550293
vertex -40.70854187011719 -27.1528377532959 -26.420467376708984
vertex -40.376976013183594 -27.67536735534668 -26.067535400390625
endloop
endfacet
facet normal 0.7062005651092741 0.0033740476858292864 -0.7080037977592746
outer loop
vertex -40.70854187011719 -27.1528377532959 -26.420467376708984
vertex -40.26482009887695 -24.78084373474121 -25.966571807861328
vertex -40.29179763793945 -27.57448959350586 -26.006793975830078
endloop
endfacet
facet normal 0.6270417594863662 -0.14693613875879052 -0.7650022241712109
outer loop
vertex -40.56348419189453 -27.472806930541992 -26.248132705688477
vertex -40.783180236816406 -27.302330017089844 -26.460952758789062
vertex -40.743858337402344 -27.22796058654785 -26.44300651550293
endloop
endfacet
facet normal 0.589605964771523 -0.2056643528899448 -0.7810678461287482
outer loop
vertex -40.8262939453125 -27.375564575195312 -26.474214553833008
vertex -40.783180236816406 -27.302330017089844 -26.460952758789062
vertex -40.60857009887695 -27.534523010253906 -26.26800537109375
endloop
endfacet
facet normal 0.6716313933959555 -0.09530339627642585 -0.7347302457794874
outer loop
vertex -40.96257400512695 -26.996116638183594 -26.673011779785156
vertex -40.70854187011719 -27.1528377532959 -26.420467376708984
vertex -40.743858337402344 -27.22796058654785 -26.44300651550293
endloop
endfacet
facet normal 0.7060828611224675 0.0034184877082519844 -0.7081209693060211
outer loop
vertex -40.96257400512695 -26.996116638183594 -26.673011779785156
vertex -40.26482009887695 -24.78084373474121 -25.966571807861328
vertex -40.70854187011719 -27.1528377532959 -26.420467376708984
endloop
endfacet
facet normal 0.6438864458488631 -0.159890348423579 -0.7482281211857152
outer loop
vertex -40.99391555786133 -27.082834243774414 -26.689205169677734
vertex -40.743858337402344 -27.22796058654785 -26.44300651550293
vertex -40.783180236816406 -27.302330017089844 -26.460952758789062
endloop
endfacet
facet normal 0.6128535020483131 -0.2235425143901729 -0.7579177589206084
outer loop
vertex -41.03004455566406 -27.168516159057617 -26.700035095214844
vertex -40.783180236816406 -27.302330017089844 -26.460952758789062
vertex -40.8262939453125 -27.375564575195312 -26.474214553833008
endloop
endfacet
facet normal 0.6001091653163022 -0.24126362464289317 -0.7626669345969733
outer loop
vertex -41.07073211669922 -27.25264549255371 -26.70543670654297
vertex -41.03004455566406 -27.168516159057617 -26.700035095214844
vertex -40.8262939453125 -27.375564575195312 -26.474214553833008
endloop
endfacet
facet normal 0.6667970803167067 -0.1031706138265796 -0.7380633293449567
outer loop
vertex -40.99391555786133 -27.082834243774414 -26.689205169677734
vertex -40.96257400512695 -26.996116638183594 -26.673011779785156
vertex -40.743858337402344 -27.22796058654785 -26.44300651550293
endloop
endfacet
facet normal 0.7059910085732918 0.00347653203626547 -0.7082122630530109
outer loop
vertex -41.23835754394531 -26.8801326751709 -26.94736099243164
vertex -40.26482009887695 -24.78084373474121 -25.966571807861328
vertex -40.96257400512695 -26.996116638183594 -26.673011779785156
endloop
endfacet
facet normal 0.6353146640254935 -0.17275268134716437 -0.752683059967168
outer loop
vertex -41.03004455566406 -27.168516159057617 -26.700035095214844
vertex -40.99391555786133 -27.082834243774414 -26.689205169677734
vertex -40.783180236816406 -27.302330017089844 -26.460952758789062
endloop
endfacet
facet normal 0.624510605662843 -0.2546266019152771 -0.7383439557629682
outer loop
vertex -41.29719543457031 -27.074066162109375 -26.95857048034668
vertex -41.03004455566406 -27.168516159057617 -26.700035095214844
vertex -41.07073211669922 -27.25264549255371 -26.70543670654297
endloop
endfacet
facet normal 0.7097662227658093 -3.787543557644116e-05 -0.7044372985484278
outer loop
vertex -41.23835754394531 -26.8801326751709 -26.94736099243164
vertex -41.925392150878906 -26.662662506103516 -27.639604568481445
vertex -40.26482009887695 -24.78084373474121 -25.966571807861328
endloop
endfacet
facet normal 0.6776158242505423 -0.10909451126493927 -0.7272793014634215
outer loop
vertex -41.23835754394531 -26.8801326751709 -26.94736099243164
vertex -40.96257400512695 -26.996116638183594 -26.673011779785156
vertex -40.99391555786133 -27.082834243774414 -26.689205169677734
endloop
endfacet
facet normal 0.6530459680653689 -0.18246329391013913 -0.7350089182921711
outer loop
vertex -41.264923095703125 -26.977785110473633 -26.956069946289062
vertex -40.99391555786133 -27.082834243774414 -26.689205169677734
vertex -41.03004455566406 -27.168516159057617 -26.700035095214844
endloop
endfacet
facet normal 0.6449422303044591 -0.19700023631470379 -0.738403972403901
outer loop
vertex -41.29719543457031 -27.074066162109375 -26.95857048034668
vertex -41.264923095703125 -26.977785110473633 -26.956069946289062
vertex -41.03004455566406 -27.168516159057617 -26.700035095214844
endloop
endfacet
facet normal 0.6788157894479546 -0.14614264291002937 -0.7196189630071055
outer loop
vertex -41.23835754394531 -26.8801326751709 -26.94736099243164
vertex -41.5018196105957 -26.812631607055664 -27.209592819213867
vertex -41.925392150878906 -26.662662506103516 -27.639604568481445
endloop
endfacet
facet normal 0.6731363585250775 -0.11801388817729958 -0.7300412077608182
outer loop
vertex -41.264923095703125 -26.977785110473633 -26.956069946289062
vertex -41.23835754394531 -26.8801326751709 -26.94736099243164
vertex -40.99391555786133 -27.082834243774414 -26.689205169677734
endloop
endfacet
facet normal 0.6631993569440406 -0.20359208132342507 -0.7202200201128864
outer loop
vertex -41.52330017089844 -26.91948890686035 -27.21047019958496
vertex -41.264923095703125 -26.977785110473633 -26.956069946289062
vertex -41.29719543457031 -27.074066162109375 -26.95857048034668
endloop
endfacet
facet normal 0.6842951205054285 -0.12204135528626679 -0.7189200898934126
outer loop
vertex -41.264923095703125 -26.977785110473633 -26.956069946289062
vertex -41.5018196105957 -26.812631607055664 -27.209592819213867
vertex -41.23835754394531 -26.8801326751709 -26.94736099243164
endloop
endfacet
facet normal 0.6804206646260026 -0.13085851603894222 -0.7210435270703113
outer loop
vertex -41.52330017089844 -26.91948890686035 -27.21047019958496
vertex -41.5018196105957 -26.812631607055664 -27.209592819213867
vertex -41.264923095703125 -26.977785110473633 -26.956069946289062
endloop
endfacet
facet normal 0.6413383461632016 -0.08219874707254785 -0.7628423767203503
outer loop
vertex -40.28666687011719 -27.866636276245117 -25.97100067138672
vertex -40.376976013183594 -27.67536735534668 -26.067535400390625
vertex -40.29179763793945 -27.57448959350586 -26.006793975830078
endloop
endfacet
facet normal 0.5778911498242824 -0.1334945326622453 -0.8051217477525109
outer loop
vertex -40.28666687011719 -27.866636276245117 -25.97100067138672
vertex -40.423622131347656 -27.725082397460938 -26.0927734375
vertex -40.376976013183594 -27.67536735534668 -26.067535400390625
endloop
endfacet
facet normal 0.6852736884813914 -0.22248943842610447 -0.6934683999029413
outer loop
vertex -40.33972930908203 -27.980501174926758 -25.98690414428711
vertex -40.28666687011719 -27.866636276245117 -25.97100067138672
vertex -40.393131256103516 -28.194549560546875 -25.97100067138672
endloop
endfacet
facet normal 0.5656009780683562 -0.1503240743915165 -0.8108626309470999
outer loop
vertex -40.33972930908203 -27.980501174926758 -25.98690414428711
vertex -40.423622131347656 -27.725082397460938 -26.0927734375
vertex -40.28666687011719 -27.866636276245117 -25.97100067138672
endloop
endfacet
facet normal 0.4912998174254538 -0.18579593171059436 -0.8509432185272456
outer loop
vertex -40.391883850097656 -28.016826629638672 -26.009084701538086
vertex -40.33972930908203 -27.980501174926758 -25.98690414428711
vertex -40.393131256103516 -28.194549560546875 -25.97100067138672
endloop
endfacet
facet normal 0.5279998318556101 -0.1713441954841936 -0.8317796248011381
outer loop
vertex -40.33972930908203 -27.980501174926758 -25.98690414428711
vertex -40.48381805419922 -27.784671783447266 -26.118709564208984
vertex -40.423622131347656 -27.725082397460938 -26.0927734375
endloop
endfacet
facet normal 0.4958738210432642 -0.19528935705411002 -0.8461508261683285
outer loop
vertex -40.391883850097656 -28.016826629638672 -26.009084701538086
vertex -40.53559112548828 -27.832380294799805 -26.13587188720703
vertex -40.33972930908203 -27.980501174926758 -25.98690414428711
endloop
endfacet
facet normal 0.5037349889446731 -0.2490920523826245 -0.8271663740461903
outer loop
vertex -40.71879577636719 -27.667072296142578 -26.297222137451172
vertex -40.48381805419922 -27.784671783447266 -26.118709564208984
vertex -40.53559112548828 -27.832380294799805 -26.13587188720703
endloop
endfacet
facet normal 0.48156755028778775 -0.2171528906406485 -0.8490802768856602
outer loop
vertex -40.33972930908203 -27.980501174926758 -25.98690414428711
vertex -40.53559112548828 -27.832380294799805 -26.13587188720703
vertex -40.48381805419922 -27.784671783447266 -26.118709564208984
endloop
endfacet
facet normal 0.4490952256417958 -0.24059457465233902 -0.8604811031937917
outer loop
vertex -40.47459030151367 -28.346601486206055 -25.97100067138672
vertex -40.451656341552734 -28.289794921875 -25.97491455078125
vertex -40.393131256103516 -28.194549560546875 -25.97100067138672
endloop
endfacet
facet normal 0.3626337555363494 -0.2279824956548659 -0.9036153722799223
outer loop
vertex -40.558197021484375 -28.120996475219727 -26.055801391601562
vertex -40.445796966552734 -28.052425384521484 -26.02799415588379
vertex -40.393131256103516 -28.194549560546875 -25.97100067138672
endloop
endfacet
facet normal 0.2865716340891877 -0.18052109562877802 -0.9408978863662296
outer loop
vertex -40.52297592163086 -28.317358016967773 -25.991348266601562
vertex -40.451656341552734 -28.289794921875 -25.97491455078125
vertex -40.47459030151367 -28.346601486206055 -25.97100067138672
endloop
endfacet
facet normal 0.276114745882202 -0.25467376364993044 -0.926769616039923
outer loop
vertex -40.63011169433594 -28.16126251220703 -26.066162109375
vertex -40.558197021484375 -28.120996475219727 -26.055801391601562
vertex -40.52297592163086 -28.317358016967773 -25.991348266601562
endloop
endfacet
facet normal 0.3780108195273491 -0.19508563575798665 -0.9050134888724941
outer loop
vertex -40.558197021484375 -28.120996475219727 -26.055801391601562
vertex -40.393131256103516 -28.194549560546875 -25.97100067138672
vertex -40.451656341552734 -28.289794921875 -25.97491455078125
endloop
endfacet
facet normal 0.30710856154804256 -0.2466182362258164 -0.9191647170038457
outer loop
vertex -40.52297592163086 -28.317358016967773 -25.991348266601562
vertex -40.558197021484375 -28.120996475219727 -26.055801391601562
vertex -40.451656341552734 -28.289794921875 -25.97491455078125
endloop
endfacet
facet normal 0.21078365708220442 -0.4157093260626819 -0.884734992035221
outer loop
vertex -40.881229400634766 -28.088665008544922 -26.16010093688965
vertex -40.775299072265625 -28.020055770874023 -26.16710090637207
vertex -40.63011169433594 -28.16126251220703 -26.066162109375
endloop
endfacet
facet normal 0.30913654722167455 -0.3218504540163366 -0.8949004863231103
outer loop
vertex -40.775299072265625 -28.020055770874023 -26.16710090637207
vertex -40.558197021484375 -28.120996475219727 -26.055801391601562
vertex -40.63011169433594 -28.16126251220703 -26.066162109375
endloop
endfacet
facet normal 0.2912206433189593 -0.5425469012953809 -0.7879298171789615
outer loop
vertex -40.96060562133789 -27.895118713378906 -26.295080184936523
vertex -41.17877197265625 -27.795265197753906 -26.44447135925293
vertex -41.10320281982422 -27.724218368530273 -26.46546173095703
endloop
endfacet
facet normal 0.21713631811433215 -0.522529305122549 -0.8245089111973852
outer loop
vertex -41.06891632080078 -27.976402282714844 -26.272090911865234
vertex -40.96060562133789 -27.895118713378906 -26.295080184936523
vertex -40.775299072265625 -28.020055770874023 -26.16710090637207
endloop
endfacet
facet normal 0.2669030122507489 -0.5744932899959007 -0.7737701479129073
outer loop
vertex -41.06891632080078 -27.976402282714844 -26.272090911865234
vertex -41.17877197265625 -27.795265197753906 -26.44447135925293
vertex -40.96060562133789 -27.895118713378906 -26.295080184936523
endloop
endfacet
facet normal 0.20663816087033665 -0.6058289078979635 -0.7682916144455084
outer loop
vertex -41.29011154174805 -27.886049270629883 -26.402830123901367
vertex -41.17877197265625 -27.795265197753906 -26.44447135925293
vertex -41.06891632080078 -27.976402282714844 -26.272090911865234
endloop
endfacet
facet normal 0.27834900206630314 -0.6610054330552958 -0.6968454997487419
outer loop
vertex -41.42372512817383 -27.723703384399414 -26.610197067260742
vertex -41.17877197265625 -27.795265197753906 -26.44447135925293
vertex -41.29011154174805 -27.886049270629883 -26.402830123901367
endloop
endfacet
facet normal 0.21510484812554215 -0.6968737004791518 -0.6841761102913352
outer loop
vertex -41.42372512817383 -27.723703384399414 -26.610197067260742
vertex -41.29011154174805 -27.886049270629883 -26.402830123901367
vertex -41.53882598876953 -27.820388793945312 -26.54790496826172
endloop
endfacet
facet normal 0.2896261171220414 -0.7377008344630537 -0.609847678616
outer loop
vertex -41.688446044921875 -27.681894302368164 -26.78649139404297
vertex -41.42372512817383 -27.723703384399414 -26.610197067260742
vertex -41.53882598876953 -27.820388793945312 -26.54790496826172
endloop
endfacet
facet normal 0.22446944347991157 -0.7750601432590095 -0.5906735505125841
outer loop
vertex -41.688446044921875 -27.681894302368164 -26.78649139404297
vertex -41.53882598876953 -27.820388793945312 -26.54790496826172
vertex -41.80813217163086 -27.780691146850586 -26.70233726501465
endloop
endfacet
facet normal 0.3009915017364878 -0.802906680604886 -0.5145337482832953
outer loop
vertex -41.939910888671875 -27.670856475830078 -26.950817108154297
vertex -41.688446044921875 -27.681894302368164 -26.78649139404297
vertex -41.80813217163086 -27.780691146850586 -26.70233726501465
endloop
endfacet
facet normal 0.23744321975075025 -0.8356418279673946 -0.49530137567516214
outer loop
vertex -41.939910888671875 -27.670856475830078 -26.950817108154297
vertex -41.80813217163086 -27.780691146850586 -26.70233726501465
vertex -42.06455612182617 -27.76814842224121 -26.846426010131836
endloop
endfacet
facet normal 0.317080885423292 -0.8523833436978988 -0.4158152804859036
outer loop
vertex -42.19655227661133 -27.686351776123047 -27.114755630493164
vertex -41.939910888671875 -27.670856475830078 -26.950817108154297
vertex -42.06455612182617 -27.76814842224121 -26.846426010131836
endloop
endfacet
facet normal 0.2514634367893834 -0.884360402616012 -0.3932846529460781
outer loop
vertex -42.19655227661133 -27.686351776123047 -27.114755630493164
vertex -42.06455612182617 -27.76814842224121 -26.846426010131836
vertex -42.32701110839844 -27.778762817382812 -26.99036979675293
endloop
endfacet
facet normal 0.33496125833269147 -0.8898495400021922 -0.3097882366618637
outer loop
vertex -42.45236587524414 -27.72736167907715 -27.273557662963867
vertex -42.19655227661133 -27.686351776123047 -27.114755630493164
vertex -42.32701110839844 -27.778762817382812 -26.99036979675293
endloop
endfacet
facet normal 0.26728302377183416 -0.920392074867979 -0.2853738140117305
outer loop
vertex -42.45236587524414 -27.72736167907715 -27.273557662963867
vertex -42.32701110839844 -27.778762817382812 -26.99036979675293
vertex -42.5895881652832 -27.811689376831055 -27.13010597229004
endloop
endfacet
facet normal 0.3539559772483952 -0.9139197987216682 -0.19865992971578048
outer loop
vertex -42.701419830322266 -27.791379928588867 -27.42279052734375
vertex -42.45236587524414 -27.72736167907715 -27.273557662963867
vertex -42.5895881652832 -27.811689376831055 -27.13010597229004
endloop
endfacet
facet normal 0.2844297112027679 -0.9427568247581034 -0.17409568850815552
outer loop
vertex -42.84646987915039 -27.864858627319336 -27.26186752319336
vertex -42.701419830322266 -27.791379928588867 -27.42279052734375
vertex -42.5895881652832 -27.811689376831055 -27.13010597229004
endloop
endfacet
facet normal 0.3766004176518816 -0.9227500211231436 -0.08188115742749427
outer loop
vertex -42.93781661987305 -27.875856399536133 -27.55806541442871
vertex -42.701419830322266 -27.791379928588867 -27.42279052734375
vertex -42.84646987915039 -27.864858627319336 -27.26186752319336
endloop
endfacet
facet normal 0.25350479118305097 -0.9657454741195465 0.05541660459510553
outer loop
vertex -43.09187698364258 -27.936166763305664 -27.381933212280273
vertex -42.84646987915039 -27.864858627319336 -27.26186752319336
vertex -43.00334930419922 -27.896648406982422 -27.09821891784668
endloop
endfacet
facet normal 0.16901263061106633 -0.9820237447255994 0.08404817362107497
outer loop
vertex -43.09187698364258 -27.936166763305664 -27.381933212280273
vertex -43.00334930419922 -27.896648406982422 -27.09821891784668
vertex -43.26009750366211 -27.95029640197754 -27.208749771118164
endloop
endfacet
facet normal 0.3049476735348158 -0.9505552119640921 -0.05875121627339572
outer loop
vertex -43.09187698364258 -27.936166763305664 -27.381933212280273
vertex -42.93781661987305 -27.875856399536133 -27.55806541442871
vertex -42.84646987915039 -27.864858627319336 -27.26186752319336
endloop
endfacet
facet normal 0.27250077649796467 -0.9436694741368216 0.1876998944867609
outer loop
vertex -43.3200569152832 -28.022899627685547 -27.486717224121094
vertex -43.09187698364258 -27.936166763305664 -27.381933212280273
vertex -43.26009750366211 -27.95029640197754 -27.208749771118164
endloop
endfacet
facet normal 0.4043017289725577 -0.9137167002900225 0.04076645141428699
outer loop
vertex -43.155696868896484 -27.977487564086914 -27.675140380859375
vertex -42.93781661987305 -27.875856399536133 -27.55806541442871
vertex -43.09187698364258 -27.936166763305664 -27.381933212280273
endloop
endfacet
facet normal 0.18449704144868254 -0.9599318538900011 0.21093050415714898
outer loop
vertex -43.3200569152832 -28.022899627685547 -27.486717224121094
vertex -43.26009750366211 -27.95029640197754 -27.208749771118164
vertex -43.50130844116211 -28.01852798461914 -27.308284759521484
endloop
endfacet
facet normal 0.3300869142571109 -0.9419837383896008 0.06090374081918609
outer loop
vertex -43.155696868896484 -27.977487564086914 -27.675140380859375
vertex -43.09187698364258 -27.936166763305664 -27.381933212280273
vertex -43.3200569152832 -28.022899627685547 -27.486717224121094
endloop
endfacet
facet normal 0.2014702062007547 -0.9207461488281047 0.33412016615529033
outer loop
vertex -43.52608871459961 -28.12032699584961 -27.57387351989746
vertex -43.50130844116211 -28.01852798461914 -27.308284759521484
vertex -43.72208023071289 -28.098224639892578 -27.394784927368164
endloop
endfacet
facet normal 0.29176897191992 -0.9019113532187152 0.31847571015695836
outer loop
vertex -43.52608871459961 -28.12032699584961 -27.57387351989746
vertex -43.3200569152832 -28.022899627685547 -27.486717224121094
vertex -43.50130844116211 -28.01852798461914 -27.308284759521484
endloop
endfacet
facet normal 0.43340669998211767 -0.8860563072180945 0.1645079112068615
outer loop
vertex -43.350135803222656 -28.090435028076172 -27.771224975585938
vertex -43.155696868896484 -27.977487564086914 -27.675140380859375
vertex -43.3200569152832 -28.022899627685547 -27.486717224121094
endloop
endfacet
facet normal 0.2995952111138172 -0.8502480447963808 0.43280592856105676
outer loop
vertex -43.65558624267578 -28.224924087524414 -27.689714431762695
vertex -43.52608871459961 -28.12032699584961 -27.57387351989746
vertex -43.72208023071289 -28.098224639892578 -27.394784927368164
endloop
endfacet
facet normal 0.35734347713744397 -0.9165072643097791 0.17977784572834712
outer loop
vertex -43.350135803222656 -28.090435028076172 -27.771224975585938
vertex -43.3200569152832 -28.022899627685547 -27.486717224121094
vertex -43.52608871459961 -28.12032699584961 -27.57387351989746
endloop
endfacet
facet normal 0.48611631112073495 -0.8728678110405667 0.042340483129253426
outer loop
vertex -43.24287414550781 -28.037763595581055 -27.9168643951416
vertex -43.155696868896484 -27.977487564086914 -27.675140380859375
vertex -43.350135803222656 -28.090435028076172 -27.771224975585938
endloop
endfacet
facet normal 0.4474146603605049 -0.8526748726067603 0.26975115072885053
outer loop
vertex -43.350135803222656 -28.090435028076172 -27.771224975585938
vertex -43.52608871459961 -28.12032699584961 -27.57387351989746
vertex -43.65558624267578 -28.224924087524414 -27.689714431762695
endloop
endfacet
facet normal 0.5738762021430198 -0.8085182903744838 0.13024699130431386
outer loop
vertex -43.454139709472656 -28.1890811920166 -27.925331115722656
vertex -43.24287414550781 -28.037763595581055 -27.9168643951416
vertex -43.350135803222656 -28.090435028076172 -27.771224975585938
endloop
endfacet
facet normal 0.5810755051447657 -0.8131584307401041 0.03353541168744893
outer loop
vertex -43.299461364746094 -28.08893585205078 -28.17717742919922
vertex -43.24287414550781 -28.037763595581055 -27.9168643951416
vertex -43.454139709472656 -28.1890811920166 -27.925331115722656
endloop
endfacet
facet normal 0.4452620273412396 -0.859824080213738 0.2498885313346107
outer loop
vertex -43.454139709472656 -28.1890811920166 -27.925331115722656
vertex -43.350135803222656 -28.090435028076172 -27.771224975585938
vertex -43.65558624267578 -28.224924087524414 -27.689714431762695
endloop
endfacet
facet normal 0.6480823156348179 -0.7552766899643901 0.09770585324250898
outer loop
vertex -44.642330169677734 -29.374204635620117 -29.205202102661133
vertex -43.299461364746094 -28.08893585205078 -28.17717742919922
vertex -43.454139709472656 -28.1890811920166 -27.925331115722656
endloop
endfacet
facet normal 0.49944959592945265 -0.8114110251241459 0.30358236021364776
outer loop
vertex -44.721431732177734 -29.374542236328125 -29.00888442993164
vertex -43.454139709472656 -28.1890811920166 -27.925331115722656
vertex -43.65558624267578 -28.224924087524414 -27.689714431762695
endloop
endfacet
facet normal 0.5825552276721561 -0.7900858775984745 0.19077136245068546
outer loop
vertex -44.642330169677734 -29.374204635620117 -29.205202102661133
vertex -43.454139709472656 -28.1890811920166 -27.925331115722656
vertex -44.67610549926758 -29.374347686767578 -29.1026554107666
endloop
endfacet
facet normal 0.5341669417676459 -0.8055172739433811 0.2565299197002647
outer loop
vertex -44.67610549926758 -29.374347686767578 -29.1026554107666
vertex -43.454139709472656 -28.1890811920166 -27.925331115722656
vertex -44.721431732177734 -29.374542236328125 -29.00888442993164
endloop
endfacet
facet normal -0.6603263475184041 -0.5398755274619125 0.5220187061980879
outer loop
vertex -48.8879508972168 -29.392358779907227 -29.14845085144043
vertex -48.76967239379883 -29.39185333251953 -28.99831199645996
vertex -48.89032745361328 -27.866851806640625 -27.573766708374023
endloop
endfacet
facet normal 0.00427610981547738 -0.9999908573104493 1.3429772974290367e-05
outer loop
vertex -48.8879508972168 -29.392358779907227 -29.14845085144043
vertex -44.642330169677734 -29.374204635620117 -29.205202102661133
vertex -44.67610549926758 -29.374347686767578 -29.1026554107666
endloop
endfacet
facet normal 0.0042761430150602105 -0.9999908572286639 -7.745760580779562e-06
outer loop
vertex -48.76967239379883 -29.39185333251953 -28.99831199645996
vertex -44.67610549926758 -29.374347686767578 -29.1026554107666
vertex -44.721431732177734 -29.374542236328125 -29.00888442993164
endloop
endfacet
facet normal 0.004276281135818698 -0.9999908566653162 -2.3269573921481917e-06
outer loop
vertex -48.8879508972168 -29.392358779907227 -29.14845085144043
vertex -44.67610549926758 -29.374347686767578 -29.1026554107666
vertex -48.76967239379883 -29.39185333251953 -28.99831199645996
endloop
endfacet
facet normal 0.22571265505606944 -0.95355960958506 -0.19944389766430023
outer loop
vertex -42.5895881652832 -27.811689376831055 -27.13010597229004
vertex -42.32701110839844 -27.778762817382812 -26.99036979675293
vertex -42.465641021728516 -27.839736938476562 -26.855735778808594
endloop
endfacet
facet normal 0.1463208533011122 -0.9752446509075352 -0.165795291747004
outer loop
vertex -42.736656188964844 -27.85934829711914 -26.97955894470215
vertex -42.5895881652832 -27.811689376831055 -27.13010597229004
vertex -42.465641021728516 -27.839736938476562 -26.855735778808594
endloop
endfacet
facet normal 0.23828389488131935 -0.9683884907924609 -0.07378696592819223
outer loop
vertex -42.84646987915039 -27.864858627319336 -27.26186752319336
vertex -42.5895881652832 -27.811689376831055 -27.13010597229004
vertex -42.736656188964844 -27.85934829711914 -26.97955894470215
endloop
endfacet
facet normal 0.1565367564932223 -0.9867944279910296 -0.0416293256303565
outer loop
vertex -42.84646987915039 -27.864858627319336 -27.26186752319336
vertex -42.736656188964844 -27.85934829711914 -26.97955894470215
vertex -43.00334930419922 -27.896648406982422 -27.09821891784668
endloop
endfacet
facet normal 0.07854425683811254 -0.9878639994018648 0.13399820298608983
outer loop
vertex -43.00334930419922 -27.896648406982422 -27.09821891784668
vertex -42.736656188964844 -27.85934829711914 -26.97955894470215
vertex -43.118263244628906 -27.881454467773438 -26.918848037719727
endloop
endfacet
facet normal 0.13208848772008402 -0.9770036389542311 0.1673813636042303
outer loop
vertex -43.26009750366211 -27.95029640197754 -27.208749771118164
vertex -43.00334930419922 -27.896648406982422 -27.09821891784668
vertex -43.118263244628906 -27.881454467773438 -26.918848037719727
endloop
endfacet
facet normal 0.05753151914127026 -0.97729411245988 0.20392729600657472
outer loop
vertex -43.26009750366211 -27.95029640197754 -27.208749771118164
vertex -43.118263244628906 -27.881454467773438 -26.918848037719727
vertex -43.66948699951172 -27.95993995666504 -27.139469146728516
endloop
endfacet
facet normal 0.09003532520582214 -0.9096915600398611 0.4054070865282525
outer loop
vertex -43.50130844116211 -28.01852798461914 -27.308284759521484
vertex -43.26009750366211 -27.95029640197754 -27.208749771118164
vertex -43.66948699951172 -27.95993995666504 -27.139469146728516
endloop
endfacet
facet normal 0.07332962022741824 -0.9172931801455051 0.3914025912738041
outer loop
vertex -43.91831588745117 -28.02234649658203 -27.239107131958008
vertex -43.50130844116211 -28.01852798461914 -27.308284759521484
vertex -43.66948699951172 -27.95993995666504 -27.139469146728516
endloop
endfacet
facet normal 0.09581481337353168 -0.8418691296612918 0.531108171714138
outer loop
vertex -43.72208023071289 -28.098224639892578 -27.394784927368164
vertex -43.50130844116211 -28.01852798461914 -27.308284759521484
vertex -43.91831588745117 -28.02234649658203 -27.239107131958008
endloop
endfacet
facet normal 0.0032755584304885433 -0.7659687847562792 0.6428694202526337
outer loop
vertex -48.04072952270508 -28.115196228027344 -27.328731536865234
vertex -44.14205551147461 -28.09852409362793 -27.328731536865234
vertex -43.91831588745117 -28.02234649658203 -27.239107131958008
endloop
endfacet
facet normal 0.08214210191461764 -0.8511776204876874 0.5184103909780041
outer loop
vertex -43.72208023071289 -28.098224639892578 -27.394784927368164
vertex -43.91831588745117 -28.02234649658203 -27.239107131958008
vertex -44.14205551147461 -28.09852409362793 -27.328731536865234
endloop
endfacet
facet normal 0.0030657403479958166 -0.7169041427792235 0.697165010095964
outer loop
vertex -45.44619369506836 -29.377641677856445 -28.638330459594727
vertex -44.14205551147461 -28.09852409362793 -27.328731536865234
vertex -48.04072952270508 -28.115196228027344 -27.328731536865234
endloop
endfacet
facet normal 0.1114953749417927 -0.7606636089300971 0.6394995351179149
outer loop
vertex -45.212890625 -29.376644134521484 -28.662315368652344
vertex -43.89017868041992 -28.194042205810547 -27.48626136779785
vertex -44.14205551147461 -28.09852409362793 -27.328731536865234
endloop
endfacet
facet normal 0.09917397410887935 -0.7726343770324796 0.6270571284078377
outer loop
vertex -43.89017868041992 -28.194042205810547 -27.48626136779785
vertex -43.72208023071289 -28.098224639892578 -27.394784927368164
vertex -44.14205551147461 -28.09852409362793 -27.328731536865234
endloop
endfacet
facet normal 0.07103644871479704 -0.7480172507647952 0.6598666649500243
outer loop
vertex -45.44619369506836 -29.377641677856445 -28.638330459594727
vertex -45.212890625 -29.376644134521484 -28.662315368652344
vertex -44.14205551147461 -28.09852409362793 -27.328731536865234
endloop
endfacet
facet normal 0.20447893292817246 -0.7956914130221631 0.5701434391724153
outer loop
vertex -45.0107421875 -29.375778198242188 -28.733606338500977
vertex -43.89017868041992 -28.194042205810547 -27.48626136779785
vertex -45.212890625 -29.376644134521484 -28.662315368652344
endloop
endfacet
facet normal 0.2590256790818041 -0.8648969454919796 0.4299522895099567
outer loop
vertex -43.65558624267578 -28.224924087524414 -27.689714431762695
vertex -43.72208023071289 -28.098224639892578 -27.394784927368164
vertex -43.89017868041992 -28.194042205810547 -27.48626136779785
endloop
endfacet
facet normal 0.004272440453048258 -0.9999908725816139 -3.171809337790876e-05
outer loop
vertex -45.0107421875 -29.375778198242188 -28.733606338500977
vertex -45.212890625 -29.376644134521484 -28.662315368652344
vertex -45.44619369506836 -29.377641677856445 -28.638330459594727
endloop
endfacet
facet normal 0.3033929753503679 -0.8127263086967443 0.49742200359475
outer loop
vertex -44.923152923583984 -29.375404357910156 -28.786418914794922
vertex -43.89017868041992 -28.194042205810547 -27.48626136779785
vertex -45.0107421875 -29.375778198242188 -28.733606338500977
endloop
endfacet
facet normal 0.3161559728381898 -0.8135532941338959 0.48803323497752116
outer loop
vertex -44.923152923583984 -29.375404357910156 -28.786418914794922
vertex -43.65558624267578 -28.224924087524414 -27.689714431762695
vertex -43.89017868041992 -28.194042205810547 -27.48626136779785
endloop
endfacet
facet normal 0.004285823078832053 -0.9999908153845167 2.944734771065254e-05
outer loop
vertex -44.923152923583984 -29.375404357910156 -28.786418914794922
vertex -45.0107421875 -29.375778198242188 -28.733606338500977
vertex -45.44619369506836 -29.377641677856445 -28.638330459594727
endloop
endfacet
facet normal 0.36436951514083654 -0.8208004616040758 0.43991073943081616
outer loop
vertex -44.84538650512695 -29.375072479248047 -28.85021209716797
vertex -43.65558624267578 -28.224924087524414 -27.689714431762695
vertex -44.923152923583984 -29.375404357910156 -28.786418914794922
endloop
endfacet
facet normal 0.48209736878886505 -0.8152235077759031 0.3209248500449987
outer loop
vertex -44.721431732177734 -29.374542236328125 -29.00888442993164
vertex -43.65558624267578 -28.224924087524414 -27.689714431762695
vertex -44.77798843383789 -29.374784469604492 -28.92453956604004
endloop
endfacet
facet normal 0.4233606417931735 -0.8220879671134356 0.38070610883957634
outer loop
vertex -44.84538650512695 -29.375072479248047 -28.85021209716797
vertex -44.77798843383789 -29.374784469604492 -28.92453956604004
vertex -43.65558624267578 -28.224924087524414 -27.689714431762695
endloop
endfacet
facet normal 0.004282698434950345 -0.9999908290355207 1.8411060743134495e-05
outer loop
vertex -44.84538650512695 -29.375072479248047 -28.85021209716797
vertex -44.923152923583984 -29.375404357910156 -28.786418914794922
vertex -45.44619369506836 -29.377641677856445 -28.638330459594727
endloop
endfacet
facet normal 0.0042730552342474006 -0.9999908704356764 -6.653100097848796e-06
outer loop
vertex -44.721431732177734 -29.374542236328125 -29.00888442993164
vertex -44.77798843383789 -29.374784469604492 -28.92453956604004
vertex -45.44619369506836 -29.377641677856445 -28.638330459594727
endloop
endfacet
facet normal 0.004277607720902712 -0.9999908509863377 3.97567109449143e-06
outer loop
vertex -44.84538650512695 -29.375072479248047 -28.85021209716797
vertex -45.44619369506836 -29.377641677856445 -28.638330459594727
vertex -44.77798843383789 -29.374784469604492 -28.92453956604004
endloop
endfacet
facet normal 1.0 0.0 0.0
outer loop
vertex 0.0 -21.786062240600586 -24.830223083496094
vertex 0.0 -21.169776916503906 -24.213937759399414
vertex 0.0 -20.436717987060547 -23.0
endloop
endfacet
facet normal -1.0 0.0 0.0
outer loop
vertex -53.81890869140625 -22.207387924194336 -23.256507873535156
vertex -53.81890869140625 -21.79170036315918 -23.0
vertex -53.81890869140625 -18.839027404785156 -23.0
endloop
endfacet
facet normal 0.0 0.7071067811865476 -0.7071067811865476
outer loop
vertex -25.818906784057617 -21.169776916503906 -24.213937759399414
vertex 0.0 -21.169776916503906 -24.213937759399414
vertex 0.0 -21.786062240600586 -24.830223083496094
endloop
endfacet
facet normal -0.9907170118382566 -0.07138731134542535 0.11568774452441925
outer loop
vertex -53.81890869140625 -22.207387924194336 -23.256507873535156
vertex -53.79533767700195 -22.118820190429688 -23.0
vertex -53.81890869140625 -21.79170036315918 -23.0
endloop
endfacet
facet normal 0.0 0.819152027240677 -0.5735764606985619
outer loop
vertex -25.818906784057617 -21.169776916503906 -24.213937759399414
vertex -25.818906784057617 -20.669872283935547 -23.5
vertex 0.0 -21.169776916503906 -24.213937759399414
endloop
endfacet
facet normal -0.9920165921130368 -0.058913457186957396 0.11150015934839294
outer loop
vertex -53.81890869140625 -22.207387924194336 -23.256507873535156
vertex -53.78483581542969 -22.295656204223633 -23.0
vertex -53.79533767700195 -22.118820190429688 -23.0
endloop
endfacet
facet normal -0.9236526640485996 -0.1790536971829392 0.33882964705150187
outer loop
vertex -53.78483581542969 -22.658586502075195 -23.191789627075195
vertex -53.697471618652344 -22.746326446533203 -23.0
vertex -53.78483581542969 -22.295656204223633 -23.0
endloop
endfacet
facet normal 1.0 0.0 -0.0
outer loop
vertex -25.818906784057617 -20.983989715576172 -24.862438201904297
vertex -25.818906784057617 -20.669872283935547 -23.5
vertex -25.818906784057617 -21.169776916503906 -24.213937759399414
endloop
endfacet
facet normal -0.9920164450053703 -0.05892066508176691 0.11149765946076803
outer loop
vertex -53.78483581542969 -22.658586502075195 -23.191789627075195
vertex -53.78483581542969 -22.295656204223633 -23.0
vertex -53.81890869140625 -22.207387924194336 -23.256507873535156
endloop
endfacet
facet normal 1.0 0.0 -0.0
outer loop
vertex -25.818906784057617 -21.739877700805664 -25.255430221557617
vertex -25.818906784057617 -20.983989715576172 -24.862438201904297
vertex -25.818906784057617 -21.169776916503906 -24.213937759399414
endloop
endfacet
facet normal -0.990701772299595 -0.057101457030348655 0.12348854994473336
outer loop
vertex -53.81890869140625 -22.859182357788086 -23.557899475097656
vertex -53.78483581542969 -22.658586502075195 -23.191789627075195
vertex -53.81890869140625 -22.207387924194336 -23.256507873535156
endloop
endfacet
facet normal 0.00025376303340535086 0.4612882911120283 -0.8872502736473331
outer loop
vertex -39.81890869140625 -21.047000885009766 -24.899202346801758
vertex -25.818906784057617 -20.983989715576172 -24.862438201904297
vertex -25.818906784057617 -21.739877700805664 -25.255430221557617
endloop
endfacet
facet normal -1.0 0.0 0.0
outer loop
vertex -53.81890869140625 -22.859182357788086 -23.557899475097656
vertex -53.81890869140625 -22.207387924194336 -23.256507873535156
vertex -53.81890869140625 -21.770872116088867 -25.26942253112793
endloop
endfacet
facet normal -6.039175506212072e-05 0.45627218679703446 -0.8898402597704197
outer loop
vertex -53.81890869140625 -21.770872116088867 -25.26942253112793
vertex -39.81890869140625 -21.047000885009766 -24.899202346801758
vertex -25.818906784057617 -21.739877700805664 -25.255430221557617
endloop
endfacet
facet normal -0.9999999999999999 0.0 0.0
outer loop
vertex -53.81890869140625 -21.770872116088867 -25.26942253112793
vertex -53.81890869140625 -22.207387924194336 -23.256507873535156
vertex -53.81890869140625 -21.008426666259766 -24.876789093017578
endloop
endfacet
facet normal -0.00016185924651774072 0.45782619616887016 -0.8890417020045388
outer loop
vertex -53.81890869140625 -21.770872116088867 -25.26942253112793
vertex -53.81890869140625 -21.008426666259766 -24.876789093017578
vertex -39.81890869140625 -21.047000885009766 -24.899202346801758
endloop
endfacet
facet normal 0.0 0.7071067811865476 -0.7071067811865476
outer loop
vertex -25.818906784057617 -21.786062240600586 -24.830223083496094
vertex -25.818906784057617 -21.169776916503906 -24.213937759399414
vertex 0.0 -21.786062240600586 -24.830223083496094
endloop
endfacet
facet normal 0.0 0.5735764606985619 -0.819152027240677
outer loop
vertex -25.818906784057617 -21.786062240600586 -24.830223083496094
vertex 0.0 -21.786062240600586 -24.830223083496094
vertex 4.3368086899420177e-16 -22.5 -25.330127716064453
endloop
endfacet
facet normal 1.0 0.0 -0.0
outer loop
vertex -25.818906784057617 -21.739877700805664 -25.255430221557617
vertex -25.818906784057617 -21.169776916503906 -24.213937759399414
vertex -25.818906784057617 -21.786062240600586 -24.830223083496094
endloop
endfacet
facet normal 0.0 0.5735764606985619 -0.819152027240677
outer loop
vertex -25.818906784057617 -22.5 -25.330127716064453
vertex -25.818906784057617 -21.786062240600586 -24.830223083496094
vertex 4.3368086899420177e-16 -22.5 -25.330127716064453
endloop
endfacet
facet normal 1.0 0.0 -0.0
outer loop
vertex -25.818906784057617 -22.5 -25.330127716064453
vertex -25.818906784057617 -21.739877700805664 -25.255430221557617
vertex -25.818906784057617 -21.786062240600586 -24.830223083496094
endloop
endfacet
facet normal 0.0 0.42261768290570534 -0.9063080569516155
outer loop
vertex -25.818906784057617 -22.5 -25.330127716064453
vertex 4.3368086899420177e-16 -22.5 -25.330127716064453
vertex 1.2037062152420224e-32 -23.289899826049805 -25.698463439941406
endloop
endfacet
facet normal 0.0 0.25881779813472716 -0.9659261604122189
outer loop
vertex -25.818906784057617 -23.289899826049805 -25.698463439941406
vertex 1.2037062152420224e-32 -23.289899826049805 -25.698463439941406
vertex 1.3010426069826053e-15 -24.131759643554688 -25.92403793334961
endloop
endfacet
facet normal 1.0 0.0 -0.0
outer loop
vertex -25.818906784057617 -22.53327178955078 -25.565811157226562
vertex -25.818906784057617 -21.739877700805664 -25.255430221557617
vertex -25.818906784057617 -22.5 -25.330127716064453
endloop
endfacet
facet normal 0.0 0.42261768290570534 -0.9063080569516155
outer loop
vertex -25.818906784057617 -23.289899826049805 -25.698463439941406
vertex -25.818906784057617 -22.5 -25.330127716064453
vertex 1.2037062152420224e-32 -23.289899826049805 -25.698463439941406
endloop
endfacet
facet normal 2.3158031792490912e-08 0.25881846078980647 -0.9659259828549985
outer loop
vertex -25.818906784057617 -24.049341201782227 -25.901954650878906
vertex -25.818906784057617 -23.289899826049805 -25.698463439941406
vertex 1.3010426069826053e-15 -24.131759643554688 -25.92403793334961
endloop
endfacet
facet normal 1.0 0.0 0.0
outer loop
vertex -25.818906784057617 -23.289899826049805 -25.698463439941406
vertex -25.818906784057617 -22.53327178955078 -25.565811157226562
vertex -25.818906784057617 -22.5 -25.330127716064453
endloop
endfacet
facet normal 1.0 0.0 0.0
outer loop
vertex -25.818906784057617 -24.049341201782227 -25.901954650878906
vertex -25.818906784057617 -23.355175018310547 -25.790061950683594
vertex -25.818906784057617 -23.289899826049805 -25.698463439941406
endloop
endfacet
facet normal 1.0 0.0 -0.0
outer loop
vertex -25.818906784057617 -23.355175018310547 -25.790061950683594
vertex -25.818906784057617 -22.53327178955078 -25.565811157226562
vertex -25.818906784057617 -23.289899826049805 -25.698463439941406
endloop
endfacet
facet normal 5.494384399957352e-05 0.15913597852758868 -0.9872566724612405
outer loop
vertex -25.84990692138672 -24.049365997314453 -25.901960372924805
vertex -25.818906784057617 -23.355175018310547 -25.790061950683594
vertex -25.818906784057617 -24.049341201782227 -25.901954650878906
endloop
endfacet
facet normal 7.192930893742479e-05 0.263221594439239 -0.9647353974261748
outer loop
vertex -53.81890869140625 -22.570968627929688 -25.578184127807617
vertex -25.818906784057617 -22.53327178955078 -25.565811157226562
vertex -25.818906784057617 -23.355175018310547 -25.790061950683594
endloop
endfacet
facet normal 8.162191684605543e-05 0.15913481705879684 -0.9872568578326139
outer loop
vertex -25.84990692138672 -24.049365997314453 -25.901960372924805
vertex -53.81890869140625 -23.399517059326172 -25.799524307250977
vertex -25.818906784057617 -23.355175018310547 -25.790061950683594
endloop
endfacet
facet normal -8.223306467481348e-05 0.258091468078659 -0.9661204828295101
outer loop
vertex -53.81890869140625 -23.399517059326172 -25.799524307250977
vertex -53.81890869140625 -22.570968627929688 -25.578184127807617
vertex -25.818906784057617 -23.355175018310547 -25.790061950683594
endloop
endfacet
facet normal -0.9999999999999999 0.0 0.0
outer loop
vertex -53.81890869140625 -23.399517059326172 -25.799524307250977
vertex -53.81890869140625 -24.24700164794922 -23.91742706298828
vertex -53.81890869140625 -23.542314529418945 -23.77926254272461
endloop
endfacet
facet normal -1.0 0.0 0.0
outer loop
vertex -53.81890869140625 -23.399517059326172 -25.799524307250977
vertex -53.81890869140625 -23.542314529418945 -23.77926254272461
vertex -53.81890869140625 -22.570968627929688 -25.578184127807617
endloop
endfacet
facet normal -0.0 0.0 1.0
outer loop
vertex -39.81890869140625 -18.839435577392578 -23.0
vertex -37.36884307861328 -25.00264549255371 -23.0
vertex -37.3667106628418 -25.00252342224121 -23.0
endloop
endfacet
facet normal -0.0 0.0 0.9999999999999999
outer loop
vertex -39.81890869140625 -18.839435577392578 -23.0
vertex -37.661155700683594 -25.04663848876953 -23.0
vertex -37.36884307861328 -25.00264549255371 -23.0
endloop
endfacet
facet normal -0.0 0.0 1.0
outer loop
vertex -39.81890869140625 -18.839435577392578 -23.0
vertex -37.6633186340332 -25.047000885009766 -23.0
vertex -37.661155700683594 -25.04663848876953 -23.0
endloop
endfacet
facet normal -0.0 0.0 0.9999999999999999
outer loop
vertex -39.81890869140625 -18.839435577392578 -23.0
vertex -38.018821716308594 -25.16393280029297 -23.0
vertex -37.6633186340332 -25.047000885009766 -23.0
endloop
endfacet
facet normal 1.0 -0.0 0.0
outer loop
vertex -25.818906784057617 -20.436717987060547 -23.0
vertex -25.818906784057617 -19.02437400817871 -23.23673439025879
vertex -25.818906784057617 -18.83867073059082 -23.0
endloop
endfacet
facet normal -0.0 0.0 1.0
outer loop
vertex -39.81890869140625 -18.839435577392578 -23.0
vertex -38.346317291259766 -25.345046997070312 -23.0
vertex -38.018821716308594 -25.16393280029297 -23.0
endloop
endfacet
facet normal 0.0004224985795001968 0.786806143898 -0.6172000594777273
outer loop
vertex -31.701013565063477 -18.835512161254883 -23.0
vertex -25.818906784057617 -18.83867073059082 -23.0
vertex -25.818906784057617 -19.02437400817871 -23.23673439025879
endloop
endfacet
facet normal -0.000375597808690393 0.777145098461017 -0.6293213446755977
outer loop
vertex -39.81890869140625 -19.101842880249023 -23.324045181274414
vertex -39.81890869140625 -18.839435577392578 -23.0
vertex -31.701013565063477 -18.835512161254883 -23.0
endloop
endfacet
facet normal -0.0 -0.0 1.0
outer loop
vertex -47.815773010253906 -18.835891723632812 -23.0
vertex -38.346317291259766 -25.345046997070312 -23.0
vertex -39.81890869140625 -18.839435577392578 -23.0
endloop
endfacet
facet normal 0.0 -0.0 1.0
outer loop
vertex -53.81890869140625 -21.79170036315918 -23.0
vertex -47.815773010253906 -18.835891723632812 -23.0
vertex -53.81890869140625 -18.839027404785156 -23.0
endloop
endfacet
facet normal -0.0003755671328583719 0.7771447248371883 -0.6293218060794172
outer loop
vertex -39.81890869140625 -19.101842880249023 -23.324045181274414
vertex -31.701013565063477 -18.835512161254883 -23.0
vertex -25.818906784057617 -19.02437400817871 -23.23673439025879
endloop
endfacet
facet normal 0.00034439606578153827 0.7771451071903251 -0.6293213517444707
outer loop
vertex -47.815773010253906 -18.835891723632812 -23.0
vertex -39.81890869140625 -18.839435577392578 -23.0
vertex -39.81890869140625 -19.101842880249023 -23.324045181274414
endloop
endfacet
facet normal -0.00041063813416908525 0.7861502223941741 -0.6180353219727117
outer loop
vertex -53.81890869140625 -19.031841278076172 -23.245262145996094
vertex -53.81890869140625 -18.839027404785156 -23.0
vertex -47.815773010253906 -18.835891723632812 -23.0
endloop
endfacet
facet normal 0.000383209866239343 0.7167122688321151 -0.6973688958189347
outer loop
vertex -39.81890869140625 -19.101842880249023 -23.324045181274414
vertex -25.818906784057617 -19.02437400817871 -23.23673439025879
vertex -25.818906784057617 -19.618494033813477 -23.847333908081055
endloop
endfacet
facet normal 0.0003443970203876706 0.7771451186503795 -0.6293213375919967
outer loop
vertex -53.81890869140625 -19.031841278076172 -23.245262145996094
vertex -47.815773010253906 -18.835891723632812 -23.0
vertex -39.81890869140625 -19.101842880249023 -23.324045181274414
endloop
endfacet
facet normal -1.0 0.0 -0.0
outer loop
vertex -53.81890869140625 -19.63099479675293 -23.85886001586914
vertex -53.81890869140625 -18.839027404785156 -23.0
vertex -53.81890869140625 -19.031841278076172 -23.245262145996094
endloop
endfacet
facet normal -0.00033524801049897974 0.7071067414502465 -0.7071067414502465
outer loop
vertex -39.81890869140625 -19.69395637512207 -23.91615867614746
vertex -39.81890869140625 -19.101842880249023 -23.324045181274414
vertex -25.818906784057617 -19.618494033813477 -23.847333908081055
endloop
endfacet
facet normal -0.00035400045227026056 0.7154779130645937 -0.6986352629236615
outer loop
vertex -53.81890869140625 -19.63099479675293 -23.85886001586914
vertex -53.81890869140625 -19.031841278076172 -23.245262145996094
vertex -39.81890869140625 -19.101842880249023 -23.324045181274414
endloop
endfacet
facet normal -1.0 0.0 -0.0
outer loop
vertex -53.81890869140625 -20.292390823364258 -24.40479278564453
vertex -53.81890869140625 -18.839027404785156 -23.0
vertex -53.81890869140625 -19.63099479675293 -23.85886001586914
endloop
endfacet
facet normal 0.00028602054425229476 0.707106752263139 -0.707106752263139
outer loop
vertex -53.81890869140625 -19.63099479675293 -23.85886001586914
vertex -39.81890869140625 -19.101842880249023 -23.324045181274414
vertex -39.81890869140625 -19.69395637512207 -23.91615867614746
endloop
endfacet
facet normal -0.0002935346463004409 0.6365779012928261 -0.7712123504087782
outer loop
vertex -53.81890869140625 -20.292390823364258 -24.40479278564453
vertex -53.81890869140625 -19.63099479675293 -23.85886001586914
vertex -39.81890869140625 -19.69395637512207 -23.91615867614746
endloop
endfacet
facet normal 0.0 0.2588116921092839 -0.9659277964876719
outer loop
vertex -25.84990692138672 -24.131759643554688 -25.92403793334961
vertex -25.818906784057617 -24.049341201782227 -25.901954650878906
vertex 1.3010426069826053e-15 -24.131759643554688 -25.92403793334961
endloop
endfacet
facet normal 0.0 0.08715523001223076 -0.9961947429501499
outer loop
vertex -25.84990692138672 -24.131759643554688 -25.92403793334961
vertex 1.3010426069826053e-15 -24.131759643554688 -25.92403793334961
vertex 4.3368086899420177e-16 -24.69285774230957 -25.973127365112305
endloop
endfacet
facet normal -2.872748239029695e-05 0.2588217735106518 -0.9659250947829923
outer loop
vertex -25.84990692138672 -24.131759643554688 -25.92403793334961
vertex -25.84990692138672 -24.049365997314453 -25.901960372924805
vertex -25.818906784057617 -24.049341201782227 -25.901954650878906
endloop
endfacet
facet normal -0.0013578512379910355 0.0249044376636274 -0.9996889142251573
outer loop
vertex -25.84990692138672 -24.196378707885742 -25.925647735595703
vertex -25.84990692138672 -24.131759643554688 -25.92403793334961
vertex 4.3368086899420177e-16 -24.69285774230957 -25.973127365112305
endloop
endfacet
facet normal 0.0009737379724175654 0.04254243272931844 -0.9990941863767561
outer loop
vertex -40.26595687866211 -24.51498031616211 -25.953289031982422
vertex -25.84990692138672 -24.198440551757812 -25.92576026916504
vertex -37.218910217285156 -24.99700164794922 -25.970844268798828
endloop
endfacet
facet normal 0.999990879732239 0.004270884257700244 -0.0
outer loop
vertex -40.26595687866211 -24.51498031616211 -25.953289031982422
vertex -40.26708984375 -24.249706268310547 -25.97100067138672
vertex -40.26708984375 -24.249706268310547 -25.931171417236328
endloop
endfacet
facet normal -0.9999999999999999 0.0 -0.0
outer loop
vertex -25.84990692138672 -24.196378707885742 -25.925647735595703
vertex -25.84990692138672 -24.049365997314453 -25.901960372924805
vertex -25.84990692138672 -24.131759643554688 -25.92403793334961
endloop
endfacet
facet normal -0.0007873125888878193 0.05449796549633735 -0.9985135712125538
outer loop
vertex -25.84990692138672 -24.198440551757812 -25.92576026916504
vertex -25.84990692138672 -24.196378707885742 -25.925647735595703
vertex 4.3368086899420177e-16 -24.69285774230957 -25.973127365112305
endloop
endfacet
facet normal 7.857605409271207e-05 0.08308850777038365 -0.9965421685519857
outer loop
vertex -40.26595687866211 -24.51498031616211 -25.953289031982422
vertex -40.26708984375 -24.249706268310547 -25.931171417236328
vertex -25.84990692138672 -24.198440551757812 -25.92576026916504
endloop
endfacet
facet normal -0.004276084936795851 0.999990857507014 0.0
outer loop
vertex -48.25711441040039 -24.283872604370117 -25.934518814086914
vertex -40.26708984375 -24.249706268310547 -25.931171417236328
vertex -40.26708984375 -24.249706268310547 -25.97100067138672
endloop
endfacet
facet normal 8.014823626690096e-05 0.15907296230221732 -0.9872668262636286
outer loop
vertex -25.84990692138672 -24.196378707885742 -25.925647735595703
vertex -53.81890869140625 -23.399517059326172 -25.799524307250977
vertex -25.84990692138672 -24.049365997314453 -25.901960372924805
endloop
endfacet
facet normal 0.00018098045319852338 0.054497981494418556 -0.9985138643299399
outer loop
vertex -40.26708984375 -24.249706268310547 -25.931171417236328
vertex -25.84990692138672 -24.196378707885742 -25.925647735595703
vertex -25.84990692138672 -24.198440551757812 -25.92576026916504
endloop
endfacet
facet normal -5.451450198035986e-07 0.0976329550653915 -0.9952224907451107
outer loop
vertex -53.81890869140625 -24.24700164794922 -25.930898666381836
vertex -40.26708984375 -24.249706268310547 -25.931171417236328
vertex -48.25711441040039 -24.283872604370117 -25.934518814086914
endloop
endfacet
facet normal -1.0 0.0 0.0
outer loop
vertex -53.81890869140625 -24.24700164794922 -25.930898666381836
vertex -53.81890869140625 -24.24700164794922 -23.91742706298828
vertex -53.81890869140625 -23.399517059326172 -25.799524307250977
endloop
endfacet
facet normal -0.00017703015783575944 0.15026453148665733 -0.9886458108126583
outer loop
vertex -40.26708984375 -24.249706268310547 -25.931171417236328
vertex -53.81890869140625 -23.399517059326172 -25.799524307250977
vertex -25.84990692138672 -24.196378707885742 -25.925647735595703
endloop
endfacet
facet normal 1.0683549899484127e-05 0.15318717815939797 -0.988197191016764
outer loop
vertex -53.81890869140625 -24.24700164794922 -25.930898666381836
vertex -53.81890869140625 -23.399517059326172 -25.799524307250977
vertex -40.26708984375 -24.249706268310547 -25.931171417236328
endloop
endfacet
facet normal 0.0 0.0 1.0
outer loop
vertex -39.81890869140625 -18.839435577392578 -23.0
vertex -37.068973541259766 -25.00264549255371 -23.0
vertex -36.77666091918945 -25.04663848876953 -23.0
endloop
endfacet
facet normal -0.1488236967843454 -0.9888629730926356 -0.0012360104508683054
outer loop
vertex -36.9981803894043 -25.009586334228516 -25.970975875854492
vertex -36.77666091918945 -25.04663848876953 -23.0
vertex -37.068973541259766 -25.00264549255371 -23.0
endloop
endfacet
facet normal -8.330240812189656e-09 0.000662674358938937 -0.9999997804313229
outer loop
vertex -36.9981803894043 -25.009586334228516 -25.970975875854492
vertex -25.84990692138672 -25.046863555908203 -25.97100067138672
vertex -36.774497985839844 -25.047000885009766 -25.97100067138672
endloop
endfacet
facet normal -0.16497448976604315 -0.9862978341892437 2.0255838967641294e-07
outer loop
vertex -36.9981803894043 -25.009586334228516 -25.970975875854492
vertex -36.774497985839844 -25.047000885009766 -25.97100067138672
vertex -36.77666091918945 -25.04663848876953 -23.0
endloop
endfacet
facet normal -0.0 -0.0 0.9999999999999999
outer loop
vertex -36.32050323486328 -45.710960388183594 -23.0
vertex -36.154747009277344 -45.80653762817383 -23.0
vertex -36.35197830200195 -28.799341201782227 -23.0
endloop
endfacet
facet normal 0.0 0.0 0.9999999999999999
outer loop
vertex -35.87364196777344 -46.017539978027344 -23.0
vertex -36.35197830200195 -28.799341201782227 -23.0
vertex -36.01984786987305 -45.90012741088867 -23.0
endloop
endfacet
facet normal 0.0 0.0 1.0
outer loop
vertex -36.01984786987305 -45.90012741088867 -23.0
vertex -36.35197830200195 -28.799341201782227 -23.0
vertex -36.154747009277344 -45.80653762817383 -23.0
endloop
endfacet
facet normal 0.000956139650992974 -0.15803803837076627 -0.9874325618617648
outer loop
vertex -35.8514404296875 -46.03753662109375 -25.853038787841797
vertex -36.08849334716797 -45.847198486328125 -25.883731842041016
vertex -25.818906784057617 -46.33209228515625 -25.796180725097656
endloop
endfacet
facet normal -0.626150142800951 -0.7797022815274067 0.0005923270255060198
outer loop
vertex -35.8514404296875 -46.03753662109375 -25.853038787841797
vertex -35.87364196777344 -46.017539978027344 -23.0
vertex -36.01984786987305 -45.90012741088867 -23.0
endloop
endfacet
facet normal -0.570024564482872 -0.821626260447045 -0.0015113007367302835
outer loop
vertex -36.08849334716797 -45.847198486328125 -25.883731842041016
vertex -36.01984786987305 -45.90012741088867 -23.0
vertex -36.154747009277344 -45.80653762817383 -23.0
endloop
endfacet
facet normal -0.6261362460558155 -0.77971344025453 0.000593684745272255
outer loop
vertex -35.8514404296875 -46.03753662109375 -25.853038787841797
vertex -36.01984786987305 -45.90012741088867 -23.0
vertex -36.08849334716797 -45.847198486328125 -25.883731842041016
endloop
endfacet
facet normal 0.0 0.0 0.9999999999999999
outer loop
vertex -35.45052719116211 -46.56671142578125 -23.0
vertex -26.5986270904541 -44.64699935913086 -23.0
vertex -26.5986270904541 -43.855499267578125 -23.0
endloop
endfacet
facet normal 0.0 0.0 1.0
outer loop
vertex -35.532020568847656 -46.429420471191406 -23.0
vertex -26.5986270904541 -43.855499267578125 -23.0
vertex -26.5986270904541 -39.0 -23.0
endloop
endfacet
facet normal 0.0 -0.0 0.9999999999999999
outer loop
vertex -35.45052719116211 -46.56671142578125 -23.0
vertex -26.5986270904541 -43.855499267578125 -23.0
vertex -35.532020568847656 -46.429420471191406 -23.0
endloop
endfacet
facet normal 0.0 -0.0 1.0
outer loop
vertex -35.532020568847656 -46.429420471191406 -23.0
vertex -26.5986270904541 -39.0 -23.0
vertex -35.63665771484375 -46.27392578125 -23.0
endloop
endfacet
facet normal -0.8599173481021053 -0.5104310727286823 -0.0015081200514273482
outer loop
vertex -35.480751037597656 -46.50764846801758 -25.75678253173828
vertex -35.45052719116211 -46.56671142578125 -23.0
vertex -35.532020568847656 -46.429420471191406 -23.0
endloop
endfacet
facet normal -8.60616633091876e-05 -0.21446115690010528 -0.9767325144452079
outer loop
vertex -35.64792251586914 -46.25926208496094 -25.81130599975586
vertex -25.818906784057617 -46.33209228515625 -25.796180725097656
vertex -35.480751037597656 -46.50764846801758 -25.75678253173828
endloop
endfacet
facet normal -0.8296438788130392 -0.5582928118306675 0.0004130451088101272
outer loop
vertex -35.480751037597656 -46.50764846801758 -25.75678253173828
vertex -35.532020568847656 -46.429420471191406 -23.0
vertex -35.63665771484375 -46.27392578125 -23.0
endloop
endfacet
facet normal -0.8296476488473252 -0.5582872098873862 0.0004123569606767177
outer loop
vertex -35.64792251586914 -46.25926208496094 -25.81130599975586
vertex -35.480751037597656 -46.50764846801758 -25.75678253173828
vertex -35.63665771484375 -46.27392578125 -23.0
endloop
endfacet
facet normal 0.0 0.0 0.9999999999999999
outer loop
vertex -26.5986270904541 -39.0 -23.0
vertex -35.468719482421875 -27.964906692504883 -23.0
vertex -35.703399658203125 -28.302080154418945 -23.0
endloop
endfacet
facet normal 0.0 0.0 -1.0
outer loop
vertex -35.468719482421875 -27.964906692504883 -25.97100067138672
vertex -35.307884216308594 -27.586896896362305 -25.97100067138672
vertex -25.84990692138672 -25.046863555908203 -25.97100067138672
endloop
endfacet
facet normal -0.8207628475673794 0.5712690679995608 0.0
outer loop
vertex -35.468719482421875 -27.964906692504883 -25.97100067138672
vertex -35.703399658203125 -28.302080154418945 -23.0
vertex -35.468719482421875 -27.964906692504883 -23.0
endloop
endfacet
facet normal -0.9201721459576392 0.3915140122699483 0.0
outer loop
vertex -35.468719482421875 -27.964906692504883 -25.97100067138672
vertex -35.468719482421875 -27.964906692504883 -23.0
vertex -35.307884216308594 -27.586896896362305 -25.97100067138672
endloop
endfacet
facet normal 0.0 -0.0 1.0
outer loop
vertex -25.852981567382812 -22.296125411987305 -23.0
vertex 0.0 -20.436717987060547 -23.0
vertex -25.818906784057617 -20.436717987060547 -23.0
endloop
endfacet
facet normal 0.0 -0.0 0.9999999999999999
outer loop
vertex -25.85198974609375 -22.79277992248535 -23.0
vertex 0.0 -20.436717987060547 -23.0
vertex -25.852981567382812 -22.296125411987305 -23.0
endloop
endfacet
facet normal 0.0 -0.0 1.0
outer loop
vertex -25.850971221923828 -23.586654663085938 -23.0
vertex 0.0 -20.436717987060547 -23.0
vertex -25.85198974609375 -22.79277992248535 -23.0
endloop
endfacet
facet normal 0.0 -0.0 1.0
outer loop
vertex -25.85040855407715 -23.971845626831055 -23.0
vertex 0.0 -20.436717987060547 -23.0
vertex -25.850971221923828 -23.586654663085938 -23.0
endloop
endfacet
facet normal 0.0 -0.0 0.9999999999999999
outer loop
vertex -25.84990692138672 -25.0 -23.0
vertex 0.0 -20.436717987060547 -23.0
vertex -25.85040855407715 -23.971845626831055 -23.0
endloop
endfacet
facet normal 1.0 0.0 -0.0
outer loop
vertex 0.0 -43.33012771606445 -23.5
vertex 0.0 -20.436717987060547 -23.0
vertex 0.0 -43.56328201293945 -23.0
endloop
endfacet
facet normal 0.0 -0.0 1.0
outer loop
vertex -25.84990692138672 -43.56328201293945 -23.0
vertex 0.0 -20.436717987060547 -23.0
vertex -25.84990692138672 -25.0 -23.0
endloop
endfacet
facet normal -0.9999999999999999 0.0 0.0
outer loop
vertex -25.84990692138672 -43.33012771606445 -23.5
vertex -25.84990692138672 -43.56328201293945 -23.0
vertex -25.84990692138672 -25.0 -23.0
endloop
endfacet
facet normal 0.0 -0.9063074622577717 -0.42261895823055273
outer loop
vertex -25.84990692138672 -43.33012771606445 -23.5
vertex 0.0 -43.33012771606445 -23.5
vertex 0.0 -43.56328201293945 -23.0
endloop
endfacet
facet normal 0.0 0.0 1.0
outer loop
vertex -25.84990692138672 -43.56328201293945 -23.0
vertex 0.0 -43.56328201293945 -23.0
vertex 0.0 -20.436717987060547 -23.0
endloop
endfacet
facet normal -0.0 -0.9063074622577717 -0.42261895823055273
outer loop
vertex -25.84990692138672 -43.33012771606445 -23.5
vertex 0.0 -43.56328201293945 -23.0
vertex -25.84990692138672 -43.56328201293945 -23.0
endloop
endfacet
facet normal 0.792888098918253 -0.03416828776223162 0.6084085721825392
outer loop
vertex -25.952880859375 -25.047000885009766 -23.47100067138672
vertex -26.111801147460938 -24.45438575744629 -23.23061180114746
vertex -26.111801147460938 -25.047000885009766 -23.263893127441406
endloop
endfacet
facet normal 0.6087629634380023 -0.0 0.7933521628798786
outer loop
vertex -26.111801147460938 -44.64699935913086 -23.263893127441406
vertex -26.111801147460938 -25.047000885009766 -23.263893127441406
vertex -26.318906784057617 -44.64699935913086 -23.1049747467041
endloop
endfacet
facet normal 0.7933513418582181 0.0 0.6087640334084831
outer loop
vertex -26.111801147460938 -44.64699935913086 -23.263893127441406
vertex -25.952880859375 -25.047000885009766 -23.47100067138672
vertex -26.111801147460938 -25.047000885009766 -23.263893127441406
endloop
endfacet
facet normal 0.0 0.9999999999999999 -0.0
outer loop
vertex -26.111801147460938 -44.64699935913086 -23.263893127441406
vertex -26.318906784057617 -44.64699935913086 -23.1049747467041
vertex -25.818906784057617 -44.64699935913086 -23.0
endloop
endfacet
facet normal 0.7933513418582181 -0.0 0.6087640334084831
outer loop
vertex -25.952880859375 -44.64699935913086 -23.47100067138672
vertex -25.952880859375 -25.047000885009766 -23.47100067138672
vertex -26.111801147460938 -44.64699935913086 -23.263893127441406
endloop
endfacet
facet normal 0.9238807634942465 0.0 0.3826804604958138
outer loop
vertex -25.952880859375 -44.64699935913086 -23.47100067138672
vertex -25.852981567382812 -25.047000885009766 -23.712181091308594
vertex -25.952880859375 -25.047000885009766 -23.47100067138672
endloop
endfacet
facet normal 0.0 0.9999999999999999 -0.0
outer loop
vertex -25.952880859375 -44.64699935913086 -23.47100067138672
vertex -26.111801147460938 -44.64699935913086 -23.263893127441406
vertex -25.818906784057617 -44.64699935913086 -23.0
endloop
endfacet
facet normal -0.9999906155477228 -0.00017527772372273175 0.004328752037909373
outer loop
vertex -25.84990692138672 -43.16520309448242 -23.735536575317383
vertex -25.84990692138672 -25.0 -23.0
vertex -25.852981567382812 -25.047000885009766 -23.712181091308594
endloop
endfacet
facet normal 0.9324678760752506 -0.0003074380483753881 0.361252772403974
outer loop
vertex -25.84990692138672 -43.16520309448242 -23.735536575317383
vertex -25.852981567382812 -25.047000885009766 -23.712181091308594
vertex -25.952880859375 -44.64699935913086 -23.47100067138672
endloop
endfacet
facet normal 0.0 1.0 -0.0
outer loop
vertex -25.852981567382812 -44.64699935913086 -23.712181091308594
vertex -25.952880859375 -44.64699935913086 -23.47100067138672
vertex -25.818906784057617 -44.64699935913086 -23.0
endloop
endfacet
facet normal -1.0 0.0 0.0
outer loop
vertex -25.84990692138672 -43.16520309448242 -23.735536575317383
vertex -25.84990692138672 -43.33012771606445 -23.5
vertex -25.84990692138672 -25.0 -23.0
endloop
endfacet
facet normal 0.9238729427629532 0.004114620625233818 0.3826772210723177
outer loop
vertex -25.852981567382812 -44.64699935913086 -23.712181091308594
vertex -25.84990692138672 -43.16520309448242 -23.735536575317383
vertex -25.952880859375 -44.64699935913086 -23.47100067138672
endloop
endfacet
facet normal 0.0 1.0 -0.0
outer loop
vertex -25.818906784057617 -44.64699935913086 -23.97100067138672
vertex -25.852981567382812 -44.64699935913086 -23.712181091308594
vertex -25.818906784057617 -44.64699935913086 -23.0
endloop
endfacet
facet normal -0.0 -0.8191518220260827 -0.5735767537752458
outer loop
vertex -25.84990692138672 -43.16520309448242 -23.735536575317383
vertex 0.0 -43.33012771606445 -23.5
vertex -25.84990692138672 -43.33012771606445 -23.5
endloop
endfacet
facet normal 0.9914445940870461 1.4081593868183076e-07 0.13052822244845153
outer loop
vertex -25.818906784057617 -44.64699935913086 -23.97100067138672
vertex -25.84990692138672 -43.16520309448242 -23.735536575317383
vertex -25.852981567382812 -44.64699935913086 -23.712181091308594
endloop
endfacet
facet normal 3.671010533967047e-08 -0.8191499290582889 -0.5735794572017017
outer loop
vertex -25.818906784057617 -43.000328063964844 -23.97100067138672
vertex 0.0 -43.33012771606445 -23.5
vertex -25.84990692138672 -43.16520309448242 -23.735536575317383
endloop
endfacet
facet normal 0.9914444794064743 -0.0 0.13052909351721273
outer loop
vertex -25.818906784057617 -44.64699935913086 -23.97100067138672
vertex -25.818906784057617 -43.000328063964844 -23.97100067138672
vertex -25.84990692138672 -43.16520309448242 -23.735536575317383
endloop
endfacet
facet normal -1.3152470660518977e-07 -0.8191542620447789 -0.5735732690544918
outer loop
vertex -25.818906784057617 -43.000328063964844 -23.97100067138672
vertex -25.818906784057617 -42.830223083496094 -24.213937759399414
vertex 0.0 -43.33012771606445 -23.5
endloop
endfacet
facet normal 1.0 -0.0 -0.0
outer loop
vertex -25.818906784057617 -44.64699935913086 -23.97100067138672
vertex -25.818906784057617 -42.830223083496094 -24.213937759399414
vertex -25.818906784057617 -43.000328063964844 -23.97100067138672
endloop
endfacet
facet normal 0.0 -0.819152027240677 -0.5735764606985619
outer loop
vertex -25.818906784057617 -42.830223083496094 -24.213937759399414
vertex 0.0 -42.830223083496094 -24.213937759399414
vertex 0.0 -43.33012771606445 -23.5
endloop
endfacet
facet normal 0.9999999999999999 0.0 -0.0
outer loop
vertex -25.818906784057617 -44.66879653930664 -25.97100067138672
vertex -25.818906784057617 -42.830223083496094 -24.213937759399414
vertex -25.818906784057617 -44.64699935913086 -23.97100067138672
endloop
endfacet
facet normal -0.0 -0.7071078754039036 -0.7071056869674981
outer loop
vertex -25.818906784057617 -42.21393966674805 -24.830223083496094
vertex 0.0 -42.830223083496094 -24.213937759399414
vertex -25.818906784057617 -42.830223083496094 -24.213937759399414
endloop
endfacet
facet normal 1.0 0.0 -0.0
outer loop
vertex -25.818906784057617 -44.66879653930664 -25.97100067138672
vertex -25.818906784057617 -42.21393966674805 -24.830223083496094
vertex -25.818906784057617 -42.830223083496094 -24.213937759399414
endloop
endfacet
facet normal 0.0 -0.0 1.0
outer loop
vertex -35.23896408081055 -47.245994567871094 -23.0
vertex -25.818906784057617 -44.64699935913086 -23.0
vertex -26.5986270904541 -44.64699935913086 -23.0
endloop
endfacet
facet normal 0.0 -0.0 1.0
outer loop
vertex -35.222877502441406 -47.39558410644531 -23.0
vertex -25.818906784057617 -44.64699935913086 -23.0
vertex -35.23896408081055 -47.245994567871094 -23.0
endloop
endfacet
facet normal -0.0 0.0 1.0
outer loop
vertex -35.222877502441406 -47.39558410644531 -23.0
vertex -25.818906784057617 -50.87636184692383 -23.0
vertex -25.818906784057617 -44.64699935913086 -23.0
endloop
endfacet
facet normal 1.0 -0.0 0.0
outer loop
vertex -25.818906784057617 -50.87636184692383 -23.0
vertex -25.818906784057617 -44.64699935913086 -23.97100067138672
vertex -25.818906784057617 -44.64699935913086 -23.0
endloop
endfacet
facet normal 0.9999999999999999 -0.0 0.0
outer loop
vertex -25.818906784057617 -50.87636184692383 -23.0
vertex -25.818906784057617 -46.33209228515625 -25.796180725097656
vertex -25.818906784057617 -44.64699935913086 -23.97100067138672
endloop
endfacet
facet normal 0.9999999999999999 0.0 -0.0
outer loop
vertex -25.818906784057617 -45.50502395629883 -25.927175521850586
vertex -25.818906784057617 -44.64699935913086 -23.97100067138672
vertex -25.818906784057617 -46.33209228515625 -25.796180725097656
endloop
endfacet
facet normal -0.0 -0.0 1.0
outer loop
vertex -36.4729118347168 -45.64790725708008 -23.0
vertex -36.32050323486328 -45.710960388183594 -23.0
vertex -36.35197830200195 -28.799341201782227 -23.0
endloop
endfacet
facet normal 0.001034032385323306 -0.15643443077651553 -0.9876878047463449
outer loop
vertex -36.08849334716797 -45.847198486328125 -25.883731842041016
vertex -25.818906784057617 -45.50502395629883 -25.927175521850586
vertex -25.818906784057617 -46.33209228515625 -25.796180725097656
endloop
endfacet
facet normal -0.38228685267122986 -0.924042992605339 -0.0011445923705032306
outer loop
vertex -36.3577880859375 -45.69193649291992 -25.905303955078125
vertex -36.32050323486328 -45.710960388183594 -23.0
vertex -36.4729118347168 -45.64790725708008 -23.0
endloop
endfacet
facet normal 0.0003736921009205952 -0.13698219645268037 -0.9905734390792099
outer loop
vertex -36.3577880859375 -45.69193649291992 -25.905303955078125
vertex -25.818906784057617 -45.50502395629883 -25.927175521850586
vertex -36.08849334716797 -45.847198486328125 -25.883731842041016
endloop
endfacet
facet normal -0.49952094248950496 -0.8663014964300128 0.0007384426297531511
outer loop
vertex -36.08849334716797 -45.847198486328125 -25.883731842041016
vertex -36.154747009277344 -45.80653762817383 -23.0
vertex -36.32050323486328 -45.710960388183594 -23.0
endloop
endfacet
facet normal -0.49952444615266633 -0.8662994764834299 0.0007380653137484058
outer loop
vertex -36.3577880859375 -45.69193649291992 -25.905303955078125
vertex -36.08849334716797 -45.847198486328125 -25.883731842041016
vertex -36.32050323486328 -45.710960388183594 -23.0
endloop
endfacet
facet normal 0.0 -0.0 1.0
outer loop
vertex -36.8381233215332 -45.5394287109375 -23.0
vertex -36.7385139465332 -28.93844985961914 -23.0
vertex -37.14531707763672 -28.995647430419922 -23.0
endloop
endfacet
facet normal -0.0 -0.0 1.0
outer loop
vertex -37.00117111206055 -45.51009750366211 -23.0
vertex -36.8381233215332 -45.5394287109375 -23.0
vertex -37.14531707763672 -28.995647430419922 -23.0
endloop
endfacet
facet normal -0.1770511651487899 -0.98420092349975 -0.0011946136175538709
outer loop
vertex -36.953033447265625 -45.51520538330078 -25.926176071166992
vertex -36.8381233215332 -45.5394287109375 -23.0
vertex -37.00117111206055 -45.51009750366211 -23.0
endloop
endfacet
facet normal 1.1477114292194055e-05 -0.1101181759284845 -0.9939185012859248
outer loop
vertex -36.953033447265625 -45.51520538330078 -25.926176071166992
vertex -25.818906784057617 -45.50502395629883 -25.927175521850586
vertex -36.649993896484375 -45.5799560546875 -25.91899871826172
endloop
endfacet
facet normal -0.2089565101962437 -0.9779249279421399 0.00011025410561598956
outer loop
vertex -36.953033447265625 -45.51520538330078 -25.926176071166992
vertex -36.649993896484375 -45.5799560546875 -25.91899871826172
vertex -36.8381233215332 -45.5394287109375 -23.0
endloop
endfacet
facet normal 0.0 -0.0 1.0
outer loop
vertex -40.0449104309082 -47.49700164794922 -23.0
vertex -38.63433837890625 -46.08400344848633 -23.0
vertex -51.81890869140625 -26.24700164794922 -23.0
endloop
endfacet
facet normal 0.0 -0.0 1.0
outer loop
vertex -51.81890869140625 -48.24700164794922 -23.0
vertex -40.0449104309082 -47.49700164794922 -23.0
vertex -51.81890869140625 -26.24700164794922 -23.0
endloop
endfacet
facet normal -1.0 0.0 0.0
outer loop
vertex -51.81890869140625 -48.24700164794922 -25.126171112060547
vertex -51.81890869140625 -48.24700164794922 -23.0
vertex -51.81890869140625 -26.24700164794922 -23.0
endloop
endfacet
facet normal -1.0 0.0 -0.0
outer loop
vertex -51.81890869140625 -48.24700164794922 -25.126171112060547
vertex -51.81890869140625 -26.24700164794922 -23.0
vertex -51.81890869140625 -47.5689811706543 -25.426799774169922
endloop
endfacet
facet normal 0.7077122310064187 -0.7065008125146902 0.0
outer loop
vertex -40.0449104309082 -47.49700164794922 -25.45439910888672
vertex -39.348567962646484 -46.79946517944336 -25.682048797607422
vertex -40.0449104309082 -47.49700164794922 -23.0
endloop
endfacet
facet normal -1.0 0.0 -0.0
outer loop
vertex -51.81890869140625 -47.5689811706543 -25.426799774169922
vertex -51.81890869140625 -26.24700164794922 -23.0
vertex -51.81890869140625 -46.866031646728516 -25.663345336914062
endloop
endfacet
facet normal 0.00023154284711492817 -0.3104661704217449 -0.9505844009931818
outer loop
vertex -40.0449104309082 -47.49700164794922 -25.45439910888672
vertex -51.81890869140625 -46.866031646728516 -25.663345336914062
vertex -39.348567962646484 -46.79946517944336 -25.682048797607422
endloop
endfacet
facet normal -0.0002719136734208236 -0.31893133422152076 -0.947777785197899
outer loop
vertex -51.81890869140625 -47.5689811706543 -25.426799774169922
vertex -51.81890869140625 -46.866031646728516 -25.663345336914062
vertex -40.0449104309082 -47.49700164794922 -25.45439910888672
endloop
endfacet
facet normal -0.9999971789925437 -0.0022859160976040735 0.0006454413598746872
outer loop
vertex -49.2461051940918 -26.860836029052734 -25.97100067138672
vertex -49.24988555908203 -25.207077026367188 -25.97100067138672
vertex -49.24662399291992 -26.739641189575195 -26.34556007385254
endloop
endfacet
facet normal -0.9906635882737609 -0.13010423830544535 -0.040725201577352946
outer loop
vertex -49.204410552978516 -27.0496826171875 -26.381940841674805
vertex -49.2461051940918 -26.860836029052734 -25.97100067138672
vertex -49.24662399291992 -26.739641189575195 -26.34556007385254
endloop
endfacet
facet normal -0.9999975776813309 -0.00218758575263553 0.0002431050089182311
outer loop
vertex -49.24681854248047 -26.694164276123047 -26.736602783203125
vertex -49.24662399291992 -26.739641189575195 -26.34556007385254
vertex -49.24988555908203 -25.207077026367188 -25.97100067138672
endloop
endfacet
facet normal -0.9999980518988404 -0.0019647372662096613 -0.00018975246640668688
outer loop
vertex -49.246681213378906 -26.726165771484375 -27.128978729248047
vertex -49.24681854248047 -26.694164276123047 -26.736602783203125
vertex -49.24988555908203 -25.207077026367188 -25.97100067138672
endloop
endfacet
facet normal -0.9909737746740664 -0.13266577102773833 -0.019255417571382306
outer loop
vertex -49.204586029052734 -27.007848739624023 -26.661136627197266
vertex -49.204410552978516 -27.0496826171875 -26.381940841674805
vertex -49.24662399291992 -26.739641189575195 -26.34556007385254
endloop
endfacet
facet normal -0.9904418547500016 -0.137063182278033 -0.015447214091721452
outer loop
vertex -49.204586029052734 -27.007848739624023 -26.661136627197266
vertex -49.24662399291992 -26.739641189575195 -26.34556007385254
vertex -49.24681854248047 -26.694164276123047 -26.736602783203125
endloop
endfacet
facet normal -0.9903317554188076 -0.13828777168942605 0.010931898749817887
outer loop
vertex -49.204566955566406 -27.013092041015625 -26.943403244018555
vertex -49.24681854248047 -26.694164276123047 -26.736602783203125
vertex -49.246681213378906 -26.726165771484375 -27.128978729248047
endloop
endfacet
facet normal -0.9217744958919142 -0.38353039641645453 -0.05688772932579155
outer loop
vertex -49.083473205566406 -27.296138763427734 -26.67995834350586
vertex -49.204410552978516 -27.0496826171875 -26.381940841674805
vertex -49.204586029052734 -27.007848739624023 -26.661136627197266
endloop
endfacet
facet normal -0.9911316220377155 -0.1328621196264922 0.0024010342027640562
outer loop
vertex -49.204566955566406 -27.013092041015625 -26.943403244018555
vertex -49.204586029052734 -27.007848739624023 -26.661136627197266
vertex -49.24681854248047 -26.694164276123047 -26.736602783203125
endloop
endfacet
facet normal -0.921757053368803 -0.38770239515673455 0.007126524720582482
outer loop
vertex -49.08345413208008 -27.30048370361328 -26.913867950439453
vertex -49.083473205566406 -27.296138763427734 -26.67995834350586
vertex -49.204586029052734 -27.007848739624023 -26.661136627197266
endloop
endfacet
facet normal -0.9217528775366153 -0.3877120798557849 0.007139739972215411
outer loop
vertex -49.08345413208008 -27.30048370361328 -26.913867950439453
vertex -49.204586029052734 -27.007848739624023 -26.661136627197266
vertex -49.204566955566406 -27.013092041015625 -26.943403244018555
endloop
endfacet
facet normal -0.9217803919601132 -0.3811665683523965 0.07094333068243922
outer loop
vertex -49.08327102661133 -27.343719482421875 -27.143787384033203
vertex -49.08345413208008 -27.30048370361328 -26.913867950439453
vertex -49.204566955566406 -27.013092041015625 -26.943403244018555
endloop
endfacet
facet normal -0.789747551257788 -0.6029792947305017 0.11275981291503738
outer loop
vertex -48.891544342041016 -27.582456588745117 -27.07761001586914
vertex -49.08345413208008 -27.30048370361328 -26.913867950439453
vertex -49.08327102661133 -27.343719482421875 -27.143787384033203
endloop
endfacet
facet normal -0.7898629553153005 -0.5758298342956473 0.211036759252096
outer loop
vertex -48.89126205444336 -27.649011611938477 -27.258153915405273
vertex -48.891544342041016 -27.582456588745117 -27.07761001586914
vertex -49.08327102661133 -27.343719482421875 -27.143787384033203
endloop
endfacet
facet normal -0.6044613698707503 -0.6917800582598 0.3950529120612118
outer loop
vertex -48.64165496826172 -27.900583267211914 -27.31676483154297
vertex -48.64199447631836 -27.820741653442383 -27.177473068237305
vertex -48.89126205444336 -27.649011611938477 -27.258153915405273
endloop
endfacet
facet normal -0.6042217191069826 -0.747940963239733 0.27477341513949743
outer loop
vertex -48.89126205444336 -27.649011611938477 -27.258153915405273
vertex -48.64199447631836 -27.820741653442383 -27.177473068237305
vertex -48.891544342041016 -27.582456588745117 -27.07761001586914
endloop
endfacet
facet normal -0.9904470235135073 -0.10393641424995269 -0.09061961932217497
outer loop
vertex -49.20403289794922 -27.137422561645508 -26.11360740661621
vertex -49.21628189086914 -27.14503288269043 -25.97100067138672
vertex -49.2461051940918 -26.860836029052734 -25.97100067138672
endloop
endfacet
facet normal -0.990722647569718 -0.1295752401029247 -0.04097429370614878
outer loop
vertex -49.204410552978516 -27.0496826171875 -26.381940841674805
vertex -49.20403289794922 -27.137422561645508 -26.11360740661621
vertex -49.2461051940918 -26.860836029052734 -25.97100067138672
endloop
endfacet
facet normal -0.9218330675772595 -0.36877484719995013 -0.1192849847791121
outer loop
vertex -49.08332443237305 -27.3308048248291 -26.448591232299805
vertex -49.20403289794922 -27.137422561645508 -26.11360740661621
vertex -49.204410552978516 -27.0496826171875 -26.381940841674805
endloop
endfacet
facet normal -0.9217695597343284 -0.383544256699786 -0.0568742639494434
outer loop
vertex -49.083473205566406 -27.296138763427734 -26.67995834350586
vertex -49.08332443237305 -27.3308048248291 -26.448591232299805
vertex -49.204410552978516 -27.0496826171875 -26.381940841674805
endloop
endfacet
facet normal -0.789735093854746 -0.6067502625574885 -0.09040243592212628
outer loop
vertex -48.8917121887207 -27.543323516845703 -26.69611930847168
vertex -49.08332443237305 -27.3308048248291 -26.448591232299805
vertex -49.083473205566406 -27.296138763427734 -26.67995834350586
endloop
endfacet
facet normal -0.7897070190687955 -0.6133795853014945 0.011327328407165434
outer loop
vertex -48.89169692993164 -27.54689598083496 -26.888505935668945
vertex -48.8917121887207 -27.543323516845703 -26.69611930847168
vertex -49.083473205566406 -27.296138763427734 -26.67995834350586
endloop
endfacet
facet normal -0.3778305775514952 -0.8689261731352085 0.3197051146098629
outer loop
vertex -48.352115631103516 -27.92812728881836 -27.126754760742188
vertex -48.642234802246094 -27.76521110534668 -27.026830673217773
vertex -48.64199447631836 -27.820741653442383 -27.177473068237305
endloop
endfacet
facet normal -0.6040186016646977 -0.796833738074346 0.014748651107409161
outer loop
vertex -48.64236068725586 -27.735538482666016 -26.86904525756836
vertex -48.8917121887207 -27.543323516845703 -26.69611930847168
vertex -48.89169692993164 -27.54689598083496 -26.888505935668945
endloop
endfacet
facet normal -0.7897061890046392 -0.6133806169742324 0.011329332199168719
outer loop
vertex -48.89169692993164 -27.54689598083496 -26.888505935668945
vertex -49.083473205566406 -27.296138763427734 -26.67995834350586
vertex -49.08345413208008 -27.30048370361328 -26.913867950439453
endloop
endfacet
facet normal -0.6042333381204998 -0.7479416451668314 0.27474600730291143
outer loop
vertex -48.64199447631836 -27.820741653442383 -27.177473068237305
vertex -48.642234802246094 -27.76521110534668 -27.026830673217773
vertex -48.891544342041016 -27.582456588745117 -27.07761001586914
endloop
endfacet
facet normal -0.6040762484305716 -0.7832852112829595 0.14682017527389038
outer loop
vertex -48.642234802246094 -27.76521110534668 -27.026830673217773
vertex -48.64236068725586 -27.735538482666016 -26.86904525756836
vertex -48.89169692993164 -27.54689598083496 -26.888505935668945
endloop
endfacet
facet normal -0.789750885434727 -0.602976544248029 0.11275116869358491
outer loop
vertex -48.891544342041016 -27.582456588745117 -27.07761001586914
vertex -48.89169692993164 -27.54689598083496 -26.888505935668945
vertex -49.08345413208008 -27.30048370361328 -26.913867950439453
endloop
endfacet
facet normal -0.6040817773235702 -0.7832833630080777 0.14680728708191754
outer loop
vertex -48.642234802246094 -27.76521110534668 -27.026830673217773
vertex -48.89169692993164 -27.54689598083496 -26.888505935668945
vertex -48.891544342041016 -27.582456588745117 -27.07761001586914
endloop
endfacet
facet normal -0.37803348797909697 -0.8201004745601539 -0.4295647722900101
outer loop
vertex -48.64173889160156 -27.880857467651367 -26.254980087280273
vertex -48.642059326171875 -27.806245803833008 -26.39714241027832
vertex -48.352169036865234 -27.91543960571289 -26.443790435791016
endloop
endfacet
facet normal -0.3777764637198007 -0.8801986040448075 -0.2872896811528986
outer loop
vertex -48.35235595703125 -27.871767044067383 -26.577348709106445
vertex -48.352169036865234 -27.91543960571289 -26.443790435791016
vertex -48.642059326171875 -27.806245803833008 -26.39714241027832
endloop
endfacet
facet normal -0.11996742348040525 -0.9436609047604202 -0.30840219540434227
outer loop
vertex -48.35235595703125 -27.871767044067383 -26.577348709106445
vertex -48.04157638549805 -27.917613983154297 -26.55795669555664
vertex -48.352169036865234 -27.91543960571289 -26.443790435791016
endloop
endfacet
facet normal -0.0010955763098649176 -0.9412893898039809 0.3375989993394511
outer loop
vertex -43.66948699951172 -27.95993995666504 -27.139469146728516
vertex -43.118263244628906 -27.881454467773438 -26.918848037719727
vertex -44.395103454589844 -27.898189544677734 -26.96965217590332
endloop
endfacet
facet normal -0.37777870229365595 -0.8801961810930041 -0.28729416089195536
outer loop
vertex -48.35235595703125 -27.871767044067383 -26.577348709106445
vertex -48.642059326171875 -27.806245803833008 -26.39714241027832
vertex -48.642269134521484 -27.75634765625 -26.549741744995117
endloop
endfacet
facet normal -0.13539644180433139 -0.9798661706352553 -0.1467313572189911
outer loop
vertex -48.352447509765625 -27.85094451904297 -26.71631622314453
vertex -48.04157638549805 -27.917613983154297 -26.55795669555664
vertex -48.35235595703125 -27.871767044067383 -26.577348709106445
endloop
endfacet
facet normal 0.00821543592327419 -0.9926773392852014 0.12051641665036301
outer loop
vertex -44.395103454589844 -27.898189544677734 -26.96965217590332
vertex -43.118263244628906 -27.881454467773438 -26.918848037719727
vertex -44.39521026611328 -27.8731689453125 -26.763553619384766
endloop
endfacet
facet normal 0.004234518829034862 -0.9902869042858886 -0.13897451582991033
outer loop
vertex -48.04169845581055 -27.888761520385742 -26.763553619384766
vertex -44.39521026611328 -27.8731689453125 -26.763553619384766
vertex -48.04157638549805 -27.917613983154297 -26.55795669555664
endloop
endfacet
facet normal -0.3776270718300594 -0.9157715651149544 -0.13696800775349804
outer loop
vertex -48.352447509765625 -27.85094451904297 -26.71631622314453
vertex -48.35235595703125 -27.871767044067383 -26.577348709106445
vertex -48.642269134521484 -27.75634765625 -26.549741744995117
endloop
endfacet
facet normal -0.14023028764363166 -0.9805223841895905 -0.13751843705680145
outer loop
vertex -48.04169845581055 -27.888761520385742 -26.763553619384766
vertex -48.04157638549805 -27.917613983154297 -26.55795669555664
vertex -48.352447509765625 -27.85094451904297 -26.71631622314453
endloop
endfacet
facet normal 0.00424484651681734 -0.9927021430356647 0.12051737007770849
outer loop
vertex -48.04169845581055 -27.888761520385742 -26.763553619384766
vertex -44.395103454589844 -27.898189544677734 -26.96965217590332
vertex -44.39521026611328 -27.8731689453125 -26.763553619384766
endloop
endfacet
facet normal -0.37762700878406097 -0.9157716114549066 -0.13696787174402025
outer loop
vertex -48.352447509765625 -27.85094451904297 -26.71631622314453
vertex -48.642269134521484 -27.75634765625 -26.549741744995117
vertex -48.642372131347656 -27.73255729675293 -26.708520889282227
endloop
endfacet
facet normal -0.1180213980002971 -0.9928397737352475 0.018442703256252403
outer loop
vertex -48.35243606567383 -27.85355567932129 -26.8568115234375
vertex -48.04169845581055 -27.888761520385742 -26.763553619384766
vertex -48.352447509765625 -27.85094451904297 -26.71631622314453
endloop
endfacet
facet normal 0.00424484651681734 -0.9927021430356647 0.12051737007770849
outer loop
vertex -48.04159164428711 -27.913782119750977 -26.96965217590332
vertex -44.395103454589844 -27.898189544677734 -26.96965217590332
vertex -48.04169845581055 -27.888761520385742 -26.763553619384766
endloop
endfacet
facet normal -0.3775839921191382 -0.9258160278517724 0.017175897884555546
outer loop
vertex -48.35243606567383 -27.85355567932129 -26.8568115234375
vertex -48.352447509765625 -27.85094451904297 -26.71631622314453
vertex -48.642372131347656 -27.73255729675293 -26.708520889282227
endloop
endfacet
facet normal -0.14700458895076093 -0.9819354571848521 0.11913189644504786
outer loop
vertex -48.04159164428711 -27.913782119750977 -26.96965217590332
vertex -48.04169845581055 -27.888761520385742 -26.763553619384766
vertex -48.35243606567383 -27.85355567932129 -26.8568115234375
endloop
endfacet
facet normal -0.3775879887281844 -0.9258145649387677 0.017166890092405327
outer loop
vertex -48.35243606567383 -27.85355567932129 -26.8568115234375
vertex -48.642372131347656 -27.73255729675293 -26.708520889282227
vertex -48.64236068725586 -27.735538482666016 -26.86904525756836
endloop
endfacet
facet normal -0.12243679405048181 -0.9753988054076113 0.18332048950416005
outer loop
vertex -48.352325439453125 -27.87952423095703 -26.994909286499023
vertex -48.04159164428711 -27.913782119750977 -26.96965217590332
vertex -48.35243606567383 -27.85355567932129 -26.8568115234375
endloop
endfacet
facet normal -0.3776554689373642 -0.9100517481842645 0.17082787362858437
outer loop
vertex -48.352325439453125 -27.87952423095703 -26.994909286499023
vertex -48.35243606567383 -27.85355567932129 -26.8568115234375
vertex -48.64236068725586 -27.735538482666016 -26.86904525756836
endloop
endfacet
facet normal -0.13042649638908324 -0.9303300714869435 0.34274609717218796
outer loop
vertex -48.352115631103516 -27.92812728881836 -27.126754760742188
vertex -48.04159164428711 -27.913782119750977 -26.96965217590332
vertex -48.352325439453125 -27.87952423095703 -26.994909286499023
endloop
endfacet
facet normal -0.3776501159731521 -0.9100516706646824 0.17084012007103339
outer loop
vertex -48.352325439453125 -27.87952423095703 -26.994909286499023
vertex -48.64236068725586 -27.735538482666016 -26.86904525756836
vertex -48.642234802246094 -27.76521110534668 -27.026830673217773
endloop
endfacet
facet normal -0.3778257638658993 -0.8689242672400016 0.3197159832735547
outer loop
vertex -48.352115631103516 -27.92812728881836 -27.126754760742188
vertex -48.352325439453125 -27.87952423095703 -26.994909286499023
vertex -48.642234802246094 -27.76521110534668 -27.026830673217773
endloop
endfacet
facet normal -0.9203107742370518 -0.32895283813163145 -0.2117028793104697
outer loop
vertex -49.08301544189453 -27.403514862060547 -26.226226806640625
vertex -49.138153076171875 -27.413511276245117 -25.97100067138672
vertex -49.20403289794922 -27.137422561645508 -26.11360740661621
endloop
endfacet
facet normal -0.8920831522391398 -0.400932784334133 -0.20842397159914092
outer loop
vertex -49.08301544189453 -27.403514862060547 -26.226226806640625
vertex -49.082550048828125 -27.512237548828125 -26.019075393676758
vertex -49.138153076171875 -27.413511276245117 -25.97100067138672
endloop
endfacet
facet normal -0.7870120971335458 -0.4575977057115713 -0.4137829125193116
outer loop
vertex -48.890953063964844 -27.721059799194336 -26.152557373046875
vertex -49.013427734375 -27.674591064453125 -25.97100067138672
vertex -49.082550048828125 -27.512237548828125 -26.019075393676758
endloop
endfacet
facet normal -0.7900024157359232 -0.5436036120391035 -0.283533589032138
outer loop
vertex -48.891334533691406 -27.631637573242188 -26.322935104370117
vertex -49.082550048828125 -27.512237548828125 -26.019075393676758
vertex -49.08301544189453 -27.403514862060547 -26.226226806640625
endloop
endfacet
facet normal -0.6041892791620177 -0.7576239877737047 -0.24690323630027827
outer loop
vertex -48.642269134521484 -27.75634765625 -26.549741744995117
vertex -48.642059326171875 -27.806245803833008 -26.39714241027832
vertex -48.891334533691406 -27.631637573242188 -26.322935104370117
endloop
endfacet
facet normal -0.7900047593843248 -0.543598360479071 -0.28353712743586396
outer loop
vertex -48.891334533691406 -27.631637573242188 -26.322935104370117
vertex -48.890953063964844 -27.721059799194336 -26.152557373046875
vertex -49.082550048828125 -27.512237548828125 -26.019075393676758
endloop
endfacet
facet normal -0.6044095309893687 -0.7059737964699543 -0.36917491456897683
outer loop
vertex -48.642059326171875 -27.806245803833008 -26.39714241027832
vertex -48.890953063964844 -27.721059799194336 -26.152557373046875
vertex -48.891334533691406 -27.631637573242188 -26.322935104370117
endloop
endfacet
facet normal 0.0 -0.0 1.0
outer loop
vertex -53.52601623535156 -23.398393630981445 -23.0
vertex -47.815773010253906 -18.835891723632812 -23.0
vertex -53.684932708740234 -22.82948875427246 -23.0
endloop
endfacet
facet normal 0.0 -0.0 1.0
outer loop
vertex -53.52101135253906 -23.408946990966797 -23.0
vertex -47.815773010253906 -18.835891723632812 -23.0
vertex -53.52601623535156 -23.398393630981445 -23.0
endloop
endfacet
facet normal -0.7928568721777349 -0.22147466683241532 0.5677384540367242
outer loop
vertex -53.52601623535156 -23.407756805419922 -23.003652572631836
vertex -53.52601623535156 -23.398393630981445 -23.0
vertex -53.684932708740234 -22.82948875427246 -23.0
endloop
endfacet
facet normal -0.6081595908900185 -0.20239834268008688 0.7675785450941419
outer loop
vertex -53.31890869140625 -24.023462295532227 -23.001911163330078
vertex -53.31890869140625 -24.01621437072754 -23.0
vertex -53.52601623535156 -23.407756805419922 -23.003652572631836
endloop
endfacet
facet normal 0.0 -0.0 1.0
outer loop
vertex -53.31890869140625 -24.01621437072754 -23.0
vertex -47.815773010253906 -18.835891723632812 -23.0
vertex -53.52101135253906 -23.408946990966797 -23.0
endloop
endfacet
facet normal -0.6082605768137905 -0.2884648027398132 0.7394640818014324
outer loop
vertex -53.52601623535156 -23.407756805419922 -23.003652572631836
vertex -53.52101135253906 -23.408946990966797 -23.0
vertex -53.52601623535156 -23.398393630981445 -23.0
endloop
endfacet
facet normal -0.6082568296924914 -0.20243195671319256 0.7674926266966399
outer loop
vertex -53.31890869140625 -24.01621437072754 -23.0
vertex -53.52101135253906 -23.408946990966797 -23.0
vertex -53.52601623535156 -23.407756805419922 -23.003652572631836
endloop
endfacet
facet normal -0.6081330426890472 -0.20238934634709074 0.7676019508019496
outer loop
vertex -53.52601623535156 -23.991779327392578 -23.157638549804688
vertex -53.31890869140625 -24.023462295532227 -23.001911163330078
vertex -53.52601623535156 -23.407756805419922 -23.003652572631836
endloop
endfacet
facet normal -0.7928781737473553 -0.15536230683556623 0.5892425266473814
outer loop
vertex -53.52601623535156 -23.991779327392578 -23.157638549804688
vertex -53.52601623535156 -23.407756805419922 -23.003652572631836
vertex -53.684932708740234 -23.34361457824707 -23.200576782226562
endloop
endfacet
facet normal -0.6079411124549639 -0.10721658670069495 0.7867097351140846
outer loop
vertex -53.48957824707031 -24.57633399963379 -23.20914649963379
vertex -53.31890869140625 -24.023462295532227 -23.001911163330078
vertex -53.52601623535156 -23.991779327392578 -23.157638549804688
endloop
endfacet
facet normal -0.7928775876786378 -0.1553621074186691 0.5892433678331342
outer loop
vertex -53.684932708740234 -23.950490951538086 -23.36058807373047
vertex -53.52601623535156 -23.991779327392578 -23.157638549804688
vertex -53.684932708740234 -23.34361457824707 -23.200576782226562
endloop
endfacet
facet normal -0.7925757029473988 -0.07775142997532107 0.6047962220733769
outer loop
vertex -53.684932708740234 -23.950490951538086 -23.36058807373047
vertex -53.616172790527344 -24.449737548828125 -23.33466148376465
vertex -53.52601623535156 -23.991779327392578 -23.157638549804688
endloop
endfacet
facet normal -0.7508736438719811 -0.10427065258418693 0.6521628645883489
outer loop
vertex -53.616172790527344 -24.449737548828125 -23.33466148376465
vertex -53.48957824707031 -24.57633399963379 -23.20914649963379
vertex -53.52601623535156 -23.991779327392578 -23.157638549804688
endloop
endfacet
facet normal -0.9236546825428378 -0.09770369679494431 0.37056175605328034
outer loop
vertex -53.684932708740234 -23.950490951538086 -23.36058807373047
vertex -53.684932708740234 -23.34361457824707 -23.200576782226562
vertex -53.78483581542969 -23.2689208984375 -23.429899215698242
endloop
endfacet
facet normal -0.8637387160087093 -0.09324200363929222 0.49523868914388797
outer loop
vertex -53.72386932373047 -24.342039108276367 -23.502216339111328
vertex -53.616172790527344 -24.449737548828125 -23.33466148376465
vertex -53.684932708740234 -23.950490951538086 -23.36058807373047
endloop
endfacet
facet normal -0.7071149126203108 -0.7070986496366408 5.657661953353063e-06
outer loop
vertex -53.81890869140625 -24.24700164794922 -23.91742706298828
vertex -53.48957824707031 -24.57633399963379 -23.20914649963379
vertex -53.616172790527344 -24.449737548828125 -23.33466148376465
endloop
endfacet
facet normal -0.9236553205492037 -0.09770395906633364 0.3705600966158012
outer loop
vertex -53.78483581542969 -23.902406692504883 -23.596927642822266
vertex -53.684932708740234 -23.950490951538086 -23.36058807373047
vertex -53.78483581542969 -23.2689208984375 -23.429899215698242
endloop
endfacet
facet normal -0.9240066462853153 -0.045444698712827414 0.3796662968706398
outer loop
vertex -53.76404571533203 -24.301864624023438 -23.595186233520508
vertex -53.72386932373047 -24.342039108276367 -23.502216339111328
vertex -53.684932708740234 -23.950490951538086 -23.36058807373047
endloop
endfacet
facet normal -0.7071204297455352 -0.7070931323003413 9.496395017783452e-06
outer loop
vertex -53.81890869140625 -24.24700164794922 -23.91742706298828
vertex -53.616172790527344 -24.449737548828125 -23.33466148376465
vertex -53.72386932373047 -24.342039108276367 -23.502216339111328
endloop
endfacet
facet normal -0.9234471295237551 -0.046400976824902324 0.38090989528237795
outer loop
vertex -53.76404571533203 -24.301864624023438 -23.595186233520508
vertex -53.684932708740234 -23.950490951538086 -23.36058807373047
vertex -53.78483581542969 -23.902406692504883 -23.596927642822266
endloop
endfacet
facet normal -0.9920215035156759 -0.03214154029286698 0.12190265768267597
outer loop
vertex -53.81890869140625 -23.542314529418945 -23.77926254272461
vertex -53.78483581542969 -23.902406692504883 -23.596927642822266
vertex -53.78483581542969 -23.2689208984375 -23.429899215698242
endloop
endfacet
facet normal -0.7070790830449406 -0.7071344781803366 -9.431275338002591e-06
outer loop
vertex -53.81890869140625 -24.24700164794922 -23.91742706298828
vertex -53.72386932373047 -24.342039108276367 -23.502216339111328
vertex -53.76404571533203 -24.301864624023438 -23.595186233520508
endloop
endfacet
facet normal -0.9638884903272357 -0.04902522804364754 0.2617546661092227
outer loop
vertex -53.793270111083984 -24.27263832092285 -23.697328567504883
vertex -53.76404571533203 -24.301864624023438 -23.595186233520508
vertex -53.78483581542969 -23.902406692504883 -23.596927642822266
endloop
endfacet
facet normal -0.987967115574453 -0.015566628956786463 0.15387871394841207
outer loop
vertex -53.81218719482422 -24.25372314453125 -23.808074951171875
vertex -53.78483581542969 -23.902406692504883 -23.596927642822266
vertex -53.81890869140625 -23.542314529418945 -23.77926254272461
endloop
endfacet
facet normal -0.9980902391045486 -0.011885192729573616 0.060618617585735925
outer loop
vertex -53.81890869140625 -24.24700164794922 -23.91742706298828
vertex -53.81218719482422 -24.25372314453125 -23.808074951171875
vertex -53.81890869140625 -23.542314529418945 -23.77926254272461
endloop
endfacet
facet normal -0.7071637573003811 -0.7070498002152191 1.940171531662451e-05
outer loop
vertex -53.81890869140625 -24.24700164794922 -23.91742706298828
vertex -53.76404571533203 -24.301864624023438 -23.595186233520508
vertex -53.793270111083984 -24.27263832092285 -23.697328567504883
endloop
endfacet
facet normal -0.9861023062142831 -0.02218625296773031 0.16465118237694018
outer loop
vertex -53.81218719482422 -24.25372314453125 -23.808074951171875
vertex -53.793270111083984 -24.27263832092285 -23.697328567504883
vertex -53.78483581542969 -23.902406692504883 -23.596927642822266
endloop
endfacet
facet normal -0.7070510887186149 -0.7071624692352891 -6.846175621990373e-06
outer loop
vertex -53.81890869140625 -24.24700164794922 -23.91742706298828
vertex -53.793270111083984 -24.27263832092285 -23.697328567504883
vertex -53.81218719482422 -24.25372314453125 -23.808074951171875
endloop
endfacet
facet normal -1.0326490086721369e-05 0.09617146023806013 -0.9953647824436239
outer loop
vertex -53.81890869140625 -24.24700164794922 -25.930898666381836
vertex -48.25711441040039 -24.283872604370117 -25.934518814086914
vertex -48.41917419433594 -24.298044204711914 -25.93588638305664
endloop
endfacet
facet normal -6.0730923870133814e-05 0.090887734821393 -0.9958611429164164
outer loop
vertex -53.81890869140625 -24.24700164794922 -25.930898666381836
vertex -48.41917419433594 -24.298044204711914 -25.93588638305664
vertex -48.58127975463867 -24.339406967163086 -25.939651489257812
endloop
endfacet
facet normal -0.0001767532997980117 0.08436580795983249 -0.9964348343998997
outer loop
vertex -53.81890869140625 -24.24700164794922 -25.930898666381836
vertex -48.58127975463867 -24.339406967163086 -25.939651489257812
vertex -48.734981536865234 -24.4079647064209 -25.9454288482666
endloop
endfacet
facet normal -0.00048057818991499774 0.07483834188667984 -0.9971955633817551
outer loop
vertex -53.81890869140625 -24.24700164794922 -25.930898666381836
vertex -48.734981536865234 -24.4079647064209 -25.9454288482666
vertex -48.87342071533203 -24.49996566772461 -25.952266693115234
endloop
endfacet
facet normal -0.001102171434740126 0.06275643097470109 -0.9980282639231447
outer loop
vertex -53.81890869140625 -24.24700164794922 -25.930898666381836
vertex -48.87342071533203 -24.49996566772461 -25.952266693115234
vertex -48.99129104614258 -24.60962677001953 -25.95903205871582
endloop
endfacet
facet normal -0.0008199764415952113 0.02976008503425161 -0.9995567342464304
outer loop
vertex -53.0189094543457 -25.047000885009766 -25.97100067138672
vertex -49.09149169921875 -24.739683151245117 -25.965072631835938
vertex -49.17094802856445 -24.887550354003906 -25.969409942626953
endloop
endfacet
facet normal -0.7071067811865476 -0.7071067811865476 -0.0
outer loop
vertex -53.0189094543457 -25.047000885009766 -25.97100067138672
vertex -53.81890869140625 -24.24700164794922 -23.91742706298828
vertex -53.81890869140625 -24.24700164794922 -25.930898666381836
endloop
endfacet
facet normal -0.0022083194352966826 0.04809332302853437 -0.9988404054729387
outer loop
vertex -53.81890869140625 -24.24700164794922 -25.930898666381836
vertex -48.99129104614258 -24.60962677001953 -25.95903205871582
vertex -49.09149169921875 -24.739683151245117 -25.965072631835938
endloop
endfacet
facet normal -0.0022353637880088723 0.0478346821934894 -0.9988527650901223
outer loop
vertex -53.0189094543457 -25.047000885009766 -25.97100067138672
vertex -53.81890869140625 -24.24700164794922 -25.930898666381836
vertex -49.09149169921875 -24.739683151245117 -25.965072631835938
endloop
endfacet
facet normal -0.8808923510299064 0.47331545649815376 0.0010698303361775022
outer loop
vertex -49.120994567871094 -24.78757095336914 -29.070999145507812
vertex -49.17094802856445 -24.887550354003906 -25.969409942626953
vertex -49.09149169921875 -24.739683151245117 -25.965072631835938
endloop
endfacet
facet normal -0.9256923705890487 0.3782674460070952 -0.0027155707497003734
outer loop
vertex -49.21986389160156 -25.029176712036133 -29.022764205932617
vertex -49.17094802856445 -24.887550354003906 -25.969409942626953
vertex -49.120994567871094 -24.78757095336914 -29.070999145507812
endloop
endfacet
facet normal -0.9481729308906255 0.3177544482174833 0.0004514025738586732
outer loop
vertex -49.21986389160156 -25.029176712036133 -29.022764205932617
vertex -49.22438430786133 -25.047000885009766 -25.97100067138672
vertex -49.17094802856445 -24.887550354003906 -25.969409942626953
endloop
endfacet
facet normal -0.8968115917633894 0.4033006450469851 0.18187236893904846
outer loop
vertex -49.197784423828125 -24.95854377746582 -29.070518493652344
vertex -49.21986389160156 -25.029176712036133 -29.022764205932617
vertex -49.120994567871094 -24.78757095336914 -29.070999145507812
endloop
endfacet
facet normal -0.9803557005653554 0.19723744642478655 -0.00030016135813511717
outer loop
vertex -49.21986389160156 -25.029176712036133 -29.022764205932617
vertex -49.24038314819336 -25.126522064208984 -25.97100067138672
vertex -49.22438430786133 -25.047000885009766 -25.97100067138672
endloop
endfacet
facet normal -0.9931118986284595 0.11714929864485925 -0.002190577456743988
outer loop
vertex -49.252830505371094 -25.28813934326172 -28.97100067138672
vertex -49.24988555908203 -25.207077026367188 -25.97100067138672
vertex -49.24038314819336 -25.126522064208984 -25.97100067138672
endloop
endfacet
facet normal -0.9680200839451183 0.20217736742181028 -0.1485309031187527
outer loop
vertex -49.239383697509766 -25.12143898010254 -29.021133422851562
vertex -49.21986389160156 -25.029176712036133 -29.022764205932617
vertex -49.197784423828125 -24.95854377746582 -29.070518493652344
endloop
endfacet
facet normal -0.992057135171644 0.1257599744295751 -0.002658831792949339
outer loop
vertex -49.252830505371094 -25.28813934326172 -28.97100067138672
vertex -49.24038314819336 -25.126522064208984 -25.97100067138672
vertex -49.21986389160156 -25.029176712036133 -29.022764205932617
endloop
endfacet
facet normal -0.968493548937342 0.24897912208699866 0.005444486343063653
outer loop
vertex -49.239383697509766 -25.12143898010254 -29.021133422851562
vertex -49.197784423828125 -24.95854377746582 -29.070518493652344
vertex -49.20460510253906 -24.984451293945312 -29.09905242919922
endloop
endfacet
facet normal -0.890109385143702 0.19559521959365064 0.4116403679806107
outer loop
vertex -49.252830505371094 -25.28813934326172 -28.97100067138672
vertex -49.21986389160156 -25.029176712036133 -29.022764205932617
vertex -49.239383697509766 -25.12143898010254 -29.021133422851562
endloop
endfacet
facet normal -0.9762660006208225 0.19820508250796237 -0.0872894111552852
outer loop
vertex -49.242801666259766 -25.15207290649414 -29.052465438842773
vertex -49.239383697509766 -25.12143898010254 -29.021133422851562
vertex -49.20460510253906 -24.984451293945312 -29.09905242919922
endloop
endfacet
facet normal -0.995907945699665 0.08732921136573282 0.02325881627495982
outer loop
vertex -49.242801666259766 -25.15207290649414 -29.052465438842773
vertex -49.252830505371094 -25.28813934326172 -28.97100067138672
vertex -49.239383697509766 -25.12143898010254 -29.021133422851562
endloop
endfacet
facet normal -0.9900157637010325 -0.05679189583846528 -0.12900956627527438
outer loop
vertex -49.224796295166016 -25.240825653076172 -29.20696258544922
vertex -49.252830505371094 -25.28813934326172 -28.97100067138672
vertex -49.24358367919922 -25.186243057250977 -29.086816787719727
endloop
endfacet
facet normal -0.9980060348630958 0.054627446802736124 -0.03161955775553295
outer loop
vertex -49.24358367919922 -25.186243057250977 -29.086816787719727
vertex -49.252830505371094 -25.28813934326172 -28.97100067138672
vertex -49.242801666259766 -25.15207290649414 -29.052465438842773
endloop
endfacet
facet normal -0.9366830086843467 0.12539387827357631 -0.32695766780051444
outer loop
vertex -49.14778518676758 -25.070404052734375 -29.397764205932617
vertex -49.199134826660156 -25.179738998413086 -29.292587280273438
vertex -49.210777282714844 -25.118661880493164 -29.235809326171875
endloop
endfacet
facet normal -0.9712561163821356 0.11921095824710931 -0.20603471509456214
outer loop
vertex -49.199134826660156 -25.179738998413086 -29.292587280273438
vertex -49.224796295166016 -25.240825653076172 -29.20696258544922
vertex -49.24358367919922 -25.186243057250977 -29.086816787719727
endloop
endfacet
facet normal -0.9764096228264058 0.16379193244237367 -0.14069986254004987
outer loop
vertex -49.210777282714844 -25.118661880493164 -29.235809326171875
vertex -49.24358367919922 -25.186243057250977 -29.086816787719727
vertex -49.242801666259766 -25.15207290649414 -29.052465438842773
endloop
endfacet
facet normal -0.9774727445990228 0.009674195958766276 -0.21083985272856923
outer loop
vertex -49.199134826660156 -25.179738998413086 -29.292587280273438
vertex -49.24358367919922 -25.186243057250977 -29.086816787719727
vertex -49.210777282714844 -25.118661880493164 -29.235809326171875
endloop
endfacet
facet normal 0.4403237840574131 0.3148898967596673 -0.8408087286131413
outer loop
vertex -40.71028137207031 -33.15800476074219 -26.296833038330078
vertex -40.76472091674805 -33.09857940673828 -26.30308723449707
vertex -40.58782196044922 -33.04920959472656 -26.191957473754883
endloop
endfacet
facet normal 0.463100651052379 0.33801756332329047 -0.8193179565222821
outer loop
vertex -41.02067184448242 -33.24972152709961 -26.510112762451172
vertex -40.76472091674805 -33.09857940673828 -26.30308723449707
vertex -40.71028137207031 -33.15800476074219 -26.296833038330078
endloop
endfacet
facet normal 0.3988163728983755 0.4323530895847728 -0.8087127466750387
outer loop
vertex -41.02067184448242 -33.24972152709961 -26.510112762451172
vertex -41.07823944091797 -33.18061828613281 -26.501558303833008
vertex -40.76472091674805 -33.09857940673828 -26.30308723449707
endloop
endfacet
facet normal 0.4470611653054129 0.37525122935436456 -0.8119869637770081
outer loop
vertex -40.966094970703125 -33.321651458740234 -26.5133056640625
vertex -41.02067184448242 -33.24972152709961 -26.510112762451172
vertex -40.71028137207031 -33.15800476074219 -26.296833038330078
endloop
endfacet
facet normal 0.43450420127557926 0.45797696200551746 -0.7755405865240503
outer loop
vertex -41.352149963378906 -33.272823333740234 -26.709468841552734
vertex -41.07823944091797 -33.18061828613281 -26.501558303833008
vertex -41.02067184448242 -33.24972152709961 -26.510112762451172
endloop
endfacet
facet normal 0.4798971832151475 0.3988096551788225 -0.7814406903139327
outer loop
vertex -41.293678283691406 -33.351016998291016 -26.729467391967773
vertex -41.02067184448242 -33.24972152709961 -26.510112762451172
vertex -40.966094970703125 -33.321651458740234 -26.5133056640625
endloop
endfacet
facet normal 0.3675777611776816 0.5681831969240047 -0.7362434680327025
outer loop
vertex -41.352149963378906 -33.272823333740234 -26.709468841552734
vertex -41.41401290893555 -33.19914245605469 -26.68349266052246
vertex -41.07823944091797 -33.18061828613281 -26.501558303833008
endloop
endfacet
facet normal 0.41843008137177873 0.5058259129590581 -0.7543582787922075
outer loop
vertex -41.293678283691406 -33.351016998291016 -26.729467391967773
vertex -41.352149963378906 -33.272823333740234 -26.709468841552734
vertex -41.02067184448242 -33.24972152709961 -26.510112762451172
endloop
endfacet
facet normal 0.4667079483520605 0.4402020701080042 -0.7670761555527836
outer loop
vertex -41.23900604248047 -33.43317413330078 -26.743350982666016
vertex -41.293678283691406 -33.351016998291016 -26.729467391967773
vertex -40.966094970703125 -33.321651458740234 -26.5133056640625
endloop
endfacet
facet normal 0.4038918002987782 0.5865938977116625 -0.7019822026368271
outer loop
vertex -41.69720458984375 -33.24309539794922 -26.88315773010254
vertex -41.41401290893555 -33.19914245605469 -26.68349266052246
vertex -41.352149963378906 -33.272823333740234 -26.709468841552734
endloop
endfacet
facet normal 0.4532872065408648 0.5234770644273391 -0.7214585722028082
outer loop
vertex -41.63353729248047 -33.32209396362305 -26.922012329101562
vertex -41.352149963378906 -33.272823333740234 -26.709468841552734
vertex -41.293678283691406 -33.351016998291016 -26.729467391967773
endloop
endfacet
facet normal 0.4993329313287542 0.45670596520012413 -0.7362650915541608
outer loop
vertex -41.574100494384766 -33.40709686279297 -26.954435348510742
vertex -41.293678283691406 -33.351016998291016 -26.729467391967773
vertex -41.23900604248047 -33.43317413330078 -26.743350982666016
endloop
endfacet
facet normal 0.3338875603833165 0.7027188206717891 -0.6282558046647299
outer loop
vertex -41.69720458984375 -33.24309539794922 -26.88315773010254
vertex -41.76461410522461 -33.170814514160156 -26.838134765625
vertex -41.41401290893555 -33.19914245605469 -26.68349266052246
endloop
endfacet
facet normal 0.289666604773701 0.8326300439792523 -0.47203862971369737
outer loop
vertex -42.14746856689453 -33.0964469909668 -26.941896438598633
vertex -41.76461410522461 -33.170814514160156 -26.838134765625
vertex -42.05310821533203 -33.17567825317383 -27.02374839782715
endloop
endfacet
facet normal 0.3888908446415406 0.6395645711701261 -0.6631146735354012
outer loop
vertex -41.63353729248047 -33.32209396362305 -26.922012329101562
vertex -41.69720458984375 -33.24309539794922 -26.88315773010254
vertex -41.352149963378906 -33.272823333740234 -26.709468841552734
endloop
endfacet
facet normal 0.4406395178438889 0.572002908376252 -0.6918449885078407
outer loop
vertex -41.574100494384766 -33.40709686279297 -26.954435348510742
vertex -41.63353729248047 -33.32209396362305 -26.922012329101562
vertex -41.293678283691406 -33.351016998291016 -26.729467391967773
endloop
endfacet
facet normal 0.3698776382489657 0.7147081128528753 -0.5936184348094733
outer loop
vertex -42.05310821533203 -33.17567825317383 -27.02374839782715
vertex -41.76461410522461 -33.170814514160156 -26.838134765625
vertex -41.69720458984375 -33.24309539794922 -26.88315773010254
endloop
endfacet
facet normal 0.31126062090204826 0.8365322588862778 -0.45092195080556113
outer loop
vertex -42.35417938232422 -33.082637786865234 -27.0589656829834
vertex -42.14746856689453 -33.0964469909668 -26.941896438598633
vertex -42.05310821533203 -33.17567825317383 -27.02374839782715
endloop
endfacet
facet normal 0.4246396309898585 0.6514572744473339 -0.6287166320071769
outer loop
vertex -41.982818603515625 -33.249046325683594 -27.082229614257812
vertex -41.69720458984375 -33.24309539794922 -26.88315773010254
vertex -41.63353729248047 -33.32209396362305 -26.922012329101562
endloop
endfacet
facet normal 0.4752777148578607 0.5835066885519382 -0.6585066728398744
outer loop
vertex -41.574100494384766 -33.40709686279297 -26.954435348510742
vertex -41.91714859008789 -33.330936431884766 -27.134544372558594
vertex -41.63353729248047 -33.32209396362305 -26.922012329101562
endloop
endfacet
facet normal 0.3561794174895556 0.7668377124494138 -0.5339439533529255
outer loop
vertex -41.982818603515625 -33.249046325683594 -27.082229614257812
vertex -42.05310821533203 -33.17567825317383 -27.02374839782715
vertex -41.69720458984375 -33.24309539794922 -26.88315773010254
endloop
endfacet
facet normal 0.31337076557966703 0.8696864036996431 -0.38137163305625527
outer loop
vertex -42.25608825683594 -33.15889358520508 -27.152259826660156
vertex -42.35417938232422 -33.082637786865234 -27.0589656829834
vertex -42.05310821533203 -33.17567825317383 -27.02374839782715
endloop
endfacet
facet normal 0.4129874775605018 0.701912524021281 -0.5803103928074085
outer loop
vertex -41.91714859008789 -33.330936431884766 -27.134544372558594
vertex -41.982818603515625 -33.249046325683594 -27.082229614257812
vertex -41.63353729248047 -33.32209396362305 -26.922012329101562
endloop
endfacet
facet normal 0.46575722054888047 0.6312020623436531 -0.6202049403219073
outer loop
vertex -41.85668182373047 -33.42047119140625 -27.18025779724121
vertex -41.91714859008789 -33.330936431884766 -27.134544372558594
vertex -41.574100494384766 -33.40709686279297 -26.954435348510742
endloop
endfacet
facet normal 0.3844153647049785 0.7718990044062185 -0.506356351175165
outer loop
vertex -42.25608825683594 -33.15889358520508 -27.152259826660156
vertex -42.05310821533203 -33.17567825317383 -27.02374839782715
vertex -41.982818603515625 -33.249046325683594 -27.082229614257812
endloop
endfacet
facet normal 0.4415948411230922 0.7070125657460662 -0.5523832258230109
outer loop
vertex -42.18354415893555 -33.23152160644531 -27.220266342163086
vertex -41.982818603515625 -33.249046325683594 -27.082229614257812
vertex -41.91714859008789 -33.330936431884766 -27.134544372558594
endloop
endfacet
facet normal 0.4938983467384074 0.6361824439730077 -0.592736299773853
outer loop
vertex -42.1163330078125 -33.31401062011719 -27.2823486328125
vertex -41.91714859008789 -33.330936431884766 -27.134544372558594
vertex -41.85668182373047 -33.42047119140625 -27.18025779724121
endloop
endfacet
facet normal 0.38185688825648784 0.8055904525744948 -0.4530003748474086
outer loop
vertex -42.18354415893555 -33.23152160644531 -27.220266342163086
vertex -42.25608825683594 -33.15889358520508 -27.152259826660156
vertex -41.982818603515625 -33.249046325683594 -27.082229614257812
endloop
endfacet
facet normal 0.4398394463816947 0.7406455322930925 -0.5079226879170944
outer loop
vertex -42.1163330078125 -33.31401062011719 -27.2823486328125
vertex -42.18354415893555 -33.23152160644531 -27.220266342163086
vertex -41.91714859008789 -33.330936431884766 -27.134544372558594
endloop
endfacet
facet normal 0.4930049034720986 0.6688890278327215 -0.5563574692564697
outer loop
vertex -42.05509567260742 -33.40536880493164 -27.337921142578125
vertex -42.1163330078125 -33.31401062011719 -27.2823486328125
vertex -41.85668182373047 -33.42047119140625 -27.18025779724121
endloop
endfacet
facet normal 0.4016294468293802 0.8068413805997278 -0.4332444736998398
outer loop
vertex -42.45603942871094 -33.12618637084961 -27.276708602905273
vertex -42.25608825683594 -33.15889358520508 -27.152259826660156
vertex -42.18354415893555 -33.23152160644531 -27.220266342163086
endloop
endfacet
facet normal 0.46048160046928477 0.7419490503323595 -0.4873071950424659
outer loop
vertex -42.38105010986328 -33.19686508178711 -27.35413360595703
vertex -42.18354415893555 -33.23152160644531 -27.220266342163086
vertex -42.1163330078125 -33.31401062011719 -27.2823486328125
endloop
endfacet
facet normal 0.5137686149259513 0.6701908897748989 -0.5356173835675974
outer loop
vertex -42.05509567260742 -33.40536880493164 -27.337921142578125
vertex -42.31217575073242 -33.27876663208008 -27.426103591918945
vertex -42.1163330078125 -33.31401062011719 -27.2823486328125
endloop
endfacet
facet normal 0.40079703241964293 0.8359425698663645 -0.3749156687694263
outer loop
vertex -42.38105010986328 -33.19686508178711 -27.35413360595703
vertex -42.45603942871094 -33.12618637084961 -27.276708602905273
vertex -42.18354415893555 -33.23152160644531 -27.220266342163086
endloop
endfacet
facet normal 0.46045344202197924 0.77210057713051 -0.4379992311920713
outer loop
vertex -42.31217575073242 -33.27876663208008 -27.426103591918945
vertex -42.38105010986328 -33.19686508178711 -27.35413360595703
vertex -42.1163330078125 -33.31401062011719 -27.2823486328125
endloop
endfacet
facet normal 0.42110500898431524 0.8349378715882196 -0.35432939758938065
outer loop
vertex -42.65153884887695 -33.078033447265625 -27.395584106445312
vertex -42.45603942871094 -33.12618637084961 -27.276708602905273
vertex -42.38105010986328 -33.19686508178711 -27.35413360595703
endloop
endfacet
facet normal 0.4817378748791399 0.7710470353152535 -0.4164313739843438
outer loop
vertex -42.573883056640625 -33.14555740356445 -27.482208251953125
vertex -42.38105010986328 -33.19686508178711 -27.35413360595703
vertex -42.31217575073242 -33.27876663208008 -27.426103591918945
endloop
endfacet
facet normal 0.4218410047905637 0.8586496069854844 -0.29115463091106897
outer loop
vertex -42.573883056640625 -33.14555740356445 -27.482208251953125
vertex -42.65153884887695 -33.078033447265625 -27.395584106445312
vertex -42.38105010986328 -33.19686508178711 -27.35413360595703
endloop
endfacet
facet normal 0.44230169562231847 0.8552166922156486 -0.2701362978300889
outer loop
vertex -42.573883056640625 -33.14555740356445 -27.482208251953125
vertex -42.84083938598633 -33.01534652709961 -27.50707244873047
vertex -42.65153884887695 -33.078033447265625 -27.395584106445312
endloop
endfacet
facet normal 0.444478507209816 0.8725665403180507 -0.2026486845403179
outer loop
vertex -42.760276794433594 -33.078556060791016 -27.6025390625
vertex -42.84083938598633 -33.01534652709961 -27.50707244873047
vertex -42.573883056640625 -33.14555740356445 -27.482208251953125
endloop
endfacet
facet normal 0.49272673165951264 0.8660699722158112 -0.08451728305050087
outer loop
vertex -43.02206039428711 -32.9391975402832 -27.60930061340332
vertex -42.938316345214844 -32.996971130371094 -27.713102340698242
vertex -43.193294525146484 -32.85066604614258 -27.70037269592285
endloop
endfacet
facet normal 0.46581898926317217 0.8662797591647131 -0.18047727863463453
outer loop
vertex -43.02206039428711 -32.9391975402832 -27.60930061340332
vertex -42.84083938598633 -33.01534652709961 -27.50707244873047
vertex -42.760276794433594 -33.078556060791016 -27.6025390625
endloop
endfacet
facet normal 0.530457880715508 0.8073539733019983 -0.25844534931061997
outer loop
vertex -42.68769073486328 -33.15562438964844 -27.69430923461914
vertex -42.938316345214844 -32.996971130371094 -27.713102340698242
vertex -42.760276794433594 -33.078556060791016 -27.6025390625
endloop
endfacet
facet normal 0.46929635996588587 0.876275120911107 -0.10910013288257041
outer loop
vertex -43.02206039428711 -32.9391975402832 -27.60930061340332
vertex -42.760276794433594 -33.078556060791016 -27.6025390625
vertex -42.938316345214844 -32.996971130371094 -27.713102340698242
endloop
endfacet
facet normal 0.3343229896443162 0.9153934523899743 0.22423863609300357
outer loop
vertex -43.31625747680664 -32.81032943725586 -27.561355590820312
vertex -43.59417724609375 -32.71767044067383 -27.525253295898438
vertex -43.42230224609375 -32.7978630065918 -27.45414161682129
endloop
endfacet
facet normal 0.3158724853426116 0.9264562894473849 0.20470299642864226
outer loop
vertex -43.13905334472656 -32.88934326171875 -27.477190017700195
vertex -43.31625747680664 -32.81032943725586 -27.561355590820312
vertex -43.42230224609375 -32.7978630065918 -27.45414161682129
endloop
endfacet
facet normal 0.38893340641076274 0.9212602200360149 -0.003226818388744385
outer loop
vertex -43.02206039428711 -32.9391975402832 -27.60930061340332
vertex -43.13905334472656 -32.88934326171875 -27.477190017700195
vertex -42.84083938598633 -33.01534652709961 -27.50707244873047
endloop
endfacet
facet normal 0.336776328910009 0.8867174530510051 0.316723637799006
outer loop
vertex -43.481781005859375 -32.7215461730957 -27.633914947509766
vertex -43.59417724609375 -32.71767044067383 -27.525253295898438
vertex -43.31625747680664 -32.81032943725586 -27.561355590820312
endloop
endfacet
facet normal 0.4027442720797209 0.9152431049817267 0.011274311082431666
outer loop
vertex -43.02206039428711 -32.9391975402832 -27.60930061340332
vertex -43.31625747680664 -32.81032943725586 -27.561355590820312
vertex -43.13905334472656 -32.88934326171875 -27.477190017700195
endloop
endfacet
facet normal 0.42832432395134334 0.8957618363490955 0.11894959458577939
outer loop
vertex -43.193294525146484 -32.85066604614258 -27.70037269592285
vertex -43.481781005859375 -32.7215461730957 -27.633914947509766
vertex -43.31625747680664 -32.81032943725586 -27.561355590820312
endloop
endfacet
facet normal 0.4131176447651897 0.9048498215605343 0.10286210189147381
outer loop
vertex -43.02206039428711 -32.9391975402832 -27.60930061340332
vertex -43.193294525146484 -32.85066604614258 -27.70037269592285
vertex -43.31625747680664 -32.81032943725586 -27.561355590820312
endloop
endfacet
facet normal 0.05715148744279887 -0.9983650462663927 0.0009705032606627783
outer loop
vertex -37.439640045166016 -25.009586334228516 -25.970975875854492
vertex -37.3667106628418 -25.00252342224121 -23.0
vertex -37.36884307861328 -25.00264549255371 -23.0
endloop
endfacet
facet normal 0.14882369674919255 -0.9888629728590616 -0.0012362015384117225
outer loop
vertex -37.439640045166016 -25.009586334228516 -25.970975875854492
vertex -37.36884307861328 -25.00264549255371 -23.0
vertex -37.661155700683594 -25.04663848876953 -23.0
endloop
endfacet
facet normal 0.16524513232430071 -0.9862525266092473 0.0
outer loop
vertex -37.6633186340332 -25.047000885009766 -25.97100067138672
vertex -37.661155700683594 -25.04663848876953 -23.0
vertex -37.6633186340332 -25.047000885009766 -23.0
endloop
endfacet
facet normal 0.05692093466930092 -0.9983782120226986 0.0009761940035866041
outer loop
vertex -37.439640045166016 -25.009586334228516 -25.970975875854492
vertex -37.218910217285156 -24.99700164794922 -25.970844268798828
vertex -37.3667106628418 -25.00252342224121 -23.0
endloop
endfacet
facet normal 0.0021408424317396623 0.04990768046352351 -0.9987515407870133
outer loop
vertex -40.26482009887695 -24.78084373474121 -25.966571807861328
vertex -40.26595687866211 -24.51498031616211 -25.953289031982422
vertex -37.218910217285156 -24.99700164794922 -25.970844268798828
endloop
endfacet
facet normal 0.3124517467392938 -0.9499336323973185 0.0
outer loop
vertex -37.6633186340332 -25.047000885009766 -25.97100067138672
vertex -37.6633186340332 -25.047000885009766 -23.0
vertex -38.018821716308594 -25.16393280029297 -23.0
endloop
endfacet
facet normal 0.16497722672540618 -0.986297376383996 2.0050999983861213e-07
outer loop
vertex -37.6633186340332 -25.047000885009766 -25.97100067138672
vertex -37.439640045166016 -25.009586334228516 -25.970975875854492
vertex -37.661155700683594 -25.04663848876953 -23.0
endloop
endfacet
facet normal -0.0002942272693293319 0.015617054741212747 -0.999878003074137
outer loop
vertex -40.26482009887695 -24.78084373474121 -25.966571807861328
vertex -37.218910217285156 -24.99700164794922 -25.970844268798828
vertex -37.439640045166016 -25.009586334228516 -25.970975875854492
endloop
endfacet
facet normal 0.48395178260701105 -0.8750946646571993 0.0
outer loop
vertex -38.018821716308594 -25.16393280029297 -25.97100067138672
vertex -38.018821716308594 -25.16393280029297 -23.0
vertex -38.346317291259766 -25.345046997070312 -23.0
endloop
endfacet
facet normal 0.3124517467392938 -0.9499336323973185 0.0
outer loop
vertex -38.018821716308594 -25.16393280029297 -25.97100067138672
vertex -37.6633186340332 -25.047000885009766 -25.97100067138672
vertex -38.018821716308594 -25.16393280029297 -23.0
endloop
endfacet
facet normal -0.001014235474687543 0.006726199114309524 -0.9999768645183129
outer loop
vertex -40.26482009887695 -24.78084373474121 -25.966571807861328
vertex -37.439640045166016 -25.009586334228516 -25.970975875854492
vertex -37.6633186340332 -25.047000885009766 -25.97100067138672
endloop
endfacet
facet normal -0.0 0.0 1.0
outer loop
vertex -47.815773010253906 -18.835891723632812 -23.0
vertex -38.63433837890625 -25.584003448486328 -23.0
vertex -38.346317291259766 -25.345046997070312 -23.0
endloop
endfacet
facet normal 0.6385095322340122 -0.7696139144053356 0.0
outer loop
vertex -38.346317291259766 -25.345046997070312 -25.97100067138672
vertex -38.346317291259766 -25.345046997070312 -23.0
vertex -38.63433837890625 -25.584003448486328 -23.0
endloop
endfacet
facet normal 0.48395178260701105 -0.8750946646571993 0.0
outer loop
vertex -38.346317291259766 -25.345046997070312 -25.97100067138672
vertex -38.018821716308594 -25.16393280029297 -25.97100067138672
vertex -38.346317291259766 -25.345046997070312 -23.0
endloop
endfacet
facet normal -0.001298513897633685 0.003947816059184289 -0.9999913642677224
outer loop
vertex -40.26482009887695 -24.78084373474121 -25.966571807861328
vertex -37.6633186340332 -25.047000885009766 -25.97100067138672
vertex -38.018821716308594 -25.16393280029297 -25.97100067138672
endloop
endfacet
facet normal -0.0 0.0 0.9999999999999999
outer loop
vertex -47.815773010253906 -18.835891723632812 -23.0
vertex -40.0449104309082 -26.99700164794922 -23.0
vertex -38.63433837890625 -25.584003448486328 -23.0
endloop
endfacet
facet normal 0.6385095322340122 -0.7696139144053356 0.0
outer loop
vertex -38.63433837890625 -25.584003448486328 -25.97100067138672
vertex -38.346317291259766 -25.345046997070312 -25.97100067138672
vertex -38.63433837890625 -25.584003448486328 -23.0
endloop
endfacet
facet normal -0.0015070699405376447 0.0027251245095643735 -0.9999951512065454
outer loop
vertex -40.26482009887695 -24.78084373474121 -25.966571807861328
vertex -38.018821716308594 -25.16393280029297 -25.97100067138672
vertex -38.346317291259766 -25.345046997070312 -25.97100067138672
endloop
endfacet
facet normal 0.7077141001113912 -0.7064989401998588 0.0
outer loop
vertex -38.63433837890625 -25.584003448486328 -25.97100067138672
vertex -38.63433837890625 -25.584003448486328 -23.0
vertex -40.0449104309082 -26.99700164794922 -23.0
endloop
endfacet
facet normal -0.0017043513618954299 0.002054303744786811 -0.999996437504934
outer loop
vertex -40.26482009887695 -24.78084373474121 -25.966571807861328
vertex -38.346317291259766 -25.345046997070312 -25.97100067138672
vertex -38.63433837890625 -25.584003448486328 -25.97100067138672
endloop
endfacet
facet normal 0.7077136232745613 0.7064994178565135 0.0
outer loop
vertex -38.63433837890625 -28.409997940063477 -25.97100067138672
vertex -40.0449104309082 -26.99700164794922 -23.0
vertex -38.63433837890625 -28.409997940063477 -23.0
endloop
endfacet
facet normal 0.7077141001113912 -0.7064989401998588 0.0
outer loop
vertex -40.0449104309082 -26.99700164794922 -25.97100067138672
vertex -38.63433837890625 -25.584003448486328 -25.97100067138672
vertex -40.0449104309082 -26.99700164794922 -23.0
endloop
endfacet
facet normal -0.0018208762678702415 0.0018177497852351935 -0.9999966900921899
outer loop
vertex -40.0449104309082 -26.99700164794922 -25.97100067138672
vertex -40.26482009887695 -24.78084373474121 -25.966571807861328
vertex -38.63433837890625 -25.584003448486328 -25.97100067138672
endloop
endfacet
facet normal 0.7077136232745613 0.7064994178565135 -0.0
outer loop
vertex -40.0449104309082 -26.99700164794922 -25.97100067138672
vertex -40.0449104309082 -26.99700164794922 -23.0
vertex -38.63433837890625 -28.409997940063477 -25.97100067138672
endloop
endfacet
facet normal -0.0040371189673955605 0.0015978194818052586 -0.9999905742772514
outer loop
vertex -40.25309371948242 -27.523006439208984 -25.97100067138672
vertex -40.26482009887695 -24.78084373474121 -25.966571807861328
vertex -40.0449104309082 -26.99700164794922 -25.97100067138672
endloop
endfacet
facet normal 0.6760249807131339 0.004081016255328079 -0.7368674037831573
outer loop
vertex -40.29179763793945 -27.57448959350586 -26.006793975830078
vertex -40.26482009887695 -24.78084373474121 -25.966571807861328
vertex -40.25309371948242 -27.523006439208984 -25.97100067138672
endloop
endfacet
facet normal 0.0 0.0 -1.0
outer loop
vertex -40.25309371948242 -27.523006439208984 -25.97100067138672
vertex -40.0449104309082 -26.99700164794922 -25.97100067138672
vertex -38.63433837890625 -28.409997940063477 -25.97100067138672
endloop
endfacet
facet normal 0.726503833173718 -0.07098051449272476 -0.6834866106561579
outer loop
vertex -40.28666687011719 -27.866636276245117 -25.97100067138672
vertex -40.29179763793945 -27.57448959350586 -26.006793975830078
vertex -40.25309371948242 -27.523006439208984 -25.97100067138672
endloop
endfacet
facet normal 0.0 0.0 -0.9999999999999999
outer loop
vertex -40.28666687011719 -27.866636276245117 -25.97100067138672
vertex -40.25309371948242 -27.523006439208984 -25.97100067138672
vertex -38.63433837890625 -28.409997940063477 -25.97100067138672
endloop
endfacet
facet normal 0.0 0.0 -1.0
outer loop
vertex -40.393131256103516 -28.194549560546875 -25.97100067138672
vertex -40.28666687011719 -27.866636276245117 -25.97100067138672
vertex -38.63433837890625 -28.409997940063477 -25.97100067138672
endloop
endfacet
facet normal 0.0 0.0 -1.0
outer loop
vertex -40.47459030151367 -28.346601486206055 -25.97100067138672
vertex -40.393131256103516 -28.194549560546875 -25.97100067138672
vertex -38.63433837890625 -28.409997940063477 -25.97100067138672
endloop
endfacet
facet normal 0.0 0.0 -0.9999999999999999
outer loop
vertex -40.56727600097656 -28.477554321289062 -25.97100067138672
vertex -40.47459030151367 -28.346601486206055 -25.97100067138672
vertex -38.63433837890625 -28.409997940063477 -25.97100067138672
endloop
endfacet
facet normal 0.27705051843541345 -0.19609060828248367 -0.9406335543547626
outer loop
vertex -40.56727600097656 -28.477554321289062 -25.97100067138672
vertex -40.52297592163086 -28.317358016967773 -25.991348266601562
vertex -40.47459030151367 -28.346601486206055 -25.97100067138672
endloop
endfacet
facet normal 0.14704478172736385 -0.1748803080978134 -0.973547487288815
outer loop
vertex -40.73088455200195 -28.38910484313965 -26.011600494384766
vertex -40.56727600097656 -28.477554321289062 -25.97100067138672
vertex -40.66362762451172 -28.521066665649414 -25.977737426757812
endloop
endfacet
facet normal 0.2043556139741078 -0.1787572127099351 -0.9624368249092718
outer loop
vertex -40.62602996826172 -28.354463577270508 -26.006338119506836
vertex -40.52297592163086 -28.317358016967773 -25.991348266601562
vertex -40.56727600097656 -28.477554321289062 -25.97100067138672
endloop
endfacet
facet normal 0.12126002306752827 -0.2199987977053885 -0.9679341588216865
outer loop
vertex -40.73088455200195 -28.38910484313965 -26.011600494384766
vertex -40.62602996826172 -28.354463577270508 -26.006338119506836
vertex -40.56727600097656 -28.477554321289062 -25.97100067138672
endloop
endfacet
facet normal 0.23701352410935234 -0.28278960747363907 -0.9294378017350976
outer loop
vertex -40.62602996826172 -28.354463577270508 -26.006338119506836
vertex -40.63011169433594 -28.16126251220703 -26.066162109375
vertex -40.52297592163086 -28.317358016967773 -25.991348266601562
endloop
endfacet
facet normal 0.15273197188514506 -0.32027365967179655 -0.9349319374609626
outer loop
vertex -40.73088455200195 -28.38910484313965 -26.011600494384766
vertex -40.73433303833008 -28.215049743652344 -26.071788787841797
vertex -40.62602996826172 -28.354463577270508 -26.006338119506836
endloop
endfacet
facet normal 0.2341286745878996 -0.3591535294634779 -0.9034337308345533
outer loop
vertex -40.881229400634766 -28.088665008544922 -26.16010093688965
vertex -40.63011169433594 -28.16126251220703 -26.066162109375
vertex -40.73433303833008 -28.215049743652344 -26.071788787841797
endloop
endfacet
facet normal 0.198261092280848 -0.28609424517793597 -0.9374660645397636
outer loop
vertex -40.62602996826172 -28.354463577270508 -26.006338119506836
vertex -40.73433303833008 -28.215049743652344 -26.071788787841797
vertex -40.63011169433594 -28.16126251220703 -26.066162109375
endloop
endfacet
facet normal 0.23874551040728711 -0.45608385261119494 -0.8573144701028286
outer loop
vertex -41.06891632080078 -27.976402282714844 -26.272090911865234
vertex -40.775299072265625 -28.020055770874023 -26.16710090637207
vertex -40.881229400634766 -28.088665008544922 -26.16010093688965
endloop
endfacet
facet normal 0.12612180480660928 -0.5869436589315783 -0.7997439787784179
outer loop
vertex -41.18021011352539 -28.04867935180664 -26.236597061157227
vertex -41.06891632080078 -27.976402282714844 -26.272090911865234
vertex -40.881229400634766 -28.088665008544922 -26.16010093688965
endloop
endfacet
facet normal 0.17879187087364548 -0.6416068488772823 -0.7459048990208242
outer loop
vertex -41.29011154174805 -27.886049270629883 -26.402830123901367
vertex -41.06891632080078 -27.976402282714844 -26.272090911865234
vertex -41.18021011352539 -28.04867935180664 -26.236597061157227
endloop
endfacet
facet normal 0.10924459327379613 -0.6734699505786673 -0.7310976983331368
outer loop
vertex -41.29011154174805 -27.886049270629883 -26.402830123901367
vertex -41.18021011352539 -28.04867935180664 -26.236597061157227
vertex -41.405120849609375 -27.964351654052734 -26.347885131835938
endloop
endfacet
facet normal 0.18737072192987347 -0.7335931926497801 -0.6532482225474332
outer loop
vertex -41.53882598876953 -27.820388793945312 -26.54790496826172
vertex -41.29011154174805 -27.886049270629883 -26.402830123901367
vertex -41.405120849609375 -27.964351654052734 -26.347885131835938
endloop
endfacet
facet normal 0.19498019994878701 -0.8127961717458574 -0.5489490912855307
outer loop
vertex -41.80813217163086 -27.780691146850586 -26.70233726501465
vertex -41.53882598876953 -27.820388793945312 -26.54790496826172
vertex -41.658447265625 -27.900390625 -26.471939086914062
endloop
endfacet
facet normal 0.21338346273072456 -0.9227193112072801 -0.32102425228977377
outer loop
vertex -42.32701110839844 -27.778762817382812 -26.99036979675293
vertex -42.06455612182617 -27.76814842224121 -26.846426010131836
vertex -42.19597625732422 -27.83913230895996 -26.729751586914062
endloop
endfacet
facet normal 0.2019687082170488 -0.8771005266372655 -0.4357789658459533
outer loop
vertex -41.933406829833984 -27.857988357543945 -26.604820251464844
vertex -42.06455612182617 -27.76814842224121 -26.846426010131836
vertex -41.80813217163086 -27.780691146850586 -26.70233726501465
endloop
endfacet
facet normal 0.13682461252206518 -0.9477080731612011 -0.28832001920309025
outer loop
vertex -42.32701110839844 -27.778762817382812 -26.99036979675293
vertex -42.19597625732422 -27.83913230895996 -26.729751586914062
vertex -42.465641021728516 -27.839736938476562 -26.855735778808594
endloop
endfacet
facet normal 0.11422559585051156 -0.768548383562758 -0.6295124267047213
outer loop
vertex -41.53882598876953 -27.820388793945312 -26.54790496826172
vertex -41.405120849609375 -27.964351654052734 -26.347885131835938
vertex -41.658447265625 -27.900390625 -26.471939086914062
endloop
endfacet
facet normal 0.1196076307066545 -0.8470980203967866 -0.5178020456859801
outer loop
vertex -41.933406829833984 -27.857988357543945 -26.604820251464844
vertex -41.80813217163086 -27.780691146850586 -26.70233726501465
vertex -41.658447265625 -27.900390625 -26.471939086914062
endloop
endfacet
facet normal 0.12822298062817317 -0.9048098871351045 -0.40605164127409493
outer loop
vertex -41.933406829833984 -27.857988357543945 -26.604820251464844
vertex -42.19597625732422 -27.83913230895996 -26.729751586914062
vertex -42.06455612182617 -27.76814842224121 -26.846426010131836
endloop
endfacet
facet normal 0.07014062551649262 -0.9868839495771975 -0.14539725829281153
outer loop
vertex -42.53529357910156 -27.869747161865234 -26.68564224243164
vertex -42.465641021728516 -27.839736938476562 -26.855735778808594
vertex -42.19597625732422 -27.83913230895996 -26.729751586914062
endloop
endfacet
facet normal 0.12685592394048018 -0.9844223508802639 -0.12173828341397672
outer loop
vertex -42.736656188964844 -27.85934829711914 -26.97955894470215
vertex -42.465641021728516 -27.839736938476562 -26.855735778808594
vertex -42.53529357910156 -27.869747161865234 -26.68564224243164
endloop
endfacet
facet normal 0.05121742094994072 -0.8411946871281936 -0.5383012856556606
outer loop
vertex -41.658447265625 -27.900390625 -26.471939086914062
vertex -41.405120849609375 -27.964351654052734 -26.347885131835938
vertex -41.70955276489258 -27.97799301147461 -26.355533599853516
endloop
endfacet
facet normal 0.05809620744799689 -0.9099700434619218 -0.4105841578556916
outer loop
vertex -41.933406829833984 -27.857988357543945 -26.604820251464844
vertex -41.658447265625 -27.900390625 -26.471939086914062
vertex -41.97019577026367 -27.92581558227539 -26.459701538085938
endloop
endfacet
facet normal 0.05349403992371983 -0.9646559544969898 -0.25802572962040243
outer loop
vertex -42.53529357910156 -27.869747161865234 -26.68564224243164
vertex -42.19597625732422 -27.83913230895996 -26.729751586914062
vertex -41.933406829833984 -27.857988357543945 -26.604820251464844
endloop
endfacet
facet normal 0.047000518779898394 -0.9966142761477398 -0.0674606241665244
outer loop
vertex -43.118263244628906 -27.881454467773438 -26.918848037719727
vertex -42.736656188964844 -27.85934829711914 -26.97955894470215
vertex -42.53529357910156 -27.869747161865234 -26.68564224243164
endloop
endfacet
facet normal 0.04737423097467308 -0.8405948669390384 -0.5395886877199135
outer loop
vertex -41.97019577026367 -27.92581558227539 -26.459701538085938
vertex -41.658447265625 -27.900390625 -26.471939086914062
vertex -41.70955276489258 -27.97799301147461 -26.355533599853516
endloop
endfacet
facet normal 0.07246348853217231 -0.9104706620214889 -0.40717590354526084
outer loop
vertex -42.53529357910156 -27.869747161865234 -26.68564224243164
vertex -41.933406829833984 -27.857988357543945 -26.604820251464844
vertex -41.97019577026367 -27.92581558227539 -26.459701538085938
endloop
endfacet
facet normal -0.3780382717687955 -0.8200937846030478 -0.42957333429056316
outer loop
vertex -48.64173889160156 -27.880857467651367 -26.254980087280273
vertex -48.352169036865234 -27.91543960571289 -26.443790435791016
vertex -48.351890563964844 -27.980741500854492 -26.319368362426758
endloop
endfacet
facet normal -0.00029358209189809186 -0.9987052144571064 0.050870506442734505
outer loop
vertex -43.118263244628906 -27.881454467773438 -26.918848037719727
vertex -42.53529357910156 -27.869747161865234 -26.68564224243164
vertex -44.39521026611328 -27.8731689453125 -26.763553619384766
endloop
endfacet
facet normal 0.003489528791693756 -0.8905771177980143 -0.4548188875183106
outer loop
vertex -44.39474105834961 -27.982807159423828 -26.366708755493164
vertex -41.97019577026367 -27.92581558227539 -26.459701538085938
vertex -41.70955276489258 -27.97799301147461 -26.355533599853516
endloop
endfacet
facet normal 0.0002620149329649182 -0.9704088511086224 -0.241467581754194
outer loop
vertex -44.39508819580078 -27.902021408081055 -26.55795669555664
vertex -42.53529357910156 -27.869747161865234 -26.68564224243164
vertex -41.97019577026367 -27.92581558227539 -26.459701538085938
endloop
endfacet
facet normal -0.13699295034403172 -0.7828089689852152 -0.6069950985241495
outer loop
vertex -48.041229248046875 -27.99839973449707 -26.366708755493164
vertex -48.040687561035156 -28.12567710876465 -26.202688217163086
vertex -48.351890563964844 -27.980741500854492 -26.319368362426758
endloop
endfacet
facet normal -0.12024252340065339 -0.8791419096842799 -0.4611412345506752
outer loop
vertex -48.352169036865234 -27.91543960571289 -26.443790435791016
vertex -48.041229248046875 -27.99839973449707 -26.366708755493164
vertex -48.351890563964844 -27.980741500854492 -26.319368362426758
endloop
endfacet
facet normal 0.007643411773384632 -0.9902665765070343 -0.13897368711198793
outer loop
vertex -44.39521026611328 -27.8731689453125 -26.763553619384766
vertex -42.53529357910156 -27.869747161865234 -26.68564224243164
vertex -44.39508819580078 -27.902021408081055 -26.55795669555664
endloop
endfacet
facet normal 0.0067281757588680095 -0.9211611122477836 -0.3891232927150265
outer loop
vertex -44.39508819580078 -27.902021408081055 -26.55795669555664
vertex -41.97019577026367 -27.92581558227539 -26.459701538085938
vertex -44.39474105834961 -27.982807159423828 -26.366708755493164
endloop
endfacet
facet normal 0.0033782031328027646 -0.7900284441986121 -0.6130608820506442
outer loop
vertex -48.041229248046875 -27.99839973449707 -26.366708755493164
vertex -44.39474105834961 -27.982807159423828 -26.366708755493164
vertex -48.040687561035156 -28.12567710876465 -26.202688217163086
endloop
endfacet
facet normal -0.14775688435721465 -0.9111712413884079 -0.38462302582107133
outer loop
vertex -48.04157638549805 -27.917613983154297 -26.55795669555664
vertex -48.041229248046875 -27.99839973449707 -26.366708755493164
vertex -48.352169036865234 -27.91543960571289 -26.443790435791016
endloop
endfacet
facet normal 0.004234518829034862 -0.9902869042858886 -0.13897451582991033
outer loop
vertex -48.04157638549805 -27.917613983154297 -26.55795669555664
vertex -44.39521026611328 -27.8731689453125 -26.763553619384766
vertex -44.39508819580078 -27.902021408081055 -26.55795669555664
endloop
endfacet
facet normal 0.0039389996700282415 -0.9211766310895038 -0.3891247854046203
outer loop
vertex -48.041229248046875 -27.99839973449707 -26.366708755493164
vertex -44.39508819580078 -27.902021408081055 -26.55795669555664
vertex -44.39474105834961 -27.982807159423828 -26.366708755493164
endloop
endfacet
facet normal 0.0039389996700282415 -0.9211766310895038 -0.3891247854046203
outer loop
vertex -48.04157638549805 -27.917613983154297 -26.55795669555664
vertex -44.39508819580078 -27.902021408081055 -26.55795669555664
vertex -48.041229248046875 -27.99839973449707 -26.366708755493164
endloop
endfacet
facet normal 0.17915465677099685 0.9736914491633272 -0.14081395805631644
outer loop
vertex -42.64427947998047 -33.01188659667969 -27.08557891845703
vertex -42.73344421386719 -32.98257064819336 -26.996309280395508
vertex -42.436363220214844 -33.034847259521484 -26.97981834411621
endloop
endfacet
facet normal 0.19048187731925637 0.9731359644662134 -0.1293176286333163
outer loop
vertex -42.64427947998047 -33.01188659667969 -27.08557891845703
vertex -42.94243621826172 -32.954444885253906 -27.092498779296875
vertex -42.73344421386719 -32.98257064819336 -26.996309280395508
endloop
endfacet
facet normal 0.11324602668803722 0.9925842253510763 0.044180233403370066
outer loop
vertex -43.03871154785156 -32.94767379760742 -26.99784278869629
vertex -42.73344421386719 -32.98257064819336 -26.996309280395508
vertex -42.94243621826172 -32.954444885253906 -27.092498779296875
endloop
endfacet
facet normal 0.1201643499675933 0.9914276955835912 0.05129964353361055
outer loop
vertex -43.248497009277344 -32.9176025390625 -27.087604522705078
vertex -43.03871154785156 -32.94767379760742 -26.99784278869629
vertex -42.94243621826172 -32.954444885253906 -27.092498779296875
endloop
endfacet
facet normal 0.12051317445186728 0.9806200021398825 0.15447001711241617
outer loop
vertex -43.14662551879883 -32.91483688354492 -27.18463897705078
vertex -43.248497009277344 -32.9176025390625 -27.087604522705078
vertex -42.94243621826172 -32.954444885253906 -27.092498779296875
endloop
endfacet
facet normal 0.20100304910700256 0.9792848077241273 -0.024475285706339025
outer loop
vertex -43.14662551879883 -32.91483688354492 -27.18463897705078
vertex -42.94243621826172 -32.954444885253906 -27.092498779296875
vertex -42.84852981567383 -32.97608947753906 -27.187318801879883
endloop
endfacet
facet normal 0.27911171426280834 0.9550370724441805 -0.10000420600417677
outer loop
vertex -43.04747772216797 -32.92803192138672 -27.283634185791016
vertex -42.84852981567383 -32.97608947753906 -27.187318801879883
vertex -42.7581901550293 -33.01231002807617 -27.281085968017578
endloop
endfacet
facet normal 0.127777053308583 0.9784772404162209 0.1620349179505236
outer loop
vertex -43.45236587524414 -32.87668228149414 -27.17394256591797
vertex -43.248497009277344 -32.9176025390625 -27.087604522705078
vertex -43.14662551879883 -32.91483688354492 -27.18463897705078
endloop
endfacet
facet normal 0.2797789234876201 0.9599903555363385 -0.011927751226567557
outer loop
vertex -43.04747772216797 -32.92803192138672 -27.283634185791016
vertex -42.7581901550293 -33.01231002807617 -27.281085968017578
vertex -42.952415466308594 -32.956974029541016 -27.383211135864258
endloop
endfacet
facet normal 0.2013761553009166 0.9769027045922596 0.07147551914151662
outer loop
vertex -43.04747772216797 -32.92803192138672 -27.283634185791016
vertex -43.14662551879883 -32.91483688354492 -27.18463897705078
vertex -42.84852981567383 -32.97608947753906 -27.187318801879883
endloop
endfacet
facet normal 0.12852994491325184 0.9555583767257012 0.2653078248562215
outer loop
vertex -43.34429168701172 -32.864139556884766 -27.271474838256836
vertex -43.45236587524414 -32.87668228149414 -27.17394256591797
vertex -43.14662551879883 -32.91483688354492 -27.18463897705078
endloop
endfacet
facet normal 0.29512525528052175 0.9554500208310232 0.004042448466513256
outer loop
vertex -43.23933029174805 -32.86839294433594 -27.373065948486328
vertex -43.04747772216797 -32.92803192138672 -27.283634185791016
vertex -42.952415466308594 -32.956974029541016 -27.383211135864258
endloop
endfacet
facet normal 0.22691494953199115 0.9542975380685313 0.19448859739129692
outer loop
vertex -43.23933029174805 -32.86839294433594 -27.373065948486328
vertex -43.53369140625 -32.8027458190918 -27.35173797607422
vertex -43.34429168701172 -32.864139556884766 -27.271474838256836
endloop
endfacet
facet normal 0.21297438991940143 0.9734791463190637 0.08354795581201191
outer loop
vertex -43.34429168701172 -32.864139556884766 -27.271474838256836
vertex -43.14662551879883 -32.91483688354492 -27.18463897705078
vertex -43.04747772216797 -32.92803192138672 -27.283634185791016
endloop
endfacet
facet normal 0.21404530868938176 0.9599162754746617 0.18095676253437062
outer loop
vertex -43.23933029174805 -32.86839294433594 -27.373065948486328
vertex -43.34429168701172 -32.864139556884766 -27.271474838256836
vertex -43.04747772216797 -32.92803192138672 -27.283634185791016
endloop
endfacet
facet normal 0.13738049766931634 0.9161409039272375 0.3765799291140136
outer loop
vertex -43.34429168701172 -32.864139556884766 -27.271474838256836
vertex -43.53369140625 -32.8027458190918 -27.35173797607422
vertex -43.64864730834961 -32.82494354248047 -27.25579833984375
endloop
endfacet
facet normal 0.22828922117306577 0.9285853299765207 0.2925975332236945
outer loop
vertex -43.23933029174805 -32.86839294433594 -27.373065948486328
vertex -43.42230224609375 -32.7978630065918 -27.45414161682129
vertex -43.53369140625 -32.8027458190918 -27.35173797607422
endloop
endfacet
facet normal 0.1468681861855795 0.9104633230555911 0.38663454741800884
outer loop
vertex -43.83523178100586 -32.76253890991211 -27.33187484741211
vertex -43.64864730834961 -32.82494354248047 -27.25579833984375
vertex -43.53369140625 -32.8027458190918 -27.35173797607422
endloop
endfacet
facet normal 0.24254958089756845 0.9200484236883417 0.3077021268613711
outer loop
vertex -43.712669372558594 -32.73139953613281 -27.423986434936523
vertex -43.53369140625 -32.8027458190918 -27.35173797607422
vertex -43.42230224609375 -32.7978630065918 -27.45414161682129
endloop
endfacet
facet normal 0.1468831137059528 0.8612003184128536 0.4865792458311839
outer loop
vertex -43.712669372558594 -32.73139953613281 -27.423986434936523
vertex -43.83523178100586 -32.76253890991211 -27.33187484741211
vertex -43.53369140625 -32.8027458190918 -27.35173797607422
endloop
endfacet
facet normal 0.24376738925573 0.8813510219392062 0.40471945352572614
outer loop
vertex -43.59417724609375 -32.71767044067383 -27.525253295898438
vertex -43.712669372558594 -32.73139953613281 -27.423986434936523
vertex -43.42230224609375 -32.7978630065918 -27.45414161682129
endloop
endfacet
facet normal 0.19367920818979875 0.821972138721003 0.535583949984867
outer loop
vertex -43.910484313964844 -32.65885543823242 -27.463787078857422
vertex -43.83523178100586 -32.76253890991211 -27.33187484741211
vertex -43.712669372558594 -32.73139953613281 -27.423986434936523
endloop
endfacet
facet normal 0.05183263931708822 0.7993043664174688 0.5986868190693638
outer loop
vertex -43.910484313964844 -32.65885543823242 -27.463787078857422
vertex -44.14259719848633 -32.745140075683594 -27.328493118286133
vertex -43.83523178100586 -32.76253890991211 -27.33187484741211
endloop
endfacet
facet normal 0.24244136494800994 0.8823644615414331 0.4033052709435407
outer loop
vertex -43.910484313964844 -32.65885543823242 -27.463787078857422
vertex -43.712669372558594 -32.73139953613281 -27.423986434936523
vertex -43.59417724609375 -32.71767044067383 -27.525253295898438
endloop
endfacet
facet normal 0.09821528813432219 0.7540676996710366 0.6494117811446937
outer loop
vertex -44.53794860839844 -32.163021087646484 -27.944631576538086
vertex -44.14259719848633 -32.745140075683594 -27.328493118286133
vertex -43.910484313964844 -32.65885543823242 -27.463787078857422
endloop
endfacet
facet normal 0.24955031827288332 0.8417229405379154 0.47877670162833474
outer loop
vertex -43.691001892089844 -32.62491226196289 -27.637861251831055
vertex -43.910484313964844 -32.65885543823242 -27.463787078857422
vertex -43.59417724609375 -32.71767044067383 -27.525253295898438
endloop
endfacet
facet normal 0.16098423545145868 0.7844934028819847 0.5988774305070725
outer loop
vertex -44.40999221801758 -32.122222900390625 -28.032470703125
vertex -44.53794860839844 -32.163021087646484 -27.944631576538086
vertex -43.910484313964844 -32.65885543823242 -27.463787078857422
endloop
endfacet
facet normal 0.2849775245436522 0.80732282036016 0.5167375293422074
outer loop
vertex -44.28651809692383 -32.09830093383789 -28.132186889648438
vertex -43.910484313964844 -32.65885543823242 -27.463787078857422
vertex -43.691001892089844 -32.62491226196289 -27.637861251831055
endloop
endfacet
facet normal 0.24491262364892197 0.8078629694171022 0.5360739029480763
outer loop
vertex -44.966068267822266 -31.47511863708496 -28.760860443115234
vertex -45.11996078491211 -31.475778579711914 -28.689558029174805
vertex -44.28651809692383 -32.09830093383789 -28.132186889648438
endloop
endfacet
facet normal 0.2683477143006361 0.8071006244538602 0.5259069178436552
outer loop
vertex -44.28651809692383 -32.09830093383789 -28.132186889648438
vertex -44.40999221801758 -32.122222900390625 -28.032470703125
vertex -43.910484313964844 -32.65885543823242 -27.463787078857422
endloop
endfacet
facet normal 0.261176780399854 0.8140847200002833 0.5187029574255643
outer loop
vertex -45.11996078491211 -31.475778579711914 -28.689558029174805
vertex -44.40999221801758 -32.122222900390625 -28.032470703125
vertex -44.28651809692383 -32.09830093383789 -28.132186889648438
endloop
endfacet
facet normal 0.38428578621728315 0.8470113550068779 0.36728217898609944
outer loop
vertex -43.691001892089844 -32.62491226196289 -27.637861251831055
vertex -43.59417724609375 -32.71767044067383 -27.525253295898438
vertex -43.481781005859375 -32.7215461730957 -27.633914947509766
endloop
endfacet
facet normal 0.396357513713926 0.8701112709313585 0.2929284853351257
outer loop
vertex -43.49628829956055 -32.64519119262695 -27.841089248657227
vertex -43.691001892089844 -32.62491226196289 -27.637861251831055
vertex -43.481781005859375 -32.7215461730957 -27.633914947509766
endloop
endfacet
facet normal 0.45722435680257356 0.8146498155465216 0.3567794354730822
outer loop
vertex -44.16975021362305 -32.09164810180664 -28.241954803466797
vertex -43.691001892089844 -32.62491226196289 -27.637861251831055
vertex -43.49628829956055 -32.64519119262695 -27.841089248657227
endloop
endfacet
facet normal 0.34823647424052917 0.8247658826407807 0.4455250799228922
outer loop
vertex -44.83361053466797 -31.474552154541016 -28.865442276000977
vertex -44.966068267822266 -31.47511863708496 -28.760860443115234
vertex -44.16975021362305 -32.09164810180664 -28.241954803466797
endloop
endfacet
facet normal 0.36419358034579413 0.8222955653116688 0.437256262738082
outer loop
vertex -44.16975021362305 -32.09164810180664 -28.241954803466797
vertex -44.28651809692383 -32.09830093383789 -28.132186889648438
vertex -43.691001892089844 -32.62491226196289 -27.637861251831055
endloop
endfacet
facet normal 0.35900258848818256 0.8273207434503804 0.43203880487231044
outer loop
vertex -44.966068267822266 -31.47511863708496 -28.760860443115234
vertex -44.28651809692383 -32.09830093383789 -28.132186889648438
vertex -44.16975021362305 -32.09164810180664 -28.241954803466797
endloop
endfacet
facet normal 0.6746053408070799 0.7328853113701492 -0.08824258910777287
outer loop
vertex -43.11540603637695 -32.931427001953125 -28.13521957397461
vertex -43.33711242675781 -32.718563079833984 -28.062232971191406
vertex -43.18193817138672 -32.85586166381836 -28.016254425048828
endloop
endfacet
facet normal 0.6837594315269152 0.7282059288271971 -0.04678851374973291
outer loop
vertex -43.11540603637695 -32.931427001953125 -28.13521957397461
vertex -43.222267150878906 -32.840972900390625 -28.2890625
vertex -43.33711242675781 -32.718563079833984 -28.062232971191406
endloop
endfacet
facet normal 0.7185059347119626 0.6954256481676422 -0.01150607032412511
outer loop
vertex -43.797508239746094 -32.254600524902344 -28.770177841186523
vertex -43.33711242675781 -32.718563079833984 -28.062232971191406
vertex -43.222267150878906 -32.840972900390625 -28.2890625
endloop
endfacet
facet normal 0.7500685029849384 0.6537507513710314 -0.10003597308841115
outer loop
vertex -43.74530792236328 -32.3342399597168 -28.89923667907715
vertex -43.797508239746094 -32.254600524902344 -28.770177841186523
vertex -43.222267150878906 -32.840972900390625 -28.2890625
endloop
endfacet
facet normal 0.6327317096153066 0.7649975075013047 0.12012242573342632
outer loop
vertex -44.42864227294922 -31.654659271240234 -29.174556732177734
vertex -44.536441802978516 -31.560760498046875 -29.204727172851562
vertex -44.508689880371094 -31.608633041381836 -29.046031951904297
endloop
endfacet
facet normal 0.70341809982567 0.7107274564637946 0.008334234586851192
outer loop
vertex -43.797508239746094 -32.254600524902344 -28.770177841186523
vertex -43.86492156982422 -32.18940734863281 -28.639970779418945
vertex -43.33711242675781 -32.718563079833984 -28.062232971191406
endloop
endfacet
facet normal 0.7394654509098816 0.6640352365898712 -0.11067091522924807
outer loop
vertex -44.41645812988281 -31.66560173034668 -29.371746063232422
vertex -43.797508239746094 -32.254600524902344 -28.770177841186523
vertex -43.74530792236328 -32.3342399597168 -28.89923667907715
endloop
endfacet
facet normal 0.6570124945077273 0.7538786699570484 -0.0012381617525751114
outer loop
vertex -44.41645812988281 -31.66560173034668 -29.371746063232422
vertex -44.536441802978516 -31.560760498046875 -29.204727172851562
vertex -44.42864227294922 -31.654659271240234 -29.174556732177734
endloop
endfacet
facet normal 0.6905208169892912 0.7232976565586751 -0.0046369517110421395
outer loop
vertex -43.797508239746094 -32.254600524902344 -28.770177841186523
vertex -44.42864227294922 -31.654659271240234 -29.174556732177734
vertex -43.86492156982422 -32.18940734863281 -28.639970779418945
endloop
endfacet
facet normal 0.6882051693940521 0.7255125927908517 0.0022632987430171838
outer loop
vertex -44.41645812988281 -31.66560173034668 -29.371746063232422
vertex -44.42864227294922 -31.654659271240234 -29.174556732177734
vertex -43.797508239746094 -32.254600524902344 -28.770177841186523
endloop
endfacet
facet normal 0.8174252171344364 0.4428136932685931 -0.3684183049830016
outer loop
vertex -43.69013595581055 -32.64092254638672 -29.25107765197754
vertex -43.70412826538086 -32.44850158691406 -29.050846099853516
vertex -43.158111572265625 -33.00565719604492 -28.5090389251709
endloop
endfacet
facet normal 0.7935316237851268 0.5697201520850964 -0.21383757939397507
outer loop
vertex -43.70412826538086 -32.44850158691406 -29.050846099853516
vertex -43.74530792236328 -32.3342399597168 -28.89923667907715
vertex -43.158111572265625 -33.00565719604492 -28.5090389251709
endloop
endfacet
facet normal 0.8101464209617105 0.44994598850935513 -0.3757810320216679
outer loop
vertex -44.25387954711914 -31.975914001464844 -29.670196533203125
vertex -43.70412826538086 -32.44850158691406 -29.050846099853516
vertex -43.69013595581055 -32.64092254638672 -29.25107765197754
endloop
endfacet
facet normal 0.8058913726320112 0.42047093438595917 -0.4168252497796784
outer loop
vertex -44.21592712402344 -32.169097900390625 -29.79169273376465
vertex -44.25387954711914 -31.975914001464844 -29.670196533203125
vertex -43.69013595581055 -32.64092254638672 -29.25107765197754
endloop
endfacet
facet normal 0.7811243097229378 0.5818907680616112 -0.22638009365783912
outer loop
vertex -44.321285247802734 -31.80596160888672 -29.528751373291016
vertex -43.74530792236328 -32.3342399597168 -28.89923667907715
vertex -43.70412826538086 -32.44850158691406 -29.050846099853516
endloop
endfacet
facet normal 0.7828043840983779 0.5750717784078341 -0.23771778628283216
outer loop
vertex -44.26742935180664 -31.90219497680664 -29.584205627441406
vertex -44.321285247802734 -31.80596160888672 -29.528751373291016
vertex -43.70412826538086 -32.44850158691406 -29.050846099853516
endloop
endfacet
facet normal 0.7974634124670054 0.5144071021285967 -0.315337024556487
outer loop
vertex -44.25387954711914 -31.975914001464844 -29.670196533203125
vertex -44.26742935180664 -31.90219497680664 -29.584205627441406
vertex -43.70412826538086 -32.44850158691406 -29.050846099853516
endloop
endfacet
facet normal 0.6225422511044243 0.5006101378192814 -0.6015235951335541
outer loop
vertex -44.43772888183594 -32.09727096557617 -29.961467742919922
vertex -44.25387954711914 -31.975914001464844 -29.670196533203125
vertex -44.21592712402344 -32.169097900390625 -29.79169273376465
endloop
endfacet
facet normal 0.6320869122655661 0.43314305217338633 -0.6425365605913064
outer loop
vertex -44.35991668701172 -32.210689544677734 -29.96137809753418
vertex -44.43772888183594 -32.09727096557617 -29.961467742919922
vertex -44.21592712402344 -32.169097900390625 -29.79169273376465
endloop
endfacet
facet normal 0.7449158921850583 0.6537832825104838 -0.13292002512772674
outer loop
vertex -44.321285247802734 -31.80596160888672 -29.528751373291016
vertex -44.41645812988281 -31.66560173034668 -29.371746063232422
vertex -43.74530792236328 -32.3342399597168 -28.89923667907715
endloop
endfacet
facet normal 0.6645993044077017 0.6158017851958456 -0.4231972659770012
outer loop
vertex -44.25387954711914 -31.975914001464844 -29.670196533203125
vertex -44.321285247802734 -31.80596160888672 -29.528751373291016
vertex -44.26742935180664 -31.90219497680664 -29.584205627441406
endloop
endfacet
facet normal 0.5743475333739056 0.560921305696497 -0.5962316661525511
outer loop
vertex -44.43772888183594 -32.09727096557617 -29.961467742919922
vertex -44.63066482543945 -31.899885177612305 -29.961626052856445
vertex -44.25387954711914 -31.975914001464844 -29.670196533203125
endloop
endfacet
facet normal -1.2839003434318997e-05 -0.0007992022899604682 -0.9999996805553788
outer loop
vertex -44.228816986083984 -33.47528839111328 -29.960369110107422
vertex -44.43772888183594 -32.09727096557617 -29.961467742919922
vertex -44.35991668701172 -32.210689544677734 -29.96137809753418
endloop
endfacet
facet normal 0.39007490902735664 0.828783074053318 -0.4011984315896957
outer loop
vertex -44.859466552734375 -31.742706298828125 -29.96175193786621
vertex -45.110904693603516 -31.62441062927246 -29.96184730529785
vertex -44.41645812988281 -31.66560173034668 -29.371746063232422
endloop
endfacet
facet normal 0.44162151604116967 0.785138151392384 -0.43419871003683197
outer loop
vertex -44.859466552734375 -31.742706298828125 -29.96175193786621
vertex -44.41645812988281 -31.66560173034668 -29.371746063232422
vertex -44.321285247802734 -31.80596160888672 -29.528751373291016
endloop
endfacet
facet normal 0.5408227679418812 0.6543593985189079 -0.5285115999158915
outer loop
vertex -44.63066482543945 -31.899885177612305 -29.961626052856445
vertex -44.321285247802734 -31.80596160888672 -29.528751373291016
vertex -44.25387954711914 -31.975914001464844 -29.670196533203125
endloop
endfacet
facet normal 5.784315857977881e-06 -0.0007963789364094415 -0.9999996828735153
outer loop
vertex -44.228816986083984 -33.47528839111328 -29.960369110107422
vertex -44.63066482543945 -31.899885177612305 -29.961626052856445
vertex -44.43772888183594 -32.09727096557617 -29.961467742919922
endloop
endfacet
facet normal 4.568455125113925e-06 -0.0007964680184956683 -0.9999996828088621
outer loop
vertex -44.228816986083984 -33.47528839111328 -29.960369110107422
vertex -45.110904693603516 -31.62441062927246 -29.96184730529785
vertex -44.859466552734375 -31.742706298828125 -29.96175193786621
endloop
endfacet
facet normal 0.4892170572610081 0.7117384515829295 -0.5040784139627619
outer loop
vertex -44.63066482543945 -31.899885177612305 -29.961626052856445
vertex -44.859466552734375 -31.742706298828125 -29.96175193786621
vertex -44.321285247802734 -31.80596160888672 -29.528751373291016
endloop
endfacet
facet normal 2.538898429276377e-06 -0.0007972067645858989 -0.9999996822274138
outer loop
vertex -44.228816986083984 -33.47528839111328 -29.960369110107422
vertex -44.859466552734375 -31.742706298828125 -29.96175193786621
vertex -44.63066482543945 -31.899885177612305 -29.961626052856445
endloop
endfacet
facet normal 0.5225800707497944 0.8524247613000865 0.016795713073000686
outer loop
vertex -43.106075286865234 -32.901939392089844 -27.811851501464844
vertex -43.352264404296875 -32.75167465209961 -27.778263092041016
vertex -43.193294525146484 -32.85066604614258 -27.70037269592285
endloop
endfacet
facet normal 0.43952976587929476 0.8728036896388173 0.21219638135217855
outer loop
vertex -43.352264404296875 -32.75167465209961 -27.778263092041016
vertex -43.481781005859375 -32.7215461730957 -27.633914947509766
vertex -43.193294525146484 -32.85066604614258 -27.70037269592285
endloop
endfacet
facet normal 0.5279621927974522 0.8441132579153553 0.09342767677744551
outer loop
vertex -43.106075286865234 -32.901939392089844 -27.811851501464844
vertex -43.261260986328125 -32.79549789428711 -27.89658546447754
vertex -43.352264404296875 -32.75167465209961 -27.778263092041016
endloop
endfacet
facet normal 0.49342100535070316 0.8267709231926685 0.2701583832529434
outer loop
vertex -43.49628829956055 -32.64519119262695 -27.841089248657227
vertex -43.481781005859375 -32.7215461730957 -27.633914947509766
vertex -43.352264404296875 -32.75167465209961 -27.778263092041016
endloop
endfacet
facet normal 0.5550480239076465 0.8228002246757838 0.12215351583027033
outer loop
vertex -43.49628829956055 -32.64519119262695 -27.841089248657227
vertex -43.352264404296875 -32.75167465209961 -27.778263092041016
vertex -43.261260986328125 -32.79549789428711 -27.89658546447754
endloop
endfacet
facet normal 0.6531052271300751 0.7554917309446296 0.051824769846670046
outer loop
vertex -43.18193817138672 -32.85586166381836 -28.016254425048828
vertex -43.33711242675781 -32.718563079833984 -28.062232971191406
vertex -43.261260986328125 -32.79549789428711 -27.89658546447754
endloop
endfacet
facet normal 0.4712214349538359 0.8159152411360151 0.3350114602845793
outer loop
vertex -44.04054260253906 -32.10726547241211 -28.38566017150879
vertex -44.16975021362305 -32.09164810180664 -28.241954803466797
vertex -43.49628829956055 -32.64519119262695 -27.841089248657227
endloop
endfacet
facet normal 0.5555429337329034 0.8216935613088718 0.12724676845791505
outer loop
vertex -43.33711242675781 -32.718563079833984 -28.062232971191406
vertex -43.49628829956055 -32.64519119262695 -27.841089248657227
vertex -43.261260986328125 -32.79549789428711 -27.89658546447754
endloop
endfacet
facet normal 0.5663480336060721 0.7945753105373423 0.21886064222473078
outer loop
vertex -43.94633483886719 -32.139888763427734 -28.511003494262695
vertex -44.04054260253906 -32.10726547241211 -28.38566017150879
vertex -43.49628829956055 -32.64519119262695 -27.841089248657227
endloop
endfacet
facet normal 0.6053849057432238 0.7756849451171105 0.1783871683079616
outer loop
vertex -43.94633483886719 -32.139888763427734 -28.511003494262695
vertex -43.49628829956055 -32.64519119262695 -27.841089248657227
vertex -43.33711242675781 -32.718563079833984 -28.062232971191406
endloop
endfacet
facet normal 0.5574462786120763 0.8032365739053207 0.20991582313486926
outer loop
vertex -44.67726516723633 -31.49602508544922 -29.03369140625
vertex -44.04054260253906 -32.10726547241211 -28.38566017150879
vertex -43.94633483886719 -32.139888763427734 -28.511003494262695
endloop
endfacet
facet normal 0.6397846860249696 0.760360290207414 0.11192758642813715
outer loop
vertex -43.86492156982422 -32.18940734863281 -28.639970779418945
vertex -43.94633483886719 -32.139888763427734 -28.511003494262695
vertex -43.33711242675781 -32.718563079833984 -28.062232971191406
endloop
endfacet
facet normal 0.6253341785154566 0.772138383708963 0.1129578752620161
outer loop
vertex -43.86492156982422 -32.18940734863281 -28.639970779418945
vertex -44.42864227294922 -31.654659271240234 -29.174556732177734
vertex -44.508689880371094 -31.608633041381836 -29.046031951904297
endloop
endfacet
facet normal 0.5531506108152509 0.8042700469062954 0.21719597925389936
outer loop
vertex -44.508689880371094 -31.608633041381836 -29.046031951904297
vertex -44.67726516723633 -31.49602508544922 -29.03369140625
vertex -43.94633483886719 -32.139888763427734 -28.511003494262695
endloop
endfacet
facet normal 0.6300474336764972 0.7698084122983878 0.10215302086720396
outer loop
vertex -43.86492156982422 -32.18940734863281 -28.639970779418945
vertex -44.508689880371094 -31.608633041381836 -29.046031951904297
vertex -43.94633483886719 -32.139888763427734 -28.511003494262695
endloop
endfacet
facet normal 0.0 -0.0 1.0
outer loop
vertex -36.4729118347168 -45.64790725708008 -23.0
vertex -36.35197830200195 -28.799341201782227 -23.0
vertex -36.7385139465332 -28.93844985961914 -23.0
endloop
endfacet
facet normal 0.0 0.0 1.0
outer loop
vertex -36.4729118347168 -45.64790725708008 -23.0
vertex -36.7385139465332 -28.93844985961914 -23.0
vertex -36.65245056152344 -45.5791015625 -23.0
endloop
endfacet
facet normal -0.0 -0.0 1.0
outer loop
vertex -36.8381233215332 -45.5394287109375 -23.0
vertex -36.65245056152344 -45.5791015625 -23.0
vertex -36.7385139465332 -28.93844985961914 -23.0
endloop
endfacet
facet normal 8.885973707919172e-05 -0.12116315396781499 -0.9926326018343942
outer loop
vertex -36.3577880859375 -45.69193649291992 -25.905303955078125
vertex -36.649993896484375 -45.5799560546875 -25.91899871826172
vertex -25.818906784057617 -45.50502395629883 -25.927175521850586
endloop
endfacet
facet normal -0.35785672648560807 -0.9337765056298244 -2.9030315634462883e-05
outer loop
vertex -36.3577880859375 -45.69193649291992 -25.905303955078125
vertex -36.4729118347168 -45.64790725708008 -23.0
vertex -36.65245056152344 -45.5791015625 -23.0
endloop
endfacet
facet normal -0.20895413334349877 -0.977925435791165 0.00011041434471079085
outer loop
vertex -36.649993896484375 -45.5799560546875 -25.91899871826172
vertex -36.65245056152344 -45.5791015625 -23.0
vertex -36.8381233215332 -45.5394287109375 -23.0
endloop
endfacet
facet normal -0.35784630196389305 -0.9337805006514818 -2.7817880233371264e-05
outer loop
vertex -36.3577880859375 -45.69193649291992 -25.905303955078125
vertex -36.65245056152344 -45.5791015625 -23.0
vertex -36.649993896484375 -45.5799560546875 -25.91899871826172
endloop
endfacet
facet normal -0.13923306270028113 0.9902596398173056 0.0
outer loop
vertex -37.14531707763672 -28.995647430419922 -25.97100067138672
vertex -37.14531707763672 -28.995647430419922 -23.0
vertex -36.7385139465332 -28.93844985961914 -23.0
endloop
endfacet
facet normal -0.13923306270028113 0.9902596398173056 0.0
outer loop
vertex -37.14531707763672 -28.995647430419922 -25.97100067138672
vertex -36.7385139465332 -28.93844985961914 -23.0
vertex -36.7385139465332 -28.93844985961914 -25.97100067138672
endloop
endfacet
facet normal 0.0 0.0 -1.0
outer loop
vertex -40.351924896240234 -32.67225646972656 -25.97100067138672
vertex -37.14531707763672 -28.995647430419922 -25.97100067138672
vertex -36.7385139465332 -28.93844985961914 -25.97100067138672
endloop
endfacet
facet normal 0.0 0.0 -1.0
outer loop
vertex -40.2584342956543 -32.99271011352539 -25.97100067138672
vertex -40.351924896240234 -32.67225646972656 -25.97100067138672
vertex -36.7385139465332 -28.93844985961914 -25.97100067138672
endloop
endfacet
facet normal 0.5530694394968606 0.1613549886695918 -0.8173608522103711
outer loop
vertex -40.41020965576172 -32.981048583984375 -26.07139778137207
vertex -40.351924896240234 -32.67225646972656 -25.97100067138672
vertex -40.2584342956543 -32.99271011352539 -25.97100067138672
endloop
endfacet
facet normal 0.5531503483687034 0.1591377813138757 -0.8177407038041332
outer loop
vertex -40.4373779296875 -33.21352767944336 -26.13501739501953
vertex -40.41020965576172 -32.981048583984375 -26.07139778137207
vertex -40.2584342956543 -32.99271011352539 -25.97100067138672
endloop
endfacet
facet normal 0.5481375361310269 0.16056915364272012 -0.8208305479102662
outer loop
vertex -40.52156066894531 -33.11738586425781 -26.172426223754883
vertex -40.41020965576172 -32.981048583984375 -26.07139778137207
vertex -40.4373779296875 -33.21352767944336 -26.13501739501953
endloop
endfacet
facet normal 0.4965913607359439 0.244009157255334 -0.8329805229523469
outer loop
vertex -40.71028137207031 -33.15800476074219 -26.296833038330078
vertex -40.58782196044922 -33.04920959472656 -26.191957473754883
vertex -40.52156066894531 -33.11738586425781 -26.172426223754883
endloop
endfacet
facet normal 0.5581039298568861 0.17290433048143689 -0.8115565882790097
outer loop
vertex -40.644412994384766 -33.236351013183594 -26.282257080078125
vertex -40.52156066894531 -33.11738586425781 -26.172426223754883
vertex -40.4373779296875 -33.21352767944336 -26.13501739501953
endloop
endfacet
facet normal 0.4920957536383099 0.25910157299980513 -0.8310885296526299
outer loop
vertex -40.644412994384766 -33.236351013183594 -26.282257080078125
vertex -40.71028137207031 -33.15800476074219 -26.296833038330078
vertex -40.52156066894531 -33.11738586425781 -26.172426223754883
endloop
endfacet
facet normal 0.5106656482330255 0.2779664000213061 -0.8136063398068745
outer loop
vertex -40.966094970703125 -33.321651458740234 -26.5133056640625
vertex -40.71028137207031 -33.15800476074219 -26.296833038330078
vertex -40.644412994384766 -33.236351013183594 -26.282257080078125
endloop
endfacet
facet normal 0.4999126182392038 0.30764695825525457 -0.8095929367290168
outer loop
vertex -40.90115737915039 -33.41714859008789 -26.509496688842773
vertex -40.966094970703125 -33.321651458740234 -26.5133056640625
vertex -40.644412994384766 -33.236351013183594 -26.282257080078125
endloop
endfacet
facet normal 0.5272591059772265 0.3272570089216701 -0.7841560337558703
outer loop
vertex -41.23900604248047 -33.43317413330078 -26.743350982666016
vertex -40.966094970703125 -33.321651458740234 -26.5133056640625
vertex -40.90115737915039 -33.41714859008789 -26.509496688842773
endloop
endfacet
facet normal 0.5844601236813471 0.22755850860283644 -0.7788603783662621
outer loop
vertex -41.175235748291016 -33.543182373046875 -26.751989364624023
vertex -40.90115737915039 -33.41714859008789 -26.509496688842773
vertex -40.82203674316406 -33.55308151245117 -26.489839553833008
endloop
endfacet
facet normal 0.5189601831979602 0.36165359474318953 -0.7745237282772351
outer loop
vertex -41.23900604248047 -33.43317413330078 -26.743350982666016
vertex -40.90115737915039 -33.41714859008789 -26.509496688842773
vertex -41.175235748291016 -33.543182373046875 -26.751989364624023
endloop
endfacet
facet normal 0.5814383120434874 0.25100295629288827 -0.7739037441570177
outer loop
vertex -41.100311279296875 -33.701045989990234 -26.746898651123047
vertex -41.175235748291016 -33.543182373046875 -26.751989364624023
vertex -40.82203674316406 -33.55308151245117 -26.489839553833008
endloop
endfacet
facet normal 0.546348852070379 0.3755000598520486 -0.7486672404296097
outer loop
vertex -41.51938247680664 -33.49739074707031 -26.980167388916016
vertex -41.23900604248047 -33.43317413330078 -26.743350982666016
vertex -41.175235748291016 -33.543182373046875 -26.751989364624023
endloop
endfacet
facet normal 0.6015203296646402 0.26114481797989986 -0.7549679973630589
outer loop
vertex -41.45703887939453 -33.619483947753906 -27.00290870666504
vertex -41.175235748291016 -33.543182373046875 -26.751989364624023
vertex -41.100311279296875 -33.701045989990234 -26.746898651123047
endloop
endfacet
facet normal 0.48909410687592675 0.5000539497380883 -0.714655862615411
outer loop
vertex -41.51938247680664 -33.49739074707031 -26.980167388916016
vertex -41.574100494384766 -33.40709686279297 -26.954435348510742
vertex -41.23900604248047 -33.43317413330078 -26.743350982666016
endloop
endfacet
facet normal 0.5408537899182285 0.41268686343874644 -0.7329165918958163
outer loop
vertex -41.45703887939453 -33.619483947753906 -27.00290870666504
vertex -41.51938247680664 -33.49739074707031 -26.980167388916016
vertex -41.175235748291016 -33.543182373046875 -26.751989364624023
endloop
endfacet
facet normal 0.600929553695987 0.28836188048752437 -0.7454737402326392
outer loop
vertex -41.38700485229492 -33.79635238647461 -27.014869689941406
vertex -41.45703887939453 -33.619483947753906 -27.00290870666504
vertex -41.100311279296875 -33.701045989990234 -26.746898651123047
endloop
endfacet
facet normal 0.5217787059861783 0.5108912299211286 -0.6831816253157472
outer loop
vertex -41.85668182373047 -33.42047119140625 -27.18025779724121
vertex -41.574100494384766 -33.40709686279297 -26.954435348510742
vertex -41.51938247680664 -33.49739074707031 -26.980167388916016
endloop
endfacet
facet normal 0.5681251892207557 0.42172359098592377 -0.7066703490162989
outer loop
vertex -41.80199432373047 -33.51676940917969 -27.218936920166016
vertex -41.51938247680664 -33.49739074707031 -26.980167388916016
vertex -41.45703887939453 -33.619483947753906 -27.00290870666504
endloop
endfacet
facet normal 0.6205243994565359 0.2948475350826791 -0.7266459940953187
outer loop
vertex -41.74137878417969 -33.6484375 -27.257471084594727
vertex -41.45703887939453 -33.619483947753906 -27.00290870666504
vertex -41.38700485229492 -33.79635238647461 -27.014869689941406
endloop
endfacet
facet normal 0.5144192123019635 0.5547835276750699 -0.6539022185579679
outer loop
vertex -41.80199432373047 -33.51676940917969 -27.218936920166016
vertex -41.85668182373047 -33.42047119140625 -27.18025779724121
vertex -41.51938247680664 -33.49739074707031 -26.980167388916016
endloop
endfacet
facet normal 0.5655649651089084 0.46057889827873466 -0.6841077025598425
outer loop
vertex -41.74137878417969 -33.6484375 -27.257471084594727
vertex -41.80199432373047 -33.51676940917969 -27.218936920166016
vertex -41.45703887939453 -33.619483947753906 -27.00290870666504
endloop
endfacet
facet normal 0.6228287428627353 0.3247935206169808 -0.7117538380853676
outer loop
vertex -41.677040100097656 -33.84123611450195 -27.28915023803711
vertex -41.74137878417969 -33.6484375 -27.257471084594727
vertex -41.38700485229492 -33.79635238647461 -27.014869689941406
endloop
endfacet
facet normal 0.54131763899366 0.5595085068184013 -0.6276348018650437
outer loop
vertex -42.05509567260742 -33.40536880493164 -27.337921142578125
vertex -41.85668182373047 -33.42047119140625 -27.18025779724121
vertex -41.80199432373047 -33.51676940917969 -27.218936920166016
endloop
endfacet
facet normal 0.5875347843345953 0.46441655778593455 -0.6626614052826408
outer loop
vertex -42.000484466552734 -33.50460433959961 -27.386398315429688
vertex -41.80199432373047 -33.51676940917969 -27.218936920166016
vertex -41.74137878417969 -33.6484375 -27.257471084594727
endloop
endfacet
facet normal 0.6378579167150829 0.32740080644977615 -0.6970982642496898
outer loop
vertex -41.94131088256836 -33.64146423339844 -27.437137603759766
vertex -41.74137878417969 -33.6484375 -27.257471084594727
vertex -41.677040100097656 -33.84123611450195 -27.28915023803711
endloop
endfacet
facet normal 0.6449571560848594 0.3498903165021327 -0.6794166860130592
outer loop
vertex -41.88154983520508 -33.84355545043945 -27.484481811523438
vertex -41.94131088256836 -33.64146423339844 -27.437137603759766
vertex -41.677040100097656 -33.84123611450195 -27.28915023803711
endloop
endfacet
facet normal 0.48331947538916503 0.7969010884032651 -0.36242370233089566
outer loop
vertex -42.50322341918945 -33.22566223144531 -27.56411361694336
vertex -42.573883056640625 -33.14555740356445 -27.482208251953125
vertex -42.31217575073242 -33.27876663208008 -27.426103591918945
endloop
endfacet
facet normal 0.5413035319740342 0.5903654278940715 -0.5987145795952238
outer loop
vertex -42.000484466552734 -33.50460433959961 -27.386398315429688
vertex -42.05509567260742 -33.40536880493164 -27.337921142578125
vertex -41.80199432373047 -33.51676940917969 -27.218936920166016
endloop
endfacet
facet normal 0.5145813283415708 0.7003511874669495 -0.4946860324851089
outer loop
vertex -42.25014114379883 -33.370792388916016 -27.491859436035156
vertex -42.31217575073242 -33.27876663208008 -27.426103591918945
vertex -42.05509567260742 -33.40536880493164 -27.337921142578125
endloop
endfacet
facet normal 0.5911889625837055 0.49242341081605995 -0.6387603580369403
outer loop
vertex -41.94131088256836 -33.64146423339844 -27.437137603759766
vertex -42.000484466552734 -33.50460433959961 -27.386398315429688
vertex -41.74137878417969 -33.6484375 -27.257471084594727
endloop
endfacet
facet normal 0.6547943658562383 0.350504253871559 -0.6696201210095681
outer loop
vertex -42.13812255859375 -33.61254119873047 -27.614452362060547
vertex -41.94131088256836 -33.64146423339844 -27.437137603759766
vertex -41.88154983520508 -33.84355545043945 -27.484481811523438
endloop
endfacet
facet normal 0.5360279160123814 0.6992785524132156 -0.4729519842333903
outer loop
vertex -42.50322341918945 -33.22566223144531 -27.56411361694336
vertex -42.31217575073242 -33.27876663208008 -27.426103591918945
vertex -42.25014114379883 -33.370792388916016 -27.491859436035156
endloop
endfacet
facet normal 0.5614904877699571 0.5916211228807884 -0.5785437572950994
outer loop
vertex -42.25014114379883 -33.370792388916016 -27.491859436035156
vertex -42.05509567260742 -33.40536880493164 -27.337921142578125
vertex -42.000484466552734 -33.50460433959961 -27.386398315429688
endloop
endfacet
facet normal 0.6070210550592987 0.49340902297607053 -0.6229550343006272
outer loop
vertex -42.19566345214844 -33.47184753417969 -27.550640106201172
vertex -42.000484466552734 -33.50460433959961 -27.386398315429688
vertex -41.94131088256836 -33.64146423339844 -27.437137603759766
endloop
endfacet
facet normal 0.6125270379650435 0.5203746826471009 -0.5949964852179375
outer loop
vertex -42.13812255859375 -33.61254119873047 -27.614452362060547
vertex -42.19566345214844 -33.47184753417969 -27.550640106201172
vertex -41.94131088256836 -33.64146423339844 -27.437137603759766
endloop
endfacet
facet normal 0.5384638535871101 0.7261577169190649 -0.42749461814040485
outer loop
vertex -42.44035720825195 -33.3171501159668 -27.64033317565918
vertex -42.50322341918945 -33.22566223144531 -27.56411361694336
vertex -42.25014114379883 -33.370792388916016 -27.491859436035156
endloop
endfacet
facet normal 0.5631385358315936 0.6208212706672441 -0.5453952139032368
outer loop
vertex -42.19566345214844 -33.47184753417969 -27.550640106201172
vertex -42.25014114379883 -33.370792388916016 -27.491859436035156
vertex -42.000484466552734 -33.50460433959961 -27.386398315429688
endloop
endfacet
facet normal 0.6286655493505978 0.519561039077982 -0.5786501133948897
outer loop
vertex -42.13812255859375 -33.61254119873047 -27.614452362060547
vertex -42.386070251464844 -33.41883087158203 -27.709901809692383
vertex -42.19566345214844 -33.47184753417969 -27.550640106201172
endloop
endfacet
facet normal 0.6084699312958275 0.64303753617875 -0.46504523411600923
outer loop
vertex -42.386070251464844 -33.41883087158203 -27.709901809692383
vertex -42.62395477294922 -33.24528503417969 -27.78118324279785
vertex -42.44035720825195 -33.3171501159668 -27.64033317565918
endloop
endfacet
facet normal 0.5839893371983684 0.619766530971875 -0.5242574759845571
outer loop
vertex -42.19566345214844 -33.47184753417969 -27.550640106201172
vertex -42.44035720825195 -33.3171501159668 -27.64033317565918
vertex -42.25014114379883 -33.370792388916016 -27.491859436035156
endloop
endfacet
facet normal 0.5872525909212678 0.6466221126111699 -0.48684108078358124
outer loop
vertex -42.386070251464844 -33.41883087158203 -27.709901809692383
vertex -42.44035720825195 -33.3171501159668 -27.64033317565918
vertex -42.19566345214844 -33.47184753417969 -27.550640106201172
endloop
endfacet
facet normal 0.5048543890481829 0.7932897776829497 -0.3403136413406348
outer loop
vertex -42.50322341918945 -33.22566223144531 -27.56411361694336
vertex -42.760276794433594 -33.078556060791016 -27.6025390625
vertex -42.573883056640625 -33.14555740356445 -27.482208251953125
endloop
endfacet
facet normal 0.5079512551072581 0.8139820505974575 -0.28181331363177153
outer loop
vertex -42.68769073486328 -33.15562438964844 -27.69430923461914
vertex -42.760276794433594 -33.078556060791016 -27.6025390625
vertex -42.50322341918945 -33.22566223144531 -27.56411361694336
endloop
endfacet
facet normal 0.5602481634236056 0.722491828872807 -0.4051265883554221
outer loop
vertex -42.68769073486328 -33.15562438964844 -27.69430923461914
vertex -42.50322341918945 -33.22566223144531 -27.56411361694336
vertex -42.44035720825195 -33.3171501159668 -27.64033317565918
endloop
endfacet
facet normal 0.5642418904318863 0.7452819284164592 -0.35522659846595833
outer loop
vertex -42.62395477294922 -33.24528503417969 -27.78118324279785
vertex -42.68769073486328 -33.15562438964844 -27.69430923461914
vertex -42.44035720825195 -33.3171501159668 -27.64033317565918
endloop
endfacet
facet normal 0.5349508391218453 0.8218623891342925 -0.19588214071044507
outer loop
vertex -42.863651275634766 -33.06974792480469 -27.814542770385742
vertex -42.938316345214844 -32.996971130371094 -27.713102340698242
vertex -42.68769073486328 -33.15562438964844 -27.69430923461914
endloop
endfacet
facet normal 0.497287171464639 0.8675290564292351 -0.00994008791205168
outer loop
vertex -43.106075286865234 -32.901939392089844 -27.811851501464844
vertex -43.193294525146484 -32.85066604614258 -27.70037269592285
vertex -42.938316345214844 -32.996971130371094 -27.713102340698242
endloop
endfacet
facet normal 0.6133070790783391 0.6667725155519311 -0.42340151069280063
outer loop
vertex -42.386070251464844 -33.41883087158203 -27.709901809692383
vertex -42.56993865966797 -33.34626770019531 -27.861967086791992
vertex -42.62395477294922 -33.24528503417969 -27.78118324279785
endloop
endfacet
facet normal 0.5870158626282728 0.7385580286627215 -0.3315786713897918
outer loop
vertex -42.62395477294922 -33.24528503417969 -27.78118324279785
vertex -42.863651275634766 -33.06974792480469 -27.814542770385742
vertex -42.68769073486328 -33.15562438964844 -27.69430923461914
endloop
endfacet
facet normal 0.5595895023553447 0.8111362646801084 -0.17005160679775674
outer loop
vertex -43.106075286865234 -32.901939392089844 -27.811851501464844
vertex -42.938316345214844 -32.996971130371094 -27.713102340698242
vertex -42.863651275634766 -33.06974792480469 -27.814542770385742
endloop
endfacet
facet normal 0.5918659514479387 0.8024507033073494 -0.075944481551767
outer loop
vertex -43.02916717529297 -32.96915054321289 -27.92264747619629
vertex -43.261260986328125 -32.79549789428711 -27.89658546447754
vertex -43.106075286865234 -32.901939392089844 -27.811851501464844
endloop
endfacet
facet normal 0.6354916489731385 0.6602020086469208 -0.4003544328017022
outer loop
vertex -42.799015045166016 -33.15620803833008 -27.912168502807617
vertex -42.62395477294922 -33.24528503417969 -27.78118324279785
vertex -42.56993865966797 -33.34626770019531 -27.861967086791992
endloop
endfacet
facet normal 0.5985329179596004 0.8010646168257566 -0.007336606066171791
outer loop
vertex -43.02916717529297 -32.96915054321289 -27.92264747619629
vertex -43.18193817138672 -32.85586166381836 -28.016254425048828
vertex -43.261260986328125 -32.79549789428711 -27.89658546447754
endloop
endfacet
facet normal 0.5924712360365515 0.7562809358354523 -0.27751933367095954
outer loop
vertex -42.799015045166016 -33.15620803833008 -27.912168502807617
vertex -42.863651275634766 -33.06974792480469 -27.814542770385742
vertex -42.62395477294922 -33.24528503417969 -27.78118324279785
endloop
endfacet
facet normal 0.565288068216827 0.8183095782505552 -0.10401362446855973
outer loop
vertex -43.02916717529297 -32.96915054321289 -27.92264747619629
vertex -43.106075286865234 -32.901939392089844 -27.811851501464844
vertex -42.863651275634766 -33.06974792480469 -27.814542770385742
endloop
endfacet
facet normal 0.6418383695823329 0.6799459895347646 -0.35456587349529634
outer loop
vertex -42.745357513427734 -33.2550163269043 -28.004520416259766
vertex -42.799015045166016 -33.15620803833008 -27.912168502807617
vertex -42.56993865966797 -33.34626770019531 -27.861967086791992
endloop
endfacet
facet normal 0.6508491043091893 0.740956525900652 -0.165465616202166
outer loop
vertex -43.02916717529297 -32.96915054321289 -27.92264747619629
vertex -42.963600158691406 -33.05094528198242 -28.031021118164062
vertex -43.18193817138672 -32.85586166381836 -28.016254425048828
endloop
endfacet
facet normal 0.6173130719458815 0.745443166806357 -0.2514737685454465
outer loop
vertex -43.02916717529297 -32.96915054321289 -27.92264747619629
vertex -42.863651275634766 -33.06974792480469 -27.814542770385742
vertex -42.799015045166016 -33.15620803833008 -27.912168502807617
endloop
endfacet
facet normal 0.6659256289728231 0.669408002580187 -0.3292961930523254
outer loop
vertex -42.745357513427734 -33.2550163269043 -28.004520416259766
vertex -42.963600158691406 -33.05094528198242 -28.031021118164062
vertex -42.799015045166016 -33.15620803833008 -27.912168502807617
endloop
endfacet
facet normal 0.6240567593413389 0.7569733869461728 -0.19376390937330484
outer loop
vertex -43.02916717529297 -32.96915054321289 -27.92264747619629
vertex -42.799015045166016 -33.15620803833008 -27.912168502807617
vertex -42.963600158691406 -33.05094528198242 -28.031021118164062
endloop
endfacet
facet normal 0.7073294964077254 0.5708917591347834 -0.41685439048135997
outer loop
vertex -42.69422912597656 -33.39732360839844 -28.11265754699707
vertex -42.910400390625 -33.14596939086914 -28.13522720336914
vertex -42.745357513427734 -33.2550163269043 -28.004520416259766
endloop
endfacet
facet normal 0.6736111050926318 0.6840448840280503 -0.27987617928458064
outer loop
vertex -42.910400390625 -33.14596939086914 -28.13522720336914
vertex -42.963600158691406 -33.05094528198242 -28.031021118164062
vertex -42.745357513427734 -33.2550163269043 -28.004520416259766
endloop
endfacet
facet normal 0.6586463952233554 0.7451008442324006 -0.10492691734461237
outer loop
vertex -43.11540603637695 -32.931427001953125 -28.13521957397461
vertex -43.18193817138672 -32.85586166381836 -28.016254425048828
vertex -42.963600158691406 -33.05094528198242 -28.031021118164062
endloop
endfacet
facet normal 0.719797722583805 0.5855678997902183 -0.37282901348800673
outer loop
vertex -42.86202621459961 -33.2846794128418 -28.259693145751953
vertex -42.910400390625 -33.14596939086914 -28.13522720336914
vertex -42.69422912597656 -33.39732360839844 -28.11265754699707
endloop
endfacet
facet normal 0.6995741073481565 0.6684859261010784 -0.25243342673428526
outer loop
vertex -43.11540603637695 -32.931427001953125 -28.13521957397461
vertex -42.963600158691406 -33.05094528198242 -28.031021118164062
vertex -42.910400390625 -33.14596939086914 -28.13522720336914
endloop
endfacet
facet normal 0.7395077842654032 0.5737688386030164 -0.35201925637530057
outer loop
vertex -43.06278991699219 -33.02085494995117 -28.251432418823242
vertex -42.910400390625 -33.14596939086914 -28.13522720336914
vertex -42.86202621459961 -33.2846794128418 -28.259693145751953
endloop
endfacet
facet normal 0.7532659210322012 0.5827637200230388 -0.3049211354373764
outer loop
vertex -43.01753234863281 -33.15333557128906 -28.392826080322266
vertex -43.06278991699219 -33.02085494995117 -28.251432418823242
vertex -42.86202621459961 -33.2846794128418 -28.259693145751953
endloop
endfacet
facet normal 0.7083591695308096 0.6768786195611636 -0.2001564920820595
outer loop
vertex -43.06278991699219 -33.02085494995117 -28.251432418823242
vertex -43.11540603637695 -32.931427001953125 -28.13521957397461
vertex -42.910400390625 -33.14596939086914 -28.13522720336914
endloop
endfacet
facet normal 0.7934349726939612 0.5497792177365188 -0.2611584879936978
outer loop
vertex -43.158111572265625 -33.00565719604492 -28.5090389251709
vertex -43.06278991699219 -33.02085494995117 -28.251432418823242
vertex -43.01753234863281 -33.15333557128906 -28.392826080322266
endloop
endfacet
facet normal 0.7922284519255108 0.576365481587084 -0.20044179103819026
outer loop
vertex -43.74530792236328 -32.3342399597168 -28.89923667907715
vertex -43.222267150878906 -32.840972900390625 -28.2890625
vertex -43.158111572265625 -33.00565719604492 -28.5090389251709
endloop
endfacet
facet normal 0.7551827350999226 0.6382937978808043 -0.14926508028972946
outer loop
vertex -43.06278991699219 -33.02085494995117 -28.251432418823242
vertex -43.222267150878906 -32.840972900390625 -28.2890625
vertex -43.11540603637695 -32.931427001953125 -28.13521957397461
endloop
endfacet
facet normal 0.7506522686771824 0.6149863674167816 -0.24148072267017587
outer loop
vertex -43.158111572265625 -33.00565719604492 -28.5090389251709
vertex -43.222267150878906 -32.840972900390625 -28.2890625
vertex -43.06278991699219 -33.02085494995117 -28.251432418823242
endloop
endfacet
facet normal 0.8001504523680881 0.4466861718528988 -0.4002882929221721
outer loop
vertex -43.148193359375 -33.20350646972656 -28.70999526977539
vertex -43.158111572265625 -33.00565719604492 -28.5090389251709
vertex -43.01753234863281 -33.15333557128906 -28.392826080322266
endloop
endfacet
facet normal 0.7685570091896265 0.42718411736905526 -0.47627077749229757
outer loop
vertex -43.01753234863281 -33.15333557128906 -28.392826080322266
vertex -42.86202621459961 -33.2846794128418 -28.259693145751953
vertex -42.83423614501953 -33.50078582763672 -28.408681869506836
endloop
endfacet
facet normal 0.8191313345802779 0.40902241301587056 -0.40214987549346204
outer loop
vertex -43.148193359375 -33.20350646972656 -28.70999526977539
vertex -43.01753234863281 -33.15333557128906 -28.392826080322266
vertex -42.99847412109375 -33.362548828125 -28.566795349121094
endloop
endfacet
facet normal 0.7871089351465922 0.43518449337133663 -0.43712009899057586
outer loop
vertex -42.99847412109375 -33.362548828125 -28.566795349121094
vertex -43.01753234863281 -33.15333557128906 -28.392826080322266
vertex -42.83423614501953 -33.50078582763672 -28.408681869506836
endloop
endfacet
facet normal 0.79730549207603 0.2602116844792385 -0.5446042889712462
outer loop
vertex -43.19305419921875 -33.42357635498047 -28.880821228027344
vertex -43.148193359375 -33.20350646972656 -28.70999526977539
vertex -42.99847412109375 -33.362548828125 -28.566795349121094
endloop
endfacet
facet normal 0.7706484137625896 0.24070665075431955 -0.5900519728361583
outer loop
vertex -42.99847412109375 -33.362548828125 -28.566795349121094
vertex -42.83423614501953 -33.50078582763672 -28.408681869506836
vertex -42.851009368896484 -33.73659896850586 -28.52678680419922
endloop
endfacet
facet normal 0.7984834634488488 0.25653964264373413 -0.5446205746673146
outer loop
vertex -43.19305419921875 -33.42357635498047 -28.880821228027344
vertex -42.99847412109375 -33.362548828125 -28.566795349121094
vertex -42.851009368896484 -33.73659896850586 -28.52678680419922
endloop
endfacet
facet normal 1.0 1.2556639897610614e-15 -9.257467049998897e-16
outer loop
vertex 4.3368086899420177e-16 -22.5 -25.330127716064453
vertex 0.0 -21.786062240600586 -24.830223083496094
vertex 0.0 -20.436717987060547 -23.0
endloop
endfacet
facet normal 1.0 -1.0829965245492755e-15 1.1450909320452279e-15
outer loop
vertex 1.2037062152420224e-32 -23.289899826049805 -25.698463439941406
vertex 4.3368086899420177e-16 -22.5 -25.330127716064453
vertex 0.0 -20.436717987060547 -23.0
endloop
endfacet
facet normal 1.0 2.156358053687636e-15 -2.2799944390847034e-15
outer loop
vertex 1.3010426069826053e-15 -24.131759643554688 -25.92403793334961
vertex 1.2037062152420224e-32 -23.289899826049805 -25.698463439941406
vertex 0.0 -20.436717987060547 -23.0
endloop
endfacet
facet normal 1.0 -1.7817401848382453e-15 2.6964926552704788e-15
outer loop
vertex 4.3368086899420177e-16 -24.69285774230957 -25.973127365112305
vertex 1.3010426069826053e-15 -24.131759643554688 -25.92403793334961
vertex 0.0 -20.436717987060547 -23.0
endloop
endfacet
facet normal 1.0 -1.90966581934582e-14 2.7483426360204765e-14
outer loop
vertex 0.0 -24.716445922851562 -25.973737716674805
vertex 4.3368086899420177e-16 -24.69285774230957 -25.973127365112305
vertex 0.0 -20.436717987060547 -23.0
endloop
endfacet
facet normal 1.0 0.0 0.0
outer loop
vertex 0.0 -25.0 -26.0
vertex 0.0 -24.716445922851562 -25.973737716674805
vertex 0.0 -20.436717987060547 -23.0
endloop
endfacet
facet normal -0.0013370375793887268 0.025866632387546593 -0.9996645085524638
outer loop
vertex -25.84990692138672 -24.198440551757812 -25.92576026916504
vertex 4.3368086899420177e-16 -24.69285774230957 -25.973127365112305
vertex 0.0 -24.716445922851562 -25.973737716674805
endloop
endfacet
facet normal 0.0 0.0922235446242241 -0.9957383279842872
outer loop
vertex -25.84990692138672 -25.0 -26.0
vertex 0.0 -24.716445922851562 -25.973737716674805
vertex 0.0 -25.0 -26.0
endloop
endfacet
facet normal -9.46867671535906e-09 0.09222440048437827 -0.9957382487156436
outer loop
vertex -25.84990692138672 -25.0 -26.0
vertex -25.84990692138672 -24.198440551757812 -25.92576026916504
vertex 0.0 -24.716445922851562 -25.973737716674805
endloop
endfacet
facet normal -1.0 0.0 0.0
outer loop
vertex -25.84990692138672 -25.0 -26.0
vertex -25.84990692138672 -25.046863555908203 -25.97100067138672
vertex -25.84990692138672 -24.198440551757812 -25.92576026916504
endloop
endfacet
facet normal -0.0 0.0 1.0
outer loop
vertex -39.81890869140625 -18.839435577392578 -23.0
vertex -37.3667106628418 -25.00252342224121 -23.0
vertex -37.07110595703125 -25.00252342224121 -23.0
endloop
endfacet
facet normal 0.00021979327768046966 0.053247284585081676 -0.9985813328794158
outer loop
vertex -37.218910217285156 -24.99700164794922 -25.970844268798828
vertex -25.84990692138672 -24.198440551757812 -25.92576026916504
vertex -25.84990692138672 -25.046863555908203 -25.97100067138672
endloop
endfacet
facet normal 0.0 0.0 1.0
outer loop
vertex -39.81890869140625 -18.839435577392578 -23.0
vertex -37.07110595703125 -25.00252342224121 -23.0
vertex -37.068973541259766 -25.00264549255371 -23.0
endloop
endfacet
facet normal -0.0 -0.9999982727054351 -0.001858651701219608
outer loop
vertex -37.218910217285156 -24.99700164794922 -25.970844268798828
vertex -37.07110595703125 -25.00252342224121 -23.0
vertex -37.3667106628418 -25.00252342224121 -23.0
endloop
endfacet
facet normal 3.478188364536841e-05 0.011067132841208647 -0.9999387568050832
outer loop
vertex -37.218910217285156 -24.99700164794922 -25.970844268798828
vertex -25.84990692138672 -25.046863555908203 -25.97100067138672
vertex -36.9981803894043 -25.009586334228516 -25.970975875854492
endloop
endfacet
facet normal -0.05715148743872854 -0.9983650461952892 0.0009705766424156493
outer loop
vertex -36.9981803894043 -25.009586334228516 -25.970975875854492
vertex -37.068973541259766 -25.00264549255371 -23.0
vertex -37.07110595703125 -25.00252342224121 -23.0
endloop
endfacet
facet normal -0.05692093462180381 -0.9983782119539412 0.0009762670903840199
outer loop
vertex -37.218910217285156 -24.99700164794922 -25.970844268798828
vertex -36.9981803894043 -25.009586334228516 -25.970975875854492
vertex -37.07110595703125 -25.00252342224121 -23.0
endloop
endfacet
facet normal 0.0 0.0 1.0
outer loop
vertex -26.5986270904541 -39.0 -23.0
vertex -36.002017974853516 -28.58419418334961 -23.0
vertex -36.35197830200195 -28.799341201782227 -23.0
endloop
endfacet
facet normal 0.0 -0.0 1.0
outer loop
vertex -35.87364196777344 -46.017539978027344 -23.0
vertex -26.5986270904541 -39.0 -23.0
vertex -36.35197830200195 -28.799341201782227 -23.0
endloop
endfacet
facet normal 0.0 -0.0 1.0
outer loop
vertex -35.76246643066406 -46.13688278198242 -23.0
vertex -26.5986270904541 -39.0 -23.0
vertex -35.87364196777344 -46.017539978027344 -23.0
endloop
endfacet
facet normal -0.0 0.0 1.0
outer loop
vertex -35.76246643066406 -46.13688278198242 -23.0
vertex -35.63665771484375 -46.27392578125 -23.0
vertex -26.5986270904541 -39.0 -23.0
endloop
endfacet
facet normal -0.7317001709051124 -0.6816260118541984 -0.0009164393975829165
outer loop
vertex -35.8514404296875 -46.03753662109375 -25.853038787841797
vertex -35.76246643066406 -46.13688278198242 -23.0
vertex -35.87364196777344 -46.017539978027344 -23.0
endloop
endfacet
facet normal 0.0001426810082311174 -0.1848439269896198 -0.9827678781366361
outer loop
vertex -35.8514404296875 -46.03753662109375 -25.853038787841797
vertex -25.818906784057617 -46.33209228515625 -25.796180725097656
vertex -35.64792251586914 -46.25926208496094 -25.81130599975586
endloop
endfacet
facet normal -0.7366558853273487 -0.676267532306081 -0.0005756398384363407
outer loop
vertex -35.64792251586914 -46.25926208496094 -25.81130599975586
vertex -35.63665771484375 -46.27392578125 -23.0
vertex -35.76246643066406 -46.13688278198242 -23.0
endloop
endfacet
facet normal -0.7366537465727926 -0.6762698621971104 -0.00057545127420325
outer loop
vertex -35.8514404296875 -46.03753662109375 -25.853038787841797
vertex -35.64792251586914 -46.25926208496094 -25.81130599975586
vertex -35.76246643066406 -46.13688278198242 -23.0
endloop
endfacet
facet normal 0.0 0.0 1.0
outer loop
vertex -26.5986270904541 -39.0 -23.0
vertex -35.703399658203125 -28.302080154418945 -23.0
vertex -36.002017974853516 -28.58419418334961 -23.0
endloop
endfacet
facet normal 0.0 0.0 -1.0
outer loop
vertex -35.703399658203125 -28.302080154418945 -25.97100067138672
vertex -35.468719482421875 -27.964906692504883 -25.97100067138672
vertex -25.84990692138672 -25.046863555908203 -25.97100067138672
endloop
endfacet
facet normal -0.6867336833600853 0.7269091058300826 0.0
outer loop
vertex -35.703399658203125 -28.302080154418945 -25.97100067138672
vertex -36.002017974853516 -28.58419418334961 -23.0
vertex -35.703399658203125 -28.302080154418945 -23.0
endloop
endfacet
facet normal -0.8207628475673794 0.5712690679995608 0.0
outer loop
vertex -35.703399658203125 -28.302080154418945 -25.97100067138672
vertex -35.703399658203125 -28.302080154418945 -23.0
vertex -35.468719482421875 -27.964906692504883 -25.97100067138672
endloop
endfacet
facet normal 0.0 0.0 -1.0
outer loop
vertex -25.84990692138672 -25.0 -26.0
vertex 0.0 -25.0 -26.0
vertex 0.0 -39.0 -26.0
endloop
endfacet
facet normal 0.0 0.0 -1.0
outer loop
vertex -25.84990692138672 -39.0 -26.0
vertex -25.84990692138672 -25.0 -26.0
vertex 0.0 -39.0 -26.0
endloop
endfacet
facet normal 1.0 0.0 -0.0
outer loop
vertex 0.0 -25.0 -26.0
vertex 0.0 -20.436717987060547 -23.0
vertex 0.0 -39.0 -26.0
endloop
endfacet
facet normal 0.0 -0.08715699461713694 -0.9961945885665653
outer loop
vertex -25.84990692138672 -39.0 -26.0
vertex 0.0 -39.0 -26.0
vertex -25.818906784057617 -39.331459045410156 -25.97100067138672
endloop
endfacet
facet normal 1.0 -0.0 0.0
outer loop
vertex 0.0 -39.86824035644531 -25.92403793334961
vertex 0.0 -39.0 -26.0
vertex 0.0 -20.436717987060547 -23.0
endloop
endfacet
facet normal 1.0 0.0 -0.0
outer loop
vertex 0.0 -42.830223083496094 -24.213937759399414
vertex 0.0 -20.436717987060547 -23.0
vertex 0.0 -43.33012771606445 -23.5
endloop
endfacet
facet normal -3.2579520584929555e-09 -0.08715674276767643 -0.9961946106008249
outer loop
vertex -25.818906784057617 -39.331459045410156 -25.97100067138672
vertex 0.0 -39.0 -26.0
vertex 0.0 -39.86824035644531 -25.92403793334961
endloop
endfacet
facet normal -0.0 -0.08715699461713695 -0.9961945885665654
outer loop
vertex -25.84990692138672 -39.0 -26.0
vertex -25.818906784057617 -39.331459045410156 -25.97100067138672
vertex -25.84990692138672 -39.331459045410156 -25.97100067138672
endloop
endfacet
facet normal 1.0 0.0 -0.0
outer loop
vertex 0.0 -39.86824035644531 -25.92403793334961
vertex 0.0 -20.436717987060547 -23.0
vertex 0.0 -40.71010208129883 -25.698463439941406
endloop
endfacet
facet normal 1.0 0.0 -0.0
outer loop
vertex 0.0 -42.21393966674805 -24.830223083496094
vertex 0.0 -20.436717987060547 -23.0
vertex 0.0 -42.830223083496094 -24.213937759399414
endloop
endfacet
facet normal 0.0 -0.7071078754039036 -0.7071056869674981
outer loop
vertex -25.818906784057617 -42.21393966674805 -24.830223083496094
vertex 0.0 -42.21393966674805 -24.830223083496094
vertex 0.0 -42.830223083496094 -24.213937759399414
endloop
endfacet
facet normal 0.0 -0.25881725102881076 -0.9659263070078843
outer loop
vertex -25.818906784057617 -39.86824035644531 -25.92403793334961
vertex 0.0 -39.86824035644531 -25.92403793334961
vertex 0.0 -40.71010208129883 -25.698463439941406
endloop
endfacet
facet normal 0.0 -0.0871565872522281 -0.9961946242068088
outer loop
vertex -25.818906784057617 -39.86824035644531 -25.92403793334961
vertex -25.818906784057617 -39.331459045410156 -25.97100067138672
vertex 0.0 -39.86824035644531 -25.92403793334961
endloop
endfacet
facet normal 0.0 0.0 -0.9999999999999999
outer loop
vertex -25.818906784057617 -44.66879653930664 -25.97100067138672
vertex -25.84990692138672 -39.331459045410156 -25.97100067138672
vertex -25.818906784057617 -39.331459045410156 -25.97100067138672
endloop
endfacet
facet normal 1.0 0.0 -0.0
outer loop
vertex 0.0 -40.71010208129883 -25.698463439941406
vertex 0.0 -20.436717987060547 -23.0
vertex 0.0 -41.5 -25.330127716064453
endloop
endfacet
facet normal 1.0 0.0 -0.0
outer loop
vertex 0.0 -41.5 -25.330127716064453
vertex 0.0 -20.436717987060547 -23.0
vertex 0.0 -42.21393966674805 -24.830223083496094
endloop
endfacet
facet normal -0.0 -0.5735754324704264 -0.8191527472128524
outer loop
vertex -25.818906784057617 -41.5 -25.330127716064453
vertex 0.0 -42.21393966674805 -24.830223083496094
vertex -25.818906784057617 -42.21393966674805 -24.830223083496094
endloop
endfacet
facet normal -0.0 -0.25881725102881076 -0.9659263070078843
outer loop
vertex -25.818906784057617 -39.86824035644531 -25.92403793334961
vertex 0.0 -40.71010208129883 -25.698463439941406
vertex -25.818906784057617 -40.71010208129883 -25.698463439941406
endloop
endfacet
facet normal 1.0 0.0 -0.0
outer loop
vertex -25.818906784057617 -44.66879653930664 -25.97100067138672
vertex -25.818906784057617 -39.331459045410156 -25.97100067138672
vertex -25.818906784057617 -39.86824035644531 -25.92403793334961
endloop
endfacet
facet normal 0.0 -0.4226185211260126 -0.9063076660832468
outer loop
vertex -25.818906784057617 -40.71010208129883 -25.698463439941406
vertex 0.0 -40.71010208129883 -25.698463439941406
vertex 0.0 -41.5 -25.330127716064453
endloop
endfacet
facet normal 0.0 -0.5735754324704264 -0.8191527472128524
outer loop
vertex -25.818906784057617 -41.5 -25.330127716064453
vertex 0.0 -41.5 -25.330127716064453
vertex 0.0 -42.21393966674805 -24.830223083496094
endloop
endfacet
facet normal 1.0 0.0 -0.0
outer loop
vertex -25.818906784057617 -44.66879653930664 -25.97100067138672
vertex -25.818906784057617 -41.5 -25.330127716064453
vertex -25.818906784057617 -42.21393966674805 -24.830223083496094
endloop
endfacet
facet normal 1.0 0.0 -0.0
outer loop
vertex -25.818906784057617 -44.66879653930664 -25.97100067138672
vertex -25.818906784057617 -39.86824035644531 -25.92403793334961
vertex -25.818906784057617 -40.71010208129883 -25.698463439941406
endloop
endfacet
facet normal 0.0 -0.4226185211260126 -0.9063076660832468
outer loop
vertex -25.818906784057617 -41.5 -25.330127716064453
vertex -25.818906784057617 -40.71010208129883 -25.698463439941406
vertex 0.0 -41.5 -25.330127716064453
endloop
endfacet
facet normal 1.0 0.0 -0.0
outer loop
vertex -25.818906784057617 -44.66879653930664 -25.97100067138672
vertex -25.818906784057617 -40.71010208129883 -25.698463439941406
vertex -25.818906784057617 -41.5 -25.330127716064453
endloop
endfacet
facet normal 0.0 -0.0 1.0
outer loop
vertex -37.350677490234375 -45.50514602661133 -23.0
vertex -37.14531707763672 -28.995647430419922 -23.0
vertex -37.55522537231445 -28.968521118164062 -23.0
endloop
endfacet
facet normal 0.9999999999999999 -0.0 0.0
outer loop
vertex -25.818906784057617 -45.50502395629883 -25.927175521850586
vertex -25.818906784057617 -44.66879653930664 -25.97100067138672
vertex -25.818906784057617 -44.64699935913086 -23.97100067138672
endloop
endfacet
facet normal 0.0 0.0 1.0
outer loop
vertex -37.350677490234375 -45.50514602661133 -23.0
vertex -37.18505859375 -45.4991340637207 -23.0
vertex -37.14531707763672 -28.995647430419922 -23.0
endloop
endfacet
facet normal 3.5325354106061223e-05 -0.05233634640411196 -0.9986295136822204
outer loop
vertex -37.253204345703125 -45.497310638427734 -25.9279842376709
vertex -25.818906784057617 -44.66879653930664 -25.97100067138672
vertex -25.818906784057617 -45.50502395629883 -25.927175521850586
endloop
endfacet
facet normal -0.0 -0.0 1.0
outer loop
vertex -37.18505859375 -45.4991340637207 -23.0
vertex -37.00117111206055 -45.51009750366211 -23.0
vertex -37.14531707763672 -28.995647430419922 -23.0
endloop
endfacet
facet normal 0.03627605013078451 -0.9993407312678556 -0.0014666342203929362
outer loop
vertex -37.253204345703125 -45.497310638427734 -25.9279842376709
vertex -37.18505859375 -45.4991340637207 -23.0
vertex -37.350677490234375 -45.50514602661133 -23.0
endloop
endfacet
facet normal 2.5810558019144807e-06 -0.10048977975546912 -0.9949380906157104
outer loop
vertex -37.253204345703125 -45.497310638427734 -25.9279842376709
vertex -25.818906784057617 -45.50502395629883 -25.927175521850586
vertex -36.953033447265625 -45.51520538330078 -25.926176071166992
endloop
endfacet
facet normal -0.059514672695887304 -0.9982271389371077 0.0007634286723701849
outer loop
vertex -36.953033447265625 -45.51520538330078 -25.926176071166992
vertex -37.00117111206055 -45.51009750366211 -23.0
vertex -37.18505859375 -45.4991340637207 -23.0
endloop
endfacet
facet normal -0.059514100693181665 -0.9982271730051254 0.0007634742152651865
outer loop
vertex -37.253204345703125 -45.497310638427734 -25.9279842376709
vertex -36.953033447265625 -45.51520538330078 -25.926176071166992
vertex -37.18505859375 -45.4991340637207 -23.0
endloop
endfacet
facet normal 0.0 -0.0 1.0
outer loop
vertex -37.53562927246094 -45.52272415161133 -23.0
vertex -37.350677490234375 -45.50514602661133 -23.0
vertex -37.55522537231445 -28.968521118164062 -23.0
endloop
endfacet
facet normal 0.0 -0.0 1.0
outer loop
vertex -37.88095474243164 -45.610137939453125 -23.0
vertex -37.55522537231445 -28.968521118164062 -23.0
vertex -37.95094680786133 -28.85821533203125 -23.0
endloop
endfacet
facet normal 0.0 -0.0 1.0
outer loop
vertex -37.720787048339844 -45.56914520263672 -23.0
vertex -37.53562927246094 -45.52272415161133 -23.0
vertex -37.55522537231445 -28.968521118164062 -23.0
endloop
endfacet
facet normal 0.0946152866797345 -0.9955137932682828 0.0004847051742142618
outer loop
vertex -37.55512237548828 -45.5260009765625 -25.925033569335938
vertex -37.350677490234375 -45.50514602661133 -23.0
vertex -37.53562927246094 -45.52272415161133 -23.0
endloop
endfacet
facet normal 0.0 0.0 1.0
outer loop
vertex -37.88095474243164 -45.610137939453125 -23.0
vertex -37.720787048339844 -45.56914520263672 -23.0
vertex -37.55522537231445 -28.968521118164062 -23.0
endloop
endfacet
facet normal 0.0 -0.0 1.0
outer loop
vertex -38.057769775390625 -45.68558883666992 -23.0
vertex -37.88095474243164 -45.610137939453125 -23.0
vertex -37.95094680786133 -28.85821533203125 -23.0
endloop
endfacet
facet normal 0.24318442611830537 -0.969979922337933 -0.0005339988838731527
outer loop
vertex -37.55512237548828 -45.5260009765625 -25.925033569335938
vertex -37.53562927246094 -45.52272415161133 -23.0
vertex -37.720787048339844 -45.56914520263672 -23.0
endloop
endfacet
facet normal 0.09460543471267004 -0.9955147292276646 0.00048540044953807363
outer loop
vertex -37.55512237548828 -45.5260009765625 -25.925033569335938
vertex -37.253204345703125 -45.497310638427734 -25.9279842376709
vertex -37.350677490234375 -45.50514602661133 -23.0
endloop
endfacet
facet normal 0.0 0.0 1.0
outer loop
vertex -38.205074310302734 -45.759464263916016 -23.0
vertex -38.057769775390625 -45.68558883666992 -23.0
vertex -37.95094680786133 -28.85821533203125 -23.0
endloop
endfacet
facet normal 0.24794447680612652 -0.9687739389222813 -0.0007692115082823987
outer loop
vertex -37.85688400268555 -45.601661682128906 -25.916454315185547
vertex -37.720787048339844 -45.56914520263672 -23.0
vertex -37.88095474243164 -45.610137939453125 -23.0
endloop
endfacet
facet normal 0.3924818210567812 -0.9197595878357281 0.0005663251757508487
outer loop
vertex -38.1446418762207 -45.72444534301758 -25.901025772094727
vertex -37.88095474243164 -45.610137939453125 -23.0
vertex -38.057769775390625 -45.68558883666992 -23.0
endloop
endfacet
facet normal 0.24318772351933143 -0.9699790957474868 -0.0005337999372786848
outer loop
vertex -37.85688400268555 -45.601661682128906 -25.916454315185547
vertex -37.55512237548828 -45.5260009765625 -25.925033569335938
vertex -37.720787048339844 -45.56914520263672 -23.0
endloop
endfacet
facet normal -2.427222356516204e-05 -0.10205298226806292 -0.9947789645047054
outer loop
vertex -51.81890869140625 -45.4096794128418 -25.93661880493164
vertex -37.253204345703125 -45.497310638427734 -25.9279842376709
vertex -37.55512237548828 -45.5260009765625 -25.925033569335938
endloop
endfacet
facet normal 0.6281075383348239 -0.7781255924587245 -0.001217640228733055
outer loop
vertex -38.40694046020508 -45.888702392578125 -25.877399444580078
vertex -38.36652374267578 -45.86058044433594 -23.0
vertex -38.49410629272461 -45.963565826416016 -23.0
endloop
endfacet
facet normal 0.44829615161900194 -0.8938839148387773 -0.0014516322173657866
outer loop
vertex -38.1446418762207 -45.72444534301758 -25.901025772094727
vertex -38.057769775390625 -45.68558883666992 -23.0
vertex -38.205074310302734 -45.759464263916016 -23.0
endloop
endfacet
facet normal 0.5307923109266652 -0.8475015269683197 0.0008273134213660147
outer loop
vertex -38.40694046020508 -45.888702392578125 -25.877399444580078
vertex -38.205074310302734 -45.759464263916016 -23.0
vertex -38.36652374267578 -45.86058044433594 -23.0
endloop
endfacet
facet normal 0.3924831454211233 -0.919759022786773 0.0005661825340961692
outer loop
vertex -38.1446418762207 -45.72444534301758 -25.901025772094727
vertex -37.85688400268555 -45.601661682128906 -25.916454315185547
vertex -37.88095474243164 -45.610137939453125 -23.0
endloop
endfacet
facet normal -0.00010826253713535152 -0.1122428162850105 -0.9936808031111561
outer loop
vertex -51.81890869140625 -45.4096794128418 -25.93661880493164
vertex -37.55512237548828 -45.5260009765625 -25.925033569335938
vertex -37.85688400268555 -45.601661682128906 -25.916454315185547
endloop
endfacet
facet normal 0.6515382849604519 -0.7586157546681542 -2.444328877525197e-07
outer loop
vertex -38.63433837890625 -46.08400344848633 -25.844829559326172
vertex -38.40694046020508 -45.888702392578125 -25.877399444580078
vertex -38.49410629272461 -45.963565826416016 -23.0
endloop
endfacet
facet normal 5.67913448074224e-05 -0.1926906789939686 -0.9812595472165285
outer loop
vertex -51.81890869140625 -46.144195556640625 -25.833772659301758
vertex -38.63433837890625 -46.08400344848633 -25.844829559326172
vertex -39.81890869140625 -46.33209228515625 -25.796180725097656
endloop
endfacet
facet normal 0.5307965972814807 -0.8474988428096959 0.000826892150143636
outer loop
vertex -38.40694046020508 -45.888702392578125 -25.877399444580078
vertex -38.1446418762207 -45.72444534301758 -25.901025772094727
vertex -38.205074310302734 -45.759464263916016 -23.0
endloop
endfacet
facet normal -0.00027260110293215724 -0.12404691860793922 -0.9922763161904621
outer loop
vertex -51.81890869140625 -45.4096794128418 -25.93661880493164
vertex -37.85688400268555 -45.601661682128906 -25.916454315185547
vertex -38.1446418762207 -45.72444534301758 -25.901025772094727
endloop
endfacet
facet normal -7.662853850687734e-05 -0.1644090298544989 -0.9863922470449419
outer loop
vertex -51.81890869140625 -46.144195556640625 -25.833772659301758
vertex -38.40694046020508 -45.888702392578125 -25.877399444580078
vertex -38.63433837890625 -46.08400344848633 -25.844829559326172
endloop
endfacet
facet normal -0.0006760962118252846 -0.14131440525243516 -0.9899645356082525
outer loop
vertex -51.81890869140625 -45.4096794128418 -25.93661880493164
vertex -38.1446418762207 -45.72444534301758 -25.901025772094727
vertex -38.40694046020508 -45.888702392578125 -25.877399444580078
endloop
endfacet
facet normal -0.0005798586268887532 -0.1386661829558349 -0.9903390093641831
outer loop
vertex -51.81890869140625 -46.144195556640625 -25.833772659301758
vertex -51.81890869140625 -45.4096794128418 -25.93661880493164
vertex -38.40694046020508 -45.888702392578125 -25.877399444580078
endloop
endfacet
facet normal 0.0 0.0 1.0
outer loop
vertex -40.0449104309082 -26.99700164794922 -23.0
vertex -53.069156646728516 -24.822126388549805 -23.0
vertex -53.06589126586914 -24.834877014160156 -23.0
endloop
endfacet
facet normal 0.0 0.0 1.0
outer loop
vertex -40.0449104309082 -26.99700164794922 -23.0
vertex -53.06589126586914 -24.834877014160156 -23.0
vertex -53.009002685546875 -25.056901931762695 -23.0
endloop
endfacet
facet normal 0.0 0.0 1.0
outer loop
vertex -40.0449104309082 -26.99700164794922 -23.0
vertex -53.009002685546875 -25.056901931762695 -23.0
vertex -51.81890869140625 -26.24700164794922 -23.0
endloop
endfacet
facet normal 0.0 0.0 0.9999999999999999
outer loop
vertex -40.0449104309082 -26.99700164794922 -23.0
vertex -51.81890869140625 -26.24700164794922 -23.0
vertex -38.63433837890625 -28.409997940063477 -23.0
endloop
endfacet
facet normal 0.0 0.0 1.0
outer loop
vertex -38.31578063964844 -28.66938591003418 -23.0
vertex -38.63433837890625 -28.409997940063477 -23.0
vertex -51.81890869140625 -26.24700164794922 -23.0
endloop
endfacet
facet normal 0.0 -0.0 1.0
outer loop
vertex -38.205074310302734 -45.759464263916016 -23.0
vertex -37.95094680786133 -28.85821533203125 -23.0
vertex -38.31578063964844 -28.66938591003418 -23.0
endloop
endfacet
facet normal 0.0 0.0 0.9999999999999999
outer loop
vertex -38.205074310302734 -45.759464263916016 -23.0
vertex -38.31578063964844 -28.66938591003418 -23.0
vertex -51.81890869140625 -26.24700164794922 -23.0
endloop
endfacet
facet normal 0.0 -0.0 1.0
outer loop
vertex -38.36652374267578 -45.86058044433594 -23.0
vertex -38.205074310302734 -45.759464263916016 -23.0
vertex -51.81890869140625 -26.24700164794922 -23.0
endloop
endfacet
facet normal 0.0 -0.0 1.0
outer loop
vertex -38.49410629272461 -45.963565826416016 -23.0
vertex -38.36652374267578 -45.86058044433594 -23.0
vertex -51.81890869140625 -26.24700164794922 -23.0
endloop
endfacet
facet normal 0.0 -0.0 1.0
outer loop
vertex -38.63433837890625 -46.08400344848633 -23.0
vertex -38.49410629272461 -45.963565826416016 -23.0
vertex -51.81890869140625 -26.24700164794922 -23.0
endloop
endfacet
facet normal 0.7077141001110568 -0.7064989401995249 9.722213286496832e-07
outer loop
vertex -39.348567962646484 -46.79946517944336 -25.682048797607422
vertex -38.63433837890625 -46.08400344848633 -23.0
vertex -40.0449104309082 -47.49700164794922 -23.0
endloop
endfacet
facet normal 0.651535431221043 -0.7586182055972621 0.0
outer loop
vertex -38.63433837890625 -46.08400344848633 -25.844829559326172
vertex -38.49410629272461 -45.963565826416016 -23.0
vertex -38.63433837890625 -46.08400344848633 -23.0
endloop
endfacet
facet normal 0.7077159223923238 -0.7064971147799417 0.0
outer loop
vertex -38.63433837890625 -46.08400344848633 -25.844829559326172
vertex -38.63433837890625 -46.08400344848633 -23.0
vertex -39.348567962646484 -46.79946517944336 -25.682048797607422
endloop
endfacet
facet normal -1.0 0.0 -0.0
outer loop
vertex -51.81890869140625 -46.144195556640625 -25.833772659301758
vertex -51.81890869140625 -26.24700164794922 -23.0
vertex -51.81890869140625 -45.4096794128418 -25.93661880493164
endloop
endfacet
facet normal 0.008098518613595215 -0.22952145663295345 -0.9732699085769335
outer loop
vertex -38.63433837890625 -46.08400344848633 -25.844829559326172
vertex -39.348567962646484 -46.79946517944336 -25.682048797607422
vertex -39.81890869140625 -46.33209228515625 -25.796180725097656
endloop
endfacet
facet normal -1.0 0.0 0.0
outer loop
vertex -51.81890869140625 -46.144195556640625 -25.833772659301758
vertex -51.81890869140625 -46.866031646728516 -25.663345336914062
vertex -51.81890869140625 -26.24700164794922 -23.0
endloop
endfacet
facet normal -0.00018967490313662947 -0.23740808975820685 -0.971409987050159
outer loop
vertex -51.81890869140625 -46.866031646728516 -25.663345336914062
vertex -39.81890869140625 -46.33209228515625 -25.796180725097656
vertex -39.348567962646484 -46.79946517944336 -25.682048797607422
endloop
endfacet
facet normal -0.0005491479740591661 -0.22978473256843907 -0.9732413241919775
outer loop
vertex -51.81890869140625 -46.144195556640625 -25.833772659301758
vertex -39.81890869140625 -46.33209228515625 -25.796180725097656
vertex -51.81890869140625 -46.866031646728516 -25.663345336914062
endloop
endfacet
facet normal -0.8912117126348854 -0.4257575288945904 -0.15643596086567294
outer loop
vertex -49.082550048828125 -27.512237548828125 -26.019075393676758
vertex -49.013427734375 -27.674591064453125 -25.97100067138672
vertex -49.138153076171875 -27.413511276245117 -25.97100067138672
endloop
endfacet
facet normal 0.0 0.0 -1.0
outer loop
vertex -49.2461051940918 -26.860836029052734 -25.97100067138672
vertex -51.81890869140625 -26.24700164794922 -25.97100067138672
vertex -49.24988555908203 -25.207077026367188 -25.97100067138672
endloop
endfacet
facet normal -0.9556495530100586 -0.27809972286443607 -0.09692510497491803
outer loop
vertex -49.138153076171875 -27.413511276245117 -25.97100067138672
vertex -49.21628189086914 -27.14503288269043 -25.97100067138672
vertex -49.20403289794922 -27.137422561645508 -26.11360740661621
endloop
endfacet
facet normal 0.0 0.0 -1.0
outer loop
vertex -49.013427734375 -27.674591064453125 -25.97100067138672
vertex -51.81890869140625 -26.24700164794922 -25.97100067138672
vertex -49.138153076171875 -27.413511276245117 -25.97100067138672
endloop
endfacet
facet normal 0.0 0.0 -1.0
outer loop
vertex -49.21628189086914 -27.14503288269043 -25.97100067138672
vertex -51.81890869140625 -26.24700164794922 -25.97100067138672
vertex -49.2461051940918 -26.860836029052734 -25.97100067138672
endloop
endfacet
facet normal 0.0 0.0 -1.0
outer loop
vertex -49.138153076171875 -27.413511276245117 -25.97100067138672
vertex -51.81890869140625 -26.24700164794922 -25.97100067138672
vertex -49.21628189086914 -27.14503288269043 -25.97100067138672
endloop
endfacet
facet normal -0.6047923167205698 -0.5403973642024349 -0.5849760186527538
outer loop
vertex -48.64132308959961 -27.97810173034668 -26.127229690551758
vertex -48.86100769042969 -27.901355743408203 -25.97100067138672
vertex -48.89045333862305 -27.83760643005371 -25.999448776245117
endloop
endfacet
facet normal -0.7729501750365517 -0.5195390225209935 -0.36418021773415227
outer loop
vertex -48.86100769042969 -27.901355743408203 -25.97100067138672
vertex -49.013427734375 -27.674591064453125 -25.97100067138672
vertex -48.89045333862305 -27.83760643005371 -25.999448776245117
endloop
endfacet
facet normal -0.6044023402049727 -0.705986002045533 -0.36916334605499135
outer loop
vertex -48.64173889160156 -27.880857467651367 -26.254980087280273
vertex -48.890953063964844 -27.721059799194336 -26.152557373046875
vertex -48.642059326171875 -27.806245803833008 -26.39714241027832
endloop
endfacet
facet normal -0.6047101298035406 -0.634679139608719 -0.48115283295281674
outer loop
vertex -48.64173889160156 -27.880857467651367 -26.254980087280273
vertex -48.64132308959961 -27.97810173034668 -26.127229690551758
vertex -48.89045333862305 -27.83760643005371 -25.999448776245117
endloop
endfacet
facet normal -0.7673846122377498 -0.5113978669681458 -0.38677264453571303
outer loop
vertex -48.890953063964844 -27.721059799194336 -26.152557373046875
vertex -48.89045333862305 -27.83760643005371 -25.999448776245117
vertex -49.013427734375 -27.674591064453125 -25.97100067138672
endloop
endfacet
facet normal -0.6047075262380848 -0.6346841892737525 -0.4811494441407322
outer loop
vertex -48.64173889160156 -27.880857467651367 -26.254980087280273
vertex -48.89045333862305 -27.83760643005371 -25.999448776245117
vertex -48.890953063964844 -27.721059799194336 -26.152557373046875
endloop
endfacet
facet normal -0.5717455961698927 -0.4919275013798866 -0.6565929535461643
outer loop
vertex -48.64082336425781 -28.095260620117188 -26.0174560546875
vertex -48.675498962402344 -28.11696434020996 -25.97100067138672
vertex -48.86100769042969 -27.901355743408203 -25.97100067138672
endloop
endfacet
facet normal -0.6036989759133174 -0.546449967779789 -0.5804653126541492
outer loop
vertex -48.64132308959961 -27.97810173034668 -26.127229690551758
vertex -48.64082336425781 -28.095260620117188 -26.0174560546875
vertex -48.86100769042969 -27.901355743408203 -25.97100067138672
endloop
endfacet
facet normal -0.378393585267306 -0.7371287108557499 -0.5598745915476916
outer loop
vertex -48.64173889160156 -27.880857467651367 -26.254980087280273
vertex -48.351890563964844 -27.980741500854492 -26.319368362426758
vertex -48.64132308959961 -27.97810173034668 -26.127229690551758
endloop
endfacet
facet normal -0.378835776861147 -0.6336300250109904 -0.674534243441045
outer loop
vertex -48.35152816772461 -28.06585121154785 -26.207557678222656
vertex -48.64082336425781 -28.095260620117188 -26.0174560546875
vertex -48.64132308959961 -27.97810173034668 -26.127229690551758
endloop
endfacet
facet normal -0.37839269893128824 -0.7371301954254162 -0.5598732359986349
outer loop
vertex -48.351890563964844 -27.980741500854492 -26.319368362426758
vertex -48.35152816772461 -28.06585121154785 -26.207557678222656
vertex -48.64132308959961 -27.97810173034668 -26.127229690551758
endloop
endfacet
facet normal 0.0 -0.0 1.0
outer loop
vertex -53.31392288208008 -24.0246524810791 -23.0
vertex -47.815773010253906 -18.835891723632812 -23.0
vertex -53.31890869140625 -24.01621437072754 -23.0
endloop
endfacet
facet normal -0.3962024640123926 -0.2341033546402338 0.8878171134060763
outer loop
vertex -53.31890869140625 -24.023462295532227 -23.001911163330078
vertex -53.31392288208008 -24.0246524810791 -23.0
vertex -53.31890869140625 -24.01621437072754 -23.0
endloop
endfacet
facet normal 0.0 -0.0 1.0
outer loop
vertex -53.312828063964844 -24.027820587158203 -23.0
vertex -47.815773010253906 -18.835891723632812 -23.0
vertex -53.31392288208008 -24.0246524810791 -23.0
endloop
endfacet
facet normal -0.3821188826569454 -0.13205071562016055 0.9146298530122506
outer loop
vertex -53.31890869140625 -24.023462295532227 -23.001911163330078
vertex -53.312828063964844 -24.027820587158203 -23.0
vertex -53.31392288208008 -24.0246524810791 -23.0
endloop
endfacet
facet normal 0.0 -0.0 1.0
outer loop
vertex -53.3094482421875 -24.037578582763672 -23.0
vertex -47.815773010253906 -18.835891723632812 -23.0
vertex -53.312828063964844 -24.027820587158203 -23.0
endloop
endfacet
facet normal -0.38234416404693766 -0.1324303867652802 0.9144807996237245
outer loop
vertex -53.3094482421875 -24.037578582763672 -23.0
vertex -53.312828063964844 -24.027820587158203 -23.0
vertex -53.31890869140625 -24.023462295532227 -23.001911163330078
endloop
endfacet
facet normal 0.0 -0.0 1.0
outer loop
vertex -53.28950119018555 -24.095211029052734 -23.0
vertex -47.815773010253906 -18.835891723632812 -23.0
vertex -53.3094482421875 -24.037578582763672 -23.0
endloop
endfacet
facet normal -0.3820961630498644 -0.13224654729863256 0.9146110500700076
outer loop
vertex -53.28950119018555 -24.095211029052734 -23.0
vertex -53.3094482421875 -24.037578582763672 -23.0
vertex -53.31890869140625 -24.023462295532227 -23.001911163330078
endloop
endfacet
facet normal 0.0 0.0 1.0
outer loop
vertex -40.0449104309082 -26.99700164794922 -23.0
vertex -47.815773010253906 -18.835891723632812 -23.0
vertex -53.111080169677734 -24.6107177734375 -23.0
endloop
endfacet
facet normal 0.0 -0.0 0.9999999999999999
outer loop
vertex -53.111080169677734 -24.6107177734375 -23.0
vertex -47.815773010253906 -18.835891723632812 -23.0
vertex -53.28950119018555 -24.095211029052734 -23.0
endloop
endfacet
facet normal 0.0 0.0 1.0
outer loop
vertex -40.0449104309082 -26.99700164794922 -23.0
vertex -53.09126281738281 -24.735870361328125 -23.0
vertex -53.0802001953125 -24.779037475585938 -23.0
endloop
endfacet
facet normal 0.0 0.0 1.0
outer loop
vertex -40.0449104309082 -26.99700164794922 -23.0
vertex -53.0802001953125 -24.779037475585938 -23.0
vertex -53.071712493896484 -24.81214141845703 -23.0
endloop
endfacet
facet normal -0.38214488571492583 -0.13226713869991574 0.9145877160459042
outer loop
vertex -53.31890869140625 -24.60327911376953 -23.085763931274414
vertex -53.28950119018555 -24.095211029052734 -23.0
vertex -53.31890869140625 -24.023462295532227 -23.001911163330078
endloop
endfacet
facet normal 0.0 0.0 1.0
outer loop
vertex -40.0449104309082 -26.99700164794922 -23.0
vertex -53.111080169677734 -24.6107177734375 -23.0
vertex -53.107017517089844 -24.674379348754883 -23.0
endloop
endfacet
facet normal -0.3821527920522236 -0.1322661476121758 0.914584555808004
outer loop
vertex -53.31890869140625 -24.60327911376953 -23.085763931274414
vertex -53.111080169677734 -24.6107177734375 -23.0
vertex -53.28950119018555 -24.095211029052734 -23.0
endloop
endfacet
facet normal 0.0 0.0 1.0
outer loop
vertex -40.0449104309082 -26.99700164794922 -23.0
vertex -53.107017517089844 -24.674379348754883 -23.0
vertex -53.09126281738281 -24.735870361328125 -23.0
endloop
endfacet
facet normal -0.2899200025425978 -0.07429904625075412 0.9541624829408923
outer loop
vertex -53.197837829589844 -24.868072509765625 -23.04267692565918
vertex -53.0802001953125 -24.779037475585938 -23.0
vertex -53.09126281738281 -24.735870361328125 -23.0
endloop
endfacet
facet normal 0.0 0.0 1.0
outer loop
vertex -40.0449104309082 -26.99700164794922 -23.0
vertex -53.071712493896484 -24.81214141845703 -23.0
vertex -53.07109451293945 -24.814552307128906 -23.0
endloop
endfacet
facet normal -0.2898989711517292 -0.07432878668040993 0.9541665567372328
outer loop
vertex -53.197837829589844 -24.868072509765625 -23.04267692565918
vertex -53.071712493896484 -24.81214141845703 -23.0
vertex -53.0802001953125 -24.779037475585938 -23.0
endloop
endfacet
facet normal -0.593847658485053 -0.11515949062223005 0.7962934447999985
outer loop
vertex -53.48957824707031 -24.57633399963379 -23.20914649963379
vertex -53.31890869140625 -24.60327911376953 -23.085763931274414
vertex -53.31890869140625 -24.023462295532227 -23.001911163330078
endloop
endfacet
facet normal -0.3820948996423541 -0.02438392115043935 0.9238013379816185
outer loop
vertex -53.31890869140625 -24.60327911376953 -23.085763931274414
vertex -53.107017517089844 -24.674379348754883 -23.0
vertex -53.111080169677734 -24.6107177734375 -23.0
endloop
endfacet
facet normal -0.2899360182857998 -0.07428491922952656 0.9541587163966165
outer loop
vertex -53.197837829589844 -24.868072509765625 -23.04267692565918
vertex -53.09126281738281 -24.735870361328125 -23.0
vertex -53.107017517089844 -24.674379348754883 -23.0
endloop
endfacet
facet normal 0.0 0.0 1.0
outer loop
vertex -40.0449104309082 -26.99700164794922 -23.0
vertex -53.07109451293945 -24.814552307128906 -23.0
vertex -53.069156646728516 -24.822126388549805 -23.0
endloop
endfacet
facet normal -0.2899063608451875 -0.074311440596393 0.954165662627821
outer loop
vertex -53.197837829589844 -24.868072509765625 -23.04267692565918
vertex -53.07109451293945 -24.814552307128906 -23.0
vertex -53.071712493896484 -24.81214141845703 -23.0
endloop
endfacet
facet normal -0.5896764952247611 -0.04172364604219557 0.8065610753937905
outer loop
vertex -53.48957824707031 -24.57633399963379 -23.20914649963379
vertex -53.343929290771484 -24.721982955932617 -23.110197067260742
vertex -53.31890869140625 -24.60327911376953 -23.085763931274414
endloop
endfacet
facet normal -0.38209492941050965 -0.024384028122418668 0.9238013228456119
outer loop
vertex -53.197837829589844 -24.868072509765625 -23.04267692565918
vertex -53.107017517089844 -24.674379348754883 -23.0
vertex -53.31890869140625 -24.60327911376953 -23.085763931274414
endloop
endfacet
facet normal -0.28995701482799763 -0.07418693705999636 0.9541599592949247
outer loop
vertex -53.197837829589844 -24.868072509765625 -23.04267692565918
vertex -53.069156646728516 -24.822126388549805 -23.0
vertex -53.07109451293945 -24.814552307128906 -23.0
endloop
endfacet
facet normal -0.7071058356891896 -0.7071077266771629 -2.7834462319381762e-06
outer loop
vertex -53.81890869140625 -24.24700164794922 -23.91742706298828
vertex -53.343929290771484 -24.721982955932617 -23.110197067260742
vertex -53.48957824707031 -24.57633399963379 -23.20914649963379
endloop
endfacet
facet normal -0.4815946792440653 -0.07816040473491916 0.8729017791570134
outer loop
vertex -53.197837829589844 -24.868072509765625 -23.04267692565918
vertex -53.31890869140625 -24.60327911376953 -23.085763931274414
vertex -53.343929290771484 -24.721982955932617 -23.110197067260742
endloop
endfacet
facet normal -0.2899347180207414 -0.07425104521338957 0.9541617481176617
outer loop
vertex -53.197837829589844 -24.868072509765625 -23.04267692565918
vertex -53.06589126586914 -24.834877014160156 -23.0
vertex -53.069156646728516 -24.822126388549805 -23.0
endloop
endfacet
facet normal -0.7070999106114876 -0.7071136516275476 -9.756094137510674e-06
outer loop
vertex -53.197837829589844 -24.868072509765625 -23.04267692565918
vertex -53.343929290771484 -24.721982955932617 -23.110197067260742
vertex -53.81890869140625 -24.24700164794922 -23.91742706298828
endloop
endfacet
facet normal -0.28992577068181635 -0.07428655157730213 0.9541617031453881
outer loop
vertex -53.009002685546875 -25.056901931762695 -23.0
vertex -53.06589126586914 -24.834877014160156 -23.0
vertex -53.197837829589844 -24.868072509765625 -23.04267692565918
endloop
endfacet
facet normal -0.7071067811865476 -0.7071067811865476 0.0
outer loop
vertex -53.0189094543457 -25.047000885009766 -25.97100067138672
vertex -53.197837829589844 -24.868072509765625 -23.04267692565918
vertex -53.81890869140625 -24.24700164794922 -23.91742706298828
endloop
endfacet
facet normal -0.707096213570506 -0.7071173486434804 1.2914092143993991e-06
outer loop
vertex -53.0189094543457 -25.047000885009766 -25.97100067138672
vertex -53.009002685546875 -25.056901931762695 -23.0
vertex -53.197837829589844 -24.868072509765625 -23.04267692565918
endloop
endfacet
facet normal -0.7071084810870959 -0.7071050812819124 0.0
outer loop
vertex -51.81890869140625 -26.24700164794922 -25.97100067138672
vertex -51.81890869140625 -26.24700164794922 -23.0
vertex -53.009002685546875 -25.056901931762695 -23.0
endloop
endfacet
facet normal 0.0 0.009975818804215844 -0.9999502402815781
outer loop
vertex -53.0189094543457 -25.047000885009766 -25.97100067138672
vertex -49.17094802856445 -24.887550354003906 -25.969409942626953
vertex -49.22438430786133 -25.047000885009766 -25.97100067138672
endloop
endfacet
facet normal 0.0 -0.0 -1.0
outer loop
vertex -51.81890869140625 -26.24700164794922 -25.97100067138672
vertex -49.24038314819336 -25.126522064208984 -25.97100067138672
vertex -49.24988555908203 -25.207077026367188 -25.97100067138672
endloop
endfacet
facet normal -0.7071067811858919 -0.7071067811858919 1.3618635283423056e-06
outer loop
vertex -51.81890869140625 -26.24700164794922 -25.97100067138672
vertex -53.009002685546875 -25.056901931762695 -23.0
vertex -53.0189094543457 -25.047000885009766 -25.97100067138672
endloop
endfacet
facet normal 0.0 -0.0 -1.0
outer loop
vertex -53.0189094543457 -25.047000885009766 -25.97100067138672
vertex -49.22438430786133 -25.047000885009766 -25.97100067138672
vertex -49.24038314819336 -25.126522064208984 -25.97100067138672
endloop
endfacet
facet normal 0.0 0.0 -1.0
outer loop
vertex -51.81890869140625 -26.24700164794922 -25.97100067138672
vertex -53.0189094543457 -25.047000885009766 -25.97100067138672
vertex -49.24038314819336 -25.126522064208984 -25.97100067138672
endloop
endfacet
facet normal 0.06603210863117384 0.9978174986588083 -0.0
outer loop
vertex -37.55522537231445 -28.968521118164062 -25.97100067138672
vertex -37.55522537231445 -28.968521118164062 -23.0
vertex -37.14531707763672 -28.995647430419922 -23.0
endloop
endfacet
facet normal 0.06603210863117384 0.9978174986588083 0.0
outer loop
vertex -37.14531707763672 -28.995647430419922 -25.97100067138672
vertex -37.55522537231445 -28.968521118164062 -25.97100067138672
vertex -37.14531707763672 -28.995647430419922 -23.0
endloop
endfacet
facet normal 0.0 0.0 -1.0
outer loop
vertex -40.52341079711914 -32.3870964050293 -25.97100067138672
vertex -40.63861083984375 -32.26677703857422 -25.97100067138672
vertex -37.55522537231445 -28.968521118164062 -25.97100067138672
endloop
endfacet
facet normal 0.0 0.0 -1.0
outer loop
vertex -40.52341079711914 -32.3870964050293 -25.97100067138672
vertex -37.55522537231445 -28.968521118164062 -25.97100067138672
vertex -37.14531707763672 -28.995647430419922 -25.97100067138672
endloop
endfacet
facet normal 0.21381144848960562 0.2047142428248185 -0.9551841410322085
outer loop
vertex -40.68647003173828 -32.51369857788086 -26.03463363647461
vertex -40.63861083984375 -32.26677703857422 -25.97100067138672
vertex -40.52341079711914 -32.3870964050293 -25.97100067138672
endloop
endfacet
facet normal 0.0 0.0 -1.0
outer loop
vertex -40.427703857421875 -32.52366638183594 -25.97100067138672
vertex -40.52341079711914 -32.3870964050293 -25.97100067138672
vertex -37.14531707763672 -28.995647430419922 -25.97100067138672
endloop
endfacet
facet normal 0.0 0.0 -1.0
outer loop
vertex -40.351924896240234 -32.67225646972656 -25.97100067138672
vertex -40.427703857421875 -32.52366638183594 -25.97100067138672
vertex -37.14531707763672 -28.995647430419922 -25.97100067138672
endloop
endfacet
facet normal 0.18721845057607633 0.23790465733063154 -0.953074302341789
outer loop
vertex -40.55238342285156 -32.568763732910156 -26.02203941345215
vertex -40.68647003173828 -32.51369857788086 -26.03463363647461
vertex -40.52341079711914 -32.3870964050293 -25.97100067138672
endloop
endfacet
facet normal 0.303346920473851 0.21258263422162643 -0.9288645054400698
outer loop
vertex -40.55238342285156 -32.568763732910156 -26.02203941345215
vertex -40.52341079711914 -32.3870964050293 -25.97100067138672
vertex -40.427703857421875 -32.52366638183594 -25.97100067138672
endloop
endfacet
facet normal 0.4363021357423397 0.2225082646981305 -0.8718546429810989
outer loop
vertex -40.3823356628418 -32.64870834350586 -25.980209350585938
vertex -40.427703857421875 -32.52366638183594 -25.97100067138672
vertex -40.351924896240234 -32.67225646972656 -25.97100067138672
endloop
endfacet
facet normal 0.22608667260388726 0.34191577903044884 -0.9121285087754378
outer loop
vertex -40.77979278564453 -32.709373474121094 -26.131114959716797
vertex -40.68647003173828 -32.51369857788086 -26.03463363647461
vertex -40.55238342285156 -32.568763732910156 -26.02203941345215
endloop
endfacet
facet normal 0.315071451932302 0.18289907642555678 -0.9312775676563617
outer loop
vertex -40.3823356628418 -32.64870834350586 -25.980209350585938
vertex -40.55238342285156 -32.568763732910156 -26.02203941345215
vertex -40.427703857421875 -32.52366638183594 -25.97100067138672
endloop
endfacet
facet normal 0.42620907452096807 0.20594845145925333 -0.8808694909789506
outer loop
vertex -40.41020965576172 -32.981048583984375 -26.07139778137207
vertex -40.3823356628418 -32.64870834350586 -25.980209350585938
vertex -40.351924896240234 -32.67225646972656 -25.97100067138672
endloop
endfacet
facet normal 0.21470886006811682 0.3577378647836939 -0.9088034581295635
outer loop
vertex -40.77979278564453 -32.709373474121094 -26.131114959716797
vertex -40.55238342285156 -32.568763732910156 -26.02203941345215
vertex -40.70380783081055 -32.75723648071289 -26.132003784179688
endloop
endfacet
facet normal 0.34984811265620686 0.27568383335276053 -0.8953238085177994
outer loop
vertex -40.64487075805664 -32.79694366455078 -26.12843894958496
vertex -40.55238342285156 -32.568763732910156 -26.02203941345215
vertex -40.3823356628418 -32.64870834350586 -25.980209350585938
endloop
endfacet
facet normal 0.47633871368180464 0.1952776862392954 -0.8573027791305654
outer loop
vertex -40.47687911987305 -32.923988342285156 -26.095443725585938
vertex -40.3823356628418 -32.64870834350586 -25.980209350585938
vertex -40.41020965576172 -32.981048583984375 -26.07139778137207
endloop
endfacet
facet normal 0.2678560693654621 0.3158596599702648 -0.9102119540566107
outer loop
vertex -40.64487075805664 -32.79694366455078 -26.12843894958496
vertex -40.70380783081055 -32.75723648071289 -26.132003784179688
vertex -40.55238342285156 -32.568763732910156 -26.02203941345215
endloop
endfacet
facet normal 0.3485085095830124 0.27789516901347355 -0.8951626074558746
outer loop
vertex -40.531211853027344 -32.880470275878906 -26.110118865966797
vertex -40.64487075805664 -32.79694366455078 -26.12843894958496
vertex -40.3823356628418 -32.64870834350586 -25.980209350585938
endloop
endfacet
facet normal 0.49279870365350087 0.22113775112086115 -0.8415744368186554
outer loop
vertex -40.52156066894531 -33.11738586425781 -26.172426223754883
vertex -40.47687911987305 -32.923988342285156 -26.095443725585938
vertex -40.41020965576172 -32.981048583984375 -26.07139778137207
endloop
endfacet
facet normal 0.41790342712742046 0.22493414770653503 -0.8802052912762406
outer loop
vertex -40.531211853027344 -32.880470275878906 -26.110118865966797
vertex -40.3823356628418 -32.64870834350586 -25.980209350585938
vertex -40.47687911987305 -32.923988342285156 -26.095443725585938
endloop
endfacet
facet normal 0.3012675766057693 0.368201972220277 -0.8795823753004519
outer loop
vertex -40.81633758544922 -32.85143280029297 -26.209978103637695
vertex -40.70380783081055 -32.75723648071289 -26.132003784179688
vertex -40.64487075805664 -32.79694366455078 -26.12843894958496
endloop
endfacet
facet normal 0.36974539327299044 0.3111057577907014 -0.8755007433594073
outer loop
vertex -40.75666046142578 -32.89825439453125 -26.211650848388672
vertex -40.64487075805664 -32.79694366455078 -26.12843894958496
vertex -40.531211853027344 -32.880470275878906 -26.110118865966797
endloop
endfacet
facet normal 0.48181519577024096 0.22571678302975395 -0.8467030476994771
outer loop
vertex -40.52156066894531 -33.11738586425781 -26.172426223754883
vertex -40.58782196044922 -33.04920959472656 -26.191957473754883
vertex -40.47687911987305 -32.923988342285156 -26.095443725585938
endloop
endfacet
facet normal 0.44095297716600623 0.26094345934605906 -0.8587601428530245
outer loop
vertex -40.64217758178711 -32.99734878540039 -26.202611923217773
vertex -40.531211853027344 -32.880470275878906 -26.110118865966797
vertex -40.47687911987305 -32.923988342285156 -26.095443725585938
endloop
endfacet
facet normal 0.2877908690507595 0.3979290490450247 -0.8711078507378583
outer loop
vertex -40.75666046142578 -32.89825439453125 -26.211650848388672
vertex -40.81633758544922 -32.85143280029297 -26.209978103637695
vertex -40.64487075805664 -32.79694366455078 -26.12843894958496
endloop
endfacet
facet normal 0.3547163087843313 0.3801177052325745 -0.85421710966893
outer loop
vertex -40.75666046142578 -32.89825439453125 -26.211650848388672
vertex -40.531211853027344 -32.880470275878906 -26.110118865966797
vertex -40.69853210449219 -32.94696044921875 -26.209186553955078
endloop
endfacet
facet normal 0.38594542791775865 0.31868328311225397 -0.8657292254129887
outer loop
vertex -40.64217758178711 -32.99734878540039 -26.202611923217773
vertex -40.69853210449219 -32.94696044921875 -26.209186553955078
vertex -40.531211853027344 -32.880470275878906 -26.110118865966797
endloop
endfacet
facet normal 0.4328903873771018 0.2775131849504973 -0.8576668028407849
outer loop
vertex -40.64217758178711 -32.99734878540039 -26.202611923217773
vertex -40.47687911987305 -32.923988342285156 -26.095443725585938
vertex -40.58782196044922 -33.04920959472656 -26.191957473754883
endloop
endfacet
facet normal 0.30622815625939587 0.4208136817875291 -0.8538970438726178
outer loop
vertex -40.94084930419922 -32.93266677856445 -26.29466438293457
vertex -40.81633758544922 -32.85143280029297 -26.209978103637695
vertex -40.75666046142578 -32.89825439453125 -26.211650848388672
endloop
endfacet
facet normal 0.3551149756459919 0.3806130395958335 -0.8538308194025133
outer loop
vertex -40.8802604675293 -32.98564529418945 -26.302013397216797
vertex -40.75666046142578 -32.89825439453125 -26.211650848388672
vertex -40.69853210449219 -32.94696044921875 -26.209186553955078
endloop
endfacet
facet normal 0.40224970598181353 0.3389061053102743 -0.8504926959245247
outer loop
vertex -40.82146453857422 -33.041038513183594 -26.30481719970703
vertex -40.69853210449219 -32.94696044921875 -26.209186553955078
vertex -40.64217758178711 -32.99734878540039 -26.202611923217773
endloop
endfacet
facet normal 0.4476056358111931 0.2957639278474877 -0.8439033675571415
outer loop
vertex -40.76472091674805 -33.09857940673828 -26.30308723449707
vertex -40.64217758178711 -32.99734878540039 -26.202611923217773
vertex -40.58782196044922 -33.04920959472656 -26.191957473754883
endloop
endfacet
facet normal 0.29443677012473785 0.45342860192814266 -0.8412547125288522
outer loop
vertex -40.8802604675293 -32.98564529418945 -26.302013397216797
vertex -40.94084930419922 -32.93266677856445 -26.29466438293457
vertex -40.75666046142578 -32.89825439453125 -26.211650848388672
endloop
endfacet
facet normal 0.344690990728747 0.408640843262943 -0.8451040066925406
outer loop
vertex -40.82146453857422 -33.041038513183594 -26.30481719970703
vertex -40.8802604675293 -32.98564529418945 -26.302013397216797
vertex -40.69853210449219 -32.94696044921875 -26.209186553955078
endloop
endfacet
facet normal 0.3933316451657833 0.36247908376343835 -0.8449255178684075
outer loop
vertex -40.76472091674805 -33.09857940673828 -26.30308723449707
vertex -40.82146453857422 -33.041038513183594 -26.30481719970703
vertex -40.64217758178711 -32.99734878540039 -26.202611923217773
endloop
endfacet
facet normal 0.3225471945170193 0.48189394286376075 -0.8147033418002031
outer loop
vertex -41.20104217529297 -33.052467346191406 -26.468538284301758
vertex -40.94084930419922 -32.93266677856445 -26.29466438293457
vertex -40.8802604675293 -32.98564529418945 -26.302013397216797
endloop
endfacet
facet normal 0.37154456402046154 0.4358603592299157 -0.8197440967758256
outer loop
vertex -41.13847351074219 -33.1147346496582 -26.48768424987793
vertex -40.8802604675293 -32.98564529418945 -26.302013397216797
vertex -40.82146453857422 -33.041038513183594 -26.30481719970703
endloop
endfacet
facet normal 0.41839346581334746 0.387904999389521 -0.821265255087119
outer loop
vertex -41.07823944091797 -33.18061828613281 -26.501558303833008
vertex -40.82146453857422 -33.041038513183594 -26.30481719970703
vertex -40.76472091674805 -33.09857940673828 -26.30308723449707
endloop
endfacet
facet normal 0.29641618691263877 0.5400544100786117 -0.787704689773277
outer loop
vertex -41.20104217529297 -33.052467346191406 -26.468538284301758
vertex -40.8802604675293 -32.98564529418945 -26.302013397216797
vertex -41.13847351074219 -33.1147346496582 -26.48768424987793
endloop
endfacet
facet normal 0.34857546473736173 0.4872896031775967 -0.8006522266366045
outer loop
vertex -41.07823944091797 -33.18061828613281 -26.501558303833008
vertex -41.13847351074219 -33.1147346496582 -26.48768424987793
vertex -40.82146453857422 -33.041038513183594 -26.30481719970703
endloop
endfacet
facet normal 0.33560476601399575 0.5682426280788797 -0.7513120235046814
outer loop
vertex -41.478858947753906 -33.13051986694336 -26.651670455932617
vertex -41.20104217529297 -33.052467346191406 -26.468538284301758
vertex -41.13847351074219 -33.1147346496582 -26.48768424987793
endloop
endfacet
facet normal 0.3864010777745445 0.5144722079302404 -0.7655145683538974
outer loop
vertex -41.41401290893555 -33.19914245605469 -26.68349266052246
vertex -41.13847351074219 -33.1147346496582 -26.48768424987793
vertex -41.07823944091797 -33.18061828613281 -26.501558303833008
endloop
endfacet
facet normal 0.3141928952432167 0.6273335645165349 -0.7125555581213745
outer loop
vertex -41.41401290893555 -33.19914245605469 -26.68349266052246
vertex -41.478858947753906 -33.13051986694336 -26.651670455932617
vertex -41.13847351074219 -33.1147346496582 -26.48768424987793
endloop
endfacet
facet normal 0.35112567661680266 0.6460766252659209 -0.677713622045028
outer loop
vertex -41.76461410522461 -33.170814514160156 -26.838134765625
vertex -41.478858947753906 -33.13051986694336 -26.651670455932617
vertex -41.41401290893555 -33.19914245605469 -26.68349266052246
endloop
endfacet
facet normal 0.27005811849984185 0.7685857337126034 -0.5799522243821336
outer loop
vertex -41.76461410522461 -33.170814514160156 -26.838134765625
vertex -41.85424041748047 -33.09016418457031 -26.772987365722656
vertex -41.478858947753906 -33.13051986694336 -26.651670455932617
endloop
endfacet
facet normal 0.3005102092804991 0.7787625513465145 -0.5506564289449984
outer loop
vertex -42.14746856689453 -33.0964469909668 -26.941896438598633
vertex -41.85424041748047 -33.09016418457031 -26.772987365722656
vertex -41.76461410522461 -33.170814514160156 -26.838134765625
endloop
endfacet
facet normal 0.21646101031184098 0.8866014595309335 -0.4087572421039114
outer loop
vertex -42.14746856689453 -33.0964469909668 -26.941896438598633
vertex -42.22611618041992 -33.04465103149414 -26.871198654174805
vertex -41.85424041748047 -33.09016418457031 -26.772987365722656
endloop
endfacet
facet normal 0.2405322549229426 0.8909500614805412 -0.38516518831470786
outer loop
vertex -42.436363220214844 -33.034847259521484 -26.97981834411621
vertex -42.22611618041992 -33.04465103149414 -26.871198654174805
vertex -42.14746856689453 -33.0964469909668 -26.941896438598633
endloop
endfacet
facet normal 0.23700619903109008 0.920763864576772 -0.309874115263736
outer loop
vertex -42.35417938232422 -33.082637786865234 -27.0589656829834
vertex -42.436363220214844 -33.034847259521484 -26.97981834411621
vertex -42.14746856689453 -33.0964469909668 -26.941896438598633
endloop
endfacet
facet normal 0.2518540607666968 0.9217003362063163 -0.295022070890448
outer loop
vertex -42.64427947998047 -33.01188659667969 -27.08557891845703
vertex -42.436363220214844 -33.034847259521484 -26.97981834411621
vertex -42.35417938232422 -33.082637786865234 -27.0589656829834
endloop
endfacet
facet normal 0.18985925277994403 0.9811533554411515 -0.03593824203283694
outer loop
vertex -42.84852981567383 -32.97608947753906 -27.187318801879883
vertex -42.94243621826172 -32.954444885253906 -27.092498779296875
vertex -42.64427947998047 -33.01188659667969 -27.08557891845703
endloop
endfacet
facet normal 0.2499684599398154 0.9441013522605557 -0.21491488011561016
outer loop
vertex -42.55821228027344 -33.0544548034668 -27.17247200012207
vertex -42.64427947998047 -33.01188659667969 -27.08557891845703
vertex -42.35417938232422 -33.082637786865234 -27.0589656829834
endloop
endfacet
facet normal 0.2648588502095105 0.9433602531895409 -0.19980295835613016
outer loop
vertex -42.55821228027344 -33.0544548034668 -27.17247200012207
vertex -42.84852981567383 -32.97608947753906 -27.187318801879883
vertex -42.64427947998047 -33.01188659667969 -27.08557891845703
endloop
endfacet
facet normal 0.32560073132881967 0.8704665754552033 -0.3691505177748347
outer loop
vertex -42.25608825683594 -33.15889358520508 -27.152259826660156
vertex -42.55821228027344 -33.0544548034668 -27.17247200012207
vertex -42.35417938232422 -33.082637786865234 -27.0589656829834
endloop
endfacet
facet normal 0.264354248569171 0.9575227635855296 -0.11518241393094106
outer loop
vertex -42.7581901550293 -33.01231002807617 -27.281085968017578
vertex -42.84852981567383 -32.97608947753906 -27.187318801879883
vertex -42.55821228027344 -33.0544548034668 -27.17247200012207
endloop
endfacet
facet normal 0.3297798144773256 0.8970831023468229 -0.29408703039593664
outer loop
vertex -42.45603942871094 -33.12618637084961 -27.276708602905273
vertex -42.55821228027344 -33.0544548034668 -27.17247200012207
vertex -42.25608825683594 -33.15889358520508 -27.152259826660156
endloop
endfacet
facet normal 0.3419548110394632 0.896486505643377 -0.28174252857226273
outer loop
vertex -42.45603942871094 -33.12618637084961 -27.276708602905273
vertex -42.7581901550293 -33.01231002807617 -27.281085968017578
vertex -42.55821228027344 -33.0544548034668 -27.17247200012207
endloop
endfacet
facet normal 0.34799582183977085 0.9156027867449391 -0.2014210636625768
outer loop
vertex -42.65153884887695 -33.078033447265625 -27.395584106445312
vertex -42.7581901550293 -33.01231002807617 -27.281085968017578
vertex -42.45603942871094 -33.12618637084961 -27.276708602905273
endloop
endfacet
facet normal 0.3598179155265817 0.9136229561022287 -0.1892727179208105
outer loop
vertex -42.65153884887695 -33.078033447265625 -27.395584106445312
vertex -42.952415466308594 -32.956974029541016 -27.383211135864258
vertex -42.7581901550293 -33.01231002807617 -27.281085968017578
endloop
endfacet
facet normal 0.36753329171754795 0.9241277838131687 -0.10443715174125093
outer loop
vertex -42.84083938598633 -33.01534652709961 -27.50707244873047
vertex -42.952415466308594 -32.956974029541016 -27.383211135864258
vertex -42.65153884887695 -33.078033447265625 -27.395584106445312
endloop
endfacet
facet normal 0.37975541154597264 0.9205277342408216 -0.09173068131769498
outer loop
vertex -43.13905334472656 -32.88934326171875 -27.477190017700195
vertex -42.952415466308594 -32.956974029541016 -27.383211135864258
vertex -42.84083938598633 -33.01534652709961 -27.50707244873047
endloop
endfacet
facet normal 0.3136577890532831 0.9428648555989562 0.11235949200029993
outer loop
vertex -43.13905334472656 -32.88934326171875 -27.477190017700195
vertex -43.42230224609375 -32.7978630065918 -27.45414161682129
vertex -43.23933029174805 -32.86839294433594 -27.373065948486328
endloop
endfacet
facet normal 0.29672646936497216 0.9502689366801639 0.09456400139032305
outer loop
vertex -43.13905334472656 -32.88934326171875 -27.477190017700195
vertex -43.23933029174805 -32.86839294433594 -27.373065948486328
vertex -42.952415466308594 -32.956974029541016 -27.383211135864258
endloop
endfacet
facet normal 0.45965771204373956 0.888096159072155 -0.0
outer loop
vertex -38.31578063964844 -28.66938591003418 -25.97100067138672
vertex -38.31578063964844 -28.66938591003418 -23.0
vertex -37.95094680786133 -28.85821533203125 -23.0
endloop
endfacet
facet normal 0.26850965461928256 0.9632769930690931 -0.0
outer loop
vertex -37.95094680786133 -28.85821533203125 -25.97100067138672
vertex -37.95094680786133 -28.85821533203125 -23.0
vertex -37.55522537231445 -28.968521118164062 -23.0
endloop
endfacet
facet normal 0.6314131019692807 0.7754466420467182 0.0
outer loop
vertex -38.31578063964844 -28.66938591003418 -25.97100067138672
vertex -38.63433837890625 -28.409997940063477 -23.0
vertex -38.31578063964844 -28.66938591003418 -23.0
endloop
endfacet
facet normal 0.45965771204373956 0.888096159072155 0.0
outer loop
vertex -37.95094680786133 -28.85821533203125 -25.97100067138672
vertex -38.31578063964844 -28.66938591003418 -25.97100067138672
vertex -37.95094680786133 -28.85821533203125 -23.0
endloop
endfacet
facet normal 0.6314131019692807 0.7754466420467182 -0.0
outer loop
vertex -38.63433837890625 -28.409997940063477 -25.97100067138672
vertex -38.63433837890625 -28.409997940063477 -23.0
vertex -38.31578063964844 -28.66938591003418 -25.97100067138672
endloop
endfacet
facet normal 0.0 0.0 -1.0
outer loop
vertex -40.65858459472656 -28.579023361206055 -25.97100067138672
vertex -38.31578063964844 -28.66938591003418 -25.97100067138672
vertex -37.95094680786133 -28.85821533203125 -25.97100067138672
endloop
endfacet
facet normal 0.0 0.0 -1.0
outer loop
vertex -40.65858459472656 -28.579023361206055 -25.97100067138672
vertex -38.63433837890625 -28.409997940063477 -25.97100067138672
vertex -38.31578063964844 -28.66938591003418 -25.97100067138672
endloop
endfacet
facet normal 0.0 0.0 -1.0
outer loop
vertex -40.65858459472656 -28.579023361206055 -25.97100067138672
vertex -40.56727600097656 -28.477554321289062 -25.97100067138672
vertex -38.63433837890625 -28.409997940063477 -25.97100067138672
endloop
endfacet
facet normal 0.11633173051806316 -0.10468303169910562 -0.987678283323551
outer loop
vertex -40.66362762451172 -28.521066665649414 -25.977737426757812
vertex -40.56727600097656 -28.477554321289062 -25.97100067138672
vertex -40.65858459472656 -28.579023361206055 -25.97100067138672
endloop
endfacet
facet normal 0.05924708945346029 -0.21968524272637177 -0.9737700840134434
outer loop
vertex -40.76719284057617 -28.540931701660156 -25.979557037353516
vertex -40.73088455200195 -28.38910484313965 -26.011600494384766
vertex -40.66362762451172 -28.521066665649414 -25.977737426757812
endloop
endfacet
facet normal 0.03893428405401208 -0.11202949907671252 -0.9929418476737809
outer loop
vertex -40.76719284057617 -28.540931701660156 -25.979557037353516
vertex -40.66362762451172 -28.521066665649414 -25.977737426757812
vertex -40.65858459472656 -28.579023361206055 -25.97100067138672
endloop
endfacet
facet normal 0.12109304240692764 -0.4701390510223668 -0.8742458165667266
outer loop
vertex -40.881229400634766 -28.088665008544922 -26.16010093688965
vertex -40.73433303833008 -28.215049743652344 -26.071788787841797
vertex -40.9896125793457 -28.15102767944336 -26.141576766967773
endloop
endfacet
facet normal 0.10730451501888164 -0.3230255832009349 -0.9402873037823378
outer loop
vertex -40.73088455200195 -28.38910484313965 -26.011600494384766
vertex -40.84062194824219 -28.26470947265625 -26.066858291625977
vertex -40.73433303833008 -28.215049743652344 -26.071788787841797
endloop
endfacet
facet normal 0.1461170101781927 -0.40246498104579814 -0.9036989312643847
outer loop
vertex -40.84062194824219 -28.26470947265625 -26.066858291625977
vertex -40.9896125793457 -28.15102767944336 -26.141576766967773
vertex -40.73433303833008 -28.215049743652344 -26.071788787841797
endloop
endfacet
facet normal 0.0007613842532193936 -0.20667781646708758 -0.9784087594019258
outer loop
vertex -44.392669677734375 -28.46727180480957 -25.99793815612793
vertex -40.73088455200195 -28.38910484313965 -26.011600494384766
vertex -40.76719284057617 -28.540931701660156 -25.979557037353516
endloop
endfacet
facet normal 0.0031312958589168817 -0.2106559797433851 -0.9775552430346832
outer loop
vertex -48.03827667236328 -28.688718795776367 -25.97100067138672
vertex -40.76719284057617 -28.540931701660156 -25.979557037353516
vertex -40.65858459472656 -28.579023361206055 -25.97100067138672
endloop
endfacet
facet normal 0.14858864985076706 -0.509918776864046 -0.8472923073750884
outer loop
vertex -41.18021011352539 -28.04867935180664 -26.236597061157227
vertex -40.881229400634766 -28.088665008544922 -26.16010093688965
vertex -40.9896125793457 -28.15102767944336 -26.141576766967773
endloop
endfacet
facet normal 0.024580353124769316 -0.38764757871884487 -0.9214798755011846
outer loop
vertex -40.73088455200195 -28.38910484313965 -26.011600494384766
vertex -40.936546325683594 -28.318199157714844 -26.04691505432129
vertex -40.84062194824219 -28.26470947265625 -26.066858291625977
endloop
endfacet
facet normal 0.028642789960348226 -0.5225357740337847 -0.8521361132109123
outer loop
vertex -40.84062194824219 -28.26470947265625 -26.066858291625977
vertex -41.08038330078125 -28.21683120727539 -26.104276657104492
vertex -40.9896125793457 -28.15102767944336 -26.141576766967773
endloop
endfacet
facet normal 0.005860092342549 -0.43213827541073285 -0.9017883178677657
outer loop
vertex -44.392669677734375 -28.46727180480957 -25.99793815612793
vertex -40.936546325683594 -28.318199157714844 -26.04691505432129
vertex -40.73088455200195 -28.38910484313965 -26.011600494384766
endloop
endfacet
facet normal 0.0019246223216445777 -0.1519153678168101 -0.988391631313217
outer loop
vertex -48.03827667236328 -28.688718795776367 -25.97100067138672
vertex -44.392669677734375 -28.46727180480957 -25.99793815612793
vertex -40.76719284057617 -28.540931701660156 -25.979557037353516
endloop
endfacet
facet normal 0.03522793618842235 -0.64394055056806 -0.7642640642121075
outer loop
vertex -41.25983810424805 -28.125072479248047 -26.175901412963867
vertex -41.18021011352539 -28.04867935180664 -26.236597061157227
vertex -40.9896125793457 -28.15102767944336 -26.141576766967773
endloop
endfacet
facet normal 0.043722962415317805 -0.7517505773695833 -0.6579964832596956
outer loop
vertex -41.405120849609375 -27.964351654052734 -26.347885131835938
vertex -41.18021011352539 -28.04867935180664 -26.236597061157227
vertex -41.471065521240234 -28.044889450073242 -26.26025390625
endloop
endfacet
facet normal 0.054082195035101074 -0.4325417716464063 -0.8999904065939666
outer loop
vertex -40.84062194824219 -28.26470947265625 -26.066858291625977
vertex -40.936546325683594 -28.318199157714844 -26.04691505432129
vertex -41.08038330078125 -28.21683120727539 -26.104276657104492
endloop
endfacet
facet normal 0.05352697540823462 -0.5472814236137847 -0.8352352400796528
outer loop
vertex -41.25983810424805 -28.125072479248047 -26.175901412963867
vertex -40.9896125793457 -28.15102767944336 -26.141576766967773
vertex -41.08038330078125 -28.21683120727539 -26.104276657104492
endloop
endfacet
facet normal 0.0033084137174993074 -0.38052809756674844 -0.9247634407570972
outer loop
vertex -44.392669677734375 -28.46727180480957 -25.99793815612793
vertex -44.39349365234375 -28.27528190612793 -26.076942443847656
vertex -40.936546325683594 -28.318199157714844 -26.04691505432129
endloop
endfacet
facet normal 0.0005548111106316756 -0.129748431732935 -0.9915467899436088
outer loop
vertex -48.03915786743164 -28.482864379882812 -25.99793815612793
vertex -44.392669677734375 -28.46727180480957 -25.99793815612793
vertex -48.03827667236328 -28.688718795776367 -25.97100067138672
endloop
endfacet
facet normal 0.05282601229139796 -0.654381068497641 -0.7543174594408345
outer loop
vertex -41.25983810424805 -28.125072479248047 -26.175901412963867
vertex -41.471065521240234 -28.044889450073242 -26.26025390625
vertex -41.18021011352539 -28.04867935180664 -26.236597061157227
endloop
endfacet
facet normal 0.05023934671345325 -0.7538987025430752 -0.6550669846249874
outer loop
vertex -41.70955276489258 -27.97799301147461 -26.355533599853516
vertex -41.405120849609375 -27.964351654052734 -26.347885131835938
vertex -41.471065521240234 -28.044889450073242 -26.26025390625
endloop
endfacet
facet normal -0.3417062633505181 -0.38294983324646004 -0.8582460339573582
outer loop
vertex -48.468318939208984 -28.321239471435547 -25.97100067138672
vertex -48.350589752197266 -28.285499572753906 -26.03382110595703
vertex -48.350040435791016 -28.413904190063477 -25.97674560546875
endloop
endfacet
facet normal -0.09601490741094358 -0.1295554025579724 -0.9869126279579716
outer loop
vertex -48.03915786743164 -28.482864379882812 -25.99793815612793
vertex -48.03827667236328 -28.688718795776367 -25.97100067138672
vertex -48.350040435791016 -28.413904190063477 -25.97674560546875
endloop
endfacet
facet normal 0.001472926368452129 -0.49090659983875834 -0.8712109622374264
outer loop
vertex -44.39349365234375 -28.27528190612793 -26.076942443847656
vertex -41.08038330078125 -28.21683120727539 -26.104276657104492
vertex -40.936546325683594 -28.318199157714844 -26.04691505432129
endloop
endfacet
facet normal 0.00384793298324148 -0.6106229297807089 -0.7919121359328823
outer loop
vertex -44.39419937133789 -28.110084533691406 -26.202688217163086
vertex -41.25983810424805 -28.125072479248047 -26.175901412963867
vertex -41.08038330078125 -28.21683120727539 -26.104276657104492
endloop
endfacet
facet normal 0.0016271912736686906 -0.3805358469617785 -0.9247647384203406
outer loop
vertex -48.03915786743164 -28.482864379882812 -25.99793815612793
vertex -44.39349365234375 -28.27528190612793 -26.076942443847656
vertex -44.392669677734375 -28.46727180480957 -25.99793815612793
endloop
endfacet
facet normal 0.00246461894898348 -0.7217014416507367 -0.6922000829042747
outer loop
vertex -44.39419937133789 -28.110084533691406 -26.202688217163086
vertex -41.471065521240234 -28.044889450073242 -26.26025390625
vertex -41.25983810424805 -28.125072479248047 -26.175901412963867
endloop
endfacet
facet normal 0.0038774646338742232 -0.8138251659104856 -0.5810968633530761
outer loop
vertex -44.39474105834961 -27.982807159423828 -26.366708755493164
vertex -41.70955276489258 -27.97799301147461 -26.355533599853516
vertex -41.471065521240234 -28.044889450073242 -26.26025390625
endloop
endfacet
facet normal -0.1507527558427039 -0.4020752026779133 -0.9031108115825793
outer loop
vertex -48.03915786743164 -28.482864379882812 -25.99793815612793
vertex -48.350040435791016 -28.413904190063477 -25.97674560546875
vertex -48.350589752197266 -28.285499572753906 -26.03382110595703
endloop
endfacet
facet normal 0.0041204254045580715 -0.6056645337842894 -0.7957094285041149
outer loop
vertex -44.39419937133789 -28.110084533691406 -26.202688217163086
vertex -41.08038330078125 -28.21683120727539 -26.104276657104492
vertex -44.39349365234375 -28.27528190612793 -26.076942443847656
endloop
endfacet
facet normal 0.0016271930941189157 -0.38053587460321664 -0.9247647270428297
outer loop
vertex -48.03915786743164 -28.482864379882812 -25.99793815612793
vertex -48.03997802734375 -28.290874481201172 -26.076942443847656
vertex -44.39349365234375 -28.27528190612793 -26.076942443847656
endloop
endfacet
facet normal 0.005546806536508226 -0.7900173297431217 -0.6130594193410572
outer loop
vertex -44.39474105834961 -27.982807159423828 -26.366708755493164
vertex -41.471065521240234 -28.044889450073242 -26.26025390625
vertex -44.39419937133789 -28.110084533691406 -26.202688217163086
endloop
endfacet
facet normal -0.13373540363955674 -0.3776124572820781 -0.9162552449611164
outer loop
vertex -48.03915786743164 -28.482864379882812 -25.99793815612793
vertex -48.350589752197266 -28.285499572753906 -26.03382110595703
vertex -48.03997802734375 -28.290874481201172 -26.076942443847656
endloop
endfacet
facet normal 0.0025898870773951145 -0.6056717839340182 -0.7957103635312981
outer loop
vertex -48.03997802734375 -28.290874481201172 -26.076942443847656
vertex -44.39419937133789 -28.110084533691406 -26.202688217163086
vertex -44.39349365234375 -28.27528190612793 -26.076942443847656
endloop
endfacet
facet normal 0.0033782031328027646 -0.7900284441986121 -0.6130608820506442
outer loop
vertex -48.040687561035156 -28.12567710876465 -26.202688217163086
vertex -44.39474105834961 -27.982807159423828 -26.366708755493164
vertex -44.39419937133789 -28.110084533691406 -26.202688217163086
endloop
endfacet
facet normal -0.4090985107207982 -0.505516692236085 -0.7596652436413768
outer loop
vertex -48.675498962402344 -28.11696434020996 -25.97100067138672
vertex -48.35108947753906 -28.168392181396484 -26.111480712890625
vertex -48.350589752197266 -28.285499572753906 -26.03382110595703
endloop
endfacet
facet normal -0.12426378308052823 -0.5487533775161921 -0.8266971893499377
outer loop
vertex -48.03997802734375 -28.290874481201172 -26.076942443847656
vertex -48.350589752197266 -28.285499572753906 -26.03382110595703
vertex -48.35108947753906 -28.168392181396484 -26.111480712890625
endloop
endfacet
facet normal 0.0025898842061752234 -0.6056717460804715 -0.7957103923536701
outer loop
vertex -48.040687561035156 -28.12567710876465 -26.202688217163086
vertex -44.39419937133789 -28.110084533691406 -26.202688217163086
vertex -48.03997802734375 -28.290874481201172 -26.076942443847656
endloop
endfacet
facet normal -0.37395826501851176 -0.7013789626926124 -0.6068136177745024
outer loop
vertex -48.64082336425781 -28.095260620117188 -26.0174560546875
vertex -48.35108947753906 -28.168392181396484 -26.111480712890625
vertex -48.675498962402344 -28.11696434020996 -25.97100067138672
endloop
endfacet
facet normal -0.14224330291071274 -0.7878351726894892 -0.5992349985192568
outer loop
vertex -48.040687561035156 -28.12567710876465 -26.202688217163086
vertex -48.35152816772461 -28.06585121154785 -26.207557678222656
vertex -48.351890563964844 -27.980741500854492 -26.319368362426758
endloop
endfacet
facet normal -0.1486416779600411 -0.5993565269796259 -0.7865604904520339
outer loop
vertex -48.040687561035156 -28.12567710876465 -26.202688217163086
vertex -48.03997802734375 -28.290874481201172 -26.076942443847656
vertex -48.35108947753906 -28.168392181396484 -26.111480712890625
endloop
endfacet
facet normal -0.37883463733021255 -0.6336321950081312 -0.67453284501799
outer loop
vertex -48.35152816772461 -28.06585121154785 -26.207557678222656
vertex -48.35108947753906 -28.168392181396484 -26.111480712890625
vertex -48.64082336425781 -28.095260620117188 -26.0174560546875
endloop
endfacet
facet normal -0.11936007387248504 -0.6791159477340567 -0.7242614875156824
outer loop
vertex -48.040687561035156 -28.12567710876465 -26.202688217163086
vertex -48.35108947753906 -28.168392181396484 -26.111480712890625
vertex -48.35152816772461 -28.06585121154785 -26.207557678222656
endloop
endfacet
facet normal 0.07097376908601331 0.16647275051763935 -0.9834884582123052
outer loop
vertex -40.72391891479492 -32.325443267822266 -25.98708724975586
vertex -40.63861083984375 -32.26677703857422 -25.97100067138672
vertex -40.66413116455078 -32.334312438964844 -25.98427391052246
endloop
endfacet
facet normal -0.3015945756718479 0.2923276953569164 -0.9075159670510663
outer loop
vertex -40.68647003173828 -32.51369857788086 -26.03463363647461
vertex -40.66413116455078 -32.334312438964844 -25.98427391052246
vertex -40.63861083984375 -32.26677703857422 -25.97100067138672
endloop
endfacet
facet normal 0.08281230248440452 0.2524391796955925 -0.9640625410790774
outer loop
vertex -40.80757141113281 -32.46944808959961 -26.031980514526367
vertex -40.72391891479492 -32.325443267822266 -25.98708724975586
vertex -40.66413116455078 -32.334312438964844 -25.98427391052246
endloop
endfacet
facet normal 0.010481439888630543 0.29205044467477115 -0.9563454800348719
outer loop
vertex -40.87632369995117 -32.457305908203125 -26.02902603149414
vertex -40.72391891479492 -32.325443267822266 -25.98708724975586
vertex -40.80757141113281 -32.46944808959961 -26.031980514526367
endloop
endfacet
facet normal 0.07426654367103634 0.26095495580051 -0.9624899955502458
outer loop
vertex -40.80757141113281 -32.46944808959961 -26.031980514526367
vertex -40.66413116455078 -32.334312438964844 -25.98427391052246
vertex -40.68647003173828 -32.51369857788086 -26.03463363647461
endloop
endfacet
facet normal 0.03806438598583235 0.4344910095127214 -0.899871471473642
outer loop
vertex -40.96593475341797 -32.6067008972168 -26.104949951171875
vertex -40.87632369995117 -32.457305908203125 -26.02902603149414
vertex -40.80757141113281 -32.46944808959961 -26.031980514526367
endloop
endfacet
facet normal 0.12267730816802888 0.3904397184273091 -0.9124182726880529
outer loop
vertex -40.90338134765625 -32.63897705078125 -26.117406845092773
vertex -40.80757141113281 -32.46944808959961 -26.031980514526367
vertex -40.68647003173828 -32.51369857788086 -26.03463363647461
endloop
endfacet
facet normal 0.04248827330090273 0.430340746095986 -0.9016660073893537
outer loop
vertex -40.90338134765625 -32.63897705078125 -26.117406845092773
vertex -40.96593475341797 -32.6067008972168 -26.104949951171875
vertex -40.80757141113281 -32.46944808959961 -26.031980514526367
endloop
endfacet
facet normal 0.12187929685002341 0.39157156015235234 -0.9120401034379996
outer loop
vertex -40.77979278564453 -32.709373474121094 -26.131114959716797
vertex -40.90338134765625 -32.63897705078125 -26.117406845092773
vertex -40.68647003173828 -32.51369857788086 -26.03463363647461
endloop
endfacet
facet normal 0.08421092924063162 0.4966168360316439 -0.8638751284568555
outer loop
vertex -41.083248138427734 -32.67671585083008 -26.156635284423828
vertex -40.96593475341797 -32.6067008972168 -26.104949951171875
vertex -40.90338134765625 -32.63897705078125 -26.117406845092773
endloop
endfacet
facet normal 0.1562337457773455 0.4459062037475567 -0.8813391368479118
outer loop
vertex -41.01941680908203 -32.71367263793945 -26.17576789855957
vertex -40.90338134765625 -32.63897705078125 -26.117406845092773
vertex -40.77979278564453 -32.709373474121094 -26.131114959716797
endloop
endfacet
facet normal 0.24402141532787225 0.40377001900455856 -0.8817161224648444
outer loop
vertex -40.893516540527344 -32.795318603515625 -26.201946258544922
vertex -40.77979278564453 -32.709373474121094 -26.131114959716797
vertex -40.70380783081055 -32.75723648071289 -26.132003784179688
endloop
endfacet
facet normal 0.06702242736820181 0.5475633124257964 -0.8340757837960312
outer loop
vertex -41.01941680908203 -32.71367263793945 -26.17576789855957
vertex -41.083248138427734 -32.67671585083008 -26.156635284423828
vertex -40.90338134765625 -32.63897705078125 -26.117406845092773
endloop
endfacet
facet normal 0.2309455573036901 0.44172545544947694 -0.8669156657770352
outer loop
vertex -40.893516540527344 -32.795318603515625 -26.201946258544922
vertex -40.70380783081055 -32.75723648071289 -26.132003784179688
vertex -40.81633758544922 -32.85143280029297 -26.209978103637695
endloop
endfacet
facet normal 0.14403231197525207 0.5457525352914114 -0.8254749319816201
outer loop
vertex -40.956085205078125 -32.75326156616211 -26.19089126586914
vertex -41.01941680908203 -32.71367263793945 -26.17576789855957
vertex -40.77979278564453 -32.709373474121094 -26.131114959716797
endloop
endfacet
facet normal 0.1716429226200339 0.48130288632879303 -0.8595849223468417
outer loop
vertex -40.893516540527344 -32.795318603515625 -26.201946258544922
vertex -40.956085205078125 -32.75326156616211 -26.19089126586914
vertex -40.77979278564453 -32.709373474121094 -26.131114959716797
endloop
endfacet
facet normal 0.08406902614931054 0.5687783275947613 -0.8181831169737083
outer loop
vertex -41.213523864746094 -32.7387809753418 -26.213167190551758
vertex -41.083248138427734 -32.67671585083008 -26.156635284423828
vertex -41.01941680908203 -32.71367263793945 -26.17576789855957
endloop
endfacet
facet normal 0.2475559328210042 0.4623555605754677 -0.8514360784756935
outer loop
vertex -41.019466400146484 -32.869632720947266 -26.278921127319336
vertex -40.893516540527344 -32.795318603515625 -26.201946258544922
vertex -40.81633758544922 -32.85143280029297 -26.209978103637695
endloop
endfacet
facet normal 0.13763386357525917 0.5378950095073655 -0.8317005941710143
outer loop
vertex -41.14815902709961 -32.77910614013672 -26.239391326904297
vertex -41.01941680908203 -32.71367263793945 -26.17576789855957
vertex -40.956085205078125 -32.75326156616211 -26.19089126586914
endloop
endfacet
facet normal 0.19041859347524012 0.5046324822907169 -0.8420729285970548
outer loop
vertex -41.0833740234375 -32.822792053222656 -26.261343002319336
vertex -40.956085205078125 -32.75326156616211 -26.19089126586914
vertex -40.893516540527344 -32.795318603515625 -26.201946258544922
endloop
endfacet
facet normal 0.23698981541828476 0.5031444708041686 -0.8310724811273686
outer loop
vertex -40.94084930419922 -32.93266677856445 -26.29466438293457
vertex -41.019466400146484 -32.869632720947266 -26.278921127319336
vertex -40.81633758544922 -32.85143280029297 -26.209978103637695
endloop
endfacet
facet normal 0.021985888589164285 0.6476060964934532 -0.7616580364490728
outer loop
vertex -41.213523864746094 -32.7387809753418 -26.213167190551758
vertex -41.2220458984375 -32.677703857421875 -26.161481857299805
vertex -41.083248138427734 -32.67671585083008 -26.156635284423828
endloop
endfacet
facet normal 0.07004514821392947 0.6211483417124696 -0.7805564776488232
outer loop
vertex -41.213523864746094 -32.7387809753418 -26.213167190551758
vertex -41.01941680908203 -32.71367263793945 -26.17576789855957
vertex -41.14815902709961 -32.77910614013672 -26.239391326904297
endloop
endfacet
facet normal 0.1765695637878375 0.5477929265689099 -0.8177689763893234
outer loop
vertex -41.019466400146484 -32.869632720947266 -26.278921127319336
vertex -41.0833740234375 -32.822792053222656 -26.261343002319336
vertex -40.893516540527344 -32.795318603515625 -26.201946258544922
endloop
endfacet
facet normal 0.12347939651949769 0.585658764047773 -0.801097154363449
outer loop
vertex -41.0833740234375 -32.822792053222656 -26.261343002319336
vertex -41.14815902709961 -32.77910614013672 -26.239391326904297
vertex -40.956085205078125 -32.75326156616211 -26.19089126586914
endloop
endfacet
facet normal 0.26294004419517597 0.5293974101292049 -0.806598360590405
outer loop
vertex -41.282833099365234 -32.979618072509766 -26.436962127685547
vertex -41.019466400146484 -32.869632720947266 -26.278921127319336
vertex -40.94084930419922 -32.93266677856445 -26.29466438293457
endloop
endfacet
facet normal 0.035166023602048783 0.6484315508891584 -0.7604603044179894
outer loop
vertex -41.44211959838867 -32.76179122924805 -26.243358612060547
vertex -41.2220458984375 -32.677703857421875 -26.161481857299805
vertex -41.213523864746094 -32.7387809753418 -26.213167190551758
endloop
endfacet
facet normal 0.09628470263499328 0.6476185568033214 -0.7558567727568987
outer loop
vertex -41.48644256591797 -32.83488464355469 -26.33027458190918
vertex -41.213523864746094 -32.7387809753418 -26.213167190551758
vertex -41.14815902709961 -32.77910614013672 -26.239391326904297
endloop
endfacet
facet normal 0.20519644350522334 0.576713323660678 -0.7907567020803945
outer loop
vertex -41.34968185424805 -32.92659378051758 -26.406152725219727
vertex -41.0833740234375 -32.822792053222656 -26.261343002319336
vertex -41.019466400146484 -32.869632720947266 -26.278921127319336
endloop
endfacet
facet normal 0.15125735371853558 0.6136975384516665 -0.7749171208874089
outer loop
vertex -41.41768264770508 -32.878257751464844 -26.37052345275879
vertex -41.14815902709961 -32.77910614013672 -26.239391326904297
vertex -41.0833740234375 -32.822792053222656 -26.261343002319336
endloop
endfacet
facet normal 0.17343863598359174 0.6490451358620924 -0.740715499474602
outer loop
vertex -41.282833099365234 -32.979618072509766 -26.436962127685547
vertex -41.34968185424805 -32.92659378051758 -26.406152725219727
vertex -41.019466400146484 -32.869632720947266 -26.278921127319336
endloop
endfacet
facet normal 0.23665933248231596 0.5977177101080003 -0.7659803518186827
outer loop
vertex -41.20104217529297 -33.052467346191406 -26.468538284301758
vertex -41.282833099365234 -32.979618072509766 -26.436962127685547
vertex -40.94084930419922 -32.93266677856445 -26.29466438293457
endloop
endfacet
facet normal 0.008518434971368982 0.7631686450363636 -0.6461432159351357
outer loop
vertex -41.48644256591797 -32.83488464355469 -26.33027458190918
vertex -41.44211959838867 -32.76179122924805 -26.243358612060547
vertex -41.213523864746094 -32.7387809753418 -26.213167190551758
endloop
endfacet
facet normal 0.0623772402542759 0.7302293414084731 -0.6803485789243688
outer loop
vertex -41.41768264770508 -32.878257751464844 -26.37052345275879
vertex -41.48644256591797 -32.83488464355469 -26.33027458190918
vertex -41.14815902709961 -32.77910614013672 -26.239391326904297
endloop
endfacet
facet normal 0.11804880421227788 0.691437330109989 -0.7127263839331482
outer loop
vertex -41.41768264770508 -32.878257751464844 -26.37052345275879
vertex -41.0833740234375 -32.822792053222656 -26.261343002319336
vertex -41.34968185424805 -32.92659378051758 -26.406152725219727
endloop
endfacet
facet normal 0.2124448726020854 0.6771720676018661 -0.7044892951386114
outer loop
vertex -41.63459396362305 -32.9962272644043 -26.559003829956055
vertex -41.34968185424805 -32.92659378051758 -26.406152725219727
vertex -41.282833099365234 -32.979618072509766 -26.436962127685547
endloop
endfacet
facet normal 0.272893076289277 0.6238303756704565 -0.7323694636617722
outer loop
vertex -41.5643196105957 -33.051918029785156 -26.60343360900879
vertex -41.282833099365234 -32.979618072509766 -26.436962127685547
vertex -41.20104217529297 -33.052467346191406 -26.468538284301758
endloop
endfacet
facet normal 0.024911228067234312 0.7588091010569566 -0.6508365223843201
outer loop
vertex -41.68002700805664 -32.83013916015625 -26.332151412963867
vertex -41.44211959838867 -32.76179122924805 -26.243358612060547
vertex -41.48644256591797 -32.83488464355469 -26.33027458190918
endloop
endfacet
facet normal 0.09738204442330778 0.755540569258924 -0.6478234216419148
outer loop
vertex -41.77907943725586 -32.904544830322266 -26.455507278442383
vertex -41.48644256591797 -32.83488464355469 -26.33027458190918
vertex -41.41768264770508 -32.878257751464844 -26.37052345275879
endloop
endfacet
facet normal 0.15550830177468009 0.7184887503810378 -0.6779314741587454
outer loop
vertex -41.70634841918945 -32.94698715209961 -26.509580612182617
vertex -41.41768264770508 -32.878257751464844 -26.37052345275879
vertex -41.34968185424805 -32.92659378051758 -26.406152725219727
endloop
endfacet
facet normal 0.12878262979238023 0.7897091649943867 -0.5998120280451429
outer loop
vertex -41.63459396362305 -32.9962272644043 -26.559003829956055
vertex -41.70634841918945 -32.94698715209961 -26.509580612182617
vertex -41.34968185424805 -32.92659378051758 -26.406152725219727
endloop
endfacet
facet normal 0.18666798289631203 0.7457613938392358 -0.6395271750444873
outer loop
vertex -41.5643196105957 -33.051918029785156 -26.60343360900879
vertex -41.63459396362305 -32.9962272644043 -26.559003829956055
vertex -41.282833099365234 -32.979618072509766 -26.436962127685547
endloop
endfacet
facet normal 0.2526794160354235 0.6905997105144238 -0.677661532440341
outer loop
vertex -41.478858947753906 -33.13051986694336 -26.651670455932617
vertex -41.5643196105957 -33.051918029785156 -26.60343360900879
vertex -41.20104217529297 -33.052467346191406 -26.468538284301758
endloop
endfacet
facet normal 0.025907879011012203 0.8466655045905052 -0.5314944074415606
outer loop
vertex -41.77907943725586 -32.904544830322266 -26.455507278442383
vertex -41.68002700805664 -32.83013916015625 -26.332151412963867
vertex -41.48644256591797 -32.83488464355469 -26.33027458190918
endloop
endfacet
facet normal 0.07038887575133838 0.8284699603721561 -0.5555924143933398
outer loop
vertex -41.70634841918945 -32.94698715209961 -26.509580612182617
vertex -41.77907943725586 -32.904544830322266 -26.455507278442383
vertex -41.41768264770508 -32.878257751464844 -26.37052345275879
endloop
endfacet
facet normal 0.16132931227855501 0.8062967104754225 -0.5690856417765617
outer loop
vertex -42.00447082519531 -32.9881706237793 -26.65244483947754
vertex -41.70634841918945 -32.94698715209961 -26.509580612182617
vertex -41.63459396362305 -32.9962272644043 -26.559003829956055
endloop
endfacet
facet normal 0.2215820907389074 0.7635263993280583 -0.6065713598521655
outer loop
vertex -41.92842483520508 -33.03497314453125 -26.715112686157227
vertex -41.63459396362305 -32.9962272644043 -26.559003829956055
vertex -41.5643196105957 -33.051918029785156 -26.60343360900879
endloop
endfacet
facet normal 0.28513800154321256 0.7071120006497055 -0.6470617734135699
outer loop
vertex -41.85424041748047 -33.09016418457031 -26.772987365722656
vertex -41.5643196105957 -33.051918029785156 -26.60343360900879
vertex -41.478858947753906 -33.13051986694336 -26.651670455932617
endloop
endfacet
facet normal 0.050980229506150145 0.8365444084761741 -0.545522198307959
outer loop
vertex -42.18211364746094 -32.92431640625 -26.52349090576172
vertex -41.68002700805664 -32.83013916015625 -26.332151412963867
vertex -41.77907943725586 -32.904544830322266 -26.455507278442383
endloop
endfacet
facet normal 0.09964349709622104 0.8434013643125262 -0.5279633625188442
outer loop
vertex -42.081748962402344 -32.95016098022461 -26.585500717163086
vertex -41.77907943725586 -32.904544830322266 -26.455507278442383
vertex -41.70634841918945 -32.94698715209961 -26.509580612182617
endloop
endfacet
facet normal 0.07786452063728229 0.9028903000954979 -0.4227602422406676
outer loop
vertex -42.081748962402344 -32.95016098022461 -26.585500717163086
vertex -41.70634841918945 -32.94698715209961 -26.509580612182617
vertex -42.00447082519531 -32.9881706237793 -26.65244483947754
endloop
endfacet
facet normal 0.13967127263047183 0.86712332867465 -0.4781098916253242
outer loop
vertex -41.92842483520508 -33.03497314453125 -26.715112686157227
vertex -42.00447082519531 -32.9881706237793 -26.65244483947754
vertex -41.63459396362305 -32.9962272644043 -26.559003829956055
endloop
endfacet
facet normal 0.20065148057646603 0.8245086116757386 -0.5290789474313055
outer loop
vertex -41.85424041748047 -33.09016418457031 -26.772987365722656
vertex -41.92842483520508 -33.03497314453125 -26.715112686157227
vertex -41.5643196105957 -33.051918029785156 -26.60343360900879
endloop
endfacet
facet normal 0.01554806046216722 0.9316145226807278 -0.3631151868845813
outer loop
vertex -42.081748962402344 -32.95016098022461 -26.585500717163086
vertex -42.18211364746094 -32.92431640625 -26.52349090576172
vertex -41.77907943725586 -32.904544830322266 -26.455507278442383
endloop
endfacet
facet normal 0.10426253398001847 0.9117412009743316 -0.39731260545564
outer loop
vertex -42.38957595825195 -32.97272491455078 -26.718059539794922
vertex -42.081748962402344 -32.95016098022461 -26.585500717163086
vertex -42.00447082519531 -32.9881706237793 -26.65244483947754
endloop
endfacet
facet normal 0.16978379098492064 0.8772031414915173 -0.4490969971801213
outer loop
vertex -42.30707931518555 -33.003273010253906 -26.79634666442871
vertex -42.00447082519531 -32.9881706237793 -26.65244483947754
vertex -41.92842483520508 -33.03497314453125 -26.715112686157227
endloop
endfacet
facet normal 0.23360248029293584 0.8355147984209158 -0.4973378155948381
outer loop
vertex -42.22611618041992 -33.04465103149414 -26.871198654174805
vertex -41.92842483520508 -33.03497314453125 -26.715112686157227
vertex -41.85424041748047 -33.09016418457031 -26.772987365722656
endloop
endfacet
facet normal 0.05956272097070355 0.9519650272766514 -0.30035790169850834
outer loop
vertex -42.38957595825195 -32.97272491455078 -26.718059539794922
vertex -42.18211364746094 -32.92431640625 -26.52349090576172
vertex -42.081748962402344 -32.95016098022461 -26.585500717163086
endloop
endfacet
facet normal 0.08635081789686139 0.955558709362174 -0.2818706959061891
outer loop
vertex -42.30707931518555 -33.003273010253906 -26.79634666442871
vertex -42.38957595825195 -32.97272491455078 -26.718059539794922
vertex -42.00447082519531 -32.9881706237793 -26.65244483947754
endloop
endfacet
facet normal 0.15195738549825338 0.9253995849443589 -0.3471952781610708
outer loop
vertex -42.22611618041992 -33.04465103149414 -26.871198654174805
vertex -42.30707931518555 -33.003273010253906 -26.79634666442871
vertex -41.92842483520508 -33.03497314453125 -26.715112686157227
endloop
endfacet
facet normal 0.03409504495024089 0.9607297376975229 -0.2753831857857154
outer loop
vertex -42.699119567871094 -32.964290618896484 -26.726959228515625
vertex -42.18211364746094 -32.92431640625 -26.52349090576172
vertex -42.38957595825195 -32.97272491455078 -26.718059539794922
endloop
endfacet
facet normal 0.10336227217182521 0.958650699888271 -0.2651510443034417
outer loop
vertex -42.60788345336914 -32.975223541259766 -26.81219482421875
vertex -42.38957595825195 -32.97272491455078 -26.718059539794922
vertex -42.30707931518555 -33.003273010253906 -26.79634666442871
endloop
endfacet
facet normal 0.17287852727283803 0.929195084794528 -0.32666421475525076
outer loop
vertex -42.52123260498047 -32.99890899658203 -26.897268295288086
vertex -42.30707931518555 -33.003273010253906 -26.79634666442871
vertex -42.22611618041992 -33.04465103149414 -26.871198654174805
endloop
endfacet
facet normal 0.029860642813035684 0.994966215830183 -0.09565861888694638
outer loop
vertex -42.60788345336914 -32.975223541259766 -26.81219482421875
vertex -42.699119567871094 -32.964290618896484 -26.726959228515625
vertex -42.38957595825195 -32.97272491455078 -26.718059539794922
endloop
endfacet
facet normal 0.1694434515049042 0.9554311970157096 -0.2417439647876105
outer loop
vertex -42.436363220214844 -33.034847259521484 -26.97981834411621
vertex -42.52123260498047 -32.99890899658203 -26.897268295288086
vertex -42.22611618041992 -33.04465103149414 -26.871198654174805
endloop
endfacet
facet normal 0.1003930526800775 0.9802046552990072 -0.1706460333665258
outer loop
vertex -42.52123260498047 -32.99890899658203 -26.897268295288086
vertex -42.60788345336914 -32.975223541259766 -26.81219482421875
vertex -42.30707931518555 -33.003273010253906 -26.79634666442871
endloop
endfacet
facet normal 0.06395917338540152 0.996188134559944 -0.05931631058853167
outer loop
vertex -42.824668884277344 -32.96687316894531 -26.90570831298828
vertex -42.699119567871094 -32.964290618896484 -26.726959228515625
vertex -42.60788345336914 -32.975223541259766 -26.81219482421875
endloop
endfacet
facet normal 0.18103032698016464 0.956168326667546 -0.2301524533678488
outer loop
vertex -42.73344421386719 -32.98257064819336 -26.996309280395508
vertex -42.52123260498047 -32.99890899658203 -26.897268295288086
vertex -42.436363220214844 -33.034847259521484 -26.97981834411621
endloop
endfacet
facet normal 0.11367338179452012 0.9918590598213869 -0.05739309820554739
outer loop
vertex -43.03871154785156 -32.94767379760742 -26.99784278869629
vertex -42.824668884277344 -32.96687316894531 -26.90570831298828
vertex -42.73344421386719 -32.98257064819336 -26.996309280395508
endloop
endfacet
facet normal 0.10807145008017043 0.980695650550584 -0.16296196693933168
outer loop
vertex -42.824668884277344 -32.96687316894531 -26.90570831298828
vertex -42.60788345336914 -32.975223541259766 -26.81219482421875
vertex -42.52123260498047 -32.99890899658203 -26.897268295288086
endloop
endfacet
facet normal 0.10655131139303956 0.9922048889839088 -0.06462411559822474
outer loop
vertex -42.73344421386719 -32.98257064819336 -26.996309280395508
vertex -42.824668884277344 -32.96687316894531 -26.90570831298828
vertex -42.52123260498047 -32.99890899658203 -26.897268295288086
endloop
endfacet
facet normal 0.04574270212176795 0.9978682771755049 -0.046545747489851116
outer loop
vertex -43.210906982421875 -32.95055389404297 -26.935422897338867
vertex -42.699119567871094 -32.964290618896484 -26.726959228515625
vertex -42.824668884277344 -32.96687316894531 -26.90570831298828
endloop
endfacet
facet normal 0.03162672646898771 0.9906173104637815 0.13295523450530222
outer loop
vertex -43.03871154785156 -32.94767379760742 -26.99784278869629
vertex -43.210906982421875 -32.95055389404297 -26.935422897338867
vertex -42.824668884277344 -32.96687316894531 -26.90570831298828
endloop
endfacet
facet normal 0.05547458812741335 0.9785927851943843 0.1981886243899773
outer loop
vertex -43.248497009277344 -32.9176025390625 -27.087604522705078
vertex -43.210906982421875 -32.95055389404297 -26.935422897338867
vertex -43.03871154785156 -32.94767379760742 -26.99784278869629
endloop
endfacet
facet normal 0.11884556150481271 0.976091170778543 0.18199384285952924
outer loop
vertex -43.45236587524414 -32.87668228149414 -27.17394256591797
vertex -43.210906982421875 -32.95055389404297 -26.935422897338867
vertex -43.248497009277344 -32.9176025390625 -27.087604522705078
endloop
endfacet
facet normal 0.1367089952595103 0.9519889332688506 0.2739118864685701
outer loop
vertex -43.34429168701172 -32.864139556884766 -27.271474838256836
vertex -43.64864730834961 -32.82494354248047 -27.25579833984375
vertex -43.45236587524414 -32.87668228149414 -27.17394256591797
endloop
endfacet
facet normal 0.10656491075048717 0.8808700590209693 0.46120695887761154
outer loop
vertex -43.83523178100586 -32.76253890991211 -27.33187484741211
vertex -43.699588775634766 -32.879364013671875 -27.14008903503418
vertex -43.64864730834961 -32.82494354248047 -27.25579833984375
endloop
endfacet
facet normal 0.02667242013494612 0.9622088030988617 0.2710033233065624
outer loop
vertex -43.45236587524414 -32.87668228149414 -27.17394256591797
vertex -43.699588775634766 -32.879364013671875 -27.14008903503418
vertex -43.210906982421875 -32.95055389404297 -26.935422897338867
endloop
endfacet
facet normal 0.05100200550754644 0.8948995958638285 0.44334355612432713
outer loop
vertex -43.64864730834961 -32.82494354248047 -27.25579833984375
vertex -43.699588775634766 -32.879364013671875 -27.14008903503418
vertex -43.45236587524414 -32.87668228149414 -27.17394256591797
endloop
endfacet
facet normal 0.054618472717850045 0.8694508770590516 0.49099082966916574
outer loop
vertex -44.14259719848633 -32.745140075683594 -27.328493118286133
vertex -43.699588775634766 -32.879364013671875 -27.14008903503418
vertex -43.83523178100586 -32.76253890991211 -27.33187484741211
endloop
endfacet
facet normal -0.004280646159347169 0.809657845409218 0.5868865728876076
outer loop
vertex -44.14259719848633 -32.745140075683594 -27.328493118286133
vertex -48.0216178894043 -32.884864807128906 -27.164024353027344
vertex -43.699588775634766 -32.879364013671875 -27.14008903503418
endloop
endfacet
facet normal -0.003422340908119738 0.8004877423085957 0.5993393546200648
outer loop
vertex -48.02214431762695 -32.76172637939453 -27.328493118286133
vertex -48.0216178894043 -32.884864807128906 -27.164024353027344
vertex -44.14259719848633 -32.745140075683594 -27.328493118286133
endloop
endfacet
facet normal -0.0030649978673451084 0.7169049749516961 0.6971641576254342
outer loop
vertex -45.456661224365234 -31.47722053527832 -28.638092041015625
vertex -48.02214431762695 -32.76172637939453 -27.328493118286133
vertex -44.14259719848633 -32.745140075683594 -27.328493118286133
endloop
endfacet
facet normal 0.04792171841242824 0.7412222366027051 0.6695469400050184
outer loop
vertex -45.456661224365234 -31.47722053527832 -28.638092041015625
vertex -44.14259719848633 -32.745140075683594 -27.328493118286133
vertex -44.53794860839844 -32.163021087646484 -27.944631576538086
endloop
endfacet
facet normal 0.15894792849405195 0.7864678518329921 0.5968281780049002
outer loop
vertex -45.285945892333984 -31.476486206054688 -28.650102615356445
vertex -44.53794860839844 -32.163021087646484 -27.944631576538086
vertex -44.40999221801758 -32.122222900390625 -28.032470703125
endloop
endfacet
facet normal 0.14213250233071287 0.7780657637985601 0.6118921628733067
outer loop
vertex -45.11996078491211 -31.475778579711914 -28.689558029174805
vertex -45.285945892333984 -31.476486206054688 -28.650102615356445
vertex -44.40999221801758 -32.122222900390625 -28.032470703125
endloop
endfacet
facet normal -0.004279747471883859 0.9999908416686645 1.844919337347541e-05
outer loop
vertex -44.966068267822266 -31.47511863708496 -28.760860443115234
vertex -45.456661224365234 -31.47722053527832 -28.638092041015625
vertex -45.11996078491211 -31.475778579711914 -28.689558029174805
endloop
endfacet
facet normal 0.04412241579751822 0.7389407997318311 0.6723241085338774
outer loop
vertex -45.285945892333984 -31.476486206054688 -28.650102615356445
vertex -45.456661224365234 -31.47722053527832 -28.638092041015625
vertex -44.53794860839844 -32.163021087646484 -27.944631576538086
endloop
endfacet
facet normal -0.004317541411785884 0.9999906531970818 -0.00022881134502259726
outer loop
vertex -45.11996078491211 -31.475778579711914 -28.689558029174805
vertex -45.456661224365234 -31.47722053527832 -28.638092041015625
vertex -45.285945892333984 -31.476486206054688 -28.650102615356445
endloop
endfacet
facet normal -0.1528268154224451 0.7908594809570573 0.5926088472746317
outer loop
vertex -48.33222198486328 -32.8807373046875 -27.2496337890625
vertex -48.0216178894043 -32.884864807128906 -27.164024353027344
vertex -48.02214431762695 -32.76172637939453 -27.328493118286133
endloop
endfacet
facet normal -0.13336498182925424 0.7649863950751871 0.6300869757196641
outer loop
vertex -48.33222198486328 -32.8807373046875 -27.2496337890625
vertex -48.02214431762695 -32.76172637939453 -27.328493118286133
vertex -48.33259963989258 -32.7923698425293 -27.35700035095215
endloop
endfacet
facet normal -0.1335513969996629 0.7063055298305425 0.6951953127648625
outer loop
vertex -48.1851921081543 -31.48888397216797 -28.652999877929688
vertex -48.33259963989258 -32.7923698425293 -27.35700035095215
vertex -48.02214431762695 -32.76172637939453 -27.328493118286133
endloop
endfacet
facet normal -0.06885860655193364 0.7150695118648823 0.6956537109115749
outer loop
vertex -48.1851921081543 -31.48888397216797 -28.652999877929688
vertex -48.02214431762695 -32.76172637939453 -27.328493118286133
vertex -48.027591705322266 -31.488210678100586 -28.638092041015625
endloop
endfacet
facet normal -0.1992965096988334 0.7021651892884969 0.6835531787456717
outer loop
vertex -48.34006118774414 -31.489547729492188 -28.697471618652344
vertex -48.33259963989258 -32.7923698425293 -27.35700035095215
vertex -48.1851921081543 -31.48888397216797 -28.652999877929688
endloop
endfacet
facet normal -0.004265358599528516 0.9999909007614588 -7.148638778822838e-05
outer loop
vertex -48.34006118774414 -31.489547729492188 -28.697471618652344
vertex -48.1851921081543 -31.48888397216797 -28.652999877929688
vertex -48.027591705322266 -31.488210678100586 -28.638092041015625
endloop
endfacet
facet normal -0.3262954613586625 0.6769484040482441 0.6597515669956935
outer loop
vertex -48.48952102661133 -31.490188598632812 -28.770732879638672
vertex -48.33259963989258 -32.7923698425293 -27.35700035095215
vertex -48.34006118774414 -31.489547729492188 -28.697471618652344
endloop
endfacet
facet normal -0.004273295834156403 0.9999908689880878 -2.971805299405837e-05
outer loop
vertex -48.48952102661133 -31.490188598632812 -28.770732879638672
vertex -48.34006118774414 -31.489547729492188 -28.697471618652344
vertex -48.027591705322266 -31.488210678100586 -28.638092041015625
endloop
endfacet
facet normal -0.004296034152560455 0.9999907707790054 4.947090831257081e-05
outer loop
vertex -48.630977630615234 -31.49079132080078 -28.87151527404785
vertex -48.48952102661133 -31.490188598632812 -28.770732879638672
vertex -48.027591705322266 -31.488210678100586 -28.638092041015625
endloop
endfacet
facet normal -0.38461262875016283 0.7120571732393118 0.5874076164337079
outer loop
vertex -48.621646881103516 -32.87955093383789 -27.440576553344727
vertex -48.33222198486328 -32.8807373046875 -27.2496337890625
vertex -48.33259963989258 -32.7923698425293 -27.35700035095215
endloop
endfacet
facet normal -0.385491232514755 0.6569645654145834 0.6479151714876592
outer loop
vertex -48.48952102661133 -31.490188598632812 -28.770732879638672
vertex -48.621646881103516 -32.87955093383789 -27.440576553344727
vertex -48.33259963989258 -32.7923698425293 -27.35700035095215
endloop
endfacet
facet normal -0.4475293491520661 0.6402709009411739 0.6243161499236628
outer loop
vertex -48.630977630615234 -31.49079132080078 -28.87151527404785
vertex -48.621646881103516 -32.87955093383789 -27.440576553344727
vertex -48.48952102661133 -31.490188598632812 -28.770732879638672
endloop
endfacet
facet normal -0.6111623560880232 0.5627202509285801 0.5566206012139797
outer loop
vertex -48.76197814941406 -31.491350173950195 -28.998071670532227
vertex -48.86958694458008 -33.01732635498047 -27.57352638244629
vertex -48.621646881103516 -32.87955093383789 -27.440576553344727
endloop
endfacet
facet normal -0.003064604007012195 0.7169045917882321 0.6971645533697398
outer loop
vertex -48.027591705322266 -31.488210678100586 -28.638092041015625
vertex -48.02214431762695 -32.76172637939453 -27.328493118286133
vertex -45.456661224365234 -31.47722053527832 -28.638092041015625
endloop
endfacet
facet normal -0.561218829531265 0.5921054669319006 0.5783118029306621
outer loop
vertex -48.76197814941406 -31.491350173950195 -28.998071670532227
vertex -48.621646881103516 -32.87955093383789 -27.440576553344727
vertex -48.630977630615234 -31.49079132080078 -28.87151527404785
endloop
endfacet
facet normal -0.004274733404772815 0.9999908632697876 -5.591348909977818e-06
outer loop
vertex -48.630977630615234 -31.49079132080078 -28.87151527404785
vertex -48.027591705322266 -31.488210678100586 -28.638092041015625
vertex -45.456661224365234 -31.47722053527832 -28.638092041015625
endloop
endfacet
facet normal -0.0042758980555156 0.9999908582536232 1.0246997537540038e-05
outer loop
vertex -48.76197814941406 -31.491350173950195 -28.998071670532227
vertex -48.630977630615234 -31.49079132080078 -28.87151527404785
vertex -45.456661224365234 -31.47722053527832 -28.638092041015625
endloop
endfacet
facet normal -0.0042879367070426085 0.9999908066552333 -1.4276284960637621e-05
outer loop
vertex -44.83361053466797 -31.474552154541016 -28.865442276000977
vertex -45.456661224365234 -31.47722053527832 -28.638092041015625
vertex -44.966068267822266 -31.47511863708496 -28.760860443115234
endloop
endfacet
facet normal -0.004276369013293309 0.9999908562917921 -9.330642903654465e-07
outer loop
vertex -48.88025665283203 -31.491857528686523 -29.148212432861328
vertex -44.83361053466797 -31.474552154541016 -28.865442276000977
vertex -45.92967987060547 -31.47924041748047 -29.961965560913086
endloop
endfacet
facet normal -0.6649265720461669 0.5342047107257661 0.5220133914233756
outer loop
vertex -48.88025665283203 -31.491857528686523 -29.148212432861328
vertex -48.86958694458008 -33.01732635498047 -27.57352638244629
vertex -48.76197814941406 -31.491350173950195 -28.998071670532227
endloop
endfacet
facet normal -0.0042766083921789 0.9999908551279092 1.6769399830278608e-05
outer loop
vertex -48.76197814941406 -31.491350173950195 -28.998071670532227
vertex -45.456661224365234 -31.47722053527832 -28.638092041015625
vertex -44.83361053466797 -31.474552154541016 -28.865442276000977
endloop
endfacet
facet normal -0.004275675803894587 0.999990859197533 -1.0853571597401273e-05
outer loop
vertex -48.88025665283203 -31.491857528686523 -29.148212432861328
vertex -48.76197814941406 -31.491350173950195 -28.998071670532227
vertex -44.83361053466797 -31.474552154541016 -28.865442276000977
endloop
endfacet
facet normal 0.8212221776662206 0.4263543987424479 -0.3792308816303284
outer loop
vertex -43.148193359375 -33.20350646972656 -28.70999526977539
vertex -43.69013595581055 -32.64092254638672 -29.25107765197754
vertex -43.158111572265625 -33.00565719604492 -28.5090389251709
endloop
endfacet
facet normal 0.6861998290227009 0.32851193694038866 -0.6490067040769996
outer loop
vertex -44.20817947387695 -32.37871170043945 -29.889602661132812
vertex -44.29766845703125 -32.33338928222656 -29.961278915405273
vertex -44.21592712402344 -32.169097900390625 -29.79169273376465
endloop
endfacet
facet normal 0.8027699416432152 0.2548229095125974 -0.5390971207321399
outer loop
vertex -43.19305419921875 -33.42357635498047 -28.880821228027344
vertex -43.69013595581055 -32.64092254638672 -29.25107765197754
vertex -43.148193359375 -33.20350646972656 -28.70999526977539
endloop
endfacet
facet normal 0.7989437099416887 0.2812046319597008 -0.5316134905257957
outer loop
vertex -43.7281379699707 -32.85704040527344 -29.422508239746094
vertex -44.21592712402344 -32.169097900390625 -29.79169273376465
vertex -43.69013595581055 -32.64092254638672 -29.25107765197754
endloop
endfacet
facet normal 0.7446593341474389 0.05224367525418165 -0.6653969300072164
outer loop
vertex -43.12183380126953 -33.82129669189453 -28.83234405517578
vertex -43.19305419921875 -33.42357635498047 -28.880821228027344
vertex -42.7570915222168 -34.07421875 -28.444011688232422
endloop
endfacet
facet normal 0.6763848112538557 0.22779569502248648 -0.7004375121553016
outer loop
vertex -44.25386428833008 -32.463138580322266 -29.9611759185791
vertex -44.29766845703125 -32.33338928222656 -29.961278915405273
vertex -44.20817947387695 -32.37871170043945 -29.889602661132812
endloop
endfacet
facet normal 0.6737755124674064 0.34129110699504167 -0.6553983056778396
outer loop
vertex -44.35991668701172 -32.210689544677734 -29.96137809753418
vertex -44.21592712402344 -32.169097900390625 -29.79169273376465
vertex -44.29766845703125 -32.33338928222656 -29.961278915405273
endloop
endfacet
facet normal 0.7582817728178648 0.1310697861923997 -0.6386152708475383
outer loop
vertex -44.23052215576172 -32.597660064697266 -29.961069107055664
vertex -44.25386428833008 -32.463138580322266 -29.9611759185791
vertex -44.20817947387695 -32.37871170043945 -29.889602661132812
endloop
endfacet
facet normal 0.7979218936583011 0.2790511353555332 -0.5342762538963702
outer loop
vertex -43.7281379699707 -32.85704040527344 -29.422508239746094
vertex -44.20817947387695 -32.37871170043945 -29.889602661132812
vertex -44.21592712402344 -32.169097900390625 -29.79169273376465
endloop
endfacet
facet normal 0.8109841382883474 0.26937359321361404 -0.5193674948664896
outer loop
vertex -43.7281379699707 -32.85704040527344 -29.422508239746094
vertex -43.69013595581055 -32.64092254638672 -29.25107765197754
vertex -43.19305419921875 -33.42357635498047 -28.880821228027344
endloop
endfacet
facet normal 0.7481082717734885 0.05334492228096129 -0.6614290082623548
outer loop
vertex -43.751739501953125 -33.15242004394531 -29.49085235595703
vertex -43.19305419921875 -33.42357635498047 -28.880821228027344
vertex -43.12183380126953 -33.82129669189453 -28.83234405517578
endloop
endfacet
facet normal 0.7071248883142863 -0.02959261012929295 -0.706469156971657
outer loop
vertex -43.92738723754883 -33.87666702270508 -29.63632583618164
vertex -43.751739501953125 -33.15242004394531 -29.49085235595703
vertex -43.12183380126953 -33.82129669189453 -28.83234405517578
endloop
endfacet
facet normal -1.1991198029407672e-06 -0.0007942187098198063 -0.9999996846075518
outer loop
vertex -44.23052215576172 -32.597660064697266 -29.961069107055664
vertex -44.29766845703125 -32.33338928222656 -29.961278915405273
vertex -44.25386428833008 -32.463138580322266 -29.9611759185791
endloop
endfacet
facet normal 2.5914600654253762e-05 -0.0007951847448359428 -0.9999996835047774
outer loop
vertex -44.228816986083984 -33.47528839111328 -29.960369110107422
vertex -44.35991668701172 -32.210689544677734 -29.96137809753418
vertex -44.29766845703125 -32.33338928222656 -29.961278915405273
endloop
endfacet
facet normal 0.7557817029260697 0.1322134227948341 -0.6413373748309423
outer loop
vertex -43.7281379699707 -32.85704040527344 -29.422508239746094
vertex -44.23052215576172 -32.597660064697266 -29.961069107055664
vertex -44.20817947387695 -32.37871170043945 -29.889602661132812
endloop
endfacet
facet normal 0.7541095360405594 0.09025960796275297 -0.6505167260133304
outer loop
vertex -43.751739501953125 -33.15242004394531 -29.49085235595703
vertex -43.7281379699707 -32.85704040527344 -29.422508239746094
vertex -43.19305419921875 -33.42357635498047 -28.880821228027344
endloop
endfacet
facet normal 0.7119133117892997 -0.0317420661552014 -0.7015496259947617
outer loop
vertex -43.92738723754883 -33.87666702270508 -29.63632583618164
vertex -44.228816986083984 -33.47528839111328 -29.960369110107422
vertex -43.751739501953125 -33.15242004394531 -29.49085235595703
endloop
endfacet
facet normal -1.4620498630901625e-05 -0.0007976288308557933 -0.9999996817871939
outer loop
vertex -44.228816986083984 -33.47528839111328 -29.960369110107422
vertex -44.29766845703125 -32.33338928222656 -29.961278915405273
vertex -44.23052215576172 -32.597660064697266 -29.961069107055664
endloop
endfacet
facet normal 0.7498054258856729 0.0917039233000539 -0.6552726255260344
outer loop
vertex -43.751739501953125 -33.15242004394531 -29.49085235595703
vertex -44.23052215576172 -32.597660064697266 -29.961069107055664
vertex -43.7281379699707 -32.85704040527344 -29.422508239746094
endloop
endfacet
facet normal 0.7011634257023223 0.0007936214674065941 -0.7130001547141142
outer loop
vertex -44.228816986083984 -33.47528839111328 -29.960369110107422
vertex -44.23052215576172 -32.597660064697266 -29.961069107055664
vertex -43.751739501953125 -33.15242004394531 -29.49085235595703
endloop
endfacet
facet normal 0.32691485962695177 0.8882448218518875 -0.32271939980174574
outer loop
vertex -45.110904693603516 -31.62441062927246 -29.96184730529785
vertex -44.536441802978516 -31.560760498046875 -29.204727172851562
vertex -44.41645812988281 -31.66560173034668 -29.371746063232422
endloop
endfacet
facet normal 0.3040412053820666 0.9020000838666129 -0.3065204628315101
outer loop
vertex -45.110904693603516 -31.62441062927246 -29.96184730529785
vertex -44.943092346191406 -31.566537857055664 -29.625089645385742
vertex -44.536441802978516 -31.560760498046875 -29.204727172851562
endloop
endfacet
facet normal 0.4615933789630674 0.8252801941140387 0.32533698483349965
outer loop
vertex -44.83361053466797 -31.474552154541016 -28.865442276000977
vertex -44.16975021362305 -32.09164810180664 -28.241954803466797
vertex -44.04054260253906 -32.10726547241211 -28.38566017150879
endloop
endfacet
facet normal 0.5567801171037371 0.817161559671016 0.14914049280454142
outer loop
vertex -44.536441802978516 -31.560760498046875 -29.204727172851562
vertex -44.67726516723633 -31.49602508544922 -29.03369140625
vertex -44.508689880371094 -31.608633041381836 -29.046031951904297
endloop
endfacet
facet normal 0.19971933161858416 0.9578746526978253 -0.20636942190364893
outer loop
vertex -44.943092346191406 -31.566537857055664 -29.625089645385742
vertex -45.10264587402344 -31.498971939086914 -29.465890884399414
vertex -44.536441802978516 -31.560760498046875 -29.204727172851562
endloop
endfacet
facet normal 0.28175895565465015 0.9123002869835718 -0.29718693995210055
outer loop
vertex -45.110904693603516 -31.62441062927246 -29.96184730529785
vertex -45.3770637512207 -31.5422306060791 -29.9619140625
vertex -44.943092346191406 -31.566537857055664 -29.625089645385742
endloop
endfacet
facet normal 4.953862153950385e-06 -0.0007962843420822249 -0.9999996829533028
outer loop
vertex -44.228816986083984 -33.47528839111328 -29.960369110107422
vertex -45.3770637512207 -31.5422306060791 -29.9619140625
vertex -45.110904693603516 -31.62441062927246 -29.96184730529785
endloop
endfacet
facet normal 0.46228605631175207 0.8253215977463844 0.32424660743496303
outer loop
vertex -44.67726516723633 -31.49602508544922 -29.03369140625
vertex -44.83361053466797 -31.474552154541016 -28.865442276000977
vertex -44.04054260253906 -32.10726547241211 -28.38566017150879
endloop
endfacet
facet normal 0.19730572000435706 0.9595705957653722 -0.20073545923939515
outer loop
vertex -45.10264587402344 -31.498971939086914 -29.465890884399414
vertex -44.67726516723633 -31.49602508544922 -29.03369140625
vertex -44.536441802978516 -31.560760498046875 -29.204727172851562
endloop
endfacet
facet normal 0.20765146824505024 0.9578682598567706 -0.1984168956884396
outer loop
vertex -45.3770637512207 -31.5422306060791 -29.9619140625
vertex -45.10264587402344 -31.498971939086914 -29.465890884399414
vertex -44.943092346191406 -31.566537857055664 -29.625089645385742
endloop
endfacet
facet normal -6.872131592725351e-07 -0.0007996351691594634 -0.9999996802915109
outer loop
vertex -44.228816986083984 -33.47528839111328 -29.960369110107422
vertex -45.65138244628906 -31.49428939819336 -29.961952209472656
vertex -45.3770637512207 -31.5422306060791 -29.9619140625
endloop
endfacet
facet normal 0.06286109888002692 0.9956578527474989 -0.0686580112575023
outer loop
vertex -45.10264587402344 -31.498971939086914 -29.465890884399414
vertex -44.83361053466797 -31.474552154541016 -28.865442276000977
vertex -44.67726516723633 -31.49602508544922 -29.03369140625
endloop
endfacet
facet normal 0.16942199514137055 0.9692876438356162 -0.17826287069919258
outer loop
vertex -45.65138244628906 -31.49428939819336 -29.961952209472656
vertex -45.10264587402344 -31.498971939086914 -29.465890884399414
vertex -45.3770637512207 -31.5422306060791 -29.9619140625
endloop
endfacet
facet normal 4.9540735189217e-06 -0.0007955841350539312 -0.9999996835106206
outer loop
vertex -44.228816986083984 -33.47528839111328 -29.960369110107422
vertex -45.92967987060547 -31.47924041748047 -29.961965560913086
vertex -45.65138244628906 -31.49428939819336 -29.961952209472656
endloop
endfacet
facet normal 0.07570806640004955 0.9943534129942181 -0.07436113735491082
outer loop
vertex -45.65138244628906 -31.49428939819336 -29.961952209472656
vertex -44.83361053466797 -31.474552154541016 -28.865442276000977
vertex -45.10264587402344 -31.498971939086914 -29.465890884399414
endloop
endfacet
facet normal 0.053907702340328205 0.9968514576189909 -0.05814749411006399
outer loop
vertex -45.92967987060547 -31.47924041748047 -29.961965560913086
vertex -44.83361053466797 -31.474552154541016 -28.865442276000977
vertex -45.65138244628906 -31.49428939819336 -29.961952209472656
endloop
endfacet
facet normal -0.3386242729111442 0.9409216767592289 0.0
outer loop
vertex -36.7385139465332 -28.93844985961914 -25.97100067138672
vertex -36.7385139465332 -28.93844985961914 -23.0
vertex -36.35197830200195 -28.799341201782227 -23.0
endloop
endfacet
facet normal 0.569513749049293 0.194913923120507 -0.7985378214070966
outer loop
vertex -40.90115737915039 -33.41714859008789 -26.509496688842773
vertex -40.644412994384766 -33.236351013183594 -26.282257080078125
vertex -40.56178665161133 -33.347137451171875 -26.250370025634766
endloop
endfacet
facet normal 0.5565292854430804 0.1817264552026501 -0.8107099665871227
outer loop
vertex -40.644412994384766 -33.236351013183594 -26.282257080078125
vertex -40.4373779296875 -33.21352767944336 -26.13501739501953
vertex -40.56178665161133 -33.347137451171875 -26.250370025634766
endloop
endfacet
facet normal 0.6212294386534051 0.0758949691292772 -0.7799448302356015
outer loop
vertex -40.4373779296875 -33.21352767944336 -26.13501739501953
vertex -40.2584342956543 -32.99271011352539 -25.97100067138672
vertex -40.246498107910156 -33.14311981201172 -25.97612953186035
endloop
endfacet
facet normal -0.3386242729111442 0.9409216767592289 0.0
outer loop
vertex -36.7385139465332 -28.93844985961914 -25.97100067138672
vertex -36.35197830200195 -28.799341201782227 -23.0
vertex -36.35197830200195 -28.799341201782227 -25.97100067138672
endloop
endfacet
facet normal 0.0 0.0 -1.0
outer loop
vertex -40.2378044128418 -33.32679748535156 -25.97100067138672
vertex -40.2584342956543 -32.99271011352539 -25.97100067138672
vertex -36.7385139465332 -28.93844985961914 -25.97100067138672
endloop
endfacet
facet normal 0.5647003300713371 0.21340097026652827 -0.7972286767964555
outer loop
vertex -40.90115737915039 -33.41714859008789 -26.509496688842773
vertex -40.56178665161133 -33.347137451171875 -26.250370025634766
vertex -40.82203674316406 -33.55308151245117 -26.489839553833008
endloop
endfacet
facet normal 0.589175723221008 0.13864628828368034 -0.7960208376117807
outer loop
vertex -40.75559997558594 -33.692474365234375 -26.453969955444336
vertex -40.56178665161133 -33.347137451171875 -26.250370025634766
vertex -40.4373779296875 -33.21352767944336 -26.13501739501953
endloop
endfacet
facet normal 0.8871986462604858 0.054784483483217516 0.4581235886123291
outer loop
vertex -40.246498107910156 -33.14311981201172 -25.97612953186035
vertex -40.2584342956543 -32.99271011352539 -25.97100067138672
vertex -40.2378044128418 -33.32679748535156 -25.97100067138672
endloop
endfacet
facet normal 0.6094440269069489 0.11724859362608703 -0.7841114368252428
outer loop
vertex -40.75559997558594 -33.692474365234375 -26.453969955444336
vertex -40.4373779296875 -33.21352767944336 -26.13501739501953
vertex -40.246498107910156 -33.14311981201172 -25.97612953186035
endloop
endfacet
facet normal 0.0 0.0 -1.0
outer loop
vertex -40.2378044128418 -33.32679748535156 -25.97100067138672
vertex -36.7385139465332 -28.93844985961914 -25.97100067138672
vertex -36.35197830200195 -28.799341201782227 -25.97100067138672
endloop
endfacet
facet normal 0.6289704858083732 0.10143322169559772 -0.7707836463745391
outer loop
vertex -40.75559997558594 -33.692474365234375 -26.453969955444336
vertex -40.82203674316406 -33.55308151245117 -26.489839553833008
vertex -40.56178665161133 -33.347137451171875 -26.250370025634766
endloop
endfacet
facet normal 0.6776696912193567 0.0115437359509277 -0.7352758201946784
outer loop
vertex -40.75559997558594 -33.692474365234375 -26.453969955444336
vertex -40.246498107910156 -33.14311981201172 -25.97612953186035
vertex -40.2378044128418 -33.32679748535156 -25.97100067138672
endloop
endfacet
facet normal 0.0 0.0 -1.0
outer loop
vertex -40.308467864990234 -34.11853790283203 -25.97100067138672
vertex -40.2378044128418 -33.32679748535156 -25.97100067138672
vertex -36.35197830200195 -28.799341201782227 -25.97100067138672
endloop
endfacet
facet normal 0.6419677971023929 0.11073935043709054 -0.7586923907278049
outer loop
vertex -41.100311279296875 -33.701045989990234 -26.746898651123047
vertex -40.82203674316406 -33.55308151245117 -26.489839553833008
vertex -40.75559997558594 -33.692474365234375 -26.453969955444336
endloop
endfacet
facet normal 0.686212113192043 -0.011063441376834956 -0.7273173557487901
outer loop
vertex -40.75611114501953 -33.87439727783203 -26.451684951782227
vertex -40.75559997558594 -33.692474365234375 -26.453969955444336
vertex -40.2378044128418 -33.32679748535156 -25.97100067138672
endloop
endfacet
facet normal 0.7139761358765365 -0.06372292913021904 -0.6972642724977914
outer loop
vertex -40.75611114501953 -33.87439727783203 -26.451684951782227
vertex -40.2378044128418 -33.32679748535156 -25.97100067138672
vertex -40.308467864990234 -34.11853790283203 -25.97100067138672
endloop
endfacet
facet normal 0.6411790849206437 0.1195490165376814 -0.7580220403822036
outer loop
vertex -41.04118347167969 -33.86378860473633 -26.722551345825195
vertex -41.100311279296875 -33.701045989990234 -26.746898651123047
vertex -40.75559997558594 -33.692474365234375 -26.453969955444336
endloop
endfacet
facet normal 0.688555216051555 -0.011042172488232003 -0.725099844762731
outer loop
vertex -41.04118347167969 -33.86378860473633 -26.722551345825195
vertex -40.75559997558594 -33.692474365234375 -26.453969955444336
vertex -40.75611114501953 -33.87439727783203 -26.451684951782227
endloop
endfacet
facet normal 0.7085744744253816 -0.08094008962282233 -0.7009785418146861
outer loop
vertex -40.94947814941406 -34.00118637084961 -26.63250732421875
vertex -40.75611114501953 -33.87439727783203 -26.451684951782227
vertex -40.308467864990234 -34.11853790283203 -25.97100067138672
endloop
endfacet
facet normal 0.6546378836024452 0.12634065212785014 -0.7453101911099973
outer loop
vertex -41.04118347167969 -33.86378860473633 -26.722551345825195
vertex -41.38700485229492 -33.79635238647461 -27.014869689941406
vertex -41.100311279296875 -33.701045989990234 -26.746898651123047
endloop
endfacet
facet normal 0.688419916486322 -0.015741797428660855 -0.7251415133604476
outer loop
vertex -41.04118347167969 -33.86378860473633 -26.722551345825195
vertex -40.75611114501953 -33.87439727783203 -26.451684951782227
vertex -40.94947814941406 -34.00118637084961 -26.63250732421875
endloop
endfacet
facet normal 0.7076809541644652 -0.08689217236973043 -0.7011686084628583
outer loop
vertex -41.55361557006836 -34.236053466796875 -27.213150024414062
vertex -40.94947814941406 -34.00118637084961 -26.63250732421875
vertex -40.308467864990234 -34.11853790283203 -25.97100067138672
endloop
endfacet
facet normal 0.65497559705365 0.13978163521270354 -0.7426089561279725
outer loop
vertex -41.33622741699219 -33.97986602783203 -27.004627227783203
vertex -41.38700485229492 -33.79635238647461 -27.014869689941406
vertex -41.04118347167969 -33.86378860473633 -26.722551345825195
endloop
endfacet
facet normal 0.6945254203754474 -0.007920100108587269 -0.7194245703800908
outer loop
vertex -41.55361557006836 -34.236053466796875 -27.213150024414062
vertex -41.04118347167969 -33.86378860473633 -26.722551345825195
vertex -40.94947814941406 -34.00118637084961 -26.63250732421875
endloop
endfacet
facet normal 0.6680625722707242 0.14410549555283503 -0.7300178118939943
outer loop
vertex -41.677040100097656 -33.84123611450195 -27.28915023803711
vertex -41.38700485229492 -33.79635238647461 -27.014869689941406
vertex -41.33622741699219 -33.97986602783203 -27.004627227783203
endloop
endfacet
facet normal 0.6904395091711102 0.0029225973737960777 -0.7233842288854152
outer loop
vertex -41.55361557006836 -34.236053466796875 -27.213150024414062
vertex -41.33622741699219 -33.97986602783203 -27.004627227783203
vertex -41.04118347167969 -33.86378860473633 -26.722551345825195
endloop
endfacet
facet normal 0.6703306877675645 0.16144040067018986 -0.7242884550153431
outer loop
vertex -41.635799407958984 -34.04275894165039 -27.295900344848633
vertex -41.677040100097656 -33.84123611450195 -27.28915023803711
vertex -41.33622741699219 -33.97986602783203 -27.004627227783203
endloop
endfacet
facet normal 0.6981161626139066 -0.009667533075146725 -0.7159192428629603
outer loop
vertex -41.55361557006836 -34.236053466796875 -27.213150024414062
vertex -41.635799407958984 -34.04275894165039 -27.295900344848633
vertex -41.33622741699219 -33.97986602783203 -27.004627227783203
endloop
endfacet
facet normal 0.6804669804785601 0.16318279260257298 -0.7143780964425046
outer loop
vertex -41.635799407958984 -34.04275894165039 -27.295900344848633
vertex -41.88154983520508 -33.84355545043945 -27.484481811523438
vertex -41.677040100097656 -33.84123611450195 -27.28915023803711
endloop
endfacet
facet normal 0.7033209029835625 -0.005285663120811346 -0.710852846369598
outer loop
vertex -41.75865173339844 -34.2673454284668 -27.415781021118164
vertex -41.635799407958984 -34.04275894165039 -27.295900344848633
vertex -41.55361557006836 -34.236053466796875 -27.213150024414062
endloop
endfacet
facet normal 0.6359880689411442 0.5447077796405544 -0.5466375499026495
outer loop
vertex -42.33039474487305 -33.56187438964844 -27.78766441345215
vertex -42.386070251464844 -33.41883087158203 -27.709901809692383
vertex -42.13812255859375 -33.61254119873047 -27.614452362060547
endloop
endfacet
facet normal 0.6639248198587441 0.37260731744734676 -0.648357633224308
outer loop
vertex -42.08345031738281 -33.82219314575195 -27.678953170776367
vertex -42.13812255859375 -33.61254119873047 -27.614452362060547
vertex -41.88154983520508 -33.84355545043945 -27.484481811523438
endloop
endfacet
facet normal 0.6856260279313756 0.17749428932569622 -0.7059835175695041
outer loop
vertex -41.84785079956055 -34.0560188293457 -27.505170822143555
vertex -41.88154983520508 -33.84355545043945 -27.484481811523438
vertex -41.635799407958984 -34.04275894165039 -27.295900344848633
endloop
endfacet
facet normal 0.7025586440766858 -0.004463550323006703 -0.711611852312511
outer loop
vertex -41.75865173339844 -34.2673454284668 -27.415781021118164
vertex -41.84785079956055 -34.0560188293457 -27.505170822143555
vertex -41.635799407958984 -34.04275894165039 -27.295900344848633
endloop
endfacet
facet normal 0.6734654421437118 0.3721302382539896 -0.6387201139898476
outer loop
vertex -42.33039474487305 -33.56187438964844 -27.78766441345215
vertex -42.13812255859375 -33.61254119873047 -27.614452362060547
vertex -42.08345031738281 -33.82219314575195 -27.678953170776367
endloop
endfacet
facet normal 0.6937333245656352 0.3916347719990237 -0.6044470859789001
outer loop
vertex -42.516387939453125 -33.489933013916016 -27.954519271850586
vertex -42.33039474487305 -33.56187438964844 -27.78766441345215
vertex -42.2813835144043 -33.77715301513672 -27.87089729309082
endloop
endfacet
facet normal 0.6923644237249076 0.17790941650876524 -0.6992708661724634
outer loop
vertex -41.84785079956055 -34.0560188293457 -27.505170822143555
vertex -42.08345031738281 -33.82219314575195 -27.678953170776367
vertex -41.88154983520508 -33.84355545043945 -27.484481811523438
endloop
endfacet
facet normal 0.7070221374381135 -0.0007095823216522679 -0.707191058813225
outer loop
vertex -42.058013916015625 -34.04400634765625 -27.715295791625977
vertex -41.84785079956055 -34.0560188293457 -27.505170822143555
vertex -41.75865173339844 -34.2673454284668 -27.415781021118164
endloop
endfacet
facet normal 0.7070032283246611 0.41089094413978544 -0.5755997456240083
outer loop
vertex -42.47369384765625 -33.70846176147461 -28.058074951171875
vertex -42.516387939453125 -33.489933013916016 -27.954519271850586
vertex -42.2813835144043 -33.77715301513672 -27.87089729309082
endloop
endfacet
facet normal 0.6846429888117994 0.39316163663285236 -0.6137490573117187
outer loop
vertex -42.2813835144043 -33.77715301513672 -27.87089729309082
vertex -42.33039474487305 -33.56187438964844 -27.78766441345215
vertex -42.08345031738281 -33.82219314575195 -27.678953170776367
endloop
endfacet
facet normal 0.6992478249721694 0.19296662202219503 -0.6883432007778051
outer loop
vertex -42.058013916015625 -34.04400634765625 -27.715295791625977
vertex -42.08345031738281 -33.82219314575195 -27.678953170776367
vertex -41.84785079956055 -34.0560188293457 -27.505170822143555
endloop
endfacet
facet normal 0.7123953359348785 0.013937054022740416 -0.7016399674073582
outer loop
vertex -42.26502227783203 -34.006492614746094 -27.924732208251953
vertex -42.058013916015625 -34.04400634765625 -27.715295791625977
vertex -41.75865173339844 -34.2673454284668 -27.415781021118164
endloop
endfacet
facet normal 0.719339330209837 0.20697533555290593 -0.663107938789776
outer loop
vertex -42.26502227783203 -34.006492614746094 -27.924732208251953
vertex -42.47369384765625 -33.70846176147461 -28.058074951171875
vertex -42.2813835144043 -33.77715301513672 -27.87089729309082
endloop
endfacet
facet normal 0.7053623192382696 0.1926554005557394 -0.6821641263182321
outer loop
vertex -42.058013916015625 -34.04400634765625 -27.715295791625977
vertex -42.2813835144043 -33.77715301513672 -27.87089729309082
vertex -42.08345031738281 -33.82219314575195 -27.678953170776367
endloop
endfacet
facet normal 0.7140422347896586 0.20787041905080292 -0.6685309086498796
outer loop
vertex -42.26502227783203 -34.006492614746094 -27.924732208251953
vertex -42.2813835144043 -33.77715301513672 -27.87089729309082
vertex -42.058013916015625 -34.04400634765625 -27.715295791625977
endloop
endfacet
facet normal 0.6522082637401673 0.5419717483236416 -0.5299915138264494
outer loop
vertex -42.33039474487305 -33.56187438964844 -27.78766441345215
vertex -42.56993865966797 -33.34626770019531 -27.861967086791992
vertex -42.386070251464844 -33.41883087158203 -27.709901809692383
endloop
endfacet
facet normal 0.6613574684618994 0.5646180559361189 -0.4937739865774476
outer loop
vertex -42.516387939453125 -33.489933013916016 -27.954519271850586
vertex -42.56993865966797 -33.34626770019531 -27.861967086791992
vertex -42.33039474487305 -33.56187438964844 -27.78766441345215
endloop
endfacet
facet normal 0.6781869811879974 0.559638098137287 -0.47630622257156285
outer loop
vertex -42.516387939453125 -33.489933013916016 -27.954519271850586
vertex -42.745357513427734 -33.2550163269043 -28.004520416259766
vertex -42.56993865966797 -33.34626770019531 -27.861967086791992
endloop
endfacet
facet normal 0.6890989867722572 0.5788610797253025 -0.4359615084026404
outer loop
vertex -42.69422912597656 -33.39732360839844 -28.11265754699707
vertex -42.745357513427734 -33.2550163269043 -28.004520416259766
vertex -42.516387939453125 -33.489933013916016 -27.954519271850586
endloop
endfacet
facet normal 0.7160665417029697 0.4082176354714202 -0.5662217497974377
outer loop
vertex -42.69422912597656 -33.39732360839844 -28.11265754699707
vertex -42.516387939453125 -33.489933013916016 -27.954519271850586
vertex -42.47369384765625 -33.70846176147461 -28.058074951171875
endloop
endfacet
facet normal 0.731369299704491 0.4248012025471441 -0.5335193396347152
outer loop
vertex -42.6585807800293 -33.61628341674805 -28.238130569458008
vertex -42.69422912597656 -33.39732360839844 -28.11265754699707
vertex -42.47369384765625 -33.70846176147461 -28.058074951171875
endloop
endfacet
facet normal 0.713856320474196 0.019957774322218073 -0.7000077435022739
outer loop
vertex -42.36741256713867 -34.22357940673828 -28.035337448120117
vertex -42.26502227783203 -34.006492614746094 -27.924732208251953
vertex -41.75865173339844 -34.2673454284668 -27.415781021118164
endloop
endfacet
facet normal 0.7298906544017818 0.2217507288158069 -0.6465958914860169
outer loop
vertex -42.46732711791992 -33.9430046081543 -28.131324768066406
vertex -42.47369384765625 -33.70846176147461 -28.058074951171875
vertex -42.26502227783203 -34.006492614746094 -27.924732208251953
endloop
endfacet
facet normal 0.7410223113209601 0.4205949377814982 -0.5234365600883449
outer loop
vertex -42.86202621459961 -33.2846794128418 -28.259693145751953
vertex -42.69422912597656 -33.39732360839844 -28.11265754699707
vertex -42.6585807800293 -33.61628341674805 -28.238130569458008
endloop
endfacet
facet normal 0.7346990247340147 0.22032658465555627 -0.6416179074409515
outer loop
vertex -42.46732711791992 -33.9430046081543 -28.131324768066406
vertex -42.6585807800293 -33.61628341674805 -28.238130569458008
vertex -42.47369384765625 -33.70846176147461 -28.058074951171875
endloop
endfacet
facet normal 0.7169719745805677 0.016903353472309222 -0.6968970256124158
outer loop
vertex -42.46732711791992 -33.9430046081543 -28.131324768066406
vertex -42.26502227783203 -34.006492614746094 -27.924732208251953
vertex -42.36741256713867 -34.22357940673828 -28.035337448120117
endloop
endfacet
facet normal 0.7580976638716979 0.43342268466189315 -0.48727067267869856
outer loop
vertex -42.83423614501953 -33.50078582763672 -28.408681869506836
vertex -42.86202621459961 -33.2846794128418 -28.259693145751953
vertex -42.6585807800293 -33.61628341674805 -28.238130569458008
endloop
endfacet
facet normal 0.7471127534918541 0.23395258479840977 -0.6221645454668427
outer loop
vertex -42.46732711791992 -33.9430046081543 -28.131324768066406
vertex -42.66322326660156 -33.853172302246094 -28.332782745361328
vertex -42.6585807800293 -33.61628341674805 -28.238130569458008
endloop
endfacet
facet normal 0.7212230618357598 0.01995035334148057 -0.6924155388766213
outer loop
vertex -42.46732711791992 -33.9430046081543 -28.131324768066406
vertex -42.36741256713867 -34.22357940673828 -28.035337448120117
vertex -42.66322326660156 -33.853172302246094 -28.332782745361328
endloop
endfacet
facet normal 0.7518052717624243 0.23190119123955052 -0.6172606182577216
outer loop
vertex -42.66322326660156 -33.853172302246094 -28.332782745361328
vertex -42.83423614501953 -33.50078582763672 -28.408681869506836
vertex -42.6585807800293 -33.61628341674805 -28.238130569458008
endloop
endfacet
facet normal 0.7294816792543827 0.03398161436943599 -0.683155713960626
outer loop
vertex -42.7570915222168 -34.07421875 -28.444011688232422
vertex -42.66322326660156 -33.853172302246094 -28.332782745361328
vertex -42.36741256713867 -34.22357940673828 -28.035337448120117
endloop
endfacet
facet normal 0.735558558965996 0.03879263832755763 -0.6763495675635897
outer loop
vertex -43.19305419921875 -33.42357635498047 -28.880821228027344
vertex -42.851009368896484 -33.73659896850586 -28.52678680419922
vertex -42.7570915222168 -34.07421875 -28.444011688232422
endloop
endfacet
facet normal 0.7659161287913332 0.24353707670736485 -0.5950312394539709
outer loop
vertex -42.851009368896484 -33.73659896850586 -28.52678680419922
vertex -42.83423614501953 -33.50078582763672 -28.408681869506836
vertex -42.66322326660156 -33.853172302246094 -28.332782745361328
endloop
endfacet
facet normal 0.7284909356317779 0.03491037757713468 -0.6841653471491805
outer loop
vertex -42.7570915222168 -34.07421875 -28.444011688232422
vertex -42.851009368896484 -33.73659896850586 -28.52678680419922
vertex -42.66322326660156 -33.853172302246094 -28.332782745361328
endloop
endfacet
facet normal -1.0 0.0 0.0
outer loop
vertex -25.84990692138672 -39.0 -26.0
vertex -25.84990692138672 -25.046863555908203 -25.97100067138672
vertex -25.84990692138672 -25.0 -26.0
endloop
endfacet
facet normal -0.6867336833600853 0.7269091058300826 0.0
outer loop
vertex -36.002017974853516 -28.58419418334961 -25.97100067138672
vertex -36.002017974853516 -28.58419418334961 -23.0
vertex -35.703399658203125 -28.302080154418945 -25.97100067138672
endloop
endfacet
facet normal -0.5237209760822814 0.851889863310641 0.0
outer loop
vertex -36.35197830200195 -28.799341201782227 -25.97100067138672
vertex -36.35197830200195 -28.799341201782227 -23.0
vertex -36.002017974853516 -28.58419418334961 -23.0
endloop
endfacet
facet normal 0.0 0.0 -1.0
outer loop
vertex -36.002017974853516 -28.58419418334961 -25.97100067138672
vertex -35.703399658203125 -28.302080154418945 -25.97100067138672
vertex -25.84990692138672 -25.046863555908203 -25.97100067138672
endloop
endfacet
facet normal -1.0 0.0 0.0
outer loop
vertex -25.84990692138672 -39.0 -26.0
vertex -25.84990692138672 -39.331459045410156 -25.97100067138672
vertex -25.84990692138672 -25.046863555908203 -25.97100067138672
endloop
endfacet
facet normal -0.5237209760822814 0.851889863310641 0.0
outer loop
vertex -36.35197830200195 -28.799341201782227 -25.97100067138672
vertex -36.002017974853516 -28.58419418334961 -23.0
vertex -36.002017974853516 -28.58419418334961 -25.97100067138672
endloop
endfacet
facet normal 0.0 0.0 -1.0
outer loop
vertex -25.84990692138672 -39.331459045410156 -25.97100067138672
vertex -36.002017974853516 -28.58419418334961 -25.97100067138672
vertex -25.84990692138672 -25.046863555908203 -25.97100067138672
endloop
endfacet
facet normal 0.0 0.0 -1.0
outer loop
vertex -40.308467864990234 -34.11853790283203 -25.97100067138672
vertex -36.35197830200195 -28.799341201782227 -25.97100067138672
vertex -36.002017974853516 -28.58419418334961 -25.97100067138672
endloop
endfacet
facet normal 0.0 0.0 -1.0
outer loop
vertex -25.818906784057617 -44.66879653930664 -25.97100067138672
vertex -36.002017974853516 -28.58419418334961 -25.97100067138672
vertex -25.84990692138672 -39.331459045410156 -25.97100067138672
endloop
endfacet
facet normal 0.711837778656758 -0.13196160376253735 -0.6898355688201585
outer loop
vertex -40.456642150878906 -34.91783142089844 -25.97100067138672
vertex -40.99374771118164 -34.830692291259766 -26.541906356811523
vertex -40.308467864990234 -34.11853790283203 -25.97100067138672
endloop
endfacet
facet normal 0.0 0.0 -0.9999999999999999
outer loop
vertex -25.818906784057617 -44.66879653930664 -25.97100067138672
vertex -40.308467864990234 -34.11853790283203 -25.97100067138672
vertex -36.002017974853516 -28.58419418334961 -25.97100067138672
endloop
endfacet
facet normal 0.0 0.0 -1.0
outer loop
vertex -25.818906784057617 -44.66879653930664 -25.97100067138672
vertex -40.456642150878906 -34.91783142089844 -25.97100067138672
vertex -40.308467864990234 -34.11853790283203 -25.97100067138672
endloop
endfacet
facet normal 0.0 0.0 -1.0
outer loop
vertex -25.818906784057617 -44.66879653930664 -25.97100067138672
vertex -40.68238830566406 -35.73088073730469 -25.97100067138672
vertex -40.456642150878906 -34.91783142089844 -25.97100067138672
endloop
endfacet
facet normal 0.0 0.0 -0.9999999999999999
outer loop
vertex -25.818906784057617 -44.66879653930664 -25.97100067138672
vertex -40.98577117919922 -36.56388854980469 -25.97100067138672
vertex -40.68238830566406 -35.73088073730469 -25.97100067138672
endloop
endfacet
facet normal 0.0002585391341031072 -0.05540830626952135 -0.9984637463392745
outer loop
vertex -51.81890869140625 -45.4096794128418 -25.93661880493164
vertex -25.818906784057617 -44.66879653930664 -25.97100067138672
vertex -37.253204345703125 -45.497310638427734 -25.9279842376709
endloop
endfacet
facet normal -1.0 0.0 -0.0
outer loop
vertex -51.81890869140625 -45.4096794128418 -25.93661880493164
vertex -51.81890869140625 -26.24700164794922 -23.0
vertex -51.81890869140625 -44.66879653930664 -25.97100067138672
endloop
endfacet
facet normal 0.0 0.0 -1.0
outer loop
vertex -51.81890869140625 -44.66879653930664 -25.97100067138672
vertex -40.98577117919922 -36.56388854980469 -25.97100067138672
vertex -25.818906784057617 -44.66879653930664 -25.97100067138672
endloop
endfacet
facet normal 0.0 -0.04635672577425113 -0.9989249491205487
outer loop
vertex -51.81890869140625 -45.4096794128418 -25.93661880493164
vertex -51.81890869140625 -44.66879653930664 -25.97100067138672
vertex -25.818906784057617 -44.66879653930664 -25.97100067138672
endloop
endfacet
facet normal 0.7097793026709315 -0.2344202609489741 -0.6642744032074255
outer loop
vertex -42.47726821899414 -36.57026672363281 -27.58182144165039
vertex -42.512123107910156 -36.31520080566406 -27.709075927734375
vertex -40.98749923706055 -36.29191970825195 -26.088226318359375
endloop
endfacet
facet normal 0.7067516838173488 -0.12134168742679206 -0.6969779424872503
outer loop
vertex -41.55361557006836 -34.236053466796875 -27.213150024414062
vertex -40.308467864990234 -34.11853790283203 -25.97100067138672
vertex -40.99374771118164 -34.830692291259766 -26.541906356811523
endloop
endfacet
facet normal 0.7113760824192592 -0.19496396915195316 -0.6752281985331653
outer loop
vertex -44.311912536621094 -36.48359680175781 -29.5479736328125
vertex -43.9793815612793 -36.576690673828125 -29.170761108398438
vertex -44.207550048828125 -36.537010192871094 -29.4226016998291
endloop
endfacet
facet normal 0.7076835455097553 -0.24651307489528598 -0.6621293705314795
outer loop
vertex -42.512123107910156 -36.31520080566406 -27.709075927734375
vertex -40.68238830566406 -35.73088073730469 -25.97100067138672
vertex -40.98749923706055 -36.29191970825195 -26.088226318359375
endloop
endfacet
facet normal 0.7065921498785797 -0.2362285515681128 -0.6670259403906255
outer loop
vertex -43.9793815612793 -36.576690673828125 -29.170761108398438
vertex -42.512123107910156 -36.31520080566406 -27.709075927734375
vertex -42.47726821899414 -36.57026672363281 -27.58182144165039
endloop
endfacet
facet normal 0.7072425709004665 -0.12048506709442158 -0.6966285197387136
outer loop
vertex -43.920589447021484 -35.46585464477539 -29.403488159179688
vertex -41.55361557006836 -34.236053466796875 -27.213150024414062
vertex -40.99374771118164 -34.830692291259766 -26.541906356811523
endloop
endfacet
facet normal 0.7150987863858373 -0.18123252210303328 -0.6751210992419628
outer loop
vertex -44.526859283447266 -36.197898864746094 -29.85234260559082
vertex -43.9793815612793 -36.576690673828125 -29.170761108398438
vertex -44.311912536621094 -36.48359680175781 -29.5479736328125
endloop
endfacet
facet normal 0.7139171448780396 -0.19822174010769006 -0.6715880076340461
outer loop
vertex -40.99162673950195 -35.32628631591797 -26.419147491455078
vertex -40.456642150878906 -34.91783142089844 -25.97100067138672
vertex -40.68238830566406 -35.73088073730469 -25.97100067138672
endloop
endfacet
facet normal 0.7073436593094374 -0.15643367128597993 -0.6893427696891619
outer loop
vertex -44.55685806274414 -36.06494903564453 -29.91796875
vertex -40.99374771118164 -34.830692291259766 -26.541906356811523
vertex -40.456642150878906 -34.91783142089844 -25.97100067138672
endloop
endfacet
facet normal 0.707739641069689 -0.2071790091933373 -0.6754120657851879
outer loop
vertex -42.512123107910156 -36.31520080566406 -27.709075927734375
vertex -40.99162673950195 -35.32628631591797 -26.419147491455078
vertex -40.68238830566406 -35.73088073730469 -25.97100067138672
endloop
endfacet
facet normal 0.7095041967827398 -0.19370158570889728 -0.6775570016179733
outer loop
vertex -44.526859283447266 -36.197898864746094 -29.85234260559082
vertex -42.512123107910156 -36.31520080566406 -27.709075927734375
vertex -43.9793815612793 -36.576690673828125 -29.170761108398438
endloop
endfacet
facet normal 0.7076148163730793 -0.16060358299683364 -0.6881044693779226
outer loop
vertex -44.55685806274414 -36.06494903564453 -29.91796875
vertex -43.920589447021484 -35.46585464477539 -29.403488159179688
vertex -40.99374771118164 -34.830692291259766 -26.541906356811523
endloop
endfacet
facet normal 0.7212835513712124 -0.17210166487010706 -0.6709180691189269
outer loop
vertex -44.40285873413086 -36.40734100341797 -29.665307998657227
vertex -44.526859283447266 -36.197898864746094 -29.85234260559082
vertex -44.311912536621094 -36.48359680175781 -29.5479736328125
endloop
endfacet
facet normal 0.7078136657607558 -0.17666208768059113 -0.6839519875975627
outer loop
vertex -44.55685806274414 -36.06494903564453 -29.91796875
vertex -40.456642150878906 -34.91783142089844 -25.97100067138672
vertex -40.99162673950195 -35.32628631591797 -26.419147491455078
endloop
endfacet
facet normal 0.7074110687550879 -0.2055935428542325 -0.6762402494228137
outer loop
vertex -44.526859283447266 -36.197898864746094 -29.85234260559082
vertex -40.99162673950195 -35.32628631591797 -26.419147491455078
vertex -42.512123107910156 -36.31520080566406 -27.709075927734375
endloop
endfacet
facet normal 0.7108832101614773 -0.16863555950327952 -0.6827936068692566
outer loop
vertex -44.55685806274414 -36.06494903564453 -29.91796875
vertex -44.56112289428711 -35.91912078857422 -29.958425521850586
vertex -43.920589447021484 -35.46585464477539 -29.403488159179688
endloop
endfacet
facet normal 0.7243976376755619 -0.16815241480188653 -0.6685602649921394
outer loop
vertex -44.40285873413086 -36.40734100341797 -29.665307998657227
vertex -44.47484588623047 -36.31182098388672 -29.767332077026367
vertex -44.526859283447266 -36.197898864746094 -29.85234260559082
endloop
endfacet
facet normal 0.0015730802205902732 -0.6867971774323147 -0.726847413484856
outer loop
vertex -48.2065544128418 -36.407936096191406 -29.684589385986328
vertex -48.207130432128906 -36.27305221557617 -29.812042236328125
vertex -44.47484588623047 -36.31182098388672 -29.767332077026367
endloop
endfacet
facet normal 0.7077876279126447 -0.177775345953512 -0.6836904271268543
outer loop
vertex -44.526859283447266 -36.197898864746094 -29.85234260559082
vertex -44.55685806274414 -36.06494903564453 -29.91796875
vertex -40.99162673950195 -35.32628631591797 -26.419147491455078
endloop
endfacet
facet normal -4.4812832429365704e-05 -0.2673317510293235 -0.9636045521288314
outer loop
vertex -48.287620544433594 -35.923824310302734 -29.956947326660156
vertex -44.56112289428711 -35.91912078857422 -29.958425521850586
vertex -44.55685806274414 -36.06494903564453 -29.91796875
endloop
endfacet
facet normal -0.01221104246868861 -0.6867779189884211 -0.7267647352697857
outer loop
vertex -48.2065544128418 -36.407936096191406 -29.684589385986328
vertex -48.30045700073242 -36.29916000366211 -29.785802841186523
vertex -48.207130432128906 -36.27305221557617 -29.812042236328125
endloop
endfacet
facet normal 0.003407875672618039 -0.5970540429817678 -0.8021937771776378
outer loop
vertex -48.207130432128906 -36.27305221557617 -29.812042236328125
vertex -44.526859283447266 -36.197898864746094 -29.85234260559082
vertex -44.47484588623047 -36.31182098388672 -29.767332077026367
endloop
endfacet
facet normal 0.002561266357898375 -0.44216177154789854 -0.896931662779427
outer loop
vertex -48.20781707763672 -36.112430572509766 -29.904987335205078
vertex -44.55685806274414 -36.06494903564453 -29.91796875
vertex -44.526859283447266 -36.197898864746094 -29.85234260559082
endloop
endfacet
facet normal 2.6127502561231592e-05 -0.2655894171960255 -0.9640862309932806
outer loop
vertex -48.20781707763672 -36.112430572509766 -29.904987335205078
vertex -48.287620544433594 -35.923824310302734 -29.956947326660156
vertex -44.55685806274414 -36.06494903564453 -29.91796875
endloop
endfacet
facet normal -0.07467831971636794 -0.5613838787630177 -0.8241791608802842
outer loop
vertex -48.29830551147461 -36.180694580078125 -29.866689682006836
vertex -48.207130432128906 -36.27305221557617 -29.812042236328125
vertex -48.30045700073242 -36.29916000366211 -29.785802841186523
endloop
endfacet
facet normal 0.0007496415207555468 -0.5008465375068124 -0.865535778523931
outer loop
vertex -48.20781707763672 -36.112430572509766 -29.904987335205078
vertex -44.526859283447266 -36.197898864746094 -29.85234260559082
vertex -48.207130432128906 -36.27305221557617 -29.812042236328125
endloop
endfacet
facet normal 0.043686506974370556 -0.2481231506169009 -0.9677429365468502
outer loop
vertex -48.20781707763672 -36.112430572509766 -29.904987335205078
vertex -48.29372024536133 -36.04967498779297 -29.924955368041992
vertex -48.287620544433594 -35.923824310302734 -29.956947326660156
endloop
endfacet
facet normal 0.01147801436723826 -0.5007793262960624 -0.8654988859268666
outer loop
vertex -48.20781707763672 -36.112430572509766 -29.904987335205078
vertex -48.207130432128906 -36.27305221557617 -29.812042236328125
vertex -48.29830551147461 -36.180694580078125 -29.866689682006836
endloop
endfacet
facet normal -0.08216690613004989 -0.4025646627838505 -0.9116963813763552
outer loop
vertex -48.20781707763672 -36.112430572509766 -29.904987335205078
vertex -48.29830551147461 -36.180694580078125 -29.866689682006836
vertex -48.29372024536133 -36.04967498779297 -29.924955368041992
endloop
endfacet
facet normal 0.0 0.0 -1.0
outer loop
vertex -48.86100769042969 -27.901355743408203 -25.97100067138672
vertex -51.81890869140625 -26.24700164794922 -25.97100067138672
vertex -49.013427734375 -27.674591064453125 -25.97100067138672
endloop
endfacet
facet normal 0.0 0.0 -1.0
outer loop
vertex -48.675498962402344 -28.11696434020996 -25.97100067138672
vertex -51.81890869140625 -26.24700164794922 -25.97100067138672
vertex -48.86100769042969 -27.901355743408203 -25.97100067138672
endloop
endfacet
facet normal 0.0 0.0 -1.0
outer loop
vertex -48.66315460205078 -32.76808166503906 -25.97100067138672
vertex -51.81890869140625 -26.24700164794922 -25.97100067138672
vertex -48.675498962402344 -28.11696434020996 -25.97100067138672
endloop
endfacet
facet normal 0.0 0.0 -1.0
outer loop
vertex -48.840232849121094 -32.980045318603516 -25.97100067138672
vertex -51.81890869140625 -26.24700164794922 -25.97100067138672
vertex -48.66315460205078 -32.76808166503906 -25.97100067138672
endloop
endfacet
facet normal 0.0 0.0 -0.9999999999999999
outer loop
vertex -48.996299743652344 -33.21979522705078 -25.97100067138672
vertex -51.81890869140625 -26.24700164794922 -25.97100067138672
vertex -48.840232849121094 -32.980045318603516 -25.97100067138672
endloop
endfacet
facet normal 0.0 0.0 -1.0
outer loop
vertex -49.11504364013672 -33.475120544433594 -25.97100067138672
vertex -51.81890869140625 -26.24700164794922 -25.97100067138672
vertex -48.996299743652344 -33.21979522705078 -25.97100067138672
endloop
endfacet
facet normal 0.0 0.0 -1.0
outer loop
vertex -49.19088363647461 -33.74592208862305 -25.97100067138672
vertex -51.81890869140625 -26.24700164794922 -25.97100067138672
vertex -49.11504364013672 -33.475120544433594 -25.97100067138672
endloop
endfacet
facet normal 0.0 0.0 -1.0
outer loop
vertex -49.21674728393555 -34.02645492553711 -25.97100067138672
vertex -51.81890869140625 -26.24700164794922 -25.97100067138672
vertex -49.19088363647461 -33.74592208862305 -25.97100067138672
endloop
endfacet
facet normal 0.0 0.0 -1.0
outer loop
vertex -51.81890869140625 -44.66879653930664 -25.97100067138672
vertex -49.21002197265625 -35.59904861450195 -25.97100067138672
vertex -49.174842834472656 -35.85771942138672 -25.97100067138672
endloop
endfacet
facet normal -1.0 0.0 0.0
outer loop
vertex -51.81890869140625 -44.66879653930664 -25.97100067138672
vertex -51.81890869140625 -26.24700164794922 -23.0
vertex -51.81890869140625 -26.24700164794922 -25.97100067138672
endloop
endfacet
facet normal 0.0 0.0 -1.0
outer loop
vertex -49.21002197265625 -35.59904861450195 -25.97100067138672
vertex -51.81890869140625 -26.24700164794922 -25.97100067138672
vertex -49.21674728393555 -34.02645492553711 -25.97100067138672
endloop
endfacet
facet normal 0.0 0.0 -1.0
outer loop
vertex -51.81890869140625 -44.66879653930664 -25.97100067138672
vertex -51.81890869140625 -26.24700164794922 -25.97100067138672
vertex -49.21002197265625 -35.59904861450195 -25.97100067138672
endloop
endfacet
facet normal 0.26850965461928256 0.9632769930690931 0.0
outer loop
vertex -37.95094680786133 -28.85821533203125 -25.97100067138672
vertex -37.55522537231445 -28.968521118164062 -23.0
vertex -37.55522537231445 -28.968521118164062 -25.97100067138672
endloop
endfacet
facet normal 0.00024820874014501557 0.0008904475677024255 -0.9999995727476839
outer loop
vertex -40.71006774902344 -32.248905181884766 -25.97470474243164
vertex -37.95094680786133 -28.85821533203125 -25.97100067138672
vertex -37.55522537231445 -28.968521118164062 -25.97100067138672
endloop
endfacet
facet normal 0.04194388084220408 -0.039211375879088774 -0.9983502285578763
outer loop
vertex -40.63861083984375 -32.26677703857422 -25.97100067138672
vertex -40.71006774902344 -32.248905181884766 -25.97470474243164
vertex -37.55522537231445 -28.968521118164062 -25.97100067138672
endloop
endfacet
facet normal 0.00010392298219899443 0.0010078577571340642 -0.999999486711246
outer loop
vertex -40.71006774902344 -32.248905181884766 -25.97470474243164
vertex -40.65858459472656 -28.579023361206055 -25.97100067138672
vertex -37.95094680786133 -28.85821533203125 -25.97100067138672
endloop
endfacet
facet normal 0.0 0.0 -1.0
outer loop
vertex -48.024513244628906 -32.20775604248047 -25.97100067138672
vertex -48.03827667236328 -28.688718795776367 -25.97100067138672
vertex -40.65858459472656 -28.579023361206055 -25.97100067138672
endloop
endfacet
facet normal 0.0870469784484902 0.14372899556742844 -0.9857813141747851
outer loop
vertex -40.72391891479492 -32.325443267822266 -25.98708724975586
vertex -40.71006774902344 -32.248905181884766 -25.97470474243164
vertex -40.63861083984375 -32.26677703857422 -25.97100067138672
endloop
endfacet
facet normal -0.0005006869183411282 0.0010163394331778096 -0.9999993581831772
outer loop
vertex -48.024513244628906 -32.20775604248047 -25.97100067138672
vertex -40.65858459472656 -28.579023361206055 -25.97100067138672
vertex -40.71006774902344 -32.248905181884766 -25.97470474243164
endloop
endfacet
facet normal -0.43429632842131255 -0.5082347908745214 -0.743696239377677
outer loop
vertex -48.468318939208984 -28.321239471435547 -25.97100067138672
vertex -48.350040435791016 -28.413904190063477 -25.97674560546875
vertex -48.03827667236328 -28.688718795776367 -25.97100067138672
endloop
endfacet
facet normal 0.0 0.0 -1.0
outer loop
vertex -48.250709533691406 -32.37751770019531 -25.97100067138672
vertex -48.03827667236328 -28.688718795776367 -25.97100067138672
vertex -48.024513244628906 -32.20775604248047 -25.97100067138672
endloop
endfacet
facet normal 0.0010697468117949983 0.15951701649658204 -0.9871945994026646
outer loop
vertex -44.396297454833984 -32.395294189453125 -26.00235366821289
vertex -40.71006774902344 -32.248905181884766 -25.97470474243164
vertex -40.72391891479492 -32.325443267822266 -25.98708724975586
endloop
endfacet
facet normal 0.0004797122216442226 0.17391498474148684 -0.9847605536162345
outer loop
vertex -48.024513244628906 -32.20775604248047 -25.97100067138672
vertex -40.71006774902344 -32.248905181884766 -25.97470474243164
vertex -44.396297454833984 -32.395294189453125 -26.00235366821289
endloop
endfacet
facet normal -0.11343535504301575 0.15114518027573282 -0.9819814431574974
outer loop
vertex -48.02364730834961 -32.410804748535156 -26.00235366821289
vertex -48.250709533691406 -32.37751770019531 -25.97100067138672
vertex -48.024513244628906 -32.20775604248047 -25.97100067138672
endloop
endfacet
facet normal 0.0 0.0 -1.0
outer loop
vertex -48.250709533691406 -32.37751770019531 -25.97100067138672
vertex -48.468318939208984 -28.321239471435547 -25.97100067138672
vertex -48.03827667236328 -28.688718795776367 -25.97100067138672
endloop
endfacet
facet normal -0.0008229607927689737 0.5948010098024503 -0.8038725530042179
outer loop
vertex -44.39549255371094 -32.58366012573242 -26.08439064025879
vertex -40.96593475341797 -32.6067008972168 -26.104949951171875
vertex -41.083248138427734 -32.67671585083008 -26.156635284423828
endloop
endfacet
facet normal -0.0018427220086409712 0.30502172790892434 -0.9523436091448576
outer loop
vertex -44.396297454833984 -32.395294189453125 -26.00235366821289
vertex -40.72391891479492 -32.325443267822266 -25.98708724975586
vertex -40.87632369995117 -32.457305908203125 -26.02902603149414
endloop
endfacet
facet normal -0.002289748235549785 0.45414875174001945 -0.890922930643274
outer loop
vertex -44.39549255371094 -32.58366012573242 -26.08439064025879
vertex -40.87632369995117 -32.457305908203125 -26.02902603149414
vertex -40.96593475341797 -32.6067008972168 -26.104949951171875
endloop
endfacet
facet normal -0.0006525178058154536 0.1525999388431493 -0.9882878289676446
outer loop
vertex -48.02364730834961 -32.410804748535156 -26.00235366821289
vertex -48.024513244628906 -32.20775604248047 -25.97100067138672
vertex -44.396297454833984 -32.395294189453125 -26.00235366821289
endloop
endfacet
facet normal -0.06795326589903358 0.3981257429819079 -0.9148104975505906
outer loop
vertex -48.0228385925293 -32.59917068481445 -26.08439064025879
vertex -48.250709533691406 -32.37751770019531 -25.97100067138672
vertex -48.02364730834961 -32.410804748535156 -26.00235366821289
endloop
endfacet
facet normal -0.35275199706520305 -0.35776830246049435 -0.8646200728187192
outer loop
vertex -48.468318939208984 -28.321239471435547 -25.97100067138672
vertex -48.675498962402344 -28.11696434020996 -25.97100067138672
vertex -48.350589752197266 -28.285499572753906 -26.03382110595703
endloop
endfacet
facet normal 0.0 0.0 -1.0
outer loop
vertex -48.45851135253906 -32.5623893737793 -25.97100067138672
vertex -48.468318939208984 -28.321239471435547 -25.97100067138672
vertex -48.250709533691406 -32.37751770019531 -25.97100067138672
endloop
endfacet
facet normal 0.012366174864355553 0.8495665408726456 -0.5273364868363574
outer loop
vertex -44.39549255371094 -32.58366012573242 -26.08439064025879
vertex -41.083248138427734 -32.67671585083008 -26.156635284423828
vertex -41.2220458984375 -32.677703857421875 -26.161481857299805
endloop
endfacet
facet normal -0.2075574351514215 0.2679111972692184 -0.9408206532018402
outer loop
vertex -48.0228385925293 -32.59917068481445 -26.08439064025879
vertex -48.333927154541016 -32.48225021362305 -25.982465744018555
vertex -48.250709533691406 -32.37751770019531 -25.97100067138672
endloop
endfacet
facet normal 8.724281113659386e-05 0.39929426570157 -0.9168228191785672
outer loop
vertex -44.39549255371094 -32.58366012573242 -26.08439064025879
vertex -44.396297454833984 -32.395294189453125 -26.00235366821289
vertex -40.87632369995117 -32.457305908203125 -26.02902603149414
endloop
endfacet
facet normal -0.001707353334236827 0.3992872103506611 -0.916824306285004
outer loop
vertex -48.0228385925293 -32.59917068481445 -26.08439064025879
vertex -48.02364730834961 -32.410804748535156 -26.00235366821289
vertex -44.396297454833984 -32.395294189453125 -26.00235366821289
endloop
endfacet
facet normal -0.2972050324706084 0.3340681950932448 -0.8944649851734199
outer loop
vertex -48.45851135253906 -32.5623893737793 -25.97100067138672
vertex -48.250709533691406 -32.37751770019531 -25.97100067138672
vertex -48.333927154541016 -32.48225021362305 -25.982465744018555
endloop
endfacet
facet normal 0.0 0.0 -0.9999999999999999
outer loop
vertex -48.45851135253906 -32.5623893737793 -25.97100067138672
vertex -48.675498962402344 -28.11696434020996 -25.97100067138672
vertex -48.468318939208984 -28.321239471435547 -25.97100067138672
endloop
endfacet
facet normal -0.0007042625534658068 0.619637461212587 -0.7848878395517894
outer loop
vertex -44.39480209350586 -32.74491882324219 -26.211698532104492
vertex -44.39549255371094 -32.58366012573242 -26.08439064025879
vertex -41.2220458984375 -32.677703857421875 -26.161481857299805
endloop
endfacet
facet normal -0.13612197162678327 0.42000169596725634 -0.8972565877301015
outer loop
vertex -48.3333854675293 -32.608158111572266 -26.041484832763672
vertex -48.333927154541016 -32.48225021362305 -25.982465744018555
vertex -48.0228385925293 -32.59917068481445 -26.08439064025879
endloop
endfacet
facet normal -0.0017073552540166168 0.3992872394063204 -0.9168242936273647
outer loop
vertex -48.0228385925293 -32.59917068481445 -26.08439064025879
vertex -44.396297454833984 -32.395294189453125 -26.00235366821289
vertex -44.39549255371094 -32.58366012573242 -26.08439064025879
endloop
endfacet
facet normal -0.33503921912925066 0.3987199053859779 -0.8536809466623106
outer loop
vertex -48.45851135253906 -32.5623893737793 -25.97100067138672
vertex -48.333927154541016 -32.48225021362305 -25.982465744018555
vertex -48.3333854675293 -32.608158111572266 -26.041484832763672
endloop
endfacet
facet normal 0.0 0.0 -0.9999999999999999
outer loop
vertex -48.66315460205078 -32.76808166503906 -25.97100067138672
vertex -48.675498962402344 -28.11696434020996 -25.97100067138672
vertex -48.45851135253906 -32.5623893737793 -25.97100067138672
endloop
endfacet
facet normal -0.002649541097938948 0.6196303087892204 -0.7848893300088527
outer loop
vertex -48.022151947021484 -32.76042938232422 -26.211698532104492
vertex -44.39549255371094 -32.58366012573242 -26.08439064025879
vertex -44.39480209350586 -32.74491882324219 -26.211698532104492
endloop
endfacet
facet normal -0.12909590710643737 0.5627142417722654 -0.8165089888513355
outer loop
vertex -48.3328971862793 -32.72262191772461 -26.120447158813477
vertex -48.3333854675293 -32.608158111572266 -26.041484832763672
vertex -48.0228385925293 -32.59917068481445 -26.08439064025879
endloop
endfacet
facet normal -0.0026495440493801586 0.6196303473888222 -0.7848892995264606
outer loop
vertex -48.022151947021484 -32.76042938232422 -26.211698532104492
vertex -48.0228385925293 -32.59917068481445 -26.08439064025879
vertex -44.39549255371094 -32.58366012573242 -26.08439064025879
endloop
endfacet
facet normal -0.24848753166351992 0.5493103904122874 -0.7978170476950663
outer loop
vertex -48.45851135253906 -32.5623893737793 -25.97100067138672
vertex -48.3333854675293 -32.608158111572266 -26.041484832763672
vertex -48.3328971862793 -32.72262191772461 -26.120447158813477
endloop
endfacet
facet normal -0.524468418427491 0.5217936012863482 -0.6728033261873707
outer loop
vertex -48.621986389160156 -32.79985809326172 -26.02773666381836
vertex -48.66315460205078 -32.76808166503906 -25.97100067138672
vertex -48.45851135253906 -32.5623893737793 -25.97100067138672
endloop
endfacet
facet normal -0.003416916597782862 0.7990912419657035 -0.6012000596263056
outer loop
vertex -48.02162170410156 -32.883949279785156 -26.375879287719727
vertex -48.022151947021484 -32.76042938232422 -26.211698532104492
vertex -44.39480209350586 -32.74491882324219 -26.211698532104492
endloop
endfacet
facet normal -0.1534013458514644 0.6119029224843773 -0.7759141966390599
outer loop
vertex -48.022151947021484 -32.76042938232422 -26.211698532104492
vertex -48.3328971862793 -32.72262191772461 -26.120447158813477
vertex -48.0228385925293 -32.59917068481445 -26.08439064025879
endloop
endfacet
facet normal -0.3797824399613541 0.45401420637062745 -0.8060002473390748
outer loop
vertex -48.621986389160156 -32.79985809326172 -26.02773666381836
vertex -48.45851135253906 -32.5623893737793 -25.97100067138672
vertex -48.3328971862793 -32.72262191772461 -26.120447158813477
endloop
endfacet
facet normal -0.5659224825521717 0.47278181661246843 -0.6754325263285752
outer loop
vertex -48.840232849121094 -32.980045318603516 -25.97100067138672
vertex -48.66315460205078 -32.76808166503906 -25.97100067138672
vertex -48.621986389160156 -32.79985809326172 -26.02773666381836
endloop
endfacet
facet normal -0.1475144849351715 0.7901300203453471 -0.594923547763385
outer loop
vertex -48.02162170410156 -32.883949279785156 -26.375879287719727
vertex -48.33246994018555 -32.82250213623047 -26.217193603515625
vertex -48.022151947021484 -32.76042938232422 -26.211698532104492
endloop
endfacet
facet normal -0.15513246244104603 0.9145692055525467 -0.37349308876063725
outer loop
vertex -48.02128982543945 -32.961578369140625 -26.56610679626465
vertex -48.33184814453125 -32.968082427978516 -26.453041076660156
vertex -48.02162170410156 -32.883949279785156 -26.375879287719727
endloop
endfacet
facet normal -0.12539281237479738 0.6899805657393687 -0.7128839046483791
outer loop
vertex -48.33246994018555 -32.82250213623047 -26.217193603515625
vertex -48.3328971862793 -32.72262191772461 -26.120447158813477
vertex -48.022151947021484 -32.76042938232422 -26.211698532104492
endloop
endfacet
facet normal -0.3843084881629077 0.6414653718644795 -0.6639496687435766
outer loop
vertex -48.621498107910156 -32.913978576660156 -26.138275146484375
vertex -48.621986389160156 -32.79985809326172 -26.02773666381836
vertex -48.3328971862793 -32.72262191772461 -26.120447158813477
endloop
endfacet
facet normal -0.6051738219467212 0.5525398301876843 -0.5731181215827705
outer loop
vertex -48.621498107910156 -32.913978576660156 -26.138275146484375
vertex -48.840232849121094 -32.980045318603516 -25.97100067138672
vertex -48.621986389160156 -32.79985809326172 -26.02773666381836
endloop
endfacet
facet normal -0.1427988833446359 0.796144791805443 -0.588015262894249
outer loop
vertex -48.02162170410156 -32.883949279785156 -26.375879287719727
vertex -48.33211898803711 -32.90507507324219 -26.329078674316406
vertex -48.33246994018555 -32.82250213623047 -26.217193603515625
endloop
endfacet
facet normal -0.1279158108344646 0.8840197384655464 -0.4496072145126993
outer loop
vertex -48.33184814453125 -32.968082427978516 -26.453041076660156
vertex -48.33211898803711 -32.90507507324219 -26.329078674316406
vertex -48.02162170410156 -32.883949279785156 -26.375879287719727
endloop
endfacet
facet normal -0.1281839725501772 0.9460259144556058 -0.297663968863701
outer loop
vertex -48.331668853759766 -33.009796142578125 -26.585691452026367
vertex -48.33184814453125 -32.968082427978516 -26.453041076660156
vertex -48.02128982543945 -32.961578369140625 -26.56610679626465
endloop
endfacet
facet normal -0.384311268496436 0.6414690812896205 -0.6639444755821909
outer loop
vertex -48.621498107910156 -32.913978576660156 -26.138275146484375
vertex -48.3328971862793 -32.72262191772461 -26.120447158813477
vertex -48.33246994018555 -32.82250213623047 -26.217193603515625
endloop
endfacet
facet normal -0.6088655838244451 0.5366087398621067 -0.584237760794113
outer loop
vertex -48.621498107910156 -32.913978576660156 -26.138275146484375
vertex -48.86941146850586 -33.058589935302734 -26.012733459472656
vertex -48.840232849121094 -32.980045318603516 -25.97100067138672
endloop
endfacet
facet normal -0.7668750969455413 0.499202755274324 -0.4033598825010864
outer loop
vertex -48.86941146850586 -33.058589935302734 -26.012733459472656
vertex -48.996299743652344 -33.21979522705078 -25.97100067138672
vertex -48.840232849121094 -32.980045318603516 -25.97100067138672
endloop
endfacet
facet normal -0.38474355688661516 0.7420920024410677 -0.548882369317181
outer loop
vertex -48.621097564697266 -33.008323669433594 -26.266109466552734
vertex -48.33246994018555 -32.82250213623047 -26.217193603515625
vertex -48.33211898803711 -32.90507507324219 -26.329078674316406
endloop
endfacet
facet normal -0.38507825643252375 0.8223702407043262 -0.41883400485967703
outer loop
vertex -48.62078857421875 -33.0803108215332 -26.407745361328125
vertex -48.33211898803711 -32.90507507324219 -26.329078674316406
vertex -48.33184814453125 -32.968082427978516 -26.453041076660156
endloop
endfacet
facet normal -0.3853367968883607 0.8801285394499283 -0.27728921185209193
outer loop
vertex -48.620582580566406 -33.12797546386719 -26.559307098388672
vertex -48.33184814453125 -32.968082427978516 -26.453041076660156
vertex -48.331668853759766 -33.009796142578125 -26.585691452026367
endloop
endfacet
facet normal -0.3847412195743138 0.7420896430108118 -0.5488871976067172
outer loop
vertex -48.621097564697266 -33.008323669433594 -26.266109466552734
vertex -48.621498107910156 -32.913978576660156 -26.138275146484375
vertex -48.33246994018555 -32.82250213623047 -26.217193603515625
endloop
endfacet
facet normal -0.6101718808887621 0.6365397338077476 -0.47170694616110154
outer loop
vertex -48.868927001953125 -33.171661376953125 -26.165943145751953
vertex -48.86941146850586 -33.058589935302734 -26.012733459472656
vertex -48.621498107910156 -32.913978576660156 -26.138275146484375
endloop
endfacet
facet normal -0.7723674301140173 0.5098957666954074 -0.37875435311712397
outer loop
vertex -48.868927001953125 -33.171661376953125 -26.165943145751953
vertex -48.996299743652344 -33.21979522705078 -25.97100067138672
vertex -48.86941146850586 -33.058589935302734 -26.012733459472656
endloop
endfacet
facet normal -0.3850861728222931 0.8223754352449004 -0.4188165266639317
outer loop
vertex -48.62078857421875 -33.0803108215332 -26.407745361328125
vertex -48.621097564697266 -33.008323669433594 -26.266109466552734
vertex -48.33211898803711 -32.90507507324219 -26.329078674316406
endloop
endfacet
facet normal -0.38532583783312585 0.8801254298654416 -0.27731430976848515
outer loop
vertex -48.620582580566406 -33.12797546386719 -26.559307098388672
vertex -48.62078857421875 -33.0803108215332 -26.407745361328125
vertex -48.33184814453125 -32.968082427978516 -26.453041076660156
endloop
endfacet
facet normal -0.3854799152835525 0.9137725092237047 -0.12816019779947146
outer loop
vertex -48.62049102783203 -33.15000534057617 -26.71665382385254
vertex -48.620582580566406 -33.12797546386719 -26.559307098388672
vertex -48.331668853759766 -33.009796142578125 -26.585691452026367
endloop
endfacet
facet normal -0.6101761818837954 0.6365428192206383 -0.47169721894490235
outer loop
vertex -48.868927001953125 -33.171661376953125 -26.165943145751953
vertex -48.621498107910156 -32.913978576660156 -26.138275146484375
vertex -48.621097564697266 -33.008323669433594 -26.266109466552734
endloop
endfacet
facet normal -0.791310928883952 0.45924126963184847 -0.4036390344054262
outer loop
vertex -48.868927001953125 -33.171661376953125 -26.165943145751953
vertex -49.05872344970703 -33.38396072387695 -26.035402297973633
vertex -48.996299743652344 -33.21979522705078 -25.97100067138672
endloop
endfacet
facet normal -0.6104676515984077 0.705537644513548 -0.35992482343706095
outer loop
vertex -48.868560791015625 -33.257938385009766 -26.335691452026367
vertex -48.621097564697266 -33.008323669433594 -26.266109466552734
vertex -48.62078857421875 -33.0803108215332 -26.407745361328125
endloop
endfacet
facet normal -0.6106737781022189 0.7551686643506952 -0.23832294291811068
outer loop
vertex -48.86831283569336 -33.315059661865234 -26.517337799072266
vertex -48.62078857421875 -33.0803108215332 -26.407745361328125
vertex -48.620582580566406 -33.12797546386719 -26.559307098388672
endloop
endfacet
facet normal -0.6108128266894873 0.7840780676070087 -0.11013298619967327
outer loop
vertex -48.868202209472656 -33.341468811035156 -26.705913543701172
vertex -48.620582580566406 -33.12797546386719 -26.559307098388672
vertex -48.62049102783203 -33.15000534057617 -26.71665382385254
endloop
endfacet
facet normal -0.6104708983612266 0.7055387332668956 -0.3599171822991799
outer loop
vertex -48.868560791015625 -33.257938385009766 -26.335691452026367
vertex -48.868927001953125 -33.171661376953125 -26.165943145751953
vertex -48.621097564697266 -33.008323669433594 -26.266109466552734
endloop
endfacet
facet normal -0.8897987447225321 0.413817834902931 -0.1923876124038573
outer loop
vertex -49.05872344970703 -33.38396072387695 -26.035402297973633
vertex -49.11504364013672 -33.475120544433594 -25.97100067138672
vertex -48.996299743652344 -33.21979522705078 -25.97100067138672
endloop
endfacet
facet normal -0.7946633972746087 0.5404672271996246 -0.27641501651525174
outer loop
vertex -49.05827713012695 -33.48885726928711 -26.24178695678711
vertex -49.05872344970703 -33.38396072387695 -26.035402297973633
vertex -48.868927001953125 -33.171661376953125 -26.165943145751953
endloop
endfacet
facet normal -0.610680469097543 0.7551682814841953 -0.23830701060399395
outer loop
vertex -48.86831283569336 -33.315059661865234 -26.517337799072266
vertex -48.868560791015625 -33.257938385009766 -26.335691452026367
vertex -48.62078857421875 -33.0803108215332 -26.407745361328125
endloop
endfacet
facet normal -0.6107988887057862 0.7840843359314407 -0.11016565573139604
outer loop
vertex -48.868202209472656 -33.341468811035156 -26.705913543701172
vertex -48.86831283569336 -33.315059661865234 -26.517337799072266
vertex -48.620582580566406 -33.12797546386719 -26.559307098388672
endloop
endfacet
facet normal -0.7946635510563073 0.5404672177205364 -0.27641459294328524
outer loop
vertex -49.05827713012695 -33.48885726928711 -26.24178695678711
vertex -48.868927001953125 -33.171661376953125 -26.165943145751953
vertex -48.868560791015625 -33.257938385009766 -26.335691452026367
endloop
endfacet
facet normal -0.8909584890293208 0.4040187629656453 -0.20727230880727776
outer loop
vertex -49.05827713012695 -33.48885726928711 -26.24178695678711
vertex -49.11504364013672 -33.475120544433594 -25.97100067138672
vertex -49.05872344970703 -33.38396072387695 -26.035402297973633
endloop
endfacet
facet normal -0.7948207646168965 0.578584720877005 -0.18302915861001462
outer loop
vertex -48.86831283569336 -33.315059661865234 -26.517337799072266
vertex -49.057979583740234 -33.55830764770508 -26.46263885498047
vertex -48.868560791015625 -33.257938385009766 -26.335691452026367
endloop
endfacet
facet normal -0.7949146601722392 0.6007934247289392 -0.0846046325311211
outer loop
vertex -49.05784225463867 -33.59041213989258 -26.691917419433594
vertex -48.86831283569336 -33.315059661865234 -26.517337799072266
vertex -48.868202209472656 -33.341468811035156 -26.705913543701172
endloop
endfacet
facet normal -0.7948259343922666 0.5785820546335246 -0.1830151361868995
outer loop
vertex -49.057979583740234 -33.55830764770508 -26.46263885498047
vertex -49.05827713012695 -33.48885726928711 -26.24178695678711
vertex -48.868560791015625 -33.257938385009766 -26.335691452026367
endloop
endfacet
facet normal -0.9229457719531774 0.3226964418427967 -0.20985258744116564
outer loop
vertex -49.05827713012695 -33.48885726928711 -26.24178695678711
vertex -49.17700958251953 -33.75733184814453 -26.132434844970703
vertex -49.11504364013672 -33.475120544433594 -25.97100067138672
endloop
endfacet
facet normal -0.7949158928777701 0.6007922443448044 -0.08460143252611263
outer loop
vertex -49.05784225463867 -33.59041213989258 -26.691917419433594
vertex -49.057979583740234 -33.55830764770508 -26.46263885498047
vertex -48.86831283569336 -33.315059661865234 -26.517337799072266
endloop
endfacet
facet normal -0.7949392790936138 0.6064749095405756 0.01611603710209824
outer loop
vertex -49.05786895751953 -33.58429718017578 -26.923351287841797
vertex -49.05784225463867 -33.59041213989258 -26.691917419433594
vertex -48.868202209472656 -33.341468811035156 -26.705913543701172
endloop
endfacet
facet normal -0.9249730951817513 0.36217163331854946 -0.11513679346440431
outer loop
vertex -49.17665100097656 -33.84114074707031 -26.398942947387695
vertex -49.05827713012695 -33.48885726928711 -26.24178695678711
vertex -49.057979583740234 -33.55830764770508 -26.46263885498047
endloop
endfacet
facet normal -0.9579966564173953 0.2682941234026995 -0.1012949635503566
outer loop
vertex -49.17700958251953 -33.75733184814453 -26.132434844970703
vertex -49.19088363647461 -33.74592208862305 -25.97100067138672
vertex -49.11504364013672 -33.475120544433594 -25.97100067138672
endloop
endfacet
facet normal -0.9249730999341294 0.3621716268960005 -0.11513677548790054
outer loop
vertex -49.17665100097656 -33.84114074707031 -26.398942947387695
vertex -49.17700958251953 -33.75733184814453 -26.132434844970703
vertex -49.05827713012695 -33.48885726928711 -26.24178695678711
endloop
endfacet
facet normal -0.9250314939526717 0.3761436274851508 -0.053223178202737344
outer loop
vertex -49.17648696899414 -33.8798828125 -26.675617218017578
vertex -49.057979583740234 -33.55830764770508 -26.46263885498047
vertex -49.05784225463867 -33.59041213989258 -26.691917419433594
endloop
endfacet
facet normal -0.9250458432033275 0.3797201259443411 0.010139720166661757
outer loop
vertex -49.176517486572266 -33.87249755859375 -26.95489501953125
vertex -49.05784225463867 -33.59041213989258 -26.691917419433594
vertex -49.05786895751953 -33.58429718017578 -26.923351287841797
endloop
endfacet
facet normal -0.9250327955606193 0.376141074401001 -0.05321859905865518
outer loop
vertex -49.17648696899414 -33.8798828125 -26.675617218017578
vertex -49.17665100097656 -33.84114074707031 -26.398942947387695
vertex -49.057979583740234 -33.55830764770508 -26.46263885498047
endloop
endfacet
facet normal -0.9915832403821758 0.09141874313014893 -0.09168037302328148
outer loop
vertex -49.21674728393555 -34.02645492553711 -25.97100067138672
vertex -49.19088363647461 -33.74592208862305 -25.97100067138672
vertex -49.17700958251953 -33.75733184814453 -26.132434844970703
endloop
endfacet
facet normal -0.9918414569556819 0.12121839233348698 -0.03945409515012192
outer loop
vertex -49.21622848510742 -34.14759063720703 -26.34553337097168
vertex -49.17700958251953 -33.75733184814453 -26.132434844970703
vertex -49.17665100097656 -33.84114074707031 -26.398942947387695
endloop
endfacet
facet normal -0.9250466890309741 0.3797179941308745 0.010142388577530982
outer loop
vertex -49.176517486572266 -33.87249755859375 -26.95489501953125
vertex -49.17648696899414 -33.8798828125 -26.675617218017578
vertex -49.05784225463867 -33.59041213989258 -26.691917419433594
endloop
endfacet
facet normal -0.9250162638014023 0.3728019218355287 0.07323686761891712
outer loop
vertex -49.1767463684082 -33.819190979003906 -27.229135513305664
vertex -49.176517486572266 -33.87249755859375 -26.95489501953125
vertex -49.05786895751953 -33.58429718017578 -26.923351287841797
endloop
endfacet
facet normal -0.9919966011042042 0.12496250529489814 -0.018086339268321643
outer loop
vertex -49.17648696899414 -33.8798828125 -26.675617218017578
vertex -49.21622848510742 -34.14759063720703 -26.34553337097168
vertex -49.17665100097656 -33.84114074707031 -26.398942947387695
endloop
endfacet
facet normal -0.9916970376397893 0.12194712575382143 -0.040815242947312994
outer loop
vertex -49.21622848510742 -34.14759063720703 -26.34553337097168
vertex -49.21674728393555 -34.02645492553711 -25.97100067138672
vertex -49.17700958251953 -33.75733184814453 -26.132434844970703
endloop
endfacet
facet normal -0.992195768858916 0.12464335367368135 0.0034045034060881346
outer loop
vertex -49.176517486572266 -33.87249755859375 -26.95489501953125
vertex -49.216033935546875 -34.193023681640625 -26.73653793334961
vertex -49.17648696899414 -33.8798828125 -26.675617218017578
endloop
endfacet
facet normal -0.9922737446130435 0.1216306137482313 0.024470585420807572
outer loop
vertex -49.1767463684082 -33.819190979003906 -27.229135513305664
vertex -49.21617126464844 -34.16099548339844 -27.128868103027344
vertex -49.176517486572266 -33.87249755859375 -26.95489501953125
endloop
endfacet
facet normal -0.9916252117836141 0.12822829556069948 -0.01539297153575281
outer loop
vertex -49.216033935546875 -34.193023681640625 -26.73653793334961
vertex -49.21622848510742 -34.14759063720703 -26.34553337097168
vertex -49.17648696899414 -33.8798828125 -26.675617218017578
endloop
endfacet
facet normal -0.9999908555862699 -0.004276533619243349 -2.0108806716147633e-06
outer loop
vertex -49.21002197265625 -35.59904861450195 -25.97100067138672
vertex -49.21674728393555 -34.02645492553711 -25.97100067138672
vertex -49.21622848510742 -34.14759063720703 -26.34553337097168
endloop
endfacet
facet normal -0.9914374869968215 0.12522008515464736 0.037035653785103796
outer loop
vertex -49.216636657714844 -34.0527458190918 -27.507326126098633
vertex -49.21617126464844 -34.16099548339844 -27.128868103027344
vertex -49.1767463684082 -33.819190979003906 -27.229135513305664
endloop
endfacet
facet normal -0.9914947656028128 0.12968644819906353 0.010934117967865262
outer loop
vertex -49.21617126464844 -34.16099548339844 -27.128868103027344
vertex -49.216033935546875 -34.193023681640625 -26.73653793334961
vertex -49.176517486572266 -33.87249755859375 -26.95489501953125
endloop
endfacet
facet normal -0.999990857052357 -0.004276191205369283 -6.838711771476281e-07
outer loop
vertex -49.21002197265625 -35.59904861450195 -25.97100067138672
vertex -49.21622848510742 -34.14759063720703 -26.34553337097168
vertex -49.216033935546875 -34.193023681640625 -26.73653793334961
endloop
endfacet
facet normal -0.9999908309581499 -0.004282286325923888 4.842655829293457e-06
outer loop
vertex -49.21002197265625 -35.59904861450195 -28.970760345458984
vertex -49.21617126464844 -34.16099548339844 -27.128868103027344
vertex -49.216636657714844 -34.0527458190918 -27.507326126098633
endloop
endfacet
facet normal -0.9908783892138511 -0.13475911022622564 0.0
outer loop
vertex -49.21002197265625 -35.59904861450195 -28.970760345458984
vertex -49.174842834472656 -35.85771942138672 -25.97100067138672
vertex -49.21002197265625 -35.59904861450195 -25.97100067138672
endloop
endfacet
facet normal -0.9999908610104713 -0.004275265430696858 1.0164850724488417e-06
outer loop
vertex -49.21002197265625 -35.59904861450195 -25.97100067138672
vertex -49.216033935546875 -34.193023681640625 -26.73653793334961
vertex -49.21617126464844 -34.16099548339844 -27.128868103027344
endloop
endfacet
facet normal -0.9999908575116523 -0.0042760838520885455 0.0
outer loop
vertex -49.21002197265625 -35.59904861450195 -28.970760345458984
vertex -49.21002197265625 -35.59904861450195 -25.97100067138672
vertex -49.21617126464844 -34.16099548339844 -27.128868103027344
endloop
endfacet
facet normal -0.8667011881210164 -0.44574068976647263 -0.22392920308911876
outer loop
vertex -49.015411376953125 -36.15830612182617 -29.259450912475586
vertex -49.10227584838867 -36.02517318725586 -29.188255310058594
vertex -49.1093635559082 -35.99320602416992 -29.224454879760742
endloop
endfacet
facet normal -0.7332298264173439 -0.6435888253882315 -0.2194708306071404
outer loop
vertex -48.857421875 -36.34758377075195 -29.232229232788086
vertex -48.99024200439453 -36.21338653564453 -29.182018280029297
vertex -49.015411376953125 -36.15830612182617 -29.259450912475586
endloop
endfacet
facet normal -0.8548391214199715 -0.5116962261027499 -0.08612228911341395
outer loop
vertex -49.015411376953125 -36.15830612182617 -29.259450912475586
vertex -48.99024200439453 -36.21338653564453 -29.182018280029297
vertex -49.10227584838867 -36.02517318725586 -29.188255310058594
endloop
endfacet
facet normal 0.0 0.0 -1.0
outer loop
vertex -51.81890869140625 -44.66879653930664 -25.97100067138672
vertex -49.07391357421875 -36.09846878051758 -25.97100067138672
vertex -48.91410827636719 -36.304893493652344 -25.97100067138672
endloop
endfacet
facet normal -0.790737397915628 -0.6121555092765415 0.0
outer loop
vertex -49.07391357421875 -36.09846878051758 -29.07076072692871
vertex -48.91410827636719 -36.304893493652344 -25.97100067138672
vertex -49.07391357421875 -36.09846878051758 -25.97100067138672
endloop
endfacet
facet normal 0.0 0.0 -1.0
outer loop
vertex -51.81890869140625 -44.66879653930664 -25.97100067138672
vertex -48.91410827636719 -36.304893493652344 -25.97100067138672
vertex -48.70632553100586 -36.46292495727539 -25.97100067138672
endloop
endfacet
facet normal 0.0 0.0 -1.0
outer loop
vertex -51.81890869140625 -44.66879653930664 -25.97100067138672
vertex -48.70632553100586 -36.46292495727539 -25.97100067138672
vertex -48.464717864990234 -36.56179428100586 -25.97100067138672
endloop
endfacet
facet normal -0.790737397915628 -0.6121555092765415 0.0
outer loop
vertex -48.91410827636719 -36.304893493652344 -29.1121826171875
vertex -48.91410827636719 -36.304893493652344 -25.97100067138672
vertex -49.07391357421875 -36.09846878051758 -29.07076072692871
endloop
endfacet
facet normal -0.8368008106277248 -0.5432426913789115 -0.06820397053089469
outer loop
vertex -48.99024200439453 -36.21338653564453 -29.182018280029297
vertex -49.07391357421875 -36.09846878051758 -29.07076072692871
vertex -49.08604049682617 -36.07216262817383 -29.131502151489258
endloop
endfacet
facet normal -0.6053662975700167 -0.7959470119086886 0.0
outer loop
vertex -48.91410827636719 -36.304893493652344 -29.1121826171875
vertex -48.70632553100586 -36.46292495727539 -25.97100067138672
vertex -48.91410827636719 -36.304893493652344 -25.97100067138672
endloop
endfacet
facet normal -0.37873070957629307 -0.9255069149519292 0.0
outer loop
vertex -48.70632553100586 -36.46292495727539 -29.143966674804688
vertex -48.464717864990234 -36.56179428100586 -25.97100067138672
vertex -48.70632553100586 -36.46292495727539 -25.97100067138672
endloop
endfacet
facet normal -0.7852594383143893 -0.6173709309667086 0.047124814434324244
outer loop
vertex -48.99024200439453 -36.21338653564453 -29.182018280029297
vertex -48.91410827636719 -36.304893493652344 -29.1121826171875
vertex -49.07391357421875 -36.09846878051758 -29.07076072692871
endloop
endfacet
facet normal -0.572513726340873 -0.8154239723911754 -0.0855089375508996
outer loop
vertex -48.6932258605957 -36.45826721191406 -29.276090621948242
vertex -48.70632553100586 -36.46292495727539 -29.143966674804688
vertex -48.857421875 -36.34758377075195 -29.232229232788086
endloop
endfacet
facet normal -0.6053662975700167 -0.7959470119086886 0.0
outer loop
vertex -48.70632553100586 -36.46292495727539 -29.143966674804688
vertex -48.70632553100586 -36.46292495727539 -25.97100067138672
vertex -48.91410827636719 -36.304893493652344 -29.1121826171875
endloop
endfacet
facet normal -0.7257074463186071 -0.6806014248314987 -0.10064990250894357
outer loop
vertex -48.857421875 -36.34758377075195 -29.232229232788086
vertex -48.91410827636719 -36.304893493652344 -29.1121826171875
vertex -48.99024200439453 -36.21338653564453 -29.182018280029297
endloop
endfacet
facet normal -0.6056564957616414 -0.7957204707974717 -0.0030234906281792376
outer loop
vertex -48.70632553100586 -36.46292495727539 -29.143966674804688
vertex -48.91410827636719 -36.304893493652344 -29.1121826171875
vertex -48.857421875 -36.34758377075195 -29.232229232788086
endloop
endfacet
facet normal 0.0 0.0 -1.0
outer loop
vertex -51.81890869140625 -44.66879653930664 -25.97100067138672
vertex -48.20575714111328 -36.59476089477539 -25.97100067138672
vertex -40.98577117919922 -36.56388854980469 -25.97100067138672
endloop
endfacet
facet normal 0.0 0.0 -1.0
outer loop
vertex -51.81890869140625 -44.66879653930664 -25.97100067138672
vertex -48.464717864990234 -36.56179428100586 -25.97100067138672
vertex -48.20575714111328 -36.59476089477539 -25.97100067138672
endloop
endfacet
facet normal -0.12628434674255626 -0.9919940845427485 0.0
outer loop
vertex -48.464717864990234 -36.56179428100586 -29.1639461517334
vertex -48.20575714111328 -36.59476089477539 -25.97100067138672
vertex -48.464717864990234 -36.56179428100586 -25.97100067138672
endloop
endfacet
facet normal -0.9386660004009677 -0.2961115718885317 -0.17670335787684802
outer loop
vertex -49.1093635559082 -35.99320602416992 -29.224454879760742
vertex -49.166114807128906 -35.863670349121094 -29.140056610107422
vertex -49.11473083496094 -35.946353912353516 -29.274456024169922
endloop
endfacet
facet normal -0.3787307095762931 -0.9255069149519292 0.0
outer loop
vertex -48.464717864990234 -36.56179428100586 -29.1639461517334
vertex -48.464717864990234 -36.56179428100586 -25.97100067138672
vertex -48.70632553100586 -36.46292495727539 -29.143966674804688
endloop
endfacet
facet normal -0.8768997440501332 -0.39411848474743694 -0.27516805567724456
outer loop
vertex -49.02643585205078 -36.119144439697266 -29.308347702026367
vertex -49.1093635559082 -35.99320602416992 -29.224454879760742
vertex -49.11473083496094 -35.946353912353516 -29.274456024169922
endloop
endfacet
facet normal -0.3823434293049676 -0.9220027236627715 -0.0610285148577977
outer loop
vertex -48.50030517578125 -36.537410736083984 -29.309371948242188
vertex -48.464717864990234 -36.56179428100586 -29.1639461517334
vertex -48.70632553100586 -36.46292495727539 -29.143966674804688
endloop
endfacet
facet normal -0.8714327424875096 -0.4595327609776456 -0.1715651972544552
outer loop
vertex -49.02643585205078 -36.119144439697266 -29.308347702026367
vertex -49.015411376953125 -36.15830612182617 -29.259450912475586
vertex -49.1093635559082 -35.99320602416992 -29.224454879760742
endloop
endfacet
facet normal -0.38903817262609786 -0.9184852956598021 -0.07095112329253622
outer loop
vertex -48.50030517578125 -36.537410736083984 -29.309371948242188
vertex -48.70632553100586 -36.46292495727539 -29.143966674804688
vertex -48.6932258605957 -36.45826721191406 -29.276090621948242
endloop
endfacet
facet normal -0.7664580446684446 -0.574465302911806 -0.28728327746924603
outer loop
vertex -48.88967514038086 -36.28957748413086 -29.332412719726562
vertex -49.015411376953125 -36.15830612182617 -29.259450912475586
vertex -49.02643585205078 -36.119144439697266 -29.308347702026367
endloop
endfacet
facet normal -0.4054852815820808 -0.8684365781612139 -0.2853061445744589
outer loop
vertex -48.72618865966797 -36.40272521972656 -29.398305892944336
vertex -48.50030517578125 -36.537410736083984 -29.309371948242188
vertex -48.6932258605957 -36.45826721191406 -29.276090621948242
endloop
endfacet
facet normal -0.7515198744340292 -0.6463144464330648 -0.13227061148487254
outer loop
vertex -48.88967514038086 -36.28957748413086 -29.332412719726562
vertex -48.857421875 -36.34758377075195 -29.232229232788086
vertex -49.015411376953125 -36.15830612182617 -29.259450912475586
endloop
endfacet
facet normal -0.6087863587208624 -0.7711580565533456 -0.1862643853458312
outer loop
vertex -48.72618865966797 -36.40272521972656 -29.398305892944336
vertex -48.6932258605957 -36.45826721191406 -29.276090621948242
vertex -48.88967514038086 -36.28957748413086 -29.332412719726562
endloop
endfacet
facet normal -0.5864226206231261 -0.7684423531961732 -0.2561344565571624
outer loop
vertex -48.88967514038086 -36.28957748413086 -29.332412719726562
vertex -48.6932258605957 -36.45826721191406 -29.276090621948242
vertex -48.857421875 -36.34758377075195 -29.232229232788086
endloop
endfacet
facet normal -0.0036172118173746423 0.7024652958169685 -0.7117088055879645
outer loop
vertex -44.39480209350586 -32.74491882324219 -26.211698532104492
vertex -41.2220458984375 -32.677703857421875 -26.161481857299805
vertex -41.44211959838867 -32.76179122924805 -26.243358612060547
endloop
endfacet
facet normal -0.001962286064044451 0.7949594270556514 -0.60665942568195
outer loop
vertex -44.39480209350586 -32.74491882324219 -26.211698532104492
vertex -41.44211959838867 -32.76179122924805 -26.243358612060547
vertex -41.68002700805664 -32.83013916015625 -26.332151412963867
endloop
endfacet
facet normal -0.0015901038522631748 0.799097748821969 -0.6011990181274418
outer loop
vertex -44.3942756652832 -32.868438720703125 -26.375879287719727
vertex -44.39480209350586 -32.74491882324219 -26.211698532104492
vertex -41.68002700805664 -32.83013916015625 -26.332151412963867
endloop
endfacet
facet normal -0.005828887271550691 0.9031695471925492 -0.42924444445697985
outer loop
vertex -42.18211364746094 -32.92431640625 -26.52349090576172
vertex -44.3942756652832 -32.868438720703125 -26.375879287719727
vertex -41.68002700805664 -32.83013916015625 -26.332151412963867
endloop
endfacet
facet normal -0.003416920354205974 0.7990912800909631 -0.6012000089303717
outer loop
vertex -48.02162170410156 -32.883949279785156 -26.375879287719727
vertex -44.39480209350586 -32.74491882324219 -26.211698532104492
vertex -44.3942756652832 -32.868438720703125 -26.375879287719727
endloop
endfacet
facet normal -0.006259124965549247 0.9841120009562485 -0.17743842010273422
outer loop
vertex -44.393943786621094 -32.946067810058594 -26.56610679626465
vertex -42.18211364746094 -32.92431640625 -26.52349090576172
vertex -42.699119567871094 -32.964290618896484 -26.726959228515625
endloop
endfacet
facet normal -0.007035243957072362 0.9965298574989074 0.08293822071681793
outer loop
vertex -43.210906982421875 -32.95055389404297 -26.935422897338867
vertex -44.393829345703125 -32.972686767578125 -26.76983070373535
vertex -42.699119567871094 -32.964290618896484 -26.726959228515625
endloop
endfacet
facet normal -0.0018252303227823178 0.9258701742602318 -0.3778373842668257
outer loop
vertex -44.393943786621094 -32.946067810058594 -26.56610679626465
vertex -44.3942756652832 -32.868438720703125 -26.375879287719727
vertex -42.18211364746094 -32.92431640625 -26.52349090576172
endloop
endfacet
facet normal -0.003958997863632191 0.9258631582773297 -0.3778382438036737
outer loop
vertex -48.02128982543945 -32.961578369140625 -26.56610679626465
vertex -48.02162170410156 -32.883949279785156 -26.375879287719727
vertex -44.3942756652832 -32.868438720703125 -26.375879287719727
endloop
endfacet
facet normal -0.0016350189546917274 0.9915700572241296 -0.12956136897066972
outer loop
vertex -44.393829345703125 -32.972686767578125 -26.76983070373535
vertex -44.393943786621094 -32.946067810058594 -26.56610679626465
vertex -42.699119567871094 -32.964290618896484 -26.726959228515625
endloop
endfacet
facet normal -0.0007439600010571625 0.9918694153212079 0.12725764996212366
outer loop
vertex -44.39393997192383 -32.94654083251953 -26.973617553710938
vertex -44.393829345703125 -32.972686767578125 -26.76983070373535
vertex -43.210906982421875 -32.95055389404297 -26.935422897338867
endloop
endfacet
facet normal -0.007969367693538634 0.9384074831602075 0.34543868446873477
outer loop
vertex -43.699588775634766 -32.879364013671875 -27.14008903503418
vertex -44.39393997192383 -32.94654083251953 -26.973617553710938
vertex -43.210906982421875 -32.95055389404297 -26.935422897338867
endloop
endfacet
facet normal -0.003958997863632191 0.9258631582773297 -0.3778382438036737
outer loop
vertex -48.02128982543945 -32.961578369140625 -26.56610679626465
vertex -44.3942756652832 -32.868438720703125 -26.375879287719727
vertex -44.393943786621094 -32.946067810058594 -26.56610679626465
endloop
endfacet
facet normal -0.004239927812615424 0.991562281838279 -0.12956181631873212
outer loop
vertex -48.021175384521484 -32.988197326660156 -26.76983070373535
vertex -44.393943786621094 -32.946067810058594 -26.56610679626465
vertex -44.393829345703125 -32.972686767578125 -26.76983070373535
endloop
endfacet
facet normal -0.004241198661080281 0.9918605293746448 0.12725840837668329
outer loop
vertex -48.02128982543945 -32.96205139160156 -26.973617553710938
vertex -44.393829345703125 -32.972686767578125 -26.76983070373535
vertex -44.39393997192383 -32.94654083251953 -26.973617553710938
endloop
endfacet
facet normal -0.00319480742019948 0.9318912143240184 0.36272380383875286
outer loop
vertex -48.0216178894043 -32.884864807128906 -27.164024353027344
vertex -44.39393997192383 -32.94654083251953 -26.973617553710938
vertex -43.699588775634766 -32.879364013671875 -27.14008903503418
endloop
endfacet
facet normal -0.004239927812615424 0.991562281838279 -0.12956181631873212
outer loop
vertex -48.021175384521484 -32.988197326660156 -26.76983070373535
vertex -48.02128982543945 -32.961578369140625 -26.56610679626465
vertex -44.393943786621094 -32.946067810058594 -26.56610679626465
endloop
endfacet
facet normal -0.004241203078404128 0.9918605193345957 0.12725848648225285
outer loop
vertex -48.02128982543945 -32.96205139160156 -26.973617553710938
vertex -48.021175384521484 -32.988197326660156 -26.76983070373535
vertex -44.393829345703125 -32.972686767578125 -26.76983070373535
endloop
endfacet
facet normal -0.00396273751797953 0.9267386997040136 0.37568561215766233
outer loop
vertex -48.0216178894043 -32.884864807128906 -27.164024353027344
vertex -48.02128982543945 -32.96205139160156 -26.973617553710938
vertex -44.39393997192383 -32.94654083251953 -26.973617553710938
endloop
endfacet
facet normal -0.14433272759040075 0.9811785475566044 -0.12828375408066092
outer loop
vertex -48.021175384521484 -32.988197326660156 -26.76983070373535
vertex -48.331668853759766 -33.009796142578125 -26.585691452026367
vertex -48.02128982543945 -32.961578369140625 -26.56610679626465
endloop
endfacet
facet normal -0.15496946770055275 0.9798762317830594 0.12580554227552773
outer loop
vertex -48.02128982543945 -32.96205139160156 -26.973617553710938
vertex -48.33160400390625 -33.02540588378906 -26.862411499023438
vertex -48.021175384521484 -32.988197326660156 -26.76983070373535
endloop
endfacet
facet normal -0.13917191485755456 0.9176459480636939 0.37223257799011367
outer loop
vertex -48.0216178894043 -32.884864807128906 -27.164024353027344
vertex -48.33171844482422 -32.998870849609375 -26.998912811279297
vertex -48.02128982543945 -32.96205139160156 -26.973617553710938
endloop
endfacet
facet normal -0.14948288574022317 0.9791991672546901 -0.13720006457176503
outer loop
vertex -48.021175384521484 -32.988197326660156 -26.76983070373535
vertex -48.33158874511719 -33.02907943725586 -26.723403930664062
vertex -48.331668853759766 -33.009796142578125 -26.585691452026367
endloop
endfacet
facet normal -0.12667416834293432 0.9915978147728255 0.026218863674522575
outer loop
vertex -48.33160400390625 -33.02540588378906 -26.862411499023438
vertex -48.33158874511719 -33.02907943725586 -26.723403930664062
vertex -48.021175384521484 -32.988197326660156 -26.76983070373535
endloop
endfacet
facet normal -0.1308495552449805 0.9731643369196982 0.18928699701732024
outer loop
vertex -48.33171844482422 -32.998870849609375 -26.998912811279297
vertex -48.33160400390625 -33.02540588378906 -26.862411499023438
vertex -48.02128982543945 -32.96205139160156 -26.973617553710938
endloop
endfacet
facet normal -0.15597639027850277 0.9252163801585715 0.34589885163434375
outer loop
vertex -48.0216178894043 -32.884864807128906 -27.164024353027344
vertex -48.33192443847656 -32.9502067565918 -27.129173278808594
vertex -48.33171844482422 -32.998870849609375 -26.998912811279297
endloop
endfacet
facet normal -0.12525502429627877 0.8593134437447479 0.4958745650747582
outer loop
vertex -48.33222198486328 -32.8807373046875 -27.2496337890625
vertex -48.33192443847656 -32.9502067565918 -27.129173278808594
vertex -48.0216178894043 -32.884864807128906 -27.164024353027344
endloop
endfacet
facet normal -0.3854730668547314 0.9137731791946743 -0.12817601848265336
outer loop
vertex -48.62049102783203 -33.15000534057617 -26.71665382385254
vertex -48.331668853759766 -33.009796142578125 -26.585691452026367
vertex -48.33158874511719 -33.02907943725586 -26.723403930664062
endloop
endfacet
facet normal -0.38551577217017735 0.9223780951165034 0.024418006824530006
outer loop
vertex -48.620506286621094 -33.145809173583984 -26.875476837158203
vertex -48.33158874511719 -33.02907943725586 -26.723403930664062
vertex -48.33160400390625 -33.02540588378906 -26.862411499023438
endloop
endfacet
facet normal -0.3854421875846447 0.9057158966848955 0.17638887301142087
outer loop
vertex -48.620635986328125 -33.1154899597168 -27.03143882751465
vertex -48.33160400390625 -33.02540588378906 -26.862411499023438
vertex -48.33171844482422 -32.998870849609375 -26.998912811279297
endloop
endfacet
facet normal -0.38525751482742526 0.8642530763939062 0.32348611595038346
outer loop
vertex -48.62087631225586 -33.05988693237305 -27.18027114868164
vertex -48.33171844482422 -32.998870849609375 -26.998912811279297
vertex -48.33192443847656 -32.9502067565918 -27.129173278808594
endloop
endfacet
facet normal -0.38499183172933465 0.7990856656989488 0.4617828368141885
outer loop
vertex -48.6212158203125 -32.98051834106445 -27.31790542602539
vertex -48.33192443847656 -32.9502067565918 -27.129173278808594
vertex -48.33222198486328 -32.8807373046875 -27.2496337890625
endloop
endfacet
facet normal -0.38551078209964257 0.9223804801116241 0.0244066956790927
outer loop
vertex -48.620506286621094 -33.145809173583984 -26.875476837158203
vertex -48.62049102783203 -33.15000534057617 -26.71665382385254
vertex -48.33158874511719 -33.02907943725586 -26.723403930664062
endloop
endfacet
facet normal -0.3854439140961358 0.9057144352854005 0.17639260415873087
outer loop
vertex -48.620635986328125 -33.1154899597168 -27.03143882751465
vertex -48.620506286621094 -33.145809173583984 -26.875476837158203
vertex -48.33160400390625 -33.02540588378906 -26.862411499023438
endloop
endfacet
facet normal -0.3852643594046478 0.8642449123505195 0.3234997756548978
outer loop
vertex -48.620635986328125 -33.1154899597168 -27.03143882751465
vertex -48.33171844482422 -32.998870849609375 -26.998912811279297
vertex -48.62087631225586 -33.05988693237305 -27.18027114868164
endloop
endfacet
facet normal -0.38498045757155663 0.7991028116965876 0.4617626485832336
outer loop
vertex -48.6212158203125 -32.98051834106445 -27.31790542602539
vertex -48.62087631225586 -33.05988693237305 -27.18027114868164
vertex -48.33192443847656 -32.9502067565918 -27.129173278808594
endloop
endfacet
facet normal -0.3846192313692413 0.7120454108980583 0.5874175513890859
outer loop
vertex -48.621646881103516 -32.87955093383789 -27.440576553344727
vertex -48.6212158203125 -32.98051834106445 -27.31790542602539
vertex -48.33222198486328 -32.8807373046875 -27.2496337890625
endloop
endfacet
facet normal -0.6108245504171804 0.7914882328767707 0.020970117435446963
outer loop
vertex -48.86822509765625 -33.33643341064453 -26.896263122558594
vertex -48.62049102783203 -33.15000534057617 -26.71665382385254
vertex -48.620506286621094 -33.145809173583984 -26.875476837158203
endloop
endfacet
facet normal -0.6108426220657477 0.7914732113400152 0.021010635377486816
outer loop
vertex -48.86822509765625 -33.33643341064453 -26.896263122558594
vertex -48.868202209472656 -33.341468811035156 -26.705913543701172
vertex -48.62049102783203 -33.15000534057617 -26.71665382385254
endloop
endfacet
facet normal -0.6107795254723857 0.7771547481017803 0.15158782525844786
outer loop
vertex -48.868377685546875 -33.30010223388672 -27.083179473876953
vertex -48.620506286621094 -33.145809173583984 -26.875476837158203
vertex -48.620635986328125 -33.1154899597168 -27.03143882751465
endloop
endfacet
facet normal -0.610630798671388 0.7415118320682772 0.2780112059192758
outer loop
vertex -48.8686637878418 -33.233463287353516 -27.261554718017578
vertex -48.620635986328125 -33.1154899597168 -27.03143882751465
vertex -48.62087631225586 -33.05988693237305 -27.18027114868164
endloop
endfacet
facet normal -0.6103791436824916 0.685538481879046 0.3968303048160524
outer loop
vertex -48.86907196044922 -33.138336181640625 -27.42650604248047
vertex -48.62087631225586 -33.05988693237305 -27.18027114868164
vertex -48.6212158203125 -32.98051834106445 -27.31790542602539
endloop
endfacet
facet normal -0.6100602156647071 0.6107263478415431 0.504816661091194
outer loop
vertex -48.86958694458008 -33.01732635498047 -27.57352638244629
vertex -48.6212158203125 -32.98051834106445 -27.31790542602539
vertex -48.621646881103516 -32.87955093383789 -27.440576553344727
endloop
endfacet
facet normal -0.6107653939849428 0.7771715821227817 0.1515584555582108
outer loop
vertex -48.868377685546875 -33.30010223388672 -27.083179473876953
vertex -48.86822509765625 -33.33643341064453 -26.896263122558594
vertex -48.620506286621094 -33.145809173583984 -26.875476837158203
endloop
endfacet
facet normal -0.794948646982772 0.6064620305739697 0.01613859139941756
outer loop
vertex -49.05786895751953 -33.58429718017578 -26.923351287841797
vertex -48.868202209472656 -33.341468811035156 -26.705913543701172
vertex -48.86822509765625 -33.33643341064453 -26.896263122558594
endloop
endfacet
facet normal -0.6106260636988168 0.7415190277267302 0.2780024133904119
outer loop
vertex -48.8686637878418 -33.233463287353516 -27.261554718017578
vertex -48.868377685546875 -33.30010223388672 -27.083179473876953
vertex -48.620635986328125 -33.1154899597168 -27.03143882751465
endloop
endfacet
facet normal -0.6103901140747504 0.6855186565299499 0.396847678825498
outer loop
vertex -48.86907196044922 -33.138336181640625 -27.42650604248047
vertex -48.8686637878418 -33.233463287353516 -27.261554718017578
vertex -48.62087631225586 -33.05988693237305 -27.18027114868164
endloop
endfacet
facet normal -0.6100596239403523 0.6107275582200643 0.5048159118612584
outer loop
vertex -48.86958694458008 -33.01732635498047 -27.57352638244629
vertex -48.86907196044922 -33.138336181640625 -27.42650604248047
vertex -48.6212158203125 -32.98051834106445 -27.31790542602539
endloop
endfacet
facet normal -0.7951900373878706 0.4299430296111407 0.4275766547975588
outer loop
vertex -48.9837646484375 -31.492300033569336 -29.3193359375
vertex -49.05952835083008 -33.19631576538086 -27.74679183959961
vertex -48.86958694458008 -33.01732635498047 -27.57352638244629
endloop
endfacet
facet normal -0.7948936969125094 0.5954801764389093 0.11639317023369196
outer loop
vertex -49.05805587768555 -33.54011917114258 -27.150611877441406
vertex -48.86822509765625 -33.33643341064453 -26.896263122558594
vertex -48.868377685546875 -33.30010223388672 -27.083179473876953
endloop
endfacet
facet normal -0.794900986955426 0.5954673779323574 0.11640886029702804
outer loop
vertex -49.05805587768555 -33.54011917114258 -27.150611877441406
vertex -49.05786895751953 -33.58429718017578 -26.923351287841797
vertex -48.86822509765625 -33.33643341064453 -26.896263122558594
endloop
endfacet
facet normal -0.7947798450123454 0.5681005303195142 0.21351062131153808
outer loop
vertex -49.05840301513672 -33.45909881591797 -27.36748504638672
vertex -48.868377685546875 -33.30010223388672 -27.083179473876953
vertex -48.8686637878418 -33.233463287353516 -27.261554718017578
endloop
endfacet
facet normal -0.7945972044722323 0.5250915105182022 0.30478547902849007
outer loop
vertex -49.05889892578125 -33.343441009521484 -27.568038940429688
vertex -48.8686637878418 -33.233463287353516 -27.261554718017578
vertex -48.86907196044922 -33.138336181640625 -27.42650604248047
endloop
endfacet
facet normal -0.7943489643849643 0.4676527667502737 0.3876991262968605
outer loop
vertex -49.05952835083008 -33.19631576538086 -27.74679183959961
vertex -48.86907196044922 -33.138336181640625 -27.42650604248047
vertex -48.86958694458008 -33.01732635498047 -27.57352638244629
endloop
endfacet
facet normal -0.7947778699696076 0.5681046568572978 0.21350699347708757
outer loop
vertex -49.05840301513672 -33.45909881591797 -27.36748504638672
vertex -49.05805587768555 -33.54011917114258 -27.150611877441406
vertex -48.868377685546875 -33.30010223388672 -27.083179473876953
endloop
endfacet
facet normal -0.9250145198664019 0.37280717480640857 0.07323215447597937
outer loop
vertex -49.1767463684082 -33.819190979003906 -27.229135513305664
vertex -49.05786895751953 -33.58429718017578 -26.923351287841797
vertex -49.05805587768555 -33.54011917114258 -27.150611877441406
endloop
endfacet
facet normal -0.7945955614797041 0.5250953985074818 0.3047830640685643
outer loop
vertex -49.05889892578125 -33.343441009521484 -27.568038940429688
vertex -49.05840301513672 -33.45909881591797 -27.36748504638672
vertex -48.8686637878418 -33.233463287353516 -27.261554718017578
endloop
endfacet
facet normal -0.7943510186242309 0.46764746976144445 0.38770130672511977
outer loop
vertex -49.05952835083008 -33.19631576538086 -27.74679183959961
vertex -49.05889892578125 -33.343441009521484 -27.568038940429688
vertex -48.86907196044922 -33.138336181640625 -27.42650604248047
endloop
endfacet
facet normal -0.9249422934688891 0.3555835535837069 0.1343208478728984
outer loop
vertex -49.177162170410156 -33.72141647338867 -27.490842819213867
vertex -49.05805587768555 -33.54011917114258 -27.150611877441406
vertex -49.05840301513672 -33.45909881591797 -27.36748504638672
endloop
endfacet
facet normal -0.9249410220075853 0.35558790486481145 0.13431808411907017
outer loop
vertex -49.177162170410156 -33.72141647338867 -27.490842819213867
vertex -49.1767463684082 -33.819190979003906 -27.229135513305664
vertex -49.05805587768555 -33.54011917114258 -27.150611877441406
endloop
endfacet
facet normal -0.9248275518472225 0.3285242688926304 0.1917441109730247
outer loop
vertex -49.17776107788086 -33.581851959228516 -27.732858657836914
vertex -49.05840301513672 -33.45909881591797 -27.36748504638672
vertex -49.05889892578125 -33.343441009521484 -27.568038940429688
endloop
endfacet
facet normal -0.924673411784987 0.29238406355029534 0.24390703335436767
outer loop
vertex -49.17852020263672 -33.40431213378906 -27.948564529418945
vertex -49.05889892578125 -33.343441009521484 -27.568038940429688
vertex -49.05952835083008 -33.19631576538086 -27.74679183959961
endloop
endfacet
facet normal -0.9248265613260788 0.3285279723351111 0.19174254316442427
outer loop
vertex -49.17776107788086 -33.581851959228516 -27.732858657836914
vertex -49.177162170410156 -33.72141647338867 -27.490842819213867
vertex -49.05840301513672 -33.45909881591797 -27.36748504638672
endloop
endfacet
facet normal -0.9922357824193101 0.11598061412220106 0.04490711786094075
outer loop
vertex -49.216636657714844 -34.0527458190918 -27.507326126098633
vertex -49.1767463684082 -33.819190979003906 -27.229135513305664
vertex -49.177162170410156 -33.72141647338867 -27.490842819213867
endloop
endfacet
facet normal -0.9246729464878555 0.2923859024708458 0.24390659291986552
outer loop
vertex -49.17852020263672 -33.40431213378906 -27.948564529418945
vertex -49.17776107788086 -33.581851959228516 -27.732858657836914
vertex -49.05889892578125 -33.343441009521484 -27.568038940429688
endloop
endfacet
facet normal -0.992084092392183 0.10770512194790474 0.06456593783540526
outer loop
vertex -49.2174072265625 -33.872467041015625 -27.85725212097168
vertex -49.177162170410156 -33.72141647338867 -27.490842819213867
vertex -49.17776107788086 -33.581851959228516 -27.732858657836914
endloop
endfacet
facet normal -0.9914547754284609 0.11506391716082037 0.06146318611744949
outer loop
vertex -49.2174072265625 -33.872467041015625 -27.85725212097168
vertex -49.216636657714844 -34.0527458190918 -27.507326126098633
vertex -49.177162170410156 -33.72141647338867 -27.490842819213867
endloop
endfacet
facet normal -0.9918101396201883 0.09687957688325179 0.08322856798903262
outer loop
vertex -49.21845626831055 -33.62714385986328 -28.165090560913086
vertex -49.17776107788086 -33.581851959228516 -27.732858657836914
vertex -49.17852020263672 -33.40431213378906 -27.948564529418945
endloop
endfacet
facet normal -0.983410664082208 0.12765276713830484 0.1288729483302222
outer loop
vertex -49.214332580566406 -32.515933990478516 -29.101810455322266
vertex -49.17852020263672 -33.40431213378906 -27.948564529418945
vertex -49.18792724609375 -32.17518997192383 -29.23783302307129
endloop
endfacet
facet normal -0.9915496240734154 0.09978474972490442 0.08289961834777555
outer loop
vertex -49.21845626831055 -33.62714385986328 -28.165090560913086
vertex -49.2174072265625 -33.872467041015625 -27.85725212097168
vertex -49.17776107788086 -33.581851959228516 -27.732858657836914
endloop
endfacet
facet normal -0.999990855385239 -0.004276580934773857 -1.1859197943923314e-06
outer loop
vertex -49.21002197265625 -35.59904861450195 -28.970760345458984
vertex -49.216636657714844 -34.0527458190918 -27.507326126098633
vertex -49.2174072265625 -33.872467041015625 -27.85725212097168
endloop
endfacet
facet normal -0.9917921012730682 0.08454107902103956 0.09592306193148016
outer loop
vertex -49.214332580566406 -32.515933990478516 -29.101810455322266
vertex -49.21845626831055 -33.62714385986328 -28.165090560913086
vertex -49.17852020263672 -33.40431213378906 -27.948564529418945
endloop
endfacet
facet normal -0.9977058436055617 -0.004266769694419789 -0.06756363157564409
outer loop
vertex -49.21002197265625 -35.59904861450195 -28.970760345458984
vertex -49.221805572509766 -32.84366989135742 -28.970760345458984
vertex -49.214332580566406 -32.515933990478516 -29.101810455322266
endloop
endfacet
facet normal -0.9999908538897155 -0.004276930733989839 -6.435188383203197e-07
outer loop
vertex -49.21002197265625 -35.59904861450195 -28.970760345458984
vertex -49.2174072265625 -33.872467041015625 -27.85725212097168
vertex -49.21845626831055 -33.62714385986328 -28.165090560913086
endloop
endfacet
facet normal -0.9982751683680594 0.03996062585710622 0.04300972681651031
outer loop
vertex -49.221805572509766 -32.84366989135742 -28.970760345458984
vertex -49.21845626831055 -33.62714385986328 -28.165090560913086
vertex -49.214332580566406 -32.515933990478516 -29.101810455322266
endloop
endfacet
facet normal -0.9999908555523206 -0.004276541732729782 -1.5956303260320027e-06
outer loop
vertex -49.21002197265625 -35.59904861450195 -28.970760345458984
vertex -49.21845626831055 -33.62714385986328 -28.165090560913086
vertex -49.221805572509766 -32.84366989135742 -28.970760345458984
endloop
endfacet
facet normal -0.7574244217592949 0.4663844382518171 0.45693960331660305
outer loop
vertex -48.9837646484375 -31.492300033569336 -29.3193359375
vertex -48.86958694458008 -33.01732635498047 -27.57352638244629
vertex -48.88025665283203 -31.491857528686523 -29.148212432861328
endloop
endfacet
facet normal -0.004275958489324737 0.9999908580475568 5.554763998488751e-07
outer loop
vertex -48.9837646484375 -31.492300033569336 -29.3193359375
vertex -48.88025665283203 -31.491857528686523 -29.148212432861328
vertex -45.92967987060547 -31.47924041748047 -29.961965560913086
endloop
endfacet
facet normal -0.8364361975681126 0.39131304790103794 0.3837298345714041
outer loop
vertex -49.070709228515625 -31.492671966552734 -29.508474349975586
vertex -49.05952835083008 -33.19631576538086 -27.74679183959961
vertex -48.9837646484375 -31.492300033569336 -29.3193359375
endloop
endfacet
facet normal -0.0042762255002477675 0.9999908569056829 -7.135110203798986e-07
outer loop
vertex -49.070709228515625 -31.492671966552734 -29.508474349975586
vertex -48.9837646484375 -31.492300033569336 -29.3193359375
vertex -45.92967987060547 -31.47924041748047 -29.961965560913086
endloop
endfacet
facet normal -0.004277602873200776 0.9999908509624067 -1.0253825375426563e-05
outer loop
vertex -48.93475341796875 -31.49209213256836 -29.677804946899414
vertex -49.070709228515625 -31.492671966552734 -29.508474349975586
vertex -45.92967987060547 -31.47924041748047 -29.961965560913086
endloop
endfacet
facet normal 0.7071868305896399 -0.06219333885389434 -0.7042860038668839
outer loop
vertex -44.285675048828125 -34.288490295410156 -29.9597225189209
vertex -43.92738723754883 -33.87666702270508 -29.63632583618164
vertex -43.12183380126953 -33.82129669189453 -28.83234405517578
endloop
endfacet
facet normal -0.004274550647855684 0.9999908638240977 2.202484551550964e-05
outer loop
vertex -48.76544952392578 -31.491365432739258 -29.813793182373047
vertex -48.93475341796875 -31.49209213256836 -29.677804946899414
vertex -45.92967987060547 -31.47924041748047 -29.961965560913086
endloop
endfacet
facet normal 0.7071184984360905 -0.06176704189536456 -0.7043921221201903
outer loop
vertex -44.285675048828125 -34.288490295410156 -29.9597225189209
vertex -43.12183380126953 -33.82129669189453 -28.83234405517578
vertex -42.7570915222168 -34.07421875 -28.444011688232422
endloop
endfacet
facet normal 0.6999745543250688 -0.04950782901976284 -0.7124497162348871
outer loop
vertex -44.285675048828125 -34.288490295410156 -29.9597225189209
vertex -44.228816986083984 -33.47528839111328 -29.960369110107422
vertex -43.92738723754883 -33.87666702270508 -29.63632583618164
endloop
endfacet
facet normal 3.5351214810047003e-06 -0.000796793244935474 -0.9999996825539634
outer loop
vertex -48.362876892089844 -33.55347442626953 -29.9603214263916
vertex -45.92967987060547 -31.47924041748047 -29.961965560913086
vertex -44.228816986083984 -33.47528839111328 -29.960369110107422
endloop
endfacet
facet normal 0.7070529149471196 -0.11946418478510198 -0.6969967604074012
outer loop
vertex -43.920589447021484 -35.46585464477539 -29.403488159179688
vertex -41.75865173339844 -34.2673454284668 -27.415781021118164
vertex -41.55361557006836 -34.236053466796875 -27.213150024414062
endloop
endfacet
facet normal 3.406904075133525e-06 -0.0007966428385632926 -0.99999968267424
outer loop
vertex -48.362876892089844 -33.55347442626953 -29.9603214263916
vertex -48.359928131103516 -31.489633560180664 -29.961965560913086
vertex -45.92967987060547 -31.47924041748047 -29.961965560913086
endloop
endfacet
facet normal -0.004276537433829822 0.9999908554439838 -1.5999576023957896e-05
outer loop
vertex -48.76544952392578 -31.491365432739258 -29.813793182373047
vertex -45.92967987060547 -31.47924041748047 -29.961965560913086
vertex -48.359928131103516 -31.489633560180664 -29.961965560913086
endloop
endfacet
facet normal 0.7074374807148417 -0.07672992660548476 -0.7025985548255523
outer loop
vertex -44.285675048828125 -34.288490295410156 -29.9597225189209
vertex -42.7570915222168 -34.07421875 -28.444011688232422
vertex -42.36741256713867 -34.22357940673828 -28.035337448120117
endloop
endfacet
facet normal 0.7065068404712551 -0.09689870382899385 -0.7010411725166973
outer loop
vertex -44.39702224731445 -35.10403060913086 -29.959074020385742
vertex -42.36741256713867 -34.22357940673828 -28.035337448120117
vertex -41.75865173339844 -34.2673454284668 -27.415781021118164
endloop
endfacet
facet normal 3.5080656411580747e-06 -0.0007953626773385767 -0.9999996836929025
outer loop
vertex -48.362876892089844 -33.55347442626953 -29.9603214263916
vertex -44.228816986083984 -33.47528839111328 -29.960369110107422
vertex -44.285675048828125 -34.288490295410156 -29.9597225189209
endloop
endfacet
facet normal 0.7091951109259291 -0.13012290837902152 -0.6928999374756387
outer loop
vertex -44.39702224731445 -35.10403060913086 -29.959074020385742
vertex -41.75865173339844 -34.2673454284668 -27.415781021118164
vertex -43.920589447021484 -35.46585464477539 -29.403488159179688
endloop
endfacet
facet normal -0.23918852165713073 -0.0004317680424221136 -0.9709730504415833
outer loop
vertex -48.362876892089844 -33.55347442626953 -29.9603214263916
vertex -48.570777893066406 -31.49053382873535 -29.910024642944336
vertex -48.359928131103516 -31.489633560180664 -29.961965560913086
endloop
endfacet
facet normal -0.004267577270300901 0.9999908938143368 8.523243158180809e-06
outer loop
vertex -48.570777893066406 -31.49053382873535 -29.910024642944336
vertex -48.76544952392578 -31.491365432739258 -29.813793182373047
vertex -48.359928131103516 -31.489633560180664 -29.961965560913086
endloop
endfacet
facet normal 0.7065257214883629 -0.0970206614060661 -0.7010052753978941
outer loop
vertex -44.39702224731445 -35.10403060913086 -29.959074020385742
vertex -44.285675048828125 -34.288490295410156 -29.9597225189209
vertex -42.36741256713867 -34.22357940673828 -28.035337448120117
endloop
endfacet
facet normal 3.3350549590882225e-06 -0.0007963223831685854 -0.9999996829297195
outer loop
vertex -48.36505889892578 -35.792991638183594 -29.958538055419922
vertex -48.362876892089844 -33.55347442626953 -29.9603214263916
vertex -44.285675048828125 -34.288490295410156 -29.9597225189209
endloop
endfacet
facet normal 0.7037217985638856 -0.14223287267635953 -0.6960929824069775
outer loop
vertex -44.56112289428711 -35.91912078857422 -29.958425521850586
vertex -44.39702224731445 -35.10403060913086 -29.959074020385742
vertex -43.920589447021484 -35.46585464477539 -29.403488159179688
endloop
endfacet
facet normal -0.24019240977404746 -0.0005389829408448509 -0.9707251494549451
outer loop
vertex -48.36505889892578 -35.792991638183594 -29.958538055419922
vertex -48.570777893066406 -31.49053382873535 -29.910024642944336
vertex -48.362876892089844 -33.55347442626953 -29.9603214263916
endloop
endfacet
facet normal -0.4431367725012057 -0.0010379561454489739 -0.8964534140178478
outer loop
vertex -48.59148406982422 -35.78121566772461 -29.894821166992188
vertex -48.76544952392578 -31.491365432739258 -29.813793182373047
vertex -48.570777893066406 -31.49053382873535 -29.910024642944336
endloop
endfacet
facet normal 3.066797524001232e-06 -0.0007955950163457828 -0.9999996835095323
outer loop
vertex -48.36505889892578 -35.792991638183594 -29.958538055419922
vertex -44.285675048828125 -34.288490295410156 -29.9597225189209
vertex -44.39702224731445 -35.10403060913086 -29.959074020385742
endloop
endfacet
facet normal -0.0003957676651605971 -0.0007159362276508751 -0.9999996654015806
outer loop
vertex -48.287620544433594 -35.923824310302734 -29.956947326660156
vertex -44.39702224731445 -35.10403060913086 -29.959074020385742
vertex -44.56112289428711 -35.91912078857422 -29.958425521850586
endloop
endfacet
facet normal -0.270983462081445 -0.0021030588356492222 -0.9625817058421003
outer loop
vertex -48.59148406982422 -35.78121566772461 -29.894821166992188
vertex -48.570777893066406 -31.49053382873535 -29.910024642944336
vertex -48.36505889892578 -35.792991638183594 -29.958538055419922
endloop
endfacet
facet normal 0.0017917241301571058 -0.011097228723325575 -0.9999368186237086
outer loop
vertex -48.287620544433594 -35.923824310302734 -29.956947326660156
vertex -48.36505889892578 -35.792991638183594 -29.958538055419922
vertex -44.39702224731445 -35.10403060913086 -29.959074020385742
endloop
endfacet
facet normal -0.2719001897920379 -0.022545294484178566 -0.9620613267810298
outer loop
vertex -48.49782180786133 -35.90936279296875 -29.918289184570312
vertex -48.59148406982422 -35.78121566772461 -29.894821166992188
vertex -48.36505889892578 -35.792991638183594 -29.958538055419922
endloop
endfacet
facet normal 0.04682617463749131 0.015572189708483434 -0.998781665969346
outer loop
vertex -48.287620544433594 -35.923824310302734 -29.956947326660156
vertex -48.3366813659668 -35.87416458129883 -29.958473205566406
vertex -48.36505889892578 -35.792991638183594 -29.958538055419922
endloop
endfacet
facet normal -0.13530392596583463 -0.1636978708580312 -0.9771877274581273
outer loop
vertex -48.287620544433594 -35.923824310302734 -29.956947326660156
vertex -48.39442825317383 -35.91869354248047 -29.943017959594727
vertex -48.3366813659668 -35.87416458129883 -29.958473205566406
endloop
endfacet
facet normal -0.23760437110395885 -0.06415517395099404 -0.9692410827485646
outer loop
vertex -48.49782180786133 -35.90936279296875 -29.918289184570312
vertex -48.36505889892578 -35.792991638183594 -29.958538055419922
vertex -48.39442825317383 -35.91869354248047 -29.943017959594727
endloop
endfacet
facet normal -0.20527852723197348 -0.07254378292079679 -0.9760113348814206
outer loop
vertex -48.3366813659668 -35.87416458129883 -29.958473205566406
vertex -48.39442825317383 -35.91869354248047 -29.943017959594727
vertex -48.36505889892578 -35.792991638183594 -29.958538055419922
endloop
endfacet
facet normal -0.24590034202024938 -0.22804934836323698 -0.9420862574655398
outer loop
vertex -48.49782180786133 -35.90936279296875 -29.918289184570312
vertex -48.39442825317383 -35.91869354248047 -29.943017959594727
vertex -48.40898895263672 -36.041481018066406 -29.909494400024414
endloop
endfacet
facet normal -0.13683459326051908 -0.23781798767583967 -0.9616230544371545
outer loop
vertex -48.29372024536133 -36.04967498779297 -29.924955368041992
vertex -48.39442825317383 -35.91869354248047 -29.943017959594727
vertex -48.287620544433594 -35.923824310302734 -29.956947326660156
endloop
endfacet
facet normal -0.14595443025584326 -0.2444162603441159 -0.958622968621183
outer loop
vertex -48.40898895263672 -36.041481018066406 -29.909494400024414
vertex -48.39442825317383 -35.91869354248047 -29.943017959594727
vertex -48.29372024536133 -36.04967498779297 -29.924955368041992
endloop
endfacet
facet normal 0.7309330170728603 -0.2662070580295858 -0.628387401853346
outer loop
vertex -40.98577117919922 -36.56388854980469 -25.97100067138672
vertex -40.98749923706055 -36.29191970825195 -26.088226318359375
vertex -40.68238830566406 -35.73088073730469 -25.97100067138672
endloop
endfacet
facet normal 0.7056644214487495 -0.27667278161763215 -0.6522958655498005
outer loop
vertex -42.47726821899414 -36.57026672363281 -27.58182144165039
vertex -40.98749923706055 -36.29191970825195 -26.088226318359375
vertex -40.98577117919922 -36.56388854980469 -25.97100067138672
endloop
endfacet
facet normal 0.004275917280932186 -0.9999908582238486 3.709620463879899e-07
outer loop
vertex -42.47726821899414 -36.57026672363281 -27.58182144165039
vertex -40.98577117919922 -36.56388854980469 -25.97100067138672
vertex -48.20575714111328 -36.59476089477539 -25.97100067138672
endloop
endfacet
facet normal 0.0042759717530335105 -0.9999908579908362 5.646822554928789e-07
outer loop
vertex -43.9793815612793 -36.576690673828125 -29.170761108398438
vertex -42.47726821899414 -36.57026672363281 -27.58182144165039
vertex -48.20575714111328 -36.59476089477539 -25.97100067138672
endloop
endfacet
facet normal -0.12628434674255626 -0.9919940845427485 0.0
outer loop
vertex -48.464717864990234 -36.56179428100586 -29.1639461517334
vertex -48.20575714111328 -36.59476089477539 -29.170761108398438
vertex -48.20575714111328 -36.59476089477539 -25.97100067138672
endloop
endfacet
facet normal 0.0042755442437238745 -0.9999908598189385 0.0
outer loop
vertex -48.20575714111328 -36.59476089477539 -29.170761108398438
vertex -43.9793815612793 -36.576690673828125 -29.170761108398438
vertex -48.20575714111328 -36.59476089477539 -25.97100067138672
endloop
endfacet
facet normal -0.12746029259265088 -0.9904788654382418 -0.05201433391257751
outer loop
vertex -48.2863883972168 -36.576202392578125 -29.326574325561523
vertex -48.20575714111328 -36.59476089477539 -29.170761108398438
vertex -48.464717864990234 -36.56179428100586 -29.1639461517334
endloop
endfacet
facet normal 0.004246691571645663 -0.9932426175567006 -0.11597874063727777
outer loop
vertex -48.205848693847656 -36.573238372802734 -29.355083465576172
vertex -43.9793815612793 -36.576690673828125 -29.170761108398438
vertex -48.20575714111328 -36.59476089477539 -29.170761108398438
endloop
endfacet
facet normal -0.004498890877611737 -0.9932420225714499 -0.11597432724118996
outer loop
vertex -48.205848693847656 -36.573238372802734 -29.355083465576172
vertex -48.20575714111328 -36.59476089477539 -29.170761108398438
vertex -48.2863883972168 -36.576202392578125 -29.326574325561523
endloop
endfacet
facet normal 0.0062212481689539155 -0.9869125560411598 -0.16113628641471384
outer loop
vertex -48.205848693847656 -36.573238372802734 -29.355083465576172
vertex -44.207550048828125 -36.537010192871094 -29.4226016998291
vertex -43.9793815612793 -36.576690673828125 -29.170761108398438
endloop
endfacet
facet normal -0.0681224230910395 -0.9540980037930785 -0.2916441918335906
outer loop
vertex -48.29393005371094 -36.52972412109375 -29.476863861083984
vertex -48.205848693847656 -36.573238372802734 -29.355083465576172
vertex -48.2863883972168 -36.576202392578125 -29.326574325561523
endloop
endfacet
facet normal 0.002745192980186456 -0.9398035166436317 -0.34170427860909863
outer loop
vertex -48.206119537353516 -36.50982666015625 -29.529489517211914
vertex -44.207550048828125 -36.537010192871094 -29.4226016998291
vertex -48.205848693847656 -36.573238372802734 -29.355083465576172
endloop
endfacet
facet normal 0.004313041945352258 -0.9186781273111698 -0.39498341239755813
outer loop
vertex -48.206119537353516 -36.50982666015625 -29.529489517211914
vertex -44.311912536621094 -36.48359680175781 -29.5479736328125
vertex -44.207550048828125 -36.537010192871094 -29.4226016998291
endloop
endfacet
facet normal 0.008163325575825605 -0.9397730408964956 -0.3417016121116445
outer loop
vertex -48.206119537353516 -36.50982666015625 -29.529489517211914
vertex -48.205848693847656 -36.573238372802734 -29.355083465576172
vertex -48.29393005371094 -36.52972412109375 -29.476863861083984
endloop
endfacet
facet normal 0.003045969161327794 -0.8373970159459245 -0.5465866443270722
outer loop
vertex -48.206119537353516 -36.50982666015625 -29.529489517211914
vertex -44.40285873413086 -36.40734100341797 -29.665307998657227
vertex -44.311912536621094 -36.48359680175781 -29.5479736328125
endloop
endfacet
facet normal 0.0035853314045658606 -0.7287243402975744 -0.6847977666848691
outer loop
vertex -48.2065544128418 -36.407936096191406 -29.684589385986328
vertex -44.47484588623047 -36.31182098388672 -29.767332077026367
vertex -44.40285873413086 -36.40734100341797 -29.665307998657227
endloop
endfacet
facet normal -0.06240074342467008 -0.8946521893370338 -0.4423840043836359
outer loop
vertex -48.297367095947266 -36.484378814697266 -29.568082809448242
vertex -48.206119537353516 -36.50982666015625 -29.529489517211914
vertex -48.29393005371094 -36.52972412109375 -29.476863861083984
endloop
endfacet
facet normal 0.0029140093505226443 -0.8357778254454292 -0.5490600468466218
outer loop
vertex -48.2065544128418 -36.407936096191406 -29.684589385986328
vertex -44.40285873413086 -36.40734100341797 -29.665307998657227
vertex -48.206119537353516 -36.50982666015625 -29.529489517211914
endloop
endfacet
facet normal -0.0008670918409907862 -0.8357859248014228 -0.5490547659893042
outer loop
vertex -48.2065544128418 -36.407936096191406 -29.684589385986328
vertex -48.206119537353516 -36.50982666015625 -29.529489517211914
vertex -48.297367095947266 -36.484378814697266 -29.568082809448242
endloop
endfacet
facet normal -0.16270968947004524 -0.6921815465412783 -0.7031431316455319
outer loop
vertex -48.42550277709961 -36.386474609375 -29.67093849182129
vertex -48.4256591796875 -36.2856559753418 -29.77014923095703
vertex -48.300140380859375 -36.40149688720703 -29.68515968322754
endloop
endfacet
facet normal -0.05260912424827244 -0.8156377240613062 -0.5761661072415857
outer loop
vertex -48.300140380859375 -36.40149688720703 -29.68515968322754
vertex -48.2065544128418 -36.407936096191406 -29.684589385986328
vertex -48.297367095947266 -36.484378814697266 -29.568082809448242
endloop
endfacet
facet normal -0.16114093756210865 -0.8073104492222156 -0.5677001293096813
outer loop
vertex -48.42550277709961 -36.386474609375 -29.67093849182129
vertex -48.300140380859375 -36.40149688720703 -29.68515968322754
vertex -48.297367095947266 -36.484378814697266 -29.568082809448242
endloop
endfacet
facet normal -0.23972925611672805 -0.9653397634991715 -0.10319411208534982
outer loop
vertex -48.50030517578125 -36.537410736083984 -29.309371948242188
vertex -48.39521408081055 -36.562339782714844 -29.3203067779541
vertex -48.464717864990234 -36.56179428100586 -29.1639461517334
endloop
endfacet
facet normal -0.1292375469751023 -0.9901426240711675 -0.05399296666530501
outer loop
vertex -48.2863883972168 -36.576202392578125 -29.326574325561523
vertex -48.464717864990234 -36.56179428100586 -29.1639461517334
vertex -48.39521408081055 -36.562339782714844 -29.3203067779541
endloop
endfacet
facet normal -0.24928752984508096 -0.924720854949083 -0.28765790078837555
outer loop
vertex -48.52485656738281 -36.487117767333984 -29.449769973754883
vertex -48.39521408081055 -36.562339782714844 -29.3203067779541
vertex -48.50030517578125 -36.537410736083984 -29.309371948242188
endloop
endfacet
facet normal -0.13741210619706026 -0.9460354620309486 -0.29348733814319394
outer loop
vertex -48.4120979309082 -36.5143928527832 -29.466955184936523
vertex -48.2863883972168 -36.576202392578125 -29.326574325561523
vertex -48.39521408081055 -36.562339782714844 -29.3203067779541
endloop
endfacet
facet normal -0.2652029042678466 -0.9250564304294843 -0.2719154649683609
outer loop
vertex -48.4120979309082 -36.5143928527832 -29.466955184936523
vertex -48.39521408081055 -36.562339782714844 -29.3203067779541
vertex -48.52485656738281 -36.487117767333984 -29.449769973754883
endloop
endfacet
facet normal -0.14681452570532907 -0.9470609026777262 -0.28551907407591803
outer loop
vertex -48.4120979309082 -36.5143928527832 -29.466955184936523
vertex -48.29393005371094 -36.52972412109375 -29.476863861083984
vertex -48.2863883972168 -36.576202392578125 -29.326574325561523
endloop
endfacet
facet normal -0.2735607130522748 -0.8618220343795523 -0.42711511016612475
outer loop
vertex -48.53578567504883 -36.441192626953125 -29.535436630249023
vertex -48.4120979309082 -36.5143928527832 -29.466955184936523
vertex -48.52485656738281 -36.487117767333984 -29.449769973754883
endloop
endfacet
facet normal -0.1517226411321136 -0.8852162005357064 -0.4397414222893083
outer loop
vertex -48.41965866088867 -36.46879577636719 -29.556135177612305
vertex -48.29393005371094 -36.52972412109375 -29.476863861083984
vertex -48.4120979309082 -36.5143928527832 -29.466955184936523
endloop
endfacet
facet normal -0.15551264654809566 -0.8868909678501881 -0.4350175029919645
outer loop
vertex -48.41965866088867 -36.46879577636719 -29.556135177612305
vertex -48.297367095947266 -36.484378814697266 -29.568082809448242
vertex -48.29393005371094 -36.52972412109375 -29.476863861083984
endloop
endfacet
facet normal -0.27993985620431655 -0.8641828218766442 -0.4181168823207534
outer loop
vertex -48.41965866088867 -36.46879577636719 -29.556135177612305
vertex -48.4120979309082 -36.5143928527832 -29.466955184936523
vertex -48.53578567504883 -36.441192626953125 -29.535436630249023
endloop
endfacet
facet normal -0.2916974420473845 -0.6712908582323963 -0.6813818209760409
outer loop
vertex -48.42550277709961 -36.386474609375 -29.67093849182129
vertex -48.54412841796875 -36.35995101928711 -29.646286010742188
vertex -48.544151306152344 -36.2618293762207 -29.742944717407227
endloop
endfacet
facet normal -0.15842182703254398 -0.8062034297793383 -0.5700338187613977
outer loop
vertex -48.42550277709961 -36.386474609375 -29.67093849182129
vertex -48.297367095947266 -36.484378814697266 -29.568082809448242
vertex -48.41965866088867 -36.46879577636719 -29.556135177612305
endloop
endfacet
facet normal -0.2846890190386393 -0.7832855794711711 -0.5526444276669487
outer loop
vertex -48.41965866088867 -36.46879577636719 -29.556135177612305
vertex -48.53578567504883 -36.441192626953125 -29.535436630249023
vertex -48.54412841796875 -36.35995101928711 -29.646286010742188
endloop
endfacet
facet normal -0.2893668516492387 -0.7848124916543268 -0.5480293588029154
outer loop
vertex -48.42550277709961 -36.386474609375 -29.67093849182129
vertex -48.41965866088867 -36.46879577636719 -29.556135177612305
vertex -48.54412841796875 -36.35995101928711 -29.646286010742188
endloop
endfacet
facet normal -0.0438631433248523 -0.7005761923080743 -0.7122282102169104
outer loop
vertex -48.300140380859375 -36.40149688720703 -29.68515968322754
vertex -48.30045700073242 -36.29916000366211 -29.785802841186523
vertex -48.2065544128418 -36.407936096191406 -29.684589385986328
endloop
endfacet
facet normal -0.2846250047311341 -0.536626427309363 -0.794368103711995
outer loop
vertex -48.42012405395508 -36.16952133178711 -29.8505859375
vertex -48.4256591796875 -36.2856559753418 -29.77014923095703
vertex -48.53584289550781 -36.14975357055664 -29.822477340698242
endloop
endfacet
facet normal -0.15884690075059474 -0.554755086661765 -0.8167095297257332
outer loop
vertex -48.42012405395508 -36.16952133178711 -29.8505859375
vertex -48.29830551147461 -36.180694580078125 -29.866689682006836
vertex -48.30045700073242 -36.29916000366211 -29.785802841186523
endloop
endfacet
facet normal -0.162573822990196 -0.6921094493260985 -0.7032455205914058
outer loop
vertex -48.4256591796875 -36.2856559753418 -29.77014923095703
vertex -48.30045700073242 -36.29916000366211 -29.785802841186523
vertex -48.300140380859375 -36.40149688720703 -29.68515968322754
endloop
endfacet
facet normal -0.16191256254908648 -0.5566415775780554 -0.8148217450462413
outer loop
vertex -48.42012405395508 -36.16952133178711 -29.8505859375
vertex -48.30045700073242 -36.29916000366211 -29.785802841186523
vertex -48.4256591796875 -36.2856559753418 -29.77014923095703
endloop
endfacet
facet normal -0.4306476405850108 -0.3477024204215913 -0.8328539106539217
outer loop
vertex -48.51934051513672 -36.026859283447266 -29.88231658935547
vertex -48.53584289550781 -36.14975357055664 -29.822477340698242
vertex -48.71794128417969 -35.98236083984375 -29.798202514648438
endloop
endfacet
facet normal -0.2797035477644114 -0.38968417202374706 -0.8774463923466598
outer loop
vertex -48.42012405395508 -36.16952133178711 -29.8505859375
vertex -48.53584289550781 -36.14975357055664 -29.822477340698242
vertex -48.51934051513672 -36.026859283447266 -29.88231658935547
endloop
endfacet
facet normal -0.26844098927567606 -0.3832583298766892 -0.8837717396798944
outer loop
vertex -48.42012405395508 -36.16952133178711 -29.8505859375
vertex -48.51934051513672 -36.026859283447266 -29.88231658935547
vertex -48.40898895263672 -36.041481018066406 -29.909494400024414
endloop
endfacet
facet normal -0.1496844058924523 -0.39738471184532903 -0.9053617892446247
outer loop
vertex -48.40898895263672 -36.041481018066406 -29.909494400024414
vertex -48.29372024536133 -36.04967498779297 -29.924955368041992
vertex -48.29830551147461 -36.180694580078125 -29.866689682006836
endloop
endfacet
facet normal -0.15612840730830777 -0.40160006580974295 -0.9024086145272445
outer loop
vertex -48.42012405395508 -36.16952133178711 -29.8505859375
vertex -48.40898895263672 -36.041481018066406 -29.909494400024414
vertex -48.29830551147461 -36.180694580078125 -29.866689682006836
endloop
endfacet
facet normal 0.0 0.0 -1.0
outer loop
vertex -51.81890869140625 -44.66879653930664 -25.97100067138672
vertex -49.174842834472656 -35.85771942138672 -25.97100067138672
vertex -49.07391357421875 -36.09846878051758 -25.97100067138672
endloop
endfacet
facet normal -0.9908783892138511 -0.13475911022622564 0.0
outer loop
vertex -49.174842834472656 -35.85771942138672 -29.022523880004883
vertex -49.174842834472656 -35.85771942138672 -25.97100067138672
vertex -49.21002197265625 -35.59904861450195 -28.970760345458984
endloop
endfacet
facet normal -0.9222355643226573 -0.38662845717622707 0.0
outer loop
vertex -49.174842834472656 -35.85771942138672 -29.022523880004883
vertex -49.07391357421875 -36.09846878051758 -25.97100067138672
vertex -49.174842834472656 -35.85771942138672 -25.97100067138672
endloop
endfacet
facet normal -0.923667300715488 -0.19198293302183053 0.33163424282980775
outer loop
vertex -49.174842834472656 -35.85771942138672 -29.022523880004883
vertex -49.21002197265625 -35.59904861450195 -28.970760345458984
vertex -49.19580841064453 -35.76145935058594 -29.025192260742188
endloop
endfacet
facet normal -0.9222355643226574 -0.3866284571762271 0.0
outer loop
vertex -49.07391357421875 -36.09846878051758 -29.07076072692871
vertex -49.07391357421875 -36.09846878051758 -25.97100067138672
vertex -49.174842834472656 -35.85771942138672 -29.022523880004883
endloop
endfacet
facet normal -0.974883869865302 -0.2140374748189653 -0.06155809978852096
outer loop
vertex -49.166114807128906 -35.863670349121094 -29.140056610107422
vertex -49.174842834472656 -35.85771942138672 -29.022523880004883
vertex -49.19580841064453 -35.76145935058594 -29.025192260742188
endloop
endfacet
facet normal -0.924603652802481 -0.37769575145515893 -0.04953791030142415
outer loop
vertex -49.166114807128906 -35.863670349121094 -29.140056610107422
vertex -49.07391357421875 -36.09846878051758 -29.07076072692871
vertex -49.174842834472656 -35.85771942138672 -29.022523880004883
endloop
endfacet
facet normal -0.9350891242784055 -0.3357715551033281 -0.11342747656426705
outer loop
vertex -49.1093635559082 -35.99320602416992 -29.224454879760742
vertex -49.10227584838867 -36.02517318725586 -29.188255310058594
vertex -49.166114807128906 -35.863670349121094 -29.140056610107422
endloop
endfacet
facet normal -0.8427616103028085 -0.507590760678107 -0.1791772526690754
outer loop
vertex -48.99024200439453 -36.21338653564453 -29.182018280029297
vertex -49.08604049682617 -36.07216262817383 -29.131502151489258
vertex -49.10227584838867 -36.02517318725586 -29.188255310058594
endloop
endfacet
facet normal -0.9334841242065006 -0.3572182063480753 0.0316629579775255
outer loop
vertex -49.08604049682617 -36.07216262817383 -29.131502151489258
vertex -49.07391357421875 -36.09846878051758 -29.07076072692871
vertex -49.166114807128906 -35.863670349121094 -29.140056610107422
endloop
endfacet
facet normal -0.9326508112084709 -0.35946174185954577 -0.03081753545438633
outer loop
vertex -49.10227584838867 -36.02517318725586 -29.188255310058594
vertex -49.08604049682617 -36.07216262817383 -29.131502151489258
vertex -49.166114807128906 -35.863670349121094 -29.140056610107422
endloop
endfacet
facet normal -0.9481154734981745 -0.22484423785911314 -0.22477125620258287
outer loop
vertex -49.11468505859375 -35.897674560546875 -29.322978973388672
vertex -49.166114807128906 -35.863670349121094 -29.140056610107422
vertex -49.16615676879883 -35.76498794555664 -29.23859405517578
endloop
endfacet
facet normal -0.9483615628877833 -0.2234791863670081 -0.2250942009421418
outer loop
vertex -49.11468505859375 -35.897674560546875 -29.322978973388672
vertex -49.11473083496094 -35.946353912353516 -29.274456024169922
vertex -49.166114807128906 -35.863670349121094 -29.140056610107422
endloop
endfacet
facet normal -0.9385438054437123 -0.17479753640084655 -0.29762618589672096
outer loop
vertex -49.11468505859375 -35.897674560546875 -29.322978973388672
vertex -49.16615676879883 -35.76498794555664 -29.23859405517578
vertex -49.10921859741211 -35.847530364990234 -29.369667053222656
endloop
endfacet
facet normal -0.8815253329643077 -0.4018358757689087 -0.2478729841818197
outer loop
vertex -49.02643585205078 -36.119144439697266 -29.308347702026367
vertex -49.11473083496094 -35.946353912353516 -29.274456024169922
vertex -49.03476333618164 -36.059814453125 -29.374914169311523
endloop
endfacet
facet normal -0.7736385221903462 -0.5871621715035752 -0.2381680527240025
outer loop
vertex -48.903865814208984 -36.24552917480469 -29.39491081237793
vertex -48.88967514038086 -36.28957748413086 -29.332412719726562
vertex -49.02643585205078 -36.119144439697266 -29.308347702026367
endloop
endfacet
facet normal -0.4265891619153243 -0.8725766189946538 -0.23797422322646655
outer loop
vertex -48.52485656738281 -36.487117767333984 -29.449769973754883
vertex -48.50030517578125 -36.537410736083984 -29.309371948242188
vertex -48.72618865966797 -36.40272521972656 -29.398305892944336
endloop
endfacet
facet normal -0.884026631862953 -0.3295780304027574 -0.33147433691446093
outer loop
vertex -49.03476333618164 -36.059814453125 -29.374914169311523
vertex -49.11473083496094 -35.946353912353516 -29.274456024169922
vertex -49.11468505859375 -35.897674560546875 -29.322978973388672
endloop
endfacet
facet normal -0.8830825484626033 -0.2645498596414143 -0.38752881746329776
outer loop
vertex -49.03463363647461 -35.99630355834961 -29.438066482543945
vertex -49.11468505859375 -35.897674560546875 -29.322978973388672
vertex -49.10921859741211 -35.847530364990234 -29.369667053222656
endloop
endfacet
facet normal -0.624383193758414 -0.6981686569610405 -0.3502943816124658
outer loop
vertex -48.72618865966797 -36.40272521972656 -29.398305892944336
vertex -48.88967514038086 -36.28957748413086 -29.332412719726562
vertex -48.903865814208984 -36.24552917480469 -29.39491081237793
endloop
endfacet
facet normal -0.7808013837180622 -0.5117396002592995 -0.35842960356311493
outer loop
vertex -48.903865814208984 -36.24552917480469 -29.39491081237793
vertex -49.02643585205078 -36.119144439697266 -29.308347702026367
vertex -49.03476333618164 -36.059814453125 -29.374914169311523
endloop
endfacet
facet normal -0.43957258560286744 -0.8018240368098795 -0.40478902650679516
outer loop
vertex -48.52485656738281 -36.487117767333984 -29.449769973754883
vertex -48.72618865966797 -36.40272521972656 -29.398305892944336
vertex -48.74076843261719 -36.35670852661133 -29.47362518310547
endloop
endfacet
facet normal -0.8763768645325368 -0.2501301726870287 -0.411580475756172
outer loop
vertex -49.02604675292969 -35.92941665649414 -29.496999740600586
vertex -49.03463363647461 -35.99630355834961 -29.438066482543945
vertex -49.10921859741211 -35.847530364990234 -29.369667053222656
endloop
endfacet
facet normal -0.8837553881047655 -0.3290432256814706 -0.33272656886538
outer loop
vertex -49.03463363647461 -35.99630355834961 -29.438066482543945
vertex -49.03476333618164 -36.059814453125 -29.374914169311523
vertex -49.11468505859375 -35.897674560546875 -29.322978973388672
endloop
endfacet
facet normal -0.6331751081336995 -0.7089638256506542 -0.3105794203720956
outer loop
vertex -48.72618865966797 -36.40272521972656 -29.398305892944336
vertex -48.903865814208984 -36.24552917480469 -29.39491081237793
vertex -48.74076843261719 -36.35670852661133 -29.47362518310547
endloop
endfacet
facet normal -0.7872671491436015 -0.5190497241708233 -0.3328630645137704
outer loop
vertex -48.91458511352539 -36.1756591796875 -29.4785099029541
vertex -48.903865814208984 -36.24552917480469 -29.39491081237793
vertex -49.03476333618164 -36.059814453125 -29.374914169311523
endloop
endfacet
facet normal -0.4478695224283694 -0.8105488991691933 -0.377390213089043
outer loop
vertex -48.53578567504883 -36.441192626953125 -29.535436630249023
vertex -48.52485656738281 -36.487117767333984 -29.449769973754883
vertex -48.74076843261719 -36.35670852661133 -29.47362518310547
endloop
endfacet
facet normal -0.7888706188483376 -0.34614637006183036 -0.5078049204279721
outer loop
vertex -48.91440200805664 -36.097900390625 -29.555591583251953
vertex -49.03463363647461 -35.99630355834961 -29.438066482543945
vertex -49.02604675292969 -35.92941665649414 -29.496999740600586
endloop
endfacet
facet normal -0.790523539719728 -0.43101436152817846 -0.43508522533573624
outer loop
vertex -48.91458511352539 -36.1756591796875 -29.4785099029541
vertex -49.03476333618164 -36.059814453125 -29.374914169311523
vertex -49.03463363647461 -35.99630355834961 -29.438066482543945
endloop
endfacet
facet normal -0.6410408939627747 -0.6273610769583281 -0.4421364624017039
outer loop
vertex -48.91458511352539 -36.1756591796875 -29.4785099029541
vertex -48.74076843261719 -36.35670852661133 -29.47362518310547
vertex -48.903865814208984 -36.24552917480469 -29.39491081237793
endloop
endfacet
facet normal -0.4547718744493556 -0.7263188373434983 -0.5154061395926599
outer loop
vertex -48.53578567504883 -36.441192626953125 -29.535436630249023
vertex -48.74076843261719 -36.35670852661133 -29.47362518310547
vertex -48.751808166503906 -36.27958297729492 -29.57257080078125
endloop
endfacet
facet normal -0.7799538265866837 -0.3324339848699937 -0.5302449189725876
outer loop
vertex -48.9033088684082 -36.01371383666992 -29.62468910217285
vertex -48.91440200805664 -36.097900390625 -29.555591583251953
vertex -49.02604675292969 -35.92941665649414 -29.496999740600586
endloop
endfacet
facet normal -0.46126464569521725 -0.7318363297394912 -0.5016477978672851
outer loop
vertex -48.53578567504883 -36.441192626953125 -29.535436630249023
vertex -48.751808166503906 -36.27958297729492 -29.57257080078125
vertex -48.54412841796875 -36.35995101928711 -29.646286010742188
endloop
endfacet
facet normal -0.7901763764533456 -0.43053253544495546 -0.43619150612821284
outer loop
vertex -48.91458511352539 -36.1756591796875 -29.4785099029541
vertex -49.03463363647461 -35.99630355834961 -29.438066482543945
vertex -48.91440200805664 -36.097900390625 -29.555591583251953
endloop
endfacet
facet normal -0.6483705890066972 -0.6338472974307415 -0.42172643129267295
outer loop
vertex -48.751808166503906 -36.27958297729492 -29.57257080078125
vertex -48.74076843261719 -36.35670852661133 -29.47362518310547
vertex -48.91458511352539 -36.1756591796875 -29.4785099029541
endloop
endfacet
facet normal -0.6496532983073279 -0.4293378509840779 -0.6273911074527466
outer loop
vertex -48.75165939331055 -36.189971923828125 -29.661102294921875
vertex -48.91440200805664 -36.097900390625 -29.555591583251953
vertex -48.9033088684082 -36.01371383666992 -29.62468910217285
endloop
endfacet
facet normal -0.464458094355553 -0.6220136408351293 -0.6303790202748143
outer loop
vertex -48.75165939331055 -36.189971923828125 -29.661102294921875
vertex -48.54412841796875 -36.35995101928711 -29.646286010742188
vertex -48.751808166503906 -36.27958297729492 -29.57257080078125
endloop
endfacet
facet normal -0.651946231354726 -0.5330498360769635 -0.539280987687024
outer loop
vertex -48.751808166503906 -36.27958297729492 -29.57257080078125
vertex -48.91458511352539 -36.1756591796875 -29.4785099029541
vertex -48.91440200805664 -36.097900390625 -29.555591583251953
endloop
endfacet
facet normal -0.6515483066754694 -0.5326080562314878 -0.5401976143094719
outer loop
vertex -48.75165939331055 -36.189971923828125 -29.661102294921875
vertex -48.751808166503906 -36.27958297729492 -29.57257080078125
vertex -48.91440200805664 -36.097900390625 -29.555591583251953
endloop
endfacet
facet normal -0.9957302346911517 -0.06526218311749948 -0.06528512216915629
outer loop
vertex -49.1958122253418 -35.65019989013672 -29.136354446411133
vertex -49.19580841064453 -35.76145935058594 -29.025192260742188
vertex -49.21002197265625 -35.59904861450195 -28.970760345458984
endloop
endfacet
facet normal -0.9930922594264956 -0.006368584487740069 -0.11716315717323568
outer loop
vertex -49.18217086791992 -35.64563751220703 -29.20429801940918
vertex -49.21002197265625 -35.59904861450195 -28.970760345458984
vertex -49.214332580566406 -32.515933990478516 -29.101810455322266
endloop
endfacet
facet normal -0.9424101015999313 0.2881126265548883 -0.16986557868517815
outer loop
vertex -49.18217086791992 -35.64563751220703 -29.20429801940918
vertex -49.1958122253418 -35.65019989013672 -29.136354446411133
vertex -49.21002197265625 -35.59904861450195 -28.970760345458984
endloop
endfacet
facet normal -0.9799671005952048 -0.0035496323408414792 -0.19912780283343845
outer loop
vertex -49.18217086791992 -35.64563751220703 -29.20429801940918
vertex -49.214332580566406 -32.515933990478516 -29.101810455322266
vertex -49.18792724609375 -32.17518997192383 -29.23783302307129
endloop
endfacet
facet normal -0.9670800942825735 -0.15165013183249448 -0.20434854723632284
outer loop
vertex -49.15373229980469 -35.70051956176758 -29.298154830932617
vertex -49.1958122253418 -35.65019989013672 -29.136354446411133
vertex -49.18217086791992 -35.64563751220703 -29.20429801940918
endloop
endfacet
facet normal -0.9250206146193906 0.267120998299109 0.2701540945402314
outer loop
vertex -49.140689849853516 -31.8309326171875 -29.374746322631836
vertex -49.17852020263672 -33.40431213378906 -27.948564529418945
vertex -49.05952835083008 -33.19631576538086 -27.74679183959961
endloop
endfacet
facet normal -0.9532802840384148 0.2151429866822095 0.21206177247466787
outer loop
vertex -49.140689849853516 -31.8309326171875 -29.374746322631836
vertex -49.18792724609375 -32.17518997192383 -29.23783302307129
vertex -49.17852020263672 -33.40431213378906 -27.948564529418945
endloop
endfacet
facet normal -0.9381874222453905 -0.0049004603968103005 -0.34609297338785744
outer loop
vertex -49.100555419921875 -35.68941116333008 -29.4249210357666
vertex -49.18217086791992 -35.64563751220703 -29.20429801940918
vertex -49.18792724609375 -32.17518997192383 -29.23783302307129
endloop
endfacet
facet normal -0.9153614393773947 0.1585863432366706 -0.3700862156846227
outer loop
vertex -49.100555419921875 -35.68941116333008 -29.4249210357666
vertex -49.15373229980469 -35.70051956176758 -29.298154830932617
vertex -49.18217086791992 -35.64563751220703 -29.20429801940918
endloop
endfacet
facet normal -0.9029215509704093 0.3060872515078775 0.30173376883859726
outer loop
vertex -49.070709228515625 -31.492671966552734 -29.508474349975586
vertex -49.140689849853516 -31.8309326171875 -29.374746322631836
vertex -49.05952835083008 -33.19631576538086 -27.74679183959961
endloop
endfacet
facet normal -0.9410478652953427 -0.005390156190107247 -0.3382304856740814
outer loop
vertex -49.100555419921875 -35.68941116333008 -29.4249210357666
vertex -49.18792724609375 -32.17518997192383 -29.23783302307129
vertex -49.140689849853516 -31.8309326171875 -29.374746322631836
endloop
endfacet
facet normal -0.9171696864969258 -0.0752210089142508 -0.3913330627343578
outer loop
vertex -49.083961486816406 -35.74924850463867 -29.45231056213379
vertex -49.15373229980469 -35.70051956176758 -29.298154830932617
vertex -49.100555419921875 -35.68941116333008 -29.4249210357666
endloop
endfacet
facet normal -0.8827954990104759 -0.0030740228080641365 -0.4697474399191765
outer loop
vertex -49.100555419921875 -35.68941116333008 -29.4249210357666
vertex -49.140689849853516 -31.8309326171875 -29.374746322631836
vertex -49.070709228515625 -31.492671966552734 -29.508474349975586
endloop
endfacet
facet normal -0.8283050751634798 0.02646774193813403 -0.5596518213095693
outer loop
vertex -48.96969223022461 -35.72795486450195 -29.620426177978516
vertex -49.083961486816406 -35.74924850463867 -29.45231056213379
vertex -49.100555419921875 -35.68941116333008 -29.4249210357666
endloop
endfacet
facet normal -0.8314738564533793 -0.005147063580818131 -0.5555400379549974
outer loop
vertex -48.96969223022461 -35.72795486450195 -29.620426177978516
vertex -49.100555419921875 -35.68941116333008 -29.4249210357666
vertex -49.070709228515625 -31.492671966552734 -29.508474349975586
endloop
endfacet
facet normal -0.8267872012981793 -0.004159960039101732 -0.5624994386681618
outer loop
vertex -48.986671447753906 -35.79563903808594 -29.594968795776367
vertex -49.083961486816406 -35.74924850463867 -29.45231056213379
vertex -48.96969223022461 -35.72795486450195 -29.620426177978516
endloop
endfacet
facet normal -0.7797588314677045 -0.002049089004541477 -0.6260766454535511
outer loop
vertex -48.96969223022461 -35.72795486450195 -29.620426177978516
vertex -49.070709228515625 -31.492671966552734 -29.508474349975586
vertex -48.93475341796875 -31.49209213256836 -29.677804946899414
endloop
endfacet
facet normal -0.6262196299457468 -0.0015711100745403822 -0.7796451158596106
outer loop
vertex -48.79681396484375 -35.75912857055664 -29.780000686645508
vertex -48.93475341796875 -31.49209213256836 -29.677804946899414
vertex -48.76544952392578 -31.491365432739258 -29.813793182373047
endloop
endfacet
facet normal -0.48834114467238865 -0.0033207925067411325 -0.8726464912879602
outer loop
vertex -48.59148406982422 -35.78121566772461 -29.894821166992188
vertex -48.79681396484375 -35.75912857055664 -29.780000686645508
vertex -48.76544952392578 -31.491365432739258 -29.813793182373047
endloop
endfacet
facet normal -0.7200284517251204 -0.07869676642734662 -0.6894678003070236
outer loop
vertex -48.85274124145508 -35.841148376464844 -29.72964096069336
vertex -48.986671447753906 -35.79563903808594 -29.594968795776367
vertex -48.96969223022461 -35.72795486450195 -29.620426177978516
endloop
endfacet
facet normal -0.6786846863124443 -0.004350353507061824 -0.7344168918191782
outer loop
vertex -48.79681396484375 -35.75912857055664 -29.780000686645508
vertex -48.96969223022461 -35.72795486450195 -29.620426177978516
vertex -48.93475341796875 -31.49209213256836 -29.677804946899414
endloop
endfacet
facet normal -0.4884305309584946 -0.004437640998324243 -0.8725914987953831
outer loop
vertex -48.688720703125 -35.88026428222656 -29.839889526367188
vertex -48.79681396484375 -35.75912857055664 -29.780000686645508
vertex -48.59148406982422 -35.78121566772461 -29.894821166992188
endloop
endfacet
facet normal -0.6772497046168363 0.01009374161535332 -0.7356840041598095
outer loop
vertex -48.79681396484375 -35.75912857055664 -29.780000686645508
vertex -48.85274124145508 -35.841148376464844 -29.72964096069336
vertex -48.96969223022461 -35.72795486450195 -29.620426177978516
endloop
endfacet
facet normal -0.5722873818384433 -0.1088263356159705 -0.8128000869001551
outer loop
vertex -48.688720703125 -35.88026428222656 -29.839889526367188
vertex -48.85274124145508 -35.841148376464844 -29.72964096069336
vertex -48.79681396484375 -35.75912857055664 -29.780000686645508
endloop
endfacet
facet normal -0.5767954991455245 -0.1618493625346596 -0.8006945335223598
outer loop
vertex -48.688720703125 -35.88026428222656 -29.839889526367188
vertex -48.71794128417969 -35.98236083984375 -29.798202514648438
vertex -48.85274124145508 -35.841148376464844 -29.72964096069336
endloop
endfacet
facet normal -0.3927561846130925 -0.12008884714483727 -0.9117681987432935
outer loop
vertex -48.49782180786133 -35.90936279296875 -29.918289184570312
vertex -48.688720703125 -35.88026428222656 -29.839889526367188
vertex -48.59148406982422 -35.78121566772461 -29.894821166992188
endloop
endfacet
facet normal -0.26190596924491594 -0.23835251152569106 -0.9351969544022674
outer loop
vertex -48.49782180786133 -35.90936279296875 -29.918289184570312
vertex -48.40898895263672 -36.041481018066406 -29.909494400024414
vertex -48.51934051513672 -36.026859283447266 -29.88231658935547
endloop
endfacet
facet normal -0.4233384669893632 -0.2359856224159746 -0.8746972781368655
outer loop
vertex -48.51934051513672 -36.026859283447266 -29.88231658935547
vertex -48.71794128417969 -35.98236083984375 -29.798202514648438
vertex -48.688720703125 -35.88026428222656 -29.839889526367188
endloop
endfacet
facet normal -0.3982085248825204 -0.20107824088542345 -0.8949846433058564
outer loop
vertex -48.49782180786133 -35.90936279296875 -29.918289184570312
vertex -48.51934051513672 -36.026859283447266 -29.88231658935547
vertex -48.688720703125 -35.88026428222656 -29.839889526367188
endloop
endfacet
facet normal -0.2914493830531134 -0.6711794405983499 -0.6815976933910838
outer loop
vertex -48.42550277709961 -36.386474609375 -29.67093849182129
vertex -48.544151306152344 -36.2618293762207 -29.742944717407227
vertex -48.4256591796875 -36.2856559753418 -29.77014923095703
endloop
endfacet
facet normal -0.4641306871405625 -0.6216648860474534 -0.630963925046461
outer loop
vertex -48.544151306152344 -36.2618293762207 -29.742944717407227
vertex -48.54412841796875 -36.35995101928711 -29.646286010742188
vertex -48.75165939331055 -36.189971923828125 -29.661102294921875
endloop
endfacet
facet normal -0.28996785463216085 -0.5394691439564068 -0.7905009082847176
outer loop
vertex -48.4256591796875 -36.2856559753418 -29.77014923095703
vertex -48.544151306152344 -36.2618293762207 -29.742944717407227
vertex -48.53584289550781 -36.14975357055664 -29.822477340698242
endloop
endfacet
facet normal -0.46219707449661035 -0.5026334218824934 -0.7305706725112021
outer loop
vertex -48.544151306152344 -36.2618293762207 -29.742944717407227
vertex -48.75165939331055 -36.189971923828125 -29.661102294921875
vertex -48.74031448364258 -36.090110778808594 -29.736984252929688
endloop
endfacet
facet normal -0.44813538327302255 -0.36945323229293464 -0.8140509734697476
outer loop
vertex -48.53584289550781 -36.14975357055664 -29.822477340698242
vertex -48.74031448364258 -36.090110778808594 -29.736984252929688
vertex -48.71794128417969 -35.98236083984375 -29.798202514648438
endloop
endfacet
facet normal -0.4540982197460219 -0.49298024755468167 -0.7421356226084408
outer loop
vertex -48.544151306152344 -36.2618293762207 -29.742944717407227
vertex -48.74031448364258 -36.090110778808594 -29.736984252929688
vertex -48.53584289550781 -36.14975357055664 -29.822477340698242
endloop
endfacet
facet normal -0.9817986184166679 -0.1342552924217802 -0.13433908341158265
outer loop
vertex -49.166114807128906 -35.863670349121094 -29.140056610107422
vertex -49.19580841064453 -35.76145935058594 -29.025192260742188
vertex -49.1958122253418 -35.65019989013672 -29.136354446411133
endloop
endfacet
facet normal -0.9818373535820286 -0.13426577813559265 -0.1340451861600497
outer loop
vertex -49.166114807128906 -35.863670349121094 -29.140056610107422
vertex -49.1958122253418 -35.65019989013672 -29.136354446411133
vertex -49.16615676879883 -35.76498794555664 -29.23859405517578
endloop
endfacet
facet normal -0.9736299444878957 -0.0541499751770309 -0.2216134278080281
outer loop
vertex -49.16615676879883 -35.76498794555664 -29.23859405517578
vertex -49.1958122253418 -35.65019989013672 -29.136354446411133
vertex -49.16083526611328 -35.73126220703125 -29.270214080810547
endloop
endfacet
facet normal -0.9681011752527421 -0.004018290348414646 -0.250527379375859
outer loop
vertex -49.15373229980469 -35.70051956176758 -29.298154830932617
vertex -49.16083526611328 -35.73126220703125 -29.270214080810547
vertex -49.1958122253418 -35.65019989013672 -29.136354446411133
endloop
endfacet
facet normal -0.9377200122877037 -0.14710045109450756 -0.3147103999599334
outer loop
vertex -49.10921859741211 -35.847530364990234 -29.369667053222656
vertex -49.16615676879883 -35.76498794555664 -29.23859405517578
vertex -49.16083526611328 -35.73126220703125 -29.270214080810547
endloop
endfacet
facet normal -0.9288516692330737 -0.10757337683403803 -0.3544891326394287
outer loop
vertex -49.098365783691406 -35.796287536621094 -29.414167404174805
vertex -49.16083526611328 -35.73126220703125 -29.270214080810547
vertex -49.15373229980469 -35.70051956176758 -29.298154830932617
endloop
endfacet
facet normal -0.9153238548027168 -0.044286566844137724 -0.4002760807570878
outer loop
vertex -49.083961486816406 -35.74924850463867 -29.45231056213379
vertex -49.098365783691406 -35.796287536621094 -29.414167404174805
vertex -49.15373229980469 -35.70051956176758 -29.298154830932617
endloop
endfacet
facet normal -0.9289724976238359 -0.11013693161306579 -0.3533835804807446
outer loop
vertex -49.098365783691406 -35.796287536621094 -29.414167404174805
vertex -49.10921859741211 -35.847530364990234 -29.369667053222656
vertex -49.16083526611328 -35.73126220703125 -29.270214080810547
endloop
endfacet
facet normal -0.8576023876549381 -0.13892916319751558 -0.49519373209057016
outer loop
vertex -49.00906753540039 -35.859981536865234 -29.550949096679688
vertex -49.098365783691406 -35.796287536621094 -29.414167404174805
vertex -49.083961486816406 -35.74924850463867 -29.45231056213379
endloop
endfacet
facet normal -0.8741801711029977 -0.19937834643642277 -0.44278358531297374
outer loop
vertex -49.02604675292969 -35.92941665649414 -29.496999740600586
vertex -49.10921859741211 -35.847530364990234 -29.369667053222656
vertex -49.098365783691406 -35.796287536621094 -29.414167404174805
endloop
endfacet
facet normal -0.859325213704094 -0.16577881489890092 -0.48381562771693243
outer loop
vertex -49.02604675292969 -35.92941665649414 -29.496999740600586
vertex -49.098365783691406 -35.796287536621094 -29.414167404174805
vertex -49.00906753540039 -35.859981536865234 -29.550949096679688
endloop
endfacet
facet normal -0.775951671452891 -0.2576245182422627 -0.5757852127051429
outer loop
vertex -48.9033088684082 -36.01371383666992 -29.62468910217285
vertex -49.02604675292969 -35.92941665649414 -29.496999740600586
vertex -49.00906753540039 -35.859981536865234 -29.550949096679688
endloop
endfacet
facet normal -0.7564411405790314 -0.22597528851395102 -0.6137849540519305
outer loop
vertex -48.88143539428711 -35.92462921142578 -29.684444427490234
vertex -48.9033088684082 -36.01371383666992 -29.62468910217285
vertex -49.00906753540039 -35.859981536865234 -29.550949096679688
endloop
endfacet
facet normal -0.6343529439010892 -0.3171350915971732 -0.7049976427206506
outer loop
vertex -48.88143539428711 -35.92462921142578 -29.684444427490234
vertex -48.74031448364258 -36.090110778808594 -29.736984252929688
vertex -48.9033088684082 -36.01371383666992 -29.62468910217285
endloop
endfacet
facet normal -0.6400562309414959 -0.41743465149998393 -0.6450397917648597
outer loop
vertex -48.75165939331055 -36.189971923828125 -29.661102294921875
vertex -48.9033088684082 -36.01371383666992 -29.62468910217285
vertex -48.74031448364258 -36.090110778808594 -29.736984252929688
endloop
endfacet
facet normal -0.8355142201034108 -0.08098879208477655 -0.5434673896027602
outer loop
vertex -48.986671447753906 -35.79563903808594 -29.594968795776367
vertex -49.00906753540039 -35.859981536865234 -29.550949096679688
vertex -49.083961486816406 -35.74924850463867 -29.45231056213379
endloop
endfacet
facet normal -0.752398346322691 -0.17295033343600363 -0.6355980731682995
outer loop
vertex -48.88143539428711 -35.92462921142578 -29.684444427490234
vertex -49.00906753540039 -35.859981536865234 -29.550949096679688
vertex -48.986671447753906 -35.79563903808594 -29.594968795776367
endloop
endfacet
facet normal -0.7238454800245512 -0.11913378652611256 -0.6795990449934268
outer loop
vertex -48.88143539428711 -35.92462921142578 -29.684444427490234
vertex -48.986671447753906 -35.79563903808594 -29.594968795776367
vertex -48.85274124145508 -35.841148376464844 -29.72964096069336
endloop
endfacet
facet normal -0.6069519607860427 -0.20682355187189233 -0.7673547652090738
outer loop
vertex -48.71794128417969 -35.98236083984375 -29.798202514648438
vertex -48.88143539428711 -35.92462921142578 -29.684444427490234
vertex -48.85274124145508 -35.841148376464844 -29.72964096069336
endloop
endfacet
facet normal -0.6134821310101587 -0.28995324723427496 -0.7345521011810762
outer loop
vertex -48.71794128417969 -35.98236083984375 -29.798202514648438
vertex -48.74031448364258 -36.090110778808594 -29.736984252929688
vertex -48.88143539428711 -35.92462921142578 -29.684444427490234
endloop
endfacet

endsolid
