solid 
facet normal 0.9996987498969533 0.024544030933589783 -0.0
outer loop
vertex 17.493976593017578 0.24533836543560028 -19.299999237060547
vertex 17.493976593017578 0.24533836543560028 -8.149999618530273
vertex 17.5 0.0 -8.149999618530273
endloop
endfacet
facet normal 0.0 0.0 1.0
outer loop
vertex 17.475923538208008 -0.4900856912136078 -8.149999618530273
vertex 17.493976593017578 -0.24533836543560028 -8.149999618530273
vertex 17.493976593017578 0.24533836543560028 -8.149999618530273
endloop
endfacet
facet normal 0.9996987498969533 0.024544030933589783 0.0
outer loop
vertex 17.5 0.0 -19.299999237060547
vertex 17.493976593017578 0.24533836543560028 -19.299999237060547
vertex 17.5 0.0 -8.149999618530273
endloop
endfacet
facet normal 0.0 -0.0 1.0
outer loop
vertex 17.493976593017578 -0.24533836543560028 -8.149999618530273
vertex 17.5 0.0 -8.149999618530273
vertex 17.493976593017578 0.24533836543560028 -8.149999618530273
endloop
endfacet
facet normal 0.9972906338147405 -0.07356216218541596 0.0
outer loop
vertex 17.493976593017578 -0.24533836543560028 -19.299999237060547
vertex 17.493976593017578 -0.24533836543560028 -8.149999618530273
vertex 17.475923538208008 -0.4900856912136078 -8.149999618530273
endloop
endfacet
facet normal 0.9996987498969533 -0.024544030933589783 0.0
outer loop
vertex 17.493976593017578 -0.24533836543560028 -8.149999618530273
vertex 17.5 0.0 -19.299999237060547
vertex 17.5 0.0 -8.149999618530273
endloop
endfacet
facet normal 0.9996987498969533 -0.024544030933589783 0.0
outer loop
vertex 17.493976593017578 -0.24533836543560028 -19.299999237060547
vertex 17.5 0.0 -19.299999237060547
vertex 17.493976593017578 -0.24533836543560028 -8.149999618530273
endloop
endfacet
facet normal 0.0 -0.0 1.0
outer loop
vertex 17.475923538208008 -0.4900856912136078 -8.149999618530273
vertex 17.493976593017578 0.24533836543560028 -8.149999618530273
vertex 17.475923538208008 0.4900856912136078 -8.149999618530273
endloop
endfacet
facet normal 0.0 -0.0 1.0
outer loop
vertex 17.44588279724121 -0.7336523532867432 -8.149999618530273
vertex 17.475923538208008 0.4900856912136078 -8.149999618530273
vertex 17.44588279724121 0.7336523532867432 -8.149999618530273
endloop
endfacet
facet normal 0.0 0.0 1.0
outer loop
vertex 17.44588279724121 -0.7336523532867432 -8.149999618530273
vertex 17.475923538208008 -0.4900856912136078 -8.149999618530273
vertex 17.475923538208008 0.4900856912136078 -8.149999618530273
endloop
endfacet
facet normal 0.9924797036630513 -0.12240930445395928 0.0
outer loop
vertex 17.475923538208008 -0.4900856912136078 -19.299999237060547
vertex 17.475923538208008 -0.4900856912136078 -8.149999618530273
vertex 17.44588279724121 -0.7336523532867432 -8.149999618530273
endloop
endfacet
facet normal 0.9972906338147405 -0.07356216218541596 0.0
outer loop
vertex 17.475923538208008 -0.4900856912136078 -19.299999237060547
vertex 17.493976593017578 -0.24533836543560028 -19.299999237060547
vertex 17.475923538208008 -0.4900856912136078 -8.149999618530273
endloop
endfacet
facet normal 0.0 0.0 -1.0
outer loop
vertex 17.493976593017578 -0.24533836543560028 -19.299999237060547
vertex 17.493976593017578 0.24533836543560028 -19.299999237060547
vertex 17.5 0.0 -19.299999237060547
endloop
endfacet
facet normal 0.0 0.0 -1.0
outer loop
vertex 17.475923538208008 -0.4900856912136078 -19.299999237060547
vertex 17.493976593017578 0.24533836543560028 -19.299999237060547
vertex 17.493976593017578 -0.24533836543560028 -19.299999237060547
endloop
endfacet
facet normal 0.0 -0.0 1.0
outer loop
vertex 7.506022930145264 -0.24533836543560028 -8.149999618530273
vertex 7.524076461791992 0.4900856912136078 -8.149999618530273
vertex 7.506022930145264 0.24533836543560028 -8.149999618530273
endloop
endfacet
facet normal -0.9972904912685076 0.07356409467545359 0.0
outer loop
vertex 7.506022930145264 0.24533836543560028 -19.299999237060547
vertex 7.506022930145264 0.24533836543560028 -8.149999618530273
vertex 7.524076461791992 0.4900856912136078 -8.149999618530273
endloop
endfacet
facet normal 0.0 -0.0 0.9999999999999999
outer loop
vertex 7.506022930145264 -0.24533836543560028 -8.149999618530273
vertex 7.506022930145264 0.24533836543560028 -8.149999618530273
vertex 7.5 0.0 -8.149999618530273
endloop
endfacet
facet normal -0.999698797569862 0.0245420890995863 0.0
outer loop
vertex 7.5 -5.421010862427522e-17 -19.299999237060547
vertex 7.506022930145264 0.24533836543560028 -8.149999618530273
vertex 7.506022930145264 0.24533836543560028 -19.299999237060547
endloop
endfacet
facet normal 0.0 0.0 -0.9999999999999999
outer loop
vertex 7.506022930145264 -0.24533836543560028 -19.299999237060547
vertex 7.5 -5.421010862427522e-17 -19.299999237060547
vertex 7.506022930145264 0.24533836543560028 -19.299999237060547
endloop
endfacet
facet normal -0.999698797569862 -0.024542089099586304 0.0
outer loop
vertex 7.506022930145264 -0.24533836543560028 -19.299999237060547
vertex 7.506022930145264 -0.24533836543560028 -8.149999618530273
vertex 7.5 0.0 -8.149999618530273
endloop
endfacet
facet normal -0.999698797569862 0.024542089099586304 -1.1932101896614986e-19
outer loop
vertex 7.5 -5.421010862427522e-17 -19.299999237060547
vertex 7.5 0.0 -8.149999618530273
vertex 7.506022930145264 0.24533836543560028 -8.149999618530273
endloop
endfacet
facet normal -0.999698797569862 -0.024542089099586308 1.1932101896614988e-19
outer loop
vertex 7.506022930145264 -0.24533836543560028 -19.299999237060547
vertex 7.5 0.0 -8.149999618530273
vertex 7.5 -5.421010862427522e-17 -19.299999237060547
endloop
endfacet
facet normal 0.0 -0.0 1.0
outer loop
vertex 7.524076461791992 -0.4900856912136078 -8.149999618530273
vertex 7.554117679595947 0.7336523532867432 -8.149999618530273
vertex 7.524076461791992 0.4900856912136078 -8.149999618530273
endloop
endfacet
facet normal -0.9924794676080332 0.12241121834405118 0.0
outer loop
vertex 7.524076461791992 0.4900856912136078 -19.299999237060547
vertex 7.524076461791992 0.4900856912136078 -8.149999618530273
vertex 7.554117679595947 0.7336523532867432 -8.149999618530273
endloop
endfacet
facet normal -0.9924794676080332 0.12241121834405118 0.0
outer loop
vertex 7.524076461791992 0.4900856912136078 -19.299999237060547
vertex 7.554117679595947 0.7336523532867432 -8.149999618530273
vertex 7.554117679595947 0.7336523532867432 -19.299999237060547
endloop
endfacet
facet normal -0.9972904912685076 0.07356409467545359 0.0
outer loop
vertex 7.506022930145264 0.24533836543560028 -19.299999237060547
vertex 7.524076461791992 0.4900856912136078 -8.149999618530273
vertex 7.524076461791992 0.4900856912136078 -19.299999237060547
endloop
endfacet
facet normal 0.0 0.0 -1.0
outer loop
vertex 7.524076461791992 -0.4900856912136078 -19.299999237060547
vertex 7.524076461791992 0.4900856912136078 -19.299999237060547
vertex 7.554117679595947 0.7336523532867432 -19.299999237060547
endloop
endfacet
facet normal -0.9972904912685076 -0.07356409467545359 -0.0
outer loop
vertex 7.524076461791992 -0.4900856912136078 -19.299999237060547
vertex 7.506022930145264 -0.24533836543560028 -8.149999618530273
vertex 7.506022930145264 -0.24533836543560028 -19.299999237060547
endloop
endfacet
facet normal 0.0 0.0 -1.0
outer loop
vertex 7.506022930145264 -0.24533836543560028 -19.299999237060547
vertex 7.506022930145264 0.24533836543560028 -19.299999237060547
vertex 7.524076461791992 0.4900856912136078 -19.299999237060547
endloop
endfacet
facet normal 0.0 0.0 -0.9999999999999999
outer loop
vertex 7.524076461791992 -0.4900856912136078 -19.299999237060547
vertex 7.506022930145264 -0.24533836543560028 -19.299999237060547
vertex 7.524076461791992 0.4900856912136078 -19.299999237060547
endloop
endfacet
facet normal 0.0 -0.0 0.9999999999999999
outer loop
vertex 17.403926849365234 -0.9754515886306763 -8.149999618530273
vertex 17.44588279724121 0.7336523532867432 -8.149999618530273
vertex 17.403926849365234 0.9754515886306763 -8.149999618530273
endloop
endfacet
facet normal 0.0 0.0 1.0
outer loop
vertex 17.403926849365234 -0.9754515886306763 -8.149999618530273
vertex 17.44588279724121 -0.7336523532867432 -8.149999618530273
vertex 17.44588279724121 0.7336523532867432 -8.149999618530273
endloop
endfacet
facet normal 0.9852777793239073 -0.17096109958277 0.0
outer loop
vertex 17.44588279724121 -0.7336523532867432 -19.299999237060547
vertex 17.44588279724121 -0.7336523532867432 -8.149999618530273
vertex 17.403926849365234 -0.9754515886306763 -8.149999618530273
endloop
endfacet
facet normal 0.9972906338147405 0.07356216218541596 0.0
outer loop
vertex 17.493976593017578 0.24533836543560028 -19.299999237060547
vertex 17.475923538208008 0.4900856912136078 -19.299999237060547
vertex 17.493976593017578 0.24533836543560028 -8.149999618530273
endloop
endfacet
facet normal 0.9924797036630513 -0.12240930445395928 0.0
outer loop
vertex 17.44588279724121 -0.7336523532867432 -19.299999237060547
vertex 17.475923538208008 -0.4900856912136078 -19.299999237060547
vertex 17.44588279724121 -0.7336523532867432 -8.149999618530273
endloop
endfacet
facet normal 0.0 0.0 -1.0
outer loop
vertex 17.475923538208008 -0.4900856912136078 -19.299999237060547
vertex 17.475923538208008 0.4900856912136078 -19.299999237060547
vertex 17.493976593017578 0.24533836543560028 -19.299999237060547
endloop
endfacet
facet normal 0.0 0.0 -1.0
outer loop
vertex 17.44588279724121 -0.7336523532867432 -19.299999237060547
vertex 17.475923538208008 0.4900856912136078 -19.299999237060547
vertex 17.475923538208008 -0.4900856912136078 -19.299999237060547
endloop
endfacet
facet normal 0.0 -0.0 1.0
outer loop
vertex 17.350156784057617 -1.2149008512496948 -8.149999618530273
vertex 17.403926849365234 0.9754515886306763 -8.149999618530273
vertex 17.350156784057617 1.2149008512496948 -8.149999618530273
endloop
endfacet
facet normal 0.0 0.0 1.0
outer loop
vertex 17.350156784057617 -1.2149008512496948 -8.149999618530273
vertex 17.403926849365234 -0.9754515886306763 -8.149999618530273
vertex 17.403926849365234 0.9754515886306763 -8.149999618530273
endloop
endfacet
facet normal 0.9972906338147405 0.07356216218541596 -0.0
outer loop
vertex 17.475923538208008 0.4900856912136078 -19.299999237060547
vertex 17.475923538208008 0.4900856912136078 -8.149999618530273
vertex 17.493976593017578 0.24533836543560028 -8.149999618530273
endloop
endfacet
facet normal 0.9757021864105241 -0.21910098912082335 0.0
outer loop
vertex 17.403926849365234 -0.9754515886306763 -19.299999237060547
vertex 17.403926849365234 -0.9754515886306763 -8.149999618530273
vertex 17.350156784057617 -1.2149008512496948 -8.149999618530273
endloop
endfacet
facet normal 0.9924797036630513 0.12240930445395928 0.0
outer loop
vertex 17.475923538208008 0.4900856912136078 -19.299999237060547
vertex 17.44588279724121 0.7336523532867432 -19.299999237060547
vertex 17.475923538208008 0.4900856912136078 -8.149999618530273
endloop
endfacet
facet normal 0.9852777793239073 -0.17096109958277 0.0
outer loop
vertex 17.403926849365234 -0.9754515886306763 -19.299999237060547
vertex 17.44588279724121 -0.7336523532867432 -19.299999237060547
vertex 17.403926849365234 -0.9754515886306763 -8.149999618530273
endloop
endfacet
facet normal 0.0 0.0 -1.0
outer loop
vertex 17.44588279724121 -0.7336523532867432 -19.299999237060547
vertex 17.44588279724121 0.7336523532867432 -19.299999237060547
vertex 17.475923538208008 0.4900856912136078 -19.299999237060547
endloop
endfacet
facet normal 0.0 0.0 -1.0
outer loop
vertex 17.403926849365234 -0.9754515886306763 -19.299999237060547
vertex 17.44588279724121 0.7336523532867432 -19.299999237060547
vertex 17.44588279724121 -0.7336523532867432 -19.299999237060547
endloop
endfacet
facet normal 0.0 0.0 1.0
outer loop
vertex 17.28470230102539 -1.4514234066009521 -8.149999618530273
vertex 17.350156784057617 -1.2149008512496948 -8.149999618530273
vertex 17.350156784057617 1.2149008512496948 -8.149999618530273
endloop
endfacet
facet normal 0.9924797036630513 0.12240930445395928 -0.0
outer loop
vertex 17.44588279724121 0.7336523532867432 -19.299999237060547
vertex 17.44588279724121 0.7336523532867432 -8.149999618530273
vertex 17.475923538208008 0.4900856912136078 -8.149999618530273
endloop
endfacet
facet normal 0.9637761949035429 -0.2667122909377213 0.0
outer loop
vertex 17.350156784057617 -1.2149008512496948 -19.299999237060547
vertex 17.350156784057617 -1.2149008512496948 -8.149999618530273
vertex 17.28470230102539 -1.4514234066009521 -8.149999618530273
endloop
endfacet
facet normal 0.9852777793239073 0.17096109958277 0.0
outer loop
vertex 17.44588279724121 0.7336523532867432 -19.299999237060547
vertex 17.403926849365234 0.9754515886306763 -19.299999237060547
vertex 17.44588279724121 0.7336523532867432 -8.149999618530273
endloop
endfacet
facet normal 0.9757021864105241 -0.21910098912082335 0.0
outer loop
vertex 17.350156784057617 -1.2149008512496948 -19.299999237060547
vertex 17.403926849365234 -0.9754515886306763 -19.299999237060547
vertex 17.350156784057617 -1.2149008512496948 -8.149999618530273
endloop
endfacet
facet normal 0.0 0.0 -0.9999999999999999
outer loop
vertex 17.403926849365234 -0.9754515886306763 -19.299999237060547
vertex 17.403926849365234 0.9754515886306763 -19.299999237060547
vertex 17.44588279724121 0.7336523532867432 -19.299999237060547
endloop
endfacet
facet normal 0.0 0.0 -1.0
outer loop
vertex 17.350156784057617 -1.2149008512496948 -19.299999237060547
vertex 17.403926849365234 0.9754515886306763 -19.299999237060547
vertex 17.403926849365234 -0.9754515886306763 -19.299999237060547
endloop
endfacet
facet normal 0.0 -0.0 1.0
outer loop
vertex 7.554117679595947 -0.7336523532867432 -8.149999618530273
vertex 7.596073627471924 0.9754515886306763 -8.149999618530273
vertex 7.554117679595947 0.7336523532867432 -8.149999618530273
endloop
endfacet
facet normal -0.9852777793239073 0.17096109958277 0.0
outer loop
vertex 7.554117679595947 0.7336523532867432 -19.299999237060547
vertex 7.554117679595947 0.7336523532867432 -8.149999618530273
vertex 7.596073627471924 0.9754515886306763 -8.149999618530273
endloop
endfacet
facet normal 0.0 -0.0 0.9999999999999999
outer loop
vertex 7.524076461791992 -0.4900856912136078 -8.149999618530273
vertex 7.524076461791992 0.4900856912136078 -8.149999618530273
vertex 7.506022930145264 -0.24533836543560028 -8.149999618530273
endloop
endfacet
facet normal -0.9852777793239073 0.17096109958277 0.0
outer loop
vertex 7.554117679595947 0.7336523532867432 -19.299999237060547
vertex 7.596073627471924 0.9754515886306763 -8.149999618530273
vertex 7.596073627471924 0.9754515886306763 -19.299999237060547
endloop
endfacet
facet normal -0.9972904912685076 -0.07356409467545359 0.0
outer loop
vertex 7.524076461791992 -0.4900856912136078 -19.299999237060547
vertex 7.524076461791992 -0.4900856912136078 -8.149999618530273
vertex 7.506022930145264 -0.24533836543560028 -8.149999618530273
endloop
endfacet
facet normal 0.0 0.0 -1.0
outer loop
vertex 7.554117679595947 -0.7336523532867432 -19.299999237060547
vertex 7.554117679595947 0.7336523532867432 -19.299999237060547
vertex 7.596073627471924 0.9754515886306763 -19.299999237060547
endloop
endfacet
facet normal -0.9924794676080332 -0.12241121834405118 -0.0
outer loop
vertex 7.554117679595947 -0.7336523532867432 -19.299999237060547
vertex 7.524076461791992 -0.4900856912136078 -8.149999618530273
vertex 7.524076461791992 -0.4900856912136078 -19.299999237060547
endloop
endfacet
facet normal 0.0 0.0 -1.0
outer loop
vertex 7.554117679595947 -0.7336523532867432 -19.299999237060547
vertex 7.524076461791992 -0.4900856912136078 -19.299999237060547
vertex 7.554117679595947 0.7336523532867432 -19.299999237060547
endloop
endfacet
facet normal 0.0 -0.0 1.0
outer loop
vertex 7.596073627471924 -0.9754515886306763 -8.149999618530273
vertex 7.649843692779541 1.2149008512496948 -8.149999618530273
vertex 7.596073627471924 0.9754515886306763 -8.149999618530273
endloop
endfacet
facet normal -0.9757021864105241 0.21910098912082335 0.0
outer loop
vertex 7.596073627471924 0.9754515886306763 -19.299999237060547
vertex 7.596073627471924 0.9754515886306763 -8.149999618530273
vertex 7.649843692779541 1.2149008512496948 -8.149999618530273
endloop
endfacet
facet normal 0.0 -0.0 1.0
outer loop
vertex 7.554117679595947 -0.7336523532867432 -8.149999618530273
vertex 7.554117679595947 0.7336523532867432 -8.149999618530273
vertex 7.524076461791992 -0.4900856912136078 -8.149999618530273
endloop
endfacet
facet normal -0.9757021864105241 0.21910098912082335 0.0
outer loop
vertex 7.596073627471924 0.9754515886306763 -19.299999237060547
vertex 7.649843692779541 1.2149008512496948 -8.149999618530273
vertex 7.649843692779541 1.2149008512496948 -19.299999237060547
endloop
endfacet
facet normal -0.9924794676080332 -0.12241121834405118 0.0
outer loop
vertex 7.554117679595947 -0.7336523532867432 -19.299999237060547
vertex 7.554117679595947 -0.7336523532867432 -8.149999618530273
vertex 7.524076461791992 -0.4900856912136078 -8.149999618530273
endloop
endfacet
facet normal 0.0 0.0 -1.0
outer loop
vertex 7.596073627471924 -0.9754515886306763 -19.299999237060547
vertex 7.596073627471924 0.9754515886306763 -19.299999237060547
vertex 7.649843692779541 1.2149008512496948 -19.299999237060547
endloop
endfacet
facet normal -0.9852777793239073 -0.17096109958277 -0.0
outer loop
vertex 7.596073627471924 -0.9754515886306763 -19.299999237060547
vertex 7.554117679595947 -0.7336523532867432 -8.149999618530273
vertex 7.554117679595947 -0.7336523532867432 -19.299999237060547
endloop
endfacet
facet normal 0.0 0.0 -0.9999999999999999
outer loop
vertex 7.596073627471924 -0.9754515886306763 -19.299999237060547
vertex 7.554117679595947 -0.7336523532867432 -19.299999237060547
vertex 7.596073627471924 0.9754515886306763 -19.299999237060547
endloop
endfacet
facet normal 0.0 0.0 1.0
outer loop
vertex 17.207719802856445 -1.684449315071106 -8.149999618530273
vertex 17.28470230102539 -1.4514234066009521 -8.149999618530273
vertex 17.28470230102539 1.4514234066009521 -8.149999618530273
endloop
endfacet
facet normal 0.9852777793239073 0.17096109958277 -0.0
outer loop
vertex 17.403926849365234 0.9754515886306763 -19.299999237060547
vertex 17.403926849365234 0.9754515886306763 -8.149999618530273
vertex 17.44588279724121 0.7336523532867432 -8.149999618530273
endloop
endfacet
facet normal 0.9495268015586431 -0.3136859147647742 0.0
outer loop
vertex 17.28470230102539 -1.4514234066009521 -19.299999237060547
vertex 17.28470230102539 -1.4514234066009521 -8.149999618530273
vertex 17.207719802856445 -1.684449315071106 -8.149999618530273
endloop
endfacet
facet normal 0.9757021864105241 0.21910098912082335 0.0
outer loop
vertex 17.403926849365234 0.9754515886306763 -19.299999237060547
vertex 17.350156784057617 1.2149008512496948 -19.299999237060547
vertex 17.403926849365234 0.9754515886306763 -8.149999618530273
endloop
endfacet
facet normal 0.9637761949035429 -0.2667122909377213 0.0
outer loop
vertex 17.28470230102539 -1.4514234066009521 -19.299999237060547
vertex 17.350156784057617 -1.2149008512496948 -19.299999237060547
vertex 17.28470230102539 -1.4514234066009521 -8.149999618530273
endloop
endfacet
facet normal 0.0 0.0 -1.0
outer loop
vertex 17.350156784057617 -1.2149008512496948 -19.299999237060547
vertex 17.350156784057617 1.2149008512496948 -19.299999237060547
vertex 17.403926849365234 0.9754515886306763 -19.299999237060547
endloop
endfacet
facet normal 0.0 0.0 -1.0
outer loop
vertex 17.28470230102539 -1.4514234066009521 -19.299999237060547
vertex 17.350156784057617 1.2149008512496948 -19.299999237060547
vertex 17.350156784057617 -1.2149008512496948 -19.299999237060547
endloop
endfacet
facet normal 0.0 -0.0 1.0
outer loop
vertex 17.11939811706543 -1.9134172201156616 -8.149999618530273
vertex 17.207719802856445 1.684449315071106 -8.149999618530273
vertex 17.11939811706543 1.9134172201156616 -8.149999618530273
endloop
endfacet
facet normal 0.0 0.0 1.0
outer loop
vertex 17.11939811706543 -1.9134172201156616 -8.149999618530273
vertex 17.207719802856445 -1.684449315071106 -8.149999618530273
vertex 17.207719802856445 1.684449315071106 -8.149999618530273
endloop
endfacet
facet normal 0.9757021864105241 0.21910098912082335 -0.0
outer loop
vertex 17.350156784057617 1.2149008512496948 -19.299999237060547
vertex 17.350156784057617 1.2149008512496948 -8.149999618530273
vertex 17.403926849365234 0.9754515886306763 -8.149999618530273
endloop
endfacet
facet normal 0.9329941417365711 -0.3598915551735538 0.0
outer loop
vertex 17.207719802856445 -1.684449315071106 -19.299999237060547
vertex 17.207719802856445 -1.684449315071106 -8.149999618530273
vertex 17.11939811706543 -1.9134172201156616 -8.149999618530273
endloop
endfacet
facet normal 0.9637761949035429 0.2667122909377213 0.0
outer loop
vertex 17.350156784057617 1.2149008512496948 -19.299999237060547
vertex 17.28470230102539 1.4514234066009521 -19.299999237060547
vertex 17.350156784057617 1.2149008512496948 -8.149999618530273
endloop
endfacet
facet normal 0.9495268015586431 -0.3136859147647742 0.0
outer loop
vertex 17.207719802856445 -1.684449315071106 -19.299999237060547
vertex 17.28470230102539 -1.4514234066009521 -19.299999237060547
vertex 17.207719802856445 -1.684449315071106 -8.149999618530273
endloop
endfacet
facet normal 0.0 0.0 -1.0
outer loop
vertex 17.28470230102539 -1.4514234066009521 -19.299999237060547
vertex 17.28470230102539 1.4514234066009521 -19.299999237060547
vertex 17.350156784057617 1.2149008512496948 -19.299999237060547
endloop
endfacet
facet normal 0.0 0.0 -1.0
outer loop
vertex 17.207719802856445 -1.684449315071106 -19.299999237060547
vertex 17.28470230102539 1.4514234066009521 -19.299999237060547
vertex 17.28470230102539 -1.4514234066009521 -19.299999237060547
endloop
endfacet
facet normal 0.0 -0.0 1.0
outer loop
vertex 17.28470230102539 -1.4514234066009521 -8.149999618530273
vertex 17.350156784057617 1.2149008512496948 -8.149999618530273
vertex 17.28470230102539 1.4514234066009521 -8.149999618530273
endloop
endfacet
facet normal 0.0 0.0 1.0
outer loop
vertex 17.019947052001953 -2.137775421142578 -8.149999618530273
vertex 17.11939811706543 -1.9134172201156616 -8.149999618530273
vertex 17.11939811706543 1.9134172201156616 -8.149999618530273
endloop
endfacet
facet normal 0.9637761949035429 0.2667122909377213 -0.0
outer loop
vertex 17.28470230102539 1.4514234066009521 -19.299999237060547
vertex 17.28470230102539 1.4514234066009521 -8.149999618530273
vertex 17.350156784057617 1.2149008512496948 -8.149999618530273
endloop
endfacet
facet normal 0.9142098849908777 -0.4052410223372826 0.0
outer loop
vertex 17.11939811706543 -1.9134172201156616 -19.299999237060547
vertex 17.11939811706543 -1.9134172201156616 -8.149999618530273
vertex 17.019947052001953 -2.137775421142578 -8.149999618530273
endloop
endfacet
facet normal 0.9495268015586431 0.3136859147647742 0.0
outer loop
vertex 17.28470230102539 1.4514234066009521 -19.299999237060547
vertex 17.207719802856445 1.684449315071106 -19.299999237060547
vertex 17.28470230102539 1.4514234066009521 -8.149999618530273
endloop
endfacet
facet normal 0.9329941417365711 -0.3598915551735538 0.0
outer loop
vertex 17.11939811706543 -1.9134172201156616 -19.299999237060547
vertex 17.207719802856445 -1.684449315071106 -19.299999237060547
vertex 17.11939811706543 -1.9134172201156616 -8.149999618530273
endloop
endfacet
facet normal 0.0 0.0 -1.0
outer loop
vertex 17.207719802856445 -1.684449315071106 -19.299999237060547
vertex 17.207719802856445 1.684449315071106 -19.299999237060547
vertex 17.28470230102539 1.4514234066009521 -19.299999237060547
endloop
endfacet
facet normal 0.0 0.0 -1.0
outer loop
vertex 17.11939811706543 -1.9134172201156616 -19.299999237060547
vertex 17.207719802856445 1.684449315071106 -19.299999237060547
vertex 17.207719802856445 -1.684449315071106 -19.299999237060547
endloop
endfacet
facet normal -0.5758089216159664 -0.8175842988875568 -0.0
outer loop
vertex 14.222268104553223 2.5775558948516846 -16.799999237060547
vertex 14.222268104553223 2.5775558948516846 -19.299999237060547
vertex 14.346668243408203 2.489943265914917 -16.799999237060547
endloop
endfacet
facet normal -0.534996013251701 -0.8448545826382111 -0.0
outer loop
vertex 14.093718528747559 2.658958673477173 -16.799999237060547
vertex 14.093718528747559 2.658958673477173 -19.299999237060547
vertex 14.222268104553223 2.5775558948516846 -16.799999237060547
endloop
endfacet
facet normal -0.0 0.0 -1.0
outer loop
vertex 14.413416862487793 4.6193976402282715 -19.299999237060547
vertex 14.222268104553223 2.5775558948516846 -19.299999237060547
vertex 14.093718528747559 2.658958673477173 -19.299999237060547
endloop
endfacet
facet normal -0.534996013251701 -0.8448545826382111 0.0
outer loop
vertex 14.222268104553223 2.5775558948516846 -16.799999237060547
vertex 14.093718528747559 2.658958673477173 -19.299999237060547
vertex 14.222268104553223 2.5775558948516846 -19.299999237060547
endloop
endfacet
facet normal -0.7409520017529572 -0.6715565052355642 -0.0014111605439872444
outer loop
vertex 13.702081680297852 1.202081561088562 -14.699999809265137
vertex 13.814117431640625 1.0784685611724854 -14.699999809265137
vertex 13.641650199890137 1.2596169710159302 -10.350000381469727
endloop
endfacet
facet normal -0.5121990412816402 -0.48765054568416943 -0.7070000618133641
outer loop
vertex 13.702081680297852 1.202081561088562 -14.699999809265137
vertex 14.762742042541504 2.262741804122925 -16.200000762939453
vertex 14.87104320526123 2.148988723754883 -16.200000762939453
endloop
endfacet
facet normal -0.5355065662554771 -0.4619345175069348 -0.7070001549030266
outer loop
vertex 13.814117431640625 1.0784685611724854 -14.699999809265137
vertex 14.87104320526123 2.148988723754883 -16.200000762939453
vertex 14.973633766174316 2.0300586223602295 -16.200000762939453
endloop
endfacet
facet normal -0.5235754039489534 -0.4745387928926729 -0.7075886731849621
outer loop
vertex 13.702081680297852 1.202081561088562 -14.699999809265137
vertex 14.87104320526123 2.148988723754883 -16.200000762939453
vertex 13.814117431640625 1.0784685611724854 -14.699999809265137
endloop
endfacet
facet normal -0.0 -0.0 1.0
outer loop
vertex 14.184449195861816 4.7077202796936035 -8.149999618530273
vertex 16.0 2.020725965499878 -8.149999618530273
vertex 14.413416862487793 4.6193976402282715 -8.149999618530273
endloop
endfacet
facet normal -0.0 -0.0 1.0
outer loop
vertex 13.951423645019531 4.784701824188232 -8.149999618530273
vertex 16.0 2.020725965499878 -8.149999618530273
vertex 14.184449195861816 4.7077202796936035 -8.149999618530273
endloop
endfacet
facet normal 0.3136828451774607 0.9495278156227827 -0.0
outer loop
vertex 13.951423645019531 4.784701824188232 -19.299999237060547
vertex 13.951423645019531 4.784701824188232 -8.149999618530273
vertex 14.184449195861816 4.7077202796936035 -8.149999618530273
endloop
endfacet
facet normal 0.3136828451774607 0.9495278156227827 0.0
outer loop
vertex 13.951423645019531 4.784701824188232 -19.299999237060547
vertex 14.184449195861816 4.7077202796936035 -8.149999618530273
vertex 14.184449195861816 4.7077202796936035 -19.299999237060547
endloop
endfacet
facet normal 0.0 -0.0 -1.0
outer loop
vertex 13.951423645019531 4.784701824188232 -19.299999237060547
vertex 14.184449195861816 4.7077202796936035 -19.299999237060547
vertex 13.825420379638672 2.8023667335510254 -19.299999237060547
endloop
endfacet
facet normal -0.4496112838674563 -0.8932243242428285 -0.0
outer loop
vertex 13.961329460144043 2.7339558601379395 -16.799999237060547
vertex 13.825420379638672 2.8023667335510254 -16.799999237060547
vertex 13.825420379638672 2.8023667335510254 -19.299999237060547
endloop
endfacet
facet normal -0.0 0.0 -1.0
outer loop
vertex 14.184449195861816 4.7077202796936035 -19.299999237060547
vertex 13.961329460144043 2.7339558601379395 -19.299999237060547
vertex 13.825420379638672 2.8023667335510254 -19.299999237060547
endloop
endfacet
facet normal -0.4496112838674563 -0.8932243242428285 0.0
outer loop
vertex 13.961329460144043 2.7339558601379395 -16.799999237060547
vertex 13.825420379638672 2.8023667335510254 -19.299999237060547
vertex 13.961329460144043 2.7339558601379395 -19.299999237060547
endloop
endfacet
facet normal -0.0 0.0 -1.0
outer loop
vertex 13.951423645019531 4.784701824188232 -19.299999237060547
vertex 13.825420379638672 2.8023667335510254 -19.299999237060547
vertex 13.686318397521973 2.8640265464782715 -19.299999237060547
endloop
endfacet
facet normal 0.2667121660750098 0.9637762294576352 0.0
outer loop
vertex 13.714900970458984 4.850156307220459 -19.299999237060547
vertex 13.951423645019531 4.784701824188232 -8.149999618530273
vertex 13.951423645019531 4.784701824188232 -19.299999237060547
endloop
endfacet
facet normal -0.4052421101123318 -0.9142094028130014 0.0
outer loop
vertex 13.825420379638672 2.8023667335510254 -16.799999237060547
vertex 13.686318397521973 2.8640265464782715 -19.299999237060547
vertex 13.825420379638672 2.8023667335510254 -19.299999237060547
endloop
endfacet
facet normal 0.0 -0.0 -1.0
outer loop
vertex 13.714900970458984 4.850156307220459 -19.299999237060547
vertex 13.951423645019531 4.784701824188232 -19.299999237060547
vertex 13.686318397521973 2.8640265464782715 -19.299999237060547
endloop
endfacet
facet normal -0.4052421101123318 -0.9142094028130014 -0.0
outer loop
vertex 13.686318397521973 2.8640265464782715 -16.799999237060547
vertex 13.686318397521973 2.8640265464782715 -19.299999237060547
vertex 13.825420379638672 2.8023667335510254 -16.799999237060547
endloop
endfacet
facet normal -0.3598945157946883 -0.9329929997062717 -0.0
outer loop
vertex 13.544358253479004 2.9187865257263184 -16.799999237060547
vertex 13.544358253479004 2.9187865257263184 -19.299999237060547
vertex 13.686318397521973 2.8640265464782715 -16.799999237060547
endloop
endfacet
facet normal -0.0 0.0 -1.0
outer loop
vertex 13.714900970458984 4.850156307220459 -19.299999237060547
vertex 13.686318397521973 2.8640265464782715 -19.299999237060547
vertex 13.544358253479004 2.9187865257263184 -19.299999237060547
endloop
endfacet
facet normal -0.3598945157946883 -0.9329929997062717 0.0
outer loop
vertex 13.686318397521973 2.8640265464782715 -16.799999237060547
vertex 13.544358253479004 2.9187865257263184 -19.299999237060547
vertex 13.686318397521973 2.8640265464782715 -19.299999237060547
endloop
endfacet
facet normal 0.0 -0.0 1.0
outer loop
vertex 10.929405212402344 -0.6505618095397949 -16.299999237060547
vertex 10.929405212402344 0.6505618095397949 -16.299999237060547
vertex 10.850946426391602 -0.4130662977695465 -16.299999237060547
endloop
endfacet
facet normal 0.9495271486135254 0.31368486422820646 0.0
outer loop
vertex 10.929405212402344 -0.6505618095397949 -16.299999237060547
vertex 10.850946426391602 -0.4130662977695465 -16.299999237060547
vertex 10.929405212402344 -0.6505618095397949 -16.200000762939453
endloop
endfacet
facet normal 0.49289590340944744 0.8700837137961352 -0.002821238896257773
outer loop
vertex 11.626025199890137 -1.4581385850906372 -14.699999809265137
vertex 11.849437713623047 -1.5705952644348145 -10.350000381469727
vertex 11.698625564575195 -1.4992661476135254 -14.699999809265137
endloop
endfacet
facet normal 0.9142137237881302 0.40523236203126783 -0.0
outer loop
vertex 10.963217735290527 -0.7268436551094055 -16.200000762939453
vertex 10.929405212402344 -0.6505618095397949 -16.299999237060547
vertex 10.929405212402344 -0.6505618095397949 -16.200000762939453
endloop
endfacet
facet normal 0.34858401502674474 0.6153373811112598 -0.7070000649752237
outer loop
vertex 10.991530418395996 -2.822148084640503 -16.200000762939453
vertex 11.626025199890137 -1.4581385850906372 -14.699999809265137
vertex 11.698625564575195 -1.4992661476135254 -14.699999809265137
endloop
endfacet
facet normal 0.0 -0.0 1.0
outer loop
vertex 10.854870796203613 -2.7447316646575928 -16.200000762939453
vertex 10.963217735290527 -0.7268436551094055 -16.200000762939453
vertex 10.929405212402344 -0.6505618095397949 -16.200000762939453
endloop
endfacet
facet normal 0.34858320674029764 0.6153377971527794 -0.707000101395902
outer loop
vertex 10.854870796203613 -2.7447316646575928 -16.200000762939453
vertex 11.626025199890137 -1.4581385850906372 -14.699999809265137
vertex 10.991530418395996 -2.822148084640503 -16.200000762939453
endloop
endfacet
facet normal -0.0 -0.0 1.0
outer loop
vertex 10.854870796203613 -2.7447316646575928 -16.200000762939453
vertex 10.991530418395996 -2.822148084640503 -16.200000762939453
vertex 10.963217735290527 -0.7268436551094055 -16.200000762939453
endloop
endfacet
facet normal 0.0 -0.0 1.0
outer loop
vertex 10.929405212402344 0.6505618095397949 -16.200000762939453
vertex 10.991530418395996 2.822148084640503 -16.200000762939453
vertex 10.854870796203613 2.7447316646575928 -16.200000762939453
endloop
endfacet
facet normal 0.0 -0.0 0.9999999999999999
outer loop
vertex 10.850946426391602 0.4130662977695465 -16.200000762939453
vertex 10.929405212402344 0.6505618095397949 -16.200000762939453
vertex 10.854870796203613 2.7447316646575928 -16.200000762939453
endloop
endfacet
facet normal 0.0 0.0 1.0
outer loop
vertex 10.818400382995605 0.24944180250167847 -16.200000762939453
vertex 10.850946426391602 0.4130662977695465 -16.200000762939453
vertex 10.854870796203613 2.7447316646575928 -16.200000762939453
endloop
endfacet
facet normal 0.9495271486135254 -0.31368486422820646 0.0
outer loop
vertex 10.850946426391602 0.4130662977695465 -16.200000762939453
vertex 10.929405212402344 0.6505618095397949 -16.299999237060547
vertex 10.929405212402344 0.6505618095397949 -16.200000762939453
endloop
endfacet
facet normal 0.9807863038144392 -0.19508517691001132 0.0
outer loop
vertex 10.818400382995605 0.24944180250167847 -16.200000762939453
vertex 10.850946426391602 0.4130662977695465 -16.299999237060547
vertex 10.850946426391602 0.4130662977695465 -16.200000762939453
endloop
endfacet
facet normal 0.9807863038144392 -0.19508517691001132 0.0
outer loop
vertex 10.818400382995605 0.24944180250167847 -16.299999237060547
vertex 10.850946426391602 0.4130662977695465 -16.299999237060547
vertex 10.818400382995605 0.24944180250167847 -16.200000762939453
endloop
endfacet
facet normal 0.9495271486135254 -0.31368486422820646 0.0
outer loop
vertex 10.850946426391602 0.4130662977695465 -16.299999237060547
vertex 10.929405212402344 0.6505618095397949 -16.299999237060547
vertex 10.850946426391602 0.4130662977695465 -16.200000762939453
endloop
endfacet
facet normal 0.0 -0.0 0.9999999999999999
outer loop
vertex 10.818400382995605 -0.24944180250167847 -16.299999237060547
vertex 10.850946426391602 0.4130662977695465 -16.299999237060547
vertex 10.818400382995605 0.24944180250167847 -16.299999237060547
endloop
endfacet
facet normal 0.0 -0.0 1.0
outer loop
vertex 10.850946426391602 -0.4130662977695465 -16.299999237060547
vertex 10.929405212402344 0.6505618095397949 -16.299999237060547
vertex 10.850946426391602 0.4130662977695465 -16.299999237060547
endloop
endfacet
facet normal 0.0 -0.0 1.0
outer loop
vertex 10.850946426391602 -0.4130662977695465 -16.299999237060547
vertex 10.850946426391602 0.4130662977695465 -16.299999237060547
vertex 10.818400382995605 -0.24944180250167847 -16.299999237060547
endloop
endfacet
facet normal 0.9807863038144392 0.19508517691001132 0.0
outer loop
vertex 10.850946426391602 -0.4130662977695465 -16.299999237060547
vertex 10.818400382995605 -0.24944180250167847 -16.299999237060547
vertex 10.850946426391602 -0.4130662977695465 -16.200000762939453
endloop
endfacet
facet normal 0.9495271486135254 0.31368486422820646 -0.0
outer loop
vertex 10.929405212402344 -0.6505618095397949 -16.200000762939453
vertex 10.850946426391602 -0.4130662977695465 -16.299999237060547
vertex 10.850946426391602 -0.4130662977695465 -16.200000762939453
endloop
endfacet
facet normal 0.0 -0.0 0.9999999999999999
outer loop
vertex 10.854870796203613 -2.7447316646575928 -16.200000762939453
vertex 10.929405212402344 -0.6505618095397949 -16.200000762939453
vertex 10.850946426391602 -0.4130662977695465 -16.200000762939453
endloop
endfacet
facet normal -0.0 -0.0 1.0
outer loop
vertex 10.722175598144531 -2.660702705383301 -16.200000762939453
vertex 10.854870796203613 -2.7447316646575928 -16.200000762939453
vertex 10.850946426391602 -0.4130662977695465 -16.200000762939453
endloop
endfacet
facet normal 0.0 0.0 0.9999999999999999
outer loop
vertex 10.963217735290527 -0.7268436551094055 -16.299999237060547
vertex 10.929405212402344 0.6505618095397949 -16.299999237060547
vertex 10.929405212402344 -0.6505618095397949 -16.299999237060547
endloop
endfacet
facet normal 0.9142137237881302 0.40523236203126783 0.0
outer loop
vertex 10.963217735290527 -0.7268436551094055 -16.299999237060547
vertex 10.929405212402344 -0.6505618095397949 -16.299999237060547
vertex 10.963217735290527 -0.7268436551094055 -16.200000762939453
endloop
endfacet
facet normal 0.4496119731413735 0.8932234814421547 -0.0009411738828352864
outer loop
vertex 11.77315616607666 -1.5367817878723145 -14.699999809265137
vertex 11.698625564575195 -1.4992661476135254 -14.699999809265137
vertex 11.849437713623047 -1.5705952644348145 -10.350000381469727
endloop
endfacet
facet normal 0.8819197016378149 0.4713996604401275 -0.0
outer loop
vertex 10.963217735290527 -0.7268436551094055 -16.299999237060547
vertex 10.963217735290527 -0.7268436551094055 -16.200000762939453
vertex 11.041861534118652 -0.8739746809005737 -16.200000762939453
endloop
endfacet
facet normal 0.31797179815686677 0.6316999846905611 -0.7070000459114791
outer loop
vertex 11.131823539733887 -2.892765760421753 -16.200000762939453
vertex 11.698625564575195 -1.4992661476135254 -14.699999809265137
vertex 11.77315616607666 -1.5367817878723145 -14.699999809265137
endloop
endfacet
facet normal 0.0 -0.0 1.0
outer loop
vertex 10.991530418395996 -2.822148084640503 -16.200000762939453
vertex 11.041861534118652 -0.8739746809005737 -16.200000762939453
vertex 10.963217735290527 -0.7268436551094055 -16.200000762939453
endloop
endfacet
facet normal 0.31797138419565185 0.6317001726752101 -0.7070000641264547
outer loop
vertex 10.991530418395996 -2.822148084640503 -16.200000762939453
vertex 11.698625564575195 -1.4992661476135254 -14.699999809265137
vertex 11.131823539733887 -2.892765760421753 -16.200000762939453
endloop
endfacet
facet normal -0.0 -0.0 1.0
outer loop
vertex 10.991530418395996 -2.822148084640503 -16.200000762939453
vertex 11.131823539733887 -2.892765760421753 -16.200000762939453
vertex 11.041861534118652 -0.8739746809005737 -16.200000762939453
endloop
endfacet
facet normal 0.18862204282654846 0.6815956384073666 -0.7070000782630749
outer loop
vertex 11.571088790893555 -3.062209129333496 -16.200000762939453
vertex 12.006516456604004 -1.6267986297607422 -14.699999809265137
vertex 11.722463607788086 -3.104099988937378 -16.200000762939453
endloop
endfacet
facet normal 0.22183973503568172 0.6715191677440043 -0.707000098523118
outer loop
vertex 11.571088790893555 -3.062209129333496 -16.200000762939453
vertex 11.421952247619629 -3.0129411220550537 -16.200000762939453
vertex 12.006516456604004 -1.6267986297607422 -14.699999809265137
endloop
endfacet
facet normal -0.0 -0.0 1.0
outer loop
vertex 11.571088790893555 -3.062209129333496 -16.200000762939453
vertex 11.722463607788086 -3.104099988937378 -16.200000762939453
vertex 11.626025199890137 -1.4581385850906372 -16.200000762939453
endloop
endfacet
facet normal 0.0 -0.0 1.0
outer loop
vertex 11.571088790893555 -3.062209129333496 -16.200000762939453
vertex 11.626025199890137 -1.4581385850906372 -16.200000762939453
vertex 11.421952247619629 -3.0129411220550537 -16.200000762939453
endloop
endfacet
facet normal 0.0 -0.0 1.0
outer loop
vertex 7.649843692779541 -1.2149008512496948 -8.149999618530273
vertex 7.715298175811768 1.4514234066009521 -8.149999618530273
vertex 7.649843692779541 1.2149008512496948 -8.149999618530273
endloop
endfacet
facet normal -0.9637761949035429 0.2667122909377213 0.0
outer loop
vertex 7.649843692779541 1.2149008512496948 -19.299999237060547
vertex 7.649843692779541 1.2149008512496948 -8.149999618530273
vertex 7.715298175811768 1.4514234066009521 -8.149999618530273
endloop
endfacet
facet normal 0.0 -0.0 0.9999999999999999
outer loop
vertex 7.596073627471924 -0.9754515886306763 -8.149999618530273
vertex 7.596073627471924 0.9754515886306763 -8.149999618530273
vertex 7.554117679595947 -0.7336523532867432 -8.149999618530273
endloop
endfacet
facet normal -0.9637761949035429 0.2667122909377213 0.0
outer loop
vertex 7.649843692779541 1.2149008512496948 -19.299999237060547
vertex 7.715298175811768 1.4514234066009521 -8.149999618530273
vertex 7.715298175811768 1.4514234066009521 -19.299999237060547
endloop
endfacet
facet normal -0.9852777793239073 -0.17096109958277 0.0
outer loop
vertex 7.596073627471924 -0.9754515886306763 -19.299999237060547
vertex 7.596073627471924 -0.9754515886306763 -8.149999618530273
vertex 7.554117679595947 -0.7336523532867432 -8.149999618530273
endloop
endfacet
facet normal 0.0 0.0 -1.0
outer loop
vertex 7.649843692779541 -1.2149008512496948 -19.299999237060547
vertex 7.649843692779541 1.2149008512496948 -19.299999237060547
vertex 7.715298175811768 1.4514234066009521 -19.299999237060547
endloop
endfacet
facet normal -0.9757021864105241 -0.21910098912082335 -0.0
outer loop
vertex 7.649843692779541 -1.2149008512496948 -19.299999237060547
vertex 7.596073627471924 -0.9754515886306763 -8.149999618530273
vertex 7.596073627471924 -0.9754515886306763 -19.299999237060547
endloop
endfacet
facet normal 0.0 0.0 -1.0
outer loop
vertex 7.649843692779541 -1.2149008512496948 -19.299999237060547
vertex 7.596073627471924 -0.9754515886306763 -19.299999237060547
vertex 7.649843692779541 1.2149008512496948 -19.299999237060547
endloop
endfacet
facet normal 0.0 -0.0 0.9999999999999999
outer loop
vertex 7.715298175811768 -1.4514234066009521 -8.149999618530273
vertex 7.7922797203063965 1.684449315071106 -8.149999618530273
vertex 7.715298175811768 1.4514234066009521 -8.149999618530273
endloop
endfacet
facet normal -0.9495279590118825 0.31368241113382306 0.0
outer loop
vertex 7.715298175811768 1.4514234066009521 -19.299999237060547
vertex 7.715298175811768 1.4514234066009521 -8.149999618530273
vertex 7.7922797203063965 1.684449315071106 -8.149999618530273
endloop
endfacet
facet normal 0.0 -0.0 1.0
outer loop
vertex 7.649843692779541 -1.2149008512496948 -8.149999618530273
vertex 7.649843692779541 1.2149008512496948 -8.149999618530273
vertex 7.596073627471924 -0.9754515886306763 -8.149999618530273
endloop
endfacet
facet normal -0.9495279590118825 0.31368241113382306 0.0
outer loop
vertex 7.715298175811768 1.4514234066009521 -19.299999237060547
vertex 7.7922797203063965 1.684449315071106 -8.149999618530273
vertex 7.7922797203063965 1.684449315071106 -19.299999237060547
endloop
endfacet
facet normal -0.9757021864105241 -0.21910098912082335 0.0
outer loop
vertex 7.649843692779541 -1.2149008512496948 -19.299999237060547
vertex 7.649843692779541 -1.2149008512496948 -8.149999618530273
vertex 7.596073627471924 -0.9754515886306763 -8.149999618530273
endloop
endfacet
facet normal 0.0 0.0 -0.9999999999999999
outer loop
vertex 7.715298175811768 -1.4514234066009521 -19.299999237060547
vertex 7.715298175811768 1.4514234066009521 -19.299999237060547
vertex 7.7922797203063965 1.684449315071106 -19.299999237060547
endloop
endfacet
facet normal -0.9637761949035429 -0.2667122909377213 -0.0
outer loop
vertex 7.715298175811768 -1.4514234066009521 -19.299999237060547
vertex 7.649843692779541 -1.2149008512496948 -8.149999618530273
vertex 7.649843692779541 -1.2149008512496948 -19.299999237060547
endloop
endfacet
facet normal 0.0 0.0 -1.0
outer loop
vertex 7.715298175811768 -1.4514234066009521 -19.299999237060547
vertex 7.649843692779541 -1.2149008512496948 -19.299999237060547
vertex 7.715298175811768 1.4514234066009521 -19.299999237060547
endloop
endfacet
facet normal 0.0 0.0 1.0
outer loop
vertex 14.973633766174316 -2.0300586223602295 -16.200000762939453
vertex 15.070263862609863 -1.9062377214431763 -16.200000762939453
vertex 15.070263862609863 1.9062377214431763 -16.200000762939453
endloop
endfacet
facet normal 0.0 0.0 1.0
outer loop
vertex 15.070263862609863 -1.9062377214431763 -16.200000762939453
vertex 15.1607027053833 -1.7778247594833374 -16.200000762939453
vertex 15.1607027053833 1.7778247594833374 -16.200000762939453
endloop
endfacet
facet normal -0.5575306382956108 0.4350981049666797 -0.7070001601245172
outer loop
vertex 13.814117431640625 -1.0784685611724854 -14.699999809265137
vertex 15.070263862609863 -1.9062377214431763 -16.200000762939453
vertex 14.973633766174316 -2.0300586223602295 -16.200000762939453
endloop
endfacet
facet normal -0.7883443118244675 0.6152343017209027 0.0
outer loop
vertex 13.814117431640625 -1.0784685611724854 -14.699999809265137
vertex 13.865452766418457 -1.0126888751983643 -10.350000381469727
vertex 13.865452766418457 -1.0126888751983643 -14.699999809265137
endloop
endfacet
facet normal -0.5782065607219095 0.40722004568396475 -0.7070000053262308
outer loop
vertex 13.865452766418457 -1.0126888751983643 -14.699999809265137
vertex 15.1607027053833 -1.7778247594833374 -16.200000762939453
vertex 15.070263862609863 -1.9062377214431763 -16.200000762939453
endloop
endfacet
facet normal -0.5575278037115394 0.43510205358446474 -0.7069999653855501
outer loop
vertex 13.814117431640625 -1.0784685611724854 -14.699999809265137
vertex 13.865452766418457 -1.0126888751983643 -14.699999809265137
vertex 15.070263862609863 -1.9062377214431763 -16.200000762939453
endloop
endfacet
facet normal -0.0 -0.0 1.0
outer loop
vertex 13.641650199890137 1.2596169710159302 -10.350000381469727
vertex 13.814117431640625 1.0784685611724854 -10.350000381469727
vertex 12.5 4.041451930999756 -10.350000381469727
endloop
endfacet
facet normal 0.0 -0.0 1.0
outer loop
vertex 14.973633766174316 -2.0300586223602295 -16.200000762939453
vertex 15.070263862609863 1.9062377214431763 -16.200000762939453
vertex 14.973633766174316 2.0300586223602295 -16.200000762939453
endloop
endfacet
facet normal -0.724247865072886 -0.6895397232483178 0.0
outer loop
vertex 13.814117431640625 1.0784685611724854 -14.699999809265137
vertex 13.814117431640625 1.0784685611724854 -10.350000381469727
vertex 13.641650199890137 1.2596169710159302 -10.350000381469727
endloop
endfacet
facet normal -0.557530744789127 -0.435098188074448 -0.7070000249994433
outer loop
vertex 13.865452766418457 1.0126888751983643 -14.699999809265137
vertex 14.973633766174316 2.0300586223602295 -16.200000762939453
vertex 15.070263862609863 1.9062377214431763 -16.200000762939453
endloop
endfacet
facet normal -0.7883443118244675 -0.6152343017209027 -0.0
outer loop
vertex 13.865452766418457 1.0126888751983643 -14.699999809265137
vertex 13.814117431640625 1.0784685611724854 -10.350000381469727
vertex 13.814117431640625 1.0784685611724854 -14.699999809265137
endloop
endfacet
facet normal -0.5575276032547937 -0.43510189714537567 -0.7070002197379152
outer loop
vertex 13.865452766418457 1.0126888751983643 -14.699999809265137
vertex 13.814117431640625 1.0784685611724854 -14.699999809265137
vertex 14.973633766174316 2.0300586223602295 -16.200000762939453
endloop
endfacet
facet normal 0.0 -0.0 1.0
outer loop
vertex 15.1607027053833 -1.7778247594833374 -16.200000762939453
vertex 15.244731903076172 1.6451287269592285 -16.200000762939453
vertex 15.1607027053833 1.7778247594833374 -16.200000762939453
endloop
endfacet
facet normal -0.8448517967802293 -0.5349995849241967 -0.0009410675616382418
outer loop
vertex 13.913497924804688 0.9444693922996521 -14.699999809265137
vertex 13.958138465881348 0.8739746809005737 -14.699999809265137
vertex 13.865452766418457 1.0126888751983643 -10.350000381469727
endloop
endfacet
facet normal -0.5974910423646176 -0.3783586589859366 -0.7070001269196539
outer loop
vertex 13.958138465881348 0.8739746809005737 -14.699999809265137
vertex 15.1607027053833 1.7778247594833374 -16.200000762939453
vertex 15.244731903076172 1.6451287269592285 -16.200000762939453
endloop
endfacet
facet normal -0.5974907768250187 -0.3783590433442294 -0.7070001456355401
outer loop
vertex 13.913497924804688 0.9444693922996521 -14.699999809265137
vertex 15.1607027053833 1.7778247594833374 -16.200000762939453
vertex 13.958138465881348 0.8739746809005737 -14.699999809265137
endloop
endfacet
facet normal -0.0 -0.0 1.0
outer loop
vertex 13.865452766418457 -1.0126888751983643 -10.350000381469727
vertex 16.0 -2.020725965499878 -10.350000381469727
vertex 13.999266624450684 -0.8013744354248047 -10.350000381469727
endloop
endfacet
facet normal -0.8448527252520401 0.5349989463860662 0.0
outer loop
vertex 13.865452766418457 -1.0126888751983643 -14.699999809265137
vertex 13.865452766418457 -1.0126888751983643 -10.350000381469727
vertex 13.999266624450684 -0.8013744354248047 -10.350000381469727
endloop
endfacet
facet normal -0.8175839423075492 0.5758025175964278 -0.0028209945873356027
outer loop
vertex 13.865452766418457 -1.0126888751983643 -14.699999809265137
vertex 13.999266624450684 -0.8013744354248047 -10.350000381469727
vertex 13.913497924804688 -0.9444693922996521 -14.699999809265137
endloop
endfacet
facet normal -0.5782086117654281 0.4072168704913603 -0.7070001567662619
outer loop
vertex 13.865452766418457 -1.0126888751983643 -14.699999809265137
vertex 13.913497924804688 -0.9444693922996521 -14.699999809265137
vertex 15.1607027053833 -1.7778247594833374 -16.200000762939453
endloop
endfacet
facet normal 0.0 0.0 1.0
outer loop
vertex 15.1607027053833 -1.7778247594833374 -16.200000762939453
vertex 15.244731903076172 -1.6451287269592285 -16.200000762939453
vertex 15.244731903076172 1.6451287269592285 -16.200000762939453
endloop
endfacet
facet normal -0.5974910313958883 0.3783586520400355 -0.7070001399065807
outer loop
vertex 13.913497924804688 -0.9444693922996521 -14.699999809265137
vertex 15.244731903076172 -1.6451287269592285 -16.200000762939453
vertex 15.1607027053833 -1.7778247594833374 -16.200000762939453
endloop
endfacet
facet normal 0.0 -0.0 1.0
outer loop
vertex 15.696146011352539 -0.1570165604352951 -16.200000762939453
vertex 15.699999809265137 0.0 -16.200000762939453
vertex 15.696146011352539 0.1570165604352951 -16.200000762939453
endloop
endfacet
facet normal -0.707000539148768 -0.01735254672770478 -0.7070000896502165
outer loop
vertex 14.199999809265137 -3.134021904840911e-17 -14.699999809265137
vertex 15.696146011352539 0.1570165604352951 -16.200000762939453
vertex 15.699999809265137 0.0 -16.200000762939453
endloop
endfacet
facet normal -0.7070004249206089 -0.017354312382308935 -0.7070001605401625
outer loop
vertex 14.199999809265137 -3.134021904840911e-17 -14.699999809265137
vertex 14.197952270507812 0.08341504633426666 -14.699999809265137
vertex 15.696146011352539 0.1570165604352951 -16.200000762939453
endloop
endfacet
facet normal 0.0 -0.0 1.0
outer loop
vertex 17.207719802856445 -1.684449315071106 -8.149999618530273
vertex 17.28470230102539 1.4514234066009521 -8.149999618530273
vertex 17.207719802856445 1.684449315071106 -8.149999618530273
endloop
endfacet
facet normal 0.0 0.0 1.0
outer loop
vertex 16.90960693359375 -2.3569836616516113 -8.149999618530273
vertex 17.019947052001953 -2.137775421142578 -8.149999618530273
vertex 17.019947052001953 2.137775421142578 -8.149999618530273
endloop
endfacet
facet normal 0.9495268015586431 0.3136859147647742 -0.0
outer loop
vertex 17.207719802856445 1.684449315071106 -19.299999237060547
vertex 17.207719802856445 1.684449315071106 -8.149999618530273
vertex 17.28470230102539 1.4514234066009521 -8.149999618530273
endloop
endfacet
facet normal 0.8932243622536892 -0.44961120835282814 0.0
outer loop
vertex 17.019947052001953 -2.137775421142578 -19.299999237060547
vertex 17.019947052001953 -2.137775421142578 -8.149999618530273
vertex 16.90960693359375 -2.3569836616516113 -8.149999618530273
endloop
endfacet
facet normal 0.9329941417365711 0.3598915551735538 0.0
outer loop
vertex 17.207719802856445 1.684449315071106 -19.299999237060547
vertex 17.11939811706543 1.9134172201156616 -19.299999237060547
vertex 17.207719802856445 1.684449315071106 -8.149999618530273
endloop
endfacet
facet normal 0.9142098849908777 -0.4052410223372826 0.0
outer loop
vertex 17.019947052001953 -2.137775421142578 -19.299999237060547
vertex 17.11939811706543 -1.9134172201156616 -19.299999237060547
vertex 17.019947052001953 -2.137775421142578 -8.149999618530273
endloop
endfacet
facet normal 0.0 0.0 -1.0
outer loop
vertex 17.11939811706543 -1.9134172201156616 -19.299999237060547
vertex 17.11939811706543 1.9134172201156616 -19.299999237060547
vertex 17.207719802856445 1.684449315071106 -19.299999237060547
endloop
endfacet
facet normal 0.0 0.0 -1.0
outer loop
vertex 17.019947052001953 -2.137775421142578 -19.299999237060547
vertex 17.11939811706543 1.9134172201156616 -19.299999237060547
vertex 17.11939811706543 -1.9134172201156616 -19.299999237060547
endloop
endfacet
facet normal 0.0 -0.0 1.0
outer loop
vertex 16.78864288330078 -2.5705137252807617 -8.149999618530273
vertex 16.90960693359375 2.3569836616516113 -8.149999618530273
vertex 16.78864288330078 2.5705137252807617 -8.149999618530273
endloop
endfacet
facet normal 0.0 0.0 1.0
outer loop
vertex 16.78864288330078 -2.5705137252807617 -8.149999618530273
vertex 16.90960693359375 -2.3569836616516113 -8.149999618530273
vertex 16.90960693359375 2.3569836616516113 -8.149999618530273
endloop
endfacet
facet normal 0.9329941417365711 0.3598915551735538 -0.0
outer loop
vertex 17.11939811706543 1.9134172201156616 -19.299999237060547
vertex 17.11939811706543 1.9134172201156616 -8.149999618530273
vertex 17.207719802856445 1.684449315071106 -8.149999618530273
endloop
endfacet
facet normal 0.870085657091106 -0.4929005470927563 0.0
outer loop
vertex 16.90960693359375 -2.3569836616516113 -19.299999237060547
vertex 16.90960693359375 -2.3569836616516113 -8.149999618530273
vertex 16.78864288330078 -2.5705137252807617 -8.149999618530273
endloop
endfacet
facet normal 0.9142098849908777 0.4052410223372826 0.0
outer loop
vertex 17.019947052001953 2.137775421142578 -19.299999237060547
vertex 17.11939811706543 1.9134172201156616 -8.149999618530273
vertex 17.11939811706543 1.9134172201156616 -19.299999237060547
endloop
endfacet
facet normal 0.8932243622536892 -0.44961120835282814 0.0
outer loop
vertex 16.90960693359375 -2.3569836616516113 -19.299999237060547
vertex 17.019947052001953 -2.137775421142578 -19.299999237060547
vertex 16.90960693359375 -2.3569836616516113 -8.149999618530273
endloop
endfacet
facet normal 0.0 0.0 -1.0
outer loop
vertex 17.019947052001953 -2.137775421142578 -19.299999237060547
vertex 17.019947052001953 2.137775421142578 -19.299999237060547
vertex 17.11939811706543 1.9134172201156616 -19.299999237060547
endloop
endfacet
facet normal 0.0 0.0 -1.0
outer loop
vertex 16.90960693359375 -2.3569836616516113 -19.299999237060547
vertex 17.019947052001953 2.137775421142578 -19.299999237060547
vertex 17.019947052001953 -2.137775421142578 -19.299999237060547
endloop
endfacet
facet normal 0.0 -0.0 1.0
outer loop
vertex 16.6573486328125 -2.777851104736328 -8.149999618530273
vertex 16.78864288330078 2.5705137252807617 -8.149999618530273
vertex 16.6573486328125 2.777851104736328 -8.149999618530273
endloop
endfacet
facet normal 0.0 -0.0 1.0
outer loop
vertex 17.019947052001953 -2.137775421142578 -8.149999618530273
vertex 17.11939811706543 1.9134172201156616 -8.149999618530273
vertex 17.019947052001953 2.137775421142578 -8.149999618530273
endloop
endfacet
facet normal 0.0 0.0 1.0
outer loop
vertex 16.6573486328125 -2.777851104736328 -8.149999618530273
vertex 16.78864288330078 -2.5705137252807617 -8.149999618530273
vertex 16.78864288330078 2.5705137252807617 -8.149999618530273
endloop
endfacet
facet normal 0.9142098849908777 0.4052410223372826 -0.0
outer loop
vertex 17.019947052001953 2.137775421142578 -19.299999237060547
vertex 17.019947052001953 2.137775421142578 -8.149999618530273
vertex 17.11939811706543 1.9134172201156616 -8.149999618530273
endloop
endfacet
facet normal 0.8448548490500224 -0.5349955925394748 0.0
outer loop
vertex 16.78864288330078 -2.5705137252807617 -19.299999237060547
vertex 16.78864288330078 -2.5705137252807617 -8.149999618530273
vertex 16.6573486328125 -2.777851104736328 -8.149999618530273
endloop
endfacet
facet normal 0.8932243622536892 0.44961120835282814 0.0
outer loop
vertex 17.019947052001953 2.137775421142578 -19.299999237060547
vertex 16.90960693359375 2.3569836616516113 -19.299999237060547
vertex 17.019947052001953 2.137775421142578 -8.149999618530273
endloop
endfacet
facet normal 0.870085657091106 -0.4929005470927563 0.0
outer loop
vertex 16.78864288330078 -2.5705137252807617 -19.299999237060547
vertex 16.90960693359375 -2.3569836616516113 -19.299999237060547
vertex 16.78864288330078 -2.5705137252807617 -8.149999618530273
endloop
endfacet
facet normal 0.0 0.0 -1.0
outer loop
vertex 16.90960693359375 -2.3569836616516113 -19.299999237060547
vertex 16.90960693359375 2.3569836616516113 -19.299999237060547
vertex 17.019947052001953 2.137775421142578 -19.299999237060547
endloop
endfacet
facet normal 0.0 0.0 -1.0
outer loop
vertex 16.78864288330078 -2.5705137252807617 -19.299999237060547
vertex 16.90960693359375 2.3569836616516113 -19.299999237060547
vertex 16.90960693359375 -2.3569836616516113 -19.299999237060547
endloop
endfacet
facet normal -0.0 -0.0 1.0
outer loop
vertex 14.413416862487793 4.6193976402282715 -8.149999618530273
vertex 16.0 2.020725965499878 -8.149999618530273
vertex 14.637775421142578 4.519946575164795 -8.149999618530273
endloop
endfacet
facet normal 0.4052404824611705 0.9142101243011027 -0.0
outer loop
vertex 14.413416862487793 4.6193976402282715 -19.299999237060547
vertex 14.413416862487793 4.6193976402282715 -8.149999618530273
vertex 14.637775421142578 4.519946575164795 -8.149999618530273
endloop
endfacet
facet normal 0.35989526406737155 0.9329927110657815 -0.0
outer loop
vertex 14.184449195861816 4.7077202796936035 -19.299999237060547
vertex 14.184449195861816 4.7077202796936035 -8.149999618530273
vertex 14.413416862487793 4.6193976402282715 -8.149999618530273
endloop
endfacet
facet normal 0.35989526406737155 0.9329927110657815 0.0
outer loop
vertex 14.184449195861816 4.7077202796936035 -19.299999237060547
vertex 14.413416862487793 4.6193976402282715 -8.149999618530273
vertex 14.413416862487793 4.6193976402282715 -19.299999237060547
endloop
endfacet
facet normal 0.0 -0.0 -1.0
outer loop
vertex 14.184449195861816 4.7077202796936035 -19.299999237060547
vertex 14.413416862487793 4.6193976402282715 -19.299999237060547
vertex 14.093718528747559 2.658958673477173 -19.299999237060547
endloop
endfacet
facet normal -0.49289672773628657 -0.8700878207324023 -0.0
outer loop
vertex 13.961329460144043 2.7339558601379395 -16.799999237060547
vertex 13.961329460144043 2.7339558601379395 -19.299999237060547
vertex 14.093718528747559 2.658958673477173 -16.799999237060547
endloop
endfacet
facet normal -0.0 0.0 -1.0
outer loop
vertex 14.184449195861816 4.7077202796936035 -19.299999237060547
vertex 14.093718528747559 2.658958673477173 -19.299999237060547
vertex 13.961329460144043 2.7339558601379395 -19.299999237060547
endloop
endfacet
facet normal -0.49289672773628657 -0.8700878207324023 0.0
outer loop
vertex 14.093718528747559 2.658958673477173 -16.799999237060547
vertex 13.961329460144043 2.7339558601379395 -19.299999237060547
vertex 14.093718528747559 2.658958673477173 -19.299999237060547
endloop
endfacet
facet normal -0.0 0.0 -1.0
outer loop
vertex 14.413416862487793 4.6193976402282715 -19.299999237060547
vertex 14.346668243408203 2.489943265914917 -19.299999237060547
vertex 14.222268104553223 2.5775558948516846 -19.299999237060547
endloop
endfacet
facet normal -0.5758089216159664 -0.8175842988875568 0.0
outer loop
vertex 14.346668243408203 2.489943265914917 -16.799999237060547
vertex 14.222268104553223 2.5775558948516846 -19.299999237060547
vertex 14.346668243408203 2.489943265914917 -19.299999237060547
endloop
endfacet
facet normal -0.6152311441109297 -0.7883467760547741 -0.0
outer loop
vertex 14.346668243408203 2.489943265914917 -16.799999237060547
vertex 14.346668243408203 2.489943265914917 -19.299999237060547
vertex 14.466619491577148 2.3963325023651123 -16.799999237060547
endloop
endfacet
facet normal -0.6152311441109297 -0.7883467760547741 0.0
outer loop
vertex 14.466619491577148 2.3963325023651123 -16.799999237060547
vertex 14.346668243408203 2.489943265914917 -19.299999237060547
vertex 14.466619491577148 2.3963325023651123 -19.299999237060547
endloop
endfacet
facet normal 0.44961042803630114 0.8932247550314614 -0.0
outer loop
vertex 14.637775421142578 4.519946575164795 -19.299999237060547
vertex 14.637775421142578 4.519946575164795 -8.149999618530273
vertex 14.85698413848877 4.409606456756592 -8.149999618530273
endloop
endfacet
facet normal 0.4052404824611705 0.9142101243011027 0.0
outer loop
vertex 14.413416862487793 4.6193976402282715 -19.299999237060547
vertex 14.637775421142578 4.519946575164795 -8.149999618530273
vertex 14.637775421142578 4.519946575164795 -19.299999237060547
endloop
endfacet
facet normal 0.0 -0.0 -1.0
outer loop
vertex 14.413416862487793 4.6193976402282715 -19.299999237060547
vertex 14.637775421142578 4.519946575164795 -19.299999237060547
vertex 14.346668243408203 2.489943265914917 -19.299999237060547
endloop
endfacet
facet normal -0.0 0.0 -1.0
outer loop
vertex 14.637775421142578 4.519946575164795 -19.299999237060547
vertex 14.466619491577148 2.3963325023651123 -19.299999237060547
vertex 14.346668243408203 2.489943265914917 -19.299999237060547
endloop
endfacet
facet normal -0.6531740192622193 -0.7572078318142504 -0.0
outer loop
vertex 14.466619491577148 2.3963325023651123 -16.799999237060547
vertex 14.466619491577148 2.3963325023651123 -19.299999237060547
vertex 14.581832885742188 2.2969484329223633 -16.799999237060547
endloop
endfacet
facet normal -0.0 0.0 -1.0
outer loop
vertex 14.637775421142578 4.519946575164795 -19.299999237060547
vertex 14.581832885742188 2.2969484329223633 -19.299999237060547
vertex 14.466619491577148 2.3963325023651123 -19.299999237060547
endloop
endfacet
facet normal -0.6531740192622193 -0.7572078318142504 0.0
outer loop
vertex 14.581832885742188 2.2969484329223633 -16.799999237060547
vertex 14.466619491577148 2.3963325023651123 -19.299999237060547
vertex 14.581832885742188 2.2969484329223633 -19.299999237060547
endloop
endfacet
facet normal 0.0 0.0 -1.0
outer loop
vertex 14.093718528747559 -2.658958673477173 -16.799999237060547
vertex 14.093718528747559 2.658958673477173 -16.799999237060547
vertex 14.222268104553223 2.5775558948516846 -16.799999237060547
endloop
endfacet
facet normal 0.0 0.0 -1.0
outer loop
vertex 14.222268104553223 -2.5775558948516846 -16.799999237060547
vertex 14.222268104553223 2.5775558948516846 -16.799999237060547
vertex 14.346668243408203 2.489943265914917 -16.799999237060547
endloop
endfacet
facet normal 0.0 0.0 -1.0
outer loop
vertex 14.093718528747559 -2.658958673477173 -16.799999237060547
vertex 14.222268104553223 2.5775558948516846 -16.799999237060547
vertex 14.222268104553223 -2.5775558948516846 -16.799999237060547
endloop
endfacet
facet normal 0.0 0.0 -1.0
outer loop
vertex 14.222268104553223 -2.5775558948516846 -16.799999237060547
vertex 14.346668243408203 2.489943265914917 -16.799999237060547
vertex 14.346668243408203 -2.489943265914917 -16.799999237060547
endloop
endfacet
facet normal 0.0 -0.0 1.0
outer loop
vertex 13.951423645019531 -4.784701824188232 -8.149999618530273
vertex 14.184449195861816 -4.7077202796936035 -8.149999618530273
vertex 12.5 -4.041451930999756 -8.149999618530273
endloop
endfacet
facet normal -0.534996013251701 0.8448545826382111 0.0
outer loop
vertex 14.093718528747559 -2.658958673477173 -16.799999237060547
vertex 14.222268104553223 -2.5775558948516846 -16.799999237060547
vertex 14.222268104553223 -2.5775558948516846 -19.299999237060547
endloop
endfacet
facet normal -0.5758089216159664 0.8175842988875568 0.0
outer loop
vertex 14.222268104553223 -2.5775558948516846 -16.799999237060547
vertex 14.346668243408203 -2.489943265914917 -16.799999237060547
vertex 14.346668243408203 -2.489943265914917 -19.299999237060547
endloop
endfacet
facet normal 0.3136828451774607 -0.9495278156227827 0.0
outer loop
vertex 14.184449195861816 -4.7077202796936035 -19.299999237060547
vertex 14.184449195861816 -4.7077202796936035 -8.149999618530273
vertex 13.951423645019531 -4.784701824188232 -8.149999618530273
endloop
endfacet
facet normal -0.5758089216159664 0.8175842988875568 0.0
outer loop
vertex 14.222268104553223 -2.5775558948516846 -16.799999237060547
vertex 14.346668243408203 -2.489943265914917 -19.299999237060547
vertex 14.222268104553223 -2.5775558948516846 -19.299999237060547
endloop
endfacet
facet normal -0.6152311441109297 0.7883467760547741 0.0
outer loop
vertex 14.346668243408203 -2.489943265914917 -16.799999237060547
vertex 14.466619491577148 -2.3963325023651123 -19.299999237060547
vertex 14.346668243408203 -2.489943265914917 -19.299999237060547
endloop
endfacet
facet normal 0.35989526406737155 -0.9329927110657815 0.0
outer loop
vertex 14.184449195861816 -4.7077202796936035 -19.299999237060547
vertex 14.413416862487793 -4.6193976402282715 -19.299999237060547
vertex 14.184449195861816 -4.7077202796936035 -8.149999618530273
endloop
endfacet
facet normal 0.0 0.0 -1.0
outer loop
vertex 14.184449195861816 -4.7077202796936035 -19.299999237060547
vertex 14.222268104553223 -2.5775558948516846 -19.299999237060547
vertex 14.346668243408203 -2.489943265914917 -19.299999237060547
endloop
endfacet
facet normal 0.0 0.0 -1.0
outer loop
vertex 14.413416862487793 -4.6193976402282715 -19.299999237060547
vertex 14.346668243408203 -2.489943265914917 -19.299999237060547
vertex 14.466619491577148 -2.3963325023651123 -19.299999237060547
endloop
endfacet
facet normal 0.0 0.0 -0.9999999999999999
outer loop
vertex 14.184449195861816 -4.7077202796936035 -19.299999237060547
vertex 14.346668243408203 -2.489943265914917 -19.299999237060547
vertex 14.413416862487793 -4.6193976402282715 -19.299999237060547
endloop
endfacet
facet normal -0.9637746903552021 -0.26671772762741935 -0.0
outer loop
vertex 15.507097244262695 0.7532385587692261 -16.799999237060547
vertex 15.466514587402344 0.8998824954032898 -16.799999237060547
vertex 15.466514587402344 0.8998824954032898 -19.299999237060547
endloop
endfacet
facet normal -0.0 0.0 -1.0
outer loop
vertex 15.478496551513672 4.016037464141846 -19.299999237060547
vertex 15.466514587402344 0.8998824954032898 -19.299999237060547
vertex 15.418787002563477 1.044358491897583 -19.299999237060547
endloop
endfacet
facet normal -0.9495298200178085 -0.3136767777457367 0.0
outer loop
vertex 15.466514587402344 0.8998824954032898 -16.799999237060547
vertex 15.418787002563477 1.044358491897583 -19.299999237060547
vertex 15.466514587402344 0.8998824954032898 -19.299999237060547
endloop
endfacet
facet normal -0.9495298200178085 -0.3136767777457367 -0.0
outer loop
vertex 15.466514587402344 0.8998824954032898 -16.799999237060547
vertex 15.418787002563477 1.044358491897583 -16.799999237060547
vertex 15.418787002563477 1.044358491897583 -19.299999237060547
endloop
endfacet
facet normal -0.0 0.0 -1.0
outer loop
vertex 15.478496551513672 4.016037464141846 -19.299999237060547
vertex 15.418787002563477 1.044358491897583 -19.299999237060547
vertex 15.36402702331543 1.1863186359405518 -19.299999237060547
endloop
endfacet
facet normal -0.9329929997062717 -0.3598945157946883 0.0
outer loop
vertex 15.418787002563477 1.044358491897583 -16.799999237060547
vertex 15.36402702331543 1.1863186359405518 -19.299999237060547
vertex 15.418787002563477 1.044358491897583 -19.299999237060547
endloop
endfacet
facet normal -0.9329929997062717 -0.3598945157946883 -0.0
outer loop
vertex 15.418787002563477 1.044358491897583 -16.799999237060547
vertex 15.36402702331543 1.1863186359405518 -16.799999237060547
vertex 15.36402702331543 1.1863186359405518 -19.299999237060547
endloop
endfacet
facet normal -0.9142095314752493 -0.4052418198555095 -0.0
outer loop
vertex 15.302367210388184 1.3254207372665405 -16.799999237060547
vertex 15.302367210388184 1.3254207372665405 -19.299999237060547
vertex 15.36402702331543 1.1863186359405518 -16.799999237060547
endloop
endfacet
facet normal -0.0 0.0 -1.0
outer loop
vertex 15.478496551513672 4.016037464141846 -19.299999237060547
vertex 15.36402702331543 1.1863186359405518 -19.299999237060547
vertex 15.302367210388184 1.3254207372665405 -19.299999237060547
endloop
endfacet
facet normal -0.9142095314752493 -0.4052418198555095 0.0
outer loop
vertex 15.36402702331543 1.1863186359405518 -16.799999237060547
vertex 15.302367210388184 1.3254207372665405 -19.299999237060547
vertex 15.36402702331543 1.1863186359405518 -19.299999237060547
endloop
endfacet
facet normal 0.0 -0.0 1.0
outer loop
vertex 14.87104320526123 -2.148988723754883 -16.200000762939453
vertex 14.973633766174316 2.0300586223602295 -16.200000762939453
vertex 14.87104320526123 2.148988723754883 -16.200000762939453
endloop
endfacet
facet normal -0.0 -0.0 1.0
outer loop
vertex 13.814117431640625 -1.0784685611724854 -10.350000381469727
vertex 16.0 -2.020725965499878 -10.350000381469727
vertex 13.865452766418457 -1.0126888751983643 -10.350000381469727
endloop
endfacet
facet normal 0.0 0.0 1.0
outer loop
vertex 14.87104320526123 -2.148988723754883 -16.200000762939453
vertex 14.973633766174316 -2.0300586223602295 -16.200000762939453
vertex 14.973633766174316 2.0300586223602295 -16.200000762939453
endloop
endfacet
facet normal -0.7883443118244675 0.6152343017209027 0.0
outer loop
vertex 13.814117431640625 -1.0784685611724854 -14.699999809265137
vertex 13.814117431640625 -1.0784685611724854 -10.350000381469727
vertex 13.865452766418457 -1.0126888751983643 -10.350000381469727
endloop
endfacet
facet normal -0.5355066574812638 0.46193459619941485 -0.7070000343899059
outer loop
vertex 13.75961685180664 -1.1416501998901367 -14.699999809265137
vertex 14.973633766174316 -2.0300586223602295 -16.200000762939453
vertex 14.87104320526123 -2.148988723754883 -16.200000762939453
endloop
endfacet
facet normal -0.7572104856491372 0.653170942727092 0.0
outer loop
vertex 13.75961685180664 -1.1416501998901367 -14.699999809265137
vertex 13.814117431640625 -1.0784685611724854 -10.350000381469727
vertex 13.814117431640625 -1.0784685611724854 -14.699999809265137
endloop
endfacet
facet normal -0.5355093553068454 0.46193120284790135 -0.7070002080723441
outer loop
vertex 13.75961685180664 -1.1416501998901367 -14.699999809265137
vertex 13.814117431640625 -1.0784685611724854 -14.699999809265137
vertex 14.973633766174316 -2.0300586223602295 -16.200000762939453
endloop
endfacet
facet normal -0.0 -0.0 1.0
outer loop
vertex 13.578468322753906 1.3141177892684937 -10.350000381469727
vertex 13.641650199890137 1.2596169710159302 -10.350000381469727
vertex 12.5 4.041451930999756 -10.350000381469727
endloop
endfacet
facet normal -0.653171167828949 -0.7572102914758667 0.0
outer loop
vertex 13.641650199890137 1.2596169710159302 -14.699999809265137
vertex 13.641650199890137 1.2596169710159302 -10.350000381469727
vertex 13.578468322753906 1.3141177892684937 -10.350000381469727
endloop
endfacet
facet normal -0.6895396497316053 -0.7242479350664489 0.0
outer loop
vertex 13.641650199890137 1.2596169710159302 -14.699999809265137
vertex 13.702081680297852 1.202081561088562 -14.699999809265137
vertex 13.641650199890137 1.2596169710159302 -10.350000381469727
endloop
endfacet
facet normal -0.4876516860826311 -0.5121979299043935 -0.707000080383603
outer loop
vertex 13.702081680297852 1.202081561088562 -14.699999809265137
vertex 14.648988723754883 2.3710436820983887 -16.200000762939453
vertex 14.762742042541504 2.262741804122925 -16.200000762939453
endloop
endfacet
facet normal -0.4876517270623627 -0.5121978939049769 -0.7070000781982992
outer loop
vertex 13.641650199890137 1.2596169710159302 -14.699999809265137
vertex 14.648988723754883 2.3710436820983887 -16.200000762939453
vertex 13.702081680297852 1.202081561088562 -14.699999809265137
endloop
endfacet
facet normal -0.724247865072886 0.6895397232483178 0.0
outer loop
vertex 13.641650199890137 -1.2596169710159302 -14.699999809265137
vertex 13.641650199890137 -1.2596169710159302 -10.350000381469727
vertex 13.814117431640625 -1.0784685611724854 -10.350000381469727
endloop
endfacet
facet normal 0.0 0.0 1.0
outer loop
vertex 14.762742042541504 -2.262741804122925 -16.200000762939453
vertex 14.87104320526123 -2.148988723754883 -16.200000762939453
vertex 14.87104320526123 2.148988723754883 -16.200000762939453
endloop
endfacet
facet normal -0.653171167828949 0.7572102914758667 0.0
outer loop
vertex 13.578468322753906 -1.3141177892684937 -14.699999809265137
vertex 13.641650199890137 -1.2596169710159302 -10.350000381469727
vertex 13.641650199890137 -1.2596169710159302 -14.699999809265137
endloop
endfacet
facet normal -0.5121990590068941 0.4876505625598936 -0.7070000373320157
outer loop
vertex 13.75961685180664 -1.1416501998901367 -14.699999809265137
vertex 14.87104320526123 -2.148988723754883 -16.200000762939453
vertex 14.762742042541504 -2.262741804122925 -16.200000762939453
endloop
endfacet
facet normal -0.7071064344428923 0.7071057198886591 -0.0014111237368189962
outer loop
vertex 13.641650199890137 -1.2596169710159302 -14.699999809265137
vertex 13.814117431640625 -1.0784685611724854 -10.350000381469727
vertex 13.75961685180664 -1.1416501998901367 -14.699999809265137
endloop
endfacet
facet normal 0.0 -0.0 1.0
outer loop
vertex 14.762742042541504 -2.262741804122925 -16.200000762939453
vertex 14.87104320526123 2.148988723754883 -16.200000762939453
vertex 14.762742042541504 2.262741804122925 -16.200000762939453
endloop
endfacet
facet normal -0.4619314667875779 0.5355093394136098 -0.7070000476607312
outer loop
vertex 13.578468322753906 -1.3141177892684937 -14.699999809265137
vertex 13.641650199890137 -1.2596169710159302 -14.699999809265137
vertex 14.648988723754883 -2.3710436820983887 -16.200000762939453
endloop
endfacet
facet normal -0.49965918506175944 0.49965868013977255 -0.707588794529986
outer loop
vertex 13.641650199890137 -1.2596169710159302 -14.699999809265137
vertex 13.75961685180664 -1.1416501998901367 -14.699999809265137
vertex 14.762742042541504 -2.262741804122925 -16.200000762939453
endloop
endfacet
facet normal 0.0 0.0 1.0
outer loop
vertex 14.648988723754883 -2.3710436820983887 -16.200000762939453
vertex 14.762742042541504 -2.262741804122925 -16.200000762939453
vertex 14.762742042541504 2.262741804122925 -16.200000762939453
endloop
endfacet
facet normal -0.48765168712790513 0.512197931002282 -0.7070000788672443
outer loop
vertex 13.641650199890137 -1.2596169710159302 -14.699999809265137
vertex 14.762742042541504 -2.262741804122925 -16.200000762939453
vertex 14.648988723754883 -2.3710436820983887 -16.200000762939453
endloop
endfacet
facet normal -0.49289590340944744 -0.8700837137961352 -0.002821238896257773
outer loop
vertex 13.301374435424805 1.4992661476135254 -14.699999809265137
vertex 13.373974800109863 1.4581385850906372 -14.699999809265137
vertex 13.150562286376953 1.5705952644348145 -10.350000381469727
endloop
endfacet
facet normal -0.34858320674029764 -0.6153377971527794 -0.707000101395902
outer loop
vertex 13.373974800109863 1.4581385850906372 -14.699999809265137
vertex 14.008469581604004 2.822148084640503 -16.200000762939453
vertex 14.145129203796387 2.7447316646575928 -16.200000762939453
endloop
endfacet
facet normal -0.34858401502674474 -0.6153373811112598 -0.7070000649752237
outer loop
vertex 13.301374435424805 1.4992661476135254 -14.699999809265137
vertex 14.008469581604004 2.822148084640503 -16.200000762939453
vertex 13.373974800109863 1.4581385850906372 -14.699999809265137
endloop
endfacet
facet normal -0.0 -0.0 1.0
outer loop
vertex 12.993483543395996 1.6267986297607422 -10.350000381469727
vertex 13.150562286376953 1.5705952644348145 -10.350000381469727
vertex 12.5 4.041451930999756 -10.350000381469727
endloop
endfacet
facet normal -0.4496119731413735 -0.8932234814421547 -0.0009411738828352864
outer loop
vertex 13.301374435424805 1.4992661476135254 -14.699999809265137
vertex 13.150562286376953 1.5705952644348145 -10.350000381469727
vertex 13.22684383392334 1.5367817878723145 -14.699999809265137
endloop
endfacet
facet normal -0.3368882188175831 -0.9415446500415773 0.0
outer loop
vertex 13.150562286376953 1.5705952644348145 -14.699999809265137
vertex 13.150562286376953 1.5705952644348145 -10.350000381469727
vertex 12.993483543395996 1.6267986297607422 -10.350000381469727
endloop
endfacet
facet normal -0.4052432378081788 -0.9142089029378044 0.0
outer loop
vertex 13.150562286376953 1.5705952644348145 -14.699999809265137
vertex 13.22684383392334 1.5367817878723145 -14.699999809265137
vertex 13.150562286376953 1.5705952644348145 -10.350000381469727
endloop
endfacet
facet normal -0.28659237069407234 -0.6465413609604709 -0.707000057727956
outer loop
vertex 13.22684383392334 1.5367817878723145 -14.699999809265137
vertex 13.724587440490723 2.9564144611358643 -16.200000762939453
vertex 13.868176460266113 2.892765760421753 -16.200000762939453
endloop
endfacet
facet normal -0.2865935036976234 -0.6465409121238098 -0.7070000089027103
outer loop
vertex 13.150562286376953 1.5705952644348145 -14.699999809265137
vertex 13.724587440490723 2.9564144611358643 -16.200000762939453
vertex 13.22684383392334 1.5367817878723145 -14.699999809265137
endloop
endfacet
facet normal -0.0 -0.0 0.9999999999999999
outer loop
vertex 13.150562286376953 1.5705952644348145 -10.350000381469727
vertex 13.373974800109863 1.4581385850906372 -10.350000381469727
vertex 12.5 4.041451930999756 -10.350000381469727
endloop
endfacet
facet normal -0.44961219195843377 -0.8932238671477226 0.0
outer loop
vertex 13.373974800109863 1.4581385850906372 -14.699999809265137
vertex 13.373974800109863 1.4581385850906372 -10.350000381469727
vertex 13.150562286376953 1.5705952644348145 -10.350000381469727
endloop
endfacet
facet normal -0.53499810518824 -0.8448532579359523 0.0
outer loop
vertex 13.373974800109863 1.4581385850906372 -14.699999809265137
vertex 13.444469451904297 1.4134982824325562 -14.699999809265137
vertex 13.373974800109863 1.4581385850906372 -10.350000381469727
endloop
endfacet
facet normal -0.3783596431079542 -0.5974905343750208 -0.7070000295611548
outer loop
vertex 13.444469451904297 1.4134982824325562 -14.699999809265137
vertex 14.145129203796387 2.7447316646575928 -16.200000762939453
vertex 14.277824401855469 2.660702705383301 -16.200000762939453
endloop
endfacet
facet normal -0.378357846932358 -0.5974915734214857 -0.7070001126980302
outer loop
vertex 13.373974800109863 1.4581385850906372 -14.699999809265137
vertex 14.145129203796387 2.7447316646575928 -16.200000762939453
vertex 13.444469451904297 1.4134982824325562 -14.699999809265137
endloop
endfacet
facet normal -0.0 -0.0 1.0
outer loop
vertex 13.714900970458984 4.850156307220459 -8.149999618530273
vertex 16.0 2.020725965499878 -8.149999618530273
vertex 13.951423645019531 4.784701824188232 -8.149999618530273
endloop
endfacet
facet normal 0.2667121660750098 0.9637762294576352 -0.0
outer loop
vertex 13.714900970458984 4.850156307220459 -19.299999237060547
vertex 13.714900970458984 4.850156307220459 -8.149999618530273
vertex 13.951423645019531 4.784701824188232 -8.149999618530273
endloop
endfacet
facet normal 0.21910078143584544 0.9757022330476661 -0.0
outer loop
vertex 13.475451469421387 4.903926372528076 -19.299999237060547
vertex 13.475451469421387 4.903926372528076 -8.149999618530273
vertex 13.714900970458984 4.850156307220459 -8.149999618530273
endloop
endfacet
facet normal 0.21910078143584544 0.9757022330476661 0.0
outer loop
vertex 13.475451469421387 4.903926372528076 -19.299999237060547
vertex 13.714900970458984 4.850156307220459 -8.149999618530273
vertex 13.714900970458984 4.850156307220459 -19.299999237060547
endloop
endfacet
facet normal 0.0 -0.0 -0.9999999999999999
outer loop
vertex 13.475451469421387 4.903926372528076 -19.299999237060547
vertex 13.714900970458984 4.850156307220459 -19.299999237060547
vertex 13.399882316589355 2.966515064239502 -19.299999237060547
endloop
endfacet
facet normal -0.31368254547124974 -0.9495279146326755 -0.0
outer loop
vertex 13.399882316589355 2.966515064239502 -16.799999237060547
vertex 13.399882316589355 2.966515064239502 -19.299999237060547
vertex 13.544358253479004 2.9187865257263184 -16.799999237060547
endloop
endfacet
facet normal -0.0 0.0 -1.0
outer loop
vertex 13.714900970458984 4.850156307220459 -19.299999237060547
vertex 13.544358253479004 2.9187865257263184 -19.299999237060547
vertex 13.399882316589355 2.966515064239502 -19.299999237060547
endloop
endfacet
facet normal -0.31368254547124974 -0.9495279146326755 0.0
outer loop
vertex 13.544358253479004 2.9187865257263184 -16.799999237060547
vertex 13.399882316589355 2.966515064239502 -19.299999237060547
vertex 13.544358253479004 2.9187865257263184 -19.299999237060547
endloop
endfacet
facet normal -0.26671240922186523 -0.9637761621699658 -0.0
outer loop
vertex 13.253238677978516 3.007096767425537 -16.799999237060547
vertex 13.253238677978516 3.007096767425537 -19.299999237060547
vertex 13.399882316589355 2.966515064239502 -16.799999237060547
endloop
endfacet
facet normal -0.0 0.0 -1.0
outer loop
vertex 13.475451469421387 4.903926372528076 -19.299999237060547
vertex 13.399882316589355 2.966515064239502 -19.299999237060547
vertex 13.253238677978516 3.007096767425537 -19.299999237060547
endloop
endfacet
facet normal -0.26671240922186523 -0.9637761621699658 0.0
outer loop
vertex 13.399882316589355 2.966515064239502 -16.799999237060547
vertex 13.253238677978516 3.007096767425537 -19.299999237060547
vertex 13.399882316589355 2.966515064239502 -19.299999237060547
endloop
endfacet
facet normal 0.0 0.0 -1.0
outer loop
vertex 13.825420379638672 -2.8023667335510254 -16.799999237060547
vertex 13.825420379638672 2.8023667335510254 -16.799999237060547
vertex 13.961329460144043 2.7339558601379395 -16.799999237060547
endloop
endfacet
facet normal 0.0 0.0 -1.0
outer loop
vertex 13.961329460144043 -2.7339558601379395 -16.799999237060547
vertex 13.961329460144043 2.7339558601379395 -16.799999237060547
vertex 14.093718528747559 2.658958673477173 -16.799999237060547
endloop
endfacet
facet normal 0.0 0.0 -1.0
outer loop
vertex 13.825420379638672 -2.8023667335510254 -16.799999237060547
vertex 13.961329460144043 2.7339558601379395 -16.799999237060547
vertex 13.961329460144043 -2.7339558601379395 -16.799999237060547
endloop
endfacet
facet normal 0.0 0.0 -1.0
outer loop
vertex 13.961329460144043 -2.7339558601379395 -16.799999237060547
vertex 14.093718528747559 2.658958673477173 -16.799999237060547
vertex 14.093718528747559 -2.658958673477173 -16.799999237060547
endloop
endfacet
facet normal 0.0 -0.0 1.0
outer loop
vertex 13.714900970458984 -4.850156307220459 -8.149999618530273
vertex 13.951423645019531 -4.784701824188232 -8.149999618530273
vertex 12.5 -4.041451930999756 -8.149999618530273
endloop
endfacet
facet normal -0.4496112838674563 0.8932243242428285 0.0
outer loop
vertex 13.825420379638672 -2.8023667335510254 -16.799999237060547
vertex 13.961329460144043 -2.7339558601379395 -16.799999237060547
vertex 13.961329460144043 -2.7339558601379395 -19.299999237060547
endloop
endfacet
facet normal -0.49289672773628657 0.8700878207324023 0.0
outer loop
vertex 13.961329460144043 -2.7339558601379395 -16.799999237060547
vertex 14.093718528747559 -2.658958673477173 -16.799999237060547
vertex 14.093718528747559 -2.658958673477173 -19.299999237060547
endloop
endfacet
facet normal 0.2667121660750098 -0.9637762294576352 0.0
outer loop
vertex 13.951423645019531 -4.784701824188232 -19.299999237060547
vertex 13.951423645019531 -4.784701824188232 -8.149999618530273
vertex 13.714900970458984 -4.850156307220459 -8.149999618530273
endloop
endfacet
facet normal -0.49289672773628657 0.8700878207324023 0.0
outer loop
vertex 13.961329460144043 -2.7339558601379395 -16.799999237060547
vertex 14.093718528747559 -2.658958673477173 -19.299999237060547
vertex 13.961329460144043 -2.7339558601379395 -19.299999237060547
endloop
endfacet
facet normal -0.534996013251701 0.8448545826382111 0.0
outer loop
vertex 14.093718528747559 -2.658958673477173 -16.799999237060547
vertex 14.222268104553223 -2.5775558948516846 -19.299999237060547
vertex 14.093718528747559 -2.658958673477173 -19.299999237060547
endloop
endfacet
facet normal 0.3136828451774607 -0.9495278156227827 0.0
outer loop
vertex 13.951423645019531 -4.784701824188232 -19.299999237060547
vertex 14.184449195861816 -4.7077202796936035 -19.299999237060547
vertex 13.951423645019531 -4.784701824188232 -8.149999618530273
endloop
endfacet
facet normal 0.0 0.0 -1.0
outer loop
vertex 13.951423645019531 -4.784701824188232 -19.299999237060547
vertex 13.961329460144043 -2.7339558601379395 -19.299999237060547
vertex 14.093718528747559 -2.658958673477173 -19.299999237060547
endloop
endfacet
facet normal 0.0 0.0 -1.0
outer loop
vertex 14.184449195861816 -4.7077202796936035 -19.299999237060547
vertex 14.093718528747559 -2.658958673477173 -19.299999237060547
vertex 14.222268104553223 -2.5775558948516846 -19.299999237060547
endloop
endfacet
facet normal 0.0 0.0 -1.0
outer loop
vertex 13.951423645019531 -4.784701824188232 -19.299999237060547
vertex 14.093718528747559 -2.658958673477173 -19.299999237060547
vertex 14.184449195861816 -4.7077202796936035 -19.299999237060547
endloop
endfacet
facet normal 0.0 0.0 -1.0
outer loop
vertex 13.686318397521973 -2.8640265464782715 -16.799999237060547
vertex 13.686318397521973 2.8640265464782715 -16.799999237060547
vertex 13.825420379638672 2.8023667335510254 -16.799999237060547
endloop
endfacet
facet normal 0.0 0.0 -1.0
outer loop
vertex 13.544358253479004 -2.9187865257263184 -16.799999237060547
vertex 13.544358253479004 2.9187865257263184 -16.799999237060547
vertex 13.686318397521973 2.8640265464782715 -16.799999237060547
endloop
endfacet
facet normal 0.0 0.0 -1.0
outer loop
vertex 13.686318397521973 -2.8640265464782715 -16.799999237060547
vertex 13.825420379638672 2.8023667335510254 -16.799999237060547
vertex 13.825420379638672 -2.8023667335510254 -16.799999237060547
endloop
endfacet
facet normal -0.4496112838674563 0.8932243242428285 0.0
outer loop
vertex 13.825420379638672 -2.8023667335510254 -16.799999237060547
vertex 13.961329460144043 -2.7339558601379395 -19.299999237060547
vertex 13.825420379638672 -2.8023667335510254 -19.299999237060547
endloop
endfacet
facet normal 0.0 0.0 -1.0
outer loop
vertex 13.544358253479004 -2.9187865257263184 -16.799999237060547
vertex 13.686318397521973 2.8640265464782715 -16.799999237060547
vertex 13.686318397521973 -2.8640265464782715 -16.799999237060547
endloop
endfacet
facet normal 0.0 0.0 -1.0
outer loop
vertex 13.399882316589355 -2.966515064239502 -16.799999237060547
vertex 13.544358253479004 2.9187865257263184 -16.799999237060547
vertex 13.544358253479004 -2.9187865257263184 -16.799999237060547
endloop
endfacet
facet normal -0.4052421101123318 0.9142094028130014 0.0
outer loop
vertex 13.686318397521973 -2.8640265464782715 -16.799999237060547
vertex 13.825420379638672 -2.8023667335510254 -16.799999237060547
vertex 13.825420379638672 -2.8023667335510254 -19.299999237060547
endloop
endfacet
facet normal 0.0 0.0 -1.0
outer loop
vertex 13.951423645019531 -4.784701824188232 -19.299999237060547
vertex 13.825420379638672 -2.8023667335510254 -19.299999237060547
vertex 13.961329460144043 -2.7339558601379395 -19.299999237060547
endloop
endfacet
facet normal 0.2667121660750098 -0.9637762294576352 0.0
outer loop
vertex 13.714900970458984 -4.850156307220459 -19.299999237060547
vertex 13.951423645019531 -4.784701824188232 -19.299999237060547
vertex 13.714900970458984 -4.850156307220459 -8.149999618530273
endloop
endfacet
facet normal -0.3598945157946883 0.9329929997062717 0.0
outer loop
vertex 13.544358253479004 -2.9187865257263184 -16.799999237060547
vertex 13.686318397521973 -2.8640265464782715 -16.799999237060547
vertex 13.686318397521973 -2.8640265464782715 -19.299999237060547
endloop
endfacet
facet normal -0.31368254547124974 0.9495279146326755 0.0
outer loop
vertex 13.399882316589355 -2.966515064239502 -16.799999237060547
vertex 13.544358253479004 -2.9187865257263184 -16.799999237060547
vertex 13.544358253479004 -2.9187865257263184 -19.299999237060547
endloop
endfacet
facet normal -0.4052421101123318 0.9142094028130014 0.0
outer loop
vertex 13.686318397521973 -2.8640265464782715 -16.799999237060547
vertex 13.825420379638672 -2.8023667335510254 -19.299999237060547
vertex 13.686318397521973 -2.8640265464782715 -19.299999237060547
endloop
endfacet
facet normal 0.0 0.0 -1.0
outer loop
vertex 13.714900970458984 -4.850156307220459 -19.299999237060547
vertex 13.825420379638672 -2.8023667335510254 -19.299999237060547
vertex 13.951423645019531 -4.784701824188232 -19.299999237060547
endloop
endfacet
facet normal 0.21910078143584544 -0.9757022330476661 0.0
outer loop
vertex 13.714900970458984 -4.850156307220459 -19.299999237060547
vertex 13.714900970458984 -4.850156307220459 -8.149999618530273
vertex 13.475451469421387 -4.903926372528076 -8.149999618530273
endloop
endfacet
facet normal -0.31368254547124974 0.9495279146326755 0.0
outer loop
vertex 13.399882316589355 -2.966515064239502 -16.799999237060547
vertex 13.544358253479004 -2.9187865257263184 -19.299999237060547
vertex 13.399882316589355 -2.966515064239502 -19.299999237060547
endloop
endfacet
facet normal -0.3598945157946883 0.9329929997062717 0.0
outer loop
vertex 13.544358253479004 -2.9187865257263184 -16.799999237060547
vertex 13.686318397521973 -2.8640265464782715 -19.299999237060547
vertex 13.544358253479004 -2.9187865257263184 -19.299999237060547
endloop
endfacet
facet normal 0.0 0.0 -0.9999999999999999
outer loop
vertex 13.714900970458984 -4.850156307220459 -19.299999237060547
vertex 13.686318397521973 -2.8640265464782715 -19.299999237060547
vertex 13.825420379638672 -2.8023667335510254 -19.299999237060547
endloop
endfacet
facet normal 0.21910078143584544 -0.9757022330476661 0.0
outer loop
vertex 13.475451469421387 -4.903926372528076 -19.299999237060547
vertex 13.714900970458984 -4.850156307220459 -19.299999237060547
vertex 13.475451469421387 -4.903926372528076 -8.149999618530273
endloop
endfacet
facet normal 0.0 0.0 -1.0
outer loop
vertex 13.475451469421387 -4.903926372528076 -19.299999237060547
vertex 13.399882316589355 -2.966515064239502 -19.299999237060547
vertex 13.544358253479004 -2.9187865257263184 -19.299999237060547
endloop
endfacet
facet normal 0.0 0.0 -1.0
outer loop
vertex 13.714900970458984 -4.850156307220459 -19.299999237060547
vertex 13.544358253479004 -2.9187865257263184 -19.299999237060547
vertex 13.686318397521973 -2.8640265464782715 -19.299999237060547
endloop
endfacet
facet normal 0.0 0.0 -0.9999999999999999
outer loop
vertex 13.475451469421387 -4.903926372528076 -19.299999237060547
vertex 13.544358253479004 -2.9187865257263184 -19.299999237060547
vertex 13.714900970458984 -4.850156307220459 -19.299999237060547
endloop
endfacet
facet normal -0.0 -0.0 1.0
outer loop
vertex 11.421531677246094 -1.3141177892684937 -10.350000381469727
vertex 12.5 -4.041451930999756 -10.350000381469727
vertex 11.626025199890137 -1.4581385850906372 -10.350000381469727
endloop
endfacet
facet normal -0.0 -0.0 1.0
outer loop
vertex 11.358349800109863 -1.2596169710159302 -10.350000381469727
vertex 12.5 -4.041451930999756 -10.350000381469727
vertex 11.421531677246094 -1.3141177892684937 -10.350000381469727
endloop
endfacet
facet normal 0.5758087471493011 0.817584421761051 -0.0
outer loop
vertex 11.421531677246094 -1.3141177892684937 -14.699999809265137
vertex 11.421531677246094 -1.3141177892684937 -10.350000381469727
vertex 11.626025199890137 -1.4581385850906372 -10.350000381469727
endloop
endfacet
facet normal 0.653171167828949 0.7572102914758667 -0.0
outer loop
vertex 11.358349800109863 -1.2596169710159302 -14.699999809265137
vertex 11.358349800109863 -1.2596169710159302 -10.350000381469727
vertex 11.421531677246094 -1.3141177892684937 -10.350000381469727
endloop
endfacet
facet normal 0.5956993200911279 0.8032062803946358 -0.0014110909190228847
outer loop
vertex 11.421531677246094 -1.3141177892684937 -14.699999809265137
vertex 11.626025199890137 -1.4581385850906372 -10.350000381469727
vertex 11.555530548095703 -1.4134982824325562 -14.699999809265137
endloop
endfacet
facet normal 0.653171167828949 0.7572102914758667 0.0
outer loop
vertex 11.358349800109863 -1.2596169710159302 -14.699999809265137
vertex 11.421531677246094 -1.3141177892684937 -10.350000381469727
vertex 11.421531677246094 -1.3141177892684937 -14.699999809265137
endloop
endfacet
facet normal 0.4209361673760733 0.5675658203369924 -0.7075887100427334
outer loop
vertex 10.593762397766113 -2.5702641010284424 -16.200000762939453
vertex 11.421531677246094 -1.3141177892684937 -14.699999809265137
vertex 11.555530548095703 -1.4134982824325562 -14.699999809265137
endloop
endfacet
facet normal 0.0 -0.0 1.0
outer loop
vertex 10.593762397766113 -2.5702641010284424 -16.200000762939453
vertex 10.593762397766113 2.5702641010284424 -16.200000762939453
vertex 10.469941139221191 -2.4736335277557373 -16.200000762939453
endloop
endfacet
facet normal 0.4619313852655371 0.5355092449064862 -0.7070001725080035
outer loop
vertex 10.469941139221191 -2.4736335277557373 -16.200000762939453
vertex 11.358349800109863 -1.2596169710159302 -14.699999809265137
vertex 11.421531677246094 -1.3141177892684937 -14.699999809265137
endloop
endfacet
facet normal 0.4350986786347346 0.5575302324632186 -0.707000127114428
outer loop
vertex 10.593762397766113 -2.5702641010284424 -16.200000762939453
vertex 10.469941139221191 -2.4736335277557373 -16.200000762939453
vertex 11.421531677246094 -1.3141177892684937 -14.699999809265137
endloop
endfacet
facet normal -0.0 -0.0 0.9999999999999999
outer loop
vertex 13.475451469421387 4.903926372528076 -8.149999618530273
vertex 16.0 2.020725965499878 -8.149999618530273
vertex 13.714900970458984 4.850156307220459 -8.149999618530273
endloop
endfacet
facet normal -0.0 -0.0 1.0
outer loop
vertex 13.233652114868164 4.945882320404053 -8.149999618530273
vertex 16.0 2.020725965499878 -8.149999618530273
vertex 13.475451469421387 4.903926372528076 -8.149999618530273
endloop
endfacet
facet normal 0.17096101776085287 0.9852777935212857 -0.0
outer loop
vertex 13.233652114868164 4.945882320404053 -19.299999237060547
vertex 13.233652114868164 4.945882320404053 -8.149999618530273
vertex 13.475451469421387 4.903926372528076 -8.149999618530273
endloop
endfacet
facet normal 0.17096101776085287 0.9852777935212857 0.0
outer loop
vertex 13.233652114868164 4.945882320404053 -19.299999237060547
vertex 13.475451469421387 4.903926372528076 -8.149999618530273
vertex 13.475451469421387 4.903926372528076 -19.299999237060547
endloop
endfacet
facet normal 0.0 -0.0 -0.9999999999999999
outer loop
vertex 13.233652114868164 4.945882320404053 -19.299999237060547
vertex 13.475451469421387 4.903926372528076 -19.299999237060547
vertex 13.104780197143555 3.0404343605041504 -19.299999237060547
endloop
endfacet
facet normal -0.21910203091419828 -0.975701952467696 -0.0
outer loop
vertex 13.253238677978516 3.007096767425537 -16.799999237060547
vertex 13.104780197143555 3.0404343605041504 -16.799999237060547
vertex 13.104780197143555 3.0404343605041504 -19.299999237060547
endloop
endfacet
facet normal -0.0 0.0 -1.0
outer loop
vertex 13.475451469421387 4.903926372528076 -19.299999237060547
vertex 13.253238677978516 3.007096767425537 -19.299999237060547
vertex 13.104780197143555 3.0404343605041504 -19.299999237060547
endloop
endfacet
facet normal -0.21910203091419828 -0.975701952467696 0.0
outer loop
vertex 13.253238677978516 3.007096767425537 -16.799999237060547
vertex 13.104780197143555 3.0404343605041504 -19.299999237060547
vertex 13.253238677978516 3.007096767425537 -19.299999237060547
endloop
endfacet
facet normal 0.0 0.0 -1.0
outer loop
vertex 13.104780197143555 -3.0404343605041504 -16.799999237060547
vertex 13.104780197143555 3.0404343605041504 -16.799999237060547
vertex 13.253238677978516 3.007096767425537 -16.799999237060547
endloop
endfacet
facet normal 0.0 0.0 -0.9999999999999999
outer loop
vertex 12.954864501953125 -3.0664472579956055 -16.799999237060547
vertex 12.954864501953125 3.0664472579956055 -16.799999237060547
vertex 13.104780197143555 3.0404343605041504 -16.799999237060547
endloop
endfacet
facet normal 0.0 0.0 -1.0
outer loop
vertex 12.803853034973145 -3.0850727558135986 -16.799999237060547
vertex 12.954864501953125 3.0664472579956055 -16.799999237060547
vertex 12.954864501953125 -3.0664472579956055 -16.799999237060547
endloop
endfacet
facet normal 0.0 0.0 -1.0
outer loop
vertex 12.954864501953125 -3.0664472579956055 -16.799999237060547
vertex 13.104780197143555 3.0404343605041504 -16.799999237060547
vertex 13.104780197143555 -3.0404343605041504 -16.799999237060547
endloop
endfacet
facet normal -0.12241073892832852 0.9924795267384716 0.0
outer loop
vertex 12.803853034973145 -3.0850727558135986 -16.799999237060547
vertex 12.954864501953125 -3.0664472579956055 -16.799999237060547
vertex 12.954864501953125 -3.0664472579956055 -19.299999237060547
endloop
endfacet
facet normal -0.1709622507867606 0.9852775795713231 0.0
outer loop
vertex 12.954864501953125 -3.0664472579956055 -16.799999237060547
vertex 13.104780197143555 -3.0404343605041504 -16.799999237060547
vertex 13.104780197143555 -3.0404343605041504 -19.299999237060547
endloop
endfacet
facet normal -0.1709622507867606 0.9852775795713231 0.0
outer loop
vertex 12.954864501953125 -3.0664472579956055 -16.799999237060547
vertex 13.104780197143555 -3.0404343605041504 -19.299999237060547
vertex 12.954864501953125 -3.0664472579956055 -19.299999237060547
endloop
endfacet
facet normal -0.21910203091419828 0.975701952467696 0.0
outer loop
vertex 13.104780197143555 -3.0404343605041504 -16.799999237060547
vertex 13.253238677978516 -3.007096767425537 -19.299999237060547
vertex 13.104780197143555 -3.0404343605041504 -19.299999237060547
endloop
endfacet
facet normal 0.12241129211184755 -0.9924794585095995 0.0
outer loop
vertex 12.99008560180664 -4.975923538208008 -19.299999237060547
vertex 13.233652114868164 -4.945882320404053 -19.299999237060547
vertex 12.99008560180664 -4.975923538208008 -8.149999618530273
endloop
endfacet
facet normal 0.0 0.0 -1.0
outer loop
vertex 12.99008560180664 -4.975923538208008 -19.299999237060547
vertex 12.954864501953125 -3.0664472579956055 -19.299999237060547
vertex 13.104780197143555 -3.0404343605041504 -19.299999237060547
endloop
endfacet
facet normal 0.0 0.0 -1.0
outer loop
vertex 13.233652114868164 -4.945882320404053 -19.299999237060547
vertex 13.104780197143555 -3.0404343605041504 -19.299999237060547
vertex 13.253238677978516 -3.007096767425537 -19.299999237060547
endloop
endfacet
facet normal 0.0 0.0 -0.9999999999999999
outer loop
vertex 12.99008560180664 -4.975923538208008 -19.299999237060547
vertex 13.104780197143555 -3.0404343605041504 -19.299999237060547
vertex 13.233652114868164 -4.945882320404053 -19.299999237060547
endloop
endfacet
facet normal 0.7572104856491372 -0.653170942727092 0.0
outer loop
vertex 11.185882568359375 1.0784685611724854 -14.699999809265137
vertex 11.24038314819336 1.1416501998901367 -14.699999809265137
vertex 11.185882568359375 1.0784685611724854 -10.350000381469727
endloop
endfacet
facet normal 0.5355093553068454 -0.46193120284790135 -0.7070002080723441
outer loop
vertex 10.026366233825684 2.0300586223602295 -16.200000762939453
vertex 11.24038314819336 1.1416501998901367 -14.699999809265137
vertex 11.185882568359375 1.0784685611724854 -14.699999809265137
endloop
endfacet
facet normal 0.5355066574812638 -0.46193459619941485 -0.7070000343899059
outer loop
vertex 10.026366233825684 2.0300586223602295 -16.200000762939453
vertex 10.12895679473877 2.148988723754883 -16.200000762939453
vertex 11.24038314819336 1.1416501998901367 -14.699999809265137
endloop
endfacet
facet normal 0.0 -0.0 1.0
outer loop
vertex 10.026366233825684 -2.0300586223602295 -16.200000762939453
vertex 10.12895679473877 2.148988723754883 -16.200000762939453
vertex 10.026366233825684 2.0300586223602295 -16.200000762939453
endloop
endfacet
facet normal 0.7409520017529572 0.6715565052355642 -0.0014111605439872444
outer loop
vertex 11.185882568359375 -1.0784685611724854 -14.699999809265137
vertex 11.358349800109863 -1.2596169710159302 -10.350000381469727
vertex 11.297918319702148 -1.202081561088562 -14.699999809265137
endloop
endfacet
facet normal -0.0 0.0 1.0
outer loop
vertex 10.026366233825684 -2.0300586223602295 -16.200000762939453
vertex 10.12895679473877 -2.148988723754883 -16.200000762939453
vertex 10.12895679473877 2.148988723754883 -16.200000762939453
endloop
endfacet
facet normal 0.5235754039489534 0.4745387928926729 -0.7075886731849621
outer loop
vertex 10.12895679473877 -2.148988723754883 -16.200000762939453
vertex 11.185882568359375 -1.0784685611724854 -14.699999809265137
vertex 11.297918319702148 -1.202081561088562 -14.699999809265137
endloop
endfacet
facet normal 0.5355065662554771 0.4619345175069348 -0.7070001549030266
outer loop
vertex 10.026366233825684 -2.0300586223602295 -16.200000762939453
vertex 11.185882568359375 -1.0784685611724854 -14.699999809265137
vertex 10.12895679473877 -2.148988723754883 -16.200000762939453
endloop
endfacet
facet normal -0.0 -0.0 1.0
outer loop
vertex 12.006516456604004 -1.6267986297607422 -10.350000381469727
vertex 12.5 -4.041451930999756 -10.350000381469727
vertex 12.250557899475098 -1.6816000938415527 -10.350000381469727
endloop
endfacet
facet normal -0.0 -0.0 1.0
outer loop
vertex 11.849437713623047 -1.5705952644348145 -10.350000381469727
vertex 12.5 -4.041451930999756 -10.350000381469727
vertex 12.006516456604004 -1.6267986297607422 -10.350000381469727
endloop
endfacet
facet normal -0.0 -0.0 0.9999999999999999
outer loop
vertex 11.626025199890137 -1.4581385850906372 -10.350000381469727
vertex 12.5 -4.041451930999756 -10.350000381469727
vertex 11.849437713623047 -1.5705952644348145 -10.350000381469727
endloop
endfacet
facet normal 0.44961219195843377 0.8932238671477226 -0.0
outer loop
vertex 11.626025199890137 -1.4581385850906372 -14.699999809265137
vertex 11.626025199890137 -1.4581385850906372 -10.350000381469727
vertex 11.849437713623047 -1.5705952644348145 -10.350000381469727
endloop
endfacet
facet normal 0.53499810518824 0.8448532579359523 0.0
outer loop
vertex 11.555530548095703 -1.4134982824325562 -14.699999809265137
vertex 11.626025199890137 -1.4581385850906372 -10.350000381469727
vertex 11.626025199890137 -1.4581385850906372 -14.699999809265137
endloop
endfacet
facet normal 0.0 -0.0 0.9999999999999999
outer loop
vertex 10.593762397766113 -2.5702641010284424 -16.200000762939453
vertex 10.722175598144531 2.660702705383301 -16.200000762939453
vertex 10.593762397766113 2.5702641010284424 -16.200000762939453
endloop
endfacet
facet normal 0.378357846932358 0.5974915734214857 -0.7070001126980302
outer loop
vertex 10.854870796203613 -2.7447316646575928 -16.200000762939453
vertex 11.555530548095703 -1.4134982824325562 -14.699999809265137
vertex 11.626025199890137 -1.4581385850906372 -14.699999809265137
endloop
endfacet
facet normal -0.0 0.0 1.0
outer loop
vertex 10.593762397766113 -2.5702641010284424 -16.200000762939453
vertex 10.722175598144531 -2.660702705383301 -16.200000762939453
vertex 10.722175598144531 2.660702705383301 -16.200000762939453
endloop
endfacet
facet normal 0.3783596431079542 0.5974905343750208 -0.7070000295611548
outer loop
vertex 10.722175598144531 -2.660702705383301 -16.200000762939453
vertex 11.555530548095703 -1.4134982824325562 -14.699999809265137
vertex 10.854870796203613 -2.7447316646575928 -16.200000762939453
endloop
endfacet
facet normal 0.40721882394229997 0.5782074238074763 -0.7070000031690039
outer loop
vertex 10.593762397766113 -2.5702641010284424 -16.200000762939453
vertex 11.555530548095703 -1.4134982824325562 -14.699999809265137
vertex 10.722175598144531 -2.660702705383301 -16.200000762939453
endloop
endfacet
facet normal 0.0 -0.0 0.9999999999999999
outer loop
vertex 10.469941139221191 -2.4736335277557373 -16.200000762939453
vertex 10.593762397766113 2.5702641010284424 -16.200000762939453
vertex 10.469941139221191 2.4736335277557373 -16.200000762939453
endloop
endfacet
facet normal 0.0 -0.0 1.0
outer loop
vertex 10.351011276245117 -2.3710436820983887 -16.200000762939453
vertex 10.469941139221191 2.4736335277557373 -16.200000762939453
vertex 10.351011276245117 2.3710436820983887 -16.200000762939453
endloop
endfacet
facet normal 0.6895396497316053 0.7242479350664489 0.0
outer loop
vertex 11.297918319702148 -1.202081561088562 -14.699999809265137
vertex 11.358349800109863 -1.2596169710159302 -10.350000381469727
vertex 11.358349800109863 -1.2596169710159302 -14.699999809265137
endloop
endfacet
facet normal -0.0 0.0 1.0
outer loop
vertex 10.351011276245117 -2.3710436820983887 -16.200000762939453
vertex 10.469941139221191 -2.4736335277557373 -16.200000762939453
vertex 10.469941139221191 2.4736335277557373 -16.200000762939453
endloop
endfacet
facet normal 0.4876517270623627 0.5121978939049769 -0.7070000781982992
outer loop
vertex 10.351011276245117 -2.3710436820983887 -16.200000762939453
vertex 11.297918319702148 -1.202081561088562 -14.699999809265137
vertex 11.358349800109863 -1.2596169710159302 -14.699999809265137
endloop
endfacet
facet normal 0.4619332528158993 0.5355077601440168 -0.7070000769225281
outer loop
vertex 10.351011276245117 -2.3710436820983887 -16.200000762939453
vertex 11.358349800109863 -1.2596169710159302 -14.699999809265137
vertex 10.469941139221191 -2.4736335277557373 -16.200000762939453
endloop
endfacet
facet normal -0.0 -0.0 1.0
outer loop
vertex 12.749442100524902 1.6816000938415527 -10.350000381469727
vertex 12.993483543395996 1.6267986297607422 -10.350000381469727
vertex 12.5 4.041451930999756 -10.350000381469727
endloop
endfacet
facet normal -0.21910171782928883 -0.975702022773477 0.0
outer loop
vertex 12.993483543395996 1.6267986297607422 -14.699999809265137
vertex 12.993483543395996 1.6267986297607422 -10.350000381469727
vertex 12.749442100524902 1.6816000938415527 -10.350000381469727
endloop
endfacet
facet normal -0.3368882188175831 -0.9415446500415773 0.0
outer loop
vertex 12.993483543395996 1.6267986297607422 -14.699999809265137
vertex 13.150562286376953 1.5705952644348145 -14.699999809265137
vertex 12.993483543395996 1.6267986297607422 -10.350000381469727
endloop
endfacet
facet normal -0.22183973503568172 -0.6715191677440043 -0.707000098523118
outer loop
vertex 12.993483543395996 1.6267986297607422 -14.699999809265137
vertex 13.428911209106445 3.062209129333496 -16.200000762939453
vertex 13.578047752380371 3.0129411220550537 -16.200000762939453
endloop
endfacet
facet normal -0.25452289124721483 -0.6598250187399645 -0.707000030039578
outer loop
vertex 13.150562286376953 1.5705952644348145 -14.699999809265137
vertex 13.578047752380371 3.0129411220550537 -16.200000762939453
vertex 13.724587440490723 2.9564144611358643 -16.200000762939453
endloop
endfacet
facet normal -0.23805346572875524 -0.665318507923635 -0.7075887438822049
outer loop
vertex 12.993483543395996 1.6267986297607422 -14.699999809265137
vertex 13.578047752380371 3.0129411220550537 -16.200000762939453
vertex 13.150562286376953 1.5705952644348145 -14.699999809265137
endloop
endfacet
facet normal -0.12240978705955655 -0.9924791978715144 -0.0009411824209230469
outer loop
vertex 12.66662883758545 1.6918140649795532 -14.699999809265137
vertex 12.749442100524902 1.6816000938415527 -14.699999809265137
vertex 12.583415031433105 1.6979522705078125 -10.350000381469727
endloop
endfacet
facet normal -0.05202655090509417 -0.7052972293509691 -0.7070000397954488
outer loop
vertex 12.66662883758545 1.6918140649795532 -14.699999809265137
vertex 12.65701675415039 3.196145534515381 -16.200000762939453
vertex 12.813654899597168 3.184591054916382 -16.200000762939453
endloop
endfacet
facet normal -0.08657047950277283 -0.7018949530450135 -0.7070000190725588
outer loop
vertex 12.749442100524902 1.6816000938415527 -14.699999809265137
vertex 12.813654899597168 3.184591054916382 -16.200000762939453
vertex 12.969537734985352 3.1653647422790527 -16.200000762939453
endloop
endfacet
facet normal -0.08656989272438055 -0.701895001656312 -0.7070000426616501
outer loop
vertex 12.66662883758545 1.6918140649795532 -14.699999809265137
vertex 12.813654899597168 3.184591054916382 -16.200000762939453
vertex 12.749442100524902 1.6816000938415527 -14.699999809265137
endloop
endfacet
facet normal -0.0 0.0 1.0
outer loop
vertex 12.006516456604004 -1.6267986297607422 -16.299999237060547
vertex 12.250557899475098 -1.6816000938415527 -16.299999237060547
vertex 12.250557899475098 1.6816000938415527 -16.299999237060547
endloop
endfacet
facet normal 0.2191017178292888 0.975702022773477 0.0
outer loop
vertex 12.006516456604004 -1.6267986297607422 -16.299999237060547
vertex 12.250557899475098 -1.6816000938415527 -16.200000762939453
vertex 12.250557899475098 -1.6816000938415527 -16.299999237060547
endloop
endfacet
facet normal 0.12240984127637755 0.9924796374529262 0.0
outer loop
vertex 12.250557899475098 -1.6816000938415527 -14.699999809265137
vertex 12.33337116241455 -1.6918140649795532 -10.350000381469727
vertex 12.33337116241455 -1.6918140649795532 -14.699999809265137
endloop
endfacet
facet normal 0.2191017178292888 0.975702022773477 -0.0
outer loop
vertex 12.006516456604004 -1.6267986297607422 -16.299999237060547
vertex 12.006516456604004 -1.6267986297607422 -16.200000762939453
vertex 12.250557899475098 -1.6816000938415527 -16.200000762939453
endloop
endfacet
facet normal 0.08656989272438055 0.701895001656312 -0.7070000426616501
outer loop
vertex 12.186345100402832 -3.184591054916382 -16.200000762939453
vertex 12.250557899475098 -1.6816000938415527 -14.699999809265137
vertex 12.33337116241455 -1.6918140649795532 -14.699999809265137
endloop
endfacet
facet normal 0.0 -0.0 1.0
outer loop
vertex 12.030462265014648 -3.1653647422790527 -16.200000762939453
vertex 12.250557899475098 -1.6816000938415527 -16.200000762939453
vertex 12.006516456604004 -1.6267986297607422 -16.200000762939453
endloop
endfacet
facet normal 0.08657047950277283 0.7018949530450135 -0.7070000190725588
outer loop
vertex 12.030462265014648 -3.1653647422790527 -16.200000762939453
vertex 12.250557899475098 -1.6816000938415527 -14.699999809265137
vertex 12.186345100402832 -3.184591054916382 -16.200000762939453
endloop
endfacet
facet normal 0.0 -0.0 1.0
outer loop
vertex 12.186345100402832 -3.184591054916382 -16.200000762939453
vertex 12.33337116241455 -1.6918140649795532 -16.200000762939453
vertex 12.250557899475098 -1.6816000938415527 -16.200000762939453
endloop
endfacet
facet normal -0.0 0.0 0.9999999999999999
outer loop
vertex 12.030462265014648 -3.1653647422790527 -16.200000762939453
vertex 12.186345100402832 -3.184591054916382 -16.200000762939453
vertex 12.250557899475098 -1.6816000938415527 -16.200000762939453
endloop
endfacet
facet normal 0.0 -0.0 0.9999999999999999
outer loop
vertex 12.33337116241455 1.6918140649795532 -16.200000762939453
vertex 12.65701675415039 3.196145534515381 -16.200000762939453
vertex 12.5 3.200000047683716 -16.200000762939453
endloop
endfacet
facet normal 0.0 -0.0 1.0
outer loop
vertex 12.33337116241455 1.6918140649795532 -16.200000762939453
vertex 12.5 3.200000047683716 -16.200000762939453
vertex 12.34298324584961 3.196145534515381 -16.200000762939453
endloop
endfacet
facet normal 0.0 -0.0 1.0
outer loop
vertex 12.250557899475098 1.6816000938415527 -16.200000762939453
vertex 12.34298324584961 3.196145534515381 -16.200000762939453
vertex 12.186345100402832 3.184591054916382 -16.200000762939453
endloop
endfacet
facet normal 0.0 0.0 1.0
outer loop
vertex 12.33337116241455 1.6918140649795532 -16.200000762939453
vertex 12.583415031433105 1.6979522705078125 -16.200000762939453
vertex 12.65701675415039 3.196145534515381 -16.200000762939453
endloop
endfacet
facet normal 0.0 0.0 1.0
outer loop
vertex 12.250557899475098 1.6816000938415527 -16.200000762939453
vertex 12.33337116241455 1.6918140649795532 -16.200000762939453
vertex 12.34298324584961 3.196145534515381 -16.200000762939453
endloop
endfacet
facet normal 0.024541120947340213 -0.9996988213370306 0.0
outer loop
vertex 12.33337116241455 1.6918140649795532 -16.200000762939453
vertex 12.583415031433105 1.6979522705078125 -16.299999237060547
vertex 12.583415031433105 1.6979522705078125 -16.200000762939453
endloop
endfacet
facet normal 0.12240984127637758 -0.9924796374529263 0.0
outer loop
vertex 12.250557899475098 1.6816000938415527 -16.200000762939453
vertex 12.33337116241455 1.6918140649795532 -16.299999237060547
vertex 12.33337116241455 1.6918140649795532 -16.200000762939453
endloop
endfacet
facet normal 0.024541120947340213 -0.9996988213370306 0.0
outer loop
vertex 12.33337116241455 1.6918140649795532 -16.299999237060547
vertex 12.583415031433105 1.6979522705078125 -16.299999237060547
vertex 12.33337116241455 1.6918140649795532 -16.200000762939453
endloop
endfacet
facet normal 0.12240984127637758 -0.9924796374529263 0.0
outer loop
vertex 12.250557899475098 1.6816000938415527 -16.299999237060547
vertex 12.33337116241455 1.6918140649795532 -16.299999237060547
vertex 12.250557899475098 1.6816000938415527 -16.200000762939453
endloop
endfacet
facet normal -0.0 0.0 1.0
outer loop
vertex 12.33337116241455 -1.6918140649795532 -16.299999237060547
vertex 12.583415031433105 -1.6979522705078125 -16.299999237060547
vertex 12.583415031433105 1.6979522705078125 -16.299999237060547
endloop
endfacet
facet normal 0.0 -0.0 0.9999999999999999
outer loop
vertex 12.33337116241455 -1.6918140649795532 -16.299999237060547
vertex 12.583415031433105 1.6979522705078125 -16.299999237060547
vertex 12.33337116241455 1.6918140649795532 -16.299999237060547
endloop
endfacet
facet normal 0.0 -0.0 1.0
outer loop
vertex 12.250557899475098 -1.6816000938415527 -16.299999237060547
vertex 12.33337116241455 1.6918140649795532 -16.299999237060547
vertex 12.250557899475098 1.6816000938415527 -16.299999237060547
endloop
endfacet
facet normal 0.024541120947340213 0.9996988213370306 0.0
outer loop
vertex 12.33337116241455 -1.6918140649795532 -16.299999237060547
vertex 12.583415031433105 -1.6979522705078125 -16.200000762939453
vertex 12.583415031433105 -1.6979522705078125 -16.299999237060547
endloop
endfacet
facet normal -0.0 0.0 1.0
outer loop
vertex 12.250557899475098 -1.6816000938415527 -16.299999237060547
vertex 12.33337116241455 -1.6918140649795532 -16.299999237060547
vertex 12.33337116241455 1.6918140649795532 -16.299999237060547
endloop
endfacet
facet normal 0.12240984127637758 0.9924796374529263 -0.0
outer loop
vertex 12.250557899475098 -1.6816000938415527 -16.299999237060547
vertex 12.250557899475098 -1.6816000938415527 -16.200000762939453
vertex 12.33337116241455 -1.6918140649795532 -16.200000762939453
endloop
endfacet
facet normal 0.024541120947340213 0.9996988213370306 -0.0
outer loop
vertex 12.33337116241455 -1.6918140649795532 -16.299999237060547
vertex 12.33337116241455 -1.6918140649795532 -16.200000762939453
vertex 12.583415031433105 -1.6979522705078125 -16.200000762939453
endloop
endfacet
facet normal 0.12240984127637758 0.9924796374529263 0.0
outer loop
vertex 12.250557899475098 -1.6816000938415527 -16.299999237060547
vertex 12.33337116241455 -1.6918140649795532 -16.200000762939453
vertex 12.33337116241455 -1.6918140649795532 -16.299999237060547
endloop
endfacet
facet normal 0.31797138987651197 -0.6317001839611323 -0.7070000514876011
outer loop
vertex 11.77315616607666 1.5367817878723145 -14.699999809265137
vertex 10.991530418395996 2.822148084640503 -16.200000762939453
vertex 11.131823539733887 2.892765760421753 -16.200000762939453
endloop
endfacet
facet normal 0.4713970301294807 -0.8819211075743143 0.0
outer loop
vertex 11.626025199890137 1.4581385850906372 -14.699999809265137
vertex 11.77315616607666 1.5367817878723145 -14.699999809265137
vertex 11.626025199890137 1.4581385850906372 -10.350000381469727
endloop
endfacet
facet normal 0.3331006990757545 -0.6231870773177699 -0.7075887159497242
outer loop
vertex 11.626025199890137 1.4581385850906372 -14.699999809265137
vertex 10.991530418395996 2.822148084640503 -16.200000762939453
vertex 11.77315616607666 1.5367817878723145 -14.699999809265137
endloop
endfacet
facet normal 0.34858320674029764 -0.6153377971527794 -0.707000101395902
outer loop
vertex 11.626025199890137 1.4581385850906372 -14.699999809265137
vertex 10.854870796203613 2.7447316646575928 -16.200000762939453
vertex 10.991530418395996 2.822148084640503 -16.200000762939453
endloop
endfacet
facet normal 0.9972903805610607 -0.07356559549391803 0.0
outer loop
vertex 10.800000190734863 1.0842021724855044e-16 -16.200000762939453
vertex 10.818400382995605 0.24944180250167847 -16.299999237060547
vertex 10.818400382995605 0.24944180250167847 -16.200000762939453
endloop
endfacet
facet normal 0.37835961225554116 -0.5974904856541143 -0.7070000872465626
outer loop
vertex 10.722175598144531 2.660702705383301 -16.200000762939453
vertex 10.854870796203613 2.7447316646575928 -16.200000762939453
vertex 11.626025199890137 1.4581385850906372 -14.699999809265137
endloop
endfacet
facet normal 0.9972903805610607 -0.073565595493918 6.935683661012895e-17
outer loop
vertex 10.800000190734863 0.0 -16.299999237060547
vertex 10.818400382995605 0.24944180250167847 -16.299999237060547
vertex 10.800000190734863 1.0842021724855044e-16 -16.200000762939453
endloop
endfacet
facet normal 0.0 -0.0 0.9999999999999999
outer loop
vertex 10.818400382995605 -0.24944180250167847 -16.299999237060547
vertex 10.818400382995605 0.24944180250167847 -16.299999237060547
vertex 10.800000190734863 0.0 -16.299999237060547
endloop
endfacet
facet normal 0.0 0.0 1.0
outer loop
vertex 10.800000190734863 1.0842021724855044e-16 -16.200000762939453
vertex 10.818400382995605 0.24944180250167847 -16.200000762939453
vertex 10.854870796203613 2.7447316646575928 -16.200000762939453
endloop
endfacet
facet normal 0.0 -0.0 1.0
outer loop
vertex 10.722175598144531 -2.660702705383301 -16.200000762939453
vertex 10.854870796203613 2.7447316646575928 -16.200000762939453
vertex 10.722175598144531 2.660702705383301 -16.200000762939453
endloop
endfacet
facet normal 0.9972903805610607 0.073565595493918 -7.976119551395345e-17
outer loop
vertex 10.818400382995605 -0.24944180250167847 -16.299999237060547
vertex 10.800000190734863 0.0 -16.299999237060547
vertex 10.800000190734863 1.0842021724855044e-16 -16.200000762939453
endloop
endfacet
facet normal 0.9807863038144392 0.19508517691001132 -0.0
outer loop
vertex 10.850946426391602 -0.4130662977695465 -16.200000762939453
vertex 10.818400382995605 -0.24944180250167847 -16.299999237060547
vertex 10.818400382995605 -0.24944180250167847 -16.200000762939453
endloop
endfacet
facet normal 0.0 0.0 1.0
outer loop
vertex 10.722175598144531 -2.660702705383301 -16.200000762939453
vertex 10.800000190734863 1.0842021724855044e-16 -16.200000762939453
vertex 10.854870796203613 2.7447316646575928 -16.200000762939453
endloop
endfacet
facet normal 0.0 -0.0 1.0
outer loop
vertex 10.722175598144531 -2.660702705383301 -16.200000762939453
vertex 10.850946426391602 -0.4130662977695465 -16.200000762939453
vertex 10.818400382995605 -0.24944180250167847 -16.200000762939453
endloop
endfacet
facet normal 0.9972903805610608 0.07356559549391797 0.0
outer loop
vertex 10.818400382995605 -0.24944180250167847 -16.200000762939453
vertex 10.818400382995605 -0.24944180250167847 -16.299999237060547
vertex 10.800000190734863 1.0842021724855044e-16 -16.200000762939453
endloop
endfacet
facet normal 0.0 -0.0 1.0
outer loop
vertex 10.722175598144531 -2.660702705383301 -16.200000762939453
vertex 10.818400382995605 -0.24944180250167847 -16.200000762939453
vertex 10.800000190734863 1.0842021724855044e-16 -16.200000762939453
endloop
endfacet
facet normal 0.0 -0.0 1.0
outer loop
vertex 11.000733375549316 0.8013744354248047 -16.200000762939453
vertex 11.131823539733887 2.892765760421753 -16.200000762939453
vertex 10.991530418395996 2.822148084640503 -16.200000762939453
endloop
endfacet
facet normal 0.0 -0.0 1.0
outer loop
vertex 11.000733375549316 0.8013744354248047 -16.200000762939453
vertex 11.134547233581543 1.0126888751983643 -16.200000762939453
vertex 11.131823539733887 2.892765760421753 -16.200000762939453
endloop
endfacet
facet normal 0.0 -0.0 1.0
outer loop
vertex 10.929405212402344 0.6505618095397949 -16.200000762939453
vertex 11.000733375549316 0.8013744354248047 -16.200000762939453
vertex 10.991530418395996 2.822148084640503 -16.200000762939453
endloop
endfacet
facet normal 0.8448527252520401 -0.5349989463860662 0.0
outer loop
vertex 11.000733375549316 0.8013744354248047 -16.200000762939453
vertex 11.134547233581543 1.0126888751983643 -16.299999237060547
vertex 11.134547233581543 1.0126888751983643 -16.200000762939453
endloop
endfacet
facet normal 0.9039913704545944 -0.4275507012549789 0.0
outer loop
vertex 10.929405212402344 0.6505618095397949 -16.200000762939453
vertex 11.000733375549316 0.8013744354248047 -16.299999237060547
vertex 11.000733375549316 0.8013744354248047 -16.200000762939453
endloop
endfacet
facet normal 0.8448527252520401 -0.5349989463860662 0.0
outer loop
vertex 11.000733375549316 0.8013744354248047 -16.299999237060547
vertex 11.134547233581543 1.0126888751983643 -16.299999237060547
vertex 11.000733375549316 0.8013744354248047 -16.200000762939453
endloop
endfacet
facet normal 0.9039913704545944 -0.4275507012549789 0.0
outer loop
vertex 10.929405212402344 0.6505618095397949 -16.299999237060547
vertex 11.000733375549316 0.8013744354248047 -16.299999237060547
vertex 10.929405212402344 0.6505618095397949 -16.200000762939453
endloop
endfacet
facet normal 0.0 -0.0 1.0
outer loop
vertex 11.041861534118652 -0.8739746809005737 -16.299999237060547
vertex 11.134547233581543 1.0126888751983643 -16.299999237060547
vertex 11.000733375549316 0.8013744354248047 -16.299999237060547
endloop
endfacet
facet normal 0.0 -0.0 0.9999999999999999
outer loop
vertex 10.963217735290527 -0.7268436551094055 -16.299999237060547
vertex 11.000733375549316 0.8013744354248047 -16.299999237060547
vertex 10.929405212402344 0.6505618095397949 -16.299999237060547
endloop
endfacet
facet normal -0.0 -0.0 1.0
outer loop
vertex 10.963217735290527 -0.7268436551094055 -16.299999237060547
vertex 11.041861534118652 -0.8739746809005737 -16.299999237060547
vertex 11.000733375549316 0.8013744354248047 -16.299999237060547
endloop
endfacet
facet normal 0.8819197016378149 0.4713996604401275 0.0
outer loop
vertex 10.963217735290527 -0.7268436551094055 -16.299999237060547
vertex 11.041861534118652 -0.8739746809005737 -16.200000762939453
vertex 11.041861534118652 -0.8739746809005737 -16.299999237060547
endloop
endfacet
facet normal 0.8175844470797772 0.5758087111995225 -0.0
outer loop
vertex 11.185882568359375 -1.0784685611724854 -16.200000762939453
vertex 11.041861534118652 -0.8739746809005737 -16.299999237060547
vertex 11.041861534118652 -0.8739746809005737 -16.200000762939453
endloop
endfacet
facet normal 0.0 -0.0 1.0
outer loop
vertex 11.131823539733887 -2.892765760421753 -16.200000762939453
vertex 11.185882568359375 -1.0784685611724854 -16.200000762939453
vertex 11.041861534118652 -0.8739746809005737 -16.200000762939453
endloop
endfacet
facet normal 0.28659237069407234 0.6465413609604709 -0.707000057727956
outer loop
vertex 11.131823539733887 -2.892765760421753 -16.200000762939453
vertex 11.77315616607666 -1.5367817878723145 -14.699999809265137
vertex 11.275412559509277 -2.9564144611358643 -16.200000762939453
endloop
endfacet
facet normal -0.0 -0.0 1.0
outer loop
vertex 11.131823539733887 -2.892765760421753 -16.200000762939453
vertex 11.275412559509277 -2.9564144611358643 -16.200000762939453
vertex 11.185882568359375 -1.0784685611724854 -16.200000762939453
endloop
endfacet
facet normal 0.3368882188175831 0.9415446500415773 -0.0
outer loop
vertex 11.849437713623047 -1.5705952644348145 -14.699999809265137
vertex 11.849437713623047 -1.5705952644348145 -10.350000381469727
vertex 12.006516456604004 -1.6267986297607422 -10.350000381469727
endloop
endfacet
facet normal 0.0 -0.0 0.9999999999999999
outer loop
vertex 11.421952247619629 -3.0129411220550537 -16.200000762939453
vertex 11.626025199890137 -1.4581385850906372 -16.200000762939453
vertex 11.421531677246094 -1.3141177892684937 -16.200000762939453
endloop
endfacet
facet normal 0.4052432378081788 0.9142089029378044 0.0
outer loop
vertex 11.77315616607666 -1.5367817878723145 -14.699999809265137
vertex 11.849437713623047 -1.5705952644348145 -10.350000381469727
vertex 11.849437713623047 -1.5705952644348145 -14.699999809265137
endloop
endfacet
facet normal 0.3368882188175831 0.9415446500415773 0.0
outer loop
vertex 11.849437713623047 -1.5705952644348145 -14.699999809265137
vertex 12.006516456604004 -1.6267986297607422 -10.350000381469727
vertex 12.006516456604004 -1.6267986297607422 -14.699999809265137
endloop
endfacet
facet normal -0.0 -0.0 0.9999999999999999
outer loop
vertex 11.275412559509277 -2.9564144611358643 -16.200000762939453
vertex 11.421952247619629 -3.0129411220550537 -16.200000762939453
vertex 11.421531677246094 -1.3141177892684937 -16.200000762939453
endloop
endfacet
facet normal 0.2865935036976234 0.6465409121238098 -0.7070000089027103
outer loop
vertex 11.275412559509277 -2.9564144611358643 -16.200000762939453
vertex 11.77315616607666 -1.5367817878723145 -14.699999809265137
vertex 11.849437713623047 -1.5705952644348145 -14.699999809265137
endloop
endfacet
facet normal 0.23805346572875524 0.665318507923635 -0.7075887438822049
outer loop
vertex 11.421952247619629 -3.0129411220550537 -16.200000762939453
vertex 11.849437713623047 -1.5705952644348145 -14.699999809265137
vertex 12.006516456604004 -1.6267986297607422 -14.699999809265137
endloop
endfacet
facet normal 0.25452289124721483 0.6598250187399645 -0.707000030039578
outer loop
vertex 11.275412559509277 -2.9564144611358643 -16.200000762939453
vertex 11.849437713623047 -1.5705952644348145 -14.699999809265137
vertex 11.421952247619629 -3.0129411220550537 -16.200000762939453
endloop
endfacet
facet normal -0.0 -0.0 1.0
outer loop
vertex 12.250557899475098 -1.6816000938415527 -10.350000381469727
vertex 12.5 -4.041451930999756 -10.350000381469727
vertex 12.33337116241455 -1.6918140649795532 -10.350000381469727
endloop
endfacet
facet normal 0.12240984127637755 0.9924796374529262 -0.0
outer loop
vertex 12.250557899475098 -1.6816000938415527 -14.699999809265137
vertex 12.250557899475098 -1.6816000938415527 -10.350000381469727
vertex 12.33337116241455 -1.6918140649795532 -10.350000381469727
endloop
endfacet
facet normal 0.19509146195825744 0.9807850536539541 0.0
outer loop
vertex 12.086934089660645 -1.6490530967712402 -14.699999809265137
vertex 12.250557899475098 -1.6816000938415527 -10.350000381469727
vertex 12.250557899475098 -1.6816000938415527 -14.699999809265137
endloop
endfacet
facet normal 0.21910171782928883 0.975702022773477 -0.0
outer loop
vertex 12.006516456604004 -1.6267986297607422 -14.699999809265137
vertex 12.006516456604004 -1.6267986297607422 -10.350000381469727
vertex 12.250557899475098 -1.6816000938415527 -10.350000381469727
endloop
endfacet
facet normal 0.2667107027046983 0.9637725051904171 -0.0028212234497171185
outer loop
vertex 12.006516456604004 -1.6267986297607422 -14.699999809265137
vertex 12.250557899475098 -1.6816000938415527 -10.350000381469727
vertex 12.086934089660645 -1.6490530967712402 -14.699999809265137
endloop
endfacet
facet normal 0.18862215287453538 0.6815956126499249 -0.707000073735038
outer loop
vertex 11.722463607788086 -3.104099988937378 -16.200000762939453
vertex 12.006516456604004 -1.6267986297607422 -14.699999809265137
vertex 12.086934089660645 -1.6490530967712402 -14.699999809265137
endloop
endfacet
facet normal 0.0 -0.0 1.0
outer loop
vertex 11.722463607788086 -3.104099988937378 -16.200000762939453
vertex 11.849437713623047 -1.5705952644348145 -16.200000762939453
vertex 11.626025199890137 -1.4581385850906372 -16.200000762939453
endloop
endfacet
facet normal 0.15495096290383684 0.6900297948133782 -0.707000057542417
outer loop
vertex 11.722463607788086 -3.104099988937378 -16.200000762939453
vertex 12.086934089660645 -1.6490530967712402 -14.699999809265137
vertex 11.875711441040039 -3.1385128498077393 -16.200000762939453
endloop
endfacet
facet normal -0.0 -0.0 1.0
outer loop
vertex 11.722463607788086 -3.104099988937378 -16.200000762939453
vertex 11.875711441040039 -3.1385128498077393 -16.200000762939453
vertex 11.849437713623047 -1.5705952644348145 -16.200000762939453
endloop
endfacet
facet normal 0.0 -0.0 1.0
outer loop
vertex 7.7922797203063965 -1.684449315071106 -8.149999618530273
vertex 7.88060188293457 1.9134172201156616 -8.149999618530273
vertex 7.7922797203063965 1.684449315071106 -8.149999618530273
endloop
endfacet
facet normal -0.9329934893189429 0.3598932465168852 0.0
outer loop
vertex 7.7922797203063965 1.684449315071106 -19.299999237060547
vertex 7.7922797203063965 1.684449315071106 -8.149999618530273
vertex 7.88060188293457 1.9134172201156616 -8.149999618530273
endloop
endfacet
facet normal 0.0 -0.0 1.0
outer loop
vertex 7.715298175811768 -1.4514234066009521 -8.149999618530273
vertex 7.715298175811768 1.4514234066009521 -8.149999618530273
vertex 7.649843692779541 -1.2149008512496948 -8.149999618530273
endloop
endfacet
facet normal -0.9329934893189429 0.3598932465168852 0.0
outer loop
vertex 7.7922797203063965 1.684449315071106 -19.299999237060547
vertex 7.88060188293457 1.9134172201156616 -8.149999618530273
vertex 7.88060188293457 1.9134172201156616 -19.299999237060547
endloop
endfacet
facet normal -0.9637761949035429 -0.2667122909377213 0.0
outer loop
vertex 7.715298175811768 -1.4514234066009521 -19.299999237060547
vertex 7.715298175811768 -1.4514234066009521 -8.149999618530273
vertex 7.649843692779541 -1.2149008512496948 -8.149999618530273
endloop
endfacet
facet normal 0.0 0.0 -1.0
outer loop
vertex 7.7922797203063965 -1.684449315071106 -19.299999237060547
vertex 7.7922797203063965 1.684449315071106 -19.299999237060547
vertex 7.88060188293457 1.9134172201156616 -19.299999237060547
endloop
endfacet
facet normal -0.9495279590118825 -0.31368241113382306 -0.0
outer loop
vertex 7.7922797203063965 -1.684449315071106 -19.299999237060547
vertex 7.715298175811768 -1.4514234066009521 -8.149999618530273
vertex 7.715298175811768 -1.4514234066009521 -19.299999237060547
endloop
endfacet
facet normal 0.0 0.0 -1.0
outer loop
vertex 7.7922797203063965 -1.684449315071106 -19.299999237060547
vertex 7.715298175811768 -1.4514234066009521 -19.299999237060547
vertex 7.7922797203063965 1.684449315071106 -19.299999237060547
endloop
endfacet
facet normal 0.0 -0.0 1.0
outer loop
vertex 7.88060188293457 -1.9134172201156616 -8.149999618530273
vertex 7.980053424835205 2.137775421142578 -8.149999618530273
vertex 7.88060188293457 1.9134172201156616 -8.149999618530273
endloop
endfacet
facet normal -0.9142091651543214 0.4052426462600384 0.0
outer loop
vertex 7.88060188293457 1.9134172201156616 -19.299999237060547
vertex 7.88060188293457 1.9134172201156616 -8.149999618530273
vertex 7.980053424835205 2.137775421142578 -8.149999618530273
endloop
endfacet
facet normal 0.0 -0.0 1.0
outer loop
vertex 7.7922797203063965 -1.684449315071106 -8.149999618530273
vertex 7.7922797203063965 1.684449315071106 -8.149999618530273
vertex 7.715298175811768 -1.4514234066009521 -8.149999618530273
endloop
endfacet
facet normal -0.9142091651543214 0.4052426462600384 0.0
outer loop
vertex 7.88060188293457 1.9134172201156616 -19.299999237060547
vertex 7.980053424835205 2.137775421142578 -8.149999618530273
vertex 7.980053424835205 2.137775421142578 -19.299999237060547
endloop
endfacet
facet normal -0.9495279590118825 -0.31368241113382306 0.0
outer loop
vertex 7.7922797203063965 -1.684449315071106 -19.299999237060547
vertex 7.7922797203063965 -1.684449315071106 -8.149999618530273
vertex 7.715298175811768 -1.4514234066009521 -8.149999618530273
endloop
endfacet
facet normal 0.0 0.0 -1.0
outer loop
vertex 7.88060188293457 -1.9134172201156616 -19.299999237060547
vertex 7.88060188293457 1.9134172201156616 -19.299999237060547
vertex 7.980053424835205 2.137775421142578 -19.299999237060547
endloop
endfacet
facet normal -0.9329934893189429 -0.3598932465168852 -0.0
outer loop
vertex 7.88060188293457 -1.9134172201156616 -19.299999237060547
vertex 7.7922797203063965 -1.684449315071106 -8.149999618530273
vertex 7.7922797203063965 -1.684449315071106 -19.299999237060547
endloop
endfacet
facet normal 0.0 0.0 -1.0
outer loop
vertex 7.88060188293457 -1.9134172201156616 -19.299999237060547
vertex 7.7922797203063965 -1.684449315071106 -19.299999237060547
vertex 7.88060188293457 1.9134172201156616 -19.299999237060547
endloop
endfacet
facet normal -0.9951834753840101 -0.09801968622980473 -0.0014111817791992599
outer loop
vertex 14.197952270507812 0.08341504633426666 -14.699999809265137
vertex 14.199999809265137 -2.039231820514728e-16 -10.350000381469727
vertex 14.181599617004395 0.24944180250167847 -14.699999809265137
endloop
endfacet
facet normal -0.9996988732929704 -0.024539004396378784 -9.735665850463276e-19
outer loop
vertex 14.199999809265137 -3.134021904840911e-17 -14.699999809265137
vertex 14.199999809265137 -2.039231820514728e-16 -10.350000381469727
vertex 14.197952270507812 0.08341504633426666 -14.699999809265137
endloop
endfacet
facet normal -0.7070004899915915 0.01735254552119622 -0.7070001388370334
outer loop
vertex 14.197952270507812 -0.08341504633426666 -14.699999809265137
vertex 15.699999809265137 0.0 -16.200000762939453
vertex 15.696146011352539 -0.1570165604352951 -16.200000762939453
endloop
endfacet
facet normal -0.9996988732929705 0.0245390043963788 9.735665850463284e-19
outer loop
vertex 14.197952270507812 -0.08341504633426666 -14.699999809265137
vertex 14.199999809265137 -2.039231820514728e-16 -10.350000381469727
vertex 14.199999809265137 -3.134021904840911e-17 -14.699999809265137
endloop
endfacet
facet normal -0.7070005174517552 0.017354314653615106 -0.7070000679532175
outer loop
vertex 14.197952270507812 -0.08341504633426666 -14.699999809265137
vertex 14.199999809265137 -3.134021904840911e-17 -14.699999809265137
vertex 15.699999809265137 0.0 -16.200000762939453
endloop
endfacet
facet normal 0.0 0.0 1.0
outer loop
vertex 13.865452766418457 1.0126888751983643 -10.350000381469727
vertex 12.5 4.041451930999756 -10.350000381469727
vertex 13.814117431640625 1.0784685611724854 -10.350000381469727
endloop
endfacet
facet normal 0.0 -0.0 1.0
outer loop
vertex 15.070263862609863 -1.9062377214431763 -16.200000762939453
vertex 15.1607027053833 1.7778247594833374 -16.200000762939453
vertex 15.070263862609863 1.9062377214431763 -16.200000762939453
endloop
endfacet
facet normal -0.7883443118244675 -0.6152343017209027 0.0
outer loop
vertex 13.865452766418457 1.0126888751983643 -14.699999809265137
vertex 13.865452766418457 1.0126888751983643 -10.350000381469727
vertex 13.814117431640625 1.0784685611724854 -10.350000381469727
endloop
endfacet
facet normal -0.5782064748340244 -0.4072199851947368 -0.7070001104087672
outer loop
vertex 13.913497924804688 0.9444693922996521 -14.699999809265137
vertex 15.070263862609863 1.9062377214431763 -16.200000762939453
vertex 15.1607027053833 1.7778247594833374 -16.200000762939453
endloop
endfacet
facet normal -0.8175871954977489 -0.5758048087313319 -0.0
outer loop
vertex 13.913497924804688 0.9444693922996521 -14.699999809265137
vertex 13.865452766418457 1.0126888751983643 -10.350000381469727
vertex 13.865452766418457 1.0126888751983643 -14.699999809265137
endloop
endfacet
facet normal -0.5782087734377278 -0.40721698435283965 -0.7069999589633775
outer loop
vertex 13.913497924804688 0.9444693922996521 -14.699999809265137
vertex 13.865452766418457 1.0126888751983643 -14.699999809265137
vertex 15.070263862609863 1.9062377214431763 -16.200000762939453
endloop
endfacet
facet normal 0.0 -0.0 1.0
outer loop
vertex 15.456414222717285 -1.2245869636535645 -16.200000762939453
vertex 15.512941360473633 1.078047513961792 -16.200000762939453
vertex 15.456414222717285 1.2245869636535645 -16.200000762939453
endloop
endfacet
facet normal 0.0 0.0 1.0
outer loop
vertex 15.322148323059082 -1.508469581604004 -16.200000762939453
vertex 15.392765998840332 -1.3681763410568237 -16.200000762939453
vertex 15.392765998840332 1.3681763410568237 -16.200000762939453
endloop
endfacet
facet normal 0.0 0.0 1.0
outer loop
vertex 15.392765998840332 -1.3681763410568237 -16.200000762939453
vertex 15.456414222717285 -1.2245869636535645 -16.200000762939453
vertex 15.456414222717285 1.2245869636535645 -16.200000762939453
endloop
endfacet
facet normal -0.6317003286702555 0.31797119253185424 -0.7070000109460832
outer loop
vertex 13.999266624450684 -0.8013744354248047 -14.699999809265137
vertex 15.392765998840332 -1.3681763410568237 -16.200000762939453
vertex 15.322148323059082 -1.508469581604004 -16.200000762939453
endloop
endfacet
facet normal -0.9039913704545944 0.4275507012549789 0.0
outer loop
vertex 13.999266624450684 -0.8013744354248047 -14.699999809265137
vertex 14.070594787597656 -0.6505618095397949 -10.350000381469727
vertex 14.070594787597656 -0.6505618095397949 -14.699999809265137
endloop
endfacet
facet normal -0.6465423754854642 0.28658995954321786 -0.7070001073483864
outer loop
vertex 14.070594787597656 -0.6505618095397949 -14.699999809265137
vertex 15.456414222717285 -1.2245869636535645 -16.200000762939453
vertex 15.392765998840332 -1.3681763410568237 -16.200000762939453
endloop
endfacet
facet normal -0.6387824156767663 0.30211778419368074 -0.7075887717424969
outer loop
vertex 13.999266624450684 -0.8013744354248047 -14.699999809265137
vertex 14.070594787597656 -0.6505618095397949 -14.699999809265137
vertex 15.392765998840332 -1.3681763410568237 -16.200000762939453
endloop
endfacet
facet normal 0.0 -0.0 1.0
outer loop
vertex 15.392765998840332 -1.3681763410568237 -16.200000762939453
vertex 15.456414222717285 1.2245869636535645 -16.200000762939453
vertex 15.392765998840332 1.3681763410568237 -16.200000762939453
endloop
endfacet
facet normal -0.6465423754854642 -0.28658995954321786 -0.7070001073483864
outer loop
vertex 14.070594787597656 0.6505618095397949 -14.699999809265137
vertex 15.392765998840332 1.3681763410568237 -16.200000762939453
vertex 15.456414222717285 1.2245869636535645 -16.200000762939453
endloop
endfacet
facet normal -0.6465443993754606 -0.2865858467223406 -0.7069999236878771
outer loop
vertex 14.070594787597656 0.6505618095397949 -14.699999809265137
vertex 14.036782264709473 0.7268436551094055 -14.699999809265137
vertex 15.392765998840332 1.3681763410568237 -16.200000762939453
endloop
endfacet
facet normal 0.0 -0.0 1.0
outer loop
vertex 15.244731903076172 -1.6451287269592285 -16.200000762939453
vertex 15.322148323059082 1.508469581604004 -16.200000762939453
vertex 15.244731903076172 1.6451287269592285 -16.200000762939453
endloop
endfacet
facet normal -0.870080303656632 -0.4929019242612535 -0.002821036748454951
outer loop
vertex 13.958138465881348 0.8739746809005737 -14.699999809265137
vertex 13.999266624450684 0.8013744354248047 -14.699999809265137
vertex 13.865452766418457 1.0126888751983643 -10.350000381469727
endloop
endfacet
facet normal -0.6153373513592072 -0.34858417049345847 -0.707000014217555
outer loop
vertex 13.999266624450684 0.8013744354248047 -14.699999809265137
vertex 15.244731903076172 1.6451287269592285 -16.200000762939453
vertex 15.322148323059082 1.508469581604004 -16.200000762939453
endloop
endfacet
facet normal -0.6153348477688634 -0.34858820416416675 -0.7070002044121846
outer loop
vertex 13.958138465881348 0.8739746809005737 -14.699999809265137
vertex 15.244731903076172 1.6451287269592285 -16.200000762939453
vertex 13.999266624450684 0.8013744354248047 -14.699999809265137
endloop
endfacet
facet normal -0.0 -0.0 1.0
outer loop
vertex 14.149053573608398 -0.4130662977695465 -10.350000381469727
vertex 16.0 -2.020725965499878 -10.350000381469727
vertex 14.181599617004395 -0.24944180250167847 -10.350000381469727
endloop
endfacet
facet normal -0.0 -0.0 1.0
outer loop
vertex 14.070594787597656 -0.6505618095397949 -10.350000381469727
vertex 16.0 -2.020725965499878 -10.350000381469727
vertex 14.149053573608398 -0.4130662977695465 -10.350000381469727
endloop
endfacet
facet normal -0.0 -0.0 1.0
outer loop
vertex 13.999266624450684 -0.8013744354248047 -10.350000381469727
vertex 16.0 -2.020725965499878 -10.350000381469727
vertex 14.070594787597656 -0.6505618095397949 -10.350000381469727
endloop
endfacet
facet normal -0.9039913704545944 0.4275507012549789 0.0
outer loop
vertex 13.999266624450684 -0.8013744354248047 -14.699999809265137
vertex 13.999266624450684 -0.8013744354248047 -10.350000381469727
vertex 14.070594787597656 -0.6505618095397949 -10.350000381469727
endloop
endfacet
facet normal -0.8577262756304085 0.5141066388339957 0.0
outer loop
vertex 13.913497924804688 -0.9444693922996521 -14.699999809265137
vertex 13.999266624450684 -0.8013744354248047 -10.350000381469727
vertex 13.999266624450684 -0.8013744354248047 -14.699999809265137
endloop
endfacet
facet normal -0.6060903646550797 0.36328032503548846 -0.707588775571223
outer loop
vertex 13.913497924804688 -0.9444693922996521 -14.699999809265137
vertex 13.999266624450684 -0.8013744354248047 -14.699999809265137
vertex 15.244731903076172 -1.6451287269592285 -16.200000762939453
endloop
endfacet
facet normal 0.0 0.0 1.0
outer loop
vertex 15.244731903076172 -1.6451287269592285 -16.200000762939453
vertex 15.322148323059082 -1.508469581604004 -16.200000762939453
vertex 15.322148323059082 1.508469581604004 -16.200000762939453
endloop
endfacet
facet normal -0.6153373513592072 0.34858417049345847 -0.707000014217555
outer loop
vertex 13.999266624450684 -0.8013744354248047 -14.699999809265137
vertex 15.322148323059082 -1.508469581604004 -16.200000762939453
vertex 15.244731903076172 -1.6451287269592285 -16.200000762939453
endloop
endfacet
facet normal 0.0 -0.0 1.0
outer loop
vertex 15.684591293334961 -0.3136548399925232 -16.200000762939453
vertex 15.696146011352539 0.1570165604352951 -16.200000762939453
vertex 15.684591293334961 0.3136548399925232 -16.200000762939453
endloop
endfacet
facet normal 0.0 -0.0 1.0
outer loop
vertex 15.665365219116211 -0.46953752636909485 -16.200000762939453
vertex 15.684591293334961 0.3136548399925232 -16.200000762939453
vertex 15.665365219116211 0.46953752636909485 -16.200000762939453
endloop
endfacet
facet normal -0.7052970356290758 -0.05202756560123149 -0.7070001583807799
outer loop
vertex 14.197952270507812 0.08341504633426666 -14.699999809265137
vertex 15.684591293334961 0.3136548399925232 -16.200000762939453
vertex 15.696146011352539 0.1570165604352951 -16.200000762939453
endloop
endfacet
facet normal -0.7018948613805176 -0.08656947742138253 -0.7070002327769154
outer loop
vertex 14.181599617004395 0.24944180250167847 -14.699999809265137
vertex 15.665365219116211 0.46953752636909485 -16.200000762939453
vertex 15.684591293334961 0.3136548399925232 -16.200000762939453
endloop
endfacet
facet normal -0.7032216514105052 -0.06926317340093 -0.7075888084176534
outer loop
vertex 14.197952270507812 0.08341504633426666 -14.699999809265137
vertex 14.181599617004395 0.24944180250167847 -14.699999809265137
vertex 15.684591293334961 0.3136548399925232 -16.200000762939453
endloop
endfacet
facet normal -0.9807863038144393 0.19508517691001134 0.0
outer loop
vertex 14.149053573608398 -0.4130662977695465 -14.699999809265137
vertex 14.149053573608398 -0.4130662977695465 -10.350000381469727
vertex 14.181599617004395 -0.24944180250167847 -10.350000381469727
endloop
endfacet
facet normal 0.0 0.0 0.9999999999999999
outer loop
vertex 15.456414222717285 -1.2245869636535645 -16.200000762939453
vertex 15.512941360473633 -1.078047513961792 -16.200000762939453
vertex 15.512941360473633 1.078047513961792 -16.200000762939453
endloop
endfacet
facet normal -0.956939828187212 0.29028635040082235 0.0
outer loop
vertex 14.100625038146973 -0.572712779045105 -14.699999809265137
vertex 14.149053573608398 -0.4130662977695465 -10.350000381469727
vertex 14.149053573608398 -0.4130662977695465 -14.699999809265137
endloop
endfacet
facet normal -0.9495271486135253 0.3136848642282064 0.0
outer loop
vertex 14.070594787597656 -0.6505618095397949 -14.699999809265137
vertex 14.070594787597656 -0.6505618095397949 -10.350000381469727
vertex 14.149053573608398 -0.4130662977695465 -10.350000381469727
endloop
endfacet
facet normal -0.6598240824706919 0.25452509125172873 -0.7070001118210721
outer loop
vertex 14.070594787597656 -0.6505618095397949 -14.699999809265137
vertex 15.512941360473633 -1.078047513961792 -16.200000762939453
vertex 15.456414222717285 -1.2245869636535645 -16.200000762939453
endloop
endfacet
facet normal -0.9329868084532227 0.35989950599280024 -0.0028214957749001846
outer loop
vertex 14.070594787597656 -0.6505618095397949 -14.699999809265137
vertex 14.149053573608398 -0.4130662977695465 -10.350000381469727
vertex 14.100625038146973 -0.572712779045105 -14.699999809265137
endloop
endfacet
facet normal -0.6598234991428186 0.2545268049155352 -0.7070000392916652
outer loop
vertex 14.070594787597656 -0.6505618095397949 -14.699999809265137
vertex 14.100625038146973 -0.572712779045105 -14.699999809265137
vertex 15.512941360473633 -1.078047513961792 -16.200000762939453
endloop
endfacet
facet normal 0.0 0.0 1.0
outer loop
vertex 15.665365219116211 -0.46953752636909485 -16.200000762939453
vertex 15.684591293334961 -0.3136548399925232 -16.200000762939453
vertex 15.684591293334961 0.3136548399925232 -16.200000762939453
endloop
endfacet
facet normal 0.0 0.0 1.0
outer loop
vertex 15.684591293334961 -0.3136548399925232 -16.200000762939453
vertex 15.696146011352539 -0.1570165604352951 -16.200000762939453
vertex 15.696146011352539 0.1570165604352951 -16.200000762939453
endloop
endfacet
facet normal -0.7018948613805176 0.08656947742138253 -0.7070002327769154
outer loop
vertex 14.181599617004395 -0.24944180250167847 -14.699999809265137
vertex 15.684591293334961 -0.3136548399925232 -16.200000762939453
vertex 15.665365219116211 -0.46953752636909485 -16.200000762939453
endloop
endfacet
facet normal -0.9951834753840101 0.09801968622980473 -0.0014111817791992503
outer loop
vertex 14.181599617004395 -0.24944180250167847 -14.699999809265137
vertex 14.199999809265137 -2.039231820514728e-16 -10.350000381469727
vertex 14.197952270507812 -0.08341504633426666 -14.699999809265137
endloop
endfacet
facet normal -0.7052970356290758 0.05202756560123149 -0.7070001583807799
outer loop
vertex 14.197952270507812 -0.08341504633426666 -14.699999809265137
vertex 15.696146011352539 -0.1570165604352951 -16.200000762939453
vertex 15.684591293334961 -0.3136548399925232 -16.200000762939453
endloop
endfacet
facet normal -0.7032216514105052 0.06926317340093 -0.7075888084176534
outer loop
vertex 14.181599617004395 -0.24944180250167847 -14.699999809265137
vertex 14.197952270507812 -0.08341504633426666 -14.699999809265137
vertex 15.684591293334961 -0.3136548399925232 -16.200000762939453
endloop
endfacet
facet normal 0.0 -0.0 1.0
outer loop
vertex 15.512941360473633 -1.078047513961792 -16.200000762939453
vertex 15.562209129333496 0.9289109706878662 -16.200000762939453
vertex 15.512941360473633 1.078047513961792 -16.200000762939453
endloop
endfacet
facet normal 0.0 -0.0 1.0
outer loop
vertex 15.604100227355957 -0.7775365710258484 -16.200000762939453
vertex 15.638513565063477 0.6242890357971191 -16.200000762939453
vertex 15.604100227355957 0.7775365710258484 -16.200000762939453
endloop
endfacet
facet normal 0.0 -0.0 1.0
outer loop
vertex 15.562209129333496 -0.9289109706878662 -16.200000762939453
vertex 15.604100227355957 0.7775365710258484 -16.200000762939453
vertex 15.562209129333496 0.9289109706878662 -16.200000762939453
endloop
endfacet
facet normal 0.0 0.0 0.9999999999999999
outer loop
vertex 15.512941360473633 -1.078047513961792 -16.200000762939453
vertex 15.562209129333496 -0.9289109706878662 -16.200000762939453
vertex 15.562209129333496 0.9289109706878662 -16.200000762939453
endloop
endfacet
facet normal 0.0 0.0 1.0
outer loop
vertex 15.562209129333496 -0.9289109706878662 -16.200000762939453
vertex 15.604100227355957 -0.7775365710258484 -16.200000762939453
vertex 15.604100227355957 0.7775365710258484 -16.200000762939453
endloop
endfacet
facet normal -0.6715195047435909 0.22183877283403133 -0.7070000803510658
outer loop
vertex 14.100625038146973 -0.572712779045105 -14.699999809265137
vertex 15.562209129333496 -0.9289109706878662 -16.200000762939453
vertex 15.512941360473633 -1.078047513961792 -16.200000762939453
endloop
endfacet
facet normal -0.6815953148506866 0.18862354671471288 -0.7069999889663054
outer loop
vertex 14.149053573608398 -0.4130662977695465 -14.699999809265137
vertex 15.604100227355957 -0.7775365710258484 -16.200000762939453
vertex 15.562209129333496 -0.9289109706878662 -16.200000762939453
endloop
endfacet
facet normal -0.676197194639597 0.20512346753823435 -0.7075886637211125
outer loop
vertex 14.100625038146973 -0.572712779045105 -14.699999809265137
vertex 14.149053573608398 -0.4130662977695465 -14.699999809265137
vertex 15.562209129333496 -0.9289109706878662 -16.200000762939453
endloop
endfacet
facet normal -0.9637748971154081 -0.2667169805059001 0.0
outer loop
vertex 14.126798629760742 0.4934839606285095 -14.699999809265137
vertex 14.149053573608398 0.4130662977695465 -14.699999809265137
vertex 14.149053573608398 0.4130662977695465 -10.350000381469727
endloop
endfacet
facet normal -0.6815953148506866 -0.18862354671471288 -0.7069999889663054
outer loop
vertex 14.149053573608398 0.4130662977695465 -14.699999809265137
vertex 15.562209129333496 0.9289109706878662 -16.200000762939453
vertex 15.604100227355957 0.7775365710258484 -16.200000762939453
endloop
endfacet
facet normal -0.6815945805010182 -0.1886258388598062 -0.707000085393259
outer loop
vertex 14.126798629760742 0.4934839606285095 -14.699999809265137
vertex 15.562209129333496 0.9289109706878662 -16.200000762939453
vertex 14.149053573608398 0.4130662977695465 -14.699999809265137
endloop
endfacet
facet normal 0.0 -0.0 1.0
outer loop
vertex 16.90960693359375 -2.3569836616516113 -8.149999618530273
vertex 17.019947052001953 2.137775421142578 -8.149999618530273
vertex 16.90960693359375 2.3569836616516113 -8.149999618530273
endloop
endfacet
facet normal 0.8932243622536892 0.44961120835282814 -0.0
outer loop
vertex 16.90960693359375 2.3569836616516113 -19.299999237060547
vertex 16.90960693359375 2.3569836616516113 -8.149999618530273
vertex 17.019947052001953 2.137775421142578 -8.149999618530273
endloop
endfacet
facet normal 0.0 -0.0 0.9999999999999999
outer loop
vertex 16.516036987304688 -2.978496551513672 -8.149999618530273
vertex 16.6573486328125 2.777851104736328 -8.149999618530273
vertex 16.516036987304688 2.978496551513672 -8.149999618530273
endloop
endfacet
facet normal 0.870085657091106 0.4929005470927563 0.0
outer loop
vertex 16.90960693359375 2.3569836616516113 -19.299999237060547
vertex 16.78864288330078 2.5705137252807617 -19.299999237060547
vertex 16.90960693359375 2.3569836616516113 -8.149999618530273
endloop
endfacet
facet normal 0.0 0.0 1.0
outer loop
vertex 16.516036987304688 -2.978496551513672 -8.149999618530273
vertex 16.6573486328125 -2.777851104736328 -8.149999618530273
vertex 16.6573486328125 2.777851104736328 -8.149999618530273
endloop
endfacet
facet normal 0.0 0.0 -1.0
outer loop
vertex 16.78864288330078 -2.5705137252807617 -19.299999237060547
vertex 16.78864288330078 2.5705137252807617 -19.299999237060547
vertex 16.90960693359375 2.3569836616516113 -19.299999237060547
endloop
endfacet
facet normal 0.8175825525884073 -0.5758114011575527 0.0
outer loop
vertex 16.6573486328125 -2.777851104736328 -19.299999237060547
vertex 16.6573486328125 -2.777851104736328 -8.149999618530273
vertex 16.516036987304688 -2.978496551513672 -8.149999618530273
endloop
endfacet
facet normal 0.0 0.0 -1.0
outer loop
vertex 16.6573486328125 -2.777851104736328 -19.299999237060547
vertex 16.78864288330078 2.5705137252807617 -19.299999237060547
vertex 16.78864288330078 -2.5705137252807617 -19.299999237060547
endloop
endfacet
facet normal 0.8448548490500224 -0.5349955925394748 0.0
outer loop
vertex 16.6573486328125 -2.777851104736328 -19.299999237060547
vertex 16.78864288330078 -2.5705137252807617 -19.299999237060547
vertex 16.6573486328125 -2.777851104736328 -8.149999618530273
endloop
endfacet
facet normal 0.870085657091106 0.4929005470927563 -0.0
outer loop
vertex 16.78864288330078 2.5705137252807617 -19.299999237060547
vertex 16.78864288330078 2.5705137252807617 -8.149999618530273
vertex 16.90960693359375 2.3569836616516113 -8.149999618530273
endloop
endfacet
facet normal 0.0 -0.0 1.0
outer loop
vertex 16.365053176879883 -3.171966314315796 -8.149999618530273
vertex 16.516036987304688 2.978496551513672 -8.149999618530273
vertex 16.365053176879883 3.171966314315796 -8.149999618530273
endloop
endfacet
facet normal 0.8448548490500224 0.5349955925394748 0.0
outer loop
vertex 16.6573486328125 2.777851104736328 -19.299999237060547
vertex 16.78864288330078 2.5705137252807617 -8.149999618530273
vertex 16.78864288330078 2.5705137252807617 -19.299999237060547
endloop
endfacet
facet normal 0.0 0.0 1.0
outer loop
vertex 16.365053176879883 -3.171966314315796 -8.149999618530273
vertex 16.516036987304688 -2.978496551513672 -8.149999618530273
vertex 16.516036987304688 2.978496551513672 -8.149999618530273
endloop
endfacet
facet normal 0.0 0.0 -1.0
outer loop
vertex 16.6573486328125 -2.777851104736328 -19.299999237060547
vertex 16.6573486328125 2.777851104736328 -19.299999237060547
vertex 16.78864288330078 2.5705137252807617 -19.299999237060547
endloop
endfacet
facet normal 0.7883493414866611 -0.6152278567957954 0.0
outer loop
vertex 16.516036987304688 -2.978496551513672 -19.299999237060547
vertex 16.516036987304688 -2.978496551513672 -8.149999618530273
vertex 16.365053176879883 -3.171966314315796 -8.149999618530273
endloop
endfacet
facet normal 0.0 0.0 -1.0
outer loop
vertex 16.516036987304688 -2.978496551513672 -19.299999237060547
vertex 16.6573486328125 2.777851104736328 -19.299999237060547
vertex 16.6573486328125 -2.777851104736328 -19.299999237060547
endloop
endfacet
facet normal 0.8175825525884073 -0.5758114011575527 0.0
outer loop
vertex 16.516036987304688 -2.978496551513672 -19.299999237060547
vertex 16.6573486328125 -2.777851104736328 -19.299999237060547
vertex 16.516036987304688 -2.978496551513672 -8.149999618530273
endloop
endfacet
facet normal 0.7572074907114575 0.6531744146937002 -0.0
outer loop
vertex 16.204755783081055 3.357794761657715 -19.299999237060547
vertex 16.204755783081055 3.357794761657715 -8.149999618530273
vertex 16.365053176879883 3.171966314315796 -8.149999618530273
endloop
endfacet
facet normal 0.8448548490500224 0.5349955925394748 -0.0
outer loop
vertex 16.6573486328125 2.777851104736328 -19.299999237060547
vertex 16.6573486328125 2.777851104736328 -8.149999618530273
vertex 16.78864288330078 2.5705137252807617 -8.149999618530273
endloop
endfacet
facet normal 0.0 -0.0 1.0
outer loop
vertex 16.204755783081055 -3.357794761657715 -8.149999618530273
vertex 16.365053176879883 3.171966314315796 -8.149999618530273
vertex 16.204755783081055 3.357794761657715 -8.149999618530273
endloop
endfacet
facet normal 0.8175825525884073 0.5758114011575527 0.0
outer loop
vertex 16.516036987304688 2.978496551513672 -19.299999237060547
vertex 16.6573486328125 2.777851104736328 -8.149999618530273
vertex 16.6573486328125 2.777851104736328 -19.299999237060547
endloop
endfacet
facet normal 0.0 0.0 1.0
outer loop
vertex 16.204755783081055 -3.357794761657715 -8.149999618530273
vertex 16.365053176879883 -3.171966314315796 -8.149999618530273
vertex 16.365053176879883 3.171966314315796 -8.149999618530273
endloop
endfacet
facet normal 0.0 0.0 -0.9999999999999999
outer loop
vertex 16.516036987304688 -2.978496551513672 -19.299999237060547
vertex 16.516036987304688 2.978496551513672 -19.299999237060547
vertex 16.6573486328125 2.777851104736328 -19.299999237060547
endloop
endfacet
facet normal 0.7572074907114575 -0.6531744146937002 0.0
outer loop
vertex 16.365053176879883 -3.171966314315796 -19.299999237060547
vertex 16.365053176879883 -3.171966314315796 -8.149999618530273
vertex 16.204755783081055 -3.357794761657715 -8.149999618530273
endloop
endfacet
facet normal 0.0 0.0 -1.0
outer loop
vertex 16.365053176879883 -3.171966314315796 -19.299999237060547
vertex 16.516036987304688 2.978496551513672 -19.299999237060547
vertex 16.516036987304688 -2.978496551513672 -19.299999237060547
endloop
endfacet
facet normal 0.7883493414866611 -0.6152278567957954 0.0
outer loop
vertex 16.365053176879883 -3.171966314315796 -19.299999237060547
vertex 16.516036987304688 -2.978496551513672 -19.299999237060547
vertex 16.365053176879883 -3.171966314315796 -8.149999618530273
endloop
endfacet
facet normal 0.6531713021438136 0.7572101756155651 -0.0
outer loop
vertex 15.671966552734375 3.8650522232055664 -19.299999237060547
vertex 15.671966552734375 3.8650522232055664 -8.149999618530273
vertex 15.857795715332031 3.7047555446624756 -8.149999618530273
endloop
endfacet
facet normal 0.6152310082991623 0.7883468820431752 0.0
outer loop
vertex 15.478496551513672 4.016037464141846 -19.299999237060547
vertex 15.671966552734375 3.8650522232055664 -8.149999618530273
vertex 15.671966552734375 3.8650522232055664 -19.299999237060547
endloop
endfacet
facet normal 0.0 -0.0 -0.9999999999999999
outer loop
vertex 15.478496551513672 4.016037464141846 -19.299999237060547
vertex 15.671966552734375 3.8650522232055664 -19.299999237060547
vertex 15.466514587402344 0.8998824954032898 -19.299999237060547
endloop
endfacet
facet normal -0.9757019712731931 -0.21910194716981637 -0.0
outer loop
vertex 15.540434837341309 0.6047800183296204 -16.799999237060547
vertex 15.507097244262695 0.7532385587692261 -16.799999237060547
vertex 15.507097244262695 0.7532385587692261 -19.299999237060547
endloop
endfacet
facet normal -0.0 0.0 -1.0
outer loop
vertex 15.671966552734375 3.8650522232055664 -19.299999237060547
vertex 15.507097244262695 0.7532385587692261 -19.299999237060547
vertex 15.466514587402344 0.8998824954032898 -19.299999237060547
endloop
endfacet
facet normal -0.9637746903552021 -0.26671772762741935 0.0
outer loop
vertex 15.507097244262695 0.7532385587692261 -16.799999237060547
vertex 15.466514587402344 0.8998824954032898 -19.299999237060547
vertex 15.507097244262695 0.7532385587692261 -19.299999237060547
endloop
endfacet
facet normal 0.0 0.0 -1.0
outer loop
vertex 15.59626579284668 -0.1521097868680954 -16.799999237060547
vertex 15.59626579284668 0.1521097868680954 -16.799999237060547
vertex 15.600000381469727 0.0 -16.799999237060547
endloop
endfacet
facet normal -0.9996987375948355 -0.024544532003936952 -0.0
outer loop
vertex 15.600000381469727 0.0 -16.799999237060547
vertex 15.59626579284668 0.1521097868680954 -16.799999237060547
vertex 15.59626579284668 0.1521097868680954 -19.299999237060547
endloop
endfacet
facet normal -0.0 0.0 -1.0
outer loop
vertex 15.671966552734375 3.8650522232055664 -19.299999237060547
vertex 15.59626579284668 0.1521097868680954 -19.299999237060547
vertex 15.58507251739502 0.3038531243801117 -19.299999237060547
endloop
endfacet
facet normal -0.9972904497244254 -0.07356465787627449 0.0
outer loop
vertex 15.59626579284668 0.1521097868680954 -16.799999237060547
vertex 15.58507251739502 0.3038531243801117 -19.299999237060547
vertex 15.59626579284668 0.1521097868680954 -19.299999237060547
endloop
endfacet
facet normal 0.0 0.0 -1.0
outer loop
vertex 15.58507251739502 -0.3038531243801117 -16.799999237060547
vertex 15.58507251739502 0.3038531243801117 -16.799999237060547
vertex 15.59626579284668 0.1521097868680954 -16.799999237060547
endloop
endfacet
facet normal -0.9972904497244254 -0.07356465787627449 -0.0
outer loop
vertex 15.59626579284668 0.1521097868680954 -16.799999237060547
vertex 15.58507251739502 0.3038531243801117 -16.799999237060547
vertex 15.58507251739502 0.3038531243801117 -19.299999237060547
endloop
endfacet
facet normal -0.0 0.0 -0.9999999999999999
outer loop
vertex 15.671966552734375 3.8650522232055664 -19.299999237060547
vertex 15.58507251739502 0.3038531243801117 -19.299999237060547
vertex 15.566447257995605 0.4548644721508026 -19.299999237060547
endloop
endfacet
facet normal -0.9924797053652841 -0.12240929065246156 0.0
outer loop
vertex 15.58507251739502 0.3038531243801117 -16.799999237060547
vertex 15.566447257995605 0.4548644721508026 -19.299999237060547
vertex 15.58507251739502 0.3038531243801117 -19.299999237060547
endloop
endfacet
facet normal 0.0 0.0 -1.0
outer loop
vertex 15.566447257995605 -0.4548644721508026 -16.799999237060547
vertex 15.566447257995605 0.4548644721508026 -16.799999237060547
vertex 15.58507251739502 0.3038531243801117 -16.799999237060547
endloop
endfacet
facet normal -0.9924797053652841 -0.12240929065246156 -0.0
outer loop
vertex 15.58507251739502 0.3038531243801117 -16.799999237060547
vertex 15.566447257995605 0.4548644721508026 -16.799999237060547
vertex 15.566447257995605 0.4548644721508026 -19.299999237060547
endloop
endfacet
facet normal -0.0 0.0 -1.0
outer loop
vertex 15.671966552734375 3.8650522232055664 -19.299999237060547
vertex 15.566447257995605 0.4548644721508026 -19.299999237060547
vertex 15.540434837341309 0.6047800183296204 -19.299999237060547
endloop
endfacet
facet normal -0.985278078830086 -0.170959373468947 0.0
outer loop
vertex 15.566447257995605 0.4548644721508026 -16.799999237060547
vertex 15.540434837341309 0.6047800183296204 -19.299999237060547
vertex 15.566447257995605 0.4548644721508026 -19.299999237060547
endloop
endfacet
facet normal 0.0 0.0 -1.0
outer loop
vertex 15.540434837341309 -0.6047800183296204 -16.799999237060547
vertex 15.540434837341309 0.6047800183296204 -16.799999237060547
vertex 15.566447257995605 0.4548644721508026 -16.799999237060547
endloop
endfacet
facet normal -0.985278078830086 -0.170959373468947 -0.0
outer loop
vertex 15.540434837341309 0.6047800183296204 -16.799999237060547
vertex 15.540434837341309 0.6047800183296204 -19.299999237060547
vertex 15.566447257995605 0.4548644721508026 -16.799999237060547
endloop
endfacet
facet normal -0.0 0.0 -1.0
outer loop
vertex 15.671966552734375 3.8650522232055664 -19.299999237060547
vertex 15.540434837341309 0.6047800183296204 -19.299999237060547
vertex 15.507097244262695 0.7532385587692261 -19.299999237060547
endloop
endfacet
facet normal -0.9757019712731931 -0.21910194716981637 0.0
outer loop
vertex 15.540434837341309 0.6047800183296204 -16.799999237060547
vertex 15.507097244262695 0.7532385587692261 -19.299999237060547
vertex 15.540434837341309 0.6047800183296204 -19.299999237060547
endloop
endfacet
facet normal 0.0 0.0 1.0
outer loop
vertex 15.857795715332031 3.7047555446624756 -8.149999618530273
vertex 15.671966552734375 3.8650522232055664 -8.149999618530273
vertex 16.0 2.020725965499878 -8.149999618530273
endloop
endfacet
facet normal -0.0 -0.0 0.9999999999999999
outer loop
vertex 15.478496551513672 4.016037464141846 -8.149999618530273
vertex 16.0 2.020725965499878 -8.149999618530273
vertex 15.671966552734375 3.8650522232055664 -8.149999618530273
endloop
endfacet
facet normal 0.6152310082991623 0.7883468820431752 -0.0
outer loop
vertex 15.478496551513672 4.016037464141846 -19.299999237060547
vertex 15.478496551513672 4.016037464141846 -8.149999618530273
vertex 15.671966552734375 3.8650522232055664 -8.149999618530273
endloop
endfacet
facet normal 0.5758088035886261 0.8175843820119334 0.0
outer loop
vertex 15.277851104736328 4.157348155975342 -19.299999237060547
vertex 15.478496551513672 4.016037464141846 -8.149999618530273
vertex 15.478496551513672 4.016037464141846 -19.299999237060547
endloop
endfacet
facet normal 0.0 -0.0 -1.0
outer loop
vertex 15.277851104736328 4.157348155975342 -19.299999237060547
vertex 15.478496551513672 4.016037464141846 -19.299999237060547
vertex 15.233956336975098 1.4613299369812012 -19.299999237060547
endloop
endfacet
facet normal -0.0 0.0 -1.0
outer loop
vertex 15.277851104736328 4.157348155975342 -19.299999237060547
vertex 15.233956336975098 1.4613299369812012 -19.299999237060547
vertex 15.158958435058594 1.5937185287475586 -19.299999237060547
endloop
endfacet
facet normal -0.8700850433486662 -0.4929016304912671 0.0
outer loop
vertex 15.233956336975098 1.4613299369812012 -16.799999237060547
vertex 15.158958435058594 1.5937185287475586 -19.299999237060547
vertex 15.233956336975098 1.4613299369812012 -19.299999237060547
endloop
endfacet
facet normal -0.0 -0.0 1.0
outer loop
vertex 14.637775421142578 4.519946575164795 -8.149999618530273
vertex 16.0 2.020725965499878 -8.149999618530273
vertex 14.85698413848877 4.409606456756592 -8.149999618530273
endloop
endfacet
facet normal -0.0 -0.0 1.0
outer loop
vertex 14.85698413848877 4.409606456756592 -8.149999618530273
vertex 16.0 2.020725965499878 -8.149999618530273
vertex 15.070513725280762 4.288642883300781 -8.149999618530273
endloop
endfacet
facet normal 0.49289990943028056 0.8700860183244075 -0.0
outer loop
vertex 14.85698413848877 4.409606456756592 -19.299999237060547
vertex 14.85698413848877 4.409606456756592 -8.149999618530273
vertex 15.070513725280762 4.288642883300781 -8.149999618530273
endloop
endfacet
facet normal 0.44961042803630114 0.8932247550314614 0.0
outer loop
vertex 14.637775421142578 4.519946575164795 -19.299999237060547
vertex 14.85698413848877 4.409606456756592 -8.149999618530273
vertex 14.85698413848877 4.409606456756592 -19.299999237060547
endloop
endfacet
facet normal 0.0 -0.0 -0.9999999999999999
outer loop
vertex 14.637775421142578 4.519946575164795 -19.299999237060547
vertex 14.85698413848877 4.409606456756592 -19.299999237060547
vertex 14.581832885742188 2.2969484329223633 -19.299999237060547
endloop
endfacet
facet normal -0.6895415393157942 -0.7242461360324989 -0.0
outer loop
vertex 14.581832885742188 2.2969484329223633 -16.799999237060547
vertex 14.581832885742188 2.2969484329223633 -19.299999237060547
vertex 14.692030906677246 2.192030906677246 -16.799999237060547
endloop
endfacet
facet normal -0.0 0.0 -1.0
outer loop
vertex 14.85698413848877 4.409606456756592 -19.299999237060547
vertex 14.692030906677246 2.192030906677246 -19.299999237060547
vertex 14.581832885742188 2.2969484329223633 -19.299999237060547
endloop
endfacet
facet normal -0.6895415393157942 -0.7242461360324989 0.0
outer loop
vertex 14.692030906677246 2.192030906677246 -16.799999237060547
vertex 14.581832885742188 2.2969484329223633 -19.299999237060547
vertex 14.692030906677246 2.192030906677246 -19.299999237060547
endloop
endfacet
facet normal -0.0 -0.0 1.0
outer loop
vertex 15.070513725280762 4.288642883300781 -8.149999618530273
vertex 16.0 2.020725965499878 -8.149999618530273
vertex 15.277851104736328 4.157348155975342 -8.149999618530273
endloop
endfacet
facet normal 0.5349969794170051 0.8448539708225801 -0.0
outer loop
vertex 15.070513725280762 4.288642883300781 -19.299999237060547
vertex 15.070513725280762 4.288642883300781 -8.149999618530273
vertex 15.277851104736328 4.157348155975342 -8.149999618530273
endloop
endfacet
facet normal 0.49289990943028056 0.8700860183244075 0.0
outer loop
vertex 14.85698413848877 4.409606456756592 -19.299999237060547
vertex 15.070513725280762 4.288642883300781 -8.149999618530273
vertex 15.070513725280762 4.288642883300781 -19.299999237060547
endloop
endfacet
facet normal 0.0 -0.0 -1.0
outer loop
vertex 14.85698413848877 4.409606456756592 -19.299999237060547
vertex 15.070513725280762 4.288642883300781 -19.299999237060547
vertex 14.796948432922363 2.0818326473236084 -19.299999237060547
endloop
endfacet
facet normal -0.7572073910812023 -0.6531745301923515 -0.0
outer loop
vertex 14.896332740783691 1.9666191339492798 -16.799999237060547
vertex 14.796948432922363 2.0818326473236084 -16.799999237060547
vertex 14.796948432922363 2.0818326473236084 -19.299999237060547
endloop
endfacet
facet normal -0.0 0.0 -1.0
outer loop
vertex 15.070513725280762 4.288642883300781 -19.299999237060547
vertex 14.896332740783691 1.9666191339492798 -19.299999237060547
vertex 14.796948432922363 2.0818326473236084 -19.299999237060547
endloop
endfacet
facet normal -0.7572073910812023 -0.6531745301923515 0.0
outer loop
vertex 14.896332740783691 1.9666191339492798 -16.799999237060547
vertex 14.796948432922363 2.0818326473236084 -19.299999237060547
vertex 14.896332740783691 1.9666191339492798 -19.299999237060547
endloop
endfacet
facet normal -0.7242468810605351 -0.6895407567896817 -0.0
outer loop
vertex 14.692030906677246 2.192030906677246 -16.799999237060547
vertex 14.692030906677246 2.192030906677246 -19.299999237060547
vertex 14.796948432922363 2.0818326473236084 -16.799999237060547
endloop
endfacet
facet normal -0.0 0.0 -1.0
outer loop
vertex 14.85698413848877 4.409606456756592 -19.299999237060547
vertex 14.796948432922363 2.0818326473236084 -19.299999237060547
vertex 14.692030906677246 2.192030906677246 -19.299999237060547
endloop
endfacet
facet normal -0.7242468810605351 -0.6895407567896817 0.0
outer loop
vertex 14.796948432922363 2.0818326473236084 -16.799999237060547
vertex 14.692030906677246 2.192030906677246 -19.299999237060547
vertex 14.796948432922363 2.0818326473236084 -19.299999237060547
endloop
endfacet
facet normal 0.0 0.0 -1.0
outer loop
vertex 14.346668243408203 -2.489943265914917 -16.799999237060547
vertex 14.346668243408203 2.489943265914917 -16.799999237060547
vertex 14.466619491577148 2.3963325023651123 -16.799999237060547
endloop
endfacet
facet normal 0.0 0.0 -1.0
outer loop
vertex 14.466619491577148 -2.3963325023651123 -16.799999237060547
vertex 14.466619491577148 2.3963325023651123 -16.799999237060547
vertex 14.581832885742188 2.2969484329223633 -16.799999237060547
endloop
endfacet
facet normal 0.0 0.0 -1.0
outer loop
vertex 14.346668243408203 -2.489943265914917 -16.799999237060547
vertex 14.466619491577148 2.3963325023651123 -16.799999237060547
vertex 14.466619491577148 -2.3963325023651123 -16.799999237060547
endloop
endfacet
facet normal 0.0 0.0 -1.0
outer loop
vertex 14.466619491577148 -2.3963325023651123 -16.799999237060547
vertex 14.581832885742188 2.2969484329223633 -16.799999237060547
vertex 14.581832885742188 -2.2969484329223633 -16.799999237060547
endloop
endfacet
facet normal 0.0 -0.0 1.0
outer loop
vertex 14.184449195861816 -4.7077202796936035 -8.149999618530273
vertex 14.413416862487793 -4.6193976402282715 -8.149999618530273
vertex 12.5 -4.041451930999756 -8.149999618530273
endloop
endfacet
facet normal -0.6152311441109297 0.7883467760547741 0.0
outer loop
vertex 14.346668243408203 -2.489943265914917 -16.799999237060547
vertex 14.466619491577148 -2.3963325023651123 -16.799999237060547
vertex 14.466619491577148 -2.3963325023651123 -19.299999237060547
endloop
endfacet
facet normal -0.6531740192622193 0.7572078318142504 0.0
outer loop
vertex 14.466619491577148 -2.3963325023651123 -16.799999237060547
vertex 14.581832885742188 -2.2969484329223633 -16.799999237060547
vertex 14.581832885742188 -2.2969484329223633 -19.299999237060547
endloop
endfacet
facet normal 0.35989526406737155 -0.9329927110657815 0.0
outer loop
vertex 14.413416862487793 -4.6193976402282715 -19.299999237060547
vertex 14.413416862487793 -4.6193976402282715 -8.149999618530273
vertex 14.184449195861816 -4.7077202796936035 -8.149999618530273
endloop
endfacet
facet normal -0.6531740192622193 0.7572078318142504 0.0
outer loop
vertex 14.466619491577148 -2.3963325023651123 -16.799999237060547
vertex 14.581832885742188 -2.2969484329223633 -19.299999237060547
vertex 14.466619491577148 -2.3963325023651123 -19.299999237060547
endloop
endfacet
facet normal -0.6895415393157942 0.7242461360324989 0.0
outer loop
vertex 14.581832885742188 -2.2969484329223633 -16.799999237060547
vertex 14.692030906677246 -2.192030906677246 -19.299999237060547
vertex 14.581832885742188 -2.2969484329223633 -19.299999237060547
endloop
endfacet
facet normal 0.4052404824611705 -0.9142101243011027 0.0
outer loop
vertex 14.413416862487793 -4.6193976402282715 -19.299999237060547
vertex 14.637775421142578 -4.519946575164795 -19.299999237060547
vertex 14.413416862487793 -4.6193976402282715 -8.149999618530273
endloop
endfacet
facet normal 0.0 0.0 -1.0
outer loop
vertex 14.413416862487793 -4.6193976402282715 -19.299999237060547
vertex 14.466619491577148 -2.3963325023651123 -19.299999237060547
vertex 14.581832885742188 -2.2969484329223633 -19.299999237060547
endloop
endfacet
facet normal 0.0 0.0 -1.0
outer loop
vertex 14.637775421142578 -4.519946575164795 -19.299999237060547
vertex 14.581832885742188 -2.2969484329223633 -19.299999237060547
vertex 14.692030906677246 -2.192030906677246 -19.299999237060547
endloop
endfacet
facet normal 0.0 0.0 -1.0
outer loop
vertex 14.413416862487793 -4.6193976402282715 -19.299999237060547
vertex 14.581832885742188 -2.2969484329223633 -19.299999237060547
vertex 14.637775421142578 -4.519946575164795 -19.299999237060547
endloop
endfacet
facet normal -0.8932244826212883 -0.4496109692233185 -0.0
outer loop
vertex 15.233956336975098 1.4613299369812012 -16.799999237060547
vertex 15.233956336975098 1.4613299369812012 -19.299999237060547
vertex 15.302367210388184 1.3254207372665405 -16.799999237060547
endloop
endfacet
facet normal -0.0 0.0 -1.0
outer loop
vertex 15.478496551513672 4.016037464141846 -19.299999237060547
vertex 15.302367210388184 1.3254207372665405 -19.299999237060547
vertex 15.233956336975098 1.4613299369812012 -19.299999237060547
endloop
endfacet
facet normal -0.8932244826212883 -0.4496109692233185 0.0
outer loop
vertex 15.302367210388184 1.3254207372665405 -16.799999237060547
vertex 15.233956336975098 1.4613299369812012 -19.299999237060547
vertex 15.302367210388184 1.3254207372665405 -19.299999237060547
endloop
endfacet
facet normal -0.8700850433486662 -0.4929016304912671 -0.0
outer loop
vertex 15.233956336975098 1.4613299369812012 -16.799999237060547
vertex 15.158958435058594 1.5937185287475586 -16.799999237060547
vertex 15.158958435058594 1.5937185287475586 -19.299999237060547
endloop
endfacet
facet normal -0.0 0.0 -1.0
outer loop
vertex 15.277851104736328 4.157348155975342 -19.299999237060547
vertex 15.158958435058594 1.5937185287475586 -19.299999237060547
vertex 15.077555656433105 1.722267746925354 -19.299999237060547
endloop
endfacet
facet normal -0.8448539099016116 -0.5349970756218765 0.0
outer loop
vertex 15.158958435058594 1.5937185287475586 -16.799999237060547
vertex 15.077555656433105 1.722267746925354 -19.299999237060547
vertex 15.158958435058594 1.5937185287475586 -19.299999237060547
endloop
endfacet
facet normal -0.8448539099016116 -0.5349970756218765 -0.0
outer loop
vertex 15.077555656433105 1.722267746925354 -16.799999237060547
vertex 15.077555656433105 1.722267746925354 -19.299999237060547
vertex 15.158958435058594 1.5937185287475586 -16.799999237060547
endloop
endfacet
facet normal -0.817585774229517 -0.5758068267896113 -0.0
outer loop
vertex 15.077555656433105 1.722267746925354 -16.799999237060547
vertex 14.989943504333496 1.8466678857803345 -16.799999237060547
vertex 14.989943504333496 1.8466678857803345 -19.299999237060547
endloop
endfacet
facet normal -0.0 0.0 -1.0
outer loop
vertex 15.277851104736328 4.157348155975342 -19.299999237060547
vertex 15.077555656433105 1.722267746925354 -19.299999237060547
vertex 14.989943504333496 1.8466678857803345 -19.299999237060547
endloop
endfacet
facet normal -0.817585774229517 -0.5758068267896113 0.0
outer loop
vertex 15.077555656433105 1.722267746925354 -16.799999237060547
vertex 14.989943504333496 1.8466678857803345 -19.299999237060547
vertex 15.077555656433105 1.722267746925354 -19.299999237060547
endloop
endfacet
facet normal 0.0 0.0 -1.0
outer loop
vertex 15.466514587402344 -0.8998824954032898 -16.799999237060547
vertex 15.466514587402344 0.8998824954032898 -16.799999237060547
vertex 15.507097244262695 0.7532385587692261 -16.799999237060547
endloop
endfacet
facet normal 0.0 0.0 -1.0
outer loop
vertex 15.466514587402344 -0.8998824954032898 -16.799999237060547
vertex 15.507097244262695 0.7532385587692261 -16.799999237060547
vertex 15.507097244262695 -0.7532385587692261 -16.799999237060547
endloop
endfacet
facet normal 0.0 0.0 -0.9999999999999999
outer loop
vertex 15.418787002563477 -1.044358491897583 -16.799999237060547
vertex 15.418787002563477 1.044358491897583 -16.799999237060547
vertex 15.466514587402344 0.8998824954032898 -16.799999237060547
endloop
endfacet
facet normal 0.0 0.0 -1.0
outer loop
vertex 15.36402702331543 -1.1863186359405518 -16.799999237060547
vertex 15.36402702331543 1.1863186359405518 -16.799999237060547
vertex 15.418787002563477 1.044358491897583 -16.799999237060547
endloop
endfacet
facet normal 0.0 0.0 -1.0
outer loop
vertex 15.302367210388184 -1.3254207372665405 -16.799999237060547
vertex 15.302367210388184 1.3254207372665405 -16.799999237060547
vertex 15.36402702331543 1.1863186359405518 -16.799999237060547
endloop
endfacet
facet normal 0.0 0.0 -1.0
outer loop
vertex 15.418787002563477 -1.044358491897583 -16.799999237060547
vertex 15.466514587402344 0.8998824954032898 -16.799999237060547
vertex 15.466514587402344 -0.8998824954032898 -16.799999237060547
endloop
endfacet
facet normal -0.9637746903552021 0.26671772762741935 0.0
outer loop
vertex 15.466514587402344 -0.8998824954032898 -16.799999237060547
vertex 15.507097244262695 -0.7532385587692261 -16.799999237060547
vertex 15.507097244262695 -0.7532385587692261 -19.299999237060547
endloop
endfacet
facet normal -0.9757019712731931 0.21910194716981637 0.0
outer loop
vertex 15.507097244262695 -0.7532385587692261 -16.799999237060547
vertex 15.540434837341309 -0.6047800183296204 -19.299999237060547
vertex 15.507097244262695 -0.7532385587692261 -19.299999237060547
endloop
endfacet
facet normal 0.0 0.0 -1.0
outer loop
vertex 15.233956336975098 -1.4613299369812012 -16.799999237060547
vertex 15.302367210388184 1.3254207372665405 -16.799999237060547
vertex 15.302367210388184 -1.3254207372665405 -16.799999237060547
endloop
endfacet
facet normal 0.0 0.0 -1.0
outer loop
vertex 15.36402702331543 -1.1863186359405518 -16.799999237060547
vertex 15.418787002563477 1.044358491897583 -16.799999237060547
vertex 15.418787002563477 -1.044358491897583 -16.799999237060547
endloop
endfacet
facet normal 0.0 0.0 -1.0
outer loop
vertex 15.302367210388184 -1.3254207372665405 -16.799999237060547
vertex 15.36402702331543 1.1863186359405518 -16.799999237060547
vertex 15.36402702331543 -1.1863186359405518 -16.799999237060547
endloop
endfacet
facet normal -0.9495298200178085 0.3136767777457367 0.0
outer loop
vertex 15.418787002563477 -1.044358491897583 -16.799999237060547
vertex 15.466514587402344 -0.8998824954032898 -16.799999237060547
vertex 15.466514587402344 -0.8998824954032898 -19.299999237060547
endloop
endfacet
facet normal -0.9637746903552021 0.26671772762741935 0.0
outer loop
vertex 15.466514587402344 -0.8998824954032898 -16.799999237060547
vertex 15.507097244262695 -0.7532385587692261 -19.299999237060547
vertex 15.466514587402344 -0.8998824954032898 -19.299999237060547
endloop
endfacet
facet normal 0.0 0.0 -1.0
outer loop
vertex 15.478496551513672 -4.016037464141846 -19.299999237060547
vertex 15.507097244262695 -0.7532385587692261 -19.299999237060547
vertex 15.540434837341309 -0.6047800183296204 -19.299999237060547
endloop
endfacet
facet normal -0.8932244826212883 0.4496109692233185 0.0
outer loop
vertex 15.233956336975098 -1.4613299369812012 -16.799999237060547
vertex 15.302367210388184 -1.3254207372665405 -16.799999237060547
vertex 15.302367210388184 -1.3254207372665405 -19.299999237060547
endloop
endfacet
facet normal -0.9329929997062717 0.3598945157946883 0.0
outer loop
vertex 15.36402702331543 -1.1863186359405518 -16.799999237060547
vertex 15.418787002563477 -1.044358491897583 -16.799999237060547
vertex 15.418787002563477 -1.044358491897583 -19.299999237060547
endloop
endfacet
facet normal -0.9142095314752493 0.4052418198555095 0.0
outer loop
vertex 15.302367210388184 -1.3254207372665405 -16.799999237060547
vertex 15.36402702331543 -1.1863186359405518 -16.799999237060547
vertex 15.36402702331543 -1.1863186359405518 -19.299999237060547
endloop
endfacet
facet normal -0.9495298200178085 0.3136767777457367 0.0
outer loop
vertex 15.418787002563477 -1.044358491897583 -16.799999237060547
vertex 15.466514587402344 -0.8998824954032898 -19.299999237060547
vertex 15.418787002563477 -1.044358491897583 -19.299999237060547
endloop
endfacet
facet normal 0.0 0.0 -1.0
outer loop
vertex 15.478496551513672 -4.016037464141846 -19.299999237060547
vertex 15.466514587402344 -0.8998824954032898 -19.299999237060547
vertex 15.507097244262695 -0.7532385587692261 -19.299999237060547
endloop
endfacet
facet normal -0.9142095314752493 0.4052418198555095 0.0
outer loop
vertex 15.302367210388184 -1.3254207372665405 -16.799999237060547
vertex 15.36402702331543 -1.1863186359405518 -19.299999237060547
vertex 15.302367210388184 -1.3254207372665405 -19.299999237060547
endloop
endfacet
facet normal -0.9329929997062717 0.3598945157946883 0.0
outer loop
vertex 15.36402702331543 -1.1863186359405518 -16.799999237060547
vertex 15.418787002563477 -1.044358491897583 -19.299999237060547
vertex 15.36402702331543 -1.1863186359405518 -19.299999237060547
endloop
endfacet
facet normal 0.0 0.0 -1.0
outer loop
vertex 15.478496551513672 -4.016037464141846 -19.299999237060547
vertex 15.418787002563477 -1.044358491897583 -19.299999237060547
vertex 15.466514587402344 -0.8998824954032898 -19.299999237060547
endloop
endfacet
facet normal 0.5758088035886261 -0.8175843820119334 0.0
outer loop
vertex 15.277851104736328 -4.157348155975342 -19.299999237060547
vertex 15.478496551513672 -4.016037464141846 -19.299999237060547
vertex 15.277851104736328 -4.157348155975342 -8.149999618530273
endloop
endfacet
facet normal 0.0 0.0 -1.0
outer loop
vertex 15.277851104736328 -4.157348155975342 -19.299999237060547
vertex 15.302367210388184 -1.3254207372665405 -19.299999237060547
vertex 15.36402702331543 -1.1863186359405518 -19.299999237060547
endloop
endfacet
facet normal 0.0 0.0 -1.0
outer loop
vertex 15.478496551513672 -4.016037464141846 -19.299999237060547
vertex 15.36402702331543 -1.1863186359405518 -19.299999237060547
vertex 15.418787002563477 -1.044358491897583 -19.299999237060547
endloop
endfacet
facet normal 0.0 0.0 -1.0
outer loop
vertex 15.277851104736328 -4.157348155975342 -19.299999237060547
vertex 15.36402702331543 -1.1863186359405518 -19.299999237060547
vertex 15.478496551513672 -4.016037464141846 -19.299999237060547
endloop
endfacet
facet normal 0.0 -0.0 1.0
outer loop
vertex 12.5 -4.041451930999756 -10.350000381469727
vertex 12.749442100524902 -1.6816000938415527 -10.350000381469727
vertex 12.583415031433105 -1.6979522705078125 -10.350000381469727
endloop
endfacet
facet normal 0.0 -0.0 1.0
outer loop
vertex 12.5 -4.041451930999756 -10.350000381469727
vertex 12.583415031433105 -1.6979522705078125 -10.350000381469727
vertex 12.33337116241455 -1.6918140649795532 -10.350000381469727
endloop
endfacet
facet normal 0.02454111007717124 0.9996983785334954 -0.0009412086274489395
outer loop
vertex 12.5 -1.7000000476837158 -14.699999809265137
vertex 12.33337116241455 -1.6918140649795532 -10.350000381469727
vertex 12.583415031433105 -1.6979522705078125 -10.350000381469727
endloop
endfacet
facet normal 0.04906787065800728 0.9987954465600496 -0.0
outer loop
vertex 12.33337116241455 -1.6918140649795532 -14.699999809265137
vertex 12.33337116241455 -1.6918140649795532 -10.350000381469727
vertex 12.5 -1.7000000476837158 -14.699999809265137
endloop
endfacet
facet normal 0.0 -0.0 1.0
outer loop
vertex 12.5 -3.200000047683716 -16.200000762939453
vertex 12.65701675415039 -3.196145534515381 -16.200000762939453
vertex 12.583415031433105 -1.6979522705078125 -16.200000762939453
endloop
endfacet
facet normal -0.017355744943379985 0.7070004998967908 -0.7070000503982643
outer loop
vertex 12.5 -3.200000047683716 -16.200000762939453
vertex 12.5 -1.7000000476837158 -14.699999809265137
vertex 12.65701675415039 -3.196145534515381 -16.200000762939453
endloop
endfacet
facet normal 0.03467255982491271 0.7057733382211157 -0.707588728465491
outer loop
vertex 12.34298324584961 -3.196145534515381 -16.200000762939453
vertex 12.33337116241455 -1.6918140649795532 -14.699999809265137
vertex 12.5 -1.7000000476837158 -14.699999809265137
endloop
endfacet
facet normal 0.0 -0.0 1.0
outer loop
vertex 12.5 -3.200000047683716 -16.200000762939453
vertex 12.583415031433105 -1.6979522705078125 -16.200000762939453
vertex 12.33337116241455 -1.6918140649795532 -16.200000762939453
endloop
endfacet
facet normal 0.017355744943379985 0.7070004998967908 -0.7070000503982643
outer loop
vertex 12.34298324584961 -3.196145534515381 -16.200000762939453
vertex 12.5 -1.7000000476837158 -14.699999809265137
vertex 12.5 -3.200000047683716 -16.200000762939453
endloop
endfacet
facet normal 0.05202655090509417 0.7052972293509691 -0.7070000397954488
outer loop
vertex 12.186345100402832 -3.184591054916382 -16.200000762939453
vertex 12.33337116241455 -1.6918140649795532 -14.699999809265137
vertex 12.34298324584961 -3.196145534515381 -16.200000762939453
endloop
endfacet
facet normal -0.0 -0.0 1.0
outer loop
vertex 12.34298324584961 -3.196145534515381 -16.200000762939453
vertex 12.5 -3.200000047683716 -16.200000762939453
vertex 12.33337116241455 -1.6918140649795532 -16.200000762939453
endloop
endfacet
facet normal -0.0 -0.0 1.0
outer loop
vertex 12.186345100402832 -3.184591054916382 -16.200000762939453
vertex 12.34298324584961 -3.196145534515381 -16.200000762939453
vertex 12.33337116241455 -1.6918140649795532 -16.200000762939453
endloop
endfacet
facet normal 0.0 -0.0 0.9999999999999999
outer loop
vertex 12.749442100524902 1.6816000938415527 -16.200000762939453
vertex 12.969537734985352 3.1653647422790527 -16.200000762939453
vertex 12.813654899597168 3.184591054916382 -16.200000762939453
endloop
endfacet
facet normal 0.0 -0.0 1.0
outer loop
vertex 12.583415031433105 1.6979522705078125 -16.200000762939453
vertex 12.813654899597168 3.184591054916382 -16.200000762939453
vertex 12.65701675415039 3.196145534515381 -16.200000762939453
endloop
endfacet
facet normal -0.0 0.0 1.0
outer loop
vertex 12.583415031433105 1.6979522705078125 -16.200000762939453
vertex 12.749442100524902 1.6816000938415527 -16.200000762939453
vertex 12.813654899597168 3.184591054916382 -16.200000762939453
endloop
endfacet
facet normal -0.09801677010495936 -0.9951847631360679 0.0
outer loop
vertex 12.583415031433105 1.6979522705078125 -16.200000762939453
vertex 12.749442100524902 1.6816000938415527 -16.299999237060547
vertex 12.749442100524902 1.6816000938415527 -16.200000762939453
endloop
endfacet
facet normal -0.09801677010495936 -0.9951847631360679 0.0
outer loop
vertex 12.583415031433105 1.6979522705078125 -16.299999237060547
vertex 12.749442100524902 1.6816000938415527 -16.299999237060547
vertex 12.583415031433105 1.6979522705078125 -16.200000762939453
endloop
endfacet
facet normal 0.0 -0.0 1.0
outer loop
vertex 12.583415031433105 -1.6979522705078125 -16.299999237060547
vertex 12.749442100524902 1.6816000938415527 -16.299999237060547
vertex 12.583415031433105 1.6979522705078125 -16.299999237060547
endloop
endfacet
facet normal 0.0 0.0 1.0
outer loop
vertex 12.583415031433105 -1.6979522705078125 -16.299999237060547
vertex 12.749442100524902 -1.6816000938415527 -16.299999237060547
vertex 12.749442100524902 1.6816000938415527 -16.299999237060547
endloop
endfacet
facet normal -0.09801677010495936 0.9951847631360677 0.0
outer loop
vertex 12.583415031433105 -1.6979522705078125 -14.699999809265137
vertex 12.583415031433105 -1.6979522705078125 -10.350000381469727
vertex 12.749442100524902 -1.6816000938415527 -10.350000381469727
endloop
endfacet
facet normal -0.09801677010495936 0.9951847631360679 0.0
outer loop
vertex 12.583415031433105 -1.6979522705078125 -16.299999237060547
vertex 12.749442100524902 -1.6816000938415527 -16.200000762939453
vertex 12.749442100524902 -1.6816000938415527 -16.299999237060547
endloop
endfacet
facet normal -0.07356436917642027 0.997290026895221 -0.00094119233147039
outer loop
vertex 12.583415031433105 -1.6979522705078125 -14.699999809265137
vertex 12.749442100524902 -1.6816000938415527 -10.350000381469727
vertex 12.66662883758545 -1.6918140649795532 -14.699999809265137
endloop
endfacet
facet normal -0.024541864416588476 0.9996988030856883 0.0
outer loop
vertex 12.5 -1.7000000476837158 -14.699999809265137
vertex 12.583415031433105 -1.6979522705078125 -10.350000381469727
vertex 12.583415031433105 -1.6979522705078125 -14.699999809265137
endloop
endfacet
facet normal -0.09801677010495936 0.9951847631360679 0.0
outer loop
vertex 12.583415031433105 -1.6979522705078125 -16.299999237060547
vertex 12.583415031433105 -1.6979522705078125 -16.200000762939453
vertex 12.749442100524902 -1.6816000938415527 -16.200000762939453
endloop
endfacet
facet normal -0.05202573925491755 0.7052972992448522 -0.7070000297969561
outer loop
vertex 12.813654899597168 -3.184591054916382 -16.200000762939453
vertex 12.583415031433105 -1.6979522705078125 -14.699999809265137
vertex 12.66662883758545 -1.6918140649795532 -14.699999809265137
endloop
endfacet
facet normal -0.01735633714583739 0.7070004615834016 -0.7070000741737846
outer loop
vertex 12.65701675415039 -3.196145534515381 -16.200000762939453
vertex 12.5 -1.7000000476837158 -14.699999809265137
vertex 12.583415031433105 -1.6979522705078125 -14.699999809265137
endloop
endfacet
facet normal -0.08657047749974611 0.7018949368049008 -0.707000035440671
outer loop
vertex 12.813654899597168 -3.184591054916382 -16.200000762939453
vertex 12.66662883758545 -1.6918140649795532 -14.699999809265137
vertex 12.969537734985352 -3.1653647422790527 -16.200000762939453
endloop
endfacet
facet normal 0.0 -0.0 1.0
outer loop
vertex 12.65701675415039 -3.196145534515381 -16.200000762939453
vertex 12.749442100524902 -1.6816000938415527 -16.200000762939453
vertex 12.583415031433105 -1.6979522705078125 -16.200000762939453
endloop
endfacet
facet normal -0.05202654923835687 0.7052972067558674 -0.7070000624587809
outer loop
vertex 12.65701675415039 -3.196145534515381 -16.200000762939453
vertex 12.583415031433105 -1.6979522705078125 -14.699999809265137
vertex 12.813654899597168 -3.184591054916382 -16.200000762939453
endloop
endfacet
facet normal 0.0 -0.0 0.9999999999999999
outer loop
vertex 12.813654899597168 -3.184591054916382 -16.200000762939453
vertex 12.969537734985352 -3.1653647422790527 -16.200000762939453
vertex 12.749442100524902 -1.6816000938415527 -16.200000762939453
endloop
endfacet
facet normal 0.0 -0.0 1.0
outer loop
vertex 12.65701675415039 -3.196145534515381 -16.200000762939453
vertex 12.813654899597168 -3.184591054916382 -16.200000762939453
vertex 12.749442100524902 -1.6816000938415527 -16.200000762939453
endloop
endfacet
facet normal -0.653171167828949 -0.7572102914758667 0.0
outer loop
vertex 13.578468322753906 1.3141177892684937 -14.699999809265137
vertex 13.641650199890137 1.2596169710159302 -14.699999809265137
vertex 13.578468322753906 1.3141177892684937 -10.350000381469727
endloop
endfacet
facet normal -0.4350986786347346 -0.5575302324632186 -0.707000127114428
outer loop
vertex 13.578468322753906 1.3141177892684937 -14.699999809265137
vertex 14.406237602233887 2.5702641010284424 -16.200000762939453
vertex 14.530058860778809 2.4736335277557373 -16.200000762939453
endloop
endfacet
facet normal -0.4619332528158993 -0.5355077601440168 -0.7070000769225281
outer loop
vertex 13.641650199890137 1.2596169710159302 -14.699999809265137
vertex 14.530058860778809 2.4736335277557373 -16.200000762939453
vertex 14.648988723754883 2.3710436820983887 -16.200000762939453
endloop
endfacet
facet normal -0.4619313852655371 -0.5355092449064862 -0.7070001725080035
outer loop
vertex 13.578468322753906 1.3141177892684937 -14.699999809265137
vertex 14.530058860778809 2.4736335277557373 -16.200000762939453
vertex 13.641650199890137 1.2596169710159302 -14.699999809265137
endloop
endfacet
facet normal -0.0 -0.0 1.0
outer loop
vertex 13.373974800109863 1.4581385850906372 -10.350000381469727
vertex 13.578468322753906 1.3141177892684937 -10.350000381469727
vertex 12.5 4.041451930999756 -10.350000381469727
endloop
endfacet
facet normal -0.5758087471493011 -0.817584421761051 0.0
outer loop
vertex 13.578468322753906 1.3141177892684937 -14.699999809265137
vertex 13.578468322753906 1.3141177892684937 -10.350000381469727
vertex 13.373974800109863 1.4581385850906372 -10.350000381469727
endloop
endfacet
facet normal -0.5956993200911279 -0.8032062803946358 -0.0014110909190228847
outer loop
vertex 13.444469451904297 1.4134982824325562 -14.699999809265137
vertex 13.578468322753906 1.3141177892684937 -14.699999809265137
vertex 13.373974800109863 1.4581385850906372 -10.350000381469727
endloop
endfacet
facet normal -0.40721882394229997 -0.5782074238074763 -0.7070000031690039
outer loop
vertex 13.444469451904297 1.4134982824325562 -14.699999809265137
vertex 14.277824401855469 2.660702705383301 -16.200000762939453
vertex 14.406237602233887 2.5702641010284424 -16.200000762939453
endloop
endfacet
facet normal -0.4209361673760733 -0.5675658203369924 -0.7075887100427334
outer loop
vertex 13.444469451904297 1.4134982824325562 -14.699999809265137
vertex 14.406237602233887 2.5702641010284424 -16.200000762939453
vertex 13.578468322753906 1.3141177892684937 -14.699999809265137
endloop
endfacet
facet normal -0.0 -0.0 1.0
outer loop
vertex 13.641650199890137 -1.2596169710159302 -10.350000381469727
vertex 16.0 -2.020725965499878 -10.350000381469727
vertex 13.814117431640625 -1.0784685611724854 -10.350000381469727
endloop
endfacet
facet normal -0.0 -0.0 1.0
outer loop
vertex 13.578468322753906 -1.3141177892684937 -10.350000381469727
vertex 16.0 -2.020725965499878 -10.350000381469727
vertex 13.641650199890137 -1.2596169710159302 -10.350000381469727
endloop
endfacet
facet normal -0.653171167828949 0.7572102914758667 0.0
outer loop
vertex 13.578468322753906 -1.3141177892684937 -14.699999809265137
vertex 13.578468322753906 -1.3141177892684937 -10.350000381469727
vertex 13.641650199890137 -1.2596169710159302 -10.350000381469727
endloop
endfacet
facet normal -0.6152316379977133 0.7883463906219464 0.0
outer loop
vertex 13.512688636779785 -1.365452766418457 -14.699999809265137
vertex 13.578468322753906 -1.3141177892684937 -10.350000381469727
vertex 13.578468322753906 -1.3141177892684937 -14.699999809265137
endloop
endfacet
facet normal 0.0 -0.0 1.0
outer loop
vertex 14.648988723754883 -2.3710436820983887 -16.200000762939453
vertex 14.762742042541504 2.262741804122925 -16.200000762939453
vertex 14.648988723754883 2.3710436820983887 -16.200000762939453
endloop
endfacet
facet normal 0.0 -0.0 1.0
outer loop
vertex 14.530058860778809 -2.4736335277557373 -16.200000762939453
vertex 14.648988723754883 2.3710436820983887 -16.200000762939453
vertex 14.530058860778809 2.4736335277557373 -16.200000762939453
endloop
endfacet
facet normal -0.4351000569651443 0.557529129327952 -0.7070001487833959
outer loop
vertex 13.512688636779785 -1.365452766418457 -14.699999809265137
vertex 13.578468322753906 -1.3141177892684937 -14.699999809265137
vertex 14.530058860778809 -2.4736335277557373 -16.200000762939453
endloop
endfacet
facet normal 0.0 0.0 1.0
outer loop
vertex 14.530058860778809 -2.4736335277557373 -16.200000762939453
vertex 14.648988723754883 -2.3710436820983887 -16.200000762939453
vertex 14.648988723754883 2.3710436820983887 -16.200000762939453
endloop
endfacet
facet normal -0.4619332095070063 0.5355077099370915 -0.7070001432478554
outer loop
vertex 13.578468322753906 -1.3141177892684937 -14.699999809265137
vertex 14.648988723754883 -2.3710436820983887 -16.200000762939453
vertex 14.530058860778809 -2.4736335277557373 -16.200000762939453
endloop
endfacet
facet normal 0.0 -0.0 1.0
outer loop
vertex 12.993483543395996 1.6267986297607422 -16.200000762939453
vertex 13.277536392211914 3.104099988937378 -16.200000762939453
vertex 13.124288558959961 3.1385128498077393 -16.200000762939453
endloop
endfacet
facet normal -0.15495096290383684 -0.6900297948133782 -0.707000057542417
outer loop
vertex 12.913065910339355 1.6490530967712402 -14.699999809265137
vertex 13.124288558959961 3.1385128498077393 -16.200000762939453
vertex 13.277536392211914 3.104099988937378 -16.200000762939453
endloop
endfacet
facet normal -0.18862204282654846 -0.6815956384073666 -0.7070000782630749
outer loop
vertex 12.993483543395996 1.6267986297607422 -14.699999809265137
vertex 13.277536392211914 3.104099988937378 -16.200000762939453
vertex 13.428911209106445 3.062209129333496 -16.200000762939453
endloop
endfacet
facet normal -0.18862215287453538 -0.6815956126499249 -0.707000073735038
outer loop
vertex 12.913065910339355 1.6490530967712402 -14.699999809265137
vertex 13.277536392211914 3.104099988937378 -16.200000762939453
vertex 12.993483543395996 1.6267986297607422 -14.699999809265137
endloop
endfacet
facet normal 0.0 -0.0 1.0
outer loop
vertex 13.865452766418457 1.0126888751983643 -16.200000762939453
vertex 14.008469581604004 2.822148084640503 -16.200000762939453
vertex 13.868176460266113 2.892765760421753 -16.200000762939453
endloop
endfacet
facet normal -0.31797138419565185 -0.6317001726752101 -0.7070000641264547
outer loop
vertex 13.301374435424805 1.4992661476135254 -14.699999809265137
vertex 13.868176460266113 2.892765760421753 -16.200000762939453
vertex 14.008469581604004 2.822148084640503 -16.200000762939453
endloop
endfacet
facet normal -0.31797179815686677 -0.6316999846905611 -0.7070000459114791
outer loop
vertex 13.301374435424805 1.4992661476135254 -14.699999809265137
vertex 13.22684383392334 1.5367817878723145 -14.699999809265137
vertex 13.868176460266113 2.892765760421753 -16.200000762939453
endloop
endfacet
facet normal 0.0 -0.0 1.0
outer loop
vertex 13.999266624450684 0.8013744354248047 -16.200000762939453
vertex 14.145129203796387 2.7447316646575928 -16.200000762939453
vertex 14.008469581604004 2.822148084640503 -16.200000762939453
endloop
endfacet
facet normal -0.8448527252520401 -0.5349989463860662 0.0
outer loop
vertex 13.865452766418457 1.0126888751983643 -16.299999237060547
vertex 13.999266624450684 0.8013744354248047 -16.299999237060547
vertex 13.865452766418457 1.0126888751983643 -16.200000762939453
endloop
endfacet
facet normal -0.0 0.0 1.0
outer loop
vertex 13.865452766418457 1.0126888751983643 -16.200000762939453
vertex 13.999266624450684 0.8013744354248047 -16.200000762939453
vertex 14.008469581604004 2.822148084640503 -16.200000762939453
endloop
endfacet
facet normal 0.0 -0.0 1.0
outer loop
vertex 14.070594787597656 0.6505618095397949 -16.200000762939453
vertex 14.145129203796387 2.7447316646575928 -16.200000762939453
vertex 13.999266624450684 0.8013744354248047 -16.200000762939453
endloop
endfacet
facet normal 0.0 0.0 0.9999999999999999
outer loop
vertex 14.149053573608398 -0.4130662977695465 -16.299999237060547
vertex 14.181599617004395 -0.24944180250167847 -16.299999237060547
vertex 14.181599617004395 0.24944180250167847 -16.299999237060547
endloop
endfacet
facet normal -0.8448527252520401 -0.5349989463860662 0.0
outer loop
vertex 13.865452766418457 1.0126888751983643 -16.200000762939453
vertex 13.999266624450684 0.8013744354248047 -16.299999237060547
vertex 13.999266624450684 0.8013744354248047 -16.200000762939453
endloop
endfacet
facet normal -0.9039913704545944 -0.4275507012549789 0.0
outer loop
vertex 14.070594787597656 0.6505618095397949 -16.299999237060547
vertex 14.070594787597656 0.6505618095397949 -16.200000762939453
vertex 13.999266624450684 0.8013744354248047 -16.200000762939453
endloop
endfacet
facet normal -0.9807863038144392 0.19508517691001132 0.0
outer loop
vertex 14.149053573608398 -0.4130662977695465 -16.299999237060547
vertex 14.181599617004395 -0.24944180250167847 -16.200000762939453
vertex 14.181599617004395 -0.24944180250167847 -16.299999237060547
endloop
endfacet
facet normal 0.0 -0.0 1.0
outer loop
vertex 14.149053573608398 -0.4130662977695465 -16.299999237060547
vertex 14.181599617004395 0.24944180250167847 -16.299999237060547
vertex 14.149053573608398 0.4130662977695465 -16.299999237060547
endloop
endfacet
facet normal -0.9495271486135254 -0.31368486422820646 0.0
outer loop
vertex 14.070594787597656 0.6505618095397949 -16.299999237060547
vertex 14.149053573608398 0.4130662977695465 -16.299999237060547
vertex 14.070594787597656 0.6505618095397949 -16.200000762939453
endloop
endfacet
facet normal -0.9039913704545944 -0.4275507012549789 -0.0
outer loop
vertex 14.070594787597656 0.6505618095397949 -16.299999237060547
vertex 13.999266624450684 0.8013744354248047 -16.200000762939453
vertex 13.999266624450684 0.8013744354248047 -16.299999237060547
endloop
endfacet
facet normal -0.9807863038144392 0.19508517691001132 0.0
outer loop
vertex 14.149053573608398 -0.4130662977695465 -16.299999237060547
vertex 14.149053573608398 -0.4130662977695465 -16.200000762939453
vertex 14.181599617004395 -0.24944180250167847 -16.200000762939453
endloop
endfacet
facet normal 0.0 0.0 1.0
outer loop
vertex 14.070594787597656 -0.6505618095397949 -16.299999237060547
vertex 14.149053573608398 -0.4130662977695465 -16.299999237060547
vertex 14.149053573608398 0.4130662977695465 -16.299999237060547
endloop
endfacet
facet normal 0.0 -0.0 1.0
outer loop
vertex 14.070594787597656 -0.6505618095397949 -16.299999237060547
vertex 14.149053573608398 0.4130662977695465 -16.299999237060547
vertex 14.070594787597656 0.6505618095397949 -16.299999237060547
endloop
endfacet
facet normal 0.0 -0.0 0.9999999999999999
outer loop
vertex 14.036782264709473 -0.7268436551094055 -16.299999237060547
vertex 14.070594787597656 0.6505618095397949 -16.299999237060547
vertex 13.999266624450684 0.8013744354248047 -16.299999237060547
endloop
endfacet
facet normal -0.9495271486135254 0.31368486422820646 0.0
outer loop
vertex 14.070594787597656 -0.6505618095397949 -16.299999237060547
vertex 14.149053573608398 -0.4130662977695465 -16.200000762939453
vertex 14.149053573608398 -0.4130662977695465 -16.299999237060547
endloop
endfacet
facet normal 0.0 0.0 0.9999999999999999
outer loop
vertex 14.036782264709473 -0.7268436551094055 -16.299999237060547
vertex 14.070594787597656 -0.6505618095397949 -16.299999237060547
vertex 14.070594787597656 0.6505618095397949 -16.299999237060547
endloop
endfacet
facet normal -0.9142137237881302 0.40523236203126783 0.0
outer loop
vertex 14.036782264709473 -0.7268436551094055 -16.299999237060547
vertex 14.036782264709473 -0.7268436551094055 -16.200000762939453
vertex 14.070594787597656 -0.6505618095397949 -16.200000762939453
endloop
endfacet
facet normal -0.9495271486135254 0.31368486422820646 0.0
outer loop
vertex 14.070594787597656 -0.6505618095397949 -16.299999237060547
vertex 14.070594787597656 -0.6505618095397949 -16.200000762939453
vertex 14.149053573608398 -0.4130662977695465 -16.200000762939453
endloop
endfacet
facet normal -0.9142137237881302 0.40523236203126783 0.0
outer loop
vertex 14.036782264709473 -0.7268436551094055 -16.299999237060547
vertex 14.070594787597656 -0.6505618095397949 -16.200000762939453
vertex 14.070594787597656 -0.6505618095397949 -16.299999237060547
endloop
endfacet
facet normal -0.0 0.0 1.0
outer loop
vertex 13.641650199890137 1.2596169710159302 -16.200000762939453
vertex 13.814117431640625 1.0784685611724854 -16.200000762939453
vertex 13.868176460266113 2.892765760421753 -16.200000762939453
endloop
endfacet
facet normal 0.0 -0.0 1.0
outer loop
vertex 13.641650199890137 1.2596169710159302 -16.200000762939453
vertex 13.868176460266113 2.892765760421753 -16.200000762939453
vertex 13.724587440490723 2.9564144611358643 -16.200000762939453
endloop
endfacet
facet normal 0.0 -0.0 1.0
outer loop
vertex 13.373974800109863 1.4581385850906372 -16.200000762939453
vertex 13.578047752380371 3.0129411220550537 -16.200000762939453
vertex 13.428911209106445 3.062209129333496 -16.200000762939453
endloop
endfacet
facet normal -0.0 0.0 0.9999999999999999
outer loop
vertex 13.578468322753906 1.3141177892684937 -16.200000762939453
vertex 13.641650199890137 1.2596169710159302 -16.200000762939453
vertex 13.724587440490723 2.9564144611358643 -16.200000762939453
endloop
endfacet
facet normal 0.0 -0.0 0.9999999999999999
outer loop
vertex 13.373974800109863 1.4581385850906372 -16.200000762939453
vertex 13.724587440490723 2.9564144611358643 -16.200000762939453
vertex 13.578047752380371 3.0129411220550537 -16.200000762939453
endloop
endfacet
facet normal -0.6531711678289489 -0.7572102914758666 0.0
outer loop
vertex 13.578468322753906 1.3141177892684937 -16.200000762939453
vertex 13.641650199890137 1.2596169710159302 -16.299999237060547
vertex 13.641650199890137 1.2596169710159302 -16.200000762939453
endloop
endfacet
facet normal -0.0 0.0 1.0
outer loop
vertex 13.373974800109863 1.4581385850906372 -16.200000762939453
vertex 13.578468322753906 1.3141177892684937 -16.200000762939453
vertex 13.724587440490723 2.9564144611358643 -16.200000762939453
endloop
endfacet
facet normal -0.5758087471493012 -0.8175844217610511 0.0
outer loop
vertex 13.373974800109863 1.4581385850906372 -16.299999237060547
vertex 13.578468322753906 1.3141177892684937 -16.299999237060547
vertex 13.373974800109863 1.4581385850906372 -16.200000762939453
endloop
endfacet
facet normal -0.6531711678289489 -0.7572102914758666 0.0
outer loop
vertex 13.578468322753906 1.3141177892684937 -16.299999237060547
vertex 13.641650199890137 1.2596169710159302 -16.299999237060547
vertex 13.578468322753906 1.3141177892684937 -16.200000762939453
endloop
endfacet
facet normal -0.5758087471493012 -0.8175844217610511 0.0
outer loop
vertex 13.373974800109863 1.4581385850906372 -16.200000762939453
vertex 13.578468322753906 1.3141177892684937 -16.299999237060547
vertex 13.578468322753906 1.3141177892684937 -16.200000762939453
endloop
endfacet
facet normal 0.0 -0.0 1.0
outer loop
vertex 14.070594787597656 0.6505618095397949 -16.200000762939453
vertex 14.277824401855469 2.660702705383301 -16.200000762939453
vertex 14.145129203796387 2.7447316646575928 -16.200000762939453
endloop
endfacet
facet normal -0.0 0.0 0.9999999999999999
outer loop
vertex 14.070594787597656 0.6505618095397949 -16.200000762939453
vertex 14.149053573608398 0.4130662977695465 -16.200000762939453
vertex 14.277824401855469 2.660702705383301 -16.200000762939453
endloop
endfacet
facet normal -0.9495271486135254 -0.31368486422820646 0.0
outer loop
vertex 14.070594787597656 0.6505618095397949 -16.200000762939453
vertex 14.149053573608398 0.4130662977695465 -16.299999237060547
vertex 14.149053573608398 0.4130662977695465 -16.200000762939453
endloop
endfacet
facet normal 0.0 -0.0 1.0
outer loop
vertex 14.181599617004395 0.24944180250167847 -16.200000762939453
vertex 14.277824401855469 2.660702705383301 -16.200000762939453
vertex 14.149053573608398 0.4130662977695465 -16.200000762939453
endloop
endfacet
facet normal -0.9807863038144392 -0.19508517691001132 -0.0
outer loop
vertex 14.181599617004395 0.24944180250167847 -16.299999237060547
vertex 14.149053573608398 0.4130662977695465 -16.200000762939453
vertex 14.149053573608398 0.4130662977695465 -16.299999237060547
endloop
endfacet
facet normal -0.9807863038144392 -0.19508517691001132 0.0
outer loop
vertex 14.181599617004395 0.24944180250167847 -16.299999237060547
vertex 14.181599617004395 0.24944180250167847 -16.200000762939453
vertex 14.149053573608398 0.4130662977695465 -16.200000762939453
endloop
endfacet
facet normal -0.9972903805610607 -0.073565595493918 -0.0
outer loop
vertex 14.199999809265137 0.0 -16.299999237060547
vertex 14.181599617004395 0.24944180250167847 -16.200000762939453
vertex 14.181599617004395 0.24944180250167847 -16.299999237060547
endloop
endfacet
facet normal -0.9972903805610608 -0.07356559549391786 -3.190447820558132e-16
outer loop
vertex 14.199999809265137 0.0 -16.299999237060547
vertex 14.199999809265137 -4.3368086899420177e-16 -16.200000762939453
vertex 14.181599617004395 0.24944180250167847 -16.200000762939453
endloop
endfacet
facet normal 0.0 -0.0 0.9999999999999999
outer loop
vertex 14.181599617004395 -0.24944180250167847 -16.299999237060547
vertex 14.199999809265137 0.0 -16.299999237060547
vertex 14.181599617004395 0.24944180250167847 -16.299999237060547
endloop
endfacet
facet normal -0.9972903805610608 0.07356559549391802 3.1904478205581385e-16
outer loop
vertex 14.181599617004395 -0.24944180250167847 -16.299999237060547
vertex 14.199999809265137 -4.3368086899420177e-16 -16.200000762939453
vertex 14.199999809265137 0.0 -16.299999237060547
endloop
endfacet
facet normal -0.9972903805610607 0.07356559549391813 0.0
outer loop
vertex 14.181599617004395 -0.24944180250167847 -16.299999237060547
vertex 14.181599617004395 -0.24944180250167847 -16.200000762939453
vertex 14.199999809265137 -4.3368086899420177e-16 -16.200000762939453
endloop
endfacet
facet normal 0.0 -0.0 0.9999999999999999
outer loop
vertex 14.145129203796387 -2.7447316646575928 -16.200000762939453
vertex 14.199999809265137 -4.3368086899420177e-16 -16.200000762939453
vertex 14.181599617004395 -0.24944180250167847 -16.200000762939453
endloop
endfacet
facet normal 0.0 -0.0 1.0
outer loop
vertex 14.145129203796387 -2.7447316646575928 -16.200000762939453
vertex 14.181599617004395 -0.24944180250167847 -16.200000762939453
vertex 14.149053573608398 -0.4130662977695465 -16.200000762939453
endloop
endfacet
facet normal 0.0 -0.0 1.0
outer loop
vertex 14.008469581604004 -2.822148084640503 -16.200000762939453
vertex 14.070594787597656 -0.6505618095397949 -16.200000762939453
vertex 14.036782264709473 -0.7268436551094055 -16.200000762939453
endloop
endfacet
facet normal -0.34858320674029764 0.6153377971527794 -0.707000101395902
outer loop
vertex 14.008469581604004 -2.822148084640503 -16.200000762939453
vertex 13.373974800109863 -1.4581385850906372 -14.699999809265137
vertex 14.145129203796387 -2.7447316646575928 -16.200000762939453
endloop
endfacet
facet normal 0.0 -0.0 0.9999999999999999
outer loop
vertex 14.145129203796387 -2.7447316646575928 -16.200000762939453
vertex 14.149053573608398 -0.4130662977695465 -16.200000762939453
vertex 14.070594787597656 -0.6505618095397949 -16.200000762939453
endloop
endfacet
facet normal 0.0 -0.0 1.0
outer loop
vertex 14.008469581604004 -2.822148084640503 -16.200000762939453
vertex 14.145129203796387 -2.7447316646575928 -16.200000762939453
vertex 14.070594787597656 -0.6505618095397949 -16.200000762939453
endloop
endfacet
facet normal 0.9972903805610608 -0.07356559549391806 0.0
outer loop
vertex 10.818400382995605 0.24944180250167847 -14.699999809265137
vertex 10.818400382995605 0.24944180250167847 -10.350000381469727
vertex 10.800000190734863 2.1684043449710089e-16 -10.350000381469727
endloop
endfacet
facet normal 0.9951834753840101 -0.09801968622980473 -0.0014111817791992503
outer loop
vertex 10.802047729492188 0.08341504633426666 -14.699999809265137
vertex 10.818400382995605 0.24944180250167847 -14.699999809265137
vertex 10.800000190734863 2.1684043449710089e-16 -10.350000381469727
endloop
endfacet
facet normal 0.9852776998094793 -0.17096155783725692 0.0
outer loop
vertex 10.818400382995605 0.24944180250167847 -14.699999809265137
vertex 10.83266544342041 0.33165353536605835 -14.699999809265137
vertex 10.818400382995605 0.24944180250167847 -10.350000381469727
endloop
endfacet
facet normal 0.7032216514105052 -0.06926317340093 -0.7075888084176534
outer loop
vertex 9.315408706665039 0.3136548399925232 -16.200000762939453
vertex 10.818400382995605 0.24944180250167847 -14.699999809265137
vertex 10.802047729492188 0.08341504633426666 -14.699999809265137
endloop
endfacet
facet normal 0.6968014932740192 -0.12090628745224659 -0.7070002465527235
outer loop
vertex 9.334634780883789 0.46953752636909485 -16.200000762939453
vertex 10.83266544342041 0.33165353536605835 -14.699999809265137
vertex 10.818400382995605 0.24944180250167847 -14.699999809265137
endloop
endfacet
facet normal 0.7018948613805176 -0.08656947742138253 -0.7070002327769154
outer loop
vertex 9.315408706665039 0.3136548399925232 -16.200000762939453
vertex 9.334634780883789 0.46953752636909485 -16.200000762939453
vertex 10.818400382995605 0.24944180250167847 -14.699999809265137
endloop
endfacet
facet normal 0.6968010691621431 -0.120909488011832 -0.7070001172016953
outer loop
vertex 9.334634780883789 0.46953752636909485 -16.200000762939453
vertex 9.36148738861084 0.6242890357971191 -16.200000762939453
vertex 10.83266544342041 0.33165353536605835 -14.699999809265137
endloop
endfacet
facet normal 0.0 -0.0 1.0
outer loop
vertex 9.315408706665039 -0.3136548399925232 -16.200000762939453
vertex 9.334634780883789 0.46953752636909485 -16.200000762939453
vertex 9.315408706665039 0.3136548399925232 -16.200000762939453
endloop
endfacet
facet normal 0.7018948613805176 0.08656947742138253 -0.7070002327769154
outer loop
vertex 9.315408706665039 -0.3136548399925232 -16.200000762939453
vertex 10.818400382995605 -0.24944180250167847 -14.699999809265137
vertex 9.334634780883789 -0.46953752636909485 -16.200000762939453
endloop
endfacet
facet normal 0.0 -0.0 1.0
outer loop
vertex 9.334634780883789 -0.46953752636909485 -16.200000762939453
vertex 9.36148738861084 0.6242890357971191 -16.200000762939453
vertex 9.334634780883789 0.46953752636909485 -16.200000762939453
endloop
endfacet
facet normal -0.0 0.0 1.0
outer loop
vertex 9.315408706665039 -0.3136548399925232 -16.200000762939453
vertex 9.334634780883789 -0.46953752636909485 -16.200000762939453
vertex 9.334634780883789 0.46953752636909485 -16.200000762939453
endloop
endfacet
facet normal -0.0 0.0 0.9999999999999999
outer loop
vertex 9.0 2.020725965499878 -10.350000381469727
vertex 10.800000190734863 2.1684043449710089e-16 -10.350000381469727
vertex 10.818400382995605 0.24944180250167847 -10.350000381469727
endloop
endfacet
facet normal 0.0 0.0 1.0
outer loop
vertex 10.818400382995605 -0.24944180250167847 -10.350000381469727
vertex 10.800000190734863 2.1684043449710089e-16 -10.350000381469727
vertex 9.0 2.020725965499878 -10.350000381469727
endloop
endfacet
facet normal 0.9972903805610607 0.07356559549391793 -3.667125928571361e-18
outer loop
vertex 10.818400382995605 -0.24944180250167847 -10.350000381469727
vertex 10.800000190734863 0.0 -14.699999809265137
vertex 10.800000190734863 2.1684043449710089e-16 -10.350000381469727
endloop
endfacet
facet normal 0.9996948940358473 0.024538906719957773 -0.002821505917970965
outer loop
vertex 10.802047729492188 -0.08341504633426666 -14.699999809265137
vertex 10.800000190734863 0.0 -14.699999809265137
vertex 10.818400382995605 -0.24944180250167847 -10.350000381469727
endloop
endfacet
facet normal 0.9996988732929704 -0.02453900439637879 1.2695061545302634e-18
outer loop
vertex 10.800000190734863 0.0 -14.699999809265137
vertex 10.802047729492188 0.08341504633426666 -14.699999809265137
vertex 10.800000190734863 2.1684043449710089e-16 -10.350000381469727
endloop
endfacet
facet normal 0.7070005566657599 -0.01735684127967849 -0.7069999667150613
outer loop
vertex 9.300000190734863 -5.421010862427522e-17 -16.200000762939453
vertex 9.303854942321777 0.1570165604352951 -16.200000762939453
vertex 10.802047729492188 0.08341504633426666 -14.699999809265137
endloop
endfacet
facet normal 0.7070006496021958 0.017354317897432144 -0.7069999357230436
outer loop
vertex 9.303854942321777 -0.1570165604352951 -16.200000762939453
vertex 10.800000190734863 0.0 -14.699999809265137
vertex 10.802047729492188 -0.08341504633426666 -14.699999809265137
endloop
endfacet
facet normal 0.0 -0.0 1.0
outer loop
vertex 9.303854942321777 -0.1570165604352951 -16.200000762939453
vertex 9.303854942321777 0.1570165604352951 -16.200000762939453
vertex 9.300000190734863 -5.421010862427522e-17 -16.200000762939453
endloop
endfacet
facet normal 0.7070005174517551 -0.0173543146536151 -0.7070000679532175
outer loop
vertex 9.300000190734863 -5.421010862427522e-17 -16.200000762939453
vertex 10.802047729492188 0.08341504633426666 -14.699999809265137
vertex 10.800000190734863 0.0 -14.699999809265137
endloop
endfacet
facet normal 0.7070004864608517 0.01735683955615023 -0.7070000369623337
outer loop
vertex 9.303854942321777 -0.1570165604352951 -16.200000762939453
vertex 9.300000190734863 -5.421010862427522e-17 -16.200000762939453
vertex 10.800000190734863 0.0 -14.699999809265137
endloop
endfacet
facet normal 0.0 0.0 -1.0
outer loop
vertex 13.399882316589355 -2.966515064239502 -16.799999237060547
vertex 13.399882316589355 2.966515064239502 -16.799999237060547
vertex 13.544358253479004 2.9187865257263184 -16.799999237060547
endloop
endfacet
facet normal 0.0 0.0 -0.9999999999999999
outer loop
vertex 13.253238677978516 -3.007096767425537 -16.799999237060547
vertex 13.253238677978516 3.007096767425537 -16.799999237060547
vertex 13.399882316589355 2.966515064239502 -16.799999237060547
endloop
endfacet
facet normal 0.0 -0.0 1.0
outer loop
vertex 13.475451469421387 -4.903926372528076 -8.149999618530273
vertex 13.714900970458984 -4.850156307220459 -8.149999618530273
vertex 12.5 -4.041451930999756 -8.149999618530273
endloop
endfacet
facet normal 0.0 0.0 -0.9999999999999999
outer loop
vertex 13.253238677978516 -3.007096767425537 -16.799999237060547
vertex 13.399882316589355 2.966515064239502 -16.799999237060547
vertex 13.399882316589355 -2.966515064239502 -16.799999237060547
endloop
endfacet
facet normal 0.0 0.0 -0.9999999999999999
outer loop
vertex 13.104780197143555 -3.0404343605041504 -16.799999237060547
vertex 13.253238677978516 3.007096767425537 -16.799999237060547
vertex 13.253238677978516 -3.007096767425537 -16.799999237060547
endloop
endfacet
facet normal 0.0 -0.0 0.9999999999999999
outer loop
vertex 13.233652114868164 -4.945882320404053 -8.149999618530273
vertex 13.475451469421387 -4.903926372528076 -8.149999618530273
vertex 12.5 -4.041451930999756 -8.149999618530273
endloop
endfacet
facet normal -0.26671240922186523 0.9637761621699658 0.0
outer loop
vertex 13.253238677978516 -3.007096767425537 -16.799999237060547
vertex 13.399882316589355 -2.966515064239502 -16.799999237060547
vertex 13.399882316589355 -2.966515064239502 -19.299999237060547
endloop
endfacet
facet normal -0.21910203091419828 0.975701952467696 0.0
outer loop
vertex 13.104780197143555 -3.0404343605041504 -16.799999237060547
vertex 13.253238677978516 -3.007096767425537 -16.799999237060547
vertex 13.253238677978516 -3.007096767425537 -19.299999237060547
endloop
endfacet
facet normal 0.17096101776085287 -0.9852777935212857 0.0
outer loop
vertex 13.475451469421387 -4.903926372528076 -19.299999237060547
vertex 13.475451469421387 -4.903926372528076 -8.149999618530273
vertex 13.233652114868164 -4.945882320404053 -8.149999618530273
endloop
endfacet
facet normal 0.12241129211184755 -0.9924794585095995 0.0
outer loop
vertex 13.233652114868164 -4.945882320404053 -19.299999237060547
vertex 13.233652114868164 -4.945882320404053 -8.149999618530273
vertex 12.99008560180664 -4.975923538208008 -8.149999618530273
endloop
endfacet
facet normal -0.26671240922186523 0.9637761621699658 0.0
outer loop
vertex 13.253238677978516 -3.007096767425537 -16.799999237060547
vertex 13.399882316589355 -2.966515064239502 -19.299999237060547
vertex 13.253238677978516 -3.007096767425537 -19.299999237060547
endloop
endfacet
facet normal 0.17096101776085287 -0.9852777935212857 0.0
outer loop
vertex 13.233652114868164 -4.945882320404053 -19.299999237060547
vertex 13.475451469421387 -4.903926372528076 -19.299999237060547
vertex 13.233652114868164 -4.945882320404053 -8.149999618530273
endloop
endfacet
facet normal 0.0 0.0 -0.9999999999999999
outer loop
vertex 13.233652114868164 -4.945882320404053 -19.299999237060547
vertex 13.253238677978516 -3.007096767425537 -19.299999237060547
vertex 13.399882316589355 -2.966515064239502 -19.299999237060547
endloop
endfacet
facet normal 0.0 0.0 -1.0
outer loop
vertex 13.233652114868164 -4.945882320404053 -19.299999237060547
vertex 13.399882316589355 -2.966515064239502 -19.299999237060547
vertex 13.475451469421387 -4.903926372528076 -19.299999237060547
endloop
endfacet
facet normal -0.0 -0.0 1.0
outer loop
vertex 11.766347885131836 4.945882320404053 -8.149999618530273
vertex 12.5 4.041451930999756 -8.149999618530273
vertex 12.00991439819336 4.975923538208008 -8.149999618530273
endloop
endfacet
facet normal -0.12241129211184755 0.9924794585095995 0.0
outer loop
vertex 11.766347885131836 4.945882320404053 -19.299999237060547
vertex 11.766347885131836 4.945882320404053 -8.149999618530273
vertex 12.00991439819336 4.975923538208008 -8.149999618530273
endloop
endfacet
facet normal -0.12241129211184755 0.9924794585095995 0.0
outer loop
vertex 11.766347885131836 4.945882320404053 -19.299999237060547
vertex 12.00991439819336 4.975923538208008 -8.149999618530273
vertex 12.00991439819336 4.975923538208008 -19.299999237060547
endloop
endfacet
facet normal 0.0 -0.0 -0.9999999999999999
outer loop
vertex 11.766347885131836 4.945882320404053 -19.299999237060547
vertex 12.00991439819336 4.975923538208008 -19.299999237060547
vertex 11.895219802856445 3.0404343605041504 -19.299999237060547
endloop
endfacet
facet normal 0.1709622507867606 -0.9852775795713231 0.0
outer loop
vertex 11.895219802856445 3.0404343605041504 -16.799999237060547
vertex 11.895219802856445 3.0404343605041504 -19.299999237060547
vertex 12.045135498046875 3.0664472579956055 -16.799999237060547
endloop
endfacet
facet normal 0.0 -0.0 -1.0
outer loop
vertex 12.00991439819336 4.975923538208008 -19.299999237060547
vertex 12.045135498046875 3.0664472579956055 -19.299999237060547
vertex 11.895219802856445 3.0404343605041504 -19.299999237060547
endloop
endfacet
facet normal 0.1709622507867606 -0.9852775795713231 0.0
outer loop
vertex 12.045135498046875 3.0664472579956055 -16.799999237060547
vertex 11.895219802856445 3.0404343605041504 -19.299999237060547
vertex 12.045135498046875 3.0664472579956055 -19.299999237060547
endloop
endfacet
facet normal -0.0 -0.0 1.0
outer loop
vertex 11.185882568359375 -1.0784685611724854 -10.350000381469727
vertex 12.5 -4.041451930999756 -10.350000381469727
vertex 11.358349800109863 -1.2596169710159302 -10.350000381469727
endloop
endfacet
facet normal 0.724247865072886 0.6895397232483178 -0.0
outer loop
vertex 11.185882568359375 -1.0784685611724854 -14.699999809265137
vertex 11.185882568359375 -1.0784685611724854 -10.350000381469727
vertex 11.358349800109863 -1.2596169710159302 -10.350000381469727
endloop
endfacet
facet normal 0.7883443118244675 0.6152343017209027 0.0
outer loop
vertex 11.185882568359375 -1.0784685611724854 -14.699999809265137
vertex 11.134547233581543 -1.0126888751983643 -14.699999809265137
vertex 11.185882568359375 -1.0784685611724854 -10.350000381469727
endloop
endfacet
facet normal 0.5575276032547937 0.43510189714537567 -0.7070002197379152
outer loop
vertex 10.026366233825684 -2.0300586223602295 -16.200000762939453
vertex 11.134547233581543 -1.0126888751983643 -14.699999809265137
vertex 11.185882568359375 -1.0784685611724854 -14.699999809265137
endloop
endfacet
facet normal 0.5575306382956108 -0.4350981049666797 -0.7070001601245172
outer loop
vertex 9.929736137390137 1.9062377214431763 -16.200000762939453
vertex 10.026366233825684 2.0300586223602295 -16.200000762939453
vertex 11.185882568359375 1.0784685611724854 -14.699999809265137
endloop
endfacet
facet normal 0.557530744789127 0.435098188074448 -0.7070000249994433
outer loop
vertex 10.026366233825684 -2.0300586223602295 -16.200000762939453
vertex 9.929736137390137 -1.9062377214431763 -16.200000762939453
vertex 11.134547233581543 -1.0126888751983643 -14.699999809265137
endloop
endfacet
facet normal 0.0 -0.0 1.0
outer loop
vertex 9.929736137390137 -1.9062377214431763 -16.200000762939453
vertex 10.026366233825684 2.0300586223602295 -16.200000762939453
vertex 9.929736137390137 1.9062377214431763 -16.200000762939453
endloop
endfacet
facet normal 0.0 -0.0 1.0
outer loop
vertex 10.026366233825684 -2.0300586223602295 -16.200000762939453
vertex 10.026366233825684 2.0300586223602295 -16.200000762939453
vertex 9.929736137390137 -1.9062377214431763 -16.200000762939453
endloop
endfacet
facet normal 0.8448517967802293 0.5349995849241967 -0.0009410675616382418
outer loop
vertex 11.041861534118652 -0.8739746809005737 -14.699999809265137
vertex 11.134547233581543 -1.0126888751983643 -10.350000381469727
vertex 11.086502075195312 -0.9444693922996521 -14.699999809265137
endloop
endfacet
facet normal 0.5974907768250187 0.3783590433442294 -0.7070001456355401
outer loop
vertex 9.8392972946167 -1.7778247594833374 -16.200000762939453
vertex 11.041861534118652 -0.8739746809005737 -14.699999809265137
vertex 11.086502075195312 -0.9444693922996521 -14.699999809265137
endloop
endfacet
facet normal 0.5974910423646176 0.3783586589859366 -0.7070001269196539
outer loop
vertex 9.8392972946167 -1.7778247594833374 -16.200000762939453
vertex 9.755268096923828 -1.6451287269592285 -16.200000762939453
vertex 11.041861534118652 -0.8739746809005737 -14.699999809265137
endloop
endfacet
facet normal 0.0 -0.0 1.0
outer loop
vertex 9.8392972946167 -1.7778247594833374 -16.200000762939453
vertex 9.929736137390137 1.9062377214431763 -16.200000762939453
vertex 9.8392972946167 1.7778247594833374 -16.200000762939453
endloop
endfacet
facet normal 0.0 -0.0 1.0
outer loop
vertex 9.755268096923828 -1.6451287269592285 -16.200000762939453
vertex 9.8392972946167 1.7778247594833374 -16.200000762939453
vertex 9.755268096923828 1.6451287269592285 -16.200000762939453
endloop
endfacet
facet normal 0.0 -0.0 1.0
outer loop
vertex 9.8392972946167 -1.7778247594833374 -16.200000762939453
vertex 9.8392972946167 1.7778247594833374 -16.200000762939453
vertex 9.755268096923828 -1.6451287269592285 -16.200000762939453
endloop
endfacet
facet normal -0.0 -0.0 1.0
outer loop
vertex 12.99008560180664 4.975923538208008 -8.149999618530273
vertex 16.0 2.020725965499878 -8.149999618530273
vertex 13.233652114868164 4.945882320404053 -8.149999618530273
endloop
endfacet
facet normal 0.12241129211184755 0.9924794585095995 -0.0
outer loop
vertex 12.99008560180664 4.975923538208008 -19.299999237060547
vertex 12.99008560180664 4.975923538208008 -8.149999618530273
vertex 13.233652114868164 4.945882320404053 -8.149999618530273
endloop
endfacet
facet normal 0.12241129211184755 0.9924794585095995 0.0
outer loop
vertex 12.99008560180664 4.975923538208008 -19.299999237060547
vertex 13.233652114868164 4.945882320404053 -8.149999618530273
vertex 13.233652114868164 4.945882320404053 -19.299999237060547
endloop
endfacet
facet normal 0.0 -0.0 -1.0
outer loop
vertex 12.99008560180664 4.975923538208008 -19.299999237060547
vertex 13.233652114868164 4.945882320404053 -19.299999237060547
vertex 12.954864501953125 3.0664472579956055 -19.299999237060547
endloop
endfacet
facet normal -0.1709622507867606 -0.9852775795713231 -0.0
outer loop
vertex 12.954864501953125 3.0664472579956055 -16.799999237060547
vertex 12.954864501953125 3.0664472579956055 -19.299999237060547
vertex 13.104780197143555 3.0404343605041504 -16.799999237060547
endloop
endfacet
facet normal -0.0 0.0 -1.0
outer loop
vertex 13.233652114868164 4.945882320404053 -19.299999237060547
vertex 13.104780197143555 3.0404343605041504 -19.299999237060547
vertex 12.954864501953125 3.0664472579956055 -19.299999237060547
endloop
endfacet
facet normal -0.1709622507867606 -0.9852775795713231 0.0
outer loop
vertex 13.104780197143555 3.0404343605041504 -16.799999237060547
vertex 12.954864501953125 3.0664472579956055 -19.299999237060547
vertex 13.104780197143555 3.0404343605041504 -19.299999237060547
endloop
endfacet
facet normal 0.0 0.0 -1.0
outer loop
vertex 12.803853034973145 -3.0850727558135986 -16.799999237060547
vertex 12.803853034973145 3.0850727558135986 -16.799999237060547
vertex 12.954864501953125 3.0664472579956055 -16.799999237060547
endloop
endfacet
facet normal 0.0 0.0 -1.0
outer loop
vertex 12.65211009979248 -3.096266031265259 -16.799999237060547
vertex 12.65211009979248 3.096266031265259 -16.799999237060547
vertex 12.803853034973145 3.0850727558135986 -16.799999237060547
endloop
endfacet
facet normal 0.0 0.0 -1.0
outer loop
vertex 12.65211009979248 -3.096266031265259 -16.799999237060547
vertex 12.803853034973145 3.0850727558135986 -16.799999237060547
vertex 12.803853034973145 -3.0850727558135986 -16.799999237060547
endloop
endfacet
facet normal -0.07356485187010879 0.997290435414543 0.0
outer loop
vertex 12.65211009979248 -3.096266031265259 -16.799999237060547
vertex 12.803853034973145 -3.0850727558135986 -16.799999237060547
vertex 12.803853034973145 -3.0850727558135986 -19.299999237060547
endloop
endfacet
facet normal 0.07356414367639032 -0.9972904876540032 0.0
outer loop
vertex 12.99008560180664 -4.975923538208008 -19.299999237060547
vertex 12.99008560180664 -4.975923538208008 -8.149999618530273
vertex 12.745338439941406 -4.993977069854736 -8.149999618530273
endloop
endfacet
facet normal -0.07356485187010879 0.997290435414543 0.0
outer loop
vertex 12.65211009979248 -3.096266031265259 -16.799999237060547
vertex 12.803853034973145 -3.0850727558135986 -19.299999237060547
vertex 12.65211009979248 -3.096266031265259 -19.299999237060547
endloop
endfacet
facet normal -0.12241073892832852 0.9924795267384716 0.0
outer loop
vertex 12.803853034973145 -3.0850727558135986 -16.799999237060547
vertex 12.954864501953125 -3.0664472579956055 -19.299999237060547
vertex 12.803853034973145 -3.0850727558135986 -19.299999237060547
endloop
endfacet
facet normal 0.07356414367639032 -0.9972904876540032 0.0
outer loop
vertex 12.745338439941406 -4.993977069854736 -19.299999237060547
vertex 12.99008560180664 -4.975923538208008 -19.299999237060547
vertex 12.745338439941406 -4.993977069854736 -8.149999618530273
endloop
endfacet
facet normal 0.0 0.0 -1.0
outer loop
vertex 12.745338439941406 -4.993977069854736 -19.299999237060547
vertex 12.65211009979248 -3.096266031265259 -19.299999237060547
vertex 12.803853034973145 -3.0850727558135986 -19.299999237060547
endloop
endfacet
facet normal 0.0 0.0 -1.0
outer loop
vertex 12.99008560180664 -4.975923538208008 -19.299999237060547
vertex 12.803853034973145 -3.0850727558135986 -19.299999237060547
vertex 12.954864501953125 -3.0664472579956055 -19.299999237060547
endloop
endfacet
facet normal 0.0 0.0 -1.0
outer loop
vertex 12.745338439941406 -4.993977069854736 -19.299999237060547
vertex 12.803853034973145 -3.0850727558135986 -19.299999237060547
vertex 12.99008560180664 -4.975923538208008 -19.299999237060547
endloop
endfacet
facet normal -0.12241073892832852 -0.9924795267384716 -0.0
outer loop
vertex 12.803853034973145 3.0850727558135986 -16.799999237060547
vertex 12.803853034973145 3.0850727558135986 -19.299999237060547
vertex 12.954864501953125 3.0664472579956055 -16.799999237060547
endloop
endfacet
facet normal -0.0 0.0 -1.0
outer loop
vertex 12.99008560180664 4.975923538208008 -19.299999237060547
vertex 12.954864501953125 3.0664472579956055 -19.299999237060547
vertex 12.803853034973145 3.0850727558135986 -19.299999237060547
endloop
endfacet
facet normal -0.12241073892832852 -0.9924795267384716 0.0
outer loop
vertex 12.954864501953125 3.0664472579956055 -16.799999237060547
vertex 12.803853034973145 3.0850727558135986 -19.299999237060547
vertex 12.954864501953125 3.0664472579956055 -19.299999237060547
endloop
endfacet
facet normal -0.0 0.0 1.0
outer loop
vertex 9.0 2.020725965499878 -10.350000381469727
vertex 11.185882568359375 1.0784685611724854 -10.350000381469727
vertex 11.358349800109863 1.2596169710159302 -10.350000381469727
endloop
endfacet
facet normal -0.0 0.0 1.0
outer loop
vertex 9.0 2.020725965499878 -10.350000381469727
vertex 11.134547233581543 1.0126888751983643 -10.350000381469727
vertex 11.185882568359375 1.0784685611724854 -10.350000381469727
endloop
endfacet
facet normal 0.7883443118244675 -0.6152343017209027 0.0
outer loop
vertex 11.185882568359375 1.0784685611724854 -14.699999809265137
vertex 11.185882568359375 1.0784685611724854 -10.350000381469727
vertex 11.134547233581543 1.0126888751983643 -10.350000381469727
endloop
endfacet
facet normal 0.8448527252520401 -0.5349989463860662 0.0
outer loop
vertex 11.134547233581543 1.0126888751983643 -14.699999809265137
vertex 11.134547233581543 1.0126888751983643 -10.350000381469727
vertex 11.000733375549316 0.8013744354248047 -10.350000381469727
endloop
endfacet
facet normal 0.7883443118244675 -0.6152343017209027 0.0
outer loop
vertex 11.134547233581543 1.0126888751983643 -14.699999809265137
vertex 11.185882568359375 1.0784685611724854 -14.699999809265137
vertex 11.134547233581543 1.0126888751983643 -10.350000381469727
endloop
endfacet
facet normal 0.5575278037115394 -0.43510205358446474 -0.7069999653855501
outer loop
vertex 9.929736137390137 1.9062377214431763 -16.200000762939453
vertex 11.185882568359375 1.0784685611724854 -14.699999809265137
vertex 11.134547233581543 1.0126888751983643 -14.699999809265137
endloop
endfacet
facet normal 0.5974910313958883 -0.3783586520400355 -0.7070001399065807
outer loop
vertex 9.755268096923828 1.6451287269592285 -16.200000762939453
vertex 9.8392972946167 1.7778247594833374 -16.200000762939453
vertex 11.086502075195312 0.9444693922996521 -14.699999809265137
endloop
endfacet
facet normal 0.5782065607219095 -0.40722004568396475 -0.7070000053262308
outer loop
vertex 9.8392972946167 1.7778247594833374 -16.200000762939453
vertex 9.929736137390137 1.9062377214431763 -16.200000762939453
vertex 11.134547233581543 1.0126888751983643 -14.699999809265137
endloop
endfacet
facet normal 0.5782086117654281 -0.4072168704913603 -0.7070001567662619
outer loop
vertex 9.8392972946167 1.7778247594833374 -16.200000762939453
vertex 11.134547233581543 1.0126888751983643 -14.699999809265137
vertex 11.086502075195312 0.9444693922996521 -14.699999809265137
endloop
endfacet
facet normal 0.724247865072886 -0.6895397232483178 0.0
outer loop
vertex 11.358349800109863 1.2596169710159302 -14.699999809265137
vertex 11.358349800109863 1.2596169710159302 -10.350000381469727
vertex 11.185882568359375 1.0784685611724854 -10.350000381469727
endloop
endfacet
facet normal 0.7071064344428923 -0.7071057198886591 -0.0014111237368189962
outer loop
vertex 11.24038314819336 1.1416501998901367 -14.699999809265137
vertex 11.358349800109863 1.2596169710159302 -14.699999809265137
vertex 11.185882568359375 1.0784685611724854 -10.350000381469727
endloop
endfacet
facet normal 0.49965918506175944 -0.49965868013977255 -0.707588794529986
outer loop
vertex 10.237257957458496 2.262741804122925 -16.200000762939453
vertex 11.358349800109863 1.2596169710159302 -14.699999809265137
vertex 11.24038314819336 1.1416501998901367 -14.699999809265137
endloop
endfacet
facet normal 0.5121990590068941 -0.4876505625598936 -0.7070000373320157
outer loop
vertex 10.12895679473877 2.148988723754883 -16.200000762939453
vertex 10.237257957458496 2.262741804122925 -16.200000762939453
vertex 11.24038314819336 1.1416501998901367 -14.699999809265137
endloop
endfacet
facet normal 0.0 -0.0 1.0
outer loop
vertex 10.237257957458496 -2.262741804122925 -16.200000762939453
vertex 10.351011276245117 2.3710436820983887 -16.200000762939453
vertex 10.237257957458496 2.262741804122925 -16.200000762939453
endloop
endfacet
facet normal 0.0 -0.0 1.0
outer loop
vertex 10.12895679473877 -2.148988723754883 -16.200000762939453
vertex 10.237257957458496 2.262741804122925 -16.200000762939453
vertex 10.12895679473877 2.148988723754883 -16.200000762939453
endloop
endfacet
facet normal -0.0 0.0 1.0
outer loop
vertex 10.237257957458496 -2.262741804122925 -16.200000762939453
vertex 10.351011276245117 -2.3710436820983887 -16.200000762939453
vertex 10.351011276245117 2.3710436820983887 -16.200000762939453
endloop
endfacet
facet normal -0.0 0.0 1.0
outer loop
vertex 10.12895679473877 -2.148988723754883 -16.200000762939453
vertex 10.237257957458496 -2.262741804122925 -16.200000762939453
vertex 10.237257957458496 2.262741804122925 -16.200000762939453
endloop
endfacet
facet normal 0.4876516860826311 0.5121979299043935 -0.707000080383603
outer loop
vertex 10.237257957458496 -2.262741804122925 -16.200000762939453
vertex 11.297918319702148 -1.202081561088562 -14.699999809265137
vertex 10.351011276245117 -2.3710436820983887 -16.200000762939453
endloop
endfacet
facet normal 0.5121990412816402 0.48765054568416943 -0.7070000618133641
outer loop
vertex 10.12895679473877 -2.148988723754883 -16.200000762939453
vertex 11.297918319702148 -1.202081561088562 -14.699999809265137
vertex 10.237257957458496 -2.262741804122925 -16.200000762939453
endloop
endfacet
facet normal 0.5758087471493011 -0.817584421761051 0.0
outer loop
vertex 11.626025199890137 1.4581385850906372 -14.699999809265137
vertex 11.626025199890137 1.4581385850906372 -10.350000381469727
vertex 11.421531677246094 1.3141177892684937 -10.350000381469727
endloop
endfacet
facet normal 0.3925801468990607 -0.5875364662787987 -0.7075886722194852
outer loop
vertex 10.722175598144531 2.660702705383301 -16.200000762939453
vertex 11.626025199890137 1.4581385850906372 -14.699999809265137
vertex 11.487311363220215 1.365452766418457 -14.699999809265137
endloop
endfacet
facet normal 0.40721879749265866 -0.5782073862517985 -0.7070000491177469
outer loop
vertex 10.593762397766113 2.5702641010284424 -16.200000762939453
vertex 10.722175598144531 2.660702705383301 -16.200000762939453
vertex 11.487311363220215 1.365452766418457 -14.699999809265137
endloop
endfacet
facet normal 0.5555704930729805 -0.8314682411915154 -0.0014110692871445367
outer loop
vertex 11.487311363220215 1.365452766418457 -14.699999809265137
vertex 11.626025199890137 1.4581385850906372 -14.699999809265137
vertex 11.421531677246094 1.3141177892684937 -10.350000381469727
endloop
endfacet
facet normal 0.4619332095070063 -0.5355077099370915 -0.7070001432478554
outer loop
vertex 10.351011276245117 2.3710436820983887 -16.200000762939453
vertex 10.469941139221191 2.4736335277557373 -16.200000762939453
vertex 11.421531677246094 1.3141177892684937 -14.699999809265137
endloop
endfacet
facet normal 0.4350987088415824 -0.5575302711699115 -0.7070000780011222
outer loop
vertex 10.469941139221191 2.4736335277557373 -16.200000762939453
vertex 10.593762397766113 2.5702641010284424 -16.200000762939453
vertex 11.487311363220215 1.365452766418457 -14.699999809265137
endloop
endfacet
facet normal 0.6152316379977133 -0.7883463906219464 0.0
outer loop
vertex 11.421531677246094 1.3141177892684937 -14.699999809265137
vertex 11.487311363220215 1.365452766418457 -14.699999809265137
vertex 11.421531677246094 1.3141177892684937 -10.350000381469727
endloop
endfacet
facet normal 0.4351000569651443 -0.557529129327952 -0.7070001487833959
outer loop
vertex 10.469941139221191 2.4736335277557373 -16.200000762939453
vertex 11.487311363220215 1.365452766418457 -14.699999809265137
vertex 11.421531677246094 1.3141177892684937 -14.699999809265137
endloop
endfacet
facet normal -0.0 -0.0 1.0
outer loop
vertex 12.583415031433105 1.6979522705078125 -10.350000381469727
vertex 12.749442100524902 1.6816000938415527 -10.350000381469727
vertex 12.5 4.041451930999756 -10.350000381469727
endloop
endfacet
facet normal -0.2667107027046983 -0.9637725051904171 -0.0028212234497171185
outer loop
vertex 12.913065910339355 1.6490530967712402 -14.699999809265137
vertex 12.993483543395996 1.6267986297607422 -14.699999809265137
vertex 12.749442100524902 1.6816000938415527 -10.350000381469727
endloop
endfacet
facet normal -0.09801677010495936 -0.9951847631360677 0.0
outer loop
vertex 12.749442100524902 1.6816000938415527 -14.699999809265137
vertex 12.749442100524902 1.6816000938415527 -10.350000381469727
vertex 12.583415031433105 1.6979522705078125 -10.350000381469727
endloop
endfacet
facet normal -0.19509146195825744 -0.9807850536539541 0.0
outer loop
vertex 12.749442100524902 1.6816000938415527 -14.699999809265137
vertex 12.913065910339355 1.6490530967712402 -14.699999809265137
vertex 12.749442100524902 1.6816000938415527 -10.350000381469727
endloop
endfacet
facet normal -0.12090689904073176 -0.6968016228560785 -0.7070000142499926
outer loop
vertex 12.749442100524902 1.6816000938415527 -14.699999809265137
vertex 12.969537734985352 3.1653647422790527 -16.200000762939453
vertex 13.124288558959961 3.1385128498077393 -16.200000762939453
endloop
endfacet
facet normal -0.13785641596850715 -0.6930467944370812 -0.7075886865240316
outer loop
vertex 12.749442100524902 1.6816000938415527 -14.699999809265137
vertex 13.124288558959961 3.1385128498077393 -16.200000762939453
vertex 12.913065910339355 1.6490530967712402 -14.699999809265137
endloop
endfacet
facet normal 0.024541120947340213 -0.9996988213370307 0.0
outer loop
vertex 12.583415031433105 1.6979522705078125 -14.699999809265137
vertex 12.583415031433105 1.6979522705078125 -10.350000381469727
vertex 12.33337116241455 1.6918140649795532 -10.350000381469727
endloop
endfacet
facet normal -0.07356440175968285 -0.9972904686167116 0.0
outer loop
vertex 12.583415031433105 1.6979522705078125 -14.699999809265137
vertex 12.66662883758545 1.6918140649795532 -14.699999809265137
vertex 12.583415031433105 1.6979522705078125 -10.350000381469727
endloop
endfacet
facet normal -0.01735574453864112 -0.7070004834094213 -0.7070000668955795
outer loop
vertex 12.583415031433105 1.6979522705078125 -14.699999809265137
vertex 12.5 3.200000047683716 -16.200000762939453
vertex 12.65701675415039 3.196145534515381 -16.200000762939453
endloop
endfacet
facet normal -0.05202573611757053 -0.7052972567127824 -0.7070000724574563
outer loop
vertex 12.583415031433105 1.6979522705078125 -14.699999809265137
vertex 12.65701675415039 3.196145534515381 -16.200000762939453
vertex 12.66662883758545 1.6918140649795532 -14.699999809265137
endloop
endfacet
facet normal 0.0 -0.0 1.0
outer loop
vertex 12.006516456604004 1.6267986297607422 -16.200000762939453
vertex 12.186345100402832 3.184591054916382 -16.200000762939453
vertex 12.030462265014648 3.1653647422790527 -16.200000762939453
endloop
endfacet
facet normal 0.0 -0.0 1.0
outer loop
vertex 11.849437713623047 1.5705952644348145 -16.200000762939453
vertex 12.030462265014648 3.1653647422790527 -16.200000762939453
vertex 11.875711441040039 3.1385128498077393 -16.200000762939453
endloop
endfacet
facet normal 0.0 -0.0 1.0
outer loop
vertex 12.006516456604004 1.6267986297607422 -16.200000762939453
vertex 12.250557899475098 1.6816000938415527 -16.200000762939453
vertex 12.186345100402832 3.184591054916382 -16.200000762939453
endloop
endfacet
facet normal 0.0 0.0 0.9999999999999999
outer loop
vertex 11.849437713623047 1.5705952644348145 -16.200000762939453
vertex 12.006516456604004 1.6267986297607422 -16.200000762939453
vertex 12.030462265014648 3.1653647422790527 -16.200000762939453
endloop
endfacet
facet normal 0.2191017178292888 -0.975702022773477 0.0
outer loop
vertex 12.006516456604004 1.6267986297607422 -16.200000762939453
vertex 12.250557899475098 1.6816000938415527 -16.299999237060547
vertex 12.250557899475098 1.6816000938415527 -16.200000762939453
endloop
endfacet
facet normal 0.3368882188175831 -0.9415446500415773 0.0
outer loop
vertex 11.849437713623047 1.5705952644348145 -16.200000762939453
vertex 12.006516456604004 1.6267986297607422 -16.299999237060547
vertex 12.006516456604004 1.6267986297607422 -16.200000762939453
endloop
endfacet
facet normal 0.2191017178292888 -0.975702022773477 0.0
outer loop
vertex 12.006516456604004 1.6267986297607422 -16.299999237060547
vertex 12.250557899475098 1.6816000938415527 -16.299999237060547
vertex 12.006516456604004 1.6267986297607422 -16.200000762939453
endloop
endfacet
facet normal 0.3368882188175831 -0.9415446500415773 0.0
outer loop
vertex 11.849437713623047 1.5705952644348145 -16.299999237060547
vertex 12.006516456604004 1.6267986297607422 -16.299999237060547
vertex 11.849437713623047 1.5705952644348145 -16.200000762939453
endloop
endfacet
facet normal 0.0 -0.0 1.0
outer loop
vertex 12.006516456604004 -1.6267986297607422 -16.299999237060547
vertex 12.250557899475098 1.6816000938415527 -16.299999237060547
vertex 12.006516456604004 1.6267986297607422 -16.299999237060547
endloop
endfacet
facet normal 0.0 -0.0 1.0
outer loop
vertex 11.849437713623047 -1.5705952644348145 -16.299999237060547
vertex 12.006516456604004 1.6267986297607422 -16.299999237060547
vertex 11.849437713623047 1.5705952644348145 -16.299999237060547
endloop
endfacet
facet normal -0.0 0.0 1.0
outer loop
vertex 11.849437713623047 -1.5705952644348145 -16.299999237060547
vertex 12.006516456604004 -1.6267986297607422 -16.299999237060547
vertex 12.006516456604004 1.6267986297607422 -16.299999237060547
endloop
endfacet
facet normal 0.3368882188175831 0.9415446500415773 0.0
outer loop
vertex 11.849437713623047 -1.5705952644348145 -16.299999237060547
vertex 12.006516456604004 -1.6267986297607422 -16.200000762939453
vertex 12.006516456604004 -1.6267986297607422 -16.299999237060547
endloop
endfacet
facet normal 0.3368882188175831 0.9415446500415773 -0.0
outer loop
vertex 11.849437713623047 -1.5705952644348145 -16.299999237060547
vertex 11.849437713623047 -1.5705952644348145 -16.200000762939453
vertex 12.006516456604004 -1.6267986297607422 -16.200000762939453
endloop
endfacet
facet normal 0.13785641596850715 0.6930467944370812 -0.7075886865240316
outer loop
vertex 11.875711441040039 -3.1385128498077393 -16.200000762939453
vertex 12.086934089660645 -1.6490530967712402 -14.699999809265137
vertex 12.250557899475098 -1.6816000938415527 -14.699999809265137
endloop
endfacet
facet normal 0.0 -0.0 1.0
outer loop
vertex 11.875711441040039 -3.1385128498077393 -16.200000762939453
vertex 12.006516456604004 -1.6267986297607422 -16.200000762939453
vertex 11.849437713623047 -1.5705952644348145 -16.200000762939453
endloop
endfacet
facet normal 0.12090689904073176 0.6968016228560785 -0.7070000142499926
outer loop
vertex 11.875711441040039 -3.1385128498077393 -16.200000762939453
vertex 12.250557899475098 -1.6816000938415527 -14.699999809265137
vertex 12.030462265014648 -3.1653647422790527 -16.200000762939453
endloop
endfacet
facet normal -0.0 -0.0 1.0
outer loop
vertex 11.875711441040039 -3.1385128498077393 -16.200000762939453
vertex 12.030462265014648 -3.1653647422790527 -16.200000762939453
vertex 12.006516456604004 -1.6267986297607422 -16.200000762939453
endloop
endfacet
facet normal 0.0 -0.7066245052577207 -0.7075887284074567
outer loop
vertex 12.416584968566895 1.6979522705078125 -14.699999809265137
vertex 12.5 3.200000047683716 -16.200000762939453
vertex 12.583415031433105 1.6979522705078125 -14.699999809265137
endloop
endfacet
facet normal 0.0 -0.9999990044253996 -0.0014110805114125303
outer loop
vertex 12.416584968566895 1.6979522705078125 -14.699999809265137
vertex 12.583415031433105 1.6979522705078125 -14.699999809265137
vertex 12.33337116241455 1.6918140649795532 -10.350000381469727
endloop
endfacet
facet normal 0.01735574453864112 -0.7070004834094213 -0.7070000668955795
outer loop
vertex 12.34298324584961 3.196145534515381 -16.200000762939453
vertex 12.5 3.200000047683716 -16.200000762939453
vertex 12.416584968566895 1.6979522705078125 -14.699999809265137
endloop
endfacet
facet normal 0.07356440175968285 -0.9972904686167116 0.0
outer loop
vertex 12.33337116241455 1.6918140649795532 -14.699999809265137
vertex 12.416584968566895 1.6979522705078125 -14.699999809265137
vertex 12.33337116241455 1.6918140649795532 -10.350000381469727
endloop
endfacet
facet normal 0.08657047749974611 -0.7018949368049008 -0.707000035440671
outer loop
vertex 12.33337116241455 1.6918140649795532 -14.699999809265137
vertex 12.030462265014648 3.1653647422790527 -16.200000762939453
vertex 12.186345100402832 3.184591054916382 -16.200000762939453
endloop
endfacet
facet normal 0.05202654923835687 -0.7052972067558674 -0.7070000624587809
outer loop
vertex 12.416584968566895 1.6979522705078125 -14.699999809265137
vertex 12.186345100402832 3.184591054916382 -16.200000762939453
vertex 12.34298324584961 3.196145534515381 -16.200000762939453
endloop
endfacet
facet normal 0.05202573925491755 -0.7052972992448522 -0.7070000297969561
outer loop
vertex 12.33337116241455 1.6918140649795532 -14.699999809265137
vertex 12.186345100402832 3.184591054916382 -16.200000762939453
vertex 12.416584968566895 1.6979522705078125 -14.699999809265137
endloop
endfacet
facet normal 0.44961219195843377 -0.8932238671477226 0.0
outer loop
vertex 11.849437713623047 1.5705952644348145 -14.699999809265137
vertex 11.849437713623047 1.5705952644348145 -10.350000381469727
vertex 11.626025199890137 1.4581385850906372 -10.350000381469727
endloop
endfacet
facet normal 0.40524162504740596 -0.9142052646284651 -0.0028212505269802524
outer loop
vertex 11.77315616607666 1.5367817878723145 -14.699999809265137
vertex 11.849437713623047 1.5705952644348145 -14.699999809265137
vertex 11.626025199890137 1.4581385850906372 -10.350000381469727
endloop
endfacet
facet normal 0.35989328125676573 -0.9329934759183681 0.0
outer loop
vertex 11.849437713623047 1.5705952644348145 -14.699999809265137
vertex 11.927287101745605 1.600624918937683 -14.699999809265137
vertex 11.849437713623047 1.5705952644348145 -10.350000381469727
endloop
endfacet
facet normal 0.28659347786274547 -0.6465408538415902 -0.7070000726734923
outer loop
vertex 11.77315616607666 1.5367817878723145 -14.699999809265137
vertex 11.131823539733887 2.892765760421753 -16.200000762939453
vertex 11.849437713623047 1.5705952644348145 -14.699999809265137
endloop
endfacet
facet normal 0.25452139999379403 -0.6598256151006014 -0.7070000103269534
outer loop
vertex 11.849437713623047 1.5705952644348145 -14.699999809265137
vertex 11.275412559509277 2.9564144611358643 -16.200000762939453
vertex 11.927287101745605 1.600624918937683 -14.699999809265137
endloop
endfacet
facet normal 0.0 -0.0 1.0
outer loop
vertex 11.358349800109863 1.2596169710159302 -16.200000762939453
vertex 11.421952247619629 3.0129411220550537 -16.200000762939453
vertex 11.275412559509277 2.9564144611358643 -16.200000762939453
endloop
endfacet
facet normal 0.286592384418787 -0.646541391922899 -0.7070000238497552
outer loop
vertex 11.849437713623047 1.5705952644348145 -14.699999809265137
vertex 11.131823539733887 2.892765760421753 -16.200000762939453
vertex 11.275412559509277 2.9564144611358643 -16.200000762939453
endloop
endfacet
facet normal 0.0 -0.0 1.0
outer loop
vertex 11.185882568359375 1.0784685611724854 -16.200000762939453
vertex 11.358349800109863 1.2596169710159302 -16.200000762939453
vertex 11.275412559509277 2.9564144611358643 -16.200000762939453
endloop
endfacet
facet normal 0.0 -0.0 1.0
outer loop
vertex 11.185882568359375 1.0784685611724854 -16.200000762939453
vertex 11.275412559509277 2.9564144611358643 -16.200000762939453
vertex 11.131823539733887 2.892765760421753 -16.200000762939453
endloop
endfacet
facet normal 0.0 -0.0 1.0
outer loop
vertex 11.134547233581543 1.0126888751983643 -16.200000762939453
vertex 11.185882568359375 1.0784685611724854 -16.200000762939453
vertex 11.131823539733887 2.892765760421753 -16.200000762939453
endloop
endfacet
facet normal 0.7883443118244675 -0.6152343017209027 0.0
outer loop
vertex 11.134547233581543 1.0126888751983643 -16.200000762939453
vertex 11.185882568359375 1.0784685611724854 -16.299999237060547
vertex 11.185882568359375 1.0784685611724854 -16.200000762939453
endloop
endfacet
facet normal 0.7883443118244675 -0.6152343017209027 0.0
outer loop
vertex 11.134547233581543 1.0126888751983643 -16.299999237060547
vertex 11.185882568359375 1.0784685611724854 -16.299999237060547
vertex 11.134547233581543 1.0126888751983643 -16.200000762939453
endloop
endfacet
facet normal 0.0 -0.0 1.0
outer loop
vertex 11.041861534118652 -0.8739746809005737 -16.299999237060547
vertex 11.185882568359375 1.0784685611724854 -16.299999237060547
vertex 11.134547233581543 1.0126888751983643 -16.299999237060547
endloop
endfacet
facet normal 0.0 -0.0 1.0
outer loop
vertex 11.185882568359375 -1.0784685611724854 -16.299999237060547
vertex 11.185882568359375 1.0784685611724854 -16.299999237060547
vertex 11.041861534118652 -0.8739746809005737 -16.299999237060547
endloop
endfacet
facet normal 0.0 -0.0 0.9999999999999999
outer loop
vertex 11.275412559509277 -2.9564144611358643 -16.200000762939453
vertex 11.421531677246094 -1.3141177892684937 -16.200000762939453
vertex 11.358349800109863 -1.2596169710159302 -16.200000762939453
endloop
endfacet
facet normal 0.8175844470797772 0.5758087111995225 0.0
outer loop
vertex 11.185882568359375 -1.0784685611724854 -16.299999237060547
vertex 11.041861534118652 -0.8739746809005737 -16.299999237060547
vertex 11.185882568359375 -1.0784685611724854 -16.200000762939453
endloop
endfacet
facet normal 0.0 -0.0 1.0
outer loop
vertex 11.275412559509277 -2.9564144611358643 -16.200000762939453
vertex 11.358349800109863 -1.2596169710159302 -16.200000762939453
vertex 11.185882568359375 -1.0784685611724854 -16.200000762939453
endloop
endfacet
facet normal 0.7242478650728859 0.6895397232483177 -0.0
outer loop
vertex 11.185882568359375 -1.0784685611724854 -16.299999237060547
vertex 11.185882568359375 -1.0784685611724854 -16.200000762939453
vertex 11.358349800109863 -1.2596169710159302 -16.200000762939453
endloop
endfacet
facet normal 0.0 -0.0 0.9999999999999999
outer loop
vertex 11.626025199890137 1.4581385850906372 -16.200000762939453
vertex 11.875711441040039 3.1385128498077393 -16.200000762939453
vertex 11.722463607788086 3.104099988937378 -16.200000762939453
endloop
endfacet
facet normal 0.0 -0.0 1.0
outer loop
vertex 11.626025199890137 1.4581385850906372 -16.200000762939453
vertex 11.722463607788086 3.104099988937378 -16.200000762939453
vertex 11.571088790893555 3.062209129333496 -16.200000762939453
endloop
endfacet
facet normal 0.0 0.0 1.0
outer loop
vertex 11.626025199890137 1.4581385850906372 -16.200000762939453
vertex 11.849437713623047 1.5705952644348145 -16.200000762939453
vertex 11.875711441040039 3.1385128498077393 -16.200000762939453
endloop
endfacet
facet normal 0.0 -0.0 1.0
outer loop
vertex 11.421531677246094 1.3141177892684937 -16.200000762939453
vertex 11.626025199890137 1.4581385850906372 -16.200000762939453
vertex 11.571088790893555 3.062209129333496 -16.200000762939453
endloop
endfacet
facet normal 0.44961219195843377 -0.8932238671477226 0.0
outer loop
vertex 11.626025199890137 1.4581385850906372 -16.200000762939453
vertex 11.849437713623047 1.5705952644348145 -16.299999237060547
vertex 11.849437713623047 1.5705952644348145 -16.200000762939453
endloop
endfacet
facet normal 0.5758087471493012 -0.8175844217610511 0.0
outer loop
vertex 11.421531677246094 1.3141177892684937 -16.200000762939453
vertex 11.626025199890137 1.4581385850906372 -16.299999237060547
vertex 11.626025199890137 1.4581385850906372 -16.200000762939453
endloop
endfacet
facet normal 0.44961219195843377 -0.8932238671477226 0.0
outer loop
vertex 11.626025199890137 1.4581385850906372 -16.299999237060547
vertex 11.849437713623047 1.5705952644348145 -16.299999237060547
vertex 11.626025199890137 1.4581385850906372 -16.200000762939453
endloop
endfacet
facet normal 0.5758087471493012 -0.8175844217610511 0.0
outer loop
vertex 11.421531677246094 1.3141177892684937 -16.299999237060547
vertex 11.626025199890137 1.4581385850906372 -16.299999237060547
vertex 11.421531677246094 1.3141177892684937 -16.200000762939453
endloop
endfacet
facet normal -0.0 0.0 1.0
outer loop
vertex 11.626025199890137 -1.4581385850906372 -16.299999237060547
vertex 11.849437713623047 -1.5705952644348145 -16.299999237060547
vertex 11.849437713623047 1.5705952644348145 -16.299999237060547
endloop
endfacet
facet normal 0.0 -0.0 1.0
outer loop
vertex 11.626025199890137 -1.4581385850906372 -16.299999237060547
vertex 11.849437713623047 1.5705952644348145 -16.299999237060547
vertex 11.626025199890137 1.4581385850906372 -16.299999237060547
endloop
endfacet
facet normal 0.0 -0.0 1.0
outer loop
vertex 11.421531677246094 -1.3141177892684937 -16.299999237060547
vertex 11.626025199890137 1.4581385850906372 -16.299999237060547
vertex 11.421531677246094 1.3141177892684937 -16.299999237060547
endloop
endfacet
facet normal 0.44961219195843377 0.8932238671477226 0.0
outer loop
vertex 11.626025199890137 -1.4581385850906372 -16.299999237060547
vertex 11.849437713623047 -1.5705952644348145 -16.200000762939453
vertex 11.849437713623047 -1.5705952644348145 -16.299999237060547
endloop
endfacet
facet normal -0.0 0.0 1.0
outer loop
vertex 11.421531677246094 -1.3141177892684937 -16.299999237060547
vertex 11.626025199890137 -1.4581385850906372 -16.299999237060547
vertex 11.626025199890137 1.4581385850906372 -16.299999237060547
endloop
endfacet
facet normal 0.5758087471493012 0.8175844217610511 -0.0
outer loop
vertex 11.421531677246094 -1.3141177892684937 -16.299999237060547
vertex 11.421531677246094 -1.3141177892684937 -16.200000762939453
vertex 11.626025199890137 -1.4581385850906372 -16.200000762939453
endloop
endfacet
facet normal 0.44961219195843377 0.8932238671477226 -0.0
outer loop
vertex 11.626025199890137 -1.4581385850906372 -16.299999237060547
vertex 11.626025199890137 -1.4581385850906372 -16.200000762939453
vertex 11.849437713623047 -1.5705952644348145 -16.200000762939453
endloop
endfacet
facet normal 0.5758087471493012 0.8175844217610511 0.0
outer loop
vertex 11.421531677246094 -1.3141177892684937 -16.299999237060547
vertex 11.626025199890137 -1.4581385850906372 -16.200000762939453
vertex 11.626025199890137 -1.4581385850906372 -16.299999237060547
endloop
endfacet
facet normal 0.1709613587234413 -0.9852736949294195 -0.0028213301054595043
outer loop
vertex 12.168346405029297 1.667335033416748 -14.699999809265137
vertex 12.250557899475098 1.6816000938415527 -14.699999809265137
vertex 12.006516456604004 1.6267986297607422 -10.350000381469727
endloop
endfacet
facet normal 0.15495097490570384 -0.6900298482602603 -0.7070000027480156
outer loop
vertex 12.168346405029297 1.667335033416748 -14.699999809265137
vertex 11.722463607788086 3.104099988937378 -16.200000762939453
vertex 11.875711441040039 3.1385128498077393 -16.200000762939453
endloop
endfacet
facet normal 0.12090666915289232 -0.6968016723041237 -0.7070000048292288
outer loop
vertex 12.168346405029297 1.667335033416748 -14.699999809265137
vertex 11.875711441040039 3.1385128498077393 -16.200000762939453
vertex 12.250557899475098 1.6816000938415527 -14.699999809265137
endloop
endfacet
facet normal 0.0 -0.0 1.0
outer loop
vertex 7.88060188293457 -1.9134172201156616 -8.149999618530273
vertex 7.88060188293457 1.9134172201156616 -8.149999618530273
vertex 7.7922797203063965 -1.684449315071106 -8.149999618530273
endloop
endfacet
facet normal -0.8932235819353159 0.4496127585763597 0.0
outer loop
vertex 7.980053424835205 2.137775421142578 -19.299999237060547
vertex 7.980053424835205 2.137775421142578 -8.149999618530273
vertex 8.090394020080566 2.3569836616516113 -8.149999618530273
endloop
endfacet
facet normal -0.9329934893189429 -0.3598932465168852 0.0
outer loop
vertex 7.88060188293457 -1.9134172201156616 -19.299999237060547
vertex 7.88060188293457 -1.9134172201156616 -8.149999618530273
vertex 7.7922797203063965 -1.684449315071106 -8.149999618530273
endloop
endfacet
facet normal -0.8932235819353159 0.4496127585763597 0.0
outer loop
vertex 7.980053424835205 2.137775421142578 -19.299999237060547
vertex 8.090394020080566 2.3569836616516113 -8.149999618530273
vertex 8.090394020080566 2.3569836616516113 -19.299999237060547
endloop
endfacet
facet normal -0.9142091651543214 -0.4052426462600384 0.0
outer loop
vertex 7.88060188293457 -1.9134172201156616 -19.299999237060547
vertex 7.980053424835205 -2.137775421142578 -19.299999237060547
vertex 7.88060188293457 -1.9134172201156616 -8.149999618530273
endloop
endfacet
facet normal 0.0 0.0 -1.0
outer loop
vertex 7.980053424835205 -2.137775421142578 -19.299999237060547
vertex 7.980053424835205 2.137775421142578 -19.299999237060547
vertex 8.090394020080566 2.3569836616516113 -19.299999237060547
endloop
endfacet
facet normal 0.0 0.0 -1.0
outer loop
vertex 7.88060188293457 -1.9134172201156616 -19.299999237060547
vertex 7.980053424835205 2.137775421142578 -19.299999237060547
vertex 7.980053424835205 -2.137775421142578 -19.299999237060547
endloop
endfacet
facet normal -0.870087323662459 0.4928976051898601 0.0
outer loop
vertex 8.090394020080566 2.3569836616516113 -19.299999237060547
vertex 8.090394020080566 2.3569836616516113 -8.149999618530273
vertex 8.211357116699219 2.5705137252807617 -8.149999618530273
endloop
endfacet
facet normal -0.0 0.0 1.0
outer loop
vertex 7.88060188293457 -1.9134172201156616 -8.149999618530273
vertex 7.980053424835205 -2.137775421142578 -8.149999618530273
vertex 7.980053424835205 2.137775421142578 -8.149999618530273
endloop
endfacet
facet normal -0.870087323662459 0.4928976051898601 0.0
outer loop
vertex 8.090394020080566 2.3569836616516113 -19.299999237060547
vertex 8.211357116699219 2.5705137252807617 -8.149999618530273
vertex 8.211357116699219 2.5705137252807617 -19.299999237060547
endloop
endfacet
facet normal -0.9142091651543214 -0.4052426462600384 0.0
outer loop
vertex 7.980053424835205 -2.137775421142578 -19.299999237060547
vertex 7.980053424835205 -2.137775421142578 -8.149999618530273
vertex 7.88060188293457 -1.9134172201156616 -8.149999618530273
endloop
endfacet
facet normal 0.0 0.0 -1.0
outer loop
vertex 8.090394020080566 -2.3569836616516113 -19.299999237060547
vertex 8.090394020080566 2.3569836616516113 -19.299999237060547
vertex 8.211357116699219 2.5705137252807617 -19.299999237060547
endloop
endfacet
facet normal -0.8932235819353159 -0.4496127585763597 -0.0
outer loop
vertex 8.090394020080566 -2.3569836616516113 -19.299999237060547
vertex 7.980053424835205 -2.137775421142578 -8.149999618530273
vertex 7.980053424835205 -2.137775421142578 -19.299999237060547
endloop
endfacet
facet normal 0.0 0.0 -1.0
outer loop
vertex 8.090394020080566 -2.3569836616516113 -19.299999237060547
vertex 7.980053424835205 -2.137775421142578 -19.299999237060547
vertex 8.090394020080566 2.3569836616516113 -19.299999237060547
endloop
endfacet
facet normal 0.21910203091419828 -0.975701952467696 0.0
outer loop
vertex 11.746761322021484 3.007096767425537 -16.799999237060547
vertex 11.746761322021484 3.007096767425537 -19.299999237060547
vertex 11.895219802856445 3.0404343605041504 -16.799999237060547
endloop
endfacet
facet normal 0.0 -0.0 -1.0
outer loop
vertex 11.766347885131836 4.945882320404053 -19.299999237060547
vertex 11.895219802856445 3.0404343605041504 -19.299999237060547
vertex 11.746761322021484 3.007096767425537 -19.299999237060547
endloop
endfacet
facet normal 0.21910203091419828 -0.975701952467696 0.0
outer loop
vertex 11.895219802856445 3.0404343605041504 -16.799999237060547
vertex 11.746761322021484 3.007096767425537 -19.299999237060547
vertex 11.895219802856445 3.0404343605041504 -19.299999237060547
endloop
endfacet
facet normal -0.0 -0.0 0.9999999999999999
outer loop
vertex 11.524548530578613 4.903926372528076 -8.149999618530273
vertex 12.5 4.041451930999756 -8.149999618530273
vertex 11.766347885131836 4.945882320404053 -8.149999618530273
endloop
endfacet
facet normal -0.17096101776085287 0.9852777935212857 0.0
outer loop
vertex 11.524548530578613 4.903926372528076 -19.299999237060547
vertex 11.524548530578613 4.903926372528076 -8.149999618530273
vertex 11.766347885131836 4.945882320404053 -8.149999618530273
endloop
endfacet
facet normal -0.17096101776085287 0.9852777935212857 0.0
outer loop
vertex 11.524548530578613 4.903926372528076 -19.299999237060547
vertex 11.766347885131836 4.945882320404053 -8.149999618530273
vertex 11.766347885131836 4.945882320404053 -19.299999237060547
endloop
endfacet
facet normal 0.0 -0.0 -1.0
outer loop
vertex 11.524548530578613 4.903926372528076 -19.299999237060547
vertex 11.766347885131836 4.945882320404053 -19.299999237060547
vertex 11.600117683410645 2.966515064239502 -19.299999237060547
endloop
endfacet
facet normal 0.26671240922186523 -0.9637761621699658 0.0
outer loop
vertex 11.600117683410645 2.966515064239502 -16.799999237060547
vertex 11.600117683410645 2.966515064239502 -19.299999237060547
vertex 11.746761322021484 3.007096767425537 -16.799999237060547
endloop
endfacet
facet normal 0.0 0.0 -0.9999999999999999
outer loop
vertex 11.766347885131836 4.945882320404053 -19.299999237060547
vertex 11.746761322021484 3.007096767425537 -19.299999237060547
vertex 11.600117683410645 2.966515064239502 -19.299999237060547
endloop
endfacet
facet normal 0.26671240922186523 -0.9637761621699658 0.0
outer loop
vertex 11.746761322021484 3.007096767425537 -16.799999237060547
vertex 11.600117683410645 2.966515064239502 -19.299999237060547
vertex 11.746761322021484 3.007096767425537 -19.299999237060547
endloop
endfacet
facet normal -0.0 -0.0 1.0
outer loop
vertex 11.285099029541016 4.850156307220459 -8.149999618530273
vertex 12.5 4.041451930999756 -8.149999618530273
vertex 11.524548530578613 4.903926372528076 -8.149999618530273
endloop
endfacet
facet normal -0.21910078143584544 0.9757022330476661 0.0
outer loop
vertex 11.285099029541016 4.850156307220459 -19.299999237060547
vertex 11.285099029541016 4.850156307220459 -8.149999618530273
vertex 11.524548530578613 4.903926372528076 -8.149999618530273
endloop
endfacet
facet normal -0.21910078143584544 0.9757022330476661 0.0
outer loop
vertex 11.285099029541016 4.850156307220459 -19.299999237060547
vertex 11.524548530578613 4.903926372528076 -8.149999618530273
vertex 11.524548530578613 4.903926372528076 -19.299999237060547
endloop
endfacet
facet normal 0.0 -0.0 -0.9999999999999999
outer loop
vertex 11.285099029541016 4.850156307220459 -19.299999237060547
vertex 11.524548530578613 4.903926372528076 -19.299999237060547
vertex 11.455641746520996 2.9187865257263184 -19.299999237060547
endloop
endfacet
facet normal 0.31368254547124974 -0.9495279146326755 0.0
outer loop
vertex 11.455641746520996 2.9187865257263184 -16.799999237060547
vertex 11.455641746520996 2.9187865257263184 -19.299999237060547
vertex 11.600117683410645 2.966515064239502 -16.799999237060547
endloop
endfacet
facet normal 0.0 -0.0 -1.0
outer loop
vertex 11.524548530578613 4.903926372528076 -19.299999237060547
vertex 11.600117683410645 2.966515064239502 -19.299999237060547
vertex 11.455641746520996 2.9187865257263184 -19.299999237060547
endloop
endfacet
facet normal 0.31368254547124974 -0.9495279146326755 0.0
outer loop
vertex 11.600117683410645 2.966515064239502 -16.799999237060547
vertex 11.455641746520996 2.9187865257263184 -19.299999237060547
vertex 11.600117683410645 2.966515064239502 -19.299999237060547
endloop
endfacet
facet normal 0.3598945157946883 -0.9329929997062717 0.0
outer loop
vertex 11.313681602478027 2.8640265464782715 -16.799999237060547
vertex 11.313681602478027 2.8640265464782715 -19.299999237060547
vertex 11.455641746520996 2.9187865257263184 -16.799999237060547
endloop
endfacet
facet normal 0.0 -0.0 -1.0
outer loop
vertex 11.285099029541016 4.850156307220459 -19.299999237060547
vertex 11.455641746520996 2.9187865257263184 -19.299999237060547
vertex 11.313681602478027 2.8640265464782715 -19.299999237060547
endloop
endfacet
facet normal 0.3598945157946883 -0.9329929997062717 0.0
outer loop
vertex 11.455641746520996 2.9187865257263184 -16.799999237060547
vertex 11.313681602478027 2.8640265464782715 -19.299999237060547
vertex 11.455641746520996 2.9187865257263184 -19.299999237060547
endloop
endfacet
facet normal 0.0 -0.0 -0.9999999999999999
outer loop
vertex 11.285099029541016 4.850156307220459 -19.299999237060547
vertex 11.313681602478027 2.8640265464782715 -19.299999237060547
vertex 11.174579620361328 2.8023667335510254 -19.299999237060547
endloop
endfacet
facet normal -0.2667121660750098 0.9637762294576352 0.0
outer loop
vertex 11.048576354980469 4.784701824188232 -19.299999237060547
vertex 11.285099029541016 4.850156307220459 -8.149999618530273
vertex 11.285099029541016 4.850156307220459 -19.299999237060547
endloop
endfacet
facet normal 0.4052421101123318 -0.9142094028130014 0.0
outer loop
vertex 11.313681602478027 2.8640265464782715 -16.799999237060547
vertex 11.174579620361328 2.8023667335510254 -19.299999237060547
vertex 11.313681602478027 2.8640265464782715 -19.299999237060547
endloop
endfacet
facet normal 0.0 -0.0 -1.0
outer loop
vertex 11.048576354980469 4.784701824188232 -19.299999237060547
vertex 11.285099029541016 4.850156307220459 -19.299999237060547
vertex 11.174579620361328 2.8023667335510254 -19.299999237060547
endloop
endfacet
facet normal 0.4052421101123318 -0.9142094028130014 0.0
outer loop
vertex 11.174579620361328 2.8023667335510254 -16.799999237060547
vertex 11.174579620361328 2.8023667335510254 -19.299999237060547
vertex 11.313681602478027 2.8640265464782715 -16.799999237060547
endloop
endfacet
facet normal 0.4496112838674563 -0.8932243242428285 0.0
outer loop
vertex 11.038670539855957 2.7339558601379395 -16.799999237060547
vertex 11.038670539855957 2.7339558601379395 -19.299999237060547
vertex 11.174579620361328 2.8023667335510254 -16.799999237060547
endloop
endfacet
facet normal 0.0 -0.0 -1.0
outer loop
vertex 11.048576354980469 4.784701824188232 -19.299999237060547
vertex 11.174579620361328 2.8023667335510254 -19.299999237060547
vertex 11.038670539855957 2.7339558601379395 -19.299999237060547
endloop
endfacet
facet normal 0.4496112838674563 -0.8932243242428285 0.0
outer loop
vertex 11.174579620361328 2.8023667335510254 -16.799999237060547
vertex 11.038670539855957 2.7339558601379395 -19.299999237060547
vertex 11.174579620361328 2.8023667335510254 -19.299999237060547
endloop
endfacet
facet normal -0.0 -0.0 1.0
outer loop
vertex 11.048576354980469 4.784701824188232 -8.149999618530273
vertex 12.5 4.041451930999756 -8.149999618530273
vertex 11.285099029541016 4.850156307220459 -8.149999618530273
endloop
endfacet
facet normal -0.2667121660750098 0.9637762294576352 0.0
outer loop
vertex 11.048576354980469 4.784701824188232 -19.299999237060547
vertex 11.048576354980469 4.784701824188232 -8.149999618530273
vertex 11.285099029541016 4.850156307220459 -8.149999618530273
endloop
endfacet
facet normal -0.3136828451774607 0.9495278156227827 0.0
outer loop
vertex 10.815550804138184 4.7077202796936035 -19.299999237060547
vertex 10.815550804138184 4.7077202796936035 -8.149999618530273
vertex 11.048576354980469 4.784701824188232 -8.149999618530273
endloop
endfacet
facet normal -0.3136828451774607 0.9495278156227827 0.0
outer loop
vertex 10.815550804138184 4.7077202796936035 -19.299999237060547
vertex 11.048576354980469 4.784701824188232 -8.149999618530273
vertex 11.048576354980469 4.784701824188232 -19.299999237060547
endloop
endfacet
facet normal 0.0 -0.0 -1.0
outer loop
vertex 10.815550804138184 4.7077202796936035 -19.299999237060547
vertex 11.048576354980469 4.784701824188232 -19.299999237060547
vertex 10.906281471252441 2.658958673477173 -19.299999237060547
endloop
endfacet
facet normal 0.49289672773628657 -0.8700878207324023 0.0
outer loop
vertex 10.906281471252441 2.658958673477173 -16.799999237060547
vertex 10.906281471252441 2.658958673477173 -19.299999237060547
vertex 11.038670539855957 2.7339558601379395 -16.799999237060547
endloop
endfacet
facet normal 0.0 0.0 -1.0
outer loop
vertex 11.048576354980469 4.784701824188232 -19.299999237060547
vertex 11.038670539855957 2.7339558601379395 -19.299999237060547
vertex 10.906281471252441 2.658958673477173 -19.299999237060547
endloop
endfacet
facet normal 0.49289672773628657 -0.8700878207324023 0.0
outer loop
vertex 11.038670539855957 2.7339558601379395 -16.799999237060547
vertex 10.906281471252441 2.658958673477173 -19.299999237060547
vertex 11.038670539855957 2.7339558601379395 -19.299999237060547
endloop
endfacet
facet normal 0.534996013251701 -0.8448545826382111 0.0
outer loop
vertex 10.777731895446777 2.5775558948516846 -16.799999237060547
vertex 10.777731895446777 2.5775558948516846 -19.299999237060547
vertex 10.906281471252441 2.658958673477173 -16.799999237060547
endloop
endfacet
facet normal 0.0 -0.0 -1.0
outer loop
vertex 10.815550804138184 4.7077202796936035 -19.299999237060547
vertex 10.906281471252441 2.658958673477173 -19.299999237060547
vertex 10.777731895446777 2.5775558948516846 -19.299999237060547
endloop
endfacet
facet normal 0.534996013251701 -0.8448545826382111 0.0
outer loop
vertex 10.906281471252441 2.658958673477173 -16.799999237060547
vertex 10.777731895446777 2.5775558948516846 -19.299999237060547
vertex 10.906281471252441 2.658958673477173 -19.299999237060547
endloop
endfacet
facet normal 0.0 0.0 -1.0
outer loop
vertex 11.038670539855957 -2.7339558601379395 -16.799999237060547
vertex 11.038670539855957 2.7339558601379395 -16.799999237060547
vertex 11.174579620361328 2.8023667335510254 -16.799999237060547
endloop
endfacet
facet normal 0.0 0.0 -1.0
outer loop
vertex 10.906281471252441 -2.658958673477173 -16.799999237060547
vertex 11.038670539855957 2.7339558601379395 -16.799999237060547
vertex 11.038670539855957 -2.7339558601379395 -16.799999237060547
endloop
endfacet
facet normal 0.0 0.0 -1.0
outer loop
vertex 11.174579620361328 -2.8023667335510254 -16.799999237060547
vertex 11.038670539855957 -2.7339558601379395 -16.799999237060547
vertex 11.174579620361328 2.8023667335510254 -16.799999237060547
endloop
endfacet
facet normal 0.49289672773628657 0.8700878207324023 0.0
outer loop
vertex 10.906281471252441 -2.658958673477173 -16.799999237060547
vertex 11.038670539855957 -2.7339558601379395 -16.799999237060547
vertex 11.038670539855957 -2.7339558601379395 -19.299999237060547
endloop
endfacet
facet normal 0.4496112838674563 0.8932243242428285 0.0
outer loop
vertex 11.174579620361328 -2.8023667335510254 -16.799999237060547
vertex 11.174579620361328 -2.8023667335510254 -19.299999237060547
vertex 11.038670539855957 -2.7339558601379395 -16.799999237060547
endloop
endfacet
facet normal 0.4496112838674563 0.8932243242428285 0.0
outer loop
vertex 11.038670539855957 -2.7339558601379395 -16.799999237060547
vertex 11.174579620361328 -2.8023667335510254 -19.299999237060547
vertex 11.038670539855957 -2.7339558601379395 -19.299999237060547
endloop
endfacet
facet normal 0.4052421101123318 0.9142094028130014 0.0
outer loop
vertex 11.174579620361328 -2.8023667335510254 -16.799999237060547
vertex 11.313681602478027 -2.8640265464782715 -19.299999237060547
vertex 11.174579620361328 -2.8023667335510254 -19.299999237060547
endloop
endfacet
facet normal -0.3136828451774607 -0.9495278156227827 0.0
outer loop
vertex 10.815550804138184 -4.7077202796936035 -19.299999237060547
vertex 11.048576354980469 -4.784701824188232 -19.299999237060547
vertex 10.815550804138184 -4.7077202796936035 -8.149999618530273
endloop
endfacet
facet normal 0.0 0.0 -1.0
outer loop
vertex 10.815550804138184 -4.7077202796936035 -19.299999237060547
vertex 11.038670539855957 -2.7339558601379395 -19.299999237060547
vertex 11.174579620361328 -2.8023667335510254 -19.299999237060547
endloop
endfacet
facet normal 0.0 0.0 -1.0
outer loop
vertex 11.048576354980469 -4.784701824188232 -19.299999237060547
vertex 11.174579620361328 -2.8023667335510254 -19.299999237060547
vertex 11.313681602478027 -2.8640265464782715 -19.299999237060547
endloop
endfacet
facet normal 0.0 -0.0 -1.0
outer loop
vertex 10.815550804138184 -4.7077202796936035 -19.299999237060547
vertex 11.174579620361328 -2.8023667335510254 -19.299999237060547
vertex 11.048576354980469 -4.784701824188232 -19.299999237060547
endloop
endfacet
facet normal -0.0 -0.0 1.0
outer loop
vertex 10.815550804138184 4.7077202796936035 -8.149999618530273
vertex 12.5 4.041451930999756 -8.149999618530273
vertex 11.048576354980469 4.784701824188232 -8.149999618530273
endloop
endfacet
facet normal -0.0 -0.0 1.0
outer loop
vertex 10.586583137512207 4.6193976402282715 -8.149999618530273
vertex 12.5 4.041451930999756 -8.149999618530273
vertex 10.815550804138184 4.7077202796936035 -8.149999618530273
endloop
endfacet
facet normal -0.35989526406737155 0.9329927110657815 0.0
outer loop
vertex 10.586583137512207 4.6193976402282715 -19.299999237060547
vertex 10.586583137512207 4.6193976402282715 -8.149999618530273
vertex 10.815550804138184 4.7077202796936035 -8.149999618530273
endloop
endfacet
facet normal -0.35989526406737155 0.9329927110657815 0.0
outer loop
vertex 10.586583137512207 4.6193976402282715 -19.299999237060547
vertex 10.815550804138184 4.7077202796936035 -8.149999618530273
vertex 10.815550804138184 4.7077202796936035 -19.299999237060547
endloop
endfacet
facet normal 0.0 -0.0 -0.9999999999999999
outer loop
vertex 10.586583137512207 4.6193976402282715 -19.299999237060547
vertex 10.815550804138184 4.7077202796936035 -19.299999237060547
vertex 10.653331756591797 2.489943265914917 -19.299999237060547
endloop
endfacet
facet normal 0.5758089216159664 -0.8175842988875568 0.0
outer loop
vertex 10.653331756591797 2.489943265914917 -16.799999237060547
vertex 10.653331756591797 2.489943265914917 -19.299999237060547
vertex 10.777731895446777 2.5775558948516846 -16.799999237060547
endloop
endfacet
facet normal 0.0 0.0 -1.0
outer loop
vertex 10.815550804138184 4.7077202796936035 -19.299999237060547
vertex 10.777731895446777 2.5775558948516846 -19.299999237060547
vertex 10.653331756591797 2.489943265914917 -19.299999237060547
endloop
endfacet
facet normal 0.5758089216159664 -0.8175842988875568 0.0
outer loop
vertex 10.777731895446777 2.5775558948516846 -16.799999237060547
vertex 10.653331756591797 2.489943265914917 -19.299999237060547
vertex 10.777731895446777 2.5775558948516846 -19.299999237060547
endloop
endfacet
facet normal 0.6152311441109297 -0.7883467760547741 0.0
outer loop
vertex 10.533380508422852 2.3963325023651123 -16.799999237060547
vertex 10.533380508422852 2.3963325023651123 -19.299999237060547
vertex 10.653331756591797 2.489943265914917 -16.799999237060547
endloop
endfacet
facet normal 0.0 -0.0 -1.0
outer loop
vertex 10.586583137512207 4.6193976402282715 -19.299999237060547
vertex 10.653331756591797 2.489943265914917 -19.299999237060547
vertex 10.533380508422852 2.3963325023651123 -19.299999237060547
endloop
endfacet
facet normal 0.6152311441109297 -0.7883467760547741 0.0
outer loop
vertex 10.653331756591797 2.489943265914917 -16.799999237060547
vertex 10.533380508422852 2.3963325023651123 -19.299999237060547
vertex 10.653331756591797 2.489943265914917 -19.299999237060547
endloop
endfacet
facet normal 0.0 -0.0 1.0
outer loop
vertex 15.638513565063477 -0.6242890357971191 -16.200000762939453
vertex 15.665365219116211 0.46953752636909485 -16.200000762939453
vertex 15.638513565063477 0.6242890357971191 -16.200000762939453
endloop
endfacet
facet normal -0.9972903805610607 -0.07356559549391793 0.0
outer loop
vertex 14.181599617004395 0.24944180250167847 -14.699999809265137
vertex 14.199999809265137 -2.039231820514728e-16 -10.350000381469727
vertex 14.181599617004395 0.24944180250167847 -10.350000381469727
endloop
endfacet
facet normal -0.696801652932284 -0.12090529518623803 -0.7070002588873396
outer loop
vertex 14.181599617004395 0.24944180250167847 -14.699999809265137
vertex 15.638513565063477 0.6242890357971191 -16.200000762939453
vertex 15.665365219116211 0.46953752636909485 -16.200000762939453
endloop
endfacet
facet normal -0.9852776998094793 -0.17096155783725692 0.0
outer loop
vertex 14.181599617004395 0.24944180250167847 -14.699999809265137
vertex 14.181599617004395 0.24944180250167847 -10.350000381469727
vertex 14.16733455657959 0.33165353536605835 -14.699999809265137
endloop
endfacet
facet normal -0.6968014414347372 -0.12090627845729582 -0.7070002991824538
outer loop
vertex 14.181599617004395 0.24944180250167847 -14.699999809265137
vertex 14.16733455657959 0.33165353536605835 -14.699999809265137
vertex 15.638513565063477 0.6242890357971191 -16.200000762939453
endloop
endfacet
facet normal -0.6900290588834735 -0.154953246040248 -0.7070002754157726
outer loop
vertex 14.16733455657959 0.33165353536605835 -14.699999809265137
vertex 15.604100227355957 0.7775365710258484 -16.200000762939453
vertex 15.638513565063477 0.6242890357971191 -16.200000762939453
endloop
endfacet
facet normal -0.9757043440642357 -0.21909138041963241 -0.0
outer loop
vertex 14.16733455657959 0.33165353536605835 -14.699999809265137
vertex 14.149053573608398 0.4130662977695465 -10.350000381469727
vertex 14.149053573608398 0.4130662977695465 -14.699999809265137
endloop
endfacet
facet normal -0.6900314179498437 -0.15494441201503417 -0.7069999090717364
outer loop
vertex 14.16733455657959 0.33165353536605835 -14.699999809265137
vertex 14.149053573608398 0.4130662977695465 -14.699999809265137
vertex 15.604100227355957 0.7775365710258484 -16.200000762939453
endloop
endfacet
facet normal -0.9142137237881302 -0.40523236203126783 0.0
outer loop
vertex 14.070594787597656 0.6505618095397949 -14.699999809265137
vertex 14.070594787597656 0.6505618095397949 -10.350000381469727
vertex 14.036782264709473 0.7268436551094055 -14.699999809265137
endloop
endfacet
facet normal -0.6598241294077656 -0.2545251093575592 -0.707000061497739
outer loop
vertex 14.100625038146973 0.572712779045105 -14.699999809265137
vertex 15.456414222717285 1.2245869636535645 -16.200000762939453
vertex 15.512941360473633 1.078047513961792 -16.200000762939453
endloop
endfacet
facet normal -0.9329905221540052 -0.3599009385522587 -0.0
outer loop
vertex 14.100625038146973 0.572712779045105 -14.699999809265137
vertex 14.070594787597656 0.6505618095397949 -10.350000381469727
vertex 14.070594787597656 0.6505618095397949 -14.699999809265137
endloop
endfacet
facet normal -0.659823410790795 -0.25452677083375685 -0.7070001340179095
outer loop
vertex 14.100625038146973 0.572712779045105 -14.699999809265137
vertex 14.070594787597656 0.6505618095397949 -14.699999809265137
vertex 15.456414222717285 1.2245869636535645 -16.200000762939453
endloop
endfacet
facet normal -0.0 -0.0 1.0
outer loop
vertex 13.865452766418457 1.0126888751983643 -10.350000381469727
vertex 13.999266624450684 0.8013744354248047 -10.350000381469727
vertex 12.5 4.041451930999756 -10.350000381469727
endloop
endfacet
facet normal -0.8448527252520401 -0.5349989463860662 0.0
outer loop
vertex 13.999266624450684 0.8013744354248047 -14.699999809265137
vertex 13.999266624450684 0.8013744354248047 -10.350000381469727
vertex 13.865452766418457 1.0126888751983643 -10.350000381469727
endloop
endfacet
facet normal 0.0 -0.0 1.0
outer loop
vertex 15.322148323059082 -1.508469581604004 -16.200000762939453
vertex 15.392765998840332 1.3681763410568237 -16.200000762939453
vertex 15.322148323059082 1.508469581604004 -16.200000762939453
endloop
endfacet
facet normal -0.8932243102682427 -0.4496113116301928 0.0
outer loop
vertex 13.999266624450684 0.8013744354248047 -14.699999809265137
vertex 14.036782264709473 0.7268436551094055 -14.699999809265137
vertex 13.999266624450684 0.8013744354248047 -10.350000381469727
endloop
endfacet
facet normal -0.6317003290229404 -0.31797119270938085 -0.7070000105511192
outer loop
vertex 14.036782264709473 0.7268436551094055 -14.699999809265137
vertex 15.322148323059082 1.508469581604004 -16.200000762939453
vertex 15.392765998840332 1.3681763410568237 -16.200000762939453
endloop
endfacet
facet normal -0.6317003221318769 -0.3179712051339434 -0.7070000111203328
outer loop
vertex 13.999266624450684 0.8013744354248047 -14.699999809265137
vertex 15.322148323059082 1.508469581604004 -16.200000762939453
vertex 14.036782264709473 0.7268436551094055 -14.699999809265137
endloop
endfacet
facet normal 0.0 0.0 1.0
outer loop
vertex 16.0 -2.020725965499878 -10.350000381469727
vertex 14.181599617004395 0.24944180250167847 -10.350000381469727
vertex 14.199999809265137 -2.039231820514728e-16 -10.350000381469727
endloop
endfacet
facet normal -0.0 -0.0 1.0
outer loop
vertex 14.181599617004395 -0.24944180250167847 -10.350000381469727
vertex 16.0 -2.020725965499878 -10.350000381469727
vertex 14.199999809265137 -2.039231820514728e-16 -10.350000381469727
endloop
endfacet
facet normal 0.0 0.0 1.0
outer loop
vertex 15.604100227355957 -0.7775365710258484 -16.200000762939453
vertex 15.638513565063477 -0.6242890357971191 -16.200000762939453
vertex 15.638513565063477 0.6242890357971191 -16.200000762939453
endloop
endfacet
facet normal -0.9972903805610608 0.07356559549391806 0.0
outer loop
vertex 14.181599617004395 -0.24944180250167847 -14.699999809265137
vertex 14.181599617004395 -0.24944180250167847 -10.350000381469727
vertex 14.199999809265137 -2.039231820514728e-16 -10.350000381469727
endloop
endfacet
facet normal 0.0 0.0 1.0
outer loop
vertex 15.638513565063477 -0.6242890357971191 -16.200000762939453
vertex 15.665365219116211 -0.46953752636909485 -16.200000762939453
vertex 15.665365219116211 0.46953752636909485 -16.200000762939453
endloop
endfacet
facet normal -0.690029306818356 0.15495330171662036 -0.7070000212297713
outer loop
vertex 14.149053573608398 -0.4130662977695465 -14.699999809265137
vertex 15.638513565063477 -0.6242890357971191 -16.200000762939453
vertex 15.604100227355957 -0.7775365710258484 -16.200000762939453
endloop
endfacet
facet normal -0.9807863038144393 0.19508517691001134 0.0
outer loop
vertex 14.149053573608398 -0.4130662977695465 -14.699999809265137
vertex 14.181599617004395 -0.24944180250167847 -10.350000381469727
vertex 14.181599617004395 -0.24944180250167847 -14.699999809265137
endloop
endfacet
facet normal -0.696801652932284 0.12090529518623803 -0.7070002588873396
outer loop
vertex 14.181599617004395 -0.24944180250167847 -14.699999809265137
vertex 15.665365219116211 -0.46953752636909485 -16.200000762939453
vertex 15.638513565063477 -0.6242890357971191 -16.200000762939453
endloop
endfacet
facet normal -0.6930474962994552 0.13785193869122336 -0.7075888713597239
outer loop
vertex 14.149053573608398 -0.4130662977695465 -14.699999809265137
vertex 14.181599617004395 -0.24944180250167847 -14.699999809265137
vertex 15.638513565063477 -0.6242890357971191 -16.200000762939453
endloop
endfacet
facet normal -0.9495267279883325 -0.3136847252708773 -0.0009412584689709616
outer loop
vertex 14.100625038146973 0.572712779045105 -14.699999809265137
vertex 14.149053573608398 0.4130662977695465 -10.350000381469727
vertex 14.070594787597656 0.6505618095397949 -10.350000381469727
endloop
endfacet
facet normal -0.6715195216538037 -0.22183877842037814 -0.7070000625366315
outer loop
vertex 14.126798629760742 0.4934839606285095 -14.699999809265137
vertex 15.512941360473633 1.078047513961792 -16.200000762939453
vertex 15.562209129333496 0.9289109706878662 -16.200000762939453
endloop
endfacet
facet normal -0.9495280263694582 -0.3136807955073215 -0.0009410997904166809
outer loop
vertex 14.126798629760742 0.4934839606285095 -14.699999809265137
vertex 14.149053573608398 0.4130662977695465 -10.350000381469727
vertex 14.100625038146973 0.572712779045105 -14.699999809265137
endloop
endfacet
facet normal -0.6715192964314439 -0.22183937835782402 -0.7070000882107673
outer loop
vertex 14.126798629760742 0.4934839606285095 -14.699999809265137
vertex 14.100625038146973 0.572712779045105 -14.699999809265137
vertex 15.512941360473633 1.078047513961792 -16.200000762939453
endloop
endfacet
facet normal 0.8175825525884073 0.5758114011575527 -0.0
outer loop
vertex 16.516036987304688 2.978496551513672 -19.299999237060547
vertex 16.516036987304688 2.978496551513672 -8.149999618530273
vertex 16.6573486328125 2.777851104736328 -8.149999618530273
endloop
endfacet
facet normal 0.0 -0.0 1.0
outer loop
vertex 16.035533905029297 -3.535533905029297 -8.149999618530273
vertex 16.204755783081055 3.357794761657715 -8.149999618530273
vertex 16.035533905029297 3.535533905029297 -8.149999618530273
endloop
endfacet
facet normal 0.7883493414866611 0.6152278567957954 0.0
outer loop
vertex 16.516036987304688 2.978496551513672 -19.299999237060547
vertex 16.365053176879883 3.171966314315796 -19.299999237060547
vertex 16.516036987304688 2.978496551513672 -8.149999618530273
endloop
endfacet
facet normal 0.0 0.0 1.0
outer loop
vertex 16.035533905029297 -3.535533905029297 -8.149999618530273
vertex 16.204755783081055 -3.357794761657715 -8.149999618530273
vertex 16.204755783081055 3.357794761657715 -8.149999618530273
endloop
endfacet
facet normal 0.0 0.0 -1.0
outer loop
vertex 16.365053176879883 -3.171966314315796 -19.299999237060547
vertex 16.365053176879883 3.171966314315796 -19.299999237060547
vertex 16.516036987304688 2.978496551513672 -19.299999237060547
endloop
endfacet
facet normal 0.7242467856575194 -0.68954085699453 0.0
outer loop
vertex 16.204755783081055 -3.357794761657715 -19.299999237060547
vertex 16.204755783081055 -3.357794761657715 -8.149999618530273
vertex 16.035533905029297 -3.535533905029297 -8.149999618530273
endloop
endfacet
facet normal 0.0 0.0 -1.0
outer loop
vertex 16.204755783081055 -3.357794761657715 -19.299999237060547
vertex 16.365053176879883 3.171966314315796 -19.299999237060547
vertex 16.365053176879883 -3.171966314315796 -19.299999237060547
endloop
endfacet
facet normal 0.7572074907114575 -0.6531744146937002 0.0
outer loop
vertex 16.204755783081055 -3.357794761657715 -19.299999237060547
vertex 16.365053176879883 -3.171966314315796 -19.299999237060547
vertex 16.204755783081055 -3.357794761657715 -8.149999618530273
endloop
endfacet
facet normal 0.7883493414866611 0.6152278567957954 -0.0
outer loop
vertex 16.365053176879883 3.171966314315796 -19.299999237060547
vertex 16.365053176879883 3.171966314315796 -8.149999618530273
vertex 16.516036987304688 2.978496551513672 -8.149999618530273
endloop
endfacet
facet normal 0.7572074907114575 0.6531744146937002 0.0
outer loop
vertex 16.204755783081055 3.357794761657715 -19.299999237060547
vertex 16.365053176879883 3.171966314315796 -8.149999618530273
vertex 16.365053176879883 3.171966314315796 -19.299999237060547
endloop
endfacet
facet normal 0.7242467856575194 0.68954085699453 0.0
outer loop
vertex 16.204755783081055 3.357794761657715 -19.299999237060547
vertex 16.035533905029297 3.535533905029297 -19.299999237060547
vertex 16.204755783081055 3.357794761657715 -8.149999618530273
endloop
endfacet
facet normal 0.0 0.0 -1.0
outer loop
vertex 16.204755783081055 -3.357794761657715 -19.299999237060547
vertex 16.204755783081055 3.357794761657715 -19.299999237060547
vertex 16.365053176879883 3.171966314315796 -19.299999237060547
endloop
endfacet
facet normal 0.0 0.0 -1.0
outer loop
vertex 16.035533905029297 -3.535533905029297 -19.299999237060547
vertex 16.035533905029297 3.535533905029297 -19.299999237060547
vertex 16.204755783081055 3.357794761657715 -19.299999237060547
endloop
endfacet
facet normal 0.6895422880762033 -0.7242454231506292 0.0
outer loop
vertex 16.035533905029297 -3.535533905029297 -19.299999237060547
vertex 16.035533905029297 -3.535533905029297 -8.149999618530273
vertex 15.857795715332031 -3.7047555446624756 -8.149999618530273
endloop
endfacet
facet normal 0.0 0.0 -1.0
outer loop
vertex 16.035533905029297 -3.535533905029297 -19.299999237060547
vertex 16.204755783081055 3.357794761657715 -19.299999237060547
vertex 16.204755783081055 -3.357794761657715 -19.299999237060547
endloop
endfacet
facet normal 0.7242467856575194 -0.68954085699453 0.0
outer loop
vertex 16.035533905029297 -3.535533905029297 -19.299999237060547
vertex 16.204755783081055 -3.357794761657715 -19.299999237060547
vertex 16.035533905029297 -3.535533905029297 -8.149999618530273
endloop
endfacet
facet normal 0.7242467856575194 0.68954085699453 -0.0
outer loop
vertex 16.035533905029297 3.535533905029297 -19.299999237060547
vertex 16.035533905029297 3.535533905029297 -8.149999618530273
vertex 16.204755783081055 3.357794761657715 -8.149999618530273
endloop
endfacet
facet normal 0.6895422880762033 0.7242454231506292 0.0
outer loop
vertex 15.857795715332031 3.7047555446624756 -19.299999237060547
vertex 16.035533905029297 3.535533905029297 -8.149999618530273
vertex 16.035533905029297 3.535533905029297 -19.299999237060547
endloop
endfacet
facet normal 0.0 0.0 -0.9999999999999999
outer loop
vertex 15.857795715332031 -3.7047555446624756 -19.299999237060547
vertex 15.857795715332031 3.7047555446624756 -19.299999237060547
vertex 16.035533905029297 3.535533905029297 -19.299999237060547
endloop
endfacet
facet normal 0.6531713021438136 -0.7572101756155651 0.0
outer loop
vertex 15.857795715332031 -3.7047555446624756 -19.299999237060547
vertex 15.857795715332031 -3.7047555446624756 -8.149999618530273
vertex 15.671966552734375 -3.8650522232055664 -8.149999618530273
endloop
endfacet
facet normal 0.0 0.0 -0.9999999999999999
outer loop
vertex 15.857795715332031 -3.7047555446624756 -19.299999237060547
vertex 16.035533905029297 3.535533905029297 -19.299999237060547
vertex 16.035533905029297 -3.535533905029297 -19.299999237060547
endloop
endfacet
facet normal 0.6895422880762033 -0.7242454231506292 0.0
outer loop
vertex 15.857795715332031 -3.7047555446624756 -19.299999237060547
vertex 16.035533905029297 -3.535533905029297 -19.299999237060547
vertex 15.857795715332031 -3.7047555446624756 -8.149999618530273
endloop
endfacet
facet normal -0.0 0.0 1.0
outer loop
vertex 15.857795715332031 3.7047555446624756 -8.149999618530273
vertex 16.0 2.020725965499878 -8.149999618530273
vertex 16.035533905029297 3.535533905029297 -8.149999618530273
endloop
endfacet
facet normal 0.6895422880762033 0.7242454231506292 -0.0
outer loop
vertex 15.857795715332031 3.7047555446624756 -19.299999237060547
vertex 15.857795715332031 3.7047555446624756 -8.149999618530273
vertex 16.035533905029297 3.535533905029297 -8.149999618530273
endloop
endfacet
facet normal 0.6531713021438136 0.7572101756155651 0.0
outer loop
vertex 15.857795715332031 3.7047555446624756 -19.299999237060547
vertex 15.671966552734375 3.8650522232055664 -19.299999237060547
vertex 15.857795715332031 3.7047555446624756 -8.149999618530273
endloop
endfacet
facet normal 0.0 0.0 -1.0
outer loop
vertex 15.671966552734375 -3.8650522232055664 -19.299999237060547
vertex 15.671966552734375 3.8650522232055664 -19.299999237060547
vertex 15.857795715332031 3.7047555446624756 -19.299999237060547
endloop
endfacet
facet normal 0.6152310082991623 -0.7883468820431752 0.0
outer loop
vertex 15.671966552734375 -3.8650522232055664 -19.299999237060547
vertex 15.671966552734375 -3.8650522232055664 -8.149999618530273
vertex 15.478496551513672 -4.016037464141846 -8.149999618530273
endloop
endfacet
facet normal 0.0 0.0 -0.9999999999999999
outer loop
vertex 15.671966552734375 -3.8650522232055664 -19.299999237060547
vertex 15.857795715332031 3.7047555446624756 -19.299999237060547
vertex 15.857795715332031 -3.7047555446624756 -19.299999237060547
endloop
endfacet
facet normal 0.6531713021438136 -0.7572101756155651 0.0
outer loop
vertex 15.671966552734375 -3.8650522232055664 -19.299999237060547
vertex 15.857795715332031 -3.7047555446624756 -19.299999237060547
vertex 15.671966552734375 -3.8650522232055664 -8.149999618530273
endloop
endfacet
facet normal -0.9996987375948355 -0.024544532003936952 0.0
outer loop
vertex 15.600000381469727 0.0 -16.799999237060547
vertex 15.59626579284668 0.1521097868680954 -19.299999237060547
vertex 15.600000381469727 0.0 -19.299999237060547
endloop
endfacet
facet normal 0.0 0.0 -1.0
outer loop
vertex 15.507097244262695 -0.7532385587692261 -16.799999237060547
vertex 15.507097244262695 0.7532385587692261 -16.799999237060547
vertex 15.540434837341309 0.6047800183296204 -16.799999237060547
endloop
endfacet
facet normal 0.0 0.0 -0.9999999999999999
outer loop
vertex 15.58507251739502 -0.3038531243801117 -16.799999237060547
vertex 15.59626579284668 0.1521097868680954 -16.799999237060547
vertex 15.59626579284668 -0.1521097868680954 -16.799999237060547
endloop
endfacet
facet normal -0.9996987375948355 0.024544532003936952 0.0
outer loop
vertex 15.59626579284668 -0.1521097868680954 -16.799999237060547
vertex 15.600000381469727 0.0 -16.799999237060547
vertex 15.600000381469727 0.0 -19.299999237060547
endloop
endfacet
facet normal -0.0 0.0 -1.0
outer loop
vertex 15.671966552734375 3.8650522232055664 -19.299999237060547
vertex 15.600000381469727 0.0 -19.299999237060547
vertex 15.59626579284668 0.1521097868680954 -19.299999237060547
endloop
endfacet
facet normal 0.0 0.0 -1.0
outer loop
vertex 15.507097244262695 -0.7532385587692261 -16.799999237060547
vertex 15.540434837341309 0.6047800183296204 -16.799999237060547
vertex 15.540434837341309 -0.6047800183296204 -16.799999237060547
endloop
endfacet
facet normal 0.0 0.0 -1.0
outer loop
vertex 15.566447257995605 -0.4548644721508026 -16.799999237060547
vertex 15.58507251739502 0.3038531243801117 -16.799999237060547
vertex 15.58507251739502 -0.3038531243801117 -16.799999237060547
endloop
endfacet
facet normal 0.0 0.0 -1.0
outer loop
vertex 15.540434837341309 -0.6047800183296204 -16.799999237060547
vertex 15.566447257995605 0.4548644721508026 -16.799999237060547
vertex 15.566447257995605 -0.4548644721508026 -16.799999237060547
endloop
endfacet
facet normal -0.9972904497244254 0.07356465787627449 0.0
outer loop
vertex 15.58507251739502 -0.3038531243801117 -16.799999237060547
vertex 15.59626579284668 -0.1521097868680954 -16.799999237060547
vertex 15.59626579284668 -0.1521097868680954 -19.299999237060547
endloop
endfacet
facet normal -0.9996987375948355 0.024544532003936952 0.0
outer loop
vertex 15.59626579284668 -0.1521097868680954 -16.799999237060547
vertex 15.600000381469727 0.0 -19.299999237060547
vertex 15.59626579284668 -0.1521097868680954 -19.299999237060547
endloop
endfacet
facet normal 0.0 0.0 -1.0
outer loop
vertex 15.671966552734375 -3.8650522232055664 -19.299999237060547
vertex 15.600000381469727 0.0 -19.299999237060547
vertex 15.671966552734375 3.8650522232055664 -19.299999237060547
endloop
endfacet
facet normal -0.9757019712731931 0.21910194716981637 0.0
outer loop
vertex 15.507097244262695 -0.7532385587692261 -16.799999237060547
vertex 15.540434837341309 -0.6047800183296204 -16.799999237060547
vertex 15.540434837341309 -0.6047800183296204 -19.299999237060547
endloop
endfacet
facet normal -0.9924797053652841 0.12240929065246156 0.0
outer loop
vertex 15.566447257995605 -0.4548644721508026 -16.799999237060547
vertex 15.58507251739502 -0.3038531243801117 -16.799999237060547
vertex 15.58507251739502 -0.3038531243801117 -19.299999237060547
endloop
endfacet
facet normal -0.985278078830086 0.170959373468947 0.0
outer loop
vertex 15.540434837341309 -0.6047800183296204 -16.799999237060547
vertex 15.566447257995605 -0.4548644721508026 -16.799999237060547
vertex 15.566447257995605 -0.4548644721508026 -19.299999237060547
endloop
endfacet
facet normal -0.9972904497244254 0.07356465787627449 0.0
outer loop
vertex 15.58507251739502 -0.3038531243801117 -16.799999237060547
vertex 15.59626579284668 -0.1521097868680954 -19.299999237060547
vertex 15.58507251739502 -0.3038531243801117 -19.299999237060547
endloop
endfacet
facet normal 0.0 0.0 -1.0
outer loop
vertex 15.671966552734375 -3.8650522232055664 -19.299999237060547
vertex 15.59626579284668 -0.1521097868680954 -19.299999237060547
vertex 15.600000381469727 0.0 -19.299999237060547
endloop
endfacet
facet normal 0.5758088035886261 -0.8175843820119334 0.0
outer loop
vertex 15.478496551513672 -4.016037464141846 -19.299999237060547
vertex 15.478496551513672 -4.016037464141846 -8.149999618530273
vertex 15.277851104736328 -4.157348155975342 -8.149999618530273
endloop
endfacet
facet normal -0.985278078830086 0.170959373468947 0.0
outer loop
vertex 15.540434837341309 -0.6047800183296204 -16.799999237060547
vertex 15.566447257995605 -0.4548644721508026 -19.299999237060547
vertex 15.540434837341309 -0.6047800183296204 -19.299999237060547
endloop
endfacet
facet normal -0.9924797053652841 0.12240929065246156 0.0
outer loop
vertex 15.566447257995605 -0.4548644721508026 -16.799999237060547
vertex 15.58507251739502 -0.3038531243801117 -19.299999237060547
vertex 15.566447257995605 -0.4548644721508026 -19.299999237060547
endloop
endfacet
facet normal 0.0 0.0 -1.0
outer loop
vertex 15.671966552734375 -3.8650522232055664 -19.299999237060547
vertex 15.58507251739502 -0.3038531243801117 -19.299999237060547
vertex 15.59626579284668 -0.1521097868680954 -19.299999237060547
endloop
endfacet
facet normal 0.6152310082991623 -0.7883468820431752 0.0
outer loop
vertex 15.478496551513672 -4.016037464141846 -19.299999237060547
vertex 15.671966552734375 -3.8650522232055664 -19.299999237060547
vertex 15.478496551513672 -4.016037464141846 -8.149999618530273
endloop
endfacet
facet normal 0.0 0.0 -1.0
outer loop
vertex 15.478496551513672 -4.016037464141846 -19.299999237060547
vertex 15.540434837341309 -0.6047800183296204 -19.299999237060547
vertex 15.566447257995605 -0.4548644721508026 -19.299999237060547
endloop
endfacet
facet normal 0.0 0.0 -0.9999999999999999
outer loop
vertex 15.671966552734375 -3.8650522232055664 -19.299999237060547
vertex 15.566447257995605 -0.4548644721508026 -19.299999237060547
vertex 15.58507251739502 -0.3038531243801117 -19.299999237060547
endloop
endfacet
facet normal 0.0 0.0 -1.0
outer loop
vertex 15.478496551513672 -4.016037464141846 -19.299999237060547
vertex 15.566447257995605 -0.4548644721508026 -19.299999237060547
vertex 15.671966552734375 -3.8650522232055664 -19.299999237060547
endloop
endfacet
facet normal -0.0 -0.0 1.0
outer loop
vertex 15.277851104736328 4.157348155975342 -8.149999618530273
vertex 16.0 2.020725965499878 -8.149999618530273
vertex 15.478496551513672 4.016037464141846 -8.149999618530273
endloop
endfacet
facet normal 0.5758088035886261 0.8175843820119334 -0.0
outer loop
vertex 15.277851104736328 4.157348155975342 -19.299999237060547
vertex 15.277851104736328 4.157348155975342 -8.149999618530273
vertex 15.478496551513672 4.016037464141846 -8.149999618530273
endloop
endfacet
facet normal 0.5349969794170051 0.8448539708225801 0.0
outer loop
vertex 15.070513725280762 4.288642883300781 -19.299999237060547
vertex 15.277851104736328 4.157348155975342 -8.149999618530273
vertex 15.277851104736328 4.157348155975342 -19.299999237060547
endloop
endfacet
facet normal 0.0 -0.0 -1.0
outer loop
vertex 15.070513725280762 4.288642883300781 -19.299999237060547
vertex 15.277851104736328 4.157348155975342 -19.299999237060547
vertex 14.989943504333496 1.8466678857803345 -19.299999237060547
endloop
endfacet
facet normal -0.7883467760547741 -0.6152311441109297 -0.0
outer loop
vertex 14.896332740783691 1.9666191339492798 -16.799999237060547
vertex 14.896332740783691 1.9666191339492798 -19.299999237060547
vertex 14.989943504333496 1.8466678857803345 -16.799999237060547
endloop
endfacet
facet normal -0.0 0.0 -1.0
outer loop
vertex 15.070513725280762 4.288642883300781 -19.299999237060547
vertex 14.989943504333496 1.8466678857803345 -19.299999237060547
vertex 14.896332740783691 1.9666191339492798 -19.299999237060547
endloop
endfacet
facet normal -0.7883467760547741 -0.6152311441109297 0.0
outer loop
vertex 14.989943504333496 1.8466678857803345 -16.799999237060547
vertex 14.896332740783691 1.9666191339492798 -19.299999237060547
vertex 14.989943504333496 1.8466678857803345 -19.299999237060547
endloop
endfacet
facet normal 0.0 0.0 -1.0
outer loop
vertex 14.581832885742188 -2.2969484329223633 -16.799999237060547
vertex 14.581832885742188 2.2969484329223633 -16.799999237060547
vertex 14.692030906677246 2.192030906677246 -16.799999237060547
endloop
endfacet
facet normal 0.0 0.0 -0.9999999999999999
outer loop
vertex 14.796948432922363 -2.0818326473236084 -16.799999237060547
vertex 14.796948432922363 2.0818326473236084 -16.799999237060547
vertex 14.896332740783691 1.9666191339492798 -16.799999237060547
endloop
endfacet
facet normal 0.0 0.0 -1.0
outer loop
vertex 14.692030906677246 -2.192030906677246 -16.799999237060547
vertex 14.692030906677246 2.192030906677246 -16.799999237060547
vertex 14.796948432922363 2.0818326473236084 -16.799999237060547
endloop
endfacet
facet normal 0.0 0.0 -1.0
outer loop
vertex 14.581832885742188 -2.2969484329223633 -16.799999237060547
vertex 14.692030906677246 2.192030906677246 -16.799999237060547
vertex 14.692030906677246 -2.192030906677246 -16.799999237060547
endloop
endfacet
facet normal 0.0 0.0 -1.0
outer loop
vertex 14.692030906677246 -2.192030906677246 -16.799999237060547
vertex 14.796948432922363 2.0818326473236084 -16.799999237060547
vertex 14.796948432922363 -2.0818326473236084 -16.799999237060547
endloop
endfacet
facet normal 0.0 -0.0 1.0
outer loop
vertex 14.413416862487793 -4.6193976402282715 -8.149999618530273
vertex 14.637775421142578 -4.519946575164795 -8.149999618530273
vertex 12.5 -4.041451930999756 -8.149999618530273
endloop
endfacet
facet normal -0.6895415393157942 0.7242461360324989 0.0
outer loop
vertex 14.581832885742188 -2.2969484329223633 -16.799999237060547
vertex 14.692030906677246 -2.192030906677246 -16.799999237060547
vertex 14.692030906677246 -2.192030906677246 -19.299999237060547
endloop
endfacet
facet normal -0.7242468810605351 0.6895407567896817 0.0
outer loop
vertex 14.692030906677246 -2.192030906677246 -16.799999237060547
vertex 14.796948432922363 -2.0818326473236084 -16.799999237060547
vertex 14.796948432922363 -2.0818326473236084 -19.299999237060547
endloop
endfacet
facet normal 0.4052404824611705 -0.9142101243011027 0.0
outer loop
vertex 14.637775421142578 -4.519946575164795 -19.299999237060547
vertex 14.637775421142578 -4.519946575164795 -8.149999618530273
vertex 14.413416862487793 -4.6193976402282715 -8.149999618530273
endloop
endfacet
facet normal -0.7242468810605351 0.6895407567896817 0.0
outer loop
vertex 14.692030906677246 -2.192030906677246 -16.799999237060547
vertex 14.796948432922363 -2.0818326473236084 -19.299999237060547
vertex 14.692030906677246 -2.192030906677246 -19.299999237060547
endloop
endfacet
facet normal -0.7572073910812023 0.6531745301923515 0.0
outer loop
vertex 14.796948432922363 -2.0818326473236084 -16.799999237060547
vertex 14.896332740783691 -1.9666191339492798 -19.299999237060547
vertex 14.796948432922363 -2.0818326473236084 -19.299999237060547
endloop
endfacet
facet normal 0.44961042803630114 -0.8932247550314614 0.0
outer loop
vertex 14.637775421142578 -4.519946575164795 -19.299999237060547
vertex 14.85698413848877 -4.409606456756592 -19.299999237060547
vertex 14.637775421142578 -4.519946575164795 -8.149999618530273
endloop
endfacet
facet normal 0.0 0.0 -1.0
outer loop
vertex 14.637775421142578 -4.519946575164795 -19.299999237060547
vertex 14.692030906677246 -2.192030906677246 -19.299999237060547
vertex 14.796948432922363 -2.0818326473236084 -19.299999237060547
endloop
endfacet
facet normal 0.0 0.0 -1.0
outer loop
vertex 14.85698413848877 -4.409606456756592 -19.299999237060547
vertex 14.796948432922363 -2.0818326473236084 -19.299999237060547
vertex 14.896332740783691 -1.9666191339492798 -19.299999237060547
endloop
endfacet
facet normal 0.0 0.0 -1.0
outer loop
vertex 14.637775421142578 -4.519946575164795 -19.299999237060547
vertex 14.796948432922363 -2.0818326473236084 -19.299999237060547
vertex 14.85698413848877 -4.409606456756592 -19.299999237060547
endloop
endfacet
facet normal 0.0 0.0 -1.0
outer loop
vertex 14.989943504333496 -1.8466678857803345 -16.799999237060547
vertex 14.989943504333496 1.8466678857803345 -16.799999237060547
vertex 15.077555656433105 1.722267746925354 -16.799999237060547
endloop
endfacet
facet normal 0.0 0.0 -1.0
outer loop
vertex 15.233956336975098 -1.4613299369812012 -16.799999237060547
vertex 15.233956336975098 1.4613299369812012 -16.799999237060547
vertex 15.302367210388184 1.3254207372665405 -16.799999237060547
endloop
endfacet
facet normal 0.0 0.0 -1.0
outer loop
vertex 15.158958435058594 -1.5937185287475586 -16.799999237060547
vertex 15.158958435058594 1.5937185287475586 -16.799999237060547
vertex 15.233956336975098 1.4613299369812012 -16.799999237060547
endloop
endfacet
facet normal 0.0 0.0 -1.0
outer loop
vertex 15.077555656433105 -1.722267746925354 -16.799999237060547
vertex 15.077555656433105 1.722267746925354 -16.799999237060547
vertex 15.158958435058594 1.5937185287475586 -16.799999237060547
endloop
endfacet
facet normal 0.0 0.0 -1.0
outer loop
vertex 14.989943504333496 -1.8466678857803345 -16.799999237060547
vertex 15.077555656433105 1.722267746925354 -16.799999237060547
vertex 15.077555656433105 -1.722267746925354 -16.799999237060547
endloop
endfacet
facet normal 0.0 0.0 -1.0
outer loop
vertex 15.158958435058594 -1.5937185287475586 -16.799999237060547
vertex 15.233956336975098 1.4613299369812012 -16.799999237060547
vertex 15.233956336975098 -1.4613299369812012 -16.799999237060547
endloop
endfacet
facet normal 0.0 0.0 -1.0
outer loop
vertex 15.077555656433105 -1.722267746925354 -16.799999237060547
vertex 15.158958435058594 1.5937185287475586 -16.799999237060547
vertex 15.158958435058594 -1.5937185287475586 -16.799999237060547
endloop
endfacet
facet normal -0.817585774229517 0.5758068267896113 0.0
outer loop
vertex 14.989943504333496 -1.8466678857803345 -16.799999237060547
vertex 15.077555656433105 -1.722267746925354 -16.799999237060547
vertex 15.077555656433105 -1.722267746925354 -19.299999237060547
endloop
endfacet
facet normal -0.8700850433486662 0.4929016304912671 0.0
outer loop
vertex 15.158958435058594 -1.5937185287475586 -16.799999237060547
vertex 15.233956336975098 -1.4613299369812012 -16.799999237060547
vertex 15.233956336975098 -1.4613299369812012 -19.299999237060547
endloop
endfacet
facet normal -0.8448539099016116 0.5349970756218765 0.0
outer loop
vertex 15.077555656433105 -1.722267746925354 -16.799999237060547
vertex 15.158958435058594 -1.5937185287475586 -16.799999237060547
vertex 15.158958435058594 -1.5937185287475586 -19.299999237060547
endloop
endfacet
facet normal -0.8932244826212883 0.4496109692233185 0.0
outer loop
vertex 15.233956336975098 -1.4613299369812012 -16.799999237060547
vertex 15.302367210388184 -1.3254207372665405 -19.299999237060547
vertex 15.233956336975098 -1.4613299369812012 -19.299999237060547
endloop
endfacet
facet normal 0.5349969794170051 -0.8448539708225801 0.0
outer loop
vertex 15.277851104736328 -4.157348155975342 -19.299999237060547
vertex 15.277851104736328 -4.157348155975342 -8.149999618530273
vertex 15.070513725280762 -4.288642883300781 -8.149999618530273
endloop
endfacet
facet normal -0.8448539099016116 0.5349970756218765 0.0
outer loop
vertex 15.077555656433105 -1.722267746925354 -16.799999237060547
vertex 15.158958435058594 -1.5937185287475586 -19.299999237060547
vertex 15.077555656433105 -1.722267746925354 -19.299999237060547
endloop
endfacet
facet normal -0.8700850433486662 0.4929016304912671 0.0
outer loop
vertex 15.158958435058594 -1.5937185287475586 -16.799999237060547
vertex 15.233956336975098 -1.4613299369812012 -19.299999237060547
vertex 15.158958435058594 -1.5937185287475586 -19.299999237060547
endloop
endfacet
facet normal 0.0 0.0 -0.9999999999999999
outer loop
vertex 15.277851104736328 -4.157348155975342 -19.299999237060547
vertex 15.233956336975098 -1.4613299369812012 -19.299999237060547
vertex 15.302367210388184 -1.3254207372665405 -19.299999237060547
endloop
endfacet
facet normal 0.5349969794170051 -0.8448539708225801 0.0
outer loop
vertex 15.070513725280762 -4.288642883300781 -19.299999237060547
vertex 15.277851104736328 -4.157348155975342 -19.299999237060547
vertex 15.070513725280762 -4.288642883300781 -8.149999618530273
endloop
endfacet
facet normal 0.0 0.0 -1.0
outer loop
vertex 15.070513725280762 -4.288642883300781 -19.299999237060547
vertex 15.077555656433105 -1.722267746925354 -19.299999237060547
vertex 15.158958435058594 -1.5937185287475586 -19.299999237060547
endloop
endfacet
facet normal 0.0 0.0 -1.0
outer loop
vertex 15.277851104736328 -4.157348155975342 -19.299999237060547
vertex 15.158958435058594 -1.5937185287475586 -19.299999237060547
vertex 15.233956336975098 -1.4613299369812012 -19.299999237060547
endloop
endfacet
facet normal 0.0 0.0 -1.0
outer loop
vertex 15.070513725280762 -4.288642883300781 -19.299999237060547
vertex 15.158958435058594 -1.5937185287475586 -19.299999237060547
vertex 15.277851104736328 -4.157348155975342 -19.299999237060547
endloop
endfacet
facet normal 0.0 -0.0 1.0
outer loop
vertex 12.749442100524902 1.6816000938415527 -16.200000762939453
vertex 13.124288558959961 3.1385128498077393 -16.200000762939453
vertex 12.969537734985352 3.1653647422790527 -16.200000762939453
endloop
endfacet
facet normal -0.0 0.0 0.9999999999999999
outer loop
vertex 12.749442100524902 1.6816000938415527 -16.200000762939453
vertex 12.993483543395996 1.6267986297607422 -16.200000762939453
vertex 13.124288558959961 3.1385128498077393 -16.200000762939453
endloop
endfacet
facet normal -0.2191017178292888 -0.975702022773477 0.0
outer loop
vertex 12.749442100524902 1.6816000938415527 -16.200000762939453
vertex 12.993483543395996 1.6267986297607422 -16.299999237060547
vertex 12.993483543395996 1.6267986297607422 -16.200000762939453
endloop
endfacet
facet normal -0.2191017178292888 -0.975702022773477 0.0
outer loop
vertex 12.749442100524902 1.6816000938415527 -16.299999237060547
vertex 12.993483543395996 1.6267986297607422 -16.299999237060547
vertex 12.749442100524902 1.6816000938415527 -16.200000762939453
endloop
endfacet
facet normal 0.0 -0.0 1.0
outer loop
vertex 12.749442100524902 -1.6816000938415527 -16.299999237060547
vertex 12.993483543395996 1.6267986297607422 -16.299999237060547
vertex 12.749442100524902 1.6816000938415527 -16.299999237060547
endloop
endfacet
facet normal 0.0 -0.0 1.0
outer loop
vertex 12.5 -4.041451930999756 -10.350000381469727
vertex 12.993483543395996 -1.6267986297607422 -10.350000381469727
vertex 12.749442100524902 -1.6816000938415527 -10.350000381469727
endloop
endfacet
facet normal 0.0 0.0 1.0
outer loop
vertex 12.749442100524902 -1.6816000938415527 -16.299999237060547
vertex 12.993483543395996 -1.6267986297607422 -16.299999237060547
vertex 12.993483543395996 1.6267986297607422 -16.299999237060547
endloop
endfacet
facet normal -0.21910171782928883 0.975702022773477 0.0
outer loop
vertex 12.749442100524902 -1.6816000938415527 -14.699999809265137
vertex 12.749442100524902 -1.6816000938415527 -10.350000381469727
vertex 12.993483543395996 -1.6267986297607422 -10.350000381469727
endloop
endfacet
facet normal -0.2191017178292888 0.975702022773477 0.0
outer loop
vertex 12.749442100524902 -1.6816000938415527 -16.299999237060547
vertex 12.993483543395996 -1.6267986297607422 -16.200000762939453
vertex 12.993483543395996 -1.6267986297607422 -16.299999237060547
endloop
endfacet
facet normal -0.12240984127637755 0.9924796374529262 0.0
outer loop
vertex 12.66662883758545 -1.6918140649795532 -14.699999809265137
vertex 12.749442100524902 -1.6816000938415527 -10.350000381469727
vertex 12.749442100524902 -1.6816000938415527 -14.699999809265137
endloop
endfacet
facet normal -0.2191017178292888 0.975702022773477 0.0
outer loop
vertex 12.749442100524902 -1.6816000938415527 -16.299999237060547
vertex 12.749442100524902 -1.6816000938415527 -16.200000762939453
vertex 12.993483543395996 -1.6267986297607422 -16.200000762939453
endloop
endfacet
facet normal -0.08656989649473565 0.701895032225755 -0.7070000118512709
outer loop
vertex 12.969537734985352 -3.1653647422790527 -16.200000762939453
vertex 12.66662883758545 -1.6918140649795532 -14.699999809265137
vertex 12.749442100524902 -1.6816000938415527 -14.699999809265137
endloop
endfacet
facet normal 0.0 -0.0 1.0
outer loop
vertex 12.969537734985352 -3.1653647422790527 -16.200000762939453
vertex 12.993483543395996 -1.6267986297607422 -16.200000762939453
vertex 12.749442100524902 -1.6816000938415527 -16.200000762939453
endloop
endfacet
facet normal -0.12090689904073176 0.6968016228560785 -0.7070000142499926
outer loop
vertex 12.969537734985352 -3.1653647422790527 -16.200000762939453
vertex 12.749442100524902 -1.6816000938415527 -14.699999809265137
vertex 13.124288558959961 -3.1385128498077393 -16.200000762939453
endloop
endfacet
facet normal 0.0 -0.0 1.0
outer loop
vertex 12.969537734985352 -3.1653647422790527 -16.200000762939453
vertex 13.124288558959961 -3.1385128498077393 -16.200000762939453
vertex 12.993483543395996 -1.6267986297607422 -16.200000762939453
endloop
endfacet
facet normal 0.0 -0.0 1.0
outer loop
vertex 14.199999809265137 -4.3368086899420177e-16 -16.200000762939453
vertex 14.277824401855469 2.660702705383301 -16.200000762939453
vertex 14.181599617004395 0.24944180250167847 -16.200000762939453
endloop
endfacet
facet normal 0.0 -0.0 1.0
outer loop
vertex 14.145129203796387 -2.7447316646575928 -16.200000762939453
vertex 14.277824401855469 2.660702705383301 -16.200000762939453
vertex 14.199999809265137 -4.3368086899420177e-16 -16.200000762939453
endloop
endfacet
facet normal -0.0 -0.0 1.0
outer loop
vertex 13.373974800109863 -1.4581385850906372 -10.350000381469727
vertex 16.0 -2.020725965499878 -10.350000381469727
vertex 13.578468322753906 -1.3141177892684937 -10.350000381469727
endloop
endfacet
facet normal 0.0 -0.0 1.0
outer loop
vertex 14.406237602233887 -2.5702641010284424 -16.200000762939453
vertex 14.530058860778809 2.4736335277557373 -16.200000762939453
vertex 14.406237602233887 2.5702641010284424 -16.200000762939453
endloop
endfacet
facet normal 0.0 -0.0 1.0
outer loop
vertex 14.277824401855469 -2.660702705383301 -16.200000762939453
vertex 14.406237602233887 2.5702641010284424 -16.200000762939453
vertex 14.277824401855469 2.660702705383301 -16.200000762939453
endloop
endfacet
facet normal 0.0 0.0 0.9999999999999999
outer loop
vertex 14.406237602233887 -2.5702641010284424 -16.200000762939453
vertex 14.530058860778809 -2.4736335277557373 -16.200000762939453
vertex 14.530058860778809 2.4736335277557373 -16.200000762939453
endloop
endfacet
facet normal 0.0 0.0 1.0
outer loop
vertex 14.145129203796387 -2.7447316646575928 -16.200000762939453
vertex 14.277824401855469 -2.660702705383301 -16.200000762939453
vertex 14.277824401855469 2.660702705383301 -16.200000762939453
endloop
endfacet
facet normal -0.5758087471493011 0.817584421761051 0.0
outer loop
vertex 13.373974800109863 -1.4581385850906372 -14.699999809265137
vertex 13.373974800109863 -1.4581385850906372 -10.350000381469727
vertex 13.578468322753906 -1.3141177892684937 -10.350000381469727
endloop
endfacet
facet normal 0.0 0.0 0.9999999999999999
outer loop
vertex 14.277824401855469 -2.660702705383301 -16.200000762939453
vertex 14.406237602233887 -2.5702641010284424 -16.200000762939453
vertex 14.406237602233887 2.5702641010284424 -16.200000762939453
endloop
endfacet
facet normal -0.4350987088415824 0.5575302711699115 -0.7070000780011222
outer loop
vertex 13.512688636779785 -1.365452766418457 -14.699999809265137
vertex 14.530058860778809 -2.4736335277557373 -16.200000762939453
vertex 14.406237602233887 -2.5702641010284424 -16.200000762939453
endloop
endfacet
facet normal -0.37835961225554116 0.5974904856541143 -0.7070000872465626
outer loop
vertex 14.145129203796387 -2.7447316646575928 -16.200000762939453
vertex 13.373974800109863 -1.4581385850906372 -14.699999809265137
vertex 14.277824401855469 -2.660702705383301 -16.200000762939453
endloop
endfacet
facet normal -0.5555704930729805 0.8314682411915154 -0.0014110692871445367
outer loop
vertex 13.373974800109863 -1.4581385850906372 -14.699999809265137
vertex 13.578468322753906 -1.3141177892684937 -10.350000381469727
vertex 13.512688636779785 -1.365452766418457 -14.699999809265137
endloop
endfacet
facet normal -0.40721879749265866 0.5782073862517985 -0.7070000491177469
outer loop
vertex 13.512688636779785 -1.365452766418457 -14.699999809265137
vertex 14.406237602233887 -2.5702641010284424 -16.200000762939453
vertex 14.277824401855469 -2.660702705383301 -16.200000762939453
endloop
endfacet
facet normal -0.3925801468990607 0.5875364662787987 -0.7075886722194852
outer loop
vertex 13.373974800109863 -1.4581385850906372 -14.699999809265137
vertex 13.512688636779785 -1.365452766418457 -14.699999809265137
vertex 14.277824401855469 -2.660702705383301 -16.200000762939453
endloop
endfacet
facet normal 0.0 -0.0 1.0
outer loop
vertex 13.150562286376953 1.5705952644348145 -16.200000762939453
vertex 13.428911209106445 3.062209129333496 -16.200000762939453
vertex 13.277536392211914 3.104099988937378 -16.200000762939453
endloop
endfacet
facet normal -0.0 0.0 1.0
outer loop
vertex 13.150562286376953 1.5705952644348145 -16.200000762939453
vertex 13.373974800109863 1.4581385850906372 -16.200000762939453
vertex 13.428911209106445 3.062209129333496 -16.200000762939453
endloop
endfacet
facet normal -0.0 0.0 1.0
outer loop
vertex 12.993483543395996 1.6267986297607422 -16.200000762939453
vertex 13.150562286376953 1.5705952644348145 -16.200000762939453
vertex 13.277536392211914 3.104099988937378 -16.200000762939453
endloop
endfacet
facet normal -0.44961219195843377 -0.8932238671477226 0.0
outer loop
vertex 13.150562286376953 1.5705952644348145 -16.200000762939453
vertex 13.373974800109863 1.4581385850906372 -16.299999237060547
vertex 13.373974800109863 1.4581385850906372 -16.200000762939453
endloop
endfacet
facet normal -0.3368882188175831 -0.9415446500415773 0.0
outer loop
vertex 12.993483543395996 1.6267986297607422 -16.200000762939453
vertex 13.150562286376953 1.5705952644348145 -16.299999237060547
vertex 13.150562286376953 1.5705952644348145 -16.200000762939453
endloop
endfacet
facet normal -0.44961219195843377 -0.8932238671477226 0.0
outer loop
vertex 13.150562286376953 1.5705952644348145 -16.299999237060547
vertex 13.373974800109863 1.4581385850906372 -16.299999237060547
vertex 13.150562286376953 1.5705952644348145 -16.200000762939453
endloop
endfacet
facet normal -0.3368882188175831 -0.9415446500415773 0.0
outer loop
vertex 12.993483543395996 1.6267986297607422 -16.299999237060547
vertex 13.150562286376953 1.5705952644348145 -16.299999237060547
vertex 12.993483543395996 1.6267986297607422 -16.200000762939453
endloop
endfacet
facet normal 0.0 -0.0 1.0
outer loop
vertex 13.150562286376953 -1.5705952644348145 -16.299999237060547
vertex 13.373974800109863 1.4581385850906372 -16.299999237060547
vertex 13.150562286376953 1.5705952644348145 -16.299999237060547
endloop
endfacet
facet normal 0.0 -0.0 1.0
outer loop
vertex 12.993483543395996 -1.6267986297607422 -16.299999237060547
vertex 13.150562286376953 1.5705952644348145 -16.299999237060547
vertex 12.993483543395996 1.6267986297607422 -16.299999237060547
endloop
endfacet
facet normal 0.0 0.0 1.0
outer loop
vertex 12.993483543395996 -1.6267986297607422 -16.299999237060547
vertex 13.150562286376953 -1.5705952644348145 -16.299999237060547
vertex 13.150562286376953 1.5705952644348145 -16.299999237060547
endloop
endfacet
facet normal -0.3368882188175831 0.9415446500415773 0.0
outer loop
vertex 12.993483543395996 -1.6267986297607422 -16.299999237060547
vertex 13.150562286376953 -1.5705952644348145 -16.200000762939453
vertex 13.150562286376953 -1.5705952644348145 -16.299999237060547
endloop
endfacet
facet normal -0.3368882188175831 0.9415446500415773 0.0
outer loop
vertex 12.993483543395996 -1.6267986297607422 -16.299999237060547
vertex 12.993483543395996 -1.6267986297607422 -16.200000762939453
vertex 13.150562286376953 -1.5705952644348145 -16.200000762939453
endloop
endfacet
facet normal -0.26671176412651626 0.9637763406914083 0.0
outer loop
vertex 12.913065910339355 -1.6490530967712402 -14.699999809265137
vertex 12.993483543395996 -1.6267986297607422 -10.350000381469727
vertex 12.993483543395996 -1.6267986297607422 -14.699999809265137
endloop
endfacet
facet normal 0.0 -0.0 1.0
outer loop
vertex 13.124288558959961 -3.1385128498077393 -16.200000762939453
vertex 13.150562286376953 -1.5705952644348145 -16.200000762939453
vertex 12.993483543395996 -1.6267986297607422 -16.200000762939453
endloop
endfacet
facet normal -0.1709613587234413 0.9852736949294195 -0.0028213301054595043
outer loop
vertex 12.749442100524902 -1.6816000938415527 -14.699999809265137
vertex 12.993483543395996 -1.6267986297607422 -10.350000381469727
vertex 12.831653594970703 -1.667335033416748 -14.699999809265137
endloop
endfacet
facet normal -0.21910330951619061 0.9757012114485469 -0.0009411359573881399
outer loop
vertex 12.831653594970703 -1.667335033416748 -14.699999809265137
vertex 12.993483543395996 -1.6267986297607422 -10.350000381469727
vertex 12.913065910339355 -1.6490530967712402 -14.699999809265137
endloop
endfacet
facet normal 0.0 -0.0 1.0
outer loop
vertex 13.124288558959961 -3.1385128498077393 -16.200000762939453
vertex 13.277536392211914 -3.104099988937378 -16.200000762939453
vertex 13.150562286376953 -1.5705952644348145 -16.200000762939453
endloop
endfacet
facet normal -0.12090666915289232 0.6968016723041237 -0.7070000048292288
outer loop
vertex 13.124288558959961 -3.1385128498077393 -16.200000762939453
vertex 12.749442100524902 -1.6816000938415527 -14.699999809265137
vertex 12.831653594970703 -1.667335033416748 -14.699999809265137
endloop
endfacet
facet normal -0.15495287924308038 0.6900293397153908 -0.7070000817158518
outer loop
vertex 13.277536392211914 -3.104099988937378 -16.200000762939453
vertex 12.831653594970703 -1.667335033416748 -14.699999809265137
vertex 12.913065910339355 -1.6490530967712402 -14.699999809265137
endloop
endfacet
facet normal -0.15495097490570384 0.6900298482602603 -0.7070000027480156
outer loop
vertex 13.124288558959961 -3.1385128498077393 -16.200000762939453
vertex 12.831653594970703 -1.667335033416748 -14.699999809265137
vertex 13.277536392211914 -3.104099988937378 -16.200000762939453
endloop
endfacet
facet normal 0.0 -0.0 1.0
outer loop
vertex 13.865452766418457 1.0126888751983643 -16.200000762939453
vertex 13.868176460266113 2.892765760421753 -16.200000762939453
vertex 13.814117431640625 1.0784685611724854 -16.200000762939453
endloop
endfacet
facet normal 0.0 -0.0 1.0
outer loop
vertex 13.958138465881348 -0.8739746809005737 -16.299999237060547
vertex 14.036782264709473 -0.7268436551094055 -16.299999237060547
vertex 13.999266624450684 0.8013744354248047 -16.299999237060547
endloop
endfacet
facet normal -0.8819197016378149 0.4713996604401275 0.0
outer loop
vertex 13.958138465881348 -0.8739746809005737 -16.299999237060547
vertex 14.036782264709473 -0.7268436551094055 -16.200000762939453
vertex 14.036782264709473 -0.7268436551094055 -16.299999237060547
endloop
endfacet
facet normal -0.7883443118244675 -0.6152343017209027 0.0
outer loop
vertex 13.865452766418457 1.0126888751983643 -16.299999237060547
vertex 13.865452766418457 1.0126888751983643 -16.200000762939453
vertex 13.814117431640625 1.0784685611724854 -16.200000762939453
endloop
endfacet
facet normal 0.0 -0.0 1.0
outer loop
vertex 13.958138465881348 -0.8739746809005737 -16.299999237060547
vertex 13.999266624450684 0.8013744354248047 -16.299999237060547
vertex 13.865452766418457 1.0126888751983643 -16.299999237060547
endloop
endfacet
facet normal -0.8819197016378149 0.4713996604401275 0.0
outer loop
vertex 13.958138465881348 -0.8739746809005737 -16.299999237060547
vertex 13.958138465881348 -0.8739746809005737 -16.200000762939453
vertex 14.036782264709473 -0.7268436551094055 -16.200000762939453
endloop
endfacet
facet normal -0.7883443118244675 -0.6152343017209027 -0.0
outer loop
vertex 13.865452766418457 1.0126888751983643 -16.299999237060547
vertex 13.814117431640625 1.0784685611724854 -16.200000762939453
vertex 13.814117431640625 1.0784685611724854 -16.299999237060547
endloop
endfacet
facet normal 0.0 -0.0 1.0
outer loop
vertex 13.814117431640625 -1.0784685611724854 -16.299999237060547
vertex 13.958138465881348 -0.8739746809005737 -16.299999237060547
vertex 13.865452766418457 1.0126888751983643 -16.299999237060547
endloop
endfacet
facet normal -0.7242478650728859 -0.6895397232483177 0.0
outer loop
vertex 13.641650199890137 1.2596169710159302 -16.200000762939453
vertex 13.814117431640625 1.0784685611724854 -16.299999237060547
vertex 13.814117431640625 1.0784685611724854 -16.200000762939453
endloop
endfacet
facet normal -0.8175844470797772 0.5758087111995225 0.0
outer loop
vertex 13.814117431640625 -1.0784685611724854 -16.299999237060547
vertex 13.958138465881348 -0.8739746809005737 -16.200000762939453
vertex 13.958138465881348 -0.8739746809005737 -16.299999237060547
endloop
endfacet
facet normal 0.0 -0.0 1.0
outer loop
vertex 13.814117431640625 -1.0784685611724854 -16.299999237060547
vertex 13.865452766418457 1.0126888751983643 -16.299999237060547
vertex 13.814117431640625 1.0784685611724854 -16.299999237060547
endloop
endfacet
facet normal -0.7242478650728859 -0.6895397232483177 0.0
outer loop
vertex 13.641650199890137 1.2596169710159302 -16.299999237060547
vertex 13.814117431640625 1.0784685611724854 -16.299999237060547
vertex 13.641650199890137 1.2596169710159302 -16.200000762939453
endloop
endfacet
facet normal -0.8175844470797772 0.5758087111995225 0.0
outer loop
vertex 13.814117431640625 -1.0784685611724854 -16.299999237060547
vertex 13.814117431640625 -1.0784685611724854 -16.200000762939453
vertex 13.958138465881348 -0.8739746809005737 -16.200000762939453
endloop
endfacet
facet normal 0.0 0.0 1.0
outer loop
vertex 13.641650199890137 -1.2596169710159302 -16.299999237060547
vertex 13.814117431640625 -1.0784685611724854 -16.299999237060547
vertex 13.814117431640625 1.0784685611724854 -16.299999237060547
endloop
endfacet
facet normal 0.0 -0.0 1.0
outer loop
vertex 13.641650199890137 -1.2596169710159302 -16.299999237060547
vertex 13.814117431640625 1.0784685611724854 -16.299999237060547
vertex 13.641650199890137 1.2596169710159302 -16.299999237060547
endloop
endfacet
facet normal 0.0 -0.0 1.0
outer loop
vertex 13.578468322753906 -1.3141177892684937 -16.299999237060547
vertex 13.641650199890137 1.2596169710159302 -16.299999237060547
vertex 13.578468322753906 1.3141177892684937 -16.299999237060547
endloop
endfacet
facet normal -0.7242478650728859 0.6895397232483177 0.0
outer loop
vertex 13.641650199890137 -1.2596169710159302 -16.299999237060547
vertex 13.814117431640625 -1.0784685611724854 -16.200000762939453
vertex 13.814117431640625 -1.0784685611724854 -16.299999237060547
endloop
endfacet
facet normal 0.0 0.0 1.0
outer loop
vertex 13.578468322753906 -1.3141177892684937 -16.299999237060547
vertex 13.641650199890137 -1.2596169710159302 -16.299999237060547
vertex 13.641650199890137 1.2596169710159302 -16.299999237060547
endloop
endfacet
facet normal -0.6531711678289489 0.7572102914758666 0.0
outer loop
vertex 13.578468322753906 -1.3141177892684937 -16.299999237060547
vertex 13.578468322753906 -1.3141177892684937 -16.200000762939453
vertex 13.641650199890137 -1.2596169710159302 -16.200000762939453
endloop
endfacet
facet normal -0.7242478650728859 0.6895397232483177 0.0
outer loop
vertex 13.641650199890137 -1.2596169710159302 -16.299999237060547
vertex 13.641650199890137 -1.2596169710159302 -16.200000762939453
vertex 13.814117431640625 -1.0784685611724854 -16.200000762939453
endloop
endfacet
facet normal -0.6531711678289489 0.7572102914758666 0.0
outer loop
vertex 13.578468322753906 -1.3141177892684937 -16.299999237060547
vertex 13.641650199890137 -1.2596169710159302 -16.200000762939453
vertex 13.641650199890137 -1.2596169710159302 -16.299999237060547
endloop
endfacet
facet normal 0.0 -0.0 1.0
outer loop
vertex 13.373974800109863 -1.4581385850906372 -16.299999237060547
vertex 13.578468322753906 1.3141177892684937 -16.299999237060547
vertex 13.373974800109863 1.4581385850906372 -16.299999237060547
endloop
endfacet
facet normal 0.0 0.0 1.0
outer loop
vertex 13.373974800109863 -1.4581385850906372 -16.299999237060547
vertex 13.578468322753906 -1.3141177892684937 -16.299999237060547
vertex 13.578468322753906 1.3141177892684937 -16.299999237060547
endloop
endfacet
facet normal 0.0 0.0 1.0
outer loop
vertex 13.150562286376953 -1.5705952644348145 -16.299999237060547
vertex 13.373974800109863 -1.4581385850906372 -16.299999237060547
vertex 13.373974800109863 1.4581385850906372 -16.299999237060547
endloop
endfacet
facet normal -0.5758087471493012 0.8175844217610511 0.0
outer loop
vertex 13.373974800109863 -1.4581385850906372 -16.299999237060547
vertex 13.578468322753906 -1.3141177892684937 -16.200000762939453
vertex 13.578468322753906 -1.3141177892684937 -16.299999237060547
endloop
endfacet
facet normal -0.44961219195843377 0.8932238671477226 0.0
outer loop
vertex 13.150562286376953 -1.5705952644348145 -16.299999237060547
vertex 13.373974800109863 -1.4581385850906372 -16.200000762939453
vertex 13.373974800109863 -1.4581385850906372 -16.299999237060547
endloop
endfacet
facet normal -0.5758087471493012 0.8175844217610511 0.0
outer loop
vertex 13.373974800109863 -1.4581385850906372 -16.299999237060547
vertex 13.373974800109863 -1.4581385850906372 -16.200000762939453
vertex 13.578468322753906 -1.3141177892684937 -16.200000762939453
endloop
endfacet
facet normal -0.44961219195843377 0.8932238671477226 0.0
outer loop
vertex 13.150562286376953 -1.5705952644348145 -16.299999237060547
vertex 13.150562286376953 -1.5705952644348145 -16.200000762939453
vertex 13.373974800109863 -1.4581385850906372 -16.200000762939453
endloop
endfacet
facet normal -0.18862215129760354 0.6815956069516026 -0.7070000796493169
outer loop
vertex 13.428911209106445 -3.062209129333496 -16.200000762939453
vertex 12.913065910339355 -1.6490530967712402 -14.699999809265137
vertex 12.993483543395996 -1.6267986297607422 -14.699999809265137
endloop
endfacet
facet normal 0.0 -0.0 0.9999999999999999
outer loop
vertex 13.578047752380371 -3.0129411220550537 -16.200000762939453
vertex 13.578468322753906 -1.3141177892684937 -16.200000762939453
vertex 13.373974800109863 -1.4581385850906372 -16.200000762939453
endloop
endfacet
facet normal -0.22183973503568172 0.6715191677440043 -0.707000098523118
outer loop
vertex 13.428911209106445 -3.062209129333496 -16.200000762939453
vertex 12.993483543395996 -1.6267986297607422 -14.699999809265137
vertex 13.578047752380371 -3.0129411220550537 -16.200000762939453
endloop
endfacet
facet normal 0.0 -0.0 1.0
outer loop
vertex 13.277536392211914 -3.104099988937378 -16.200000762939453
vertex 13.373974800109863 -1.4581385850906372 -16.200000762939453
vertex 13.150562286376953 -1.5705952644348145 -16.200000762939453
endloop
endfacet
facet normal -0.18862204366429056 0.6815956414345916 -0.7070000751211234
outer loop
vertex 13.277536392211914 -3.104099988937378 -16.200000762939453
vertex 12.913065910339355 -1.6490530967712402 -14.699999809265137
vertex 13.428911209106445 -3.062209129333496 -16.200000762939453
endloop
endfacet
facet normal 0.0 -0.0 1.0
outer loop
vertex 13.428911209106445 -3.062209129333496 -16.200000762939453
vertex 13.578047752380371 -3.0129411220550537 -16.200000762939453
vertex 13.373974800109863 -1.4581385850906372 -16.200000762939453
endloop
endfacet
facet normal 0.0 -0.0 1.0
outer loop
vertex 13.277536392211914 -3.104099988937378 -16.200000762939453
vertex 13.428911209106445 -3.062209129333496 -16.200000762939453
vertex 13.373974800109863 -1.4581385850906372 -16.200000762939453
endloop
endfacet
facet normal 0.0 -0.0 1.0
outer loop
vertex 14.008469581604004 -2.822148084640503 -16.200000762939453
vertex 14.036782264709473 -0.7268436551094055 -16.200000762939453
vertex 13.958138465881348 -0.8739746809005737 -16.200000762939453
endloop
endfacet
facet normal 0.0 -0.0 1.0
outer loop
vertex 13.868176460266113 -2.892765760421753 -16.200000762939453
vertex 13.958138465881348 -0.8739746809005737 -16.200000762939453
vertex 13.814117431640625 -1.0784685611724854 -16.200000762939453
endloop
endfacet
facet normal -0.3331006990757545 0.6231870773177699 -0.7075887159497242
outer loop
vertex 14.008469581604004 -2.822148084640503 -16.200000762939453
vertex 13.22684383392334 -1.5367817878723145 -14.699999809265137
vertex 13.373974800109863 -1.4581385850906372 -14.699999809265137
endloop
endfacet
facet normal 0.0 -0.0 1.0
outer loop
vertex 13.868176460266113 -2.892765760421753 -16.200000762939453
vertex 14.008469581604004 -2.822148084640503 -16.200000762939453
vertex 13.958138465881348 -0.8739746809005737 -16.200000762939453
endloop
endfacet
facet normal 0.0 -0.0 1.0
outer loop
vertex 13.724587440490723 -2.9564144611358643 -16.200000762939453
vertex 13.868176460266113 -2.892765760421753 -16.200000762939453
vertex 13.814117431640625 -1.0784685611724854 -16.200000762939453
endloop
endfacet
facet normal -0.4713970301294807 0.8819211075743143 0.0
outer loop
vertex 13.22684383392334 -1.5367817878723145 -14.699999809265137
vertex 13.373974800109863 -1.4581385850906372 -10.350000381469727
vertex 13.373974800109863 -1.4581385850906372 -14.699999809265137
endloop
endfacet
facet normal -0.31797138987651197 0.6317001839611323 -0.7070000514876011
outer loop
vertex 13.868176460266113 -2.892765760421753 -16.200000762939453
vertex 13.22684383392334 -1.5367817878723145 -14.699999809265137
vertex 14.008469581604004 -2.822148084640503 -16.200000762939453
endloop
endfacet
facet normal -0.286592384418787 0.646541391922899 -0.7070000238497552
outer loop
vertex 13.724587440490723 -2.9564144611358643 -16.200000762939453
vertex 13.150562286376953 -1.5705952644348145 -14.699999809265137
vertex 13.868176460266113 -2.892765760421753 -16.200000762939453
endloop
endfacet
facet normal -0.40524162504740596 0.9142052646284651 -0.0028212505269802524
outer loop
vertex 13.150562286376953 -1.5705952644348145 -14.699999809265137
vertex 13.373974800109863 -1.4581385850906372 -10.350000381469727
vertex 13.22684383392334 -1.5367817878723145 -14.699999809265137
endloop
endfacet
facet normal -0.28659347786274547 0.6465408538415902 -0.7070000726734923
outer loop
vertex 13.868176460266113 -2.892765760421753 -16.200000762939453
vertex 13.150562286376953 -1.5705952644348145 -14.699999809265137
vertex 13.22684383392334 -1.5367817878723145 -14.699999809265137
endloop
endfacet
facet normal 0.0 0.0 0.9999999999999999
outer loop
vertex 10.850946426391602 -0.4130662977695465 -10.350000381469727
vertex 10.818400382995605 -0.24944180250167847 -10.350000381469727
vertex 9.0 2.020725965499878 -10.350000381469727
endloop
endfacet
facet normal 0.9807863038144393 0.19508517691001134 -0.0
outer loop
vertex 10.818400382995605 -0.24944180250167847 -14.699999809265137
vertex 10.818400382995605 -0.24944180250167847 -10.350000381469727
vertex 10.850946426391602 -0.4130662977695465 -10.350000381469727
endloop
endfacet
facet normal 0.9951844663066016 0.0980197838298191 0.0
outer loop
vertex 10.818400382995605 -0.24944180250167847 -14.699999809265137
vertex 10.802047729492188 -0.08341504633426666 -14.699999809265137
vertex 10.818400382995605 -0.24944180250167847 -10.350000381469727
endloop
endfacet
facet normal 0.7032216514105052 0.06926317340093 -0.7075888084176534
outer loop
vertex 9.315408706665039 -0.3136548399925232 -16.200000762939453
vertex 10.802047729492188 -0.08341504633426666 -14.699999809265137
vertex 10.818400382995605 -0.24944180250167847 -14.699999809265137
endloop
endfacet
facet normal 0.7052975218611092 -0.05202330734545984 -0.7069999866686123
outer loop
vertex 9.303854942321777 0.1570165604352951 -16.200000762939453
vertex 9.315408706665039 0.3136548399925232 -16.200000762939453
vertex 10.802047729492188 0.08341504633426666 -14.699999809265137
endloop
endfacet
facet normal 0.7052975218611092 0.05202330734545984 -0.7069999866686123
outer loop
vertex 9.315408706665039 -0.3136548399925232 -16.200000762939453
vertex 9.303854942321777 -0.1570165604352951 -16.200000762939453
vertex 10.802047729492188 -0.08341504633426666 -14.699999809265137
endloop
endfacet
facet normal 0.0 -0.0 0.9999999999999999
outer loop
vertex 9.303854942321777 -0.1570165604352951 -16.200000762939453
vertex 9.315408706665039 0.3136548399925232 -16.200000762939453
vertex 9.303854942321777 0.1570165604352951 -16.200000762939453
endloop
endfacet
facet normal 0.0 -0.0 0.9999999999999999
outer loop
vertex 9.315408706665039 -0.3136548399925232 -16.200000762939453
vertex 9.315408706665039 0.3136548399925232 -16.200000762939453
vertex 9.303854942321777 -0.1570165604352951 -16.200000762939453
endloop
endfacet
facet normal 0.6815953148506866 -0.18862354671471288 -0.7069999889663054
outer loop
vertex 9.395899772644043 0.7775365710258484 -16.200000762939453
vertex 9.437790870666504 0.9289109706878662 -16.200000762939453
vertex 10.850946426391602 0.4130662977695465 -14.699999809265137
endloop
endfacet
facet normal 0.0 -0.0 1.0
outer loop
vertex 9.395899772644043 -0.7775365710258484 -16.200000762939453
vertex 9.437790870666504 0.9289109706878662 -16.200000762939453
vertex 9.395899772644043 0.7775365710258484 -16.200000762939453
endloop
endfacet
facet normal 0.963771061524277 0.2667159190367874 -0.0028212587137706486
outer loop
vertex 10.850946426391602 -0.4130662977695465 -14.699999809265137
vertex 10.929405212402344 -0.6505618095397949 -10.350000381469727
vertex 10.873201370239258 -0.4934839606285095 -14.699999809265137
endloop
endfacet
facet normal -0.0 0.0 1.0
outer loop
vertex 9.395899772644043 -0.7775365710258484 -16.200000762939453
vertex 9.437790870666504 -0.9289109706878662 -16.200000762939453
vertex 9.437790870666504 0.9289109706878662 -16.200000762939453
endloop
endfacet
facet normal 0.6815945805010182 0.1886258388598062 -0.707000085393259
outer loop
vertex 9.437790870666504 -0.9289109706878662 -16.200000762939453
vertex 10.850946426391602 -0.4130662977695465 -14.699999809265137
vertex 10.873201370239258 -0.4934839606285095 -14.699999809265137
endloop
endfacet
facet normal 0.6815953148506866 0.18862354671471288 -0.7069999889663054
outer loop
vertex 9.395899772644043 -0.7775365710258484 -16.200000762939453
vertex 10.850946426391602 -0.4130662977695465 -14.699999809265137
vertex 9.437790870666504 -0.9289109706878662 -16.200000762939453
endloop
endfacet
facet normal 0.9757039120698964 -0.2190912834166451 -0.0009410113428089626
outer loop
vertex 10.83266544342041 0.33165353536605835 -14.699999809265137
vertex 10.850946426391602 0.4130662977695465 -14.699999809265137
vertex 10.818400382995605 0.24944180250167847 -10.350000381469727
endloop
endfacet
facet normal 0.985277263578326 0.17096148214412232 -0.0009410093999723514
outer loop
vertex 10.83266544342041 -0.33165353536605835 -14.699999809265137
vertex 10.818400382995605 -0.24944180250167847 -14.699999809265137
vertex 10.850946426391602 -0.4130662977695465 -10.350000381469727
endloop
endfacet
facet normal 0.6900311652716814 -0.1549443552769375 -0.7070001681199374
outer loop
vertex 9.36148738861084 0.6242890357971191 -16.200000762939453
vertex 10.850946426391602 0.4130662977695465 -14.699999809265137
vertex 10.83266544342041 0.33165353536605835 -14.699999809265137
endloop
endfacet
facet normal 0.6968016596807398 0.12090631632649411 -0.70700007760857
outer loop
vertex 9.36148738861084 -0.6242890357971191 -16.200000762939453
vertex 10.818400382995605 -0.24944180250167847 -14.699999809265137
vertex 10.83266544342041 -0.33165353536605835 -14.699999809265137
endloop
endfacet
facet normal 0.6900302749671426 -0.15494922499904903 -0.706999969802661
outer loop
vertex 9.36148738861084 0.6242890357971191 -16.200000762939453
vertex 9.395899772644043 0.7775365710258484 -16.200000762939453
vertex 10.850946426391602 0.4130662977695465 -14.699999809265137
endloop
endfacet
facet normal 0.6968009807587197 0.1209094726719981 -0.7070002069531985
outer loop
vertex 9.36148738861084 -0.6242890357971191 -16.200000762939453
vertex 9.334634780883789 -0.46953752636909485 -16.200000762939453
vertex 10.818400382995605 -0.24944180250167847 -14.699999809265137
endloop
endfacet
facet normal 0.0 -0.0 1.0
outer loop
vertex 9.36148738861084 -0.6242890357971191 -16.200000762939453
vertex 9.395899772644043 0.7775365710258484 -16.200000762939453
vertex 9.36148738861084 0.6242890357971191 -16.200000762939453
endloop
endfacet
facet normal 0.0 -0.0 1.0
outer loop
vertex 9.36148738861084 -0.6242890357971191 -16.200000762939453
vertex 9.36148738861084 0.6242890357971191 -16.200000762939453
vertex 9.334634780883789 -0.46953752636909485 -16.200000762939453
endloop
endfacet
facet normal -0.0 0.0 1.0
outer loop
vertex 9.0 2.020725965499878 -10.350000381469727
vertex 11.000733375549316 0.8013744354248047 -10.350000381469727
vertex 11.134547233581543 1.0126888751983643 -10.350000381469727
endloop
endfacet
facet normal -0.0 0.0 1.0
outer loop
vertex 9.0 2.020725965499878 -10.350000381469727
vertex 10.929405212402344 0.6505618095397949 -10.350000381469727
vertex 11.000733375549316 0.8013744354248047 -10.350000381469727
endloop
endfacet
facet normal 0.8175839423075492 -0.5758025175964278 -0.0028209945873356027
outer loop
vertex 11.086502075195312 0.9444693922996521 -14.699999809265137
vertex 11.134547233581543 1.0126888751983643 -14.699999809265137
vertex 11.000733375549316 0.8013744354248047 -10.350000381469727
endloop
endfacet
facet normal 0.9039913704545944 -0.4275507012549789 0.0
outer loop
vertex 11.000733375549316 0.8013744354248047 -14.699999809265137
vertex 11.000733375549316 0.8013744354248047 -10.350000381469727
vertex 10.929405212402344 0.6505618095397949 -10.350000381469727
endloop
endfacet
facet normal 0.6153373513592072 -0.34858417049345847 -0.707000014217555
outer loop
vertex 9.677851676940918 1.508469581604004 -16.200000762939453
vertex 9.755268096923828 1.6451287269592285 -16.200000762939453
vertex 11.000733375549316 0.8013744354248047 -14.699999809265137
endloop
endfacet
facet normal 0.8577262756304085 -0.5141066388339957 0.0
outer loop
vertex 11.000733375549316 0.8013744354248047 -14.699999809265137
vertex 11.086502075195312 0.9444693922996521 -14.699999809265137
vertex 11.000733375549316 0.8013744354248047 -10.350000381469727
endloop
endfacet
facet normal 0.6060903646550797 -0.36328032503548846 -0.707588775571223
outer loop
vertex 9.755268096923828 1.6451287269592285 -16.200000762939453
vertex 11.086502075195312 0.9444693922996521 -14.699999809265137
vertex 11.000733375549316 0.8013744354248047 -14.699999809265137
endloop
endfacet
facet normal -0.0 0.0 1.0
outer loop
vertex 9.0 2.020725965499878 -10.350000381469727
vertex 10.818400382995605 0.24944180250167847 -10.350000381469727
vertex 10.850946426391602 0.4130662977695465 -10.350000381469727
endloop
endfacet
facet normal 0.9807863038144393 -0.19508517691001134 0.0
outer loop
vertex 10.850946426391602 0.4130662977695465 -14.699999809265137
vertex 10.850946426391602 0.4130662977695465 -10.350000381469727
vertex 10.818400382995605 0.24944180250167847 -10.350000381469727
endloop
endfacet
facet normal 0.956939828187212 -0.29028635040082235 0.0
outer loop
vertex 10.850946426391602 0.4130662977695465 -14.699999809265137
vertex 10.899374961853027 0.572712779045105 -14.699999809265137
vertex 10.850946426391602 0.4130662977695465 -10.350000381469727
endloop
endfacet
facet normal 0.676197194639597 -0.20512346753823435 -0.7075886637211125
outer loop
vertex 9.437790870666504 0.9289109706878662 -16.200000762939453
vertex 10.899374961853027 0.572712779045105 -14.699999809265137
vertex 10.850946426391602 0.4130662977695465 -14.699999809265137
endloop
endfacet
facet normal 0.6715195047435909 -0.22183877283403133 -0.7070000803510658
outer loop
vertex 9.437790870666504 0.9289109706878662 -16.200000762939453
vertex 9.487058639526367 1.078047513961792 -16.200000762939453
vertex 10.899374961853027 0.572712779045105 -14.699999809265137
endloop
endfacet
facet normal 0.9495280261567809 0.31368079543706257 -0.0009413377604931718
outer loop
vertex 10.899374961853027 -0.572712779045105 -14.699999809265137
vertex 10.873201370239258 -0.4934839606285095 -14.699999809265137
vertex 10.929405212402344 -0.6505618095397949 -10.350000381469727
endloop
endfacet
facet normal 0.0 -0.0 0.9999999999999999
outer loop
vertex 9.437790870666504 -0.9289109706878662 -16.200000762939453
vertex 9.487058639526367 1.078047513961792 -16.200000762939453
vertex 9.437790870666504 0.9289109706878662 -16.200000762939453
endloop
endfacet
facet normal 0.6715192964314439 0.22183937835782402 -0.7070000882107673
outer loop
vertex 9.487058639526367 -1.078047513961792 -16.200000762939453
vertex 10.873201370239258 -0.4934839606285095 -14.699999809265137
vertex 10.899374961853027 -0.572712779045105 -14.699999809265137
endloop
endfacet
facet normal 0.0 -0.0 1.0
outer loop
vertex 9.487058639526367 -1.078047513961792 -16.200000762939453
vertex 9.487058639526367 1.078047513961792 -16.200000762939453
vertex 9.437790870666504 -0.9289109706878662 -16.200000762939453
endloop
endfacet
facet normal 0.6715195216538037 0.22183877842037814 -0.7070000625366315
outer loop
vertex 9.487058639526367 -1.078047513961792 -16.200000762939453
vertex 9.437790870666504 -0.9289109706878662 -16.200000762939453
vertex 10.873201370239258 -0.4934839606285095 -14.699999809265137
endloop
endfacet
facet normal -0.0 0.0 0.9999999999999999
outer loop
vertex 12.254661560058594 4.993977069854736 -8.149999618530273
vertex 12.5 4.041451930999756 -8.149999618530273
vertex 12.5 5.0 -8.149999618530273
endloop
endfacet
facet normal -0.024542081650990883 0.9996987977527212 0.0
outer loop
vertex 12.254661560058594 4.993977069854736 -19.299999237060547
vertex 12.254661560058594 4.993977069854736 -8.149999618530273
vertex 12.5 5.0 -8.149999618530273
endloop
endfacet
facet normal -0.024542081650990883 0.9996987977527212 0.0
outer loop
vertex 12.254661560058594 4.993977069854736 -19.299999237060547
vertex 12.5 5.0 -8.149999618530273
vertex 12.5 5.0 -19.299999237060547
endloop
endfacet
facet normal 0.0 -0.0 -1.0
outer loop
vertex 12.254661560058594 4.993977069854736 -19.299999237060547
vertex 12.5 5.0 -19.299999237060547
vertex 12.34788990020752 3.096266031265259 -19.299999237060547
endloop
endfacet
facet normal 0.024539783564642606 -0.9996988541668937 0.0
outer loop
vertex 12.34788990020752 3.096266031265259 -16.799999237060547
vertex 12.34788990020752 3.096266031265259 -19.299999237060547
vertex 12.5 3.0999999046325684 -16.799999237060547
endloop
endfacet
facet normal 0.0 -0.0 -1.0
outer loop
vertex 12.5 5.0 -19.299999237060547
vertex 12.5 3.0999999046325684 -19.299999237060547
vertex 12.34788990020752 3.096266031265259 -19.299999237060547
endloop
endfacet
facet normal 0.024539783564642606 -0.9996988541668937 0.0
outer loop
vertex 12.5 3.0999999046325684 -16.799999237060547
vertex 12.34788990020752 3.096266031265259 -19.299999237060547
vertex 12.5 3.0999999046325684 -19.299999237060547
endloop
endfacet
facet normal -0.0 -0.0 0.9999999999999999
outer loop
vertex 12.00991439819336 4.975923538208008 -8.149999618530273
vertex 12.5 4.041451930999756 -8.149999618530273
vertex 12.254661560058594 4.993977069854736 -8.149999618530273
endloop
endfacet
facet normal -0.07356414367639032 0.9972904876540032 0.0
outer loop
vertex 12.00991439819336 4.975923538208008 -19.299999237060547
vertex 12.00991439819336 4.975923538208008 -8.149999618530273
vertex 12.254661560058594 4.993977069854736 -8.149999618530273
endloop
endfacet
facet normal -0.07356414367639032 0.9972904876540032 0.0
outer loop
vertex 12.00991439819336 4.975923538208008 -19.299999237060547
vertex 12.254661560058594 4.993977069854736 -8.149999618530273
vertex 12.254661560058594 4.993977069854736 -19.299999237060547
endloop
endfacet
facet normal 0.0 -0.0 -1.0
outer loop
vertex 12.00991439819336 4.975923538208008 -19.299999237060547
vertex 12.254661560058594 4.993977069854736 -19.299999237060547
vertex 12.196146965026855 3.0850727558135986 -19.299999237060547
endloop
endfacet
facet normal 0.07356485187010879 -0.997290435414543 0.0
outer loop
vertex 12.196146965026855 3.0850727558135986 -16.799999237060547
vertex 12.196146965026855 3.0850727558135986 -19.299999237060547
vertex 12.34788990020752 3.096266031265259 -16.799999237060547
endloop
endfacet
facet normal 0.0 -0.0 -1.0
outer loop
vertex 12.254661560058594 4.993977069854736 -19.299999237060547
vertex 12.34788990020752 3.096266031265259 -19.299999237060547
vertex 12.196146965026855 3.0850727558135986 -19.299999237060547
endloop
endfacet
facet normal 0.07356485187010879 -0.997290435414543 0.0
outer loop
vertex 12.34788990020752 3.096266031265259 -16.799999237060547
vertex 12.196146965026855 3.0850727558135986 -19.299999237060547
vertex 12.34788990020752 3.096266031265259 -19.299999237060547
endloop
endfacet
facet normal 0.0 -0.0 1.0
outer loop
vertex 12.99008560180664 -4.975923538208008 -8.149999618530273
vertex 13.233652114868164 -4.945882320404053 -8.149999618530273
vertex 12.5 -4.041451930999756 -8.149999618530273
endloop
endfacet
facet normal 0.0 0.0 -1.0
outer loop
vertex 12.5 -3.0999999046325684 -16.799999237060547
vertex 12.5 3.0999999046325684 -16.799999237060547
vertex 12.65211009979248 3.096266031265259 -16.799999237060547
endloop
endfacet
facet normal 0.0 -0.0 0.9999999999999999
outer loop
vertex 12.745338439941406 -4.993977069854736 -8.149999618530273
vertex 12.99008560180664 -4.975923538208008 -8.149999618530273
vertex 12.5 -4.041451930999756 -8.149999618530273
endloop
endfacet
facet normal 0.0 0.0 -1.0
outer loop
vertex 12.5 -3.0999999046325684 -16.799999237060547
vertex 12.65211009979248 3.096266031265259 -16.799999237060547
vertex 12.65211009979248 -3.096266031265259 -16.799999237060547
endloop
endfacet
facet normal 0.0 -0.0 0.9999999999999999
outer loop
vertex 12.5 -5.0 -8.149999618530273
vertex 12.745338439941406 -4.993977069854736 -8.149999618530273
vertex 12.5 -4.041451930999756 -8.149999618530273
endloop
endfacet
facet normal -0.024539783564642606 0.9996988541668937 0.0
outer loop
vertex 12.5 -3.0999999046325684 -16.799999237060547
vertex 12.65211009979248 -3.096266031265259 -16.799999237060547
vertex 12.65211009979248 -3.096266031265259 -19.299999237060547
endloop
endfacet
facet normal 0.024542081650990883 -0.9996987977527212 0.0
outer loop
vertex 12.745338439941406 -4.993977069854736 -19.299999237060547
vertex 12.745338439941406 -4.993977069854736 -8.149999618530273
vertex 12.5 -5.0 -8.149999618530273
endloop
endfacet
facet normal -0.024539783564642606 0.9996988541668937 0.0
outer loop
vertex 12.5 -3.0999999046325684 -16.799999237060547
vertex 12.65211009979248 -3.096266031265259 -19.299999237060547
vertex 12.5 -3.0999999046325684 -19.299999237060547
endloop
endfacet
facet normal 0.024542081650990883 -0.9996987977527212 0.0
outer loop
vertex 12.5 -5.0 -19.299999237060547
vertex 12.745338439941406 -4.993977069854736 -19.299999237060547
vertex 12.5 -5.0 -8.149999618530273
endloop
endfacet
facet normal 0.0 0.0 -1.0
outer loop
vertex 12.5 -5.0 -19.299999237060547
vertex 12.5 -3.0999999046325684 -19.299999237060547
vertex 12.65211009979248 -3.096266031265259 -19.299999237060547
endloop
endfacet
facet normal 0.0 0.0 -1.0
outer loop
vertex 12.5 -5.0 -19.299999237060547
vertex 12.65211009979248 -3.096266031265259 -19.299999237060547
vertex 12.745338439941406 -4.993977069854736 -19.299999237060547
endloop
endfacet
facet normal 0.12241073892832852 -0.9924795267384716 0.0
outer loop
vertex 12.045135498046875 3.0664472579956055 -16.799999237060547
vertex 12.045135498046875 3.0664472579956055 -19.299999237060547
vertex 12.196146965026855 3.0850727558135986 -16.799999237060547
endloop
endfacet
facet normal 0.0 -0.0 -1.0
outer loop
vertex 12.00991439819336 4.975923538208008 -19.299999237060547
vertex 12.196146965026855 3.0850727558135986 -19.299999237060547
vertex 12.045135498046875 3.0664472579956055 -19.299999237060547
endloop
endfacet
facet normal 0.12241073892832852 -0.9924795267384716 0.0
outer loop
vertex 12.196146965026855 3.0850727558135986 -16.799999237060547
vertex 12.045135498046875 3.0664472579956055 -19.299999237060547
vertex 12.196146965026855 3.0850727558135986 -19.299999237060547
endloop
endfacet
facet normal 0.0 0.0 -1.0
outer loop
vertex 11.895219802856445 -3.0404343605041504 -16.799999237060547
vertex 11.895219802856445 3.0404343605041504 -16.799999237060547
vertex 12.045135498046875 3.0664472579956055 -16.799999237060547
endloop
endfacet
facet normal 0.0 0.0 -0.9999999999999999
outer loop
vertex 11.895219802856445 -3.0404343605041504 -16.799999237060547
vertex 12.045135498046875 3.0664472579956055 -16.799999237060547
vertex 12.045135498046875 -3.0664472579956055 -16.799999237060547
endloop
endfacet
facet normal -0.0 -0.0 1.0
outer loop
vertex 11.524548530578613 -4.903926372528076 -8.149999618530273
vertex 11.766347885131836 -4.945882320404053 -8.149999618530273
vertex 9.0 -2.020725965499878 -8.149999618530273
endloop
endfacet
facet normal 0.1709622507867606 0.9852775795713231 0.0
outer loop
vertex 11.895219802856445 -3.0404343605041504 -16.799999237060547
vertex 12.045135498046875 -3.0664472579956055 -16.799999237060547
vertex 12.045135498046875 -3.0664472579956055 -19.299999237060547
endloop
endfacet
facet normal -0.17096101776085287 -0.9852777935212857 0.0
outer loop
vertex 11.766347885131836 -4.945882320404053 -19.299999237060547
vertex 11.766347885131836 -4.945882320404053 -8.149999618530273
vertex 11.524548530578613 -4.903926372528076 -8.149999618530273
endloop
endfacet
facet normal 0.1709622507867606 0.9852775795713231 0.0
outer loop
vertex 11.895219802856445 -3.0404343605041504 -16.799999237060547
vertex 12.045135498046875 -3.0664472579956055 -19.299999237060547
vertex 11.895219802856445 -3.0404343605041504 -19.299999237060547
endloop
endfacet
facet normal 0.12241073892832852 0.9924795267384716 0.0
outer loop
vertex 12.045135498046875 -3.0664472579956055 -16.799999237060547
vertex 12.196146965026855 -3.0850727558135986 -19.299999237060547
vertex 12.045135498046875 -3.0664472579956055 -19.299999237060547
endloop
endfacet
facet normal -0.12241129211184755 -0.9924794585095995 0.0
outer loop
vertex 11.766347885131836 -4.945882320404053 -19.299999237060547
vertex 12.00991439819336 -4.975923538208008 -19.299999237060547
vertex 11.766347885131836 -4.945882320404053 -8.149999618530273
endloop
endfacet
facet normal 0.0 0.0 -1.0
outer loop
vertex 11.766347885131836 -4.945882320404053 -19.299999237060547
vertex 11.895219802856445 -3.0404343605041504 -19.299999237060547
vertex 12.045135498046875 -3.0664472579956055 -19.299999237060547
endloop
endfacet
facet normal 0.0 0.0 -1.0
outer loop
vertex 12.00991439819336 -4.975923538208008 -19.299999237060547
vertex 12.045135498046875 -3.0664472579956055 -19.299999237060547
vertex 12.196146965026855 -3.0850727558135986 -19.299999237060547
endloop
endfacet
facet normal 0.0 -0.0 -1.0
outer loop
vertex 11.766347885131836 -4.945882320404053 -19.299999237060547
vertex 12.045135498046875 -3.0664472579956055 -19.299999237060547
vertex 12.00991439819336 -4.975923538208008 -19.299999237060547
endloop
endfacet
facet normal 0.0 0.0 1.0
outer loop
vertex 11.185882568359375 -1.0784685611724854 -10.350000381469727
vertex 11.134547233581543 -1.0126888751983643 -10.350000381469727
vertex 12.5 -4.041451930999756 -10.350000381469727
endloop
endfacet
facet normal 0.7883443118244675 0.6152343017209027 -0.0
outer loop
vertex 11.134547233581543 -1.0126888751983643 -14.699999809265137
vertex 11.134547233581543 -1.0126888751983643 -10.350000381469727
vertex 11.185882568359375 -1.0784685611724854 -10.350000381469727
endloop
endfacet
facet normal 0.8175871954977489 0.5758048087313319 0.0
outer loop
vertex 11.134547233581543 -1.0126888751983643 -14.699999809265137
vertex 11.086502075195312 -0.9444693922996521 -14.699999809265137
vertex 11.134547233581543 -1.0126888751983643 -10.350000381469727
endloop
endfacet
facet normal 0.5782087734377278 0.40721698435283965 -0.7069999589633775
outer loop
vertex 9.929736137390137 -1.9062377214431763 -16.200000762939453
vertex 11.086502075195312 -0.9444693922996521 -14.699999809265137
vertex 11.134547233581543 -1.0126888751983643 -14.699999809265137
endloop
endfacet
facet normal 0.5782064748340244 0.4072199851947368 -0.7070001104087672
outer loop
vertex 9.8392972946167 -1.7778247594833374 -16.200000762939453
vertex 11.086502075195312 -0.9444693922996521 -14.699999809265137
vertex 9.929736137390137 -1.9062377214431763 -16.200000762939453
endloop
endfacet
facet normal -0.0 0.0 1.0
outer loop
vertex 9.8392972946167 -1.7778247594833374 -16.200000762939453
vertex 9.929736137390137 -1.9062377214431763 -16.200000762939453
vertex 9.929736137390137 1.9062377214431763 -16.200000762939453
endloop
endfacet
facet normal 0.9039913704545944 -0.4275507012549789 0.0
outer loop
vertex 10.929405212402344 0.6505618095397949 -14.699999809265137
vertex 11.000733375549316 0.8013744354248047 -14.699999809265137
vertex 10.929405212402344 0.6505618095397949 -10.350000381469727
endloop
endfacet
facet normal 0.9142133186967312 0.40523218247134635 -0.0009413856906169633
outer loop
vertex 10.963217735290527 -0.7268436551094055 -14.699999809265137
vertex 10.929405212402344 -0.6505618095397949 -14.699999809265137
vertex 11.000733375549316 -0.8013744354248047 -10.350000381469727
endloop
endfacet
facet normal 0.6387824156767663 -0.30211778419368074 -0.7075887717424969
outer loop
vertex 9.607234001159668 1.3681763410568237 -16.200000762939453
vertex 11.000733375549316 0.8013744354248047 -14.699999809265137
vertex 10.929405212402344 0.6505618095397949 -14.699999809265137
endloop
endfacet
facet normal 0.6465443993754606 0.2865858467223406 -0.7069999236878771
outer loop
vertex 9.607234001159668 -1.3681763410568237 -16.200000762939453
vertex 10.929405212402344 -0.6505618095397949 -14.699999809265137
vertex 10.963217735290527 -0.7268436551094055 -14.699999809265137
endloop
endfacet
facet normal 0.6317003286702555 -0.31797119253185424 -0.7070000109460832
outer loop
vertex 9.607234001159668 1.3681763410568237 -16.200000762939453
vertex 9.677851676940918 1.508469581604004 -16.200000762939453
vertex 11.000733375549316 0.8013744354248047 -14.699999809265137
endloop
endfacet
facet normal 0.6465423754854642 -0.28658995954321786 -0.7070001073483864
outer loop
vertex 9.543585777282715 1.2245869636535645 -16.200000762939453
vertex 9.607234001159668 1.3681763410568237 -16.200000762939453
vertex 10.929405212402344 0.6505618095397949 -14.699999809265137
endloop
endfacet
facet normal 0.6465423754854642 0.28658995954321786 -0.7070001073483864
outer loop
vertex 9.607234001159668 -1.3681763410568237 -16.200000762939453
vertex 9.543585777282715 -1.2245869636535645 -16.200000762939453
vertex 10.929405212402344 -0.6505618095397949 -14.699999809265137
endloop
endfacet
facet normal 0.0 -0.0 1.0
outer loop
vertex 9.607234001159668 -1.3681763410568237 -16.200000762939453
vertex 9.677851676940918 1.508469581604004 -16.200000762939453
vertex 9.607234001159668 1.3681763410568237 -16.200000762939453
endloop
endfacet
facet normal 0.0 -0.0 1.0
outer loop
vertex 9.543585777282715 -1.2245869636535645 -16.200000762939453
vertex 9.607234001159668 1.3681763410568237 -16.200000762939453
vertex 9.543585777282715 1.2245869636535645 -16.200000762939453
endloop
endfacet
facet normal 0.0 -0.0 1.0
outer loop
vertex 9.607234001159668 -1.3681763410568237 -16.200000762939453
vertex 9.607234001159668 1.3681763410568237 -16.200000762939453
vertex 9.543585777282715 -1.2245869636535645 -16.200000762939453
endloop
endfacet
facet normal 0.870080303656632 0.4929019242612535 -0.002821036748454951
outer loop
vertex 11.000733375549316 -0.8013744354248047 -14.699999809265137
vertex 11.134547233581543 -1.0126888751983643 -10.350000381469727
vertex 11.041861534118652 -0.8739746809005737 -14.699999809265137
endloop
endfacet
facet normal 0.6153348477688634 0.34858820416416675 -0.7070002044121846
outer loop
vertex 9.755268096923828 -1.6451287269592285 -16.200000762939453
vertex 11.000733375549316 -0.8013744354248047 -14.699999809265137
vertex 11.041861534118652 -0.8739746809005737 -14.699999809265137
endloop
endfacet
facet normal 0.6153373513592072 0.34858417049345847 -0.707000014217555
outer loop
vertex 9.755268096923828 -1.6451287269592285 -16.200000762939453
vertex 9.677851676940918 -1.508469581604004 -16.200000762939453
vertex 11.000733375549316 -0.8013744354248047 -14.699999809265137
endloop
endfacet
facet normal 0.0 -0.0 1.0
outer loop
vertex 9.677851676940918 -1.508469581604004 -16.200000762939453
vertex 9.755268096923828 1.6451287269592285 -16.200000762939453
vertex 9.677851676940918 1.508469581604004 -16.200000762939453
endloop
endfacet
facet normal 0.0 -0.0 1.0
outer loop
vertex 9.755268096923828 -1.6451287269592285 -16.200000762939453
vertex 9.755268096923828 1.6451287269592285 -16.200000762939453
vertex 9.677851676940918 -1.508469581604004 -16.200000762939453
endloop
endfacet
facet normal -0.0 0.0 0.9999999999999999
outer loop
vertex 12.5 5.0 -8.149999618530273
vertex 12.5 4.041451930999756 -8.149999618530273
vertex 12.745338439941406 4.993977069854736 -8.149999618530273
endloop
endfacet
facet normal 0.024542081650990883 0.9996987977527212 -0.0
outer loop
vertex 12.5 5.0 -19.299999237060547
vertex 12.5 5.0 -8.149999618530273
vertex 12.745338439941406 4.993977069854736 -8.149999618530273
endloop
endfacet
facet normal 0.024542081650990883 0.9996987977527212 0.0
outer loop
vertex 12.5 5.0 -19.299999237060547
vertex 12.745338439941406 4.993977069854736 -8.149999618530273
vertex 12.745338439941406 4.993977069854736 -19.299999237060547
endloop
endfacet
facet normal 0.0 -0.0 -0.9999999999999999
outer loop
vertex 12.5 5.0 -19.299999237060547
vertex 12.745338439941406 4.993977069854736 -19.299999237060547
vertex 12.5 3.0999999046325684 -19.299999237060547
endloop
endfacet
facet normal -0.024539783564642606 -0.9996988541668937 -0.0
outer loop
vertex 12.5 3.0999999046325684 -16.799999237060547
vertex 12.5 3.0999999046325684 -19.299999237060547
vertex 12.65211009979248 3.096266031265259 -16.799999237060547
endloop
endfacet
facet normal -0.0 0.0 -1.0
outer loop
vertex 12.745338439941406 4.993977069854736 -19.299999237060547
vertex 12.65211009979248 3.096266031265259 -19.299999237060547
vertex 12.5 3.0999999046325684 -19.299999237060547
endloop
endfacet
facet normal -0.024539783564642606 -0.9996988541668937 0.0
outer loop
vertex 12.65211009979248 3.096266031265259 -16.799999237060547
vertex 12.5 3.0999999046325684 -19.299999237060547
vertex 12.65211009979248 3.096266031265259 -19.299999237060547
endloop
endfacet
facet normal -0.0 -0.0 1.0
outer loop
vertex 12.745338439941406 4.993977069854736 -8.149999618530273
vertex 16.0 2.020725965499878 -8.149999618530273
vertex 12.99008560180664 4.975923538208008 -8.149999618530273
endloop
endfacet
facet normal 0.07356414367639032 0.9972904876540032 -0.0
outer loop
vertex 12.745338439941406 4.993977069854736 -19.299999237060547
vertex 12.745338439941406 4.993977069854736 -8.149999618530273
vertex 12.99008560180664 4.975923538208008 -8.149999618530273
endloop
endfacet
facet normal 0.07356414367639032 0.9972904876540032 0.0
outer loop
vertex 12.745338439941406 4.993977069854736 -19.299999237060547
vertex 12.99008560180664 4.975923538208008 -8.149999618530273
vertex 12.99008560180664 4.975923538208008 -19.299999237060547
endloop
endfacet
facet normal 0.0 -0.0 -1.0
outer loop
vertex 12.745338439941406 4.993977069854736 -19.299999237060547
vertex 12.99008560180664 4.975923538208008 -19.299999237060547
vertex 12.65211009979248 3.096266031265259 -19.299999237060547
endloop
endfacet
facet normal -0.07356485187010879 -0.997290435414543 -0.0
outer loop
vertex 12.65211009979248 3.096266031265259 -16.799999237060547
vertex 12.65211009979248 3.096266031265259 -19.299999237060547
vertex 12.803853034973145 3.0850727558135986 -16.799999237060547
endloop
endfacet
facet normal -0.0 0.0 -1.0
outer loop
vertex 12.99008560180664 4.975923538208008 -19.299999237060547
vertex 12.803853034973145 3.0850727558135986 -19.299999237060547
vertex 12.65211009979248 3.096266031265259 -19.299999237060547
endloop
endfacet
facet normal -0.07356485187010879 -0.997290435414543 0.0
outer loop
vertex 12.803853034973145 3.0850727558135986 -16.799999237060547
vertex 12.65211009979248 3.096266031265259 -19.299999237060547
vertex 12.803853034973145 3.0850727558135986 -19.299999237060547
endloop
endfacet
facet normal -0.0 0.0 1.0
outer loop
vertex 9.0 2.020725965499878 -10.350000381469727
vertex 11.626025199890137 1.4581385850906372 -10.350000381469727
vertex 11.849437713623047 1.5705952644348145 -10.350000381469727
endloop
endfacet
facet normal -0.0 0.0 1.0
outer loop
vertex 9.0 2.020725965499878 -10.350000381469727
vertex 11.421531677246094 1.3141177892684937 -10.350000381469727
vertex 11.626025199890137 1.4581385850906372 -10.350000381469727
endloop
endfacet
facet normal -0.0 0.0 1.0
outer loop
vertex 9.0 2.020725965499878 -10.350000381469727
vertex 11.358349800109863 1.2596169710159302 -10.350000381469727
vertex 11.421531677246094 1.3141177892684937 -10.350000381469727
endloop
endfacet
facet normal 0.653171167828949 -0.7572102914758667 0.0
outer loop
vertex 11.421531677246094 1.3141177892684937 -14.699999809265137
vertex 11.421531677246094 1.3141177892684937 -10.350000381469727
vertex 11.358349800109863 1.2596169710159302 -10.350000381469727
endloop
endfacet
facet normal 0.48765168712790513 -0.512197931002282 -0.7070000788672443
outer loop
vertex 10.237257957458496 2.262741804122925 -16.200000762939453
vertex 10.351011276245117 2.3710436820983887 -16.200000762939453
vertex 11.358349800109863 1.2596169710159302 -14.699999809265137
endloop
endfacet
facet normal 0.653171167828949 -0.7572102914758667 0.0
outer loop
vertex 11.358349800109863 1.2596169710159302 -14.699999809265137
vertex 11.421531677246094 1.3141177892684937 -14.699999809265137
vertex 11.358349800109863 1.2596169710159302 -10.350000381469727
endloop
endfacet
facet normal 0.4619314667875779 -0.5355093394136098 -0.7070000476607312
outer loop
vertex 10.351011276245117 2.3710436820983887 -16.200000762939453
vertex 11.421531677246094 1.3141177892684937 -14.699999809265137
vertex 11.358349800109863 1.2596169710159302 -14.699999809265137
endloop
endfacet
facet normal 0.0 -0.0 1.0
outer loop
vertex 12.33337116241455 1.6918140649795532 -10.350000381469727
vertex 12.583415031433105 1.6979522705078125 -10.350000381469727
vertex 12.5 4.041451930999756 -10.350000381469727
endloop
endfacet
facet normal 0.0 0.0 1.0
outer loop
vertex 12.250557899475098 1.6816000938415527 -10.350000381469727
vertex 12.33337116241455 1.6918140649795532 -10.350000381469727
vertex 12.5 4.041451930999756 -10.350000381469727
endloop
endfacet
facet normal 0.0 0.0 1.0
outer loop
vertex 12.006516456604004 1.6267986297607422 -10.350000381469727
vertex 12.250557899475098 1.6816000938415527 -10.350000381469727
vertex 12.5 4.041451930999756 -10.350000381469727
endloop
endfacet
facet normal 0.12240984127637755 -0.9924796374529262 0.0
outer loop
vertex 12.33337116241455 1.6918140649795532 -14.699999809265137
vertex 12.33337116241455 1.6918140649795532 -10.350000381469727
vertex 12.250557899475098 1.6816000938415527 -10.350000381469727
endloop
endfacet
facet normal 0.21910171782928883 -0.975702022773477 0.0
outer loop
vertex 12.250557899475098 1.6816000938415527 -14.699999809265137
vertex 12.250557899475098 1.6816000938415527 -10.350000381469727
vertex 12.006516456604004 1.6267986297607422 -10.350000381469727
endloop
endfacet
facet normal 0.12240984127637755 -0.9924796374529262 0.0
outer loop
vertex 12.250557899475098 1.6816000938415527 -14.699999809265137
vertex 12.33337116241455 1.6918140649795532 -14.699999809265137
vertex 12.250557899475098 1.6816000938415527 -10.350000381469727
endloop
endfacet
facet normal 0.12090689904073176 -0.6968016228560785 -0.7070000142499926
outer loop
vertex 12.250557899475098 1.6816000938415527 -14.699999809265137
vertex 11.875711441040039 3.1385128498077393 -16.200000762939453
vertex 12.030462265014648 3.1653647422790527 -16.200000762939453
endloop
endfacet
facet normal 0.08656989649473565 -0.701895032225755 -0.7070000118512709
outer loop
vertex 12.250557899475098 1.6816000938415527 -14.699999809265137
vertex 12.030462265014648 3.1653647422790527 -16.200000762939453
vertex 12.33337116241455 1.6918140649795532 -14.699999809265137
endloop
endfacet
facet normal 0.0 -0.0 0.9999999999999999
outer loop
vertex 11.421531677246094 1.3141177892684937 -16.200000762939453
vertex 11.571088790893555 3.062209129333496 -16.200000762939453
vertex 11.421952247619629 3.0129411220550537 -16.200000762939453
endloop
endfacet
facet normal 0.0 0.0 1.0
outer loop
vertex 11.358349800109863 1.2596169710159302 -16.200000762939453
vertex 11.421531677246094 1.3141177892684937 -16.200000762939453
vertex 11.421952247619629 3.0129411220550537 -16.200000762939453
endloop
endfacet
facet normal 0.7242478650728859 -0.6895397232483177 0.0
outer loop
vertex 11.185882568359375 1.0784685611724854 -16.299999237060547
vertex 11.358349800109863 1.2596169710159302 -16.299999237060547
vertex 11.185882568359375 1.0784685611724854 -16.200000762939453
endloop
endfacet
facet normal 0.6531711678289489 -0.7572102914758666 0.0
outer loop
vertex 11.358349800109863 1.2596169710159302 -16.200000762939453
vertex 11.421531677246094 1.3141177892684937 -16.299999237060547
vertex 11.421531677246094 1.3141177892684937 -16.200000762939453
endloop
endfacet
facet normal 0.7242478650728859 -0.6895397232483177 0.0
outer loop
vertex 11.185882568359375 1.0784685611724854 -16.200000762939453
vertex 11.358349800109863 1.2596169710159302 -16.299999237060547
vertex 11.358349800109863 1.2596169710159302 -16.200000762939453
endloop
endfacet
facet normal 0.0 -0.0 1.0
outer loop
vertex 11.185882568359375 -1.0784685611724854 -16.299999237060547
vertex 11.358349800109863 1.2596169710159302 -16.299999237060547
vertex 11.185882568359375 1.0784685611724854 -16.299999237060547
endloop
endfacet
facet normal 0.6531711678289489 -0.7572102914758666 0.0
outer loop
vertex 11.358349800109863 1.2596169710159302 -16.299999237060547
vertex 11.421531677246094 1.3141177892684937 -16.299999237060547
vertex 11.358349800109863 1.2596169710159302 -16.200000762939453
endloop
endfacet
facet normal -0.0 0.0 1.0
outer loop
vertex 11.185882568359375 -1.0784685611724854 -16.299999237060547
vertex 11.358349800109863 -1.2596169710159302 -16.299999237060547
vertex 11.358349800109863 1.2596169710159302 -16.299999237060547
endloop
endfacet
facet normal 0.0 -0.0 1.0
outer loop
vertex 11.358349800109863 -1.2596169710159302 -16.299999237060547
vertex 11.421531677246094 1.3141177892684937 -16.299999237060547
vertex 11.358349800109863 1.2596169710159302 -16.299999237060547
endloop
endfacet
facet normal 0.7242478650728859 0.6895397232483177 0.0
outer loop
vertex 11.185882568359375 -1.0784685611724854 -16.299999237060547
vertex 11.358349800109863 -1.2596169710159302 -16.200000762939453
vertex 11.358349800109863 -1.2596169710159302 -16.299999237060547
endloop
endfacet
facet normal -0.0 0.0 1.0
outer loop
vertex 11.358349800109863 -1.2596169710159302 -16.299999237060547
vertex 11.421531677246094 -1.3141177892684937 -16.299999237060547
vertex 11.421531677246094 1.3141177892684937 -16.299999237060547
endloop
endfacet
facet normal 0.6531711678289489 0.7572102914758666 -0.0
outer loop
vertex 11.358349800109863 -1.2596169710159302 -16.299999237060547
vertex 11.358349800109863 -1.2596169710159302 -16.200000762939453
vertex 11.421531677246094 -1.3141177892684937 -16.200000762939453
endloop
endfacet
facet normal 0.6531711678289489 0.7572102914758666 0.0
outer loop
vertex 11.358349800109863 -1.2596169710159302 -16.299999237060547
vertex 11.421531677246094 -1.3141177892684937 -16.200000762939453
vertex 11.421531677246094 -1.3141177892684937 -16.299999237060547
endloop
endfacet
facet normal 0.31368016869885523 -0.9495282333443005 -0.0009411945120040397
outer loop
vertex 11.927287101745605 1.600624918937683 -14.699999809265137
vertex 12.006516456604004 1.6267986297607422 -14.699999809265137
vertex 11.849437713623047 1.5705952644348145 -10.350000381469727
endloop
endfacet
facet normal 0.2545228751716981 -0.6598249770658026 -0.7070000747202545
outer loop
vertex 11.927287101745605 1.600624918937683 -14.699999809265137
vertex 11.275412559509277 2.9564144611358643 -16.200000762939453
vertex 11.421952247619629 3.0129411220550537 -16.200000762939453
endloop
endfacet
facet normal 0.22183894249200511 -0.6715194652730058 -0.7070000646064223
outer loop
vertex 11.927287101745605 1.600624918937683 -14.699999809265137
vertex 11.421952247619629 3.0129411220550537 -16.200000762939453
vertex 12.006516456604004 1.6267986297607422 -14.699999809265137
endloop
endfacet
facet normal 0.21910330951619061 -0.9757012114485469 -0.0009411359573881399
outer loop
vertex 12.086934089660645 1.6490530967712402 -14.699999809265137
vertex 12.168346405029297 1.667335033416748 -14.699999809265137
vertex 12.006516456604004 1.6267986297607422 -10.350000381469727
endloop
endfacet
facet normal 0.18862204366429056 -0.6815956414345916 -0.7070000751211234
outer loop
vertex 12.086934089660645 1.6490530967712402 -14.699999809265137
vertex 11.571088790893555 3.062209129333496 -16.200000762939453
vertex 11.722463607788086 3.104099988937378 -16.200000762939453
endloop
endfacet
facet normal 0.15495287924308038 -0.6900293397153908 -0.7070000817158518
outer loop
vertex 12.086934089660645 1.6490530967712402 -14.699999809265137
vertex 11.722463607788086 3.104099988937378 -16.200000762939453
vertex 12.168346405029297 1.667335033416748 -14.699999809265137
endloop
endfacet
facet normal 0.0 -0.0 1.0
outer loop
vertex 7.980053424835205 -2.137775421142578 -8.149999618530273
vertex 8.090394020080566 2.3569836616516113 -8.149999618530273
vertex 7.980053424835205 2.137775421142578 -8.149999618530273
endloop
endfacet
facet normal 0.0 -0.0 1.0
outer loop
vertex 8.090394020080566 -2.3569836616516113 -8.149999618530273
vertex 8.090394020080566 2.3569836616516113 -8.149999618530273
vertex 7.980053424835205 -2.137775421142578 -8.149999618530273
endloop
endfacet
facet normal -0.8448530925946865 0.53499836629021 0.0
outer loop
vertex 8.211357116699219 2.5705137252807617 -19.299999237060547
vertex 8.342652320861816 2.777851104736328 -8.149999618530273
vertex 8.342652320861816 2.777851104736328 -19.299999237060547
endloop
endfacet
facet normal -0.8932235819353159 -0.4496127585763597 0.0
outer loop
vertex 8.090394020080566 -2.3569836616516113 -19.299999237060547
vertex 8.090394020080566 -2.3569836616516113 -8.149999618530273
vertex 7.980053424835205 -2.137775421142578 -8.149999618530273
endloop
endfacet
facet normal 0.0 0.0 -1.0
outer loop
vertex 8.211357116699219 -2.5705137252807617 -19.299999237060547
vertex 8.211357116699219 2.5705137252807617 -19.299999237060547
vertex 8.342652320861816 2.777851104736328 -19.299999237060547
endloop
endfacet
facet normal -0.870087323662459 -0.4928976051898601 -0.0
outer loop
vertex 8.211357116699219 -2.5705137252807617 -19.299999237060547
vertex 8.090394020080566 -2.3569836616516113 -8.149999618530273
vertex 8.090394020080566 -2.3569836616516113 -19.299999237060547
endloop
endfacet
facet normal 0.0 0.0 -1.0
outer loop
vertex 8.211357116699219 -2.5705137252807617 -19.299999237060547
vertex 8.090394020080566 -2.3569836616516113 -19.299999237060547
vertex 8.211357116699219 2.5705137252807617 -19.299999237060547
endloop
endfacet
facet normal 0.0 -0.0 1.0
outer loop
vertex 8.090394020080566 -2.3569836616516113 -8.149999618530273
vertex 8.211357116699219 2.5705137252807617 -8.149999618530273
vertex 8.090394020080566 2.3569836616516113 -8.149999618530273
endloop
endfacet
facet normal -0.8175862114353935 0.5758062060022624 0.0
outer loop
vertex 8.342652320861816 2.777851104736328 -19.299999237060547
vertex 8.483962059020996 2.978496551513672 -8.149999618530273
vertex 8.483962059020996 2.978496551513672 -19.299999237060547
endloop
endfacet
facet normal 0.0 -0.0 1.0
outer loop
vertex 8.211357116699219 -2.5705137252807617 -8.149999618530273
vertex 8.211357116699219 2.5705137252807617 -8.149999618530273
vertex 8.090394020080566 -2.3569836616516113 -8.149999618530273
endloop
endfacet
facet normal 0.0 0.0 -1.0
outer loop
vertex 8.342652320861816 -2.777851104736328 -19.299999237060547
vertex 8.342652320861816 2.777851104736328 -19.299999237060547
vertex 8.483962059020996 2.978496551513672 -19.299999237060547
endloop
endfacet
facet normal -0.870087323662459 -0.4928976051898601 0.0
outer loop
vertex 8.211357116699219 -2.5705137252807617 -19.299999237060547
vertex 8.211357116699219 -2.5705137252807617 -8.149999618530273
vertex 8.090394020080566 -2.3569836616516113 -8.149999618530273
endloop
endfacet
facet normal 0.0 0.0 -0.9999999999999999
outer loop
vertex 8.211357116699219 -2.5705137252807617 -19.299999237060547
vertex 8.342652320861816 2.777851104736328 -19.299999237060547
vertex 8.342652320861816 -2.777851104736328 -19.299999237060547
endloop
endfacet
facet normal -0.8448530925946865 -0.53499836629021 0.0
outer loop
vertex 8.211357116699219 -2.5705137252807617 -19.299999237060547
vertex 8.342652320861816 -2.777851104736328 -19.299999237060547
vertex 8.211357116699219 -2.5705137252807617 -8.149999618530273
endloop
endfacet
facet normal -0.8448530925946865 0.53499836629021 0.0
outer loop
vertex 8.211357116699219 2.5705137252807617 -19.299999237060547
vertex 8.211357116699219 2.5705137252807617 -8.149999618530273
vertex 8.342652320861816 2.777851104736328 -8.149999618530273
endloop
endfacet
facet normal 0.0 -0.0 1.0
outer loop
vertex 8.211357116699219 -2.5705137252807617 -8.149999618530273
vertex 8.342652320861816 2.777851104736328 -8.149999618530273
vertex 8.211357116699219 2.5705137252807617 -8.149999618530273
endloop
endfacet
facet normal -0.7883455719322073 0.6152326870500958 0.0
outer loop
vertex 8.483962059020996 2.978496551513672 -19.299999237060547
vertex 8.634947776794434 3.171966314315796 -8.149999618530273
vertex 8.634947776794434 3.171966314315796 -19.299999237060547
endloop
endfacet
facet normal -0.0 0.0 0.9999999999999999
outer loop
vertex 8.211357116699219 -2.5705137252807617 -8.149999618530273
vertex 8.342652320861816 -2.777851104736328 -8.149999618530273
vertex 8.342652320861816 2.777851104736328 -8.149999618530273
endloop
endfacet
facet normal 0.0 0.0 -0.9999999999999999
outer loop
vertex 8.483962059020996 -2.978496551513672 -19.299999237060547
vertex 8.483962059020996 2.978496551513672 -19.299999237060547
vertex 8.634947776794434 3.171966314315796 -19.299999237060547
endloop
endfacet
facet normal -0.8448530925946865 -0.53499836629021 0.0
outer loop
vertex 8.342652320861816 -2.777851104736328 -19.299999237060547
vertex 8.342652320861816 -2.777851104736328 -8.149999618530273
vertex 8.211357116699219 -2.5705137252807617 -8.149999618530273
endloop
endfacet
facet normal 0.0 0.0 -0.9999999999999999
outer loop
vertex 8.342652320861816 -2.777851104736328 -19.299999237060547
vertex 8.483962059020996 2.978496551513672 -19.299999237060547
vertex 8.483962059020996 -2.978496551513672 -19.299999237060547
endloop
endfacet
facet normal -0.8175862114353935 -0.5758062060022624 0.0
outer loop
vertex 8.342652320861816 -2.777851104736328 -19.299999237060547
vertex 8.483962059020996 -2.978496551513672 -19.299999237060547
vertex 8.342652320861816 -2.777851104736328 -8.149999618530273
endloop
endfacet
facet normal 0.0 0.0 -0.9999999999999999
outer loop
vertex 11.746761322021484 -3.007096767425537 -16.799999237060547
vertex 11.746761322021484 3.007096767425537 -16.799999237060547
vertex 11.895219802856445 3.0404343605041504 -16.799999237060547
endloop
endfacet
facet normal 0.0 0.0 -1.0
outer loop
vertex 11.895219802856445 -3.0404343605041504 -16.799999237060547
vertex 11.746761322021484 -3.007096767425537 -16.799999237060547
vertex 11.895219802856445 3.0404343605041504 -16.799999237060547
endloop
endfacet
facet normal 0.0 0.0 -0.9999999999999999
outer loop
vertex 11.600117683410645 -2.966515064239502 -16.799999237060547
vertex 11.746761322021484 3.007096767425537 -16.799999237060547
vertex 11.746761322021484 -3.007096767425537 -16.799999237060547
endloop
endfacet
facet normal -0.0 -0.0 0.9999999999999999
outer loop
vertex 11.285099029541016 -4.850156307220459 -8.149999618530273
vertex 11.524548530578613 -4.903926372528076 -8.149999618530273
vertex 9.0 -2.020725965499878 -8.149999618530273
endloop
endfacet
facet normal 0.21910203091419828 0.975701952467696 0.0
outer loop
vertex 11.895219802856445 -3.0404343605041504 -16.799999237060547
vertex 11.895219802856445 -3.0404343605041504 -19.299999237060547
vertex 11.746761322021484 -3.007096767425537 -16.799999237060547
endloop
endfacet
facet normal 0.26671240922186523 0.9637761621699658 0.0
outer loop
vertex 11.600117683410645 -2.966515064239502 -16.799999237060547
vertex 11.746761322021484 -3.007096767425537 -16.799999237060547
vertex 11.746761322021484 -3.007096767425537 -19.299999237060547
endloop
endfacet
facet normal -0.21910078143584544 -0.9757022330476661 0.0
outer loop
vertex 11.524548530578613 -4.903926372528076 -19.299999237060547
vertex 11.524548530578613 -4.903926372528076 -8.149999618530273
vertex 11.285099029541016 -4.850156307220459 -8.149999618530273
endloop
endfacet
facet normal 0.21910203091419828 0.975701952467696 0.0
outer loop
vertex 11.746761322021484 -3.007096767425537 -16.799999237060547
vertex 11.895219802856445 -3.0404343605041504 -19.299999237060547
vertex 11.746761322021484 -3.007096767425537 -19.299999237060547
endloop
endfacet
facet normal -0.17096101776085287 -0.9852777935212857 0.0
outer loop
vertex 11.524548530578613 -4.903926372528076 -19.299999237060547
vertex 11.766347885131836 -4.945882320404053 -19.299999237060547
vertex 11.524548530578613 -4.903926372528076 -8.149999618530273
endloop
endfacet
facet normal 0.0 0.0 -1.0
outer loop
vertex 11.524548530578613 -4.903926372528076 -19.299999237060547
vertex 11.746761322021484 -3.007096767425537 -19.299999237060547
vertex 11.895219802856445 -3.0404343605041504 -19.299999237060547
endloop
endfacet
facet normal 0.0 -0.0 -0.9999999999999999
outer loop
vertex 11.524548530578613 -4.903926372528076 -19.299999237060547
vertex 11.895219802856445 -3.0404343605041504 -19.299999237060547
vertex 11.766347885131836 -4.945882320404053 -19.299999237060547
endloop
endfacet
facet normal 0.0 0.0 -0.9999999999999999
outer loop
vertex 11.600117683410645 -2.966515064239502 -16.799999237060547
vertex 11.600117683410645 2.966515064239502 -16.799999237060547
vertex 11.746761322021484 3.007096767425537 -16.799999237060547
endloop
endfacet
facet normal 0.0 0.0 -1.0
outer loop
vertex 11.455641746520996 -2.9187865257263184 -16.799999237060547
vertex 11.455641746520996 2.9187865257263184 -16.799999237060547
vertex 11.600117683410645 2.966515064239502 -16.799999237060547
endloop
endfacet
facet normal 0.0 0.0 -1.0
outer loop
vertex 11.455641746520996 -2.9187865257263184 -16.799999237060547
vertex 11.600117683410645 2.966515064239502 -16.799999237060547
vertex 11.600117683410645 -2.966515064239502 -16.799999237060547
endloop
endfacet
facet normal 0.31368254547124974 0.9495279146326755 0.0
outer loop
vertex 11.455641746520996 -2.9187865257263184 -16.799999237060547
vertex 11.600117683410645 -2.966515064239502 -16.799999237060547
vertex 11.600117683410645 -2.966515064239502 -19.299999237060547
endloop
endfacet
facet normal -0.2667121660750098 -0.9637762294576352 0.0
outer loop
vertex 11.285099029541016 -4.850156307220459 -19.299999237060547
vertex 11.285099029541016 -4.850156307220459 -8.149999618530273
vertex 11.048576354980469 -4.784701824188232 -8.149999618530273
endloop
endfacet
facet normal 0.31368254547124974 0.9495279146326755 0.0
outer loop
vertex 11.455641746520996 -2.9187865257263184 -16.799999237060547
vertex 11.600117683410645 -2.966515064239502 -19.299999237060547
vertex 11.455641746520996 -2.9187865257263184 -19.299999237060547
endloop
endfacet
facet normal 0.26671240922186523 0.9637761621699658 0.0
outer loop
vertex 11.600117683410645 -2.966515064239502 -16.799999237060547
vertex 11.746761322021484 -3.007096767425537 -19.299999237060547
vertex 11.600117683410645 -2.966515064239502 -19.299999237060547
endloop
endfacet
facet normal -0.21910078143584544 -0.9757022330476661 0.0
outer loop
vertex 11.285099029541016 -4.850156307220459 -19.299999237060547
vertex 11.524548530578613 -4.903926372528076 -19.299999237060547
vertex 11.285099029541016 -4.850156307220459 -8.149999618530273
endloop
endfacet
facet normal 0.0 0.0 -1.0
outer loop
vertex 11.285099029541016 -4.850156307220459 -19.299999237060547
vertex 11.455641746520996 -2.9187865257263184 -19.299999237060547
vertex 11.600117683410645 -2.966515064239502 -19.299999237060547
endloop
endfacet
facet normal 0.0 0.0 -1.0
outer loop
vertex 11.524548530578613 -4.903926372528076 -19.299999237060547
vertex 11.600117683410645 -2.966515064239502 -19.299999237060547
vertex 11.746761322021484 -3.007096767425537 -19.299999237060547
endloop
endfacet
facet normal 0.0 -0.0 -0.9999999999999999
outer loop
vertex 11.285099029541016 -4.850156307220459 -19.299999237060547
vertex 11.600117683410645 -2.966515064239502 -19.299999237060547
vertex 11.524548530578613 -4.903926372528076 -19.299999237060547
endloop
endfacet
facet normal 0.0 0.0 -1.0
outer loop
vertex 11.313681602478027 -2.8640265464782715 -16.799999237060547
vertex 11.313681602478027 2.8640265464782715 -16.799999237060547
vertex 11.455641746520996 2.9187865257263184 -16.799999237060547
endloop
endfacet
facet normal 0.0 0.0 -1.0
outer loop
vertex 11.174579620361328 -2.8023667335510254 -16.799999237060547
vertex 11.174579620361328 2.8023667335510254 -16.799999237060547
vertex 11.313681602478027 2.8640265464782715 -16.799999237060547
endloop
endfacet
facet normal 0.0 0.0 -1.0
outer loop
vertex 11.313681602478027 -2.8640265464782715 -16.799999237060547
vertex 11.455641746520996 2.9187865257263184 -16.799999237060547
vertex 11.455641746520996 -2.9187865257263184 -16.799999237060547
endloop
endfacet
facet normal 0.0 0.0 -1.0
outer loop
vertex 11.174579620361328 -2.8023667335510254 -16.799999237060547
vertex 11.313681602478027 2.8640265464782715 -16.799999237060547
vertex 11.313681602478027 -2.8640265464782715 -16.799999237060547
endloop
endfacet
facet normal 0.3598945157946883 0.9329929997062717 0.0
outer loop
vertex 11.313681602478027 -2.8640265464782715 -16.799999237060547
vertex 11.455641746520996 -2.9187865257263184 -16.799999237060547
vertex 11.455641746520996 -2.9187865257263184 -19.299999237060547
endloop
endfacet
facet normal 0.4052421101123318 0.9142094028130014 0.0
outer loop
vertex 11.174579620361328 -2.8023667335510254 -16.799999237060547
vertex 11.313681602478027 -2.8640265464782715 -16.799999237060547
vertex 11.313681602478027 -2.8640265464782715 -19.299999237060547
endloop
endfacet
facet normal -0.3136828451774607 -0.9495278156227827 0.0
outer loop
vertex 11.048576354980469 -4.784701824188232 -19.299999237060547
vertex 11.048576354980469 -4.784701824188232 -8.149999618530273
vertex 10.815550804138184 -4.7077202796936035 -8.149999618530273
endloop
endfacet
facet normal 0.3598945157946883 0.9329929997062717 0.0
outer loop
vertex 11.313681602478027 -2.8640265464782715 -16.799999237060547
vertex 11.455641746520996 -2.9187865257263184 -19.299999237060547
vertex 11.313681602478027 -2.8640265464782715 -19.299999237060547
endloop
endfacet
facet normal -0.2667121660750098 -0.9637762294576352 0.0
outer loop
vertex 11.048576354980469 -4.784701824188232 -19.299999237060547
vertex 11.285099029541016 -4.850156307220459 -19.299999237060547
vertex 11.048576354980469 -4.784701824188232 -8.149999618530273
endloop
endfacet
facet normal 0.0 0.0 -1.0
outer loop
vertex 11.285099029541016 -4.850156307220459 -19.299999237060547
vertex 11.313681602478027 -2.8640265464782715 -19.299999237060547
vertex 11.455641746520996 -2.9187865257263184 -19.299999237060547
endloop
endfacet
facet normal 0.0 -0.0 -1.0
outer loop
vertex 11.048576354980469 -4.784701824188232 -19.299999237060547
vertex 11.313681602478027 -2.8640265464782715 -19.299999237060547
vertex 11.285099029541016 -4.850156307220459 -19.299999237060547
endloop
endfacet
facet normal 0.0 0.0 -1.0
outer loop
vertex 10.906281471252441 -2.658958673477173 -16.799999237060547
vertex 10.906281471252441 2.658958673477173 -16.799999237060547
vertex 11.038670539855957 2.7339558601379395 -16.799999237060547
endloop
endfacet
facet normal 0.0 0.0 -1.0
outer loop
vertex 10.777731895446777 -2.5775558948516846 -16.799999237060547
vertex 10.777731895446777 2.5775558948516846 -16.799999237060547
vertex 10.906281471252441 2.658958673477173 -16.799999237060547
endloop
endfacet
facet normal 0.0 0.0 -1.0
outer loop
vertex 10.777731895446777 -2.5775558948516846 -16.799999237060547
vertex 10.906281471252441 2.658958673477173 -16.799999237060547
vertex 10.906281471252441 -2.658958673477173 -16.799999237060547
endloop
endfacet
facet normal 0.534996013251701 0.8448545826382111 0.0
outer loop
vertex 10.777731895446777 -2.5775558948516846 -16.799999237060547
vertex 10.906281471252441 -2.658958673477173 -16.799999237060547
vertex 10.906281471252441 -2.658958673477173 -19.299999237060547
endloop
endfacet
facet normal -0.35989526406737155 -0.9329927110657815 0.0
outer loop
vertex 10.815550804138184 -4.7077202796936035 -19.299999237060547
vertex 10.815550804138184 -4.7077202796936035 -8.149999618530273
vertex 10.586583137512207 -4.6193976402282715 -8.149999618530273
endloop
endfacet
facet normal 0.534996013251701 0.8448545826382111 0.0
outer loop
vertex 10.777731895446777 -2.5775558948516846 -16.799999237060547
vertex 10.906281471252441 -2.658958673477173 -19.299999237060547
vertex 10.777731895446777 -2.5775558948516846 -19.299999237060547
endloop
endfacet
facet normal 0.49289672773628657 0.8700878207324023 0.0
outer loop
vertex 10.906281471252441 -2.658958673477173 -16.799999237060547
vertex 11.038670539855957 -2.7339558601379395 -19.299999237060547
vertex 10.906281471252441 -2.658958673477173 -19.299999237060547
endloop
endfacet
facet normal -0.35989526406737155 -0.9329927110657815 0.0
outer loop
vertex 10.586583137512207 -4.6193976402282715 -19.299999237060547
vertex 10.815550804138184 -4.7077202796936035 -19.299999237060547
vertex 10.586583137512207 -4.6193976402282715 -8.149999618530273
endloop
endfacet
facet normal 0.0 0.0 -1.0
outer loop
vertex 10.586583137512207 -4.6193976402282715 -19.299999237060547
vertex 10.777731895446777 -2.5775558948516846 -19.299999237060547
vertex 10.906281471252441 -2.658958673477173 -19.299999237060547
endloop
endfacet
facet normal 0.0 0.0 -1.0
outer loop
vertex 10.815550804138184 -4.7077202796936035 -19.299999237060547
vertex 10.906281471252441 -2.658958673477173 -19.299999237060547
vertex 11.038670539855957 -2.7339558601379395 -19.299999237060547
endloop
endfacet
facet normal 0.0 -0.0 -1.0
outer loop
vertex 10.586583137512207 -4.6193976402282715 -19.299999237060547
vertex 10.906281471252441 -2.658958673477173 -19.299999237060547
vertex 10.815550804138184 -4.7077202796936035 -19.299999237060547
endloop
endfacet
facet normal -0.0 -0.0 1.0
outer loop
vertex 10.14301586151123 4.409606456756592 -8.149999618530273
vertex 12.5 4.041451930999756 -8.149999618530273
vertex 10.362224578857422 4.519946575164795 -8.149999618530273
endloop
endfacet
facet normal -0.44961042803630114 0.8932247550314614 0.0
outer loop
vertex 10.14301586151123 4.409606456756592 -19.299999237060547
vertex 10.14301586151123 4.409606456756592 -8.149999618530273
vertex 10.362224578857422 4.519946575164795 -8.149999618530273
endloop
endfacet
facet normal -0.44961042803630114 0.8932247550314614 0.0
outer loop
vertex 10.14301586151123 4.409606456756592 -19.299999237060547
vertex 10.362224578857422 4.519946575164795 -8.149999618530273
vertex 10.362224578857422 4.519946575164795 -19.299999237060547
endloop
endfacet
facet normal 0.0 -0.0 -1.0
outer loop
vertex 10.14301586151123 4.409606456756592 -19.299999237060547
vertex 10.362224578857422 4.519946575164795 -19.299999237060547
vertex 10.203051567077637 2.0818326473236084 -19.299999237060547
endloop
endfacet
facet normal 0.7242468810605351 -0.6895407567896817 0.0
outer loop
vertex 10.203051567077637 2.0818326473236084 -16.799999237060547
vertex 10.203051567077637 2.0818326473236084 -19.299999237060547
vertex 10.307969093322754 2.192030906677246 -16.799999237060547
endloop
endfacet
facet normal 0.0 0.0 -1.0
outer loop
vertex 10.362224578857422 4.519946575164795 -19.299999237060547
vertex 10.307969093322754 2.192030906677246 -19.299999237060547
vertex 10.203051567077637 2.0818326473236084 -19.299999237060547
endloop
endfacet
facet normal 0.7242468810605351 -0.6895407567896817 0.0
outer loop
vertex 10.307969093322754 2.192030906677246 -16.799999237060547
vertex 10.203051567077637 2.0818326473236084 -19.299999237060547
vertex 10.307969093322754 2.192030906677246 -19.299999237060547
endloop
endfacet
facet normal -0.0 -0.0 1.0
outer loop
vertex 10.362224578857422 4.519946575164795 -8.149999618530273
vertex 12.5 4.041451930999756 -8.149999618530273
vertex 10.586583137512207 4.6193976402282715 -8.149999618530273
endloop
endfacet
facet normal -0.4052404824611705 0.9142101243011027 0.0
outer loop
vertex 10.362224578857422 4.519946575164795 -19.299999237060547
vertex 10.362224578857422 4.519946575164795 -8.149999618530273
vertex 10.586583137512207 4.6193976402282715 -8.149999618530273
endloop
endfacet
facet normal -0.4052404824611705 0.9142101243011027 0.0
outer loop
vertex 10.362224578857422 4.519946575164795 -19.299999237060547
vertex 10.586583137512207 4.6193976402282715 -8.149999618530273
vertex 10.586583137512207 4.6193976402282715 -19.299999237060547
endloop
endfacet
facet normal 0.0 -0.0 -1.0
outer loop
vertex 10.362224578857422 4.519946575164795 -19.299999237060547
vertex 10.586583137512207 4.6193976402282715 -19.299999237060547
vertex 10.418167114257812 2.2969484329223633 -19.299999237060547
endloop
endfacet
facet normal 0.6531740192622193 -0.7572078318142504 0.0
outer loop
vertex 10.418167114257812 2.2969484329223633 -16.799999237060547
vertex 10.418167114257812 2.2969484329223633 -19.299999237060547
vertex 10.533380508422852 2.3963325023651123 -16.799999237060547
endloop
endfacet
facet normal 0.0 0.0 -1.0
outer loop
vertex 10.586583137512207 4.6193976402282715 -19.299999237060547
vertex 10.533380508422852 2.3963325023651123 -19.299999237060547
vertex 10.418167114257812 2.2969484329223633 -19.299999237060547
endloop
endfacet
facet normal 0.6531740192622193 -0.7572078318142504 0.0
outer loop
vertex 10.533380508422852 2.3963325023651123 -16.799999237060547
vertex 10.418167114257812 2.2969484329223633 -19.299999237060547
vertex 10.533380508422852 2.3963325023651123 -19.299999237060547
endloop
endfacet
facet normal 0.6895415393157942 -0.7242461360324989 0.0
outer loop
vertex 10.307969093322754 2.192030906677246 -16.799999237060547
vertex 10.307969093322754 2.192030906677246 -19.299999237060547
vertex 10.418167114257812 2.2969484329223633 -16.799999237060547
endloop
endfacet
facet normal 0.0 -0.0 -1.0
outer loop
vertex 10.362224578857422 4.519946575164795 -19.299999237060547
vertex 10.418167114257812 2.2969484329223633 -19.299999237060547
vertex 10.307969093322754 2.192030906677246 -19.299999237060547
endloop
endfacet
facet normal 0.6895415393157942 -0.7242461360324989 0.0
outer loop
vertex 10.418167114257812 2.2969484329223633 -16.799999237060547
vertex 10.307969093322754 2.192030906677246 -19.299999237060547
vertex 10.418167114257812 2.2969484329223633 -19.299999237060547
endloop
endfacet
facet normal 0.0 0.0 -1.0
outer loop
vertex 10.653331756591797 -2.489943265914917 -16.799999237060547
vertex 10.653331756591797 2.489943265914917 -16.799999237060547
vertex 10.777731895446777 2.5775558948516846 -16.799999237060547
endloop
endfacet
facet normal 0.0 0.0 -1.0
outer loop
vertex 10.533380508422852 -2.3963325023651123 -16.799999237060547
vertex 10.533380508422852 2.3963325023651123 -16.799999237060547
vertex 10.653331756591797 2.489943265914917 -16.799999237060547
endloop
endfacet
facet normal 0.0 0.0 -1.0
outer loop
vertex 10.418167114257812 -2.2969484329223633 -16.799999237060547
vertex 10.533380508422852 2.3963325023651123 -16.799999237060547
vertex 10.533380508422852 -2.3963325023651123 -16.799999237060547
endloop
endfacet
facet normal 0.0 0.0 -1.0
outer loop
vertex 10.653331756591797 -2.489943265914917 -16.799999237060547
vertex 10.777731895446777 2.5775558948516846 -16.799999237060547
vertex 10.777731895446777 -2.5775558948516846 -16.799999237060547
endloop
endfacet
facet normal 0.0 0.0 -1.0
outer loop
vertex 10.533380508422852 -2.3963325023651123 -16.799999237060547
vertex 10.653331756591797 2.489943265914917 -16.799999237060547
vertex 10.653331756591797 -2.489943265914917 -16.799999237060547
endloop
endfacet
facet normal 0.6531740192622193 0.7572078318142504 0.0
outer loop
vertex 10.418167114257812 -2.2969484329223633 -16.799999237060547
vertex 10.533380508422852 -2.3963325023651123 -16.799999237060547
vertex 10.533380508422852 -2.3963325023651123 -19.299999237060547
endloop
endfacet
facet normal 0.5758089216159664 0.8175842988875568 0.0
outer loop
vertex 10.653331756591797 -2.489943265914917 -16.799999237060547
vertex 10.777731895446777 -2.5775558948516846 -16.799999237060547
vertex 10.777731895446777 -2.5775558948516846 -19.299999237060547
endloop
endfacet
facet normal 0.6152311441109297 0.7883467760547741 0.0
outer loop
vertex 10.533380508422852 -2.3963325023651123 -16.799999237060547
vertex 10.653331756591797 -2.489943265914917 -16.799999237060547
vertex 10.653331756591797 -2.489943265914917 -19.299999237060547
endloop
endfacet
facet normal 0.6152311441109297 0.7883467760547741 0.0
outer loop
vertex 10.533380508422852 -2.3963325023651123 -16.799999237060547
vertex 10.653331756591797 -2.489943265914917 -19.299999237060547
vertex 10.533380508422852 -2.3963325023651123 -19.299999237060547
endloop
endfacet
facet normal 0.5758089216159664 0.8175842988875568 0.0
outer loop
vertex 10.653331756591797 -2.489943265914917 -16.799999237060547
vertex 10.777731895446777 -2.5775558948516846 -19.299999237060547
vertex 10.653331756591797 -2.489943265914917 -19.299999237060547
endloop
endfacet
facet normal -0.4052404824611705 -0.9142101243011027 0.0
outer loop
vertex 10.362224578857422 -4.519946575164795 -19.299999237060547
vertex 10.586583137512207 -4.6193976402282715 -19.299999237060547
vertex 10.362224578857422 -4.519946575164795 -8.149999618530273
endloop
endfacet
facet normal 0.0 0.0 -1.0
outer loop
vertex 10.362224578857422 -4.519946575164795 -19.299999237060547
vertex 10.533380508422852 -2.3963325023651123 -19.299999237060547
vertex 10.653331756591797 -2.489943265914917 -19.299999237060547
endloop
endfacet
facet normal 0.0 0.0 -1.0
outer loop
vertex 10.586583137512207 -4.6193976402282715 -19.299999237060547
vertex 10.653331756591797 -2.489943265914917 -19.299999237060547
vertex 10.777731895446777 -2.5775558948516846 -19.299999237060547
endloop
endfacet
facet normal 0.0 -0.0 -1.0
outer loop
vertex 10.362224578857422 -4.519946575164795 -19.299999237060547
vertex 10.653331756591797 -2.489943265914917 -19.299999237060547
vertex 10.586583137512207 -4.6193976402282715 -19.299999237060547
endloop
endfacet
facet normal 0.0 0.0 1.0
outer loop
vertex 16.035533905029297 3.535533905029297 -8.149999618530273
vertex 16.0 2.020725965499878 -8.149999618530273
vertex 16.0 -2.020725965499878 -8.149999618530273
endloop
endfacet
facet normal -1.0 0.0 0.0
outer loop
vertex 16.0 2.020725965499878 -10.350000381469727
vertex 16.0 -2.020725965499878 -8.149999618530273
vertex 16.0 2.020725965499878 -8.149999618530273
endloop
endfacet
facet normal -0.5000000043306567 -0.8660254012841327 0.0
outer loop
vertex 12.5 4.041451930999756 -10.350000381469727
vertex 16.0 2.020725965499878 -10.350000381469727
vertex 16.0 2.020725965499878 -8.149999618530273
endloop
endfacet
facet normal 0.0 -0.0 1.0
outer loop
vertex 16.0 -2.020725965499878 -10.350000381469727
vertex 16.0 2.020725965499878 -10.350000381469727
vertex 12.5 4.041451930999756 -10.350000381469727
endloop
endfacet
facet normal -0.980786195188117 -0.1950851553034848 -0.00047064703557466104
outer loop
vertex 14.16733455657959 0.33165353536605835 -14.699999809265137
vertex 14.181599617004395 0.24944180250167847 -10.350000381469727
vertex 14.149053573608398 0.4130662977695465 -10.350000381469727
endloop
endfacet
facet normal -0.9039912702541002 -0.4275506538642703 -0.0004708339550548806
outer loop
vertex 14.036782264709473 0.7268436551094055 -14.699999809265137
vertex 14.070594787597656 0.6505618095397949 -10.350000381469727
vertex 13.999266624450684 0.8013744354248047 -10.350000381469727
endloop
endfacet
facet normal -0.0 -0.0 1.0
outer loop
vertex 13.999266624450684 0.8013744354248047 -10.350000381469727
vertex 16.0 -2.020725965499878 -10.350000381469727
vertex 12.5 4.041451930999756 -10.350000381469727
endloop
endfacet
facet normal 0.0 0.0 0.9999999999999999
outer loop
vertex 16.0 -2.020725965499878 -10.350000381469727
vertex 14.149053573608398 0.4130662977695465 -10.350000381469727
vertex 14.181599617004395 0.24944180250167847 -10.350000381469727
endloop
endfacet
facet normal 0.0 0.0 1.0
outer loop
vertex 16.0 -2.020725965499878 -10.350000381469727
vertex 13.999266624450684 0.8013744354248047 -10.350000381469727
vertex 14.070594787597656 0.6505618095397949 -10.350000381469727
endloop
endfacet
facet normal 0.0 0.0 1.0
outer loop
vertex 16.0 -2.020725965499878 -10.350000381469727
vertex 14.070594787597656 0.6505618095397949 -10.350000381469727
vertex 14.149053573608398 0.4130662977695465 -10.350000381469727
endloop
endfacet
facet normal 0.0 -0.0 1.0
outer loop
vertex 16.035533905029297 -3.535533905029297 -8.149999618530273
vertex 16.035533905029297 3.535533905029297 -8.149999618530273
vertex 16.0 -2.020725965499878 -8.149999618530273
endloop
endfacet
facet normal 0.0 0.0 1.0
outer loop
vertex 16.035533905029297 -3.535533905029297 -8.149999618530273
vertex 16.0 -2.020725965499878 -8.149999618530273
vertex 12.5 -4.041451930999756 -8.149999618530273
endloop
endfacet
facet normal 0.0 -0.0 1.0
outer loop
vertex 15.857795715332031 -3.7047555446624756 -8.149999618530273
vertex 16.035533905029297 -3.535533905029297 -8.149999618530273
vertex 12.5 -4.041451930999756 -8.149999618530273
endloop
endfacet
facet normal 0.0 -0.0 1.0
outer loop
vertex 15.671966552734375 -3.8650522232055664 -8.149999618530273
vertex 15.857795715332031 -3.7047555446624756 -8.149999618530273
vertex 12.5 -4.041451930999756 -8.149999618530273
endloop
endfacet
facet normal 0.0 -0.0 1.0
outer loop
vertex 15.478496551513672 -4.016037464141846 -8.149999618530273
vertex 15.671966552734375 -3.8650522232055664 -8.149999618530273
vertex 12.5 -4.041451930999756 -8.149999618530273
endloop
endfacet
facet normal 0.0 -0.0 1.0
outer loop
vertex 15.277851104736328 -4.157348155975342 -8.149999618530273
vertex 15.478496551513672 -4.016037464141846 -8.149999618530273
vertex 12.5 -4.041451930999756 -8.149999618530273
endloop
endfacet
facet normal 0.0 0.0 -0.9999999999999999
outer loop
vertex 14.896332740783691 -1.9666191339492798 -16.799999237060547
vertex 14.896332740783691 1.9666191339492798 -16.799999237060547
vertex 14.989943504333496 1.8466678857803345 -16.799999237060547
endloop
endfacet
facet normal 0.0 -0.0 1.0
outer loop
vertex 15.070513725280762 -4.288642883300781 -8.149999618530273
vertex 15.277851104736328 -4.157348155975342 -8.149999618530273
vertex 12.5 -4.041451930999756 -8.149999618530273
endloop
endfacet
facet normal 0.0 0.0 -1.0
outer loop
vertex 14.796948432922363 -2.0818326473236084 -16.799999237060547
vertex 14.896332740783691 1.9666191339492798 -16.799999237060547
vertex 14.896332740783691 -1.9666191339492798 -16.799999237060547
endloop
endfacet
facet normal 0.0 0.0 -1.0
outer loop
vertex 14.896332740783691 -1.9666191339492798 -16.799999237060547
vertex 14.989943504333496 1.8466678857803345 -16.799999237060547
vertex 14.989943504333496 -1.8466678857803345 -16.799999237060547
endloop
endfacet
facet normal 0.0 -0.0 1.0
outer loop
vertex 14.85698413848877 -4.409606456756592 -8.149999618530273
vertex 15.070513725280762 -4.288642883300781 -8.149999618530273
vertex 12.5 -4.041451930999756 -8.149999618530273
endloop
endfacet
facet normal 0.0 -0.0 1.0
outer loop
vertex 14.637775421142578 -4.519946575164795 -8.149999618530273
vertex 14.85698413848877 -4.409606456756592 -8.149999618530273
vertex 12.5 -4.041451930999756 -8.149999618530273
endloop
endfacet
facet normal -0.7572073910812023 0.6531745301923515 0.0
outer loop
vertex 14.796948432922363 -2.0818326473236084 -16.799999237060547
vertex 14.896332740783691 -1.9666191339492798 -16.799999237060547
vertex 14.896332740783691 -1.9666191339492798 -19.299999237060547
endloop
endfacet
facet normal -0.7883467760547741 0.6152311441109297 0.0
outer loop
vertex 14.896332740783691 -1.9666191339492798 -16.799999237060547
vertex 14.989943504333496 -1.8466678857803345 -16.799999237060547
vertex 14.989943504333496 -1.8466678857803345 -19.299999237060547
endloop
endfacet
facet normal 0.49289990943028056 -0.8700860183244075 0.0
outer loop
vertex 15.070513725280762 -4.288642883300781 -19.299999237060547
vertex 15.070513725280762 -4.288642883300781 -8.149999618530273
vertex 14.85698413848877 -4.409606456756592 -8.149999618530273
endloop
endfacet
facet normal 0.44961042803630114 -0.8932247550314614 0.0
outer loop
vertex 14.85698413848877 -4.409606456756592 -19.299999237060547
vertex 14.85698413848877 -4.409606456756592 -8.149999618530273
vertex 14.637775421142578 -4.519946575164795 -8.149999618530273
endloop
endfacet
facet normal -0.7883467760547741 0.6152311441109297 0.0
outer loop
vertex 14.896332740783691 -1.9666191339492798 -16.799999237060547
vertex 14.989943504333496 -1.8466678857803345 -19.299999237060547
vertex 14.896332740783691 -1.9666191339492798 -19.299999237060547
endloop
endfacet
facet normal -0.817585774229517 0.5758068267896113 0.0
outer loop
vertex 14.989943504333496 -1.8466678857803345 -16.799999237060547
vertex 15.077555656433105 -1.722267746925354 -19.299999237060547
vertex 14.989943504333496 -1.8466678857803345 -19.299999237060547
endloop
endfacet
facet normal 0.49289990943028056 -0.8700860183244075 0.0
outer loop
vertex 14.85698413848877 -4.409606456756592 -19.299999237060547
vertex 15.070513725280762 -4.288642883300781 -19.299999237060547
vertex 14.85698413848877 -4.409606456756592 -8.149999618530273
endloop
endfacet
facet normal 0.0 0.0 -1.0
outer loop
vertex 14.85698413848877 -4.409606456756592 -19.299999237060547
vertex 14.896332740783691 -1.9666191339492798 -19.299999237060547
vertex 14.989943504333496 -1.8466678857803345 -19.299999237060547
endloop
endfacet
facet normal 0.0 0.0 -1.0
outer loop
vertex 15.070513725280762 -4.288642883300781 -19.299999237060547
vertex 14.989943504333496 -1.8466678857803345 -19.299999237060547
vertex 15.077555656433105 -1.722267746925354 -19.299999237060547
endloop
endfacet
facet normal 0.0 0.0 -1.0
outer loop
vertex 14.85698413848877 -4.409606456756592 -19.299999237060547
vertex 14.989943504333496 -1.8466678857803345 -19.299999237060547
vertex 15.070513725280762 -4.288642883300781 -19.299999237060547
endloop
endfacet
facet normal 0.0 -0.0 1.0
outer loop
vertex 12.5 -4.041451930999756 -10.350000381469727
vertex 13.150562286376953 -1.5705952644348145 -10.350000381469727
vertex 12.993483543395996 -1.6267986297607422 -10.350000381469727
endloop
endfacet
facet normal -0.0 -0.0 1.0
outer loop
vertex 13.150562286376953 -1.5705952644348145 -10.350000381469727
vertex 16.0 -2.020725965499878 -10.350000381469727
vertex 13.373974800109863 -1.4581385850906372 -10.350000381469727
endloop
endfacet
facet normal -0.3368882188175831 0.9415446500415773 0.0
outer loop
vertex 12.993483543395996 -1.6267986297607422 -14.699999809265137
vertex 12.993483543395996 -1.6267986297607422 -10.350000381469727
vertex 13.150562286376953 -1.5705952644348145 -10.350000381469727
endloop
endfacet
facet normal -0.44961219195843377 0.8932238671477226 0.0
outer loop
vertex 13.150562286376953 -1.5705952644348145 -14.699999809265137
vertex 13.150562286376953 -1.5705952644348145 -10.350000381469727
vertex 13.373974800109863 -1.4581385850906372 -10.350000381469727
endloop
endfacet
facet normal 0.0 -0.0 1.0
outer loop
vertex 13.724587440490723 -2.9564144611358643 -16.200000762939453
vertex 13.814117431640625 -1.0784685611724854 -16.200000762939453
vertex 13.641650199890137 -1.2596169710159302 -16.200000762939453
endloop
endfacet
facet normal 0.0 -0.0 1.0
outer loop
vertex 13.578047752380371 -3.0129411220550537 -16.200000762939453
vertex 13.641650199890137 -1.2596169710159302 -16.200000762939453
vertex 13.578468322753906 -1.3141177892684937 -16.200000762939453
endloop
endfacet
facet normal -0.31368016869885523 0.9495282333443005 -0.0009411945120040397
outer loop
vertex 12.993483543395996 -1.6267986297607422 -14.699999809265137
vertex 13.150562286376953 -1.5705952644348145 -10.350000381469727
vertex 13.072712898254395 -1.600624918937683 -14.699999809265137
endloop
endfacet
facet normal -0.35989328125676573 0.9329934759183681 0.0
outer loop
vertex 13.072712898254395 -1.600624918937683 -14.699999809265137
vertex 13.150562286376953 -1.5705952644348145 -10.350000381469727
vertex 13.150562286376953 -1.5705952644348145 -14.699999809265137
endloop
endfacet
facet normal 0.0 -0.0 1.0
outer loop
vertex 13.578047752380371 -3.0129411220550537 -16.200000762939453
vertex 13.724587440490723 -2.9564144611358643 -16.200000762939453
vertex 13.641650199890137 -1.2596169710159302 -16.200000762939453
endloop
endfacet
facet normal -0.22183894249200511 0.6715194652730058 -0.7070000646064223
outer loop
vertex 13.578047752380371 -3.0129411220550537 -16.200000762939453
vertex 12.993483543395996 -1.6267986297607422 -14.699999809265137
vertex 13.072712898254395 -1.600624918937683 -14.699999809265137
endloop
endfacet
facet normal -0.25452139999379403 0.6598256151006014 -0.7070000103269534
outer loop
vertex 13.724587440490723 -2.9564144611358643 -16.200000762939453
vertex 13.072712898254395 -1.600624918937683 -14.699999809265137
vertex 13.150562286376953 -1.5705952644348145 -14.699999809265137
endloop
endfacet
facet normal -0.2545228751716981 0.6598249770658026 -0.7070000747202545
outer loop
vertex 13.578047752380371 -3.0129411220550537 -16.200000762939453
vertex 13.072712898254395 -1.600624918937683 -14.699999809265137
vertex 13.724587440490723 -2.9564144611358643 -16.200000762939453
endloop
endfacet
facet normal 0.0 0.0 1.0
outer loop
vertex 10.850946426391602 -0.4130662977695465 -10.350000381469727
vertex 9.0 2.020725965499878 -10.350000381469727
vertex 10.929405212402344 -0.6505618095397949 -10.350000381469727
endloop
endfacet
facet normal 0.9495271486135253 0.3136848642282064 -0.0
outer loop
vertex 10.850946426391602 -0.4130662977695465 -14.699999809265137
vertex 10.850946426391602 -0.4130662977695465 -10.350000381469727
vertex 10.929405212402344 -0.6505618095397949 -10.350000381469727
endloop
endfacet
facet normal 0.9757043440642357 0.21909138041963241 0.0
outer loop
vertex 10.850946426391602 -0.4130662977695465 -14.699999809265137
vertex 10.83266544342041 -0.33165353536605835 -14.699999809265137
vertex 10.850946426391602 -0.4130662977695465 -10.350000381469727
endloop
endfacet
facet normal 0.6900314179498437 0.15494441201503417 -0.7069999090717364
outer loop
vertex 9.395899772644043 -0.7775365710258484 -16.200000762939453
vertex 10.83266544342041 -0.33165353536605835 -14.699999809265137
vertex 10.850946426391602 -0.4130662977695465 -14.699999809265137
endloop
endfacet
facet normal 0.6900301407322753 0.15494919485604022 -0.7070001074218173
outer loop
vertex 9.395899772644043 -0.7775365710258484 -16.200000762939453
vertex 9.36148738861084 -0.6242890357971191 -16.200000762939453
vertex 10.83266544342041 -0.33165353536605835 -14.699999809265137
endloop
endfacet
facet normal 0.0 -0.0 1.0
outer loop
vertex 9.395899772644043 -0.7775365710258484 -16.200000762939453
vertex 9.395899772644043 0.7775365710258484 -16.200000762939453
vertex 9.36148738861084 -0.6242890357971191 -16.200000762939453
endloop
endfacet
facet normal -0.0 0.0 1.0
outer loop
vertex 9.0 2.020725965499878 -10.350000381469727
vertex 10.850946426391602 0.4130662977695465 -10.350000381469727
vertex 10.929405212402344 0.6505618095397949 -10.350000381469727
endloop
endfacet
facet normal 0.9495271486135253 -0.3136848642282064 0.0
outer loop
vertex 10.929405212402344 0.6505618095397949 -14.699999809265137
vertex 10.929405212402344 0.6505618095397949 -10.350000381469727
vertex 10.850946426391602 0.4130662977695465 -10.350000381469727
endloop
endfacet
facet normal 0.9329868084532227 -0.35989950599280024 -0.0028214957749001846
outer loop
vertex 10.899374961853027 0.572712779045105 -14.699999809265137
vertex 10.929405212402344 0.6505618095397949 -14.699999809265137
vertex 10.850946426391602 0.4130662977695465 -10.350000381469727
endloop
endfacet
facet normal 0.6598234991428186 -0.2545268049155352 -0.7070000392916652
outer loop
vertex 9.487058639526367 1.078047513961792 -16.200000762939453
vertex 10.929405212402344 0.6505618095397949 -14.699999809265137
vertex 10.899374961853027 0.572712779045105 -14.699999809265137
endloop
endfacet
facet normal 0.9039913704545944 0.4275507012549789 -0.0
outer loop
vertex 10.929405212402344 -0.6505618095397949 -14.699999809265137
vertex 10.929405212402344 -0.6505618095397949 -10.350000381469727
vertex 11.000733375549316 -0.8013744354248047 -10.350000381469727
endloop
endfacet
facet normal 0.6598240824706919 -0.25452509125172873 -0.7070001118210721
outer loop
vertex 9.487058639526367 1.078047513961792 -16.200000762939453
vertex 9.543585777282715 1.2245869636535645 -16.200000762939453
vertex 10.929405212402344 0.6505618095397949 -14.699999809265137
endloop
endfacet
facet normal 0.9329905221540052 0.3599009385522587 0.0
outer loop
vertex 10.929405212402344 -0.6505618095397949 -14.699999809265137
vertex 10.899374961853027 -0.572712779045105 -14.699999809265137
vertex 10.929405212402344 -0.6505618095397949 -10.350000381469727
endloop
endfacet
facet normal 0.0 -0.0 0.9999999999999999
outer loop
vertex 9.487058639526367 -1.078047513961792 -16.200000762939453
vertex 9.543585777282715 1.2245869636535645 -16.200000762939453
vertex 9.487058639526367 1.078047513961792 -16.200000762939453
endloop
endfacet
facet normal 0.659823410790795 0.25452677083375685 -0.7070001340179095
outer loop
vertex 9.543585777282715 -1.2245869636535645 -16.200000762939453
vertex 10.899374961853027 -0.572712779045105 -14.699999809265137
vertex 10.929405212402344 -0.6505618095397949 -14.699999809265137
endloop
endfacet
facet normal 0.0 -0.0 1.0
outer loop
vertex 9.543585777282715 -1.2245869636535645 -16.200000762939453
vertex 9.543585777282715 1.2245869636535645 -16.200000762939453
vertex 9.487058639526367 -1.078047513961792 -16.200000762939453
endloop
endfacet
facet normal 0.6598241294077656 0.2545251093575592 -0.707000061497739
outer loop
vertex 9.543585777282715 -1.2245869636535645 -16.200000762939453
vertex 9.487058639526367 -1.078047513961792 -16.200000762939453
vertex 10.899374961853027 -0.572712779045105 -14.699999809265137
endloop
endfacet
facet normal 0.0 0.0 -1.0
outer loop
vertex 12.34788990020752 -3.096266031265259 -16.799999237060547
vertex 12.34788990020752 3.096266031265259 -16.799999237060547
vertex 12.5 3.0999999046325684 -16.799999237060547
endloop
endfacet
facet normal 0.0 0.0 -1.0
outer loop
vertex 12.196146965026855 -3.0850727558135986 -16.799999237060547
vertex 12.196146965026855 3.0850727558135986 -16.799999237060547
vertex 12.34788990020752 3.096266031265259 -16.799999237060547
endloop
endfacet
facet normal 0.0 0.0 -1.0
outer loop
vertex 12.34788990020752 -3.096266031265259 -16.799999237060547
vertex 12.5 3.0999999046325684 -16.799999237060547
vertex 12.5 -3.0999999046325684 -16.799999237060547
endloop
endfacet
facet normal 0.0 0.0 -1.0
outer loop
vertex 12.196146965026855 -3.0850727558135986 -16.799999237060547
vertex 12.34788990020752 3.096266031265259 -16.799999237060547
vertex 12.34788990020752 -3.096266031265259 -16.799999237060547
endloop
endfacet
facet normal -0.0 0.0 0.9999999999999999
outer loop
vertex 12.254661560058594 -4.993977069854736 -8.149999618530273
vertex 12.5 -5.0 -8.149999618530273
vertex 12.5 -4.041451930999756 -8.149999618530273
endloop
endfacet
facet normal 0.024539783564642606 0.9996988541668937 0.0
outer loop
vertex 12.34788990020752 -3.096266031265259 -16.799999237060547
vertex 12.5 -3.0999999046325684 -16.799999237060547
vertex 12.5 -3.0999999046325684 -19.299999237060547
endloop
endfacet
facet normal 0.07356485187010879 0.997290435414543 0.0
outer loop
vertex 12.196146965026855 -3.0850727558135986 -16.799999237060547
vertex 12.34788990020752 -3.096266031265259 -16.799999237060547
vertex 12.34788990020752 -3.096266031265259 -19.299999237060547
endloop
endfacet
facet normal -0.024542081650990883 -0.9996987977527212 0.0
outer loop
vertex 12.254661560058594 -4.993977069854736 -8.149999618530273
vertex 12.5 -5.0 -19.299999237060547
vertex 12.5 -5.0 -8.149999618530273
endloop
endfacet
facet normal 0.024539783564642606 0.9996988541668937 0.0
outer loop
vertex 12.34788990020752 -3.096266031265259 -16.799999237060547
vertex 12.5 -3.0999999046325684 -19.299999237060547
vertex 12.34788990020752 -3.096266031265259 -19.299999237060547
endloop
endfacet
facet normal -0.024542081650990883 -0.9996987977527212 0.0
outer loop
vertex 12.254661560058594 -4.993977069854736 -19.299999237060547
vertex 12.5 -5.0 -19.299999237060547
vertex 12.254661560058594 -4.993977069854736 -8.149999618530273
endloop
endfacet
facet normal 0.0 0.0 -1.0
outer loop
vertex 12.254661560058594 -4.993977069854736 -19.299999237060547
vertex 12.34788990020752 -3.096266031265259 -19.299999237060547
vertex 12.5 -3.0999999046325684 -19.299999237060547
endloop
endfacet
facet normal 0.0 0.0 -0.9999999999999999
outer loop
vertex 12.254661560058594 -4.993977069854736 -19.299999237060547
vertex 12.5 -3.0999999046325684 -19.299999237060547
vertex 12.5 -5.0 -19.299999237060547
endloop
endfacet
facet normal 0.0 0.0 -1.0
outer loop
vertex 12.045135498046875 -3.0664472579956055 -16.799999237060547
vertex 12.045135498046875 3.0664472579956055 -16.799999237060547
vertex 12.196146965026855 3.0850727558135986 -16.799999237060547
endloop
endfacet
facet normal 0.0 0.0 -1.0
outer loop
vertex 12.045135498046875 -3.0664472579956055 -16.799999237060547
vertex 12.196146965026855 3.0850727558135986 -16.799999237060547
vertex 12.196146965026855 -3.0850727558135986 -16.799999237060547
endloop
endfacet
facet normal -0.0 -0.0 1.0
outer loop
vertex 12.00991439819336 -4.975923538208008 -8.149999618530273
vertex 12.254661560058594 -4.993977069854736 -8.149999618530273
vertex 9.0 -2.020725965499878 -8.149999618530273
endloop
endfacet
facet normal -0.0 -0.0 1.0
outer loop
vertex 11.766347885131836 -4.945882320404053 -8.149999618530273
vertex 12.00991439819336 -4.975923538208008 -8.149999618530273
vertex 9.0 -2.020725965499878 -8.149999618530273
endloop
endfacet
facet normal 0.12241073892832852 0.9924795267384716 0.0
outer loop
vertex 12.045135498046875 -3.0664472579956055 -16.799999237060547
vertex 12.196146965026855 -3.0850727558135986 -16.799999237060547
vertex 12.196146965026855 -3.0850727558135986 -19.299999237060547
endloop
endfacet
facet normal -0.07356414367639032 -0.9972904876540032 0.0
outer loop
vertex 12.254661560058594 -4.993977069854736 -19.299999237060547
vertex 12.254661560058594 -4.993977069854736 -8.149999618530273
vertex 12.00991439819336 -4.975923538208008 -8.149999618530273
endloop
endfacet
facet normal -0.12241129211184755 -0.9924794585095995 0.0
outer loop
vertex 12.00991439819336 -4.975923538208008 -19.299999237060547
vertex 12.00991439819336 -4.975923538208008 -8.149999618530273
vertex 11.766347885131836 -4.945882320404053 -8.149999618530273
endloop
endfacet
facet normal 0.07356485187010879 0.997290435414543 0.0
outer loop
vertex 12.196146965026855 -3.0850727558135986 -16.799999237060547
vertex 12.34788990020752 -3.096266031265259 -19.299999237060547
vertex 12.196146965026855 -3.0850727558135986 -19.299999237060547
endloop
endfacet
facet normal -0.07356414367639032 -0.9972904876540032 0.0
outer loop
vertex 12.00991439819336 -4.975923538208008 -19.299999237060547
vertex 12.254661560058594 -4.993977069854736 -19.299999237060547
vertex 12.00991439819336 -4.975923538208008 -8.149999618530273
endloop
endfacet
facet normal 0.0 0.0 -1.0
outer loop
vertex 12.00991439819336 -4.975923538208008 -19.299999237060547
vertex 12.196146965026855 -3.0850727558135986 -19.299999237060547
vertex 12.34788990020752 -3.096266031265259 -19.299999237060547
endloop
endfacet
facet normal 0.0 -0.0 -1.0
outer loop
vertex 12.00991439819336 -4.975923538208008 -19.299999237060547
vertex 12.34788990020752 -3.096266031265259 -19.299999237060547
vertex 12.254661560058594 -4.993977069854736 -19.299999237060547
endloop
endfacet
facet normal -0.0 -0.0 1.0
outer loop
vertex 11.000733375549316 -0.8013744354248047 -10.350000381469727
vertex 12.5 -4.041451930999756 -10.350000381469727
vertex 11.134547233581543 -1.0126888751983643 -10.350000381469727
endloop
endfacet
facet normal 0.8448527252520401 0.5349989463860662 -0.0
outer loop
vertex 11.000733375549316 -0.8013744354248047 -14.699999809265137
vertex 11.000733375549316 -0.8013744354248047 -10.350000381469727
vertex 11.134547233581543 -1.0126888751983643 -10.350000381469727
endloop
endfacet
facet normal 0.8932243102682427 0.4496113116301928 0.0
outer loop
vertex 10.963217735290527 -0.7268436551094055 -14.699999809265137
vertex 11.000733375549316 -0.8013744354248047 -10.350000381469727
vertex 11.000733375549316 -0.8013744354248047 -14.699999809265137
endloop
endfacet
facet normal 0.6317003221318769 0.3179712051339434 -0.7070000111203328
outer loop
vertex 9.677851676940918 -1.508469581604004 -16.200000762939453
vertex 10.963217735290527 -0.7268436551094055 -14.699999809265137
vertex 11.000733375549316 -0.8013744354248047 -14.699999809265137
endloop
endfacet
facet normal 0.6317003290229404 0.31797119270938085 -0.7070000105511192
outer loop
vertex 9.607234001159668 -1.3681763410568237 -16.200000762939453
vertex 10.963217735290527 -0.7268436551094055 -14.699999809265137
vertex 9.677851676940918 -1.508469581604004 -16.200000762939453
endloop
endfacet
facet normal -0.0 0.0 1.0
outer loop
vertex 9.607234001159668 -1.3681763410568237 -16.200000762939453
vertex 9.677851676940918 -1.508469581604004 -16.200000762939453
vertex 9.677851676940918 1.508469581604004 -16.200000762939453
endloop
endfacet
facet normal 0.0 0.0 0.9999999999999999
outer loop
vertex 12.745338439941406 4.993977069854736 -8.149999618530273
vertex 12.5 4.041451930999756 -8.149999618530273
vertex 16.0 2.020725965499878 -8.149999618530273
endloop
endfacet
facet normal -0.5000000043306567 -0.8660254012841327 0.0
outer loop
vertex 12.5 4.041451930999756 -10.350000381469727
vertex 16.0 2.020725965499878 -8.149999618530273
vertex 12.5 4.041451930999756 -8.149999618530273
endloop
endfacet
facet normal 0.5000000043306567 -0.8660254012841327 0.0
outer loop
vertex 9.0 2.020725965499878 -10.350000381469727
vertex 12.5 4.041451930999756 -10.350000381469727
vertex 12.5 4.041451930999756 -8.149999618530273
endloop
endfacet
facet normal -0.0 0.0 1.0
outer loop
vertex 9.0 2.020725965499878 -10.350000381469727
vertex 11.849437713623047 1.5705952644348145 -10.350000381469727
vertex 12.5 4.041451930999756 -10.350000381469727
endloop
endfacet
facet normal 0.0 0.0 1.0
outer loop
vertex 11.849437713623047 1.5705952644348145 -10.350000381469727
vertex 12.006516456604004 1.6267986297607422 -10.350000381469727
vertex 12.5 4.041451930999756 -10.350000381469727
endloop
endfacet
facet normal 0.3368882188175831 -0.9415446500415773 0.0
outer loop
vertex 12.006516456604004 1.6267986297607422 -14.699999809265137
vertex 12.006516456604004 1.6267986297607422 -10.350000381469727
vertex 11.849437713623047 1.5705952644348145 -10.350000381469727
endloop
endfacet
facet normal 0.26671176412651626 -0.9637763406914083 0.0
outer loop
vertex 12.006516456604004 1.6267986297607422 -14.699999809265137
vertex 12.086934089660645 1.6490530967712402 -14.699999809265137
vertex 12.006516456604004 1.6267986297607422 -10.350000381469727
endloop
endfacet
facet normal 0.22183973503568172 -0.6715191677440043 -0.707000098523118
outer loop
vertex 12.006516456604004 1.6267986297607422 -14.699999809265137
vertex 11.421952247619629 3.0129411220550537 -16.200000762939453
vertex 11.571088790893555 3.062209129333496 -16.200000762939453
endloop
endfacet
facet normal 0.18862215129760354 -0.6815956069516026 -0.7070000796493169
outer loop
vertex 12.006516456604004 1.6267986297607422 -14.699999809265137
vertex 11.571088790893555 3.062209129333496 -16.200000762939453
vertex 12.086934089660645 1.6490530967712402 -14.699999809265137
endloop
endfacet
facet normal -0.8175862114353935 0.5758062060022624 0.0
outer loop
vertex 8.342652320861816 2.777851104736328 -19.299999237060547
vertex 8.342652320861816 2.777851104736328 -8.149999618530273
vertex 8.483962059020996 2.978496551513672 -8.149999618530273
endloop
endfacet
facet normal -0.7572094126841729 0.6531721865959158 0.0
outer loop
vertex 8.634947776794434 3.171966314315796 -19.299999237060547
vertex 8.795244216918945 3.357794761657715 -8.149999618530273
vertex 8.795244216918945 3.357794761657715 -19.299999237060547
endloop
endfacet
facet normal 0.0 -0.0 1.0
outer loop
vertex 8.342652320861816 -2.777851104736328 -8.149999618530273
vertex 8.483962059020996 2.978496551513672 -8.149999618530273
vertex 8.342652320861816 2.777851104736328 -8.149999618530273
endloop
endfacet
facet normal 0.0 0.0 -1.0
outer loop
vertex 8.634947776794434 -3.171966314315796 -19.299999237060547
vertex 8.634947776794434 3.171966314315796 -19.299999237060547
vertex 8.795244216918945 3.357794761657715 -19.299999237060547
endloop
endfacet
facet normal -0.0 0.0 0.9999999999999999
outer loop
vertex 8.342652320861816 -2.777851104736328 -8.149999618530273
vertex 8.483962059020996 -2.978496551513672 -8.149999618530273
vertex 8.483962059020996 2.978496551513672 -8.149999618530273
endloop
endfacet
facet normal 0.0 0.0 -0.9999999999999999
outer loop
vertex 8.634947776794434 -3.171966314315796 -19.299999237060547
vertex 8.483962059020996 -2.978496551513672 -19.299999237060547
vertex 8.634947776794434 3.171966314315796 -19.299999237060547
endloop
endfacet
facet normal -0.8175862114353935 -0.5758062060022624 0.0
outer loop
vertex 8.483962059020996 -2.978496551513672 -19.299999237060547
vertex 8.483962059020996 -2.978496551513672 -8.149999618530273
vertex 8.342652320861816 -2.777851104736328 -8.149999618530273
endloop
endfacet
facet normal -0.7883455719322073 -0.6152326870500958 -0.0
outer loop
vertex 8.634947776794434 -3.171966314315796 -19.299999237060547
vertex 8.483962059020996 -2.978496551513672 -8.149999618530273
vertex 8.483962059020996 -2.978496551513672 -19.299999237060547
endloop
endfacet
facet normal 0.0 -0.0 1.0
outer loop
vertex 8.964466094970703 3.535533905029297 -8.149999618530273
vertex 12.5 4.041451930999756 -8.149999618530273
vertex 9.142205238342285 3.7047555446624756 -8.149999618530273
endloop
endfacet
facet normal -0.7883455719322073 0.6152326870500958 0.0
outer loop
vertex 8.483962059020996 2.978496551513672 -19.299999237060547
vertex 8.483962059020996 2.978496551513672 -8.149999618530273
vertex 8.634947776794434 3.171966314315796 -8.149999618530273
endloop
endfacet
facet normal -0.6895403474088936 0.7242472708234546 0.0
outer loop
vertex 8.964466094970703 3.535533905029297 -19.299999237060547
vertex 8.964466094970703 3.535533905029297 -8.149999618530273
vertex 9.142205238342285 3.7047555446624756 -8.149999618530273
endloop
endfacet
facet normal 0.0 -0.0 0.9999999999999999
outer loop
vertex 8.483962059020996 -2.978496551513672 -8.149999618530273
vertex 8.634947776794434 3.171966314315796 -8.149999618530273
vertex 8.483962059020996 2.978496551513672 -8.149999618530273
endloop
endfacet
facet normal -0.7242467856575194 0.68954085699453 0.0
outer loop
vertex 8.795244216918945 3.357794761657715 -19.299999237060547
vertex 8.964466094970703 3.535533905029297 -8.149999618530273
vertex 8.964466094970703 3.535533905029297 -19.299999237060547
endloop
endfacet
facet normal 0.0 -0.0 0.9999999999999999
outer loop
vertex 8.634947776794434 -3.171966314315796 -8.149999618530273
vertex 8.634947776794434 3.171966314315796 -8.149999618530273
vertex 8.483962059020996 -2.978496551513672 -8.149999618530273
endloop
endfacet
facet normal 0.0 0.0 -1.0
outer loop
vertex 8.795244216918945 -3.357794761657715 -19.299999237060547
vertex 8.795244216918945 3.357794761657715 -19.299999237060547
vertex 8.964466094970703 3.535533905029297 -19.299999237060547
endloop
endfacet
facet normal -0.7883455719322073 -0.6152326870500958 0.0
outer loop
vertex 8.634947776794434 -3.171966314315796 -19.299999237060547
vertex 8.634947776794434 -3.171966314315796 -8.149999618530273
vertex 8.483962059020996 -2.978496551513672 -8.149999618530273
endloop
endfacet
facet normal 0.0 0.0 -1.0
outer loop
vertex 8.634947776794434 -3.171966314315796 -19.299999237060547
vertex 8.795244216918945 3.357794761657715 -19.299999237060547
vertex 8.795244216918945 -3.357794761657715 -19.299999237060547
endloop
endfacet
facet normal -0.7572094126841729 -0.6531721865959158 0.0
outer loop
vertex 8.634947776794434 -3.171966314315796 -19.299999237060547
vertex 8.795244216918945 -3.357794761657715 -19.299999237060547
vertex 8.634947776794434 -3.171966314315796 -8.149999618530273
endloop
endfacet
facet normal 0.0 -0.0 1.0
outer loop
vertex 9.142205238342285 3.7047555446624756 -8.149999618530273
vertex 12.5 4.041451930999756 -8.149999618530273
vertex 9.328033447265625 3.8650522232055664 -8.149999618530273
endloop
endfacet
facet normal -0.6531732241155533 0.7572085177139075 0.0
outer loop
vertex 9.142205238342285 3.7047555446624756 -19.299999237060547
vertex 9.142205238342285 3.7047555446624756 -8.149999618530273
vertex 9.328033447265625 3.8650522232055664 -8.149999618530273
endloop
endfacet
facet normal -0.7572094126841729 0.6531721865959158 0.0
outer loop
vertex 8.634947776794434 3.171966314315796 -19.299999237060547
vertex 8.634947776794434 3.171966314315796 -8.149999618530273
vertex 8.795244216918945 3.357794761657715 -8.149999618530273
endloop
endfacet
facet normal -0.6895403474088936 0.7242472708234546 0.0
outer loop
vertex 8.964466094970703 3.535533905029297 -19.299999237060547
vertex 9.142205238342285 3.7047555446624756 -8.149999618530273
vertex 9.142205238342285 3.7047555446624756 -19.299999237060547
endloop
endfacet
facet normal 0.0 -0.0 1.0
outer loop
vertex 8.634947776794434 -3.171966314315796 -8.149999618530273
vertex 8.795244216918945 3.357794761657715 -8.149999618530273
vertex 8.634947776794434 3.171966314315796 -8.149999618530273
endloop
endfacet
facet normal 0.0 0.0 -1.0
outer loop
vertex 8.964466094970703 -3.535533905029297 -19.299999237060547
vertex 8.964466094970703 3.535533905029297 -19.299999237060547
vertex 9.142205238342285 3.7047555446624756 -19.299999237060547
endloop
endfacet
facet normal -0.0 0.0 1.0
outer loop
vertex 8.634947776794434 -3.171966314315796 -8.149999618530273
vertex 8.795244216918945 -3.357794761657715 -8.149999618530273
vertex 8.795244216918945 3.357794761657715 -8.149999618530273
endloop
endfacet
facet normal 0.0 0.0 -1.0
outer loop
vertex 8.964466094970703 -3.535533905029297 -19.299999237060547
vertex 8.795244216918945 -3.357794761657715 -19.299999237060547
vertex 8.964466094970703 3.535533905029297 -19.299999237060547
endloop
endfacet
facet normal -0.7572094126841729 -0.6531721865959158 0.0
outer loop
vertex 8.795244216918945 -3.357794761657715 -19.299999237060547
vertex 8.795244216918945 -3.357794761657715 -8.149999618530273
vertex 8.634947776794434 -3.171966314315796 -8.149999618530273
endloop
endfacet
facet normal -0.7242467856575194 -0.68954085699453 -0.0
outer loop
vertex 8.964466094970703 -3.535533905029297 -19.299999237060547
vertex 8.795244216918945 -3.357794761657715 -8.149999618530273
vertex 8.795244216918945 -3.357794761657715 -19.299999237060547
endloop
endfacet
facet normal -0.0 -0.0 1.0
outer loop
vertex 9.929486274719238 4.288642883300781 -8.149999618530273
vertex 12.5 4.041451930999756 -8.149999618530273
vertex 10.14301586151123 4.409606456756592 -8.149999618530273
endloop
endfacet
facet normal -0.49289990943028056 0.8700860183244075 0.0
outer loop
vertex 9.929486274719238 4.288642883300781 -19.299999237060547
vertex 9.929486274719238 4.288642883300781 -8.149999618530273
vertex 10.14301586151123 4.409606456756592 -8.149999618530273
endloop
endfacet
facet normal -0.49289990943028056 0.8700860183244075 0.0
outer loop
vertex 9.929486274719238 4.288642883300781 -19.299999237060547
vertex 10.14301586151123 4.409606456756592 -8.149999618530273
vertex 10.14301586151123 4.409606456756592 -19.299999237060547
endloop
endfacet
facet normal 0.0 -0.0 -1.0
outer loop
vertex 9.929486274719238 4.288642883300781 -19.299999237060547
vertex 10.14301586151123 4.409606456756592 -19.299999237060547
vertex 10.010056495666504 1.8466678857803345 -19.299999237060547
endloop
endfacet
facet normal 0.7883467760547741 -0.6152311441109297 0.0
outer loop
vertex 10.010056495666504 1.8466678857803345 -16.799999237060547
vertex 10.010056495666504 1.8466678857803345 -19.299999237060547
vertex 10.103667259216309 1.9666191339492798 -16.799999237060547
endloop
endfacet
facet normal 0.0 0.0 -1.0
outer loop
vertex 10.14301586151123 4.409606456756592 -19.299999237060547
vertex 10.103667259216309 1.9666191339492798 -19.299999237060547
vertex 10.010056495666504 1.8466678857803345 -19.299999237060547
endloop
endfacet
facet normal 0.7883467760547741 -0.6152311441109297 0.0
outer loop
vertex 10.103667259216309 1.9666191339492798 -16.799999237060547
vertex 10.010056495666504 1.8466678857803345 -19.299999237060547
vertex 10.103667259216309 1.9666191339492798 -19.299999237060547
endloop
endfacet
facet normal 0.7572073910812023 -0.6531745301923515 0.0
outer loop
vertex 10.103667259216309 1.9666191339492798 -16.799999237060547
vertex 10.103667259216309 1.9666191339492798 -19.299999237060547
vertex 10.203051567077637 2.0818326473236084 -16.799999237060547
endloop
endfacet
facet normal 0.0 -0.0 -1.0
outer loop
vertex 10.14301586151123 4.409606456756592 -19.299999237060547
vertex 10.203051567077637 2.0818326473236084 -19.299999237060547
vertex 10.103667259216309 1.9666191339492798 -19.299999237060547
endloop
endfacet
facet normal 0.7572073910812023 -0.6531745301923515 0.0
outer loop
vertex 10.203051567077637 2.0818326473236084 -16.799999237060547
vertex 10.103667259216309 1.9666191339492798 -19.299999237060547
vertex 10.203051567077637 2.0818326473236084 -19.299999237060547
endloop
endfacet
facet normal -0.0 -0.0 1.0
outer loop
vertex 11.048576354980469 -4.784701824188232 -8.149999618530273
vertex 11.285099029541016 -4.850156307220459 -8.149999618530273
vertex 9.0 -2.020725965499878 -8.149999618530273
endloop
endfacet
facet normal -0.0 -0.0 1.0
outer loop
vertex 10.815550804138184 -4.7077202796936035 -8.149999618530273
vertex 11.048576354980469 -4.784701824188232 -8.149999618530273
vertex 9.0 -2.020725965499878 -8.149999618530273
endloop
endfacet
facet normal -0.49289990943028056 -0.8700860183244075 0.0
outer loop
vertex 10.14301586151123 -4.409606456756592 -19.299999237060547
vertex 10.14301586151123 -4.409606456756592 -8.149999618530273
vertex 9.929486274719238 -4.288642883300781 -8.149999618530273
endloop
endfacet
facet normal -0.0 -0.0 1.0
outer loop
vertex 10.586583137512207 -4.6193976402282715 -8.149999618530273
vertex 10.815550804138184 -4.7077202796936035 -8.149999618530273
vertex 9.0 -2.020725965499878 -8.149999618530273
endloop
endfacet
facet normal -0.4052404824611705 -0.9142101243011027 0.0
outer loop
vertex 10.586583137512207 -4.6193976402282715 -19.299999237060547
vertex 10.586583137512207 -4.6193976402282715 -8.149999618530273
vertex 10.362224578857422 -4.519946575164795 -8.149999618530273
endloop
endfacet
facet normal -0.0 -0.0 1.0
outer loop
vertex 9.929486274719238 -4.288642883300781 -8.149999618530273
vertex 10.14301586151123 -4.409606456756592 -8.149999618530273
vertex 9.0 -2.020725965499878 -8.149999618530273
endloop
endfacet
facet normal -0.44961042803630114 -0.8932247550314614 0.0
outer loop
vertex 10.362224578857422 -4.519946575164795 -19.299999237060547
vertex 10.362224578857422 -4.519946575164795 -8.149999618530273
vertex 10.14301586151123 -4.409606456756592 -8.149999618530273
endloop
endfacet
facet normal -0.0 -0.0 1.0
outer loop
vertex 10.362224578857422 -4.519946575164795 -8.149999618530273
vertex 10.586583137512207 -4.6193976402282715 -8.149999618530273
vertex 9.0 -2.020725965499878 -8.149999618530273
endloop
endfacet
facet normal -0.0 -0.0 1.0
outer loop
vertex 10.14301586151123 -4.409606456756592 -8.149999618530273
vertex 10.362224578857422 -4.519946575164795 -8.149999618530273
vertex 9.0 -2.020725965499878 -8.149999618530273
endloop
endfacet
facet normal 0.0 0.0 -1.0
outer loop
vertex 10.203051567077637 -2.0818326473236084 -16.799999237060547
vertex 10.203051567077637 2.0818326473236084 -16.799999237060547
vertex 10.307969093322754 2.192030906677246 -16.799999237060547
endloop
endfacet
facet normal 0.0 0.0 -1.0
outer loop
vertex 10.418167114257812 -2.2969484329223633 -16.799999237060547
vertex 10.418167114257812 2.2969484329223633 -16.799999237060547
vertex 10.533380508422852 2.3963325023651123 -16.799999237060547
endloop
endfacet
facet normal 0.0 0.0 -1.0
outer loop
vertex 10.307969093322754 -2.192030906677246 -16.799999237060547
vertex 10.307969093322754 2.192030906677246 -16.799999237060547
vertex 10.418167114257812 2.2969484329223633 -16.799999237060547
endloop
endfacet
facet normal 0.0 0.0 -1.0
outer loop
vertex 10.203051567077637 -2.0818326473236084 -16.799999237060547
vertex 10.307969093322754 2.192030906677246 -16.799999237060547
vertex 10.307969093322754 -2.192030906677246 -16.799999237060547
endloop
endfacet
facet normal 0.0 0.0 -1.0
outer loop
vertex 10.307969093322754 -2.192030906677246 -16.799999237060547
vertex 10.418167114257812 2.2969484329223633 -16.799999237060547
vertex 10.418167114257812 -2.2969484329223633 -16.799999237060547
endloop
endfacet
facet normal 0.7242468810605351 0.6895407567896817 0.0
outer loop
vertex 10.203051567077637 -2.0818326473236084 -16.799999237060547
vertex 10.307969093322754 -2.192030906677246 -16.799999237060547
vertex 10.307969093322754 -2.192030906677246 -19.299999237060547
endloop
endfacet
facet normal 0.6895415393157942 0.7242461360324989 0.0
outer loop
vertex 10.307969093322754 -2.192030906677246 -16.799999237060547
vertex 10.418167114257812 -2.2969484329223633 -16.799999237060547
vertex 10.418167114257812 -2.2969484329223633 -19.299999237060547
endloop
endfacet
facet normal 0.6895415393157942 0.7242461360324989 0.0
outer loop
vertex 10.307969093322754 -2.192030906677246 -16.799999237060547
vertex 10.418167114257812 -2.2969484329223633 -19.299999237060547
vertex 10.307969093322754 -2.192030906677246 -19.299999237060547
endloop
endfacet
facet normal 0.6531740192622193 0.7572078318142504 0.0
outer loop
vertex 10.418167114257812 -2.2969484329223633 -16.799999237060547
vertex 10.533380508422852 -2.3963325023651123 -19.299999237060547
vertex 10.418167114257812 -2.2969484329223633 -19.299999237060547
endloop
endfacet
facet normal -0.44961042803630114 -0.8932247550314614 0.0
outer loop
vertex 10.14301586151123 -4.409606456756592 -19.299999237060547
vertex 10.362224578857422 -4.519946575164795 -19.299999237060547
vertex 10.14301586151123 -4.409606456756592 -8.149999618530273
endloop
endfacet
facet normal 0.0 0.0 -1.0
outer loop
vertex 10.14301586151123 -4.409606456756592 -19.299999237060547
vertex 10.307969093322754 -2.192030906677246 -19.299999237060547
vertex 10.418167114257812 -2.2969484329223633 -19.299999237060547
endloop
endfacet
facet normal 0.0 0.0 -1.0
outer loop
vertex 10.362224578857422 -4.519946575164795 -19.299999237060547
vertex 10.418167114257812 -2.2969484329223633 -19.299999237060547
vertex 10.533380508422852 -2.3963325023651123 -19.299999237060547
endloop
endfacet
facet normal 0.0 -0.0 -0.9999999999999999
outer loop
vertex 10.14301586151123 -4.409606456756592 -19.299999237060547
vertex 10.418167114257812 -2.2969484329223633 -19.299999237060547
vertex 10.362224578857422 -4.519946575164795 -19.299999237060547
endloop
endfacet
facet normal -1.0 0.0 0.0
outer loop
vertex 16.0 -2.020725965499878 -10.350000381469727
vertex 16.0 -2.020725965499878 -8.149999618530273
vertex 16.0 2.020725965499878 -10.350000381469727
endloop
endfacet
facet normal -0.5000000043306567 0.8660254012841327 0.0
outer loop
vertex 16.0 -2.020725965499878 -10.350000381469727
vertex 12.5 -4.041451930999756 -8.149999618530273
vertex 16.0 -2.020725965499878 -8.149999618530273
endloop
endfacet
facet normal 0.0 -0.0 1.0
outer loop
vertex 12.5 -4.041451930999756 -10.350000381469727
vertex 16.0 -2.020725965499878 -10.350000381469727
vertex 13.150562286376953 -1.5705952644348145 -10.350000381469727
endloop
endfacet
facet normal 0.0 0.0 1.0
outer loop
vertex 11.000733375549316 -0.8013744354248047 -10.350000381469727
vertex 10.929405212402344 -0.6505618095397949 -10.350000381469727
vertex 9.0 2.020725965499878 -10.350000381469727
endloop
endfacet
facet normal 0.0 -0.0 0.9999999999999999
outer loop
vertex 12.254661560058594 -4.993977069854736 -8.149999618530273
vertex 12.5 -4.041451930999756 -8.149999618530273
vertex 9.0 -2.020725965499878 -8.149999618530273
endloop
endfacet
facet normal -0.5000000043306567 0.8660254012841327 0.0
outer loop
vertex 12.5 -4.041451930999756 -10.350000381469727
vertex 12.5 -4.041451930999756 -8.149999618530273
vertex 16.0 -2.020725965499878 -10.350000381469727
endloop
endfacet
facet normal 0.0 0.0 1.0
outer loop
vertex 11.000733375549316 -0.8013744354248047 -10.350000381469727
vertex 9.0 2.020725965499878 -10.350000381469727
vertex 12.5 -4.041451930999756 -10.350000381469727
endloop
endfacet
facet normal 0.5000000043306567 0.8660254012841327 0.0
outer loop
vertex 12.5 -4.041451930999756 -10.350000381469727
vertex 9.0 -2.020725965499878 -8.149999618530273
vertex 12.5 -4.041451930999756 -8.149999618530273
endloop
endfacet
facet normal 0.5000000043306567 -0.8660254012841327 0.0
outer loop
vertex 9.0 2.020725965499878 -10.350000381469727
vertex 12.5 4.041451930999756 -8.149999618530273
vertex 9.0 2.020725965499878 -8.149999618530273
endloop
endfacet
facet normal -0.0 -0.0 1.0
outer loop
vertex 9.0 -2.020725965499878 -10.350000381469727
vertex 12.5 -4.041451930999756 -10.350000381469727
vertex 9.0 2.020725965499878 -10.350000381469727
endloop
endfacet
facet normal 0.5000000043306567 0.8660254012841327 -0.0
outer loop
vertex 9.0 -2.020725965499878 -10.350000381469727
vertex 9.0 -2.020725965499878 -8.149999618530273
vertex 12.5 -4.041451930999756 -10.350000381469727
endloop
endfacet
facet normal 1.0 0.0 0.0
outer loop
vertex 9.0 -2.020725965499878 -10.350000381469727
vertex 9.0 2.020725965499878 -10.350000381469727
vertex 9.0 2.020725965499878 -8.149999618530273
endloop
endfacet
facet normal 0.0 0.0 1.0
outer loop
vertex 8.964466094970703 -3.535533905029297 -8.149999618530273
vertex 9.0 -2.020725965499878 -8.149999618530273
vertex 9.0 2.020725965499878 -8.149999618530273
endloop
endfacet
facet normal 1.0 0.0 -0.0
outer loop
vertex 9.0 -2.020725965499878 -10.350000381469727
vertex 9.0 2.020725965499878 -8.149999618530273
vertex 9.0 -2.020725965499878 -8.149999618530273
endloop
endfacet
facet normal -0.7242467856575194 0.68954085699453 0.0
outer loop
vertex 8.795244216918945 3.357794761657715 -19.299999237060547
vertex 8.795244216918945 3.357794761657715 -8.149999618530273
vertex 8.964466094970703 3.535533905029297 -8.149999618530273
endloop
endfacet
facet normal -0.0 0.0 1.0
outer loop
vertex 8.964466094970703 3.535533905029297 -8.149999618530273
vertex 9.0 2.020725965499878 -8.149999618530273
vertex 12.5 4.041451930999756 -8.149999618530273
endloop
endfacet
facet normal 0.0 -0.0 1.0
outer loop
vertex 8.795244216918945 -3.357794761657715 -8.149999618530273
vertex 8.964466094970703 3.535533905029297 -8.149999618530273
vertex 8.795244216918945 3.357794761657715 -8.149999618530273
endloop
endfacet
facet normal 0.0 -0.0 1.0
outer loop
vertex 8.964466094970703 -3.535533905029297 -8.149999618530273
vertex 9.0 2.020725965499878 -8.149999618530273
vertex 8.964466094970703 3.535533905029297 -8.149999618530273
endloop
endfacet
facet normal -0.6531732241155533 0.7572085177139075 0.0
outer loop
vertex 9.142205238342285 3.7047555446624756 -19.299999237060547
vertex 9.328033447265625 3.8650522232055664 -8.149999618530273
vertex 9.328033447265625 3.8650522232055664 -19.299999237060547
endloop
endfacet
facet normal 0.0 -0.0 1.0
outer loop
vertex 8.964466094970703 -3.535533905029297 -8.149999618530273
vertex 8.964466094970703 3.535533905029297 -8.149999618530273
vertex 8.795244216918945 -3.357794761657715 -8.149999618530273
endloop
endfacet
facet normal 0.0 0.0 -1.0
outer loop
vertex 9.142205238342285 -3.7047555446624756 -19.299999237060547
vertex 9.142205238342285 3.7047555446624756 -19.299999237060547
vertex 9.328033447265625 3.8650522232055664 -19.299999237060547
endloop
endfacet
facet normal -0.7242467856575194 -0.68954085699453 0.0
outer loop
vertex 8.964466094970703 -3.535533905029297 -19.299999237060547
vertex 8.964466094970703 -3.535533905029297 -8.149999618530273
vertex 8.795244216918945 -3.357794761657715 -8.149999618530273
endloop
endfacet
facet normal 0.0 0.0 -1.0
outer loop
vertex 8.964466094970703 -3.535533905029297 -19.299999237060547
vertex 9.142205238342285 3.7047555446624756 -19.299999237060547
vertex 9.142205238342285 -3.7047555446624756 -19.299999237060547
endloop
endfacet
facet normal -0.6895403474088936 -0.7242472708234546 0.0
outer loop
vertex 8.964466094970703 -3.535533905029297 -19.299999237060547
vertex 9.142205238342285 -3.7047555446624756 -19.299999237060547
vertex 8.964466094970703 -3.535533905029297 -8.149999618530273
endloop
endfacet
facet normal 0.0 0.0 -0.9999999999999999
outer loop
vertex 9.40373420715332 -0.1521097868680954 -16.799999237060547
vertex 9.40373420715332 0.1521097868680954 -16.799999237060547
vertex 9.41492748260498 0.3038531243801117 -16.799999237060547
endloop
endfacet
facet normal 0.9972904497244254 -0.07356465787627449 0.0
outer loop
vertex 9.40373420715332 0.1521097868680954 -16.799999237060547
vertex 9.40373420715332 0.1521097868680954 -19.299999237060547
vertex 9.41492748260498 0.3038531243801117 -16.799999237060547
endloop
endfacet
facet normal 0.0 -0.0 -1.0
outer loop
vertex 9.328033447265625 3.8650522232055664 -19.299999237060547
vertex 9.41492748260498 0.3038531243801117 -19.299999237060547
vertex 9.40373420715332 0.1521097868680954 -19.299999237060547
endloop
endfacet
facet normal 0.9972904497244254 -0.07356465787627449 0.0
outer loop
vertex 9.41492748260498 0.3038531243801117 -16.799999237060547
vertex 9.40373420715332 0.1521097868680954 -19.299999237060547
vertex 9.41492748260498 0.3038531243801117 -19.299999237060547
endloop
endfacet
facet normal 0.0 0.0 -1.0
outer loop
vertex 9.40373420715332 -0.1521097868680954 -16.799999237060547
vertex 9.399999618530273 0.0 -16.799999237060547
vertex 9.40373420715332 0.1521097868680954 -16.799999237060547
endloop
endfacet
facet normal 0.9996987375948355 -0.024544532003936952 0.0
outer loop
vertex 9.399999618530273 0.0 -16.799999237060547
vertex 9.399999618530273 0.0 -19.299999237060547
vertex 9.40373420715332 0.1521097868680954 -16.799999237060547
endloop
endfacet
facet normal 0.0 -0.0 -1.0
outer loop
vertex 9.328033447265625 3.8650522232055664 -19.299999237060547
vertex 9.40373420715332 0.1521097868680954 -19.299999237060547
vertex 9.399999618530273 0.0 -19.299999237060547
endloop
endfacet
facet normal 0.9996987375948355 -0.024544532003936952 0.0
outer loop
vertex 9.40373420715332 0.1521097868680954 -16.799999237060547
vertex 9.399999618530273 0.0 -19.299999237060547
vertex 9.40373420715332 0.1521097868680954 -19.299999237060547
endloop
endfacet
facet normal 0.0 0.0 -1.0
outer loop
vertex 9.41492748260498 -0.3038531243801117 -16.799999237060547
vertex 9.41492748260498 0.3038531243801117 -16.799999237060547
vertex 9.433552742004395 0.4548644721508026 -16.799999237060547
endloop
endfacet
facet normal 0.9924797053652841 -0.12240929065246156 0.0
outer loop
vertex 9.41492748260498 0.3038531243801117 -16.799999237060547
vertex 9.41492748260498 0.3038531243801117 -19.299999237060547
vertex 9.433552742004395 0.4548644721508026 -16.799999237060547
endloop
endfacet
facet normal 0.0 -0.0 -0.9999999999999999
outer loop
vertex 9.328033447265625 3.8650522232055664 -19.299999237060547
vertex 9.433552742004395 0.4548644721508026 -19.299999237060547
vertex 9.41492748260498 0.3038531243801117 -19.299999237060547
endloop
endfacet
facet normal 0.9924797053652841 -0.12240929065246156 0.0
outer loop
vertex 9.433552742004395 0.4548644721508026 -16.799999237060547
vertex 9.41492748260498 0.3038531243801117 -19.299999237060547
vertex 9.433552742004395 0.4548644721508026 -19.299999237060547
endloop
endfacet
facet normal 0.9757019712731931 -0.21910194716981637 0.0
outer loop
vertex 9.459565162658691 0.6047800183296204 -16.799999237060547
vertex 9.459565162658691 0.6047800183296204 -19.299999237060547
vertex 9.492902755737305 0.7532385587692261 -16.799999237060547
endloop
endfacet
facet normal 0.0 0.0 -1.0
outer loop
vertex 9.521503448486328 4.016037464141846 -19.299999237060547
vertex 9.492902755737305 0.7532385587692261 -19.299999237060547
vertex 9.459565162658691 0.6047800183296204 -19.299999237060547
endloop
endfacet
facet normal 0.9757019712731931 -0.21910194716981637 0.0
outer loop
vertex 9.492902755737305 0.7532385587692261 -16.799999237060547
vertex 9.459565162658691 0.6047800183296204 -19.299999237060547
vertex 9.492902755737305 0.7532385587692261 -19.299999237060547
endloop
endfacet
facet normal 0.0 -0.0 1.0
outer loop
vertex 9.328033447265625 3.8650522232055664 -8.149999618530273
vertex 12.5 4.041451930999756 -8.149999618530273
vertex 9.521503448486328 4.016037464141846 -8.149999618530273
endloop
endfacet
facet normal -0.6152310082991623 0.7883468820431752 0.0
outer loop
vertex 9.328033447265625 3.8650522232055664 -19.299999237060547
vertex 9.328033447265625 3.8650522232055664 -8.149999618530273
vertex 9.521503448486328 4.016037464141846 -8.149999618530273
endloop
endfacet
facet normal -0.6152310082991623 0.7883468820431752 0.0
outer loop
vertex 9.328033447265625 3.8650522232055664 -19.299999237060547
vertex 9.521503448486328 4.016037464141846 -8.149999618530273
vertex 9.521503448486328 4.016037464141846 -19.299999237060547
endloop
endfacet
facet normal 0.0 0.0 -1.0
outer loop
vertex 9.433552742004395 -0.4548644721508026 -16.799999237060547
vertex 9.433552742004395 0.4548644721508026 -16.799999237060547
vertex 9.459565162658691 0.6047800183296204 -16.799999237060547
endloop
endfacet
facet normal 0.0 -0.0 -1.0
outer loop
vertex 9.328033447265625 3.8650522232055664 -19.299999237060547
vertex 9.521503448486328 4.016037464141846 -19.299999237060547
vertex 9.433552742004395 0.4548644721508026 -19.299999237060547
endloop
endfacet
facet normal 0.985278078830086 -0.170959373468947 0.0
outer loop
vertex 9.433552742004395 0.4548644721508026 -16.799999237060547
vertex 9.433552742004395 0.4548644721508026 -19.299999237060547
vertex 9.459565162658691 0.6047800183296204 -16.799999237060547
endloop
endfacet
facet normal 0.0 0.0 -1.0
outer loop
vertex 9.521503448486328 4.016037464141846 -19.299999237060547
vertex 9.459565162658691 0.6047800183296204 -19.299999237060547
vertex 9.433552742004395 0.4548644721508026 -19.299999237060547
endloop
endfacet
facet normal 0.985278078830086 -0.170959373468947 0.0
outer loop
vertex 9.459565162658691 0.6047800183296204 -16.799999237060547
vertex 9.433552742004395 0.4548644721508026 -19.299999237060547
vertex 9.459565162658691 0.6047800183296204 -19.299999237060547
endloop
endfacet
facet normal 0.9637746903552021 -0.26671772762741935 0.0
outer loop
vertex 9.492902755737305 0.7532385587692261 -16.799999237060547
vertex 9.492902755737305 0.7532385587692261 -19.299999237060547
vertex 9.533485412597656 0.8998824954032898 -16.799999237060547
endloop
endfacet
facet normal 0.0 -0.0 -1.0
outer loop
vertex 9.521503448486328 4.016037464141846 -19.299999237060547
vertex 9.533485412597656 0.8998824954032898 -19.299999237060547
vertex 9.492902755737305 0.7532385587692261 -19.299999237060547
endloop
endfacet
facet normal 0.9637746903552021 -0.26671772762741935 0.0
outer loop
vertex 9.533485412597656 0.8998824954032898 -16.799999237060547
vertex 9.492902755737305 0.7532385587692261 -19.299999237060547
vertex 9.533485412597656 0.8998824954032898 -19.299999237060547
endloop
endfacet
facet normal 0.0 -0.0 1.0
outer loop
vertex 9.521503448486328 4.016037464141846 -8.149999618530273
vertex 12.5 4.041451930999756 -8.149999618530273
vertex 9.722148895263672 4.157348155975342 -8.149999618530273
endloop
endfacet
facet normal -0.5758088035886261 0.8175843820119334 0.0
outer loop
vertex 9.521503448486328 4.016037464141846 -19.299999237060547
vertex 9.521503448486328 4.016037464141846 -8.149999618530273
vertex 9.722148895263672 4.157348155975342 -8.149999618530273
endloop
endfacet
facet normal -0.5758088035886261 0.8175843820119334 0.0
outer loop
vertex 9.521503448486328 4.016037464141846 -19.299999237060547
vertex 9.722148895263672 4.157348155975342 -8.149999618530273
vertex 9.722148895263672 4.157348155975342 -19.299999237060547
endloop
endfacet
facet normal 0.0 -0.0 -1.0
outer loop
vertex 9.521503448486328 4.016037464141846 -19.299999237060547
vertex 9.722148895263672 4.157348155975342 -19.299999237060547
vertex 9.63597297668457 1.1863186359405518 -19.299999237060547
endloop
endfacet
facet normal 0.0 -0.0 -1.0
outer loop
vertex 9.521503448486328 4.016037464141846 -19.299999237060547
vertex 9.63597297668457 1.1863186359405518 -19.299999237060547
vertex 9.581212997436523 1.044358491897583 -19.299999237060547
endloop
endfacet
facet normal 0.9495298200178085 -0.3136767777457367 0.0
outer loop
vertex 9.533485412597656 0.8998824954032898 -16.799999237060547
vertex 9.533485412597656 0.8998824954032898 -19.299999237060547
vertex 9.581212997436523 1.044358491897583 -16.799999237060547
endloop
endfacet
facet normal 0.0 -0.0 -1.0
outer loop
vertex 9.521503448486328 4.016037464141846 -19.299999237060547
vertex 9.581212997436523 1.044358491897583 -19.299999237060547
vertex 9.533485412597656 0.8998824954032898 -19.299999237060547
endloop
endfacet
facet normal 0.9495298200178085 -0.3136767777457367 0.0
outer loop
vertex 9.581212997436523 1.044358491897583 -16.799999237060547
vertex 9.533485412597656 0.8998824954032898 -19.299999237060547
vertex 9.581212997436523 1.044358491897583 -19.299999237060547
endloop
endfacet
facet normal 0.0 0.0 -1.0
outer loop
vertex 9.722148895263672 4.157348155975342 -19.299999237060547
vertex 9.697632789611816 1.3254207372665405 -19.299999237060547
vertex 9.63597297668457 1.1863186359405518 -19.299999237060547
endloop
endfacet
facet normal 0.9142095314752493 -0.4052418198555095 0.0
outer loop
vertex 9.697632789611816 1.3254207372665405 -16.799999237060547
vertex 9.63597297668457 1.1863186359405518 -19.299999237060547
vertex 9.697632789611816 1.3254207372665405 -19.299999237060547
endloop
endfacet
facet normal 0.9142095314752493 -0.4052418198555095 0.0
outer loop
vertex 9.63597297668457 1.1863186359405518 -16.799999237060547
vertex 9.63597297668457 1.1863186359405518 -19.299999237060547
vertex 9.697632789611816 1.3254207372665405 -16.799999237060547
endloop
endfacet
facet normal 0.9329929997062717 -0.3598945157946883 0.0
outer loop
vertex 9.581212997436523 1.044358491897583 -16.799999237060547
vertex 9.581212997436523 1.044358491897583 -19.299999237060547
vertex 9.63597297668457 1.1863186359405518 -16.799999237060547
endloop
endfacet
facet normal 0.9329929997062717 -0.3598945157946883 0.0
outer loop
vertex 9.63597297668457 1.1863186359405518 -16.799999237060547
vertex 9.581212997436523 1.044358491897583 -19.299999237060547
vertex 9.63597297668457 1.1863186359405518 -19.299999237060547
endloop
endfacet
facet normal -0.0 -0.0 1.0
outer loop
vertex 9.722148895263672 4.157348155975342 -8.149999618530273
vertex 12.5 4.041451930999756 -8.149999618530273
vertex 9.929486274719238 4.288642883300781 -8.149999618530273
endloop
endfacet
facet normal -0.5349969794170051 0.8448539708225801 0.0
outer loop
vertex 9.722148895263672 4.157348155975342 -19.299999237060547
vertex 9.722148895263672 4.157348155975342 -8.149999618530273
vertex 9.929486274719238 4.288642883300781 -8.149999618530273
endloop
endfacet
facet normal -0.5349969794170051 0.8448539708225801 0.0
outer loop
vertex 9.722148895263672 4.157348155975342 -19.299999237060547
vertex 9.929486274719238 4.288642883300781 -8.149999618530273
vertex 9.929486274719238 4.288642883300781 -19.299999237060547
endloop
endfacet
facet normal 0.0 -0.0 -1.0
outer loop
vertex 9.722148895263672 4.157348155975342 -19.299999237060547
vertex 9.929486274719238 4.288642883300781 -19.299999237060547
vertex 9.841041564941406 1.5937185287475586 -19.299999237060547
endloop
endfacet
facet normal 0.8448539099016116 -0.5349970756218765 0.0
outer loop
vertex 9.841041564941406 1.5937185287475586 -16.799999237060547
vertex 9.841041564941406 1.5937185287475586 -19.299999237060547
vertex 9.922444343566895 1.722267746925354 -16.799999237060547
endloop
endfacet
facet normal 0.0 0.0 -1.0
outer loop
vertex 9.929486274719238 4.288642883300781 -19.299999237060547
vertex 9.922444343566895 1.722267746925354 -19.299999237060547
vertex 9.841041564941406 1.5937185287475586 -19.299999237060547
endloop
endfacet
facet normal 0.8448539099016116 -0.5349970756218765 0.0
outer loop
vertex 9.922444343566895 1.722267746925354 -16.799999237060547
vertex 9.841041564941406 1.5937185287475586 -19.299999237060547
vertex 9.922444343566895 1.722267746925354 -19.299999237060547
endloop
endfacet
facet normal 0.817585774229517 -0.5758068267896113 0.0
outer loop
vertex 9.922444343566895 1.722267746925354 -16.799999237060547
vertex 9.922444343566895 1.722267746925354 -19.299999237060547
vertex 10.010056495666504 1.8466678857803345 -16.799999237060547
endloop
endfacet
facet normal 0.0 -0.0 -1.0
outer loop
vertex 9.929486274719238 4.288642883300781 -19.299999237060547
vertex 10.010056495666504 1.8466678857803345 -19.299999237060547
vertex 9.922444343566895 1.722267746925354 -19.299999237060547
endloop
endfacet
facet normal 0.817585774229517 -0.5758068267896113 0.0
outer loop
vertex 10.010056495666504 1.8466678857803345 -16.799999237060547
vertex 9.922444343566895 1.722267746925354 -19.299999237060547
vertex 10.010056495666504 1.8466678857803345 -19.299999237060547
endloop
endfacet
facet normal 0.0 0.0 -1.0
outer loop
vertex 10.010056495666504 -1.8466678857803345 -16.799999237060547
vertex 10.010056495666504 1.8466678857803345 -16.799999237060547
vertex 10.103667259216309 1.9666191339492798 -16.799999237060547
endloop
endfacet
facet normal 0.0 0.0 -1.0
outer loop
vertex 10.103667259216309 -1.9666191339492798 -16.799999237060547
vertex 10.103667259216309 1.9666191339492798 -16.799999237060547
vertex 10.203051567077637 2.0818326473236084 -16.799999237060547
endloop
endfacet
facet normal 0.0 0.0 -0.9999999999999999
outer loop
vertex 10.010056495666504 -1.8466678857803345 -16.799999237060547
vertex 10.103667259216309 1.9666191339492798 -16.799999237060547
vertex 10.103667259216309 -1.9666191339492798 -16.799999237060547
endloop
endfacet
facet normal 0.0 0.0 -0.9999999999999999
outer loop
vertex 10.203051567077637 -2.0818326473236084 -16.799999237060547
vertex 10.103667259216309 -1.9666191339492798 -16.799999237060547
vertex 10.203051567077637 2.0818326473236084 -16.799999237060547
endloop
endfacet
facet normal -0.0 -0.0 1.0
outer loop
vertex 9.722148895263672 -4.157348155975342 -8.149999618530273
vertex 9.929486274719238 -4.288642883300781 -8.149999618530273
vertex 9.0 -2.020725965499878 -8.149999618530273
endloop
endfacet
facet normal 0.7883467760547741 0.6152311441109297 0.0
outer loop
vertex 10.010056495666504 -1.8466678857803345 -16.799999237060547
vertex 10.103667259216309 -1.9666191339492798 -16.799999237060547
vertex 10.103667259216309 -1.9666191339492798 -19.299999237060547
endloop
endfacet
facet normal 0.7572073910812023 0.6531745301923515 0.0
outer loop
vertex 10.203051567077637 -2.0818326473236084 -16.799999237060547
vertex 10.203051567077637 -2.0818326473236084 -19.299999237060547
vertex 10.103667259216309 -1.9666191339492798 -16.799999237060547
endloop
endfacet
facet normal -0.5349969794170051 -0.8448539708225801 0.0
outer loop
vertex 9.929486274719238 -4.288642883300781 -19.299999237060547
vertex 9.929486274719238 -4.288642883300781 -8.149999618530273
vertex 9.722148895263672 -4.157348155975342 -8.149999618530273
endloop
endfacet
facet normal 0.7572073910812023 0.6531745301923515 0.0
outer loop
vertex 10.103667259216309 -1.9666191339492798 -16.799999237060547
vertex 10.203051567077637 -2.0818326473236084 -19.299999237060547
vertex 10.103667259216309 -1.9666191339492798 -19.299999237060547
endloop
endfacet
facet normal 0.7242468810605351 0.6895407567896817 0.0
outer loop
vertex 10.203051567077637 -2.0818326473236084 -16.799999237060547
vertex 10.307969093322754 -2.192030906677246 -19.299999237060547
vertex 10.203051567077637 -2.0818326473236084 -19.299999237060547
endloop
endfacet
facet normal -0.49289990943028056 -0.8700860183244075 0.0
outer loop
vertex 9.929486274719238 -4.288642883300781 -19.299999237060547
vertex 10.14301586151123 -4.409606456756592 -19.299999237060547
vertex 9.929486274719238 -4.288642883300781 -8.149999618530273
endloop
endfacet
facet normal 0.0 0.0 -1.0
outer loop
vertex 9.929486274719238 -4.288642883300781 -19.299999237060547
vertex 10.103667259216309 -1.9666191339492798 -19.299999237060547
vertex 10.203051567077637 -2.0818326473236084 -19.299999237060547
endloop
endfacet
facet normal 0.0 0.0 -1.0
outer loop
vertex 10.14301586151123 -4.409606456756592 -19.299999237060547
vertex 10.203051567077637 -2.0818326473236084 -19.299999237060547
vertex 10.307969093322754 -2.192030906677246 -19.299999237060547
endloop
endfacet
facet normal 0.0 -0.0 -1.0
outer loop
vertex 9.929486274719238 -4.288642883300781 -19.299999237060547
vertex 10.203051567077637 -2.0818326473236084 -19.299999237060547
vertex 10.14301586151123 -4.409606456756592 -19.299999237060547
endloop
endfacet
facet normal 0.8700850433486662 -0.4929016304912671 0.0
outer loop
vertex 9.766043663024902 1.4613299369812012 -16.799999237060547
vertex 9.766043663024902 1.4613299369812012 -19.299999237060547
vertex 9.841041564941406 1.5937185287475586 -16.799999237060547
endloop
endfacet
facet normal 0.0 -0.0 -1.0
outer loop
vertex 9.722148895263672 4.157348155975342 -19.299999237060547
vertex 9.841041564941406 1.5937185287475586 -19.299999237060547
vertex 9.766043663024902 1.4613299369812012 -19.299999237060547
endloop
endfacet
facet normal 0.8700850433486662 -0.4929016304912671 0.0
outer loop
vertex 9.841041564941406 1.5937185287475586 -16.799999237060547
vertex 9.766043663024902 1.4613299369812012 -19.299999237060547
vertex 9.841041564941406 1.5937185287475586 -19.299999237060547
endloop
endfacet
facet normal 0.8932244826212883 -0.4496109692233185 0.0
outer loop
vertex 9.697632789611816 1.3254207372665405 -16.799999237060547
vertex 9.697632789611816 1.3254207372665405 -19.299999237060547
vertex 9.766043663024902 1.4613299369812012 -16.799999237060547
endloop
endfacet
facet normal 0.0 -0.0 -0.9999999999999999
outer loop
vertex 9.722148895263672 4.157348155975342 -19.299999237060547
vertex 9.766043663024902 1.4613299369812012 -19.299999237060547
vertex 9.697632789611816 1.3254207372665405 -19.299999237060547
endloop
endfacet
facet normal 0.8932244826212883 -0.4496109692233185 0.0
outer loop
vertex 9.766043663024902 1.4613299369812012 -16.799999237060547
vertex 9.697632789611816 1.3254207372665405 -19.299999237060547
vertex 9.766043663024902 1.4613299369812012 -19.299999237060547
endloop
endfacet
facet normal -0.0 -0.0 1.0
outer loop
vertex 9.521503448486328 -4.016037464141846 -8.149999618530273
vertex 9.722148895263672 -4.157348155975342 -8.149999618530273
vertex 9.0 -2.020725965499878 -8.149999618530273
endloop
endfacet
facet normal -0.0 -0.0 0.9999999999999999
outer loop
vertex 9.328033447265625 -3.8650522232055664 -8.149999618530273
vertex 9.521503448486328 -4.016037464141846 -8.149999618530273
vertex 9.0 -2.020725965499878 -8.149999618530273
endloop
endfacet
facet normal 0.0 0.0 -1.0
outer loop
vertex 9.328033447265625 -3.8650522232055664 -19.299999237060547
vertex 9.328033447265625 3.8650522232055664 -19.299999237060547
vertex 9.399999618530273 0.0 -19.299999237060547
endloop
endfacet
facet normal 0.0 0.0 1.0
outer loop
vertex 9.328033447265625 -3.8650522232055664 -8.149999618530273
vertex 9.0 -2.020725965499878 -8.149999618530273
vertex 9.142205238342285 -3.7047555446624756 -8.149999618530273
endloop
endfacet
facet normal -0.0 -0.0 1.0
outer loop
vertex 8.964466094970703 -3.535533905029297 -8.149999618530273
vertex 9.142205238342285 -3.7047555446624756 -8.149999618530273
vertex 9.0 -2.020725965499878 -8.149999618530273
endloop
endfacet
facet normal 0.0 0.0 -1.0
outer loop
vertex 9.328033447265625 -3.8650522232055664 -19.299999237060547
vertex 9.142205238342285 -3.7047555446624756 -19.299999237060547
vertex 9.328033447265625 3.8650522232055664 -19.299999237060547
endloop
endfacet
facet normal -0.6531732241155533 -0.7572085177139075 0.0
outer loop
vertex 9.328033447265625 -3.8650522232055664 -19.299999237060547
vertex 9.328033447265625 -3.8650522232055664 -8.149999618530273
vertex 9.142205238342285 -3.7047555446624756 -8.149999618530273
endloop
endfacet
facet normal -0.6895403474088936 -0.7242472708234546 0.0
outer loop
vertex 9.142205238342285 -3.7047555446624756 -19.299999237060547
vertex 9.142205238342285 -3.7047555446624756 -8.149999618530273
vertex 8.964466094970703 -3.535533905029297 -8.149999618530273
endloop
endfacet
facet normal -0.6531732241155533 -0.7572085177139075 -0.0
outer loop
vertex 9.328033447265625 -3.8650522232055664 -19.299999237060547
vertex 9.142205238342285 -3.7047555446624756 -8.149999618530273
vertex 9.142205238342285 -3.7047555446624756 -19.299999237060547
endloop
endfacet
facet normal 0.0 0.0 -1.0
outer loop
vertex 9.41492748260498 -0.3038531243801117 -16.799999237060547
vertex 9.40373420715332 -0.1521097868680954 -16.799999237060547
vertex 9.41492748260498 0.3038531243801117 -16.799999237060547
endloop
endfacet
facet normal 0.9996987375948355 0.024544532003936952 0.0
outer loop
vertex 9.40373420715332 -0.1521097868680954 -16.799999237060547
vertex 9.40373420715332 -0.1521097868680954 -19.299999237060547
vertex 9.399999618530273 0.0 -16.799999237060547
endloop
endfacet
facet normal 0.9996987375948355 0.024544532003936952 0.0
outer loop
vertex 9.399999618530273 0.0 -16.799999237060547
vertex 9.40373420715332 -0.1521097868680954 -19.299999237060547
vertex 9.399999618530273 0.0 -19.299999237060547
endloop
endfacet
facet normal 0.0 0.0 -1.0
outer loop
vertex 9.433552742004395 -0.4548644721508026 -16.799999237060547
vertex 9.41492748260498 -0.3038531243801117 -16.799999237060547
vertex 9.433552742004395 0.4548644721508026 -16.799999237060547
endloop
endfacet
facet normal 0.9972904497244254 0.07356465787627449 0.0
outer loop
vertex 9.41492748260498 -0.3038531243801117 -16.799999237060547
vertex 9.41492748260498 -0.3038531243801117 -19.299999237060547
vertex 9.40373420715332 -0.1521097868680954 -16.799999237060547
endloop
endfacet
facet normal 0.9972904497244254 0.07356465787627449 0.0
outer loop
vertex 9.40373420715332 -0.1521097868680954 -16.799999237060547
vertex 9.41492748260498 -0.3038531243801117 -19.299999237060547
vertex 9.40373420715332 -0.1521097868680954 -19.299999237060547
endloop
endfacet
facet normal 0.0 0.0 -1.0
outer loop
vertex 9.328033447265625 -3.8650522232055664 -19.299999237060547
vertex 9.399999618530273 0.0 -19.299999237060547
vertex 9.40373420715332 -0.1521097868680954 -19.299999237060547
endloop
endfacet
facet normal 0.0 0.0 -1.0
outer loop
vertex 9.459565162658691 -0.6047800183296204 -16.799999237060547
vertex 9.459565162658691 0.6047800183296204 -16.799999237060547
vertex 9.492902755737305 0.7532385587692261 -16.799999237060547
endloop
endfacet
facet normal 0.0 0.0 -1.0
outer loop
vertex 9.433552742004395 -0.4548644721508026 -16.799999237060547
vertex 9.459565162658691 0.6047800183296204 -16.799999237060547
vertex 9.459565162658691 -0.6047800183296204 -16.799999237060547
endloop
endfacet
facet normal 0.9924797053652841 0.12240929065246156 0.0
outer loop
vertex 9.433552742004395 -0.4548644721508026 -16.799999237060547
vertex 9.433552742004395 -0.4548644721508026 -19.299999237060547
vertex 9.41492748260498 -0.3038531243801117 -16.799999237060547
endloop
endfacet
facet normal 0.9924797053652841 0.12240929065246156 0.0
outer loop
vertex 9.41492748260498 -0.3038531243801117 -16.799999237060547
vertex 9.433552742004395 -0.4548644721508026 -19.299999237060547
vertex 9.41492748260498 -0.3038531243801117 -19.299999237060547
endloop
endfacet
facet normal 0.0 0.0 -1.0
outer loop
vertex 9.328033447265625 -3.8650522232055664 -19.299999237060547
vertex 9.40373420715332 -0.1521097868680954 -19.299999237060547
vertex 9.41492748260498 -0.3038531243801117 -19.299999237060547
endloop
endfacet
facet normal 0.0 0.0 -1.0
outer loop
vertex 9.492902755737305 -0.7532385587692261 -16.799999237060547
vertex 9.492902755737305 0.7532385587692261 -16.799999237060547
vertex 9.533485412597656 0.8998824954032898 -16.799999237060547
endloop
endfacet
facet normal 0.0 0.0 -1.0
outer loop
vertex 9.492902755737305 -0.7532385587692261 -16.799999237060547
vertex 9.459565162658691 -0.6047800183296204 -16.799999237060547
vertex 9.492902755737305 0.7532385587692261 -16.799999237060547
endloop
endfacet
facet normal 0.985278078830086 0.170959373468947 0.0
outer loop
vertex 9.433552742004395 -0.4548644721508026 -16.799999237060547
vertex 9.459565162658691 -0.6047800183296204 -16.799999237060547
vertex 9.459565162658691 -0.6047800183296204 -19.299999237060547
endloop
endfacet
facet normal 0.985278078830086 0.170959373468947 0.0
outer loop
vertex 9.433552742004395 -0.4548644721508026 -16.799999237060547
vertex 9.459565162658691 -0.6047800183296204 -19.299999237060547
vertex 9.433552742004395 -0.4548644721508026 -19.299999237060547
endloop
endfacet
facet normal 0.0 0.0 -0.9999999999999999
outer loop
vertex 9.328033447265625 -3.8650522232055664 -19.299999237060547
vertex 9.41492748260498 -0.3038531243801117 -19.299999237060547
vertex 9.433552742004395 -0.4548644721508026 -19.299999237060547
endloop
endfacet
facet normal 0.0 0.0 -1.0
outer loop
vertex 9.533485412597656 -0.8998824954032898 -16.799999237060547
vertex 9.492902755737305 -0.7532385587692261 -16.799999237060547
vertex 9.533485412597656 0.8998824954032898 -16.799999237060547
endloop
endfacet
facet normal 0.9757019712731931 0.21910194716981637 0.0
outer loop
vertex 9.492902755737305 -0.7532385587692261 -16.799999237060547
vertex 9.492902755737305 -0.7532385587692261 -19.299999237060547
vertex 9.459565162658691 -0.6047800183296204 -16.799999237060547
endloop
endfacet
facet normal 0.9757019712731931 0.21910194716981637 0.0
outer loop
vertex 9.459565162658691 -0.6047800183296204 -16.799999237060547
vertex 9.492902755737305 -0.7532385587692261 -19.299999237060547
vertex 9.459565162658691 -0.6047800183296204 -19.299999237060547
endloop
endfacet
facet normal 0.0 0.0 -1.0
outer loop
vertex 9.328033447265625 -3.8650522232055664 -19.299999237060547
vertex 9.433552742004395 -0.4548644721508026 -19.299999237060547
vertex 9.459565162658691 -0.6047800183296204 -19.299999237060547
endloop
endfacet
facet normal 0.9637746903552021 0.26671772762741935 0.0
outer loop
vertex 9.533485412597656 -0.8998824954032898 -16.799999237060547
vertex 9.533485412597656 -0.8998824954032898 -19.299999237060547
vertex 9.492902755737305 -0.7532385587692261 -16.799999237060547
endloop
endfacet
facet normal 0.9637746903552021 0.26671772762741935 0.0
outer loop
vertex 9.492902755737305 -0.7532385587692261 -16.799999237060547
vertex 9.533485412597656 -0.8998824954032898 -19.299999237060547
vertex 9.492902755737305 -0.7532385587692261 -19.299999237060547
endloop
endfacet
facet normal 0.0 0.0 -1.0
outer loop
vertex 9.328033447265625 -3.8650522232055664 -19.299999237060547
vertex 9.459565162658691 -0.6047800183296204 -19.299999237060547
vertex 9.492902755737305 -0.7532385587692261 -19.299999237060547
endloop
endfacet
facet normal 0.9495298200178085 0.3136767777457367 0.0
outer loop
vertex 9.533485412597656 -0.8998824954032898 -16.799999237060547
vertex 9.581212997436523 -1.044358491897583 -19.299999237060547
vertex 9.533485412597656 -0.8998824954032898 -19.299999237060547
endloop
endfacet
facet normal -0.6152310082991623 -0.7883468820431752 0.0
outer loop
vertex 9.328033447265625 -3.8650522232055664 -19.299999237060547
vertex 9.521503448486328 -4.016037464141846 -19.299999237060547
vertex 9.328033447265625 -3.8650522232055664 -8.149999618530273
endloop
endfacet
facet normal 0.0 0.0 -1.0
outer loop
vertex 9.328033447265625 -3.8650522232055664 -19.299999237060547
vertex 9.492902755737305 -0.7532385587692261 -19.299999237060547
vertex 9.533485412597656 -0.8998824954032898 -19.299999237060547
endloop
endfacet
facet normal 0.0 0.0 -1.0
outer loop
vertex 9.521503448486328 -4.016037464141846 -19.299999237060547
vertex 9.533485412597656 -0.8998824954032898 -19.299999237060547
vertex 9.581212997436523 -1.044358491897583 -19.299999237060547
endloop
endfacet
facet normal 0.0 -0.0 -0.9999999999999999
outer loop
vertex 9.328033447265625 -3.8650522232055664 -19.299999237060547
vertex 9.533485412597656 -0.8998824954032898 -19.299999237060547
vertex 9.521503448486328 -4.016037464141846 -19.299999237060547
endloop
endfacet
facet normal 0.0 0.0 -1.0
outer loop
vertex 9.63597297668457 -1.1863186359405518 -16.799999237060547
vertex 9.63597297668457 1.1863186359405518 -16.799999237060547
vertex 9.697632789611816 1.3254207372665405 -16.799999237060547
endloop
endfacet
facet normal 0.0 0.0 -1.0
outer loop
vertex 9.533485412597656 -0.8998824954032898 -16.799999237060547
vertex 9.533485412597656 0.8998824954032898 -16.799999237060547
vertex 9.581212997436523 1.044358491897583 -16.799999237060547
endloop
endfacet
facet normal 0.0 0.0 -1.0
outer loop
vertex 9.581212997436523 -1.044358491897583 -16.799999237060547
vertex 9.581212997436523 1.044358491897583 -16.799999237060547
vertex 9.63597297668457 1.1863186359405518 -16.799999237060547
endloop
endfacet
facet normal 0.0 0.0 -1.0
outer loop
vertex 9.63597297668457 -1.1863186359405518 -16.799999237060547
vertex 9.581212997436523 -1.044358491897583 -16.799999237060547
vertex 9.63597297668457 1.1863186359405518 -16.799999237060547
endloop
endfacet
facet normal 0.0 0.0 -0.9999999999999999
outer loop
vertex 9.581212997436523 -1.044358491897583 -16.799999237060547
vertex 9.533485412597656 -0.8998824954032898 -16.799999237060547
vertex 9.581212997436523 1.044358491897583 -16.799999237060547
endloop
endfacet
facet normal 0.9142095314752493 0.4052418198555095 0.0
outer loop
vertex 9.63597297668457 -1.1863186359405518 -16.799999237060547
vertex 9.697632789611816 -1.3254207372665405 -19.299999237060547
vertex 9.63597297668457 -1.1863186359405518 -19.299999237060547
endloop
endfacet
facet normal 0.9329929997062717 0.3598945157946883 0.0
outer loop
vertex 9.63597297668457 -1.1863186359405518 -16.799999237060547
vertex 9.63597297668457 -1.1863186359405518 -19.299999237060547
vertex 9.581212997436523 -1.044358491897583 -16.799999237060547
endloop
endfacet
facet normal 0.9495298200178085 0.3136767777457367 0.0
outer loop
vertex 9.581212997436523 -1.044358491897583 -16.799999237060547
vertex 9.581212997436523 -1.044358491897583 -19.299999237060547
vertex 9.533485412597656 -0.8998824954032898 -16.799999237060547
endloop
endfacet
facet normal 0.0 0.0 -1.0
outer loop
vertex 9.521503448486328 -4.016037464141846 -19.299999237060547
vertex 9.63597297668457 -1.1863186359405518 -19.299999237060547
vertex 9.697632789611816 -1.3254207372665405 -19.299999237060547
endloop
endfacet
facet normal 0.9329929997062717 0.3598945157946883 0.0
outer loop
vertex 9.581212997436523 -1.044358491897583 -16.799999237060547
vertex 9.63597297668457 -1.1863186359405518 -19.299999237060547
vertex 9.581212997436523 -1.044358491897583 -19.299999237060547
endloop
endfacet
facet normal 0.0 0.0 -1.0
outer loop
vertex 9.521503448486328 -4.016037464141846 -19.299999237060547
vertex 9.581212997436523 -1.044358491897583 -19.299999237060547
vertex 9.63597297668457 -1.1863186359405518 -19.299999237060547
endloop
endfacet
facet normal 0.0 0.0 -1.0
outer loop
vertex 9.841041564941406 -1.5937185287475586 -16.799999237060547
vertex 9.841041564941406 1.5937185287475586 -16.799999237060547
vertex 9.922444343566895 1.722267746925354 -16.799999237060547
endloop
endfacet
facet normal 0.0 0.0 -1.0
outer loop
vertex 9.922444343566895 -1.722267746925354 -16.799999237060547
vertex 9.922444343566895 1.722267746925354 -16.799999237060547
vertex 10.010056495666504 1.8466678857803345 -16.799999237060547
endloop
endfacet
facet normal 0.0 0.0 -1.0
outer loop
vertex 9.841041564941406 -1.5937185287475586 -16.799999237060547
vertex 9.922444343566895 1.722267746925354 -16.799999237060547
vertex 9.922444343566895 -1.722267746925354 -16.799999237060547
endloop
endfacet
facet normal 0.0 0.0 -1.0
outer loop
vertex 10.010056495666504 -1.8466678857803345 -16.799999237060547
vertex 9.922444343566895 -1.722267746925354 -16.799999237060547
vertex 10.010056495666504 1.8466678857803345 -16.799999237060547
endloop
endfacet
facet normal 0.8448539099016116 0.5349970756218765 0.0
outer loop
vertex 9.841041564941406 -1.5937185287475586 -16.799999237060547
vertex 9.922444343566895 -1.722267746925354 -16.799999237060547
vertex 9.922444343566895 -1.722267746925354 -19.299999237060547
endloop
endfacet
facet normal 0.8448539099016116 0.5349970756218765 0.0
outer loop
vertex 9.841041564941406 -1.5937185287475586 -16.799999237060547
vertex 9.922444343566895 -1.722267746925354 -19.299999237060547
vertex 9.841041564941406 -1.5937185287475586 -19.299999237060547
endloop
endfacet
facet normal 0.817585774229517 0.5758068267896113 0.0
outer loop
vertex 10.010056495666504 -1.8466678857803345 -16.799999237060547
vertex 10.010056495666504 -1.8466678857803345 -19.299999237060547
vertex 9.922444343566895 -1.722267746925354 -16.799999237060547
endloop
endfacet
facet normal -0.5758088035886261 -0.8175843820119334 0.0
outer loop
vertex 9.722148895263672 -4.157348155975342 -19.299999237060547
vertex 9.722148895263672 -4.157348155975342 -8.149999618530273
vertex 9.521503448486328 -4.016037464141846 -8.149999618530273
endloop
endfacet
facet normal 0.817585774229517 0.5758068267896113 0.0
outer loop
vertex 9.922444343566895 -1.722267746925354 -16.799999237060547
vertex 10.010056495666504 -1.8466678857803345 -19.299999237060547
vertex 9.922444343566895 -1.722267746925354 -19.299999237060547
endloop
endfacet
facet normal 0.0 0.0 -1.0
outer loop
vertex 9.722148895263672 -4.157348155975342 -19.299999237060547
vertex 9.841041564941406 -1.5937185287475586 -19.299999237060547
vertex 9.922444343566895 -1.722267746925354 -19.299999237060547
endloop
endfacet
facet normal 0.7883467760547741 0.6152311441109297 0.0
outer loop
vertex 10.010056495666504 -1.8466678857803345 -16.799999237060547
vertex 10.103667259216309 -1.9666191339492798 -19.299999237060547
vertex 10.010056495666504 -1.8466678857803345 -19.299999237060547
endloop
endfacet
facet normal -0.5349969794170051 -0.8448539708225801 0.0
outer loop
vertex 9.722148895263672 -4.157348155975342 -19.299999237060547
vertex 9.929486274719238 -4.288642883300781 -19.299999237060547
vertex 9.722148895263672 -4.157348155975342 -8.149999618530273
endloop
endfacet
facet normal 0.0 0.0 -1.0
outer loop
vertex 9.722148895263672 -4.157348155975342 -19.299999237060547
vertex 9.922444343566895 -1.722267746925354 -19.299999237060547
vertex 10.010056495666504 -1.8466678857803345 -19.299999237060547
endloop
endfacet
facet normal 0.0 0.0 -1.0
outer loop
vertex 9.929486274719238 -4.288642883300781 -19.299999237060547
vertex 10.010056495666504 -1.8466678857803345 -19.299999237060547
vertex 10.103667259216309 -1.9666191339492798 -19.299999237060547
endloop
endfacet
facet normal 0.0 -0.0 -1.0
outer loop
vertex 9.722148895263672 -4.157348155975342 -19.299999237060547
vertex 10.010056495666504 -1.8466678857803345 -19.299999237060547
vertex 9.929486274719238 -4.288642883300781 -19.299999237060547
endloop
endfacet
facet normal 0.0 0.0 -1.0
outer loop
vertex 9.766043663024902 -1.4613299369812012 -16.799999237060547
vertex 9.766043663024902 1.4613299369812012 -16.799999237060547
vertex 9.841041564941406 1.5937185287475586 -16.799999237060547
endloop
endfacet
facet normal 0.0 0.0 -1.0
outer loop
vertex 9.697632789611816 -1.3254207372665405 -16.799999237060547
vertex 9.697632789611816 1.3254207372665405 -16.799999237060547
vertex 9.766043663024902 1.4613299369812012 -16.799999237060547
endloop
endfacet
facet normal 0.0 0.0 -1.0
outer loop
vertex 9.63597297668457 -1.1863186359405518 -16.799999237060547
vertex 9.697632789611816 1.3254207372665405 -16.799999237060547
vertex 9.697632789611816 -1.3254207372665405 -16.799999237060547
endloop
endfacet
facet normal 0.0 0.0 -1.0
outer loop
vertex 9.841041564941406 -1.5937185287475586 -16.799999237060547
vertex 9.766043663024902 -1.4613299369812012 -16.799999237060547
vertex 9.841041564941406 1.5937185287475586 -16.799999237060547
endloop
endfacet
facet normal 0.0 0.0 -1.0
outer loop
vertex 9.697632789611816 -1.3254207372665405 -16.799999237060547
vertex 9.766043663024902 1.4613299369812012 -16.799999237060547
vertex 9.766043663024902 -1.4613299369812012 -16.799999237060547
endloop
endfacet
facet normal 0.9142095314752493 0.4052418198555095 0.0
outer loop
vertex 9.63597297668457 -1.1863186359405518 -16.799999237060547
vertex 9.697632789611816 -1.3254207372665405 -16.799999237060547
vertex 9.697632789611816 -1.3254207372665405 -19.299999237060547
endloop
endfacet
facet normal 0.8700850433486662 0.4929016304912671 0.0
outer loop
vertex 9.841041564941406 -1.5937185287475586 -16.799999237060547
vertex 9.841041564941406 -1.5937185287475586 -19.299999237060547
vertex 9.766043663024902 -1.4613299369812012 -16.799999237060547
endloop
endfacet
facet normal 0.8932244826212883 0.4496109692233185 0.0
outer loop
vertex 9.697632789611816 -1.3254207372665405 -16.799999237060547
vertex 9.766043663024902 -1.4613299369812012 -16.799999237060547
vertex 9.766043663024902 -1.4613299369812012 -19.299999237060547
endloop
endfacet
facet normal -0.6152310082991623 -0.7883468820431752 0.0
outer loop
vertex 9.521503448486328 -4.016037464141846 -19.299999237060547
vertex 9.521503448486328 -4.016037464141846 -8.149999618530273
vertex 9.328033447265625 -3.8650522232055664 -8.149999618530273
endloop
endfacet
facet normal 0.8932244826212883 0.4496109692233185 0.0
outer loop
vertex 9.697632789611816 -1.3254207372665405 -16.799999237060547
vertex 9.766043663024902 -1.4613299369812012 -19.299999237060547
vertex 9.697632789611816 -1.3254207372665405 -19.299999237060547
endloop
endfacet
facet normal 0.8700850433486662 0.4929016304912671 0.0
outer loop
vertex 9.766043663024902 -1.4613299369812012 -16.799999237060547
vertex 9.841041564941406 -1.5937185287475586 -19.299999237060547
vertex 9.766043663024902 -1.4613299369812012 -19.299999237060547
endloop
endfacet
facet normal -0.5758088035886261 -0.8175843820119334 0.0
outer loop
vertex 9.521503448486328 -4.016037464141846 -19.299999237060547
vertex 9.722148895263672 -4.157348155975342 -19.299999237060547
vertex 9.521503448486328 -4.016037464141846 -8.149999618530273
endloop
endfacet
facet normal 0.0 0.0 -1.0
outer loop
vertex 9.521503448486328 -4.016037464141846 -19.299999237060547
vertex 9.697632789611816 -1.3254207372665405 -19.299999237060547
vertex 9.766043663024902 -1.4613299369812012 -19.299999237060547
endloop
endfacet
facet normal 0.0 0.0 -1.0
outer loop
vertex 9.722148895263672 -4.157348155975342 -19.299999237060547
vertex 9.766043663024902 -1.4613299369812012 -19.299999237060547
vertex 9.841041564941406 -1.5937185287475586 -19.299999237060547
endloop
endfacet
facet normal 0.0 -0.0 -1.0
outer loop
vertex 9.521503448486328 -4.016037464141846 -19.299999237060547
vertex 9.766043663024902 -1.4613299369812012 -19.299999237060547
vertex 9.722148895263672 -4.157348155975342 -19.299999237060547
endloop
endfacet

endsolid
