ISO-10303-21;
HEADER;
FILE_DESCRIPTION(('Open CASCADE Model'),'2;1');
FILE_NAME('Open CASCADE Shape Model','2026-09-17T16:04:27',('Author'),(
    'Open CASCADE'),'Open CASCADE STEP processor 7.9','Open CASCADE 7.9'
  ,'Unknown');
FILE_SCHEMA(('AUTOMOTIVE_DESIGN { 1 0 10303 214 1 1 1 1 }'));
ENDSEC;
DATA;
#1 = APPLICATION_PROTOCOL_DEFINITION('international standard',
  'automotive_design',2000,#2);
#2 = APPLICATION_CONTEXT(
  'core data for automotive mechanical design processes');
#3 = SHAPE_DEFINITION_REPRESENTATION(#4,#10);
#4 = PRODUCT_DEFINITION_SHAPE('','',#5);
#5 = PRODUCT_DEFINITION('design','',#6,#9);
#6 = PRODUCT_DEFINITION_FORMATION('','',#7);
#7 = PRODUCT('Open CASCADE STEP translator 7.9 1',
  'Open CASCADE STEP translator 7.9 1','',(#8));
#8 = PRODUCT_CONTEXT('',#2,'mechanical');
#9 = PRODUCT_DEFINITION_CONTEXT('part definition',#2,'design');
#10 = ADVANCED_BREP_SHAPE_REPRESENTATION('',(#11,#15),#15409);
#11 = AXIS2_PLACEMENT_3D('',#12,#13,#14);
#12 = CARTESIAN_POINT('',(0.,0.,0.));
#13 = DIRECTION('',(0.,0.,1.));
#14 = DIRECTION('',(1.,0.,-0.));
#15 = MANIFOLD_SOLID_BREP('',#16);
#16 = CLOSED_SHELL('',(#17,#225,#312,#464,#541,#774,#851,#1228,#1389,
    #1482,#1531,#1613,#1740,#1840,#1896,#1951,#2007,#2089,#2166,#2215,
    #2339,#2415,#2469,#2574,#2623,#2683,#2829,#3435,#3556,#3632,#3682,
    #3709,#3899,#3993,#4040,#4047,#4261,#4288,#4369,#4418,#4700,#4755,
    #4809,#4864,#4918,#5178,#5227,#5233,#5287,#5337,#5386,#5413,#5461,
    #5490,#5656,#5706,#5761,#5844,#5894,#5993,#6080,#6131,#6311,#6552,
    #6629,#6661,#6760,#6847,#6898,#7078,#7319,#7396,#7428,#7999,#8077,
    #8103,#8175,#8350,#8441,#8448,#8524,#8573,#8601,#8762,#8812,#9073,
    #9151,#9228,#9321,#9393,#9442,#9469,#9497,#9525,#9553,#9603,#9675,
    #9779,#10084,#10091,#10138,#10165,#10172,#10178,#10586,#10614,#10791
    ,#10819,#10913,#11045,#11149,#11198,#11226,#11275,#11419,#11519,
    #11568,#11595,#11689,#11821,#11925,#11974,#12002,#12051,#12195,
    #12295,#12344,#12371,#12399,#12448,#12455,#12627,#12784,#12883,
    #12982,#13074,#13081,#13153,#13247,#13346,#13445,#13535,#13563,
    #13634,#13641,#13652,#13724,#13773,#13845,#13894,#13922,#13994,
    #14088,#14182,#14276,#14375,#14469,#14563,#14655,#14662,#14669,
    #14740,#14865,#14914,#15007,#15034,#15063,#15070,#15097,#15126,
    #15133,#15142,#15211,#15238,#15245,#15272,#15299,#15348,#15373,
    #15400));
#17 = ADVANCED_FACE('',(#18),#33,.F.);
#18 = FACE_BOUND('',#19,.F.);
#19 = EDGE_LOOP('',(#20,#81,#154));
#20 = ORIENTED_EDGE('',*,*,#21,.F.);
#21 = EDGE_CURVE('',#22,#24,#26,.T.);
#22 = VERTEX_POINT('',#23);
#23 = CARTESIAN_POINT('',(21.35,69.5,-19.6));
#24 = VERTEX_POINT('',#25);
#25 = CARTESIAN_POINT('',(22.35,68.5,-19.6));
#26 = SURFACE_CURVE('',#27,(#32,#69),.PCURVE_S1.);
#27 = CIRCLE('',#28,1.);
#28 = AXIS2_PLACEMENT_3D('',#29,#30,#31);
#29 = CARTESIAN_POINT('',(21.35,68.5,-19.6));
#30 = DIRECTION('',(0.,0.,-1.));
#31 = DIRECTION('',(0.,1.,0.));
#32 = PCURVE('',#33,#64);
#33 = B_SPLINE_SURFACE_WITH_KNOTS('',3,3,(
    (#34,#35,#36,#37,#38,#39)
    ,(#40,#41,#42,#43,#44,#45)
    ,(#46,#47,#48,#49,#50,#51)
    ,(#52,#53,#54,#55,#56,#57)
    ,(#58,#59,#60,#61,#62,#63
    )),.UNSPECIFIED.,.F.,.F.,.F.,(4,1,4),(4,1,1,4),(0.,0.571428571429,1.
    ),(-9.516885736261E-17,0.448798950513,0.897597901026,1.570796326795)
  ,.UNSPECIFIED.);
#34 = CARTESIAN_POINT('',(22.35,68.5,-19.6));
#35 = CARTESIAN_POINT('',(22.35,68.5,-19.7795195802));
#36 = CARTESIAN_POINT('',(22.267880652664,68.486313442111,-20.1379107448
    ));
#37 = CARTESIAN_POINT('',(21.866432190498,68.419405365083,
    -20.64262587269));
#38 = CARTESIAN_POINT('',(21.419279370308,68.344879895051,-20.8));
#39 = CARTESIAN_POINT('',(21.15,68.3,-20.8));
#40 = CARTESIAN_POINT('',(22.35,68.799199300342,-19.6));
#41 = CARTESIAN_POINT('',(22.35,68.799199300342,-19.8249517237));
#42 = CARTESIAN_POINT('',(22.217255510347,68.732538317699,-20.2616838847
    ));
#43 = CARTESIAN_POINT('',(21.753521203596,68.532344033485,
    -20.70248173086));
#44 = CARTESIAN_POINT('',(21.376536613116,68.387622652243,-20.8));
#45 = CARTESIAN_POINT('',(21.15,68.3,-20.8));
#46 = CARTESIAN_POINT('',(22.098731777344,69.317033097996,-19.6));
#47 = CARTESIAN_POINT('',(22.098731777344,69.317033097996,
    -19.86398372282));
#48 = CARTESIAN_POINT('',(21.952985907013,69.161972339816,
    -20.36555677661));
#49 = CARTESIAN_POINT('',(21.553955754671,68.732791236879,
    -20.74641246784));
#50 = CARTESIAN_POINT('',(21.30173678803,68.462422477328,-20.8));
#51 = CARTESIAN_POINT('',(21.15,68.3,-20.8));
#52 = CARTESIAN_POINT('',(21.574399475256,69.5,-19.6));
#53 = CARTESIAN_POINT('',(21.574399475256,69.5,-19.81314257957));
#54 = CARTESIAN_POINT('',(21.521219023625,69.38016657354,-20.22990729352
    ));
#55 = CARTESIAN_POINT('',(21.354927141442,68.932655759413,
    -20.68771274306));
#56 = CARTESIAN_POINT('',(21.226936962945,68.537222302414,-20.8));
#57 = CARTESIAN_POINT('',(21.15,68.3,-20.8));
#58 = CARTESIAN_POINT('',(21.35,69.5,-19.6));
#59 = CARTESIAN_POINT('',(21.35,69.5,-19.7795195802));
#60 = CARTESIAN_POINT('',(21.336313442111,69.417880652664,-20.1379107448
    ));
#61 = CARTESIAN_POINT('',(21.269405365083,69.016432190498,
    -20.64262587269));
#62 = CARTESIAN_POINT('',(21.194879895051,68.569279370308,-20.8));
#63 = CARTESIAN_POINT('',(21.15,68.3,-20.8));
#64 = DEFINITIONAL_REPRESENTATION('',(#65),#68);
#65 = B_SPLINE_CURVE_WITH_KNOTS('',1,(#66,#67),.UNSPECIFIED.,.F.,.F.,(2,
    2),(0.,1.570796326795),.PIECEWISE_BEZIER_KNOTS.);
#66 = CARTESIAN_POINT('',(1.,-3.529906729268E-15));
#67 = CARTESIAN_POINT('',(0.,-7.94922924112E-16));
#68 = ( GEOMETRIC_REPRESENTATION_CONTEXT(2) 
PARAMETRIC_REPRESENTATION_CONTEXT() REPRESENTATION_CONTEXT('2D SPACE',''
  ) );
#69 = PCURVE('',#70,#75);
#70 = CYLINDRICAL_SURFACE('',#71,1.);
#71 = AXIS2_PLACEMENT_3D('',#72,#73,#74);
#72 = CARTESIAN_POINT('',(21.35,68.5,9.6));
#73 = DIRECTION('',(0.,0.,-1.));
#74 = DIRECTION('',(0.707106781187,0.707106781187,0.));
#75 = DEFINITIONAL_REPRESENTATION('',(#76),#80);
#76 = LINE('',#77,#78);
#77 = CARTESIAN_POINT('',(5.497787143782,29.2));
#78 = VECTOR('',#79,1.);
#79 = DIRECTION('',(1.,0.));
#80 = ( GEOMETRIC_REPRESENTATION_CONTEXT(2) 
PARAMETRIC_REPRESENTATION_CONTEXT() REPRESENTATION_CONTEXT('2D SPACE',''
  ) );
#81 = ORIENTED_EDGE('',*,*,#82,.F.);
#82 = EDGE_CURVE('',#83,#22,#85,.T.);
#83 = VERTEX_POINT('',#84);
#84 = CARTESIAN_POINT('',(21.15,68.3,-20.8));
#85 = SURFACE_CURVE('',#86,(#91,#120),.PCURVE_S1.);
#86 = ELLIPSE('',#87,1.21655250606,1.2);
#87 = AXIS2_PLACEMENT_3D('',#88,#89,#90);
#88 = CARTESIAN_POINT('',(21.15,68.3,-19.6));
#89 = DIRECTION('',(0.986393923832,-0.164398987305,0.));
#90 = DIRECTION('',(0.164398987305,0.986393923832,0.));
#91 = PCURVE('',#33,#92);
#92 = DEFINITIONAL_REPRESENTATION('',(#93),#119);
#93 = B_SPLINE_CURVE_WITH_KNOTS('',3,(#94,#95,#96,#97,#98,#99,#100,#101,
    #102,#103,#104,#105,#106,#107,#108,#109,#110,#111,#112,#113,#114,
    #115,#116,#117,#118),.UNSPECIFIED.,.F.,.F.,(4,1,1,1,1,1,1,1,1,1,1,1,
    1,1,1,1,1,1,1,1,1,1,4),(4.712388980385,4.783788813421,4.855188646457
    ,4.926588479493,4.997988312529,5.069388145565,5.140787978601,
    5.212187811638,5.283587644674,5.35498747771,5.426387310746,
    5.497787143782,5.569186976818,5.640586809854,5.711986642891,
    5.783386475927,5.854786308963,5.926186141999,5.997585975035,
    6.068985808071,6.140385641107,6.211785474143,6.28318530718),
  .QUASI_UNIFORM_KNOTS.);
#94 = CARTESIAN_POINT('',(0.99997045014,1.570796326795));
#95 = CARTESIAN_POINT('',(0.999986837218,1.546994620514));
#96 = CARTESIAN_POINT('',(0.999980395168,1.499379451002));
#97 = CARTESIAN_POINT('',(0.999911061921,1.427946488507));
#98 = CARTESIAN_POINT('',(0.999861993063,1.356535958375));
#99 = CARTESIAN_POINT('',(0.99983627676,1.285153978302));
#100 = CARTESIAN_POINT('',(0.999839569582,1.213794232937));
#101 = CARTESIAN_POINT('',(0.999864991984,1.142440455816));
#102 = CARTESIAN_POINT('',(0.999902913543,1.071073329542));
#103 = CARTESIAN_POINT('',(0.999942237987,0.999677746978));
#104 = CARTESIAN_POINT('',(0.999973623033,0.928250136154));
#105 = CARTESIAN_POINT('',(0.999983702533,0.856809467714));
#106 = CARTESIAN_POINT('',(0.999977374783,0.785391994529));
#107 = CARTESIAN_POINT('',(0.999968846106,0.714008132133));
#108 = CARTESIAN_POINT('',(0.99996459335,0.642650231601));
#109 = CARTESIAN_POINT('',(0.99996727817,0.571299651588));
#110 = CARTESIAN_POINT('',(0.999974771058,0.499935168733));
#111 = CARTESIAN_POINT('',(0.999979417087,0.428538327668));
#112 = CARTESIAN_POINT('',(0.999976757793,0.357116283139));
#113 = CARTESIAN_POINT('',(0.99997550621,0.285691627713));
#114 = CARTESIAN_POINT('',(0.999978451119,0.214266986042));
#115 = CARTESIAN_POINT('',(0.999986075895,0.142840966062));
#116 = CARTESIAN_POINT('',(0.999996009939,7.141209713896E-02));
#117 = CARTESIAN_POINT('',(0.99999975165,2.380140812209E-02));
#118 = CARTESIAN_POINT('',(1.,-9.516885736261E-17));
#119 = ( GEOMETRIC_REPRESENTATION_CONTEXT(2) 
PARAMETRIC_REPRESENTATION_CONTEXT() REPRESENTATION_CONTEXT('2D SPACE',''
  ) );
#120 = PCURVE('',#121,#126);
#121 = CYLINDRICAL_SURFACE('',#122,1.2);
#122 = AXIS2_PLACEMENT_3D('',#123,#124,#125);
#123 = CARTESIAN_POINT('',(6.175,68.3,-19.6));
#124 = DIRECTION('',(-1.,0.,0.));
#125 = DIRECTION('',(0.,0.707106781187,-0.707106781187));
#126 = DEFINITIONAL_REPRESENTATION('',(#127),#153);
#127 = B_SPLINE_CURVE_WITH_KNOTS('',3,(#128,#129,#130,#131,#132,#133,
    #134,#135,#136,#137,#138,#139,#140,#141,#142,#143,#144,#145,#146,
    #147,#148,#149,#150,#151,#152),.UNSPECIFIED.,.F.,.F.,(4,1,1,1,1,1,1,
    1,1,1,1,1,1,1,1,1,1,1,1,1,1,1,4),(4.712388980385,4.783788813421,
    4.855188646457,4.926588479493,4.997988312529,5.069388145565,
    5.140787978601,5.212187811638,5.283587644674,5.35498747771,
    5.426387310746,5.497787143782,5.569186976818,5.640586809854,
    5.711986642891,5.783386475927,5.854786308963,5.926186141999,
    5.997585975035,6.068985808071,6.140385641107,6.211785474143,
    6.28318530718),.QUASI_UNIFORM_KNOTS.);
#128 = CARTESIAN_POINT('',(0.785398163397,-14.975));
#129 = CARTESIAN_POINT('',(0.761598219052,-14.97976002591));
#130 = CARTESIAN_POINT('',(0.713998330361,-14.98927994703));
#131 = CARTESIAN_POINT('',(0.642598497325,-15.00348716635));
#132 = CARTESIAN_POINT('',(0.571198664289,-15.01754919347));
#133 = CARTESIAN_POINT('',(0.499798831253,-15.0313944072));
#134 = CARTESIAN_POINT('',(0.428398998217,-15.04495224593));
#135 = CARTESIAN_POINT('',(0.356999165181,-15.05815362459));
#136 = CARTESIAN_POINT('',(0.285599332145,-15.07093127129));
#137 = CARTESIAN_POINT('',(0.214199499108,-15.08322007427));
#138 = CARTESIAN_POINT('',(0.142799666072,-15.09495741254));
#139 = CARTESIAN_POINT('',(7.139983303613E-02,-15.10608347534));
#140 = CARTESIAN_POINT('',(5.252940213892E-15,-15.1165415668));
#141 = CARTESIAN_POINT('',(-7.139983303612E-02,-15.12627839487));
#142 = CARTESIAN_POINT('',(-0.142799666072,-15.13524434292));
#143 = CARTESIAN_POINT('',(-0.214199499108,-15.14339372255));
#144 = CARTESIAN_POINT('',(-0.285599332145,-15.15068500626));
#145 = CARTESIAN_POINT('',(-0.356999165181,-15.15708103988));
#146 = CARTESIAN_POINT('',(-0.428398998217,-15.16254922861));
#147 = CARTESIAN_POINT('',(-0.499798831253,-15.16706171565));
#148 = CARTESIAN_POINT('',(-0.571198664289,-15.17059547712));
#149 = CARTESIAN_POINT('',(-0.642598497325,-15.17313261503));
#150 = CARTESIAN_POINT('',(-0.713998330361,-15.17465979301));
#151 = CARTESIAN_POINT('',(-0.761598219052,-15.17500043131));
#152 = CARTESIAN_POINT('',(-0.785398163397,-15.175));
#153 = ( GEOMETRIC_REPRESENTATION_CONTEXT(2) 
PARAMETRIC_REPRESENTATION_CONTEXT() REPRESENTATION_CONTEXT('2D SPACE',''
  ) );
#154 = ORIENTED_EDGE('',*,*,#155,.F.);
#155 = EDGE_CURVE('',#24,#83,#156,.T.);
#156 = SURFACE_CURVE('',#157,(#162,#191),.PCURVE_S1.);
#157 = ELLIPSE('',#158,1.21655250606,1.2);
#158 = AXIS2_PLACEMENT_3D('',#159,#160,#161);
#159 = CARTESIAN_POINT('',(21.15,68.3,-19.6));
#160 = DIRECTION('',(-0.164398987305,0.986393923832,0.));
#161 = DIRECTION('',(0.986393923832,0.164398987305,0.));
#162 = PCURVE('',#33,#163);
#163 = DEFINITIONAL_REPRESENTATION('',(#164),#190);
#164 = B_SPLINE_CURVE_WITH_KNOTS('',3,(#165,#166,#167,#168,#169,#170,
    #171,#172,#173,#174,#175,#176,#177,#178,#179,#180,#181,#182,#183,
    #184,#185,#186,#187,#188,#189),.UNSPECIFIED.,.F.,.F.,(4,1,1,1,1,1,1,
    1,1,1,1,1,1,1,1,1,1,1,1,1,1,1,4),(0.,7.139983303613E-02,
    0.142799666072,0.214199499108,0.285599332145,0.356999165181,
    0.428398998217,0.499798831253,0.571198664289,0.642598497325,
    0.713998330361,0.785398163397,0.856797996434,0.92819782947,
    0.999597662506,1.070997495542,1.142397328578,1.213797161614,
    1.28519699465,1.356596827687,1.427996660723,1.499396493759,
    1.570796326795),.QUASI_UNIFORM_KNOTS.);
#165 = CARTESIAN_POINT('',(0.,-9.516885736261E-17));
#166 = CARTESIAN_POINT('',(2.477645365016E-07,2.380141028907E-02));
#167 = CARTESIAN_POINT('',(3.989963447278E-06,7.141209459586E-02));
#168 = CARTESIAN_POINT('',(1.392981289483E-05,0.14284093906));
#169 = CARTESIAN_POINT('',(2.156970304755E-05,0.214266922082));
#170 = CARTESIAN_POINT('',(2.452880533426E-05,0.285691536136));
#171 = CARTESIAN_POINT('',(2.328001027216E-05,0.357116184052));
#172 = CARTESIAN_POINT('',(2.061199656117E-05,0.428538236214));
#173 = CARTESIAN_POINT('',(2.524530605325E-05,0.499935061731));
#174 = CARTESIAN_POINT('',(3.268507458885E-05,0.571299537552));
#175 = CARTESIAN_POINT('',(3.526080571245E-05,0.64265015709));
#176 = CARTESIAN_POINT('',(3.088926631999E-05,0.714008128276));
#177 = CARTESIAN_POINT('',(2.230089786795E-05,0.785392047999));
#178 = CARTESIAN_POINT('',(1.597462427601E-05,0.856809540906));
#179 = CARTESIAN_POINT('',(2.574484730488E-05,0.928250292792));
#180 = CARTESIAN_POINT('',(5.616711029026E-05,0.999678139772));
#181 = CARTESIAN_POINT('',(9.428506879318E-05,1.071073964909));
#182 = CARTESIAN_POINT('',(1.312066116298E-04,1.142441211563));
#183 = CARTESIAN_POINT('',(1.562191243207E-04,1.213794936362));
#184 = CARTESIAN_POINT('',(1.59851328836E-04,1.285154496933));
#185 = CARTESIAN_POINT('',(1.351409962847E-04,1.356536248157));
#186 = CARTESIAN_POINT('',(8.737516098116E-05,1.427946589124));
#187 = CARTESIAN_POINT('',(1.933134932983E-05,1.499379457662));
#188 = CARTESIAN_POINT('',(1.298859765885E-05,1.546994614307));
#189 = CARTESIAN_POINT('',(2.908629668731E-05,1.570796326795));
#190 = ( GEOMETRIC_REPRESENTATION_CONTEXT(2) 
PARAMETRIC_REPRESENTATION_CONTEXT() REPRESENTATION_CONTEXT('2D SPACE',''
  ) );
#191 = PCURVE('',#192,#197);
#192 = CYLINDRICAL_SURFACE('',#193,1.2);
#193 = AXIS2_PLACEMENT_3D('',#194,#195,#196);
#194 = CARTESIAN_POINT('',(21.15,67.,-19.6));
#195 = DIRECTION('',(1.239088197126E-16,-1.,0.));
#196 = DIRECTION('',(0.707106781187,8.761676666762E-17,-0.707106781187)
  );
#197 = DEFINITIONAL_REPRESENTATION('',(#198),#224);
#198 = B_SPLINE_CURVE_WITH_KNOTS('',3,(#199,#200,#201,#202,#203,#204,
    #205,#206,#207,#208,#209,#210,#211,#212,#213,#214,#215,#216,#217,
    #218,#219,#220,#221,#222,#223),.UNSPECIFIED.,.F.,.F.,(4,1,1,1,1,1,1,
    1,1,1,1,1,1,1,1,1,1,1,1,1,1,1,4),(0.,7.139983303613E-02,
    0.142799666072,0.214199499108,0.285599332145,0.356999165181,
    0.428398998217,0.499798831253,0.571198664289,0.642598497325,
    0.713998330361,0.785398163397,0.856797996434,0.92819782947,
    0.999597662506,1.070997495542,1.142397328578,1.213797161614,
    1.28519699465,1.356596827687,1.427996660723,1.499396493759,
    1.570796326795),.QUASI_UNIFORM_KNOTS.);
#199 = CARTESIAN_POINT('',(7.068583470577,-1.5));
#200 = CARTESIAN_POINT('',(7.044783526232,-1.500000431311));
#201 = CARTESIAN_POINT('',(6.997183637541,-1.49965979301));
#202 = CARTESIAN_POINT('',(6.925783804505,-1.498132615032));
#203 = CARTESIAN_POINT('',(6.854383971469,-1.495595477121));
#204 = CARTESIAN_POINT('',(6.782984138433,-1.49206171565));
#205 = CARTESIAN_POINT('',(6.711584305396,-1.487549228615));
#206 = CARTESIAN_POINT('',(6.64018447236,-1.482081039888));
#207 = CARTESIAN_POINT('',(6.568784639324,-1.47568500626));
#208 = CARTESIAN_POINT('',(6.497384806288,-1.468393722555));
#209 = CARTESIAN_POINT('',(6.425984973252,-1.46024434292));
#210 = CARTESIAN_POINT('',(6.354585140216,-1.451278394876));
#211 = CARTESIAN_POINT('',(6.28318530718,-1.4415415668));
#212 = CARTESIAN_POINT('',(6.211785474143,-1.431083475346));
#213 = CARTESIAN_POINT('',(6.140385641107,-1.419957412548));
#214 = CARTESIAN_POINT('',(6.068985808071,-1.408220074275));
#215 = CARTESIAN_POINT('',(5.997585975035,-1.395931271299));
#216 = CARTESIAN_POINT('',(5.926186141999,-1.383153624593));
#217 = CARTESIAN_POINT('',(5.854786308963,-1.369952245931));
#218 = CARTESIAN_POINT('',(5.783386475927,-1.3563944072));
#219 = CARTESIAN_POINT('',(5.711986642891,-1.342549193477));
#220 = CARTESIAN_POINT('',(5.640586809854,-1.328487166355));
#221 = CARTESIAN_POINT('',(5.569186976818,-1.314279947033));
#222 = CARTESIAN_POINT('',(5.521587088128,-1.304760025914));
#223 = CARTESIAN_POINT('',(5.497787143782,-1.3));
#224 = ( GEOMETRIC_REPRESENTATION_CONTEXT(2) 
PARAMETRIC_REPRESENTATION_CONTEXT() REPRESENTATION_CONTEXT('2D SPACE',''
  ) );
#225 = ADVANCED_FACE('',(#226),#70,.T.);
#226 = FACE_BOUND('',#227,.T.);
#227 = EDGE_LOOP('',(#228,#229,#257,#286));
#228 = ORIENTED_EDGE('',*,*,#21,.F.);
#229 = ORIENTED_EDGE('',*,*,#230,.F.);
#230 = EDGE_CURVE('',#231,#22,#233,.T.);
#231 = VERTEX_POINT('',#232);
#232 = CARTESIAN_POINT('',(21.35,69.5,6.689184796199));
#233 = SURFACE_CURVE('',#234,(#238,#245),.PCURVE_S1.);
#234 = LINE('',#235,#236);
#235 = CARTESIAN_POINT('',(21.35,69.5,9.6));
#236 = VECTOR('',#237,1.);
#237 = DIRECTION('',(0.,0.,-1.));
#238 = PCURVE('',#70,#239);
#239 = DEFINITIONAL_REPRESENTATION('',(#240),#244);
#240 = LINE('',#241,#242);
#241 = CARTESIAN_POINT('',(5.497787143782,0.));
#242 = VECTOR('',#243,1.);
#243 = DIRECTION('',(0.,1.));
#244 = ( GEOMETRIC_REPRESENTATION_CONTEXT(2) 
PARAMETRIC_REPRESENTATION_CONTEXT() REPRESENTATION_CONTEXT('2D SPACE',''
  ) );
#245 = PCURVE('',#246,#251);
#246 = PLANE('',#247);
#247 = AXIS2_PLACEMENT_3D('',#248,#249,#250);
#248 = CARTESIAN_POINT('',(0.,69.5,-20.8));
#249 = DIRECTION('',(0.,-1.,0.));
#250 = DIRECTION('',(0.,0.,-1.));
#251 = DEFINITIONAL_REPRESENTATION('',(#252),#256);
#252 = LINE('',#253,#254);
#253 = CARTESIAN_POINT('',(-30.4,21.35));
#254 = VECTOR('',#255,1.);
#255 = DIRECTION('',(1.,0.));
#256 = ( GEOMETRIC_REPRESENTATION_CONTEXT(2) 
PARAMETRIC_REPRESENTATION_CONTEXT() REPRESENTATION_CONTEXT('2D SPACE',''
  ) );
#257 = ORIENTED_EDGE('',*,*,#258,.T.);
#258 = EDGE_CURVE('',#231,#259,#261,.T.);
#259 = VERTEX_POINT('',#260);
#260 = CARTESIAN_POINT('',(22.35,68.5,6.689184796199));
#261 = SURFACE_CURVE('',#262,(#267,#274),.PCURVE_S1.);
#262 = CIRCLE('',#263,1.);
#263 = AXIS2_PLACEMENT_3D('',#264,#265,#266);
#264 = CARTESIAN_POINT('',(21.35,68.5,6.689184796199));
#265 = DIRECTION('',(0.,0.,-1.));
#266 = DIRECTION('',(0.,1.,0.));
#267 = PCURVE('',#70,#268);
#268 = DEFINITIONAL_REPRESENTATION('',(#269),#273);
#269 = LINE('',#270,#271);
#270 = CARTESIAN_POINT('',(5.497787143782,2.910815203801));
#271 = VECTOR('',#272,1.);
#272 = DIRECTION('',(1.,0.));
#273 = ( GEOMETRIC_REPRESENTATION_CONTEXT(2) 
PARAMETRIC_REPRESENTATION_CONTEXT() REPRESENTATION_CONTEXT('2D SPACE',''
  ) );
#274 = PCURVE('',#275,#280);
#275 = SPHERICAL_SURFACE('',#276,1.);
#276 = AXIS2_PLACEMENT_3D('',#277,#278,#279);
#277 = CARTESIAN_POINT('',(21.35,68.5,6.689184796199));
#278 = DIRECTION('',(0.,0.,1.));
#279 = DIRECTION('',(1.,0.,-0.));
#280 = DEFINITIONAL_REPRESENTATION('',(#281),#285);
#281 = LINE('',#282,#283);
#282 = CARTESIAN_POINT('',(1.570796326795,0.));
#283 = VECTOR('',#284,1.);
#284 = DIRECTION('',(-1.,0.));
#285 = ( GEOMETRIC_REPRESENTATION_CONTEXT(2) 
PARAMETRIC_REPRESENTATION_CONTEXT() REPRESENTATION_CONTEXT('2D SPACE',''
  ) );
#286 = ORIENTED_EDGE('',*,*,#287,.T.);
#287 = EDGE_CURVE('',#259,#24,#288,.T.);
#288 = SURFACE_CURVE('',#289,(#293,#300),.PCURVE_S1.);
#289 = LINE('',#290,#291);
#290 = CARTESIAN_POINT('',(22.35,68.5,9.6));
#291 = VECTOR('',#292,1.);
#292 = DIRECTION('',(0.,0.,-1.));
#293 = PCURVE('',#70,#294);
#294 = DEFINITIONAL_REPRESENTATION('',(#295),#299);
#295 = LINE('',#296,#297);
#296 = CARTESIAN_POINT('',(7.068583470577,0.));
#297 = VECTOR('',#298,1.);
#298 = DIRECTION('',(0.,1.));
#299 = ( GEOMETRIC_REPRESENTATION_CONTEXT(2) 
PARAMETRIC_REPRESENTATION_CONTEXT() REPRESENTATION_CONTEXT('2D SPACE',''
  ) );
#300 = PCURVE('',#301,#306);
#301 = PLANE('',#302);
#302 = AXIS2_PLACEMENT_3D('',#303,#304,#305);
#303 = CARTESIAN_POINT('',(22.35,72.,40.));
#304 = DIRECTION('',(-1.,-1.239088197126E-16,0.));
#305 = DIRECTION('',(0.,0.,1.));
#306 = DEFINITIONAL_REPRESENTATION('',(#307),#311);
#307 = LINE('',#308,#309);
#308 = CARTESIAN_POINT('',(-30.4,-3.5));
#309 = VECTOR('',#310,1.);
#310 = DIRECTION('',(-1.,0.));
#311 = ( GEOMETRIC_REPRESENTATION_CONTEXT(2) 
PARAMETRIC_REPRESENTATION_CONTEXT() REPRESENTATION_CONTEXT('2D SPACE',''
  ) );
#312 = ADVANCED_FACE('',(#313),#121,.T.);
#313 = FACE_BOUND('',#314,.T.);
#314 = EDGE_LOOP('',(#315,#316,#344,#443));
#315 = ORIENTED_EDGE('',*,*,#82,.F.);
#316 = ORIENTED_EDGE('',*,*,#317,.T.);
#317 = EDGE_CURVE('',#83,#318,#320,.T.);
#318 = VERTEX_POINT('',#319);
#319 = CARTESIAN_POINT('',(-21.15,68.3,-20.8));
#320 = SURFACE_CURVE('',#321,(#325,#332),.PCURVE_S1.);
#321 = LINE('',#322,#323);
#322 = CARTESIAN_POINT('',(6.175,68.3,-20.8));
#323 = VECTOR('',#324,1.);
#324 = DIRECTION('',(-1.,0.,0.));
#325 = PCURVE('',#121,#326);
#326 = DEFINITIONAL_REPRESENTATION('',(#327),#331);
#327 = LINE('',#328,#329);
#328 = CARTESIAN_POINT('',(0.785398163397,0.));
#329 = VECTOR('',#330,1.);
#330 = DIRECTION('',(0.,1.));
#331 = ( GEOMETRIC_REPRESENTATION_CONTEXT(2) 
PARAMETRIC_REPRESENTATION_CONTEXT() REPRESENTATION_CONTEXT('2D SPACE',''
  ) );
#332 = PCURVE('',#333,#338);
#333 = PLANE('',#334);
#334 = AXIS2_PLACEMENT_3D('',#335,#336,#337);
#335 = CARTESIAN_POINT('',(12.35,62.,-20.8));
#336 = DIRECTION('',(0.,0.,-1.));
#337 = DIRECTION('',(-1.,0.,0.));
#338 = DEFINITIONAL_REPRESENTATION('',(#339),#343);
#339 = LINE('',#340,#341);
#340 = CARTESIAN_POINT('',(6.175,6.3));
#341 = VECTOR('',#342,1.);
#342 = DIRECTION('',(1.,0.));
#343 = ( GEOMETRIC_REPRESENTATION_CONTEXT(2) 
PARAMETRIC_REPRESENTATION_CONTEXT() REPRESENTATION_CONTEXT('2D SPACE',''
  ) );
#344 = ORIENTED_EDGE('',*,*,#345,.F.);
#345 = EDGE_CURVE('',#346,#318,#348,.T.);
#346 = VERTEX_POINT('',#347);
#347 = CARTESIAN_POINT('',(-21.35,69.5,-19.6));
#348 = SURFACE_CURVE('',#349,(#354,#383),.PCURVE_S1.);
#349 = ELLIPSE('',#350,1.21655250606,1.2);
#350 = AXIS2_PLACEMENT_3D('',#351,#352,#353);
#351 = CARTESIAN_POINT('',(-21.15,68.3,-19.6));
#352 = DIRECTION('',(-0.986393923832,-0.164398987305,0.));
#353 = DIRECTION('',(-0.164398987305,0.986393923832,0.));
#354 = PCURVE('',#121,#355);
#355 = DEFINITIONAL_REPRESENTATION('',(#356),#382);
#356 = B_SPLINE_CURVE_WITH_KNOTS('',3,(#357,#358,#359,#360,#361,#362,
    #363,#364,#365,#366,#367,#368,#369,#370,#371,#372,#373,#374,#375,
    #376,#377,#378,#379,#380,#381),.UNSPECIFIED.,.F.,.F.,(4,1,1,1,1,1,1,
    1,1,1,1,1,1,1,1,1,1,1,1,1,1,1,4),(0.,7.139983303613E-02,
    0.142799666072,0.214199499108,0.285599332145,0.356999165181,
    0.428398998217,0.499798831253,0.571198664289,0.642598497325,
    0.713998330361,0.785398163397,0.856797996434,0.92819782947,
    0.999597662506,1.070997495542,1.142397328578,1.213797161614,
    1.28519699465,1.356596827687,1.427996660723,1.499396493759,
    1.570796326795),.QUASI_UNIFORM_KNOTS.);
#357 = CARTESIAN_POINT('',(-0.785398163397,27.525));
#358 = CARTESIAN_POINT('',(-0.761598219052,27.525000431311));
#359 = CARTESIAN_POINT('',(-0.713998330361,27.52465979301));
#360 = CARTESIAN_POINT('',(-0.642598497325,27.523132615032));
#361 = CARTESIAN_POINT('',(-0.571198664289,27.520595477121));
#362 = CARTESIAN_POINT('',(-0.499798831253,27.51706171565));
#363 = CARTESIAN_POINT('',(-0.428398998217,27.512549228615));
#364 = CARTESIAN_POINT('',(-0.356999165181,27.507081039888));
#365 = CARTESIAN_POINT('',(-0.285599332145,27.50068500626));
#366 = CARTESIAN_POINT('',(-0.214199499108,27.493393722555));
#367 = CARTESIAN_POINT('',(-0.142799666072,27.48524434292));
#368 = CARTESIAN_POINT('',(-7.139983303612E-02,27.476278394876));
#369 = CARTESIAN_POINT('',(5.228664243006E-15,27.4665415668));
#370 = CARTESIAN_POINT('',(7.139983303614E-02,27.456083475347));
#371 = CARTESIAN_POINT('',(0.142799666072,27.444957412548));
#372 = CARTESIAN_POINT('',(0.214199499108,27.433220074275));
#373 = CARTESIAN_POINT('',(0.285599332145,27.420931271299));
#374 = CARTESIAN_POINT('',(0.356999165181,27.408153624593));
#375 = CARTESIAN_POINT('',(0.428398998217,27.394952245931));
#376 = CARTESIAN_POINT('',(0.499798831253,27.3813944072));
#377 = CARTESIAN_POINT('',(0.571198664289,27.367549193477));
#378 = CARTESIAN_POINT('',(0.642598497325,27.353487166355));
#379 = CARTESIAN_POINT('',(0.713998330361,27.339279947033));
#380 = CARTESIAN_POINT('',(0.761598219052,27.329760025914));
#381 = CARTESIAN_POINT('',(0.785398163397,27.325));
#382 = ( GEOMETRIC_REPRESENTATION_CONTEXT(2) 
PARAMETRIC_REPRESENTATION_CONTEXT() REPRESENTATION_CONTEXT('2D SPACE',''
  ) );
#383 = PCURVE('',#384,#415);
#384 = B_SPLINE_SURFACE_WITH_KNOTS('',3,3,(
    (#385,#386,#387,#388,#389,#390)
    ,(#391,#392,#393,#394,#395,#396)
    ,(#397,#398,#399,#400,#401,#402)
    ,(#403,#404,#405,#406,#407,#408)
    ,(#409,#410,#411,#412,#413,#414
  )),.UNSPECIFIED.,.F.,.F.,.F.,(4,1,4),(4,1,1,4),(0.,0.571428571429,1.),
  (-4.758442868131E-17,0.448798950513,0.673198425769,1.570796326795),
  .UNSPECIFIED.);
#385 = CARTESIAN_POINT('',(-21.35,69.5,-19.6));
#386 = CARTESIAN_POINT('',(-21.35,69.5,-19.7795195802));
#387 = CARTESIAN_POINT('',(-21.33961748524,69.437704911476,
    -20.04741854814));
#388 = CARTESIAN_POINT('',(-21.28376710301,69.102602618089,
    -20.58540931111));
#389 = CARTESIAN_POINT('',(-21.20983986006,68.65903916041,-20.8));
#390 = CARTESIAN_POINT('',(-21.15,68.3,-20.8));
#391 = CARTESIAN_POINT('',(-21.64919930034,69.5,-19.6));
#392 = CARTESIAN_POINT('',(-21.64919930034,69.5,-19.8249517237));
#393 = CARTESIAN_POINT('',(-21.60121745152,69.403764929003,
    -20.15293719709));
#394 = CARTESIAN_POINT('',(-21.41643662801,68.988561293053,
    -20.6727989758));
#395 = CARTESIAN_POINT('',(-21.26683020299,68.602048817488,-20.8));
#396 = CARTESIAN_POINT('',(-21.15,68.3,-20.8));
#397 = CARTESIAN_POINT('',(-22.16703309799,69.248731777344,-19.6));
#398 = CARTESIAN_POINT('',(-22.16703309799,69.248731777344,
    -19.86398372282));
#399 = CARTESIAN_POINT('',(-22.05611967712,69.144411223082,
    -20.24274010742));
#400 = CARTESIAN_POINT('',(-21.65225229135,68.768364726968,
    -20.73990244261));
#401 = CARTESIAN_POINT('',(-21.3665633031,68.502315717374,-20.8));
#402 = CARTESIAN_POINT('',(-21.15,68.3,-20.8));
#403 = CARTESIAN_POINT('',(-22.35,68.724399475256,-19.6));
#404 = CARTESIAN_POINT('',(-22.35,68.724399475256,-19.81314257957));
#405 = CARTESIAN_POINT('',(-22.26234131705,68.685905523846,
    -20.12577616832));
#406 = CARTESIAN_POINT('',(-21.86824528082,68.534330343311,
    -20.65096090605));
#407 = CARTESIAN_POINT('',(-21.46629640321,68.40258261726,-20.8));
#408 = CARTESIAN_POINT('',(-21.15,68.3,-20.8));
#409 = CARTESIAN_POINT('',(-22.35,68.5,-19.6));
#410 = CARTESIAN_POINT('',(-22.35,68.5,-19.7795195802));
#411 = CARTESIAN_POINT('',(-22.28770491147,68.489617485246,
    -20.04741854814));
#412 = CARTESIAN_POINT('',(-21.95260261808,68.433767103015,
    -20.58540931111));
#413 = CARTESIAN_POINT('',(-21.50903916041,68.359839860068,-20.8));
#414 = CARTESIAN_POINT('',(-21.15,68.3,-20.8));
#415 = DEFINITIONAL_REPRESENTATION('',(#416),#442);
#416 = B_SPLINE_CURVE_WITH_KNOTS('',3,(#417,#418,#419,#420,#421,#422,
    #423,#424,#425,#426,#427,#428,#429,#430,#431,#432,#433,#434,#435,
    #436,#437,#438,#439,#440,#441),.UNSPECIFIED.,.F.,.F.,(4,1,1,1,1,1,1,
    1,1,1,1,1,1,1,1,1,1,1,1,1,1,1,4),(0.,7.139983303613E-02,
    0.142799666072,0.214199499108,0.285599332145,0.356999165181,
    0.428398998217,0.499798831253,0.571198664289,0.642598497325,
    0.713998330361,0.785398163397,0.856797996434,0.92819782947,
    0.999597662506,1.070997495542,1.142397328578,1.213797161614,
    1.28519699465,1.356596827687,1.427996660723,1.499396493759,
    1.570796326795),.QUASI_UNIFORM_KNOTS.);
#417 = CARTESIAN_POINT('',(0.,-4.758442868131E-17));
#418 = CARTESIAN_POINT('',(1.500937893119E-07,2.380204740766E-02));
#419 = CARTESIAN_POINT('',(6.588375391473E-06,7.14368037103E-02));
#420 = CARTESIAN_POINT('',(2.667620114248E-05,0.142935895232));
#421 = CARTESIAN_POINT('',(4.846175476229E-05,0.214428523815));
#422 = CARTESIAN_POINT('',(6.583314941838E-05,0.285890643595));
#423 = CARTESIAN_POINT('',(7.411475577036E-05,0.357307176499));
#424 = CARTESIAN_POINT('',(7.051932036216E-05,0.428672720876));
#425 = CARTESIAN_POINT('',(5.351085381047E-05,0.499965812342));
#426 = CARTESIAN_POINT('',(3.034830576161E-05,0.571247499008));
#427 = CARTESIAN_POINT('',(1.500787741833E-05,0.642584562384));
#428 = CARTESIAN_POINT('',(3.227299349585E-05,0.714005778767));
#429 = CARTESIAN_POINT('',(8.742164737659E-05,0.785453129333));
#430 = CARTESIAN_POINT('',(1.678592564605E-04,0.856867172769));
#431 = CARTESIAN_POINT('',(2.644675365503E-04,0.928231482152));
#432 = CARTESIAN_POINT('',(3.6345482369E-04,0.999551970442));
#433 = CARTESIAN_POINT('',(4.480815393012E-04,1.070850799739));
#434 = CARTESIAN_POINT('',(5.002558390726E-04,1.142156582039));
#435 = CARTESIAN_POINT('',(5.038492693205E-04,1.213496646249));
#436 = CARTESIAN_POINT('',(4.498669169351E-04,1.284890155332));
#437 = CARTESIAN_POINT('',(3.387813411361E-04,1.356342808947));
#438 = CARTESIAN_POINT('',(1.962258957322E-04,1.427841505576));
#439 = CARTESIAN_POINT('',(3.83585278479E-05,1.499354017406));
#440 = CARTESIAN_POINT('',(2.561792719439E-05,1.546994272565));
#441 = CARTESIAN_POINT('',(6.148460566524E-05,1.570796326795));
#442 = ( GEOMETRIC_REPRESENTATION_CONTEXT(2) 
PARAMETRIC_REPRESENTATION_CONTEXT() REPRESENTATION_CONTEXT('2D SPACE',''
  ) );
#443 = ORIENTED_EDGE('',*,*,#444,.T.);
#444 = EDGE_CURVE('',#346,#22,#445,.T.);
#445 = SURFACE_CURVE('',#446,(#450,#457),.PCURVE_S1.);
#446 = LINE('',#447,#448);
#447 = CARTESIAN_POINT('',(6.175,69.5,-19.6));
#448 = VECTOR('',#449,1.);
#449 = DIRECTION('',(1.,0.,0.));
#450 = PCURVE('',#121,#451);
#451 = DEFINITIONAL_REPRESENTATION('',(#452),#456);
#452 = LINE('',#453,#454);
#453 = CARTESIAN_POINT('',(-0.785398163397,0.));
#454 = VECTOR('',#455,1.);
#455 = DIRECTION('',(0.,-1.));
#456 = ( GEOMETRIC_REPRESENTATION_CONTEXT(2) 
PARAMETRIC_REPRESENTATION_CONTEXT() REPRESENTATION_CONTEXT('2D SPACE',''
  ) );
#457 = PCURVE('',#246,#458);
#458 = DEFINITIONAL_REPRESENTATION('',(#459),#463);
#459 = LINE('',#460,#461);
#460 = CARTESIAN_POINT('',(-1.2,6.175));
#461 = VECTOR('',#462,1.);
#462 = DIRECTION('',(0.,1.));
#463 = ( GEOMETRIC_REPRESENTATION_CONTEXT(2) 
PARAMETRIC_REPRESENTATION_CONTEXT() REPRESENTATION_CONTEXT('2D SPACE',''
  ) );
#464 = ADVANCED_FACE('',(#465),#192,.T.);
#465 = FACE_BOUND('',#466,.T.);
#466 = EDGE_LOOP('',(#467,#468,#491,#520));
#467 = ORIENTED_EDGE('',*,*,#155,.F.);
#468 = ORIENTED_EDGE('',*,*,#469,.T.);
#469 = EDGE_CURVE('',#24,#470,#472,.T.);
#470 = VERTEX_POINT('',#471);
#471 = CARTESIAN_POINT('',(22.35,57.8,-19.6));
#472 = SURFACE_CURVE('',#473,(#477,#484),.PCURVE_S1.);
#473 = LINE('',#474,#475);
#474 = CARTESIAN_POINT('',(22.35,67.,-19.6));
#475 = VECTOR('',#476,1.);
#476 = DIRECTION('',(1.239088197126E-16,-1.,0.));
#477 = PCURVE('',#192,#478);
#478 = DEFINITIONAL_REPRESENTATION('',(#479),#483);
#479 = LINE('',#480,#481);
#480 = CARTESIAN_POINT('',(7.068583470577,0.));
#481 = VECTOR('',#482,1.);
#482 = DIRECTION('',(0.,1.));
#483 = ( GEOMETRIC_REPRESENTATION_CONTEXT(2) 
PARAMETRIC_REPRESENTATION_CONTEXT() REPRESENTATION_CONTEXT('2D SPACE',''
  ) );
#484 = PCURVE('',#301,#485);
#485 = DEFINITIONAL_REPRESENTATION('',(#486),#490);
#486 = LINE('',#487,#488);
#487 = CARTESIAN_POINT('',(-59.6,-5.));
#488 = VECTOR('',#489,1.);
#489 = DIRECTION('',(0.,-1.));
#490 = ( GEOMETRIC_REPRESENTATION_CONTEXT(2) 
PARAMETRIC_REPRESENTATION_CONTEXT() REPRESENTATION_CONTEXT('2D SPACE',''
  ) );
#491 = ORIENTED_EDGE('',*,*,#492,.T.);
#492 = EDGE_CURVE('',#470,#493,#495,.T.);
#493 = VERTEX_POINT('',#494);
#494 = CARTESIAN_POINT('',(21.15,57.8,-20.8));
#495 = SURFACE_CURVE('',#496,(#501,#508),.PCURVE_S1.);
#496 = CIRCLE('',#497,1.2);
#497 = AXIS2_PLACEMENT_3D('',#498,#499,#500);
#498 = CARTESIAN_POINT('',(21.15,57.8,-19.6));
#499 = DIRECTION('',(0.,1.,0.));
#500 = DIRECTION('',(0.707106781187,0.,-0.707106781187));
#501 = PCURVE('',#192,#502);
#502 = DEFINITIONAL_REPRESENTATION('',(#503),#507);
#503 = LINE('',#504,#505);
#504 = CARTESIAN_POINT('',(12.566370614359,9.2));
#505 = VECTOR('',#506,1.);
#506 = DIRECTION('',(-1.,0.));
#507 = ( GEOMETRIC_REPRESENTATION_CONTEXT(2) 
PARAMETRIC_REPRESENTATION_CONTEXT() REPRESENTATION_CONTEXT('2D SPACE',''
  ) );
#508 = PCURVE('',#509,#514);
#509 = PLANE('',#510);
#510 = AXIS2_PLACEMENT_3D('',#511,#512,#513);
#511 = CARTESIAN_POINT('',(22.35,57.8,-19.6));
#512 = DIRECTION('',(0.,1.,0.));
#513 = DIRECTION('',(0.,0.,-1.));
#514 = DEFINITIONAL_REPRESENTATION('',(#515),#519);
#515 = CIRCLE('',#516,1.2);
#516 = AXIS2_PLACEMENT_2D('',#517,#518);
#517 = CARTESIAN_POINT('',(0.,1.2));
#518 = DIRECTION('',(0.707106781187,-0.707106781187));
#519 = ( GEOMETRIC_REPRESENTATION_CONTEXT(2) 
PARAMETRIC_REPRESENTATION_CONTEXT() REPRESENTATION_CONTEXT('2D SPACE',''
  ) );
#520 = ORIENTED_EDGE('',*,*,#521,.T.);
#521 = EDGE_CURVE('',#493,#83,#522,.T.);
#522 = SURFACE_CURVE('',#523,(#527,#534),.PCURVE_S1.);
#523 = LINE('',#524,#525);
#524 = CARTESIAN_POINT('',(21.15,67.,-20.8));
#525 = VECTOR('',#526,1.);
#526 = DIRECTION('',(-1.239088197126E-16,1.,0.));
#527 = PCURVE('',#192,#528);
#528 = DEFINITIONAL_REPRESENTATION('',(#529),#533);
#529 = LINE('',#530,#531);
#530 = CARTESIAN_POINT('',(5.497787143782,0.));
#531 = VECTOR('',#532,1.);
#532 = DIRECTION('',(8.458842092382E-17,-1.));
#533 = ( GEOMETRIC_REPRESENTATION_CONTEXT(2) 
PARAMETRIC_REPRESENTATION_CONTEXT() REPRESENTATION_CONTEXT('2D SPACE',''
  ) );
#534 = PCURVE('',#333,#535);
#535 = DEFINITIONAL_REPRESENTATION('',(#536),#540);
#536 = LINE('',#537,#538);
#537 = CARTESIAN_POINT('',(-8.8,5.));
#538 = VECTOR('',#539,1.);
#539 = DIRECTION('',(1.239088197126E-16,1.));
#540 = ( GEOMETRIC_REPRESENTATION_CONTEXT(2) 
PARAMETRIC_REPRESENTATION_CONTEXT() REPRESENTATION_CONTEXT('2D SPACE',''
  ) );
#541 = ADVANCED_FACE('',(#542),#246,.F.);
#542 = FACE_BOUND('',#543,.T.);
#543 = EDGE_LOOP('',(#544,#545,#573,#601,#629,#662,#690,#719,#747,#773)
  );
#544 = ORIENTED_EDGE('',*,*,#444,.F.);
#545 = ORIENTED_EDGE('',*,*,#546,.T.);
#546 = EDGE_CURVE('',#346,#547,#549,.T.);
#547 = VERTEX_POINT('',#548);
#548 = CARTESIAN_POINT('',(-21.35,69.5,6.689184796199));
#549 = SURFACE_CURVE('',#550,(#554,#561),.PCURVE_S1.);
#550 = LINE('',#551,#552);
#551 = CARTESIAN_POINT('',(-21.35,69.5,9.6));
#552 = VECTOR('',#553,1.);
#553 = DIRECTION('',(0.,0.,1.));
#554 = PCURVE('',#246,#555);
#555 = DEFINITIONAL_REPRESENTATION('',(#556),#560);
#556 = LINE('',#557,#558);
#557 = CARTESIAN_POINT('',(-30.4,-21.35));
#558 = VECTOR('',#559,1.);
#559 = DIRECTION('',(-1.,0.));
#560 = ( GEOMETRIC_REPRESENTATION_CONTEXT(2) 
PARAMETRIC_REPRESENTATION_CONTEXT() REPRESENTATION_CONTEXT('2D SPACE',''
  ) );
#561 = PCURVE('',#562,#567);
#562 = CYLINDRICAL_SURFACE('',#563,1.);
#563 = AXIS2_PLACEMENT_3D('',#564,#565,#566);
#564 = CARTESIAN_POINT('',(-21.35,68.5,9.6));
#565 = DIRECTION('',(0.,0.,1.));
#566 = DIRECTION('',(-0.707106781187,0.707106781187,0.));
#567 = DEFINITIONAL_REPRESENTATION('',(#568),#572);
#568 = LINE('',#569,#570);
#569 = CARTESIAN_POINT('',(-0.785398163397,0.));
#570 = VECTOR('',#571,1.);
#571 = DIRECTION('',(0.,1.));
#572 = ( GEOMETRIC_REPRESENTATION_CONTEXT(2) 
PARAMETRIC_REPRESENTATION_CONTEXT() REPRESENTATION_CONTEXT('2D SPACE',''
  ) );
#573 = ORIENTED_EDGE('',*,*,#574,.T.);
#574 = EDGE_CURVE('',#547,#575,#577,.T.);
#575 = VERTEX_POINT('',#576);
#576 = CARTESIAN_POINT('',(-18.44943246979,69.5,10.831624532882));
#577 = SURFACE_CURVE('',#578,(#582,#589),.PCURVE_S1.);
#578 = LINE('',#579,#580);
#579 = CARTESIAN_POINT('',(-14.86504971934,69.5,15.950653613344));
#580 = VECTOR('',#581,1.);
#581 = DIRECTION('',(0.573576436351,0.,0.819152044289));
#582 = PCURVE('',#246,#583);
#583 = DEFINITIONAL_REPRESENTATION('',(#584),#588);
#584 = LINE('',#585,#586);
#585 = CARTESIAN_POINT('',(-36.75065361334,-14.86504971934));
#586 = VECTOR('',#587,1.);
#587 = DIRECTION('',(-0.819152044289,0.573576436351));
#588 = ( GEOMETRIC_REPRESENTATION_CONTEXT(2) 
PARAMETRIC_REPRESENTATION_CONTEXT() REPRESENTATION_CONTEXT('2D SPACE',''
  ) );
#589 = PCURVE('',#590,#595);
#590 = CYLINDRICAL_SURFACE('',#591,1.);
#591 = AXIS2_PLACEMENT_3D('',#592,#593,#594);
#592 = CARTESIAN_POINT('',(-14.86504971934,68.5,15.950653613344));
#593 = DIRECTION('',(0.573576436351,0.,0.819152044289));
#594 = DIRECTION('',(-0.57922796534,0.707106781187,0.405579787673));
#595 = DEFINITIONAL_REPRESENTATION('',(#596),#600);
#596 = LINE('',#597,#598);
#597 = CARTESIAN_POINT('',(5.497787143782,-1.7763568394E-15));
#598 = VECTOR('',#599,1.);
#599 = DIRECTION('',(8.781698883245E-16,1.));
#600 = ( GEOMETRIC_REPRESENTATION_CONTEXT(2) 
PARAMETRIC_REPRESENTATION_CONTEXT() REPRESENTATION_CONTEXT('2D SPACE',''
  ) );
#601 = ORIENTED_EDGE('',*,*,#602,.T.);
#602 = EDGE_CURVE('',#575,#603,#605,.T.);
#603 = VERTEX_POINT('',#604);
#604 = CARTESIAN_POINT('',(-18.44943246979,69.5,-13.1));
#605 = SURFACE_CURVE('',#606,(#610,#617),.PCURVE_S1.);
#606 = LINE('',#607,#608);
#607 = CARTESIAN_POINT('',(-18.44943246979,69.5,10.831624532882));
#608 = VECTOR('',#609,1.);
#609 = DIRECTION('',(0.,0.,-1.));
#610 = PCURVE('',#246,#611);
#611 = DEFINITIONAL_REPRESENTATION('',(#612),#616);
#612 = LINE('',#613,#614);
#613 = CARTESIAN_POINT('',(-31.63162453288,-18.44943246979));
#614 = VECTOR('',#615,1.);
#615 = DIRECTION('',(1.,0.));
#616 = ( GEOMETRIC_REPRESENTATION_CONTEXT(2) 
PARAMETRIC_REPRESENTATION_CONTEXT() REPRESENTATION_CONTEXT('2D SPACE',''
  ) );
#617 = PCURVE('',#618,#623);
#618 = CYLINDRICAL_SURFACE('',#619,1.);
#619 = AXIS2_PLACEMENT_3D('',#620,#621,#622);
#620 = CARTESIAN_POINT('',(-18.44943246979,68.5,-20.2));
#621 = DIRECTION('',(6.067052173189E-17,0.,-1.));
#622 = DIRECTION('',(-1.,0.,-6.067052173189E-17));
#623 = DEFINITIONAL_REPRESENTATION('',(#624),#628);
#624 = LINE('',#625,#626);
#625 = CARTESIAN_POINT('',(1.570796326795,-31.03162453288));
#626 = VECTOR('',#627,1.);
#627 = DIRECTION('',(0.,1.));
#628 = ( GEOMETRIC_REPRESENTATION_CONTEXT(2) 
PARAMETRIC_REPRESENTATION_CONTEXT() REPRESENTATION_CONTEXT('2D SPACE',''
  ) );
#629 = ORIENTED_EDGE('',*,*,#630,.F.);
#630 = EDGE_CURVE('',#631,#603,#633,.T.);
#631 = VERTEX_POINT('',#632);
#632 = CARTESIAN_POINT('',(-14.54943246979,69.5,-17.));
#633 = SURFACE_CURVE('',#634,(#639,#650),.PCURVE_S1.);
#634 = CIRCLE('',#635,3.9);
#635 = AXIS2_PLACEMENT_3D('',#636,#637,#638);
#636 = CARTESIAN_POINT('',(-14.54943246979,69.5,-13.1));
#637 = DIRECTION('',(0.,1.,0.));
#638 = DIRECTION('',(0.,0.,-1.));
#639 = PCURVE('',#246,#640);
#640 = DEFINITIONAL_REPRESENTATION('',(#641),#649);
#641 = ( BOUNDED_CURVE() B_SPLINE_CURVE(2,(#642,#643,#644,#645,#646,#647
,#648),.UNSPECIFIED.,.T.,.F.) B_SPLINE_CURVE_WITH_KNOTS((1,2,2,2,2,1),(
    -2.094395102393,0.,2.094395102393,4.188790204786,6.28318530718,
8.377580409573),.UNSPECIFIED.) CURVE() GEOMETRIC_REPRESENTATION_ITEM() 
RATIONAL_B_SPLINE_CURVE((1.,0.5,1.,0.5,1.,0.5,1.)) REPRESENTATION_ITEM(
  '') );
#642 = CARTESIAN_POINT('',(-3.8,-14.54943246979));
#643 = CARTESIAN_POINT('',(-3.8,-21.30443061931));
#644 = CARTESIAN_POINT('',(-9.65,-17.92693154455));
#645 = CARTESIAN_POINT('',(-15.5,-14.54943246979));
#646 = CARTESIAN_POINT('',(-9.65,-11.17193339503));
#647 = CARTESIAN_POINT('',(-3.8,-7.794434320277));
#648 = CARTESIAN_POINT('',(-3.8,-14.54943246979));
#649 = ( GEOMETRIC_REPRESENTATION_CONTEXT(2) 
PARAMETRIC_REPRESENTATION_CONTEXT() REPRESENTATION_CONTEXT('2D SPACE',''
  ) );
#650 = PCURVE('',#651,#656);
#651 = TOROIDAL_SURFACE('',#652,3.9,1.);
#652 = AXIS2_PLACEMENT_3D('',#653,#654,#655);
#653 = CARTESIAN_POINT('',(-14.54943246979,68.5,-13.1));
#654 = DIRECTION('',(0.,-1.,0.));
#655 = DIRECTION('',(0.,0.,-1.));
#656 = DEFINITIONAL_REPRESENTATION('',(#657),#661);
#657 = LINE('',#658,#659);
#658 = CARTESIAN_POINT('',(6.28318530718,4.712388980385));
#659 = VECTOR('',#660,1.);
#660 = DIRECTION('',(-1.,-1.130863886743E-15));
#661 = ( GEOMETRIC_REPRESENTATION_CONTEXT(2) 
PARAMETRIC_REPRESENTATION_CONTEXT() REPRESENTATION_CONTEXT('2D SPACE',''
  ) );
#662 = ORIENTED_EDGE('',*,*,#663,.T.);
#663 = EDGE_CURVE('',#631,#664,#666,.T.);
#664 = VERTEX_POINT('',#665);
#665 = CARTESIAN_POINT('',(14.549432469795,69.5,-17.));
#666 = SURFACE_CURVE('',#667,(#671,#678),.PCURVE_S1.);
#667 = LINE('',#668,#669);
#668 = CARTESIAN_POINT('',(-14.54943246979,69.5,-17.));
#669 = VECTOR('',#670,1.);
#670 = DIRECTION('',(1.,0.,0.));
#671 = PCURVE('',#246,#672);
#672 = DEFINITIONAL_REPRESENTATION('',(#673),#677);
#673 = LINE('',#674,#675);
#674 = CARTESIAN_POINT('',(-3.8,-14.54943246979));
#675 = VECTOR('',#676,1.);
#676 = DIRECTION('',(0.,1.));
#677 = ( GEOMETRIC_REPRESENTATION_CONTEXT(2) 
PARAMETRIC_REPRESENTATION_CONTEXT() REPRESENTATION_CONTEXT('2D SPACE',''
  ) );
#678 = PCURVE('',#679,#684);
#679 = CYLINDRICAL_SURFACE('',#680,1.);
#680 = AXIS2_PLACEMENT_3D('',#681,#682,#683);
#681 = CARTESIAN_POINT('',(0.,68.5,-17.));
#682 = DIRECTION('',(1.,0.,0.));
#683 = DIRECTION('',(0.,0.,-1.));
#684 = DEFINITIONAL_REPRESENTATION('',(#685),#689);
#685 = LINE('',#686,#687);
#686 = CARTESIAN_POINT('',(1.570796326795,-14.54943246979));
#687 = VECTOR('',#688,1.);
#688 = DIRECTION('',(0.,1.));
#689 = ( GEOMETRIC_REPRESENTATION_CONTEXT(2) 
PARAMETRIC_REPRESENTATION_CONTEXT() REPRESENTATION_CONTEXT('2D SPACE',''
  ) );
#690 = ORIENTED_EDGE('',*,*,#691,.T.);
#691 = EDGE_CURVE('',#664,#692,#694,.T.);
#692 = VERTEX_POINT('',#693);
#693 = CARTESIAN_POINT('',(18.449432469795,69.5,-13.1));
#694 = SURFACE_CURVE('',#695,(#700,#707),.PCURVE_S1.);
#695 = CIRCLE('',#696,3.9);
#696 = AXIS2_PLACEMENT_3D('',#697,#698,#699);
#697 = CARTESIAN_POINT('',(14.549432469795,69.5,-13.1));
#698 = DIRECTION('',(0.,-1.,0.));
#699 = DIRECTION('',(0.,0.,-1.));
#700 = PCURVE('',#246,#701);
#701 = DEFINITIONAL_REPRESENTATION('',(#702),#706);
#702 = CIRCLE('',#703,3.9);
#703 = AXIS2_PLACEMENT_2D('',#704,#705);
#704 = CARTESIAN_POINT('',(-7.7,14.549432469795));
#705 = DIRECTION('',(1.,0.));
#706 = ( GEOMETRIC_REPRESENTATION_CONTEXT(2) 
PARAMETRIC_REPRESENTATION_CONTEXT() REPRESENTATION_CONTEXT('2D SPACE',''
  ) );
#707 = PCURVE('',#708,#713);
#708 = TOROIDAL_SURFACE('',#709,3.9,1.);
#709 = AXIS2_PLACEMENT_3D('',#710,#711,#712);
#710 = CARTESIAN_POINT('',(14.549432469795,68.5,-13.1));
#711 = DIRECTION('',(0.,-1.,0.));
#712 = DIRECTION('',(0.,0.,-1.));
#713 = DEFINITIONAL_REPRESENTATION('',(#714),#718);
#714 = LINE('',#715,#716);
#715 = CARTESIAN_POINT('',(0.,4.712388980385));
#716 = VECTOR('',#717,1.);
#717 = DIRECTION('',(1.,-1.130863886743E-15));
#718 = ( GEOMETRIC_REPRESENTATION_CONTEXT(2) 
PARAMETRIC_REPRESENTATION_CONTEXT() REPRESENTATION_CONTEXT('2D SPACE',''
  ) );
#719 = ORIENTED_EDGE('',*,*,#720,.F.);
#720 = EDGE_CURVE('',#721,#692,#723,.T.);
#721 = VERTEX_POINT('',#722);
#722 = CARTESIAN_POINT('',(18.449432469795,69.5,10.831624532882));
#723 = SURFACE_CURVE('',#724,(#728,#735),.PCURVE_S1.);
#724 = LINE('',#725,#726);
#725 = CARTESIAN_POINT('',(18.449432469795,69.5,10.831624532882));
#726 = VECTOR('',#727,1.);
#727 = DIRECTION('',(0.,0.,-1.));
#728 = PCURVE('',#246,#729);
#729 = DEFINITIONAL_REPRESENTATION('',(#730),#734);
#730 = LINE('',#731,#732);
#731 = CARTESIAN_POINT('',(-31.63162453288,18.449432469795));
#732 = VECTOR('',#733,1.);
#733 = DIRECTION('',(1.,0.));
#734 = ( GEOMETRIC_REPRESENTATION_CONTEXT(2) 
PARAMETRIC_REPRESENTATION_CONTEXT() REPRESENTATION_CONTEXT('2D SPACE',''
  ) );
#735 = PCURVE('',#736,#741);
#736 = CYLINDRICAL_SURFACE('',#737,1.);
#737 = AXIS2_PLACEMENT_3D('',#738,#739,#740);
#738 = CARTESIAN_POINT('',(18.449432469795,68.5,-20.2));
#739 = DIRECTION('',(6.067052173189E-17,0.,1.));
#740 = DIRECTION('',(1.,0.,-6.067052173189E-17));
#741 = DEFINITIONAL_REPRESENTATION('',(#742),#746);
#742 = LINE('',#743,#744);
#743 = CARTESIAN_POINT('',(1.570796326795,31.031624532882));
#744 = VECTOR('',#745,1.);
#745 = DIRECTION('',(0.,-1.));
#746 = ( GEOMETRIC_REPRESENTATION_CONTEXT(2) 
PARAMETRIC_REPRESENTATION_CONTEXT() REPRESENTATION_CONTEXT('2D SPACE',''
  ) );
#747 = ORIENTED_EDGE('',*,*,#748,.F.);
#748 = EDGE_CURVE('',#231,#721,#749,.T.);
#749 = SURFACE_CURVE('',#750,(#754,#761),.PCURVE_S1.);
#750 = LINE('',#751,#752);
#751 = CARTESIAN_POINT('',(14.865049719341,69.5,15.950653613344));
#752 = VECTOR('',#753,1.);
#753 = DIRECTION('',(-0.573576436351,0.,0.819152044289));
#754 = PCURVE('',#246,#755);
#755 = DEFINITIONAL_REPRESENTATION('',(#756),#760);
#756 = LINE('',#757,#758);
#757 = CARTESIAN_POINT('',(-36.75065361334,14.865049719341));
#758 = VECTOR('',#759,1.);
#759 = DIRECTION('',(-0.819152044289,-0.573576436351));
#760 = ( GEOMETRIC_REPRESENTATION_CONTEXT(2) 
PARAMETRIC_REPRESENTATION_CONTEXT() REPRESENTATION_CONTEXT('2D SPACE',''
  ) );
#761 = PCURVE('',#762,#767);
#762 = CYLINDRICAL_SURFACE('',#763,1.);
#763 = AXIS2_PLACEMENT_3D('',#764,#765,#766);
#764 = CARTESIAN_POINT('',(14.865049719341,68.5,15.950653613344));
#765 = DIRECTION('',(0.573576436351,0.,-0.819152044289));
#766 = DIRECTION('',(0.57922796534,0.707106781187,0.405579787673));
#767 = DEFINITIONAL_REPRESENTATION('',(#768),#772);
#768 = LINE('',#769,#770);
#769 = CARTESIAN_POINT('',(5.497787143782,1.7763568394E-15));
#770 = VECTOR('',#771,1.);
#771 = DIRECTION('',(8.781698883245E-16,-1.));
#772 = ( GEOMETRIC_REPRESENTATION_CONTEXT(2) 
PARAMETRIC_REPRESENTATION_CONTEXT() REPRESENTATION_CONTEXT('2D SPACE',''
  ) );
#773 = ORIENTED_EDGE('',*,*,#230,.T.);
#774 = ADVANCED_FACE('',(#775),#275,.T.);
#775 = FACE_BOUND('',#776,.T.);
#776 = EDGE_LOOP('',(#777,#778,#824));
#777 = ORIENTED_EDGE('',*,*,#258,.F.);
#778 = ORIENTED_EDGE('',*,*,#779,.F.);
#779 = EDGE_CURVE('',#780,#231,#782,.T.);
#780 = VERTEX_POINT('',#781);
#781 = CARTESIAN_POINT('',(22.169152044289,68.5,7.26276123255));
#782 = SURFACE_CURVE('',#783,(#788,#817),.PCURVE_S1.);
#783 = CIRCLE('',#784,1.);
#784 = AXIS2_PLACEMENT_3D('',#785,#786,#787);
#785 = CARTESIAN_POINT('',(21.35,68.5,6.689184796199));
#786 = DIRECTION('',(-0.573576436351,0.,0.819152044289));
#787 = DIRECTION('',(0.819152044289,0.,0.573576436351));
#788 = PCURVE('',#275,#789);
#789 = DEFINITIONAL_REPRESENTATION('',(#790),#816);
#790 = B_SPLINE_CURVE_WITH_KNOTS('',3,(#791,#792,#793,#794,#795,#796,
    #797,#798,#799,#800,#801,#802,#803,#804,#805,#806,#807,#808,#809,
    #810,#811,#812,#813,#814,#815),.UNSPECIFIED.,.F.,.F.,(4,1,1,1,1,1,1,
    1,1,1,1,1,1,1,1,1,1,1,1,1,1,1,4),(0.,7.139983303613E-02,
    0.142799666072,0.214199499108,0.285599332145,0.356999165181,
    0.428398998217,0.499798831253,0.571198664289,0.642598497325,
    0.713998330361,0.785398163397,0.856797996434,0.92819782947,
    0.999597662506,1.070997495542,1.142397328578,1.213797161614,
    1.28519699465,1.356596827687,1.427996660723,1.499396493759,
    1.570796326795),.QUASI_UNIFORM_KNOTS.);
#791 = CARTESIAN_POINT('',(0.,0.610865238198));
#792 = CARTESIAN_POINT('',(2.905647638368E-02,0.610868819121));
#793 = CARTESIAN_POINT('',(8.716198020602E-02,0.609672453928));
#794 = CARTESIAN_POINT('',(0.173892337177,0.60433699234));
#795 = CARTESIAN_POINT('',(0.259774858695,0.595514202341));
#796 = CARTESIAN_POINT('',(0.344439954743,0.583313956083));
#797 = CARTESIAN_POINT('',(0.427571103079,0.567876760437));
#798 = CARTESIAN_POINT('',(0.508917714461,0.549372669576));
#799 = CARTESIAN_POINT('',(0.588298335987,0.527992770176));
#800 = CARTESIAN_POINT('',(0.66560003859,0.503942627702));
#801 = CARTESIAN_POINT('',(0.740773669522,0.477435843802));
#802 = CARTESIAN_POINT('',(0.81382663643,0.4486886779));
#803 = CARTESIAN_POINT('',(0.884814358272,0.417915720899));
#804 = CARTESIAN_POINT('',(0.953831433266,0.385326684697));
#805 = CARTESIAN_POINT('',(1.021003258785,0.351124217389));
#806 = CARTESIAN_POINT('',(1.086478569407,0.315502613435));
#807 = CARTESIAN_POINT('',(1.150423123075,0.278647261583));
#808 = CARTESIAN_POINT('',(1.213014592231,0.24073467468));
#809 = CARTESIAN_POINT('',(1.274438601226,0.201932962661));
#810 = CARTESIAN_POINT('',(1.33488578514,0.162402623538));
#811 = CARTESIAN_POINT('',(1.394549711587,0.122297582475));
#812 = CARTESIAN_POINT('',(1.453625506886,8.176631319994E-02));
#813 = CARTESIAN_POINT('',(1.5123090029,4.09533355133E-02));
#814 = CARTESIAN_POINT('',(1.55130056334,1.365094779161E-02));
#815 = CARTESIAN_POINT('',(1.570796326795,0.));
#816 = ( GEOMETRIC_REPRESENTATION_CONTEXT(2) 
PARAMETRIC_REPRESENTATION_CONTEXT() REPRESENTATION_CONTEXT('2D SPACE',''
  ) );
#817 = PCURVE('',#762,#818);
#818 = DEFINITIONAL_REPRESENTATION('',(#819),#823);
#819 = LINE('',#820,#821);
#820 = CARTESIAN_POINT('',(7.068583470577,11.306165786577));
#821 = VECTOR('',#822,1.);
#822 = DIRECTION('',(-1.,4.52345554697E-15));
#823 = ( GEOMETRIC_REPRESENTATION_CONTEXT(2) 
PARAMETRIC_REPRESENTATION_CONTEXT() REPRESENTATION_CONTEXT('2D SPACE',''
  ) );
#824 = ORIENTED_EDGE('',*,*,#825,.T.);
#825 = EDGE_CURVE('',#780,#259,#826,.T.);
#826 = SURFACE_CURVE('',#827,(#832,#839),.PCURVE_S1.);
#827 = CIRCLE('',#828,1.);
#828 = AXIS2_PLACEMENT_3D('',#829,#830,#831);
#829 = CARTESIAN_POINT('',(21.35,68.5,6.689184796199));
#830 = DIRECTION('',(-1.239088197126E-16,1.,1.769601338904E-16));
#831 = DIRECTION('',(-2.192692132654E-32,1.769601338904E-16,-1.));
#832 = PCURVE('',#275,#833);
#833 = DEFINITIONAL_REPRESENTATION('',(#834),#838);
#834 = LINE('',#835,#836);
#835 = CARTESIAN_POINT('',(0.,4.712388980385));
#836 = VECTOR('',#837,1.);
#837 = DIRECTION('',(0.,-1.));
#838 = ( GEOMETRIC_REPRESENTATION_CONTEXT(2) 
PARAMETRIC_REPRESENTATION_CONTEXT() REPRESENTATION_CONTEXT('2D SPACE',''
  ) );
#839 = PCURVE('',#840,#845);
#840 = CYLINDRICAL_SURFACE('',#841,1.);
#841 = AXIS2_PLACEMENT_3D('',#842,#843,#844);
#842 = CARTESIAN_POINT('',(21.35,72.,6.689184796199));
#843 = DIRECTION('',(1.239088197126E-16,-1.,-1.769601338904E-16));
#844 = DIRECTION('',(0.,1.769601338904E-16,-1.));
#845 = DEFINITIONAL_REPRESENTATION('',(#846),#850);
#846 = LINE('',#847,#848);
#847 = CARTESIAN_POINT('',(6.28318530718,3.5));
#848 = VECTOR('',#849,1.);
#849 = DIRECTION('',(-1.,0.));
#850 = ( GEOMETRIC_REPRESENTATION_CONTEXT(2) 
PARAMETRIC_REPRESENTATION_CONTEXT() REPRESENTATION_CONTEXT('2D SPACE',''
  ) );
#851 = ADVANCED_FACE('',(#852,#1137),#301,.F.);
#852 = FACE_BOUND('',#853,.T.);
#853 = EDGE_LOOP('',(#854,#884,#912,#940,#968,#996,#1022,#1023,#1024,
    #1047,#1083,#1111));
#854 = ORIENTED_EDGE('',*,*,#855,.F.);
#855 = EDGE_CURVE('',#856,#858,#860,.T.);
#856 = VERTEX_POINT('',#857);
#857 = CARTESIAN_POINT('',(22.35,41.7,-19.6));
#858 = VERTEX_POINT('',#859);
#859 = CARTESIAN_POINT('',(22.35,39.1,-19.6));
#860 = SURFACE_CURVE('',#861,(#865,#872),.PCURVE_S1.);
#861 = LINE('',#862,#863);
#862 = CARTESIAN_POINT('',(22.35,67.,-19.6));
#863 = VECTOR('',#864,1.);
#864 = DIRECTION('',(1.239088197126E-16,-1.,0.));
#865 = PCURVE('',#301,#866);
#866 = DEFINITIONAL_REPRESENTATION('',(#867),#871);
#867 = LINE('',#868,#869);
#868 = CARTESIAN_POINT('',(-59.6,-5.));
#869 = VECTOR('',#870,1.);
#870 = DIRECTION('',(0.,-1.));
#871 = ( GEOMETRIC_REPRESENTATION_CONTEXT(2) 
PARAMETRIC_REPRESENTATION_CONTEXT() REPRESENTATION_CONTEXT('2D SPACE',''
  ) );
#872 = PCURVE('',#873,#878);
#873 = CYLINDRICAL_SURFACE('',#874,1.2);
#874 = AXIS2_PLACEMENT_3D('',#875,#876,#877);
#875 = CARTESIAN_POINT('',(21.15,67.,-19.6));
#876 = DIRECTION('',(1.239088197126E-16,-1.,0.));
#877 = DIRECTION('',(0.707106781187,8.761676666762E-17,-0.707106781187)
  );
#878 = DEFINITIONAL_REPRESENTATION('',(#879),#883);
#879 = LINE('',#880,#881);
#880 = CARTESIAN_POINT('',(7.068583470577,0.));
#881 = VECTOR('',#882,1.);
#882 = DIRECTION('',(0.,1.));
#883 = ( GEOMETRIC_REPRESENTATION_CONTEXT(2) 
PARAMETRIC_REPRESENTATION_CONTEXT() REPRESENTATION_CONTEXT('2D SPACE',''
  ) );
#884 = ORIENTED_EDGE('',*,*,#885,.T.);
#885 = EDGE_CURVE('',#856,#886,#888,.T.);
#886 = VERTEX_POINT('',#887);
#887 = CARTESIAN_POINT('',(22.35,40.6,-18.218));
#888 = SURFACE_CURVE('',#889,(#893,#900),.PCURVE_S1.);
#889 = LINE('',#890,#891);
#890 = CARTESIAN_POINT('',(22.35,33.055411221555,-8.739253007445));
#891 = VECTOR('',#892,1.);
#892 = DIRECTION('',(7.716545083006E-17,-0.622759953723,0.782412960041)
  );
#893 = PCURVE('',#301,#894);
#894 = DEFINITIONAL_REPRESENTATION('',(#895),#899);
#895 = LINE('',#896,#897);
#896 = CARTESIAN_POINT('',(-48.73925300744,-38.94458877844));
#897 = VECTOR('',#898,1.);
#898 = DIRECTION('',(0.782412960041,-0.622759953723));
#899 = ( GEOMETRIC_REPRESENTATION_CONTEXT(2) 
PARAMETRIC_REPRESENTATION_CONTEXT() REPRESENTATION_CONTEXT('2D SPACE',''
  ) );
#900 = PCURVE('',#901,#906);
#901 = PLANE('',#902);
#902 = AXIS2_PLACEMENT_3D('',#903,#904,#905);
#903 = CARTESIAN_POINT('',(22.35,41.7,-19.6));
#904 = DIRECTION('',(0.,-0.782412960041,-0.622759953723));
#905 = DIRECTION('',(0.,-0.622759953723,0.782412960041));
#906 = DEFINITIONAL_REPRESENTATION('',(#907),#911);
#907 = LINE('',#908,#909);
#908 = CARTESIAN_POINT('',(13.881092910312,0.));
#909 = VECTOR('',#910,1.);
#910 = DIRECTION('',(1.,-7.716545083006E-17));
#911 = ( GEOMETRIC_REPRESENTATION_CONTEXT(2) 
PARAMETRIC_REPRESENTATION_CONTEXT() REPRESENTATION_CONTEXT('2D SPACE',''
  ) );
#912 = ORIENTED_EDGE('',*,*,#913,.T.);
#913 = EDGE_CURVE('',#886,#914,#916,.T.);
#914 = VERTEX_POINT('',#915);
#915 = CARTESIAN_POINT('',(22.35,40.6,-17.018));
#916 = SURFACE_CURVE('',#917,(#921,#928),.PCURVE_S1.);
#917 = LINE('',#918,#919);
#918 = CARTESIAN_POINT('',(22.35,40.6,10.891));
#919 = VECTOR('',#920,1.);
#920 = DIRECTION('',(0.,0.,1.));
#921 = PCURVE('',#301,#922);
#922 = DEFINITIONAL_REPRESENTATION('',(#923),#927);
#923 = LINE('',#924,#925);
#924 = CARTESIAN_POINT('',(-29.109,-31.4));
#925 = VECTOR('',#926,1.);
#926 = DIRECTION('',(1.,0.));
#927 = ( GEOMETRIC_REPRESENTATION_CONTEXT(2) 
PARAMETRIC_REPRESENTATION_CONTEXT() REPRESENTATION_CONTEXT('2D SPACE',''
  ) );
#928 = PCURVE('',#929,#934);
#929 = PLANE('',#930);
#930 = AXIS2_PLACEMENT_3D('',#931,#932,#933);
#931 = CARTESIAN_POINT('',(22.35,40.6,-18.218));
#932 = DIRECTION('',(0.,-1.,0.));
#933 = DIRECTION('',(0.,0.,1.));
#934 = DEFINITIONAL_REPRESENTATION('',(#935),#939);
#935 = LINE('',#936,#937);
#936 = CARTESIAN_POINT('',(29.109,0.));
#937 = VECTOR('',#938,1.);
#938 = DIRECTION('',(1.,0.));
#939 = ( GEOMETRIC_REPRESENTATION_CONTEXT(2) 
PARAMETRIC_REPRESENTATION_CONTEXT() REPRESENTATION_CONTEXT('2D SPACE',''
  ) );
#940 = ORIENTED_EDGE('',*,*,#941,.T.);
#941 = EDGE_CURVE('',#914,#942,#944,.T.);
#942 = VERTEX_POINT('',#943);
#943 = CARTESIAN_POINT('',(22.35,58.9,-17.018));
#944 = SURFACE_CURVE('',#945,(#949,#956),.PCURVE_S1.);
#945 = LINE('',#946,#947);
#946 = CARTESIAN_POINT('',(22.35,56.3,-17.018));
#947 = VECTOR('',#948,1.);
#948 = DIRECTION('',(-1.239088197126E-16,1.,-2.30538114403E-15));
#949 = PCURVE('',#301,#950);
#950 = DEFINITIONAL_REPRESENTATION('',(#951),#955);
#951 = LINE('',#952,#953);
#952 = CARTESIAN_POINT('',(-57.018,-15.7));
#953 = VECTOR('',#954,1.);
#954 = DIRECTION('',(-2.30538114403E-15,1.));
#955 = ( GEOMETRIC_REPRESENTATION_CONTEXT(2) 
PARAMETRIC_REPRESENTATION_CONTEXT() REPRESENTATION_CONTEXT('2D SPACE',''
  ) );
#956 = PCURVE('',#957,#962);
#957 = PLANE('',#958);
#958 = AXIS2_PLACEMENT_3D('',#959,#960,#961);
#959 = CARTESIAN_POINT('',(22.35,40.6,-17.018));
#960 = DIRECTION('',(0.,2.30538114403E-15,1.));
#961 = DIRECTION('',(0.,1.,-2.30538114403E-15));
#962 = DEFINITIONAL_REPRESENTATION('',(#963),#967);
#963 = LINE('',#964,#965);
#964 = CARTESIAN_POINT('',(15.7,0.));
#965 = VECTOR('',#966,1.);
#966 = DIRECTION('',(1.,1.239088197126E-16));
#967 = ( GEOMETRIC_REPRESENTATION_CONTEXT(2) 
PARAMETRIC_REPRESENTATION_CONTEXT() REPRESENTATION_CONTEXT('2D SPACE',''
  ) );
#968 = ORIENTED_EDGE('',*,*,#969,.T.);
#969 = EDGE_CURVE('',#942,#970,#972,.T.);
#970 = VERTEX_POINT('',#971);
#971 = CARTESIAN_POINT('',(22.35,58.9,-18.218));
#972 = SURFACE_CURVE('',#973,(#977,#984),.PCURVE_S1.);
#973 = LINE('',#974,#975);
#974 = CARTESIAN_POINT('',(22.35,58.9,11.491));
#975 = VECTOR('',#976,1.);
#976 = DIRECTION('',(0.,0.,-1.));
#977 = PCURVE('',#301,#978);
#978 = DEFINITIONAL_REPRESENTATION('',(#979),#983);
#979 = LINE('',#980,#981);
#980 = CARTESIAN_POINT('',(-28.509,-13.1));
#981 = VECTOR('',#982,1.);
#982 = DIRECTION('',(-1.,0.));
#983 = ( GEOMETRIC_REPRESENTATION_CONTEXT(2) 
PARAMETRIC_REPRESENTATION_CONTEXT() REPRESENTATION_CONTEXT('2D SPACE',''
  ) );
#984 = PCURVE('',#985,#990);
#985 = PLANE('',#986);
#986 = AXIS2_PLACEMENT_3D('',#987,#988,#989);
#987 = CARTESIAN_POINT('',(22.35,58.9,-17.018));
#988 = DIRECTION('',(0.,1.,0.));
#989 = DIRECTION('',(0.,0.,-1.));
#990 = DEFINITIONAL_REPRESENTATION('',(#991),#995);
#991 = LINE('',#992,#993);
#992 = CARTESIAN_POINT('',(-28.509,0.));
#993 = VECTOR('',#994,1.);
#994 = DIRECTION('',(1.,0.));
#995 = ( GEOMETRIC_REPRESENTATION_CONTEXT(2) 
PARAMETRIC_REPRESENTATION_CONTEXT() REPRESENTATION_CONTEXT('2D SPACE',''
  ) );
#996 = ORIENTED_EDGE('',*,*,#997,.T.);
#997 = EDGE_CURVE('',#970,#470,#998,.T.);
#998 = SURFACE_CURVE('',#999,(#1003,#1010),.PCURVE_S1.);
#999 = LINE('',#1000,#1001);
#1000 = CARTESIAN_POINT('',(22.35,75.623805387567,2.793180950561));
#1001 = VECTOR('',#1002,1.);
#1002 = DIRECTION('',(7.716545083006E-17,-0.622759953723,-0.782412960041
    ));
#1003 = PCURVE('',#301,#1004);
#1004 = DEFINITIONAL_REPRESENTATION('',(#1005),#1009);
#1005 = LINE('',#1006,#1007);
#1006 = CARTESIAN_POINT('',(-37.20681904943,3.623805387567));
#1007 = VECTOR('',#1008,1.);
#1008 = DIRECTION('',(-0.782412960041,-0.622759953723));
#1009 = ( GEOMETRIC_REPRESENTATION_CONTEXT(2) 
PARAMETRIC_REPRESENTATION_CONTEXT() REPRESENTATION_CONTEXT('2D SPACE',''
  ) );
#1010 = PCURVE('',#1011,#1016);
#1011 = PLANE('',#1012);
#1012 = AXIS2_PLACEMENT_3D('',#1013,#1014,#1015);
#1013 = CARTESIAN_POINT('',(22.35,58.9,-18.218));
#1014 = DIRECTION('',(0.,0.782412960041,-0.622759953723));
#1015 = DIRECTION('',(0.,-0.622759953723,-0.782412960041));
#1016 = DEFINITIONAL_REPRESENTATION('',(#1017),#1021);
#1017 = LINE('',#1018,#1019);
#1018 = CARTESIAN_POINT('',(-26.8543365507,0.));
#1019 = VECTOR('',#1020,1.);
#1020 = DIRECTION('',(1.,-7.716545083006E-17));
#1021 = ( GEOMETRIC_REPRESENTATION_CONTEXT(2) 
PARAMETRIC_REPRESENTATION_CONTEXT() REPRESENTATION_CONTEXT('2D SPACE',''
  ) );
#1022 = ORIENTED_EDGE('',*,*,#469,.F.);
#1023 = ORIENTED_EDGE('',*,*,#287,.F.);
#1024 = ORIENTED_EDGE('',*,*,#1025,.F.);
#1025 = EDGE_CURVE('',#1026,#259,#1028,.T.);
#1026 = VERTEX_POINT('',#1027);
#1027 = CARTESIAN_POINT('',(22.35,60.1,6.689184796199));
#1028 = SURFACE_CURVE('',#1029,(#1033,#1040),.PCURVE_S1.);
#1029 = LINE('',#1030,#1031);
#1030 = CARTESIAN_POINT('',(22.35,60.1,6.689184796199));
#1031 = VECTOR('',#1032,1.);
#1032 = DIRECTION('',(0.,1.,0.));
#1033 = PCURVE('',#301,#1034);
#1034 = DEFINITIONAL_REPRESENTATION('',(#1035),#1039);
#1035 = LINE('',#1036,#1037);
#1036 = CARTESIAN_POINT('',(-33.3108152038,-11.9));
#1037 = VECTOR('',#1038,1.);
#1038 = DIRECTION('',(0.,1.));
#1039 = ( GEOMETRIC_REPRESENTATION_CONTEXT(2) 
PARAMETRIC_REPRESENTATION_CONTEXT() REPRESENTATION_CONTEXT('2D SPACE',''
  ) );
#1040 = PCURVE('',#840,#1041);
#1041 = DEFINITIONAL_REPRESENTATION('',(#1042),#1046);
#1042 = LINE('',#1043,#1044);
#1043 = CARTESIAN_POINT('',(1.570796326795,11.9));
#1044 = VECTOR('',#1045,1.);
#1045 = DIRECTION('',(-2.114710523096E-16,-1.));
#1046 = ( GEOMETRIC_REPRESENTATION_CONTEXT(2) 
PARAMETRIC_REPRESENTATION_CONTEXT() REPRESENTATION_CONTEXT('2D SPACE',''
  ) );
#1047 = ORIENTED_EDGE('',*,*,#1048,.T.);
#1048 = EDGE_CURVE('',#1026,#1049,#1051,.T.);
#1049 = VERTEX_POINT('',#1050);
#1050 = CARTESIAN_POINT('',(22.35,59.074143433894,7.004483580072));
#1051 = SURFACE_CURVE('',#1052,(#1057,#1064),.PCURVE_S1.);
#1052 = ELLIPSE('',#1053,5.230340386863,3.);
#1053 = AXIS2_PLACEMENT_3D('',#1054,#1055,#1056);
#1054 = CARTESIAN_POINT('',(22.35,60.1,11.919525183062));
#1055 = DIRECTION('',(-1.,-1.239088197126E-16,0.));
#1056 = DIRECTION('',(-1.075056333804E-32,8.676188961345E-17,1.));
#1057 = PCURVE('',#301,#1058);
#1058 = DEFINITIONAL_REPRESENTATION('',(#1059),#1063);
#1059 = ELLIPSE('',#1060,5.230340386863,3.);
#1060 = AXIS2_PLACEMENT_2D('',#1061,#1062);
#1061 = CARTESIAN_POINT('',(-28.08047481693,-11.9));
#1062 = DIRECTION('',(1.,8.676188961345E-17));
#1063 = ( GEOMETRIC_REPRESENTATION_CONTEXT(2) 
PARAMETRIC_REPRESENTATION_CONTEXT() REPRESENTATION_CONTEXT('2D SPACE',''
  ) );
#1064 = PCURVE('',#1065,#1078);
#1065 = ( BOUNDED_SURFACE() B_SPLINE_SURFACE(3,2,(
    (#1066,#1067,#1068)
    ,(#1069,#1070,#1071)
    ,(#1072,#1073,#1074)
    ,(#1075,#1076,#1077
)),.UNSPECIFIED.,.F.,.F.,.F.) B_SPLINE_SURFACE_WITH_KNOTS((4,4),(3,3),(
    3.141470287888,3.49268016026),(-1.223657018513E-04,1.),
.PIECEWISE_BEZIER_KNOTS.) GEOMETRIC_REPRESENTATION_ITEM() 
RATIONAL_B_SPLINE_SURFACE((
    (1.000011328302,0.953711285677,1.)
    ,(1.000011327547,0.953714372386,1.)
    ,(1.000012410878,0.949287759785,1.)
,(1.000014556621,0.940520010414,1.
  ))) REPRESENTATION_ITEM('') SURFACE() );
#1066 = CARTESIAN_POINT('',(22.169109825389,60.100244718573,
    7.262821549034));
#1067 = CARTESIAN_POINT('',(22.35,60.100299823371,7.004524078199));
#1068 = CARTESIAN_POINT('',(22.35,60.100367097151,6.689184835754));
#1069 = CARTESIAN_POINT('',(22.169121681835,59.866117059195,
    7.26275416354));
#1070 = CARTESIAN_POINT('',(22.349999999999,59.813453031113,
    7.004449866006));
#1071 = CARTESIAN_POINT('',(22.35,59.749157152695,6.68910914834));
#1072 = CARTESIAN_POINT('',(22.152118389685,59.632043896879,
    7.359391475512));
#1073 = CARTESIAN_POINT('',(22.35,59.524241476674,7.111374945305));
#1074 = CARTESIAN_POINT('',(22.35,59.398028282187,6.797652334768));
#1075 = CARTESIAN_POINT('',(22.119130027424,59.412196058521,
    7.546881204475));
#1076 = CARTESIAN_POINT('',(22.35,59.262662087993,7.312706479524));
#1077 = CARTESIAN_POINT('',(22.35,59.068242464267,7.008239462762));
#1078 = DEFINITIONAL_REPRESENTATION('',(#1079),#1082);
#1079 = B_SPLINE_CURVE_WITH_KNOTS('',1,(#1080,#1081),.UNSPECIFIED.,.F.,
  .F.,(2,2),(3.14159265359,3.490586191163),.PIECEWISE_BEZIER_KNOTS.);
#1080 = CARTESIAN_POINT('',(3.14159265359,1.));
#1081 = CARTESIAN_POINT('',(3.490586176521,1.000000152262));
#1082 = ( GEOMETRIC_REPRESENTATION_CONTEXT(2) 
PARAMETRIC_REPRESENTATION_CONTEXT() REPRESENTATION_CONTEXT('2D SPACE',''
  ) );
#1083 = ORIENTED_EDGE('',*,*,#1084,.F.);
#1084 = EDGE_CURVE('',#1085,#1049,#1087,.T.);
#1085 = VERTEX_POINT('',#1086);
#1086 = CARTESIAN_POINT('',(22.35,39.1,7.004483585078));
#1087 = SURFACE_CURVE('',#1088,(#1092,#1099),.PCURVE_S1.);
#1088 = LINE('',#1089,#1090);
#1089 = CARTESIAN_POINT('',(22.35,39.1,7.004483585078));
#1090 = VECTOR('',#1091,1.);
#1091 = DIRECTION('',(-2.223320423912E-16,1.,1.667490317934E-16));
#1092 = PCURVE('',#301,#1093);
#1093 = DEFINITIONAL_REPRESENTATION('',(#1094),#1098);
#1094 = LINE('',#1095,#1096);
#1095 = CARTESIAN_POINT('',(-32.99551641492,-32.9));
#1096 = VECTOR('',#1097,1.);
#1097 = DIRECTION('',(1.667490317934E-16,1.));
#1098 = ( GEOMETRIC_REPRESENTATION_CONTEXT(2) 
PARAMETRIC_REPRESENTATION_CONTEXT() REPRESENTATION_CONTEXT('2D SPACE',''
  ) );
#1099 = PCURVE('',#1100,#1105);
#1100 = PLANE('',#1101);
#1101 = AXIS2_PLACEMENT_3D('',#1102,#1103,#1104);
#1102 = CARTESIAN_POINT('',(16.086418392983,58.1,55.046416107921));
#1103 = DIRECTION('',(0.991607709035,0.,0.129283221584));
#1104 = DIRECTION('',(0.129283221584,0.,-0.991607709035));
#1105 = DEFINITIONAL_REPRESENTATION('',(#1106),#1110);
#1106 = LINE('',#1107,#1108);
#1107 = CARTESIAN_POINT('',(48.448526655381,-19.));
#1108 = VECTOR('',#1109,1.);
#1109 = DIRECTION('',(-1.940934281021E-16,1.));
#1110 = ( GEOMETRIC_REPRESENTATION_CONTEXT(2) 
PARAMETRIC_REPRESENTATION_CONTEXT() REPRESENTATION_CONTEXT('2D SPACE',''
  ) );
#1111 = ORIENTED_EDGE('',*,*,#1112,.F.);
#1112 = EDGE_CURVE('',#858,#1085,#1113,.T.);
#1113 = SURFACE_CURVE('',#1114,(#1118,#1125),.PCURVE_S1.);
#1114 = LINE('',#1115,#1116);
#1115 = CARTESIAN_POINT('',(22.35,39.1,-17.9));
#1116 = VECTOR('',#1117,1.);
#1117 = DIRECTION('',(0.,0.,1.));
#1118 = PCURVE('',#301,#1119);
#1119 = DEFINITIONAL_REPRESENTATION('',(#1120),#1124);
#1120 = LINE('',#1121,#1122);
#1121 = CARTESIAN_POINT('',(-57.9,-32.9));
#1122 = VECTOR('',#1123,1.);
#1123 = DIRECTION('',(1.,0.));
#1124 = ( GEOMETRIC_REPRESENTATION_CONTEXT(2) 
PARAMETRIC_REPRESENTATION_CONTEXT() REPRESENTATION_CONTEXT('2D SPACE',''
  ) );
#1125 = PCURVE('',#1126,#1131);
#1126 = CYLINDRICAL_SURFACE('',#1127,1.);
#1127 = AXIS2_PLACEMENT_3D('',#1128,#1129,#1130);
#1128 = CARTESIAN_POINT('',(21.35,39.1,0.));
#1129 = DIRECTION('',(0.,0.,-1.));
#1130 = DIRECTION('',(-1.,0.,0.));
#1131 = DEFINITIONAL_REPRESENTATION('',(#1132),#1136);
#1132 = LINE('',#1133,#1134);
#1133 = CARTESIAN_POINT('',(3.14159265359,17.9));
#1134 = VECTOR('',#1135,1.);
#1135 = DIRECTION('',(0.,-1.));
#1136 = ( GEOMETRIC_REPRESENTATION_CONTEXT(2) 
PARAMETRIC_REPRESENTATION_CONTEXT() REPRESENTATION_CONTEXT('2D SPACE',''
  ) );
#1137 = FACE_BOUND('',#1138,.T.);
#1138 = EDGE_LOOP('',(#1139,#1169,#1202));
#1139 = ORIENTED_EDGE('',*,*,#1140,.F.);
#1140 = EDGE_CURVE('',#1141,#1143,#1145,.T.);
#1141 = VERTEX_POINT('',#1142);
#1142 = CARTESIAN_POINT('',(22.35,49.359394012924,-5.7838090308));
#1143 = VERTEX_POINT('',#1144);
#1144 = CARTESIAN_POINT('',(22.35,50.672665874818,-4.497758207461));
#1145 = SURFACE_CURVE('',#1146,(#1150,#1157),.PCURVE_S1.);
#1146 = LINE('',#1147,#1148);
#1147 = CARTESIAN_POINT('',(22.35,49.359394012924,-5.7838090308));
#1148 = VECTOR('',#1149,1.);
#1149 = DIRECTION('',(0.,0.714472679633,0.699663340513));
#1150 = PCURVE('',#301,#1151);
#1151 = DEFINITIONAL_REPRESENTATION('',(#1152),#1156);
#1152 = LINE('',#1153,#1154);
#1153 = CARTESIAN_POINT('',(-45.7838090308,-22.64060598707));
#1154 = VECTOR('',#1155,1.);
#1155 = DIRECTION('',(0.699663340513,0.714472679633));
#1156 = ( GEOMETRIC_REPRESENTATION_CONTEXT(2) 
PARAMETRIC_REPRESENTATION_CONTEXT() REPRESENTATION_CONTEXT('2D SPACE',''
  ) );
#1157 = PCURVE('',#1158,#1163);
#1158 = PLANE('',#1159);
#1159 = AXIS2_PLACEMENT_3D('',#1160,#1161,#1162);
#1160 = CARTESIAN_POINT('',(20.35,49.359394012924,-5.7838090308));
#1161 = DIRECTION('',(-8.669445871921E-17,0.699663340513,-0.714472679633
    ));
#1162 = DIRECTION('',(-1.,3.201513059883E-32,1.213404811556E-16));
#1163 = DEFINITIONAL_REPRESENTATION('',(#1164),#1168);
#1164 = LINE('',#1165,#1166);
#1165 = CARTESIAN_POINT('',(-2.,1.697949727697E-16));
#1166 = VECTOR('',#1167,1.);
#1167 = DIRECTION('',(8.489748638486E-17,1.));
#1168 = ( GEOMETRIC_REPRESENTATION_CONTEXT(2) 
PARAMETRIC_REPRESENTATION_CONTEXT() REPRESENTATION_CONTEXT('2D SPACE',''
  ) );
#1169 = ORIENTED_EDGE('',*,*,#1170,.F.);
#1170 = EDGE_CURVE('',#1171,#1141,#1173,.T.);
#1171 = VERTEX_POINT('',#1172);
#1172 = CARTESIAN_POINT('',(22.35,49.359394012924,-3.211707384122));
#1173 = SURFACE_CURVE('',#1174,(#1179,#1190),.PCURVE_S1.);
#1174 = CIRCLE('',#1175,1.8);
#1175 = AXIS2_PLACEMENT_3D('',#1176,#1177,#1178);
#1176 = CARTESIAN_POINT('',(22.35,48.1,-4.497758207461));
#1177 = DIRECTION('',(1.,1.239088197126E-16,0.));
#1178 = DIRECTION('',(-1.239088197126E-16,1.,0.));
#1179 = PCURVE('',#301,#1180);
#1180 = DEFINITIONAL_REPRESENTATION('',(#1181),#1189);
#1181 = ( BOUNDED_CURVE() B_SPLINE_CURVE(2,(#1182,#1183,#1184,#1185,
#1186,#1187,#1188),.UNSPECIFIED.,.T.,.F.) B_SPLINE_CURVE_WITH_KNOTS((1,2
    ,2,2,2,1),(-2.094395102393,0.,2.094395102393,4.188790204786,
6.28318530718,8.377580409573),.UNSPECIFIED.) CURVE() 
GEOMETRIC_REPRESENTATION_ITEM() RATIONAL_B_SPLINE_CURVE((1.,0.5,1.,0.5,
1.,0.5,1.)) REPRESENTATION_ITEM('') );
#1182 = CARTESIAN_POINT('',(-44.49775820746,-22.1));
#1183 = CARTESIAN_POINT('',(-41.38006675383,-22.1));
#1184 = CARTESIAN_POINT('',(-42.93891248064,-24.8));
#1185 = CARTESIAN_POINT('',(-44.49775820746,-27.5));
#1186 = CARTESIAN_POINT('',(-46.05660393427,-24.8));
#1187 = CARTESIAN_POINT('',(-47.61544966108,-22.1));
#1188 = CARTESIAN_POINT('',(-44.49775820746,-22.1));
#1189 = ( GEOMETRIC_REPRESENTATION_CONTEXT(2) 
PARAMETRIC_REPRESENTATION_CONTEXT() REPRESENTATION_CONTEXT('2D SPACE',''
  ) );
#1190 = PCURVE('',#1191,#1196);
#1191 = CYLINDRICAL_SURFACE('',#1192,1.8);
#1192 = AXIS2_PLACEMENT_3D('',#1193,#1194,#1195);
#1193 = CARTESIAN_POINT('',(20.35,48.1,-4.497758207461));
#1194 = DIRECTION('',(1.,1.239088197126E-16,0.));
#1195 = DIRECTION('',(1.239088197126E-16,-1.,5.665538897648E-16));
#1196 = DEFINITIONAL_REPRESENTATION('',(#1197),#1201);
#1197 = LINE('',#1198,#1199);
#1198 = CARTESIAN_POINT('',(-3.14159265359,2.));
#1199 = VECTOR('',#1200,1.);
#1200 = DIRECTION('',(1.,0.));
#1201 = ( GEOMETRIC_REPRESENTATION_CONTEXT(2) 
PARAMETRIC_REPRESENTATION_CONTEXT() REPRESENTATION_CONTEXT('2D SPACE',''
  ) );
#1202 = ORIENTED_EDGE('',*,*,#1203,.F.);
#1203 = EDGE_CURVE('',#1143,#1171,#1204,.T.);
#1204 = SURFACE_CURVE('',#1205,(#1209,#1216),.PCURVE_S1.);
#1205 = LINE('',#1206,#1207);
#1206 = CARTESIAN_POINT('',(22.35,50.672665874818,-4.497758207461));
#1207 = VECTOR('',#1208,1.);
#1208 = DIRECTION('',(0.,-0.714472679633,0.699663340513));
#1209 = PCURVE('',#301,#1210);
#1210 = DEFINITIONAL_REPRESENTATION('',(#1211),#1215);
#1211 = LINE('',#1212,#1213);
#1212 = CARTESIAN_POINT('',(-44.49775820746,-21.32733412518));
#1213 = VECTOR('',#1214,1.);
#1214 = DIRECTION('',(0.699663340513,-0.714472679633));
#1215 = ( GEOMETRIC_REPRESENTATION_CONTEXT(2) 
PARAMETRIC_REPRESENTATION_CONTEXT() REPRESENTATION_CONTEXT('2D SPACE',''
  ) );
#1216 = PCURVE('',#1217,#1222);
#1217 = PLANE('',#1218);
#1218 = AXIS2_PLACEMENT_3D('',#1219,#1220,#1221);
#1219 = CARTESIAN_POINT('',(20.35,50.672665874818,-4.497758207461));
#1220 = DIRECTION('',(-8.669445871921E-17,0.699663340513,0.714472679633)
  );
#1221 = DIRECTION('',(1.,-1.147773961635E-31,1.213404811556E-16));
#1222 = DEFINITIONAL_REPRESENTATION('',(#1223),#1227);
#1223 = LINE('',#1224,#1225);
#1224 = CARTESIAN_POINT('',(2.,1.697949727697E-16));
#1225 = VECTOR('',#1226,1.);
#1226 = DIRECTION('',(8.489748638486E-17,-1.));
#1227 = ( GEOMETRIC_REPRESENTATION_CONTEXT(2) 
PARAMETRIC_REPRESENTATION_CONTEXT() REPRESENTATION_CONTEXT('2D SPACE',''
  ) );
#1228 = ADVANCED_FACE('',(#1229),#333,.T.);
#1229 = FACE_BOUND('',#1230,.T.);
#1230 = EDGE_LOOP('',(#1231,#1256,#1284,#1310,#1311,#1312,#1335,#1363));
#1231 = ORIENTED_EDGE('',*,*,#1232,.F.);
#1232 = EDGE_CURVE('',#1233,#1235,#1237,.T.);
#1233 = VERTEX_POINT('',#1234);
#1234 = CARTESIAN_POINT('',(21.15,39.3,-20.8));
#1235 = VERTEX_POINT('',#1236);
#1236 = CARTESIAN_POINT('',(21.15,41.7,-20.8));
#1237 = SURFACE_CURVE('',#1238,(#1242,#1249),.PCURVE_S1.);
#1238 = LINE('',#1239,#1240);
#1239 = CARTESIAN_POINT('',(21.15,67.,-20.8));
#1240 = VECTOR('',#1241,1.);
#1241 = DIRECTION('',(-1.239088197126E-16,1.,0.));
#1242 = PCURVE('',#333,#1243);
#1243 = DEFINITIONAL_REPRESENTATION('',(#1244),#1248);
#1244 = LINE('',#1245,#1246);
#1245 = CARTESIAN_POINT('',(-8.8,5.));
#1246 = VECTOR('',#1247,1.);
#1247 = DIRECTION('',(1.239088197126E-16,1.));
#1248 = ( GEOMETRIC_REPRESENTATION_CONTEXT(2) 
PARAMETRIC_REPRESENTATION_CONTEXT() REPRESENTATION_CONTEXT('2D SPACE',''
  ) );
#1249 = PCURVE('',#873,#1250);
#1250 = DEFINITIONAL_REPRESENTATION('',(#1251),#1255);
#1251 = LINE('',#1252,#1253);
#1252 = CARTESIAN_POINT('',(5.497787143782,0.));
#1253 = VECTOR('',#1254,1.);
#1254 = DIRECTION('',(0.,-1.));
#1255 = ( GEOMETRIC_REPRESENTATION_CONTEXT(2) 
PARAMETRIC_REPRESENTATION_CONTEXT() REPRESENTATION_CONTEXT('2D SPACE',''
  ) );
#1256 = ORIENTED_EDGE('',*,*,#1257,.F.);
#1257 = EDGE_CURVE('',#1258,#1233,#1260,.T.);
#1258 = VERTEX_POINT('',#1259);
#1259 = CARTESIAN_POINT('',(-21.15,39.3,-20.8));
#1260 = SURFACE_CURVE('',#1261,(#1265,#1272),.PCURVE_S1.);
#1261 = LINE('',#1262,#1263);
#1262 = CARTESIAN_POINT('',(6.175,39.3,-20.8));
#1263 = VECTOR('',#1264,1.);
#1264 = DIRECTION('',(1.,0.,0.));
#1265 = PCURVE('',#333,#1266);
#1266 = DEFINITIONAL_REPRESENTATION('',(#1267),#1271);
#1267 = LINE('',#1268,#1269);
#1268 = CARTESIAN_POINT('',(6.175,-22.7));
#1269 = VECTOR('',#1270,1.);
#1270 = DIRECTION('',(-1.,0.));
#1271 = ( GEOMETRIC_REPRESENTATION_CONTEXT(2) 
PARAMETRIC_REPRESENTATION_CONTEXT() REPRESENTATION_CONTEXT('2D SPACE',''
  ) );
#1272 = PCURVE('',#1273,#1278);
#1273 = CYLINDRICAL_SURFACE('',#1274,1.2);
#1274 = AXIS2_PLACEMENT_3D('',#1275,#1276,#1277);
#1275 = CARTESIAN_POINT('',(6.175,39.3,-19.6));
#1276 = DIRECTION('',(1.,0.,0.));
#1277 = DIRECTION('',(0.,-0.707106781187,-0.707106781187));
#1278 = DEFINITIONAL_REPRESENTATION('',(#1279),#1283);
#1279 = LINE('',#1280,#1281);
#1280 = CARTESIAN_POINT('',(7.068583470577,0.));
#1281 = VECTOR('',#1282,1.);
#1282 = DIRECTION('',(0.,1.));
#1283 = ( GEOMETRIC_REPRESENTATION_CONTEXT(2) 
PARAMETRIC_REPRESENTATION_CONTEXT() REPRESENTATION_CONTEXT('2D SPACE',''
  ) );
#1284 = ORIENTED_EDGE('',*,*,#1285,.F.);
#1285 = EDGE_CURVE('',#318,#1258,#1286,.T.);
#1286 = SURFACE_CURVE('',#1287,(#1291,#1298),.PCURVE_S1.);
#1287 = LINE('',#1288,#1289);
#1288 = CARTESIAN_POINT('',(-21.15,67.,-20.8));
#1289 = VECTOR('',#1290,1.);
#1290 = DIRECTION('',(-1.239088197126E-16,-1.,0.));
#1291 = PCURVE('',#333,#1292);
#1292 = DEFINITIONAL_REPRESENTATION('',(#1293),#1297);
#1293 = LINE('',#1294,#1295);
#1294 = CARTESIAN_POINT('',(33.5,5.));
#1295 = VECTOR('',#1296,1.);
#1296 = DIRECTION('',(1.239088197126E-16,-1.));
#1297 = ( GEOMETRIC_REPRESENTATION_CONTEXT(2) 
PARAMETRIC_REPRESENTATION_CONTEXT() REPRESENTATION_CONTEXT('2D SPACE',''
  ) );
#1298 = PCURVE('',#1299,#1304);
#1299 = CYLINDRICAL_SURFACE('',#1300,1.2);
#1300 = AXIS2_PLACEMENT_3D('',#1301,#1302,#1303);
#1301 = CARTESIAN_POINT('',(-21.15,67.,-19.6));
#1302 = DIRECTION('',(-1.239088197126E-16,-1.,0.));
#1303 = DIRECTION('',(-0.707106781187,8.761676666762E-17,-0.707106781187
    ));
#1304 = DEFINITIONAL_REPRESENTATION('',(#1305),#1309);
#1305 = LINE('',#1306,#1307);
#1306 = CARTESIAN_POINT('',(0.785398163397,0.));
#1307 = VECTOR('',#1308,1.);
#1308 = DIRECTION('',(0.,1.));
#1309 = ( GEOMETRIC_REPRESENTATION_CONTEXT(2) 
PARAMETRIC_REPRESENTATION_CONTEXT() REPRESENTATION_CONTEXT('2D SPACE',''
  ) );
#1310 = ORIENTED_EDGE('',*,*,#317,.F.);
#1311 = ORIENTED_EDGE('',*,*,#521,.F.);
#1312 = ORIENTED_EDGE('',*,*,#1313,.T.);
#1313 = EDGE_CURVE('',#493,#1314,#1316,.T.);
#1314 = VERTEX_POINT('',#1315);
#1315 = CARTESIAN_POINT('',(-8.,57.8,-20.8));
#1316 = SURFACE_CURVE('',#1317,(#1321,#1328),.PCURVE_S1.);
#1317 = LINE('',#1318,#1319);
#1318 = CARTESIAN_POINT('',(17.35,57.8,-20.8));
#1319 = VECTOR('',#1320,1.);
#1320 = DIRECTION('',(-1.,0.,0.));
#1321 = PCURVE('',#333,#1322);
#1322 = DEFINITIONAL_REPRESENTATION('',(#1323),#1327);
#1323 = LINE('',#1324,#1325);
#1324 = CARTESIAN_POINT('',(-5.,-4.2));
#1325 = VECTOR('',#1326,1.);
#1326 = DIRECTION('',(1.,0.));
#1327 = ( GEOMETRIC_REPRESENTATION_CONTEXT(2) 
PARAMETRIC_REPRESENTATION_CONTEXT() REPRESENTATION_CONTEXT('2D SPACE',''
  ) );
#1328 = PCURVE('',#509,#1329);
#1329 = DEFINITIONAL_REPRESENTATION('',(#1330),#1334);
#1330 = LINE('',#1331,#1332);
#1331 = CARTESIAN_POINT('',(1.2,5.));
#1332 = VECTOR('',#1333,1.);
#1333 = DIRECTION('',(0.,1.));
#1334 = ( GEOMETRIC_REPRESENTATION_CONTEXT(2) 
PARAMETRIC_REPRESENTATION_CONTEXT() REPRESENTATION_CONTEXT('2D SPACE',''
  ) );
#1335 = ORIENTED_EDGE('',*,*,#1336,.T.);
#1336 = EDGE_CURVE('',#1314,#1337,#1339,.T.);
#1337 = VERTEX_POINT('',#1338);
#1338 = CARTESIAN_POINT('',(-8.,41.7,-20.8));
#1339 = SURFACE_CURVE('',#1340,(#1344,#1351),.PCURVE_S1.);
#1340 = LINE('',#1341,#1342);
#1341 = CARTESIAN_POINT('',(-8.,55.875,-20.8));
#1342 = VECTOR('',#1343,1.);
#1343 = DIRECTION('',(0.,-1.,0.));
#1344 = PCURVE('',#333,#1345);
#1345 = DEFINITIONAL_REPRESENTATION('',(#1346),#1350);
#1346 = LINE('',#1347,#1348);
#1347 = CARTESIAN_POINT('',(20.35,-6.125));
#1348 = VECTOR('',#1349,1.);
#1349 = DIRECTION('',(0.,-1.));
#1350 = ( GEOMETRIC_REPRESENTATION_CONTEXT(2) 
PARAMETRIC_REPRESENTATION_CONTEXT() REPRESENTATION_CONTEXT('2D SPACE',''
  ) );
#1351 = PCURVE('',#1352,#1357);
#1352 = PLANE('',#1353);
#1353 = AXIS2_PLACEMENT_3D('',#1354,#1355,#1356);
#1354 = CARTESIAN_POINT('',(-8.,49.75,-18.909));
#1355 = DIRECTION('',(-1.,0.,0.));
#1356 = DIRECTION('',(0.,0.,1.));
#1357 = DEFINITIONAL_REPRESENTATION('',(#1358),#1362);
#1358 = LINE('',#1359,#1360);
#1359 = CARTESIAN_POINT('',(-1.891,6.125));
#1360 = VECTOR('',#1361,1.);
#1361 = DIRECTION('',(0.,-1.));
#1362 = ( GEOMETRIC_REPRESENTATION_CONTEXT(2) 
PARAMETRIC_REPRESENTATION_CONTEXT() REPRESENTATION_CONTEXT('2D SPACE',''
  ) );
#1363 = ORIENTED_EDGE('',*,*,#1364,.T.);
#1364 = EDGE_CURVE('',#1337,#1235,#1365,.T.);
#1365 = SURFACE_CURVE('',#1366,(#1370,#1377),.PCURVE_S1.);
#1366 = LINE('',#1367,#1368);
#1367 = CARTESIAN_POINT('',(17.35,41.7,-20.8));
#1368 = VECTOR('',#1369,1.);
#1369 = DIRECTION('',(1.,0.,0.));
#1370 = PCURVE('',#333,#1371);
#1371 = DEFINITIONAL_REPRESENTATION('',(#1372),#1376);
#1372 = LINE('',#1373,#1374);
#1373 = CARTESIAN_POINT('',(-5.,-20.3));
#1374 = VECTOR('',#1375,1.);
#1375 = DIRECTION('',(-1.,0.));
#1376 = ( GEOMETRIC_REPRESENTATION_CONTEXT(2) 
PARAMETRIC_REPRESENTATION_CONTEXT() REPRESENTATION_CONTEXT('2D SPACE',''
  ) );
#1377 = PCURVE('',#1378,#1383);
#1378 = PLANE('',#1379);
#1379 = AXIS2_PLACEMENT_3D('',#1380,#1381,#1382);
#1380 = CARTESIAN_POINT('',(22.35,41.7,-20.8));
#1381 = DIRECTION('',(0.,-1.,0.));
#1382 = DIRECTION('',(0.,0.,1.));
#1383 = DEFINITIONAL_REPRESENTATION('',(#1384),#1388);
#1384 = LINE('',#1385,#1386);
#1385 = CARTESIAN_POINT('',(0.,5.));
#1386 = VECTOR('',#1387,1.);
#1387 = DIRECTION('',(0.,-1.));
#1388 = ( GEOMETRIC_REPRESENTATION_CONTEXT(2) 
PARAMETRIC_REPRESENTATION_CONTEXT() REPRESENTATION_CONTEXT('2D SPACE',''
  ) );
#1389 = ADVANCED_FACE('',(#1390),#384,.F.);
#1390 = FACE_BOUND('',#1391,.F.);
#1391 = EDGE_LOOP('',(#1392,#1415,#1481));
#1392 = ORIENTED_EDGE('',*,*,#1393,.F.);
#1393 = EDGE_CURVE('',#1394,#346,#1396,.T.);
#1394 = VERTEX_POINT('',#1395);
#1395 = CARTESIAN_POINT('',(-22.35,68.5,-19.6));
#1396 = SURFACE_CURVE('',#1397,(#1402,#1408),.PCURVE_S1.);
#1397 = CIRCLE('',#1398,1.);
#1398 = AXIS2_PLACEMENT_3D('',#1399,#1400,#1401);
#1399 = CARTESIAN_POINT('',(-21.35,68.5,-19.6));
#1400 = DIRECTION('',(0.,0.,-1.));
#1401 = DIRECTION('',(-1.,0.,0.));
#1402 = PCURVE('',#384,#1403);
#1403 = DEFINITIONAL_REPRESENTATION('',(#1404),#1407);
#1404 = B_SPLINE_CURVE_WITH_KNOTS('',1,(#1405,#1406),.UNSPECIFIED.,.F.,
  .F.,(2,2),(0.,1.570796326795),.PIECEWISE_BEZIER_KNOTS.);
#1405 = CARTESIAN_POINT('',(1.,7.434280905974E-17));
#1406 = CARTESIAN_POINT('',(0.,-4.427638322719E-15));
#1407 = ( GEOMETRIC_REPRESENTATION_CONTEXT(2) 
PARAMETRIC_REPRESENTATION_CONTEXT() REPRESENTATION_CONTEXT('2D SPACE',''
  ) );
#1408 = PCURVE('',#562,#1409);
#1409 = DEFINITIONAL_REPRESENTATION('',(#1410),#1414);
#1410 = LINE('',#1411,#1412);
#1411 = CARTESIAN_POINT('',(0.785398163397,-29.2));
#1412 = VECTOR('',#1413,1.);
#1413 = DIRECTION('',(-1.,0.));
#1414 = ( GEOMETRIC_REPRESENTATION_CONTEXT(2) 
PARAMETRIC_REPRESENTATION_CONTEXT() REPRESENTATION_CONTEXT('2D SPACE',''
  ) );
#1415 = ORIENTED_EDGE('',*,*,#1416,.F.);
#1416 = EDGE_CURVE('',#318,#1394,#1417,.T.);
#1417 = SURFACE_CURVE('',#1418,(#1423,#1452),.PCURVE_S1.);
#1418 = ELLIPSE('',#1419,1.21655250606,1.2);
#1419 = AXIS2_PLACEMENT_3D('',#1420,#1421,#1422);
#1420 = CARTESIAN_POINT('',(-21.15,68.3,-19.6));
#1421 = DIRECTION('',(0.164398987305,0.986393923832,0.));
#1422 = DIRECTION('',(-0.986393923832,0.164398987305,0.));
#1423 = PCURVE('',#384,#1424);
#1424 = DEFINITIONAL_REPRESENTATION('',(#1425),#1451);
#1425 = B_SPLINE_CURVE_WITH_KNOTS('',3,(#1426,#1427,#1428,#1429,#1430,
    #1431,#1432,#1433,#1434,#1435,#1436,#1437,#1438,#1439,#1440,#1441,
    #1442,#1443,#1444,#1445,#1446,#1447,#1448,#1449,#1450),
  .UNSPECIFIED.,.F.,.F.,(4,1,1,1,1,1,1,1,1,1,1,1,1,1,1,1,1,1,1,1,1,1,4),
  (4.712388980385,4.783788813421,4.855188646457,4.926588479493,
    4.997988312529,5.069388145565,5.140787978601,5.212187811638,
    5.283587644674,5.35498747771,5.426387310746,5.497787143782,
    5.569186976818,5.640586809854,5.711986642891,5.783386475927,
    5.854786308963,5.926186141999,5.997585975035,6.068985808071,
    6.140385641107,6.211785474143,6.28318530718),.QUASI_UNIFORM_KNOTS.);
#1426 = CARTESIAN_POINT('',(0.999938398599,1.570796326795));
#1427 = CARTESIAN_POINT('',(0.999974365739,1.546994270327));
#1428 = CARTESIAN_POINT('',(0.999961618131,1.499354017051));
#1429 = CARTESIAN_POINT('',(0.999803179528,1.427841517233));
#1430 = CARTESIAN_POINT('',(0.999659498892,1.356342848657));
#1431 = CARTESIAN_POINT('',(0.999546937972,1.284890187352));
#1432 = CARTESIAN_POINT('',(0.999491496493,1.213496581033));
#1433 = CARTESIAN_POINT('',(0.999494028915,1.142156322706));
#1434 = CARTESIAN_POINT('',(0.999545836604,1.070850311434));
#1435 = CARTESIAN_POINT('',(0.999630914227,0.999551324679));
#1436 = CARTESIAN_POINT('',(0.999731069165,0.928230840403));
#1437 = CARTESIAN_POINT('',(0.999829242062,0.856866705858));
#1438 = CARTESIAN_POINT('',(0.999911176191,0.785452912988));
#1439 = CARTESIAN_POINT('',(0.999967321931,0.71400574231));
#1440 = CARTESIAN_POINT('',(0.99998484624,0.642584563137));
#1441 = CARTESIAN_POINT('',(0.999969483816,0.57124755381));
#1442 = CARTESIAN_POINT('',(0.999946446551,0.499966012164));
#1443 = CARTESIAN_POINT('',(0.999929601931,0.428673044198));
#1444 = CARTESIAN_POINT('',(0.999926066093,0.357307511653));
#1445 = CARTESIAN_POINT('',(0.999934314212,0.285890903561));
#1446 = CARTESIAN_POINT('',(0.999951612678,0.214428672563));
#1447 = CARTESIAN_POINT('',(0.999973341047,0.142935947127));
#1448 = CARTESIAN_POINT('',(0.999993410928,7.143680709198E-02));
#1449 = CARTESIAN_POINT('',(0.999999848754,2.380204399374E-02));
#1450 = CARTESIAN_POINT('',(1.,-4.758442868131E-17));
#1451 = ( GEOMETRIC_REPRESENTATION_CONTEXT(2) 
PARAMETRIC_REPRESENTATION_CONTEXT() REPRESENTATION_CONTEXT('2D SPACE',''
  ) );
#1452 = PCURVE('',#1299,#1453);
#1453 = DEFINITIONAL_REPRESENTATION('',(#1454),#1480);
#1454 = B_SPLINE_CURVE_WITH_KNOTS('',3,(#1455,#1456,#1457,#1458,#1459,
    #1460,#1461,#1462,#1463,#1464,#1465,#1466,#1467,#1468,#1469,#1470,
    #1471,#1472,#1473,#1474,#1475,#1476,#1477,#1478,#1479),
  .UNSPECIFIED.,.F.,.F.,(4,1,1,1,1,1,1,1,1,1,1,1,1,1,1,1,1,1,1,1,1,1,4),
  (4.712388980385,4.783788813421,4.855188646457,4.926588479493,
    4.997988312529,5.069388145565,5.140787978601,5.212187811638,
    5.283587644674,5.35498747771,5.426387310746,5.497787143782,
    5.569186976818,5.640586809854,5.711986642891,5.783386475927,
    5.854786308963,5.926186141999,5.997585975035,6.068985808071,
    6.140385641107,6.211785474143,6.28318530718),.QUASI_UNIFORM_KNOTS.);
#1455 = CARTESIAN_POINT('',(0.785398163397,-1.3));
#1456 = CARTESIAN_POINT('',(0.761598219052,-1.304760025914));
#1457 = CARTESIAN_POINT('',(0.713998330361,-1.314279947033));
#1458 = CARTESIAN_POINT('',(0.642598497325,-1.328487166355));
#1459 = CARTESIAN_POINT('',(0.571198664289,-1.342549193477));
#1460 = CARTESIAN_POINT('',(0.499798831253,-1.3563944072));
#1461 = CARTESIAN_POINT('',(0.428398998217,-1.369952245931));
#1462 = CARTESIAN_POINT('',(0.356999165181,-1.383153624593));
#1463 = CARTESIAN_POINT('',(0.285599332145,-1.395931271299));
#1464 = CARTESIAN_POINT('',(0.214199499108,-1.408220074275));
#1465 = CARTESIAN_POINT('',(0.142799666072,-1.419957412548));
#1466 = CARTESIAN_POINT('',(7.139983303613E-02,-1.431083475347));
#1467 = CARTESIAN_POINT('',(1.789896059945E-16,-1.4415415668));
#1468 = CARTESIAN_POINT('',(-7.139983303613E-02,-1.451278394876));
#1469 = CARTESIAN_POINT('',(-0.142799666072,-1.46024434292));
#1470 = CARTESIAN_POINT('',(-0.214199499108,-1.468393722555));
#1471 = CARTESIAN_POINT('',(-0.285599332145,-1.47568500626));
#1472 = CARTESIAN_POINT('',(-0.356999165181,-1.482081039888));
#1473 = CARTESIAN_POINT('',(-0.428398998217,-1.487549228615));
#1474 = CARTESIAN_POINT('',(-0.499798831253,-1.49206171565));
#1475 = CARTESIAN_POINT('',(-0.571198664289,-1.495595477121));
#1476 = CARTESIAN_POINT('',(-0.642598497325,-1.498132615032));
#1477 = CARTESIAN_POINT('',(-0.713998330361,-1.49965979301));
#1478 = CARTESIAN_POINT('',(-0.761598219052,-1.500000431311));
#1479 = CARTESIAN_POINT('',(-0.785398163397,-1.5));
#1480 = ( GEOMETRIC_REPRESENTATION_CONTEXT(2) 
PARAMETRIC_REPRESENTATION_CONTEXT() REPRESENTATION_CONTEXT('2D SPACE',''
  ) );
#1481 = ORIENTED_EDGE('',*,*,#345,.F.);
#1482 = ADVANCED_FACE('',(#1483),#509,.F.);
#1483 = FACE_BOUND('',#1484,.T.);
#1484 = EDGE_LOOP('',(#1485,#1486,#1509,#1530));
#1485 = ORIENTED_EDGE('',*,*,#492,.F.);
#1486 = ORIENTED_EDGE('',*,*,#1487,.T.);
#1487 = EDGE_CURVE('',#470,#1488,#1490,.T.);
#1488 = VERTEX_POINT('',#1489);
#1489 = CARTESIAN_POINT('',(-8.,57.8,-19.6));
#1490 = SURFACE_CURVE('',#1491,(#1495,#1502),.PCURVE_S1.);
#1491 = LINE('',#1492,#1493);
#1492 = CARTESIAN_POINT('',(22.35,57.8,-19.6));
#1493 = VECTOR('',#1494,1.);
#1494 = DIRECTION('',(-1.,0.,0.));
#1495 = PCURVE('',#509,#1496);
#1496 = DEFINITIONAL_REPRESENTATION('',(#1497),#1501);
#1497 = LINE('',#1498,#1499);
#1498 = CARTESIAN_POINT('',(0.,0.));
#1499 = VECTOR('',#1500,1.);
#1500 = DIRECTION('',(0.,1.));
#1501 = ( GEOMETRIC_REPRESENTATION_CONTEXT(2) 
PARAMETRIC_REPRESENTATION_CONTEXT() REPRESENTATION_CONTEXT('2D SPACE',''
  ) );
#1502 = PCURVE('',#1011,#1503);
#1503 = DEFINITIONAL_REPRESENTATION('',(#1504),#1508);
#1504 = LINE('',#1505,#1506);
#1505 = CARTESIAN_POINT('',(1.766330659871,0.));
#1506 = VECTOR('',#1507,1.);
#1507 = DIRECTION('',(-0.,1.));
#1508 = ( GEOMETRIC_REPRESENTATION_CONTEXT(2) 
PARAMETRIC_REPRESENTATION_CONTEXT() REPRESENTATION_CONTEXT('2D SPACE',''
  ) );
#1509 = ORIENTED_EDGE('',*,*,#1510,.T.);
#1510 = EDGE_CURVE('',#1488,#1314,#1511,.T.);
#1511 = SURFACE_CURVE('',#1512,(#1516,#1523),.PCURVE_S1.);
#1512 = LINE('',#1513,#1514);
#1513 = CARTESIAN_POINT('',(-8.,57.8,-19.6));
#1514 = VECTOR('',#1515,1.);
#1515 = DIRECTION('',(0.,0.,-1.));
#1516 = PCURVE('',#509,#1517);
#1517 = DEFINITIONAL_REPRESENTATION('',(#1518),#1522);
#1518 = LINE('',#1519,#1520);
#1519 = CARTESIAN_POINT('',(0.,30.35));
#1520 = VECTOR('',#1521,1.);
#1521 = DIRECTION('',(1.,0.));
#1522 = ( GEOMETRIC_REPRESENTATION_CONTEXT(2) 
PARAMETRIC_REPRESENTATION_CONTEXT() REPRESENTATION_CONTEXT('2D SPACE',''
  ) );
#1523 = PCURVE('',#1352,#1524);
#1524 = DEFINITIONAL_REPRESENTATION('',(#1525),#1529);
#1525 = LINE('',#1526,#1527);
#1526 = CARTESIAN_POINT('',(-0.691,8.05));
#1527 = VECTOR('',#1528,1.);
#1528 = DIRECTION('',(-1.,0.));
#1529 = ( GEOMETRIC_REPRESENTATION_CONTEXT(2) 
PARAMETRIC_REPRESENTATION_CONTEXT() REPRESENTATION_CONTEXT('2D SPACE',''
  ) );
#1530 = ORIENTED_EDGE('',*,*,#1313,.F.);
#1531 = ADVANCED_FACE('',(#1532),#562,.T.);
#1532 = FACE_BOUND('',#1533,.T.);
#1533 = EDGE_LOOP('',(#1534,#1535,#1563,#1612));
#1534 = ORIENTED_EDGE('',*,*,#1393,.F.);
#1535 = ORIENTED_EDGE('',*,*,#1536,.F.);
#1536 = EDGE_CURVE('',#1537,#1394,#1539,.T.);
#1537 = VERTEX_POINT('',#1538);
#1538 = CARTESIAN_POINT('',(-22.35,68.5,6.689184796199));
#1539 = SURFACE_CURVE('',#1540,(#1544,#1551),.PCURVE_S1.);
#1540 = LINE('',#1541,#1542);
#1541 = CARTESIAN_POINT('',(-22.35,68.5,9.6));
#1542 = VECTOR('',#1543,1.);
#1543 = DIRECTION('',(0.,0.,-1.));
#1544 = PCURVE('',#562,#1545);
#1545 = DEFINITIONAL_REPRESENTATION('',(#1546),#1550);
#1546 = LINE('',#1547,#1548);
#1547 = CARTESIAN_POINT('',(0.785398163397,0.));
#1548 = VECTOR('',#1549,1.);
#1549 = DIRECTION('',(0.,-1.));
#1550 = ( GEOMETRIC_REPRESENTATION_CONTEXT(2) 
PARAMETRIC_REPRESENTATION_CONTEXT() REPRESENTATION_CONTEXT('2D SPACE',''
  ) );
#1551 = PCURVE('',#1552,#1557);
#1552 = PLANE('',#1553);
#1553 = AXIS2_PLACEMENT_3D('',#1554,#1555,#1556);
#1554 = CARTESIAN_POINT('',(-22.35,72.,40.));
#1555 = DIRECTION('',(-1.,1.239088197126E-16,0.));
#1556 = DIRECTION('',(0.,0.,1.));
#1557 = DEFINITIONAL_REPRESENTATION('',(#1558),#1562);
#1558 = LINE('',#1559,#1560);
#1559 = CARTESIAN_POINT('',(-30.4,-3.5));
#1560 = VECTOR('',#1561,1.);
#1561 = DIRECTION('',(-1.,0.));
#1562 = ( GEOMETRIC_REPRESENTATION_CONTEXT(2) 
PARAMETRIC_REPRESENTATION_CONTEXT() REPRESENTATION_CONTEXT('2D SPACE',''
  ) );
#1563 = ORIENTED_EDGE('',*,*,#1564,.F.);
#1564 = EDGE_CURVE('',#547,#1537,#1565,.T.);
#1565 = SURFACE_CURVE('',#1566,(#1571,#1578),.PCURVE_S1.);
#1566 = CIRCLE('',#1567,1.);
#1567 = AXIS2_PLACEMENT_3D('',#1568,#1569,#1570);
#1568 = CARTESIAN_POINT('',(-21.35,68.5,6.689184796199));
#1569 = DIRECTION('',(0.,-0.,1.));
#1570 = DIRECTION('',(0.,1.,0.));
#1571 = PCURVE('',#562,#1572);
#1572 = DEFINITIONAL_REPRESENTATION('',(#1573),#1577);
#1573 = LINE('',#1574,#1575);
#1574 = CARTESIAN_POINT('',(-0.785398163397,-2.910815203801));
#1575 = VECTOR('',#1576,1.);
#1576 = DIRECTION('',(1.,0.));
#1577 = ( GEOMETRIC_REPRESENTATION_CONTEXT(2) 
PARAMETRIC_REPRESENTATION_CONTEXT() REPRESENTATION_CONTEXT('2D SPACE',''
  ) );
#1578 = PCURVE('',#1579,#1584);
#1579 = SPHERICAL_SURFACE('',#1580,1.);
#1580 = AXIS2_PLACEMENT_3D('',#1581,#1582,#1583);
#1581 = CARTESIAN_POINT('',(-21.35,68.5,6.689184796199));
#1582 = DIRECTION('',(0.,0.,1.));
#1583 = DIRECTION('',(-1.,0.,0.));
#1584 = DEFINITIONAL_REPRESENTATION('',(#1585),#1611);
#1585 = B_SPLINE_CURVE_WITH_KNOTS('',3,(#1586,#1587,#1588,#1589,#1590,
    #1591,#1592,#1593,#1594,#1595,#1596,#1597,#1598,#1599,#1600,#1601,
    #1602,#1603,#1604,#1605,#1606,#1607,#1608,#1609,#1610),
  .UNSPECIFIED.,.F.,.F.,(4,1,1,1,1,1,1,1,1,1,1,1,1,1,1,1,1,1,1,1,1,1,4),
  (0.,7.139983303613E-02,0.142799666072,0.214199499108,0.285599332145,
    0.356999165181,0.428398998217,0.499798831253,0.571198664289,
    0.642598497325,0.713998330361,0.785398163397,0.856797996434,
    0.92819782947,0.999597662506,1.070997495542,1.142397328578,
    1.213797161614,1.28519699465,1.356596827687,1.427996660723,
    1.499396493759,1.570796326795),.QUASI_UNIFORM_KNOTS.);
#1586 = CARTESIAN_POINT('',(4.712388980385,0.));
#1587 = CARTESIAN_POINT('',(4.73618892473,0.));
#1588 = CARTESIAN_POINT('',(4.783788813421,-6.253171281508E-28));
#1589 = CARTESIAN_POINT('',(4.855188646457,2.188609948528E-27));
#1590 = CARTESIAN_POINT('',(4.926588479493,-8.12912266596E-27));
#1591 = CARTESIAN_POINT('',(4.997988312529,3.032788071531E-26));
#1592 = CARTESIAN_POINT('',(5.069388145565,-1.131824001953E-25));
#1593 = CARTESIAN_POINT('',(5.140787978601,4.224017200658E-25));
#1594 = CARTESIAN_POINT('',(5.212187811638,-1.576424480068E-24));
#1595 = CARTESIAN_POINT('',(5.283587644674,5.883296200207E-24));
#1596 = CARTESIAN_POINT('',(5.35498747771,-2.195676032076E-23));
#1597 = CARTESIAN_POINT('',(5.426387310746,8.194374508283E-23));
#1598 = CARTESIAN_POINT('',(5.497787143782,-3.058182200105E-22));
#1599 = CARTESIAN_POINT('',(5.569186976818,1.141329134959E-21));
#1600 = CARTESIAN_POINT('',(5.640586809854,-4.259498319827E-21));
#1601 = CARTESIAN_POINT('',(5.711986642891,1.589666414435E-20));
#1602 = CARTESIAN_POINT('',(5.783386475927,-5.932715825757E-20));
#1603 = CARTESIAN_POINT('',(5.854786308963,2.214119688859E-19));
#1604 = CARTESIAN_POINT('',(5.926186141999,-8.263207172861E-19));
#1605 = CARTESIAN_POINT('',(5.997585975035,3.083870900258E-18));
#1606 = CARTESIAN_POINT('',(6.068985808071,-1.150916288375E-17));
#1607 = CARTESIAN_POINT('',(6.140385641107,4.295278063473E-17));
#1608 = CARTESIAN_POINT('',(6.211785474143,-1.603019596552E-16));
#1609 = CARTESIAN_POINT('',(6.259385362834,3.454027187723E-16));
#1610 = CARTESIAN_POINT('',(6.28318530718,8.881784197001E-16));
#1611 = ( GEOMETRIC_REPRESENTATION_CONTEXT(2) 
PARAMETRIC_REPRESENTATION_CONTEXT() REPRESENTATION_CONTEXT('2D SPACE',''
  ) );
#1612 = ORIENTED_EDGE('',*,*,#546,.F.);
#1613 = ADVANCED_FACE('',(#1614),#590,.T.);
#1614 = FACE_BOUND('',#1615,.T.);
#1615 = EDGE_LOOP('',(#1616,#1662,#1690,#1739));
#1616 = ORIENTED_EDGE('',*,*,#1617,.F.);
#1617 = EDGE_CURVE('',#1618,#547,#1620,.T.);
#1618 = VERTEX_POINT('',#1619);
#1619 = CARTESIAN_POINT('',(-22.16915204428,68.5,7.26276123255));
#1620 = SURFACE_CURVE('',#1621,(#1626,#1633),.PCURVE_S1.);
#1621 = CIRCLE('',#1622,1.);
#1622 = AXIS2_PLACEMENT_3D('',#1623,#1624,#1625);
#1623 = CARTESIAN_POINT('',(-21.35,68.5,6.689184796199));
#1624 = DIRECTION('',(-0.573576436351,0.,-0.819152044289));
#1625 = DIRECTION('',(-0.819152044289,0.,0.573576436351));
#1626 = PCURVE('',#590,#1627);
#1627 = DEFINITIONAL_REPRESENTATION('',(#1628),#1632);
#1628 = LINE('',#1629,#1630);
#1629 = CARTESIAN_POINT('',(7.068583470577,-11.30616578657));
#1630 = VECTOR('',#1631,1.);
#1631 = DIRECTION('',(-1.,-4.52345554697E-15));
#1632 = ( GEOMETRIC_REPRESENTATION_CONTEXT(2) 
PARAMETRIC_REPRESENTATION_CONTEXT() REPRESENTATION_CONTEXT('2D SPACE',''
  ) );
#1633 = PCURVE('',#1579,#1634);
#1634 = DEFINITIONAL_REPRESENTATION('',(#1635),#1661);
#1635 = B_SPLINE_CURVE_WITH_KNOTS('',3,(#1636,#1637,#1638,#1639,#1640,
    #1641,#1642,#1643,#1644,#1645,#1646,#1647,#1648,#1649,#1650,#1651,
    #1652,#1653,#1654,#1655,#1656,#1657,#1658,#1659,#1660),
  .UNSPECIFIED.,.F.,.F.,(4,1,1,1,1,1,1,1,1,1,1,1,1,1,1,1,1,1,1,1,1,1,4),
  (0.,7.139983303613E-02,0.142799666072,0.214199499108,0.285599332145,
    0.356999165181,0.428398998217,0.499798831253,0.571198664289,
    0.642598497325,0.713998330361,0.785398163397,0.856797996434,
    0.92819782947,0.999597662506,1.070997495542,1.142397328578,
    1.213797161614,1.28519699465,1.356596827687,1.427996660723,
    1.499396493759,1.570796326795),.QUASI_UNIFORM_KNOTS.);
#1636 = CARTESIAN_POINT('',(6.28318530718,0.610865238198));
#1637 = CARTESIAN_POINT('',(6.254128830796,0.610868819121));
#1638 = CARTESIAN_POINT('',(6.196023326974,0.609672453928));
#1639 = CARTESIAN_POINT('',(6.109292970002,0.60433699234));
#1640 = CARTESIAN_POINT('',(6.023410448485,0.595514202341));
#1641 = CARTESIAN_POINT('',(5.938745352437,0.583313956083));
#1642 = CARTESIAN_POINT('',(5.855614204101,0.567876760437));
#1643 = CARTESIAN_POINT('',(5.774267592718,0.549372669576));
#1644 = CARTESIAN_POINT('',(5.694886971193,0.527992770176));
#1645 = CARTESIAN_POINT('',(5.61758526859,0.503942627702));
#1646 = CARTESIAN_POINT('',(5.542411637658,0.477435843802));
#1647 = CARTESIAN_POINT('',(5.46935867075,0.4486886779));
#1648 = CARTESIAN_POINT('',(5.398370948907,0.417915720899));
#1649 = CARTESIAN_POINT('',(5.329353873913,0.385326684697));
#1650 = CARTESIAN_POINT('',(5.262182048394,0.351124217389));
#1651 = CARTESIAN_POINT('',(5.196706737772,0.315502613435));
#1652 = CARTESIAN_POINT('',(5.132762184105,0.278647261583));
#1653 = CARTESIAN_POINT('',(5.070170714949,0.24073467468));
#1654 = CARTESIAN_POINT('',(5.008746705954,0.201932962661));
#1655 = CARTESIAN_POINT('',(4.948299522039,0.162402623538));
#1656 = CARTESIAN_POINT('',(4.888635595592,0.122297582475));
#1657 = CARTESIAN_POINT('',(4.829559800294,8.176631319994E-02));
#1658 = CARTESIAN_POINT('',(4.770876304279,4.09533355133E-02));
#1659 = CARTESIAN_POINT('',(4.73188474384,1.365094779161E-02));
#1660 = CARTESIAN_POINT('',(4.712388980385,0.));
#1661 = ( GEOMETRIC_REPRESENTATION_CONTEXT(2) 
PARAMETRIC_REPRESENTATION_CONTEXT() REPRESENTATION_CONTEXT('2D SPACE',''
  ) );
#1662 = ORIENTED_EDGE('',*,*,#1663,.F.);
#1663 = EDGE_CURVE('',#1664,#1618,#1666,.T.);
#1664 = VERTEX_POINT('',#1665);
#1665 = CARTESIAN_POINT('',(-19.26858451408,68.5,11.405200969233));
#1666 = SURFACE_CURVE('',#1667,(#1671,#1678),.PCURVE_S1.);
#1667 = LINE('',#1668,#1669);
#1668 = CARTESIAN_POINT('',(-15.68420176363,68.5,16.524230049695));
#1669 = VECTOR('',#1670,1.);
#1670 = DIRECTION('',(-0.573576436351,0.,-0.819152044289));
#1671 = PCURVE('',#590,#1672);
#1672 = DEFINITIONAL_REPRESENTATION('',(#1673),#1677);
#1673 = LINE('',#1674,#1675);
#1674 = CARTESIAN_POINT('',(7.068583470577,3.907985046681E-14));
#1675 = VECTOR('',#1676,1.);
#1676 = DIRECTION('',(0.,-1.));
#1677 = ( GEOMETRIC_REPRESENTATION_CONTEXT(2) 
PARAMETRIC_REPRESENTATION_CONTEXT() REPRESENTATION_CONTEXT('2D SPACE',''
  ) );
#1678 = PCURVE('',#1679,#1684);
#1679 = PLANE('',#1680);
#1680 = AXIS2_PLACEMENT_3D('',#1681,#1682,#1683);
#1681 = CARTESIAN_POINT('',(-3.307494400766,72.,34.2));
#1682 = DIRECTION('',(0.819152044289,0.,-0.573576436351));
#1683 = DIRECTION('',(-0.573576436351,0.,-0.819152044289));
#1684 = DEFINITIONAL_REPRESENTATION('',(#1685),#1689);
#1685 = LINE('',#1686,#1687);
#1686 = CARTESIAN_POINT('',(21.578130792126,-3.5));
#1687 = VECTOR('',#1688,1.);
#1688 = DIRECTION('',(1.,0.));
#1689 = ( GEOMETRIC_REPRESENTATION_CONTEXT(2) 
PARAMETRIC_REPRESENTATION_CONTEXT() REPRESENTATION_CONTEXT('2D SPACE',''
  ) );
#1690 = ORIENTED_EDGE('',*,*,#1691,.T.);
#1691 = EDGE_CURVE('',#1664,#575,#1692,.T.);
#1692 = SURFACE_CURVE('',#1693,(#1698,#1705),.PCURVE_S1.);
#1693 = CIRCLE('',#1694,1.);
#1694 = AXIS2_PLACEMENT_3D('',#1695,#1696,#1697);
#1695 = CARTESIAN_POINT('',(-18.44943246979,68.5,10.831624532882));
#1696 = DIRECTION('',(-0.573576436351,0.,-0.819152044289));
#1697 = DIRECTION('',(-0.819152044289,0.,0.573576436351));
#1698 = PCURVE('',#590,#1699);
#1699 = DEFINITIONAL_REPRESENTATION('',(#1700),#1704);
#1700 = LINE('',#1701,#1702);
#1701 = CARTESIAN_POINT('',(7.068583470577,-6.249180620559));
#1702 = VECTOR('',#1703,1.);
#1703 = DIRECTION('',(-1.,0.));
#1704 = ( GEOMETRIC_REPRESENTATION_CONTEXT(2) 
PARAMETRIC_REPRESENTATION_CONTEXT() REPRESENTATION_CONTEXT('2D SPACE',''
  ) );
#1705 = PCURVE('',#1706,#1711);
#1706 = SPHERICAL_SURFACE('',#1707,1.);
#1707 = AXIS2_PLACEMENT_3D('',#1708,#1709,#1710);
#1708 = CARTESIAN_POINT('',(-18.44943246979,68.5,10.831624532882));
#1709 = DIRECTION('',(0.987917726345,-0.134435105497,-7.71088087313E-02)
  );
#1710 = DIRECTION('',(0.154979243687,0.856958781082,0.491531363753));
#1711 = DEFINITIONAL_REPRESENTATION('',(#1712),#1738);
#1712 = B_SPLINE_CURVE_WITH_KNOTS('',3,(#1713,#1714,#1715,#1716,#1717,
    #1718,#1719,#1720,#1721,#1722,#1723,#1724,#1725,#1726,#1727,#1728,
    #1729,#1730,#1731,#1732,#1733,#1734,#1735,#1736,#1737),
  .UNSPECIFIED.,.F.,.F.,(4,1,1,1,1,1,1,1,1,1,1,1,1,1,1,1,1,1,1,1,1,1,4),
  (0.,7.139983303613E-02,0.142799666072,0.214199499108,0.285599332145,
    0.356999165181,0.428398998217,0.499798831253,0.571198664289,
    0.642598497325,0.713998330361,0.785398163397,0.856797996434,
    0.92819782947,0.999597662506,1.070997495542,1.142397328578,
    1.213797161614,1.28519699465,1.356596827687,1.427996660723,
    1.499396493759,1.570796326795),.QUASI_UNIFORM_KNOTS.);
#1713 = CARTESIAN_POINT('',(1.268832537322,-1.022632101244));
#1714 = CARTESIAN_POINT('',(1.224769428415,-1.028803392916));
#1715 = CARTESIAN_POINT('',(1.133732576383,-1.038431389973));
#1716 = CARTESIAN_POINT('',(0.992443823368,-1.044483724187));
#1717 = CARTESIAN_POINT('',(0.850295703144,-1.041735024255));
#1718 = CARTESIAN_POINT('',(0.711597443244,-1.030353063339));
#1719 = CARTESIAN_POINT('',(0.579928602021,-1.010871129656));
#1720 = CARTESIAN_POINT('',(0.45770603165,-0.984117882291));
#1721 = CARTESIAN_POINT('',(0.34606797292,-0.951055127068));
#1722 = CARTESIAN_POINT('',(0.2451135661,-0.912653476263));
#1723 = CARTESIAN_POINT('',(0.154252663694,-0.86980882438));
#1724 = CARTESIAN_POINT('',(7.252720058181E-02,-0.823303431169));
#1725 = CARTESIAN_POINT('',(-1.158089098914E-03,-0.773797023314));
#1726 = CARTESIAN_POINT('',(-6.789484418618E-02,-0.721834828187));
#1727 = CARTESIAN_POINT('',(-0.128697719517,-0.667862792253));
#1728 = CARTESIAN_POINT('',(-0.184474154245,-0.612244409198));
#1729 = CARTESIAN_POINT('',(-0.236018762959,-0.555276419161));
#1730 = CARTESIAN_POINT('',(-0.284020279828,-0.497202337518));
#1731 = CARTESIAN_POINT('',(-0.329073976698,-0.438223647857));
#1732 = CARTESIAN_POINT('',(-0.371695594921,-0.378508834801));
#1733 = CARTESIAN_POINT('',(-0.412335249936,-0.318200727031));
#1734 = CARTESIAN_POINT('',(-0.451389103118,-0.257422023377));
#1735 = CARTESIAN_POINT('',(-0.489213753046,-0.196281116813));
#1736 = CARTESIAN_POINT('',(-0.513820625947,-0.155341561228));
#1737 = CARTESIAN_POINT('',(-0.526026136839,-0.134843371025));
#1738 = ( GEOMETRIC_REPRESENTATION_CONTEXT(2) 
PARAMETRIC_REPRESENTATION_CONTEXT() REPRESENTATION_CONTEXT('2D SPACE',''
  ) );
#1739 = ORIENTED_EDGE('',*,*,#574,.F.);
#1740 = ADVANCED_FACE('',(#1741),#618,.T.);
#1741 = FACE_BOUND('',#1742,.T.);
#1742 = EDGE_LOOP('',(#1743,#1789,#1817,#1839));
#1743 = ORIENTED_EDGE('',*,*,#1744,.T.);
#1744 = EDGE_CURVE('',#575,#1745,#1747,.T.);
#1745 = VERTEX_POINT('',#1746);
#1746 = CARTESIAN_POINT('',(-17.44943246979,68.5,10.831624532882));
#1747 = SURFACE_CURVE('',#1748,(#1753,#1760),.PCURVE_S1.);
#1748 = CIRCLE('',#1749,1.);
#1749 = AXIS2_PLACEMENT_3D('',#1750,#1751,#1752);
#1750 = CARTESIAN_POINT('',(-18.44943246979,68.5,10.831624532882));
#1751 = DIRECTION('',(6.067052173189E-17,0.,-1.));
#1752 = DIRECTION('',(-1.,0.,-6.067052173189E-17));
#1753 = PCURVE('',#618,#1754);
#1754 = DEFINITIONAL_REPRESENTATION('',(#1755),#1759);
#1755 = LINE('',#1756,#1757);
#1756 = CARTESIAN_POINT('',(0.,-31.03162453288));
#1757 = VECTOR('',#1758,1.);
#1758 = DIRECTION('',(1.,0.));
#1759 = ( GEOMETRIC_REPRESENTATION_CONTEXT(2) 
PARAMETRIC_REPRESENTATION_CONTEXT() REPRESENTATION_CONTEXT('2D SPACE',''
  ) );
#1760 = PCURVE('',#1706,#1761);
#1761 = DEFINITIONAL_REPRESENTATION('',(#1762),#1788);
#1762 = B_SPLINE_CURVE_WITH_KNOTS('',3,(#1763,#1764,#1765,#1766,#1767,
    #1768,#1769,#1770,#1771,#1772,#1773,#1774,#1775,#1776,#1777,#1778,
    #1779,#1780,#1781,#1782,#1783,#1784,#1785,#1786,#1787),
  .UNSPECIFIED.,.F.,.F.,(4,1,1,1,1,1,1,1,1,1,1,1,1,1,1,1,1,1,1,1,1,1,4),
  (1.570796326795,1.642196159831,1.713595992867,1.784995825903,
    1.856395658939,1.927795491976,1.999195325012,2.070595158048,
    2.141994991084,2.21339482412,2.284794657156,2.356194490192,
    2.427594323228,2.498994156265,2.570393989301,2.641793822337,
    2.713193655373,2.784593488409,2.855993321445,2.927393154481,
    2.998792987518,3.070192820554,3.14159265359),.QUASI_UNIFORM_KNOTS.);
#1763 = CARTESIAN_POINT('',(-0.526026136839,-0.134843371025));
#1764 = CARTESIAN_POINT('',(-0.524157306696,-0.111115587696));
#1765 = CARTESIAN_POINT('',(-0.520455177045,-6.365864706012E-02));
#1766 = CARTESIAN_POINT('',(-0.514952337511,7.528711136278E-03));
#1767 = CARTESIAN_POINT('',(-0.509443520639,7.871583818504E-02));
#1768 = CARTESIAN_POINT('',(-0.503872727743,0.149900568626));
#1769 = CARTESIAN_POINT('',(-0.498181269006,0.221080632694));
#1770 = CARTESIAN_POINT('',(-0.492305435869,0.292253566078));
#1771 = CARTESIAN_POINT('',(-0.486173468261,0.363416592282));
#1772 = CARTESIAN_POINT('',(-0.479701819817,0.434566477662));
#1773 = CARTESIAN_POINT('',(-0.472790199835,0.505699338835));
#1774 = CARTESIAN_POINT('',(-0.465314747558,0.576810377253));
#1775 = CARTESIAN_POINT('',(-0.457118313376,0.647893501));
#1776 = CARTESIAN_POINT('',(-0.447996066266,0.718940763472));
#1777 = CARTESIAN_POINT('',(-0.437673831827,0.789941519014));
#1778 = CARTESIAN_POINT('',(-0.425772937962,0.860881043083));
#1779 = CARTESIAN_POINT('',(-0.411756254043,0.931738433527));
#1780 = CARTESIAN_POINT('',(-0.394821586392,1.002482352592));
#1781 = CARTESIAN_POINT('',(-0.373762114726,1.073065742373));
#1782 = CARTESIAN_POINT('',(-0.346494579128,1.143406233373));
#1783 = CARTESIAN_POINT('',(-0.309855250856,1.213380875196));
#1784 = CARTESIAN_POINT('',(-0.256123770618,1.282674874748));
#1785 = CARTESIAN_POINT('',(-0.17580865695,1.350927735403));
#1786 = CARTESIAN_POINT('',(-7.134346978741E-02,1.394305017538));
#1787 = CARTESIAN_POINT('',(8.881784197001E-16,1.415189883649));
#1788 = ( GEOMETRIC_REPRESENTATION_CONTEXT(2) 
PARAMETRIC_REPRESENTATION_CONTEXT() REPRESENTATION_CONTEXT('2D SPACE',''
  ) );
#1789 = ORIENTED_EDGE('',*,*,#1790,.T.);
#1790 = EDGE_CURVE('',#1745,#1791,#1793,.T.);
#1791 = VERTEX_POINT('',#1792);
#1792 = CARTESIAN_POINT('',(-17.44943246979,68.5,-13.1));
#1793 = SURFACE_CURVE('',#1794,(#1798,#1805),.PCURVE_S1.);
#1794 = LINE('',#1795,#1796);
#1795 = CARTESIAN_POINT('',(-17.44943246979,68.5,10.831624532882));
#1796 = VECTOR('',#1797,1.);
#1797 = DIRECTION('',(0.,0.,-1.));
#1798 = PCURVE('',#618,#1799);
#1799 = DEFINITIONAL_REPRESENTATION('',(#1800),#1804);
#1800 = LINE('',#1801,#1802);
#1801 = CARTESIAN_POINT('',(3.14159265359,-31.03162453288));
#1802 = VECTOR('',#1803,1.);
#1803 = DIRECTION('',(0.,1.));
#1804 = ( GEOMETRIC_REPRESENTATION_CONTEXT(2) 
PARAMETRIC_REPRESENTATION_CONTEXT() REPRESENTATION_CONTEXT('2D SPACE',''
  ) );
#1805 = PCURVE('',#1806,#1811);
#1806 = PLANE('',#1807);
#1807 = AXIS2_PLACEMENT_3D('',#1808,#1809,#1810);
#1808 = CARTESIAN_POINT('',(-17.44943246979,-46.6880664355,-20.2));
#1809 = DIRECTION('',(-1.,0.,-6.067052173189E-17));
#1810 = DIRECTION('',(-6.067052173189E-17,0.,1.));
#1811 = DEFINITIONAL_REPRESENTATION('',(#1812),#1816);
#1812 = LINE('',#1813,#1814);
#1813 = CARTESIAN_POINT('',(31.031624532882,115.1880664355));
#1814 = VECTOR('',#1815,1.);
#1815 = DIRECTION('',(-1.,0.));
#1816 = ( GEOMETRIC_REPRESENTATION_CONTEXT(2) 
PARAMETRIC_REPRESENTATION_CONTEXT() REPRESENTATION_CONTEXT('2D SPACE',''
  ) );
#1817 = ORIENTED_EDGE('',*,*,#1818,.T.);
#1818 = EDGE_CURVE('',#1791,#603,#1819,.T.);
#1819 = SURFACE_CURVE('',#1820,(#1825,#1832),.PCURVE_S1.);
#1820 = CIRCLE('',#1821,1.);
#1821 = AXIS2_PLACEMENT_3D('',#1822,#1823,#1824);
#1822 = CARTESIAN_POINT('',(-18.44943246979,68.5,-13.1));
#1823 = DIRECTION('',(0.,0.,1.));
#1824 = DIRECTION('',(1.,0.,-0.));
#1825 = PCURVE('',#618,#1826);
#1826 = DEFINITIONAL_REPRESENTATION('',(#1827),#1831);
#1827 = LINE('',#1828,#1829);
#1828 = CARTESIAN_POINT('',(3.14159265359,-7.1));
#1829 = VECTOR('',#1830,1.);
#1830 = DIRECTION('',(-1.,0.));
#1831 = ( GEOMETRIC_REPRESENTATION_CONTEXT(2) 
PARAMETRIC_REPRESENTATION_CONTEXT() REPRESENTATION_CONTEXT('2D SPACE',''
  ) );
#1832 = PCURVE('',#651,#1833);
#1833 = DEFINITIONAL_REPRESENTATION('',(#1834),#1838);
#1834 = LINE('',#1835,#1836);
#1835 = CARTESIAN_POINT('',(4.712388980385,3.14159265359));
#1836 = VECTOR('',#1837,1.);
#1837 = DIRECTION('',(0.,1.));
#1838 = ( GEOMETRIC_REPRESENTATION_CONTEXT(2) 
PARAMETRIC_REPRESENTATION_CONTEXT() REPRESENTATION_CONTEXT('2D SPACE',''
  ) );
#1839 = ORIENTED_EDGE('',*,*,#602,.F.);
#1840 = ADVANCED_FACE('',(#1841),#651,.T.);
#1841 = FACE_BOUND('',#1842,.T.);
#1842 = EDGE_LOOP('',(#1843,#1872,#1894,#1895));
#1843 = ORIENTED_EDGE('',*,*,#1844,.F.);
#1844 = EDGE_CURVE('',#1845,#1791,#1847,.T.);
#1845 = VERTEX_POINT('',#1846);
#1846 = CARTESIAN_POINT('',(-14.54943246979,68.5,-16.));
#1847 = SURFACE_CURVE('',#1848,(#1853,#1860),.PCURVE_S1.);
#1848 = CIRCLE('',#1849,2.9);
#1849 = AXIS2_PLACEMENT_3D('',#1850,#1851,#1852);
#1850 = CARTESIAN_POINT('',(-14.54943246979,68.5,-13.1));
#1851 = DIRECTION('',(0.,1.,0.));
#1852 = DIRECTION('',(-0.707106781187,0.,-0.707106781187));
#1853 = PCURVE('',#651,#1854);
#1854 = DEFINITIONAL_REPRESENTATION('',(#1855),#1859);
#1855 = LINE('',#1856,#1857);
#1856 = CARTESIAN_POINT('',(11.780972450962,3.14159265359));
#1857 = VECTOR('',#1858,1.);
#1858 = DIRECTION('',(-1.,-2.827159716856E-16));
#1859 = ( GEOMETRIC_REPRESENTATION_CONTEXT(2) 
PARAMETRIC_REPRESENTATION_CONTEXT() REPRESENTATION_CONTEXT('2D SPACE',''
  ) );
#1860 = PCURVE('',#1861,#1866);
#1861 = CYLINDRICAL_SURFACE('',#1862,2.9);
#1862 = AXIS2_PLACEMENT_3D('',#1863,#1864,#1865);
#1863 = CARTESIAN_POINT('',(-14.54943246979,7.655966782247,-13.1));
#1864 = DIRECTION('',(0.,1.,0.));
#1865 = DIRECTION('',(-0.707106781187,0.,-0.707106781187));
#1866 = DEFINITIONAL_REPRESENTATION('',(#1867),#1871);
#1867 = LINE('',#1868,#1869);
#1868 = CARTESIAN_POINT('',(-8.881784197001E-16,60.844033217753));
#1869 = VECTOR('',#1870,1.);
#1870 = DIRECTION('',(1.,0.));
#1871 = ( GEOMETRIC_REPRESENTATION_CONTEXT(2) 
PARAMETRIC_REPRESENTATION_CONTEXT() REPRESENTATION_CONTEXT('2D SPACE',''
  ) );
#1872 = ORIENTED_EDGE('',*,*,#1873,.T.);
#1873 = EDGE_CURVE('',#1845,#631,#1874,.T.);
#1874 = SURFACE_CURVE('',#1875,(#1880,#1887),.PCURVE_S1.);
#1875 = CIRCLE('',#1876,1.);
#1876 = AXIS2_PLACEMENT_3D('',#1877,#1878,#1879);
#1877 = CARTESIAN_POINT('',(-14.54943246979,68.5,-17.));
#1878 = DIRECTION('',(-1.,0.,0.));
#1879 = DIRECTION('',(0.,0.,1.));
#1880 = PCURVE('',#651,#1881);
#1881 = DEFINITIONAL_REPRESENTATION('',(#1882),#1886);
#1882 = LINE('',#1883,#1884);
#1883 = CARTESIAN_POINT('',(6.28318530718,3.14159265359));
#1884 = VECTOR('',#1885,1.);
#1885 = DIRECTION('',(0.,1.));
#1886 = ( GEOMETRIC_REPRESENTATION_CONTEXT(2) 
PARAMETRIC_REPRESENTATION_CONTEXT() REPRESENTATION_CONTEXT('2D SPACE',''
  ) );
#1887 = PCURVE('',#679,#1888);
#1888 = DEFINITIONAL_REPRESENTATION('',(#1889),#1893);
#1889 = LINE('',#1890,#1891);
#1890 = CARTESIAN_POINT('',(3.14159265359,-14.54943246979));
#1891 = VECTOR('',#1892,1.);
#1892 = DIRECTION('',(-1.,0.));
#1893 = ( GEOMETRIC_REPRESENTATION_CONTEXT(2) 
PARAMETRIC_REPRESENTATION_CONTEXT() REPRESENTATION_CONTEXT('2D SPACE',''
  ) );
#1894 = ORIENTED_EDGE('',*,*,#630,.T.);
#1895 = ORIENTED_EDGE('',*,*,#1818,.F.);
#1896 = ADVANCED_FACE('',(#1897),#679,.T.);
#1897 = FACE_BOUND('',#1898,.T.);
#1898 = EDGE_LOOP('',(#1899,#1900,#1901,#1929));
#1899 = ORIENTED_EDGE('',*,*,#663,.F.);
#1900 = ORIENTED_EDGE('',*,*,#1873,.F.);
#1901 = ORIENTED_EDGE('',*,*,#1902,.F.);
#1902 = EDGE_CURVE('',#1903,#1845,#1905,.T.);
#1903 = VERTEX_POINT('',#1904);
#1904 = CARTESIAN_POINT('',(14.549432469795,68.5,-16.));
#1905 = SURFACE_CURVE('',#1906,(#1910,#1917),.PCURVE_S1.);
#1906 = LINE('',#1907,#1908);
#1907 = CARTESIAN_POINT('',(14.549432469795,68.5,-16.));
#1908 = VECTOR('',#1909,1.);
#1909 = DIRECTION('',(-1.,0.,0.));
#1910 = PCURVE('',#679,#1911);
#1911 = DEFINITIONAL_REPRESENTATION('',(#1912),#1916);
#1912 = LINE('',#1913,#1914);
#1913 = CARTESIAN_POINT('',(3.14159265359,14.549432469795));
#1914 = VECTOR('',#1915,1.);
#1915 = DIRECTION('',(0.,-1.));
#1916 = ( GEOMETRIC_REPRESENTATION_CONTEXT(2) 
PARAMETRIC_REPRESENTATION_CONTEXT() REPRESENTATION_CONTEXT('2D SPACE',''
  ) );
#1917 = PCURVE('',#1918,#1923);
#1918 = PLANE('',#1919);
#1919 = AXIS2_PLACEMENT_3D('',#1920,#1921,#1922);
#1920 = CARTESIAN_POINT('',(12.35,62.,-16.));
#1921 = DIRECTION('',(0.,0.,-1.));
#1922 = DIRECTION('',(-1.,0.,0.));
#1923 = DEFINITIONAL_REPRESENTATION('',(#1924),#1928);
#1924 = LINE('',#1925,#1926);
#1925 = CARTESIAN_POINT('',(-2.199432469795,6.5));
#1926 = VECTOR('',#1927,1.);
#1927 = DIRECTION('',(1.,0.));
#1928 = ( GEOMETRIC_REPRESENTATION_CONTEXT(2) 
PARAMETRIC_REPRESENTATION_CONTEXT() REPRESENTATION_CONTEXT('2D SPACE',''
  ) );
#1929 = ORIENTED_EDGE('',*,*,#1930,.T.);
#1930 = EDGE_CURVE('',#1903,#664,#1931,.T.);
#1931 = SURFACE_CURVE('',#1932,(#1937,#1944),.PCURVE_S1.);
#1932 = CIRCLE('',#1933,1.);
#1933 = AXIS2_PLACEMENT_3D('',#1934,#1935,#1936);
#1934 = CARTESIAN_POINT('',(14.549432469795,68.5,-17.));
#1935 = DIRECTION('',(-1.,0.,0.));
#1936 = DIRECTION('',(0.,0.,1.));
#1937 = PCURVE('',#679,#1938);
#1938 = DEFINITIONAL_REPRESENTATION('',(#1939),#1943);
#1939 = LINE('',#1940,#1941);
#1940 = CARTESIAN_POINT('',(3.14159265359,14.549432469795));
#1941 = VECTOR('',#1942,1.);
#1942 = DIRECTION('',(-1.,0.));
#1943 = ( GEOMETRIC_REPRESENTATION_CONTEXT(2) 
PARAMETRIC_REPRESENTATION_CONTEXT() REPRESENTATION_CONTEXT('2D SPACE',''
  ) );
#1944 = PCURVE('',#708,#1945);
#1945 = DEFINITIONAL_REPRESENTATION('',(#1946),#1950);
#1946 = LINE('',#1947,#1948);
#1947 = CARTESIAN_POINT('',(0.,3.14159265359));
#1948 = VECTOR('',#1949,1.);
#1949 = DIRECTION('',(0.,1.));
#1950 = ( GEOMETRIC_REPRESENTATION_CONTEXT(2) 
PARAMETRIC_REPRESENTATION_CONTEXT() REPRESENTATION_CONTEXT('2D SPACE',''
  ) );
#1951 = ADVANCED_FACE('',(#1952),#708,.T.);
#1952 = FACE_BOUND('',#1953,.T.);
#1953 = EDGE_LOOP('',(#1954,#1983,#2005,#2006));
#1954 = ORIENTED_EDGE('',*,*,#1955,.T.);
#1955 = EDGE_CURVE('',#1903,#1956,#1958,.T.);
#1956 = VERTEX_POINT('',#1957);
#1957 = CARTESIAN_POINT('',(17.449432469795,68.5,-13.1));
#1958 = SURFACE_CURVE('',#1959,(#1964,#1971),.PCURVE_S1.);
#1959 = CIRCLE('',#1960,2.9);
#1960 = AXIS2_PLACEMENT_3D('',#1961,#1962,#1963);
#1961 = CARTESIAN_POINT('',(14.549432469795,68.5,-13.1));
#1962 = DIRECTION('',(0.,-1.,0.));
#1963 = DIRECTION('',(0.707106781187,0.,-0.707106781187));
#1964 = PCURVE('',#708,#1965);
#1965 = DEFINITIONAL_REPRESENTATION('',(#1966),#1970);
#1966 = LINE('',#1967,#1968);
#1967 = CARTESIAN_POINT('',(-5.497787143782,3.14159265359));
#1968 = VECTOR('',#1969,1.);
#1969 = DIRECTION('',(1.,0.));
#1970 = ( GEOMETRIC_REPRESENTATION_CONTEXT(2) 
PARAMETRIC_REPRESENTATION_CONTEXT() REPRESENTATION_CONTEXT('2D SPACE',''
  ) );
#1971 = PCURVE('',#1972,#1977);
#1972 = CYLINDRICAL_SURFACE('',#1973,2.9);
#1973 = AXIS2_PLACEMENT_3D('',#1974,#1975,#1976);
#1974 = CARTESIAN_POINT('',(14.549432469795,7.655966782247,-13.1));
#1975 = DIRECTION('',(0.,-1.,0.));
#1976 = DIRECTION('',(0.707106781187,0.,-0.707106781187));
#1977 = DEFINITIONAL_REPRESENTATION('',(#1978),#1982);
#1978 = LINE('',#1979,#1980);
#1979 = CARTESIAN_POINT('',(0.,-60.84403321775));
#1980 = VECTOR('',#1981,1.);
#1981 = DIRECTION('',(1.,0.));
#1982 = ( GEOMETRIC_REPRESENTATION_CONTEXT(2) 
PARAMETRIC_REPRESENTATION_CONTEXT() REPRESENTATION_CONTEXT('2D SPACE',''
  ) );
#1983 = ORIENTED_EDGE('',*,*,#1984,.T.);
#1984 = EDGE_CURVE('',#1956,#692,#1985,.T.);
#1985 = SURFACE_CURVE('',#1986,(#1991,#1998),.PCURVE_S1.);
#1986 = CIRCLE('',#1987,1.);
#1987 = AXIS2_PLACEMENT_3D('',#1988,#1989,#1990);
#1988 = CARTESIAN_POINT('',(18.449432469795,68.5,-13.1));
#1989 = DIRECTION('',(0.,0.,-1.));
#1990 = DIRECTION('',(-1.,0.,0.));
#1991 = PCURVE('',#708,#1992);
#1992 = DEFINITIONAL_REPRESENTATION('',(#1993),#1997);
#1993 = LINE('',#1994,#1995);
#1994 = CARTESIAN_POINT('',(1.570796326795,3.14159265359));
#1995 = VECTOR('',#1996,1.);
#1996 = DIRECTION('',(0.,1.));
#1997 = ( GEOMETRIC_REPRESENTATION_CONTEXT(2) 
PARAMETRIC_REPRESENTATION_CONTEXT() REPRESENTATION_CONTEXT('2D SPACE',''
  ) );
#1998 = PCURVE('',#736,#1999);
#1999 = DEFINITIONAL_REPRESENTATION('',(#2000),#2004);
#2000 = LINE('',#2001,#2002);
#2001 = CARTESIAN_POINT('',(3.14159265359,7.1));
#2002 = VECTOR('',#2003,1.);
#2003 = DIRECTION('',(-1.,0.));
#2004 = ( GEOMETRIC_REPRESENTATION_CONTEXT(2) 
PARAMETRIC_REPRESENTATION_CONTEXT() REPRESENTATION_CONTEXT('2D SPACE',''
  ) );
#2005 = ORIENTED_EDGE('',*,*,#691,.F.);
#2006 = ORIENTED_EDGE('',*,*,#1930,.F.);
#2007 = ADVANCED_FACE('',(#2008),#736,.T.);
#2008 = FACE_BOUND('',#2009,.T.);
#2009 = EDGE_LOOP('',(#2010,#2061,#2062,#2063));
#2010 = ORIENTED_EDGE('',*,*,#2011,.F.);
#2011 = EDGE_CURVE('',#721,#2012,#2014,.T.);
#2012 = VERTEX_POINT('',#2013);
#2013 = CARTESIAN_POINT('',(17.449432469795,68.5,10.831624532882));
#2014 = SURFACE_CURVE('',#2015,(#2020,#2027),.PCURVE_S1.);
#2015 = CIRCLE('',#2016,1.);
#2016 = AXIS2_PLACEMENT_3D('',#2017,#2018,#2019);
#2017 = CARTESIAN_POINT('',(18.449432469795,68.5,10.831624532882));
#2018 = DIRECTION('',(6.067052173189E-17,0.,1.));
#2019 = DIRECTION('',(1.,0.,-6.067052173189E-17));
#2020 = PCURVE('',#736,#2021);
#2021 = DEFINITIONAL_REPRESENTATION('',(#2022),#2026);
#2022 = LINE('',#2023,#2024);
#2023 = CARTESIAN_POINT('',(0.,31.031624532882));
#2024 = VECTOR('',#2025,1.);
#2025 = DIRECTION('',(1.,0.));
#2026 = ( GEOMETRIC_REPRESENTATION_CONTEXT(2) 
PARAMETRIC_REPRESENTATION_CONTEXT() REPRESENTATION_CONTEXT('2D SPACE',''
  ) );
#2027 = PCURVE('',#2028,#2033);
#2028 = SPHERICAL_SURFACE('',#2029,1.);
#2029 = AXIS2_PLACEMENT_3D('',#2030,#2031,#2032);
#2030 = CARTESIAN_POINT('',(18.449432469795,68.5,10.831624532882));
#2031 = DIRECTION('',(-0.987917726345,-0.134435105497,-7.71088087313E-02
    ));
#2032 = DIRECTION('',(-0.154979243687,0.856958781082,0.491531363753));
#2033 = DEFINITIONAL_REPRESENTATION('',(#2034),#2060);
#2034 = B_SPLINE_CURVE_WITH_KNOTS('',3,(#2035,#2036,#2037,#2038,#2039,
    #2040,#2041,#2042,#2043,#2044,#2045,#2046,#2047,#2048,#2049,#2050,
    #2051,#2052,#2053,#2054,#2055,#2056,#2057,#2058,#2059),
  .UNSPECIFIED.,.F.,.F.,(4,1,1,1,1,1,1,1,1,1,1,1,1,1,1,1,1,1,1,1,1,1,4),
  (1.570796326795,1.642196159831,1.713595992867,1.784995825903,
    1.856395658939,1.927795491976,1.999195325012,2.070595158048,
    2.141994991084,2.21339482412,2.284794657156,2.356194490192,
    2.427594323228,2.498994156265,2.570393989301,2.641793822337,
    2.713193655373,2.784593488409,2.855993321445,2.927393154481,
    2.998792987518,3.070192820554,3.14159265359),.QUASI_UNIFORM_KNOTS.);
#2035 = CARTESIAN_POINT('',(6.809211444019,-0.134843371025));
#2036 = CARTESIAN_POINT('',(6.807342613875,-0.111115587696));
#2037 = CARTESIAN_POINT('',(6.803640484225,-6.365864706012E-02));
#2038 = CARTESIAN_POINT('',(6.798137644691,7.528711136278E-03));
#2039 = CARTESIAN_POINT('',(6.792628827818,7.871583818504E-02));
#2040 = CARTESIAN_POINT('',(6.787058034922,0.149900568626));
#2041 = CARTESIAN_POINT('',(6.781366576186,0.221080632694));
#2042 = CARTESIAN_POINT('',(6.775490743049,0.292253566078));
#2043 = CARTESIAN_POINT('',(6.769358775441,0.363416592282));
#2044 = CARTESIAN_POINT('',(6.762887126997,0.434566477662));
#2045 = CARTESIAN_POINT('',(6.755975507014,0.505699338835));
#2046 = CARTESIAN_POINT('',(6.748500054738,0.576810377253));
#2047 = CARTESIAN_POINT('',(6.740303620556,0.647893501));
#2048 = CARTESIAN_POINT('',(6.731181373445,0.718940763472));
#2049 = CARTESIAN_POINT('',(6.720859139007,0.789941519014));
#2050 = CARTESIAN_POINT('',(6.708958245142,0.860881043083));
#2051 = CARTESIAN_POINT('',(6.694941561223,0.931738433527));
#2052 = CARTESIAN_POINT('',(6.678006893571,1.002482352592));
#2053 = CARTESIAN_POINT('',(6.656947421905,1.073065742373));
#2054 = CARTESIAN_POINT('',(6.629679886308,1.143406233373));
#2055 = CARTESIAN_POINT('',(6.593040558035,1.213380875196));
#2056 = CARTESIAN_POINT('',(6.539309077798,1.282674874748));
#2057 = CARTESIAN_POINT('',(6.458993964129,1.350927735403));
#2058 = CARTESIAN_POINT('',(6.354528776967,1.394305017538));
#2059 = CARTESIAN_POINT('',(6.28318530718,1.415189883649));
#2060 = ( GEOMETRIC_REPRESENTATION_CONTEXT(2) 
PARAMETRIC_REPRESENTATION_CONTEXT() REPRESENTATION_CONTEXT('2D SPACE',''
  ) );
#2061 = ORIENTED_EDGE('',*,*,#720,.T.);
#2062 = ORIENTED_EDGE('',*,*,#1984,.F.);
#2063 = ORIENTED_EDGE('',*,*,#2064,.F.);
#2064 = EDGE_CURVE('',#2012,#1956,#2065,.T.);
#2065 = SURFACE_CURVE('',#2066,(#2070,#2077),.PCURVE_S1.);
#2066 = LINE('',#2067,#2068);
#2067 = CARTESIAN_POINT('',(17.449432469795,68.5,10.831624532882));
#2068 = VECTOR('',#2069,1.);
#2069 = DIRECTION('',(0.,0.,-1.));
#2070 = PCURVE('',#736,#2071);
#2071 = DEFINITIONAL_REPRESENTATION('',(#2072),#2076);
#2072 = LINE('',#2073,#2074);
#2073 = CARTESIAN_POINT('',(3.14159265359,31.031624532882));
#2074 = VECTOR('',#2075,1.);
#2075 = DIRECTION('',(0.,-1.));
#2076 = ( GEOMETRIC_REPRESENTATION_CONTEXT(2) 
PARAMETRIC_REPRESENTATION_CONTEXT() REPRESENTATION_CONTEXT('2D SPACE',''
  ) );
#2077 = PCURVE('',#2078,#2083);
#2078 = PLANE('',#2079);
#2079 = AXIS2_PLACEMENT_3D('',#2080,#2081,#2082);
#2080 = CARTESIAN_POINT('',(17.449432469795,-46.6880664355,-20.2));
#2081 = DIRECTION('',(-1.,0.,6.067052173189E-17));
#2082 = DIRECTION('',(6.067052173189E-17,0.,1.));
#2083 = DEFINITIONAL_REPRESENTATION('',(#2084),#2088);
#2084 = LINE('',#2085,#2086);
#2085 = CARTESIAN_POINT('',(31.031624532882,115.1880664355));
#2086 = VECTOR('',#2087,1.);
#2087 = DIRECTION('',(-1.,0.));
#2088 = ( GEOMETRIC_REPRESENTATION_CONTEXT(2) 
PARAMETRIC_REPRESENTATION_CONTEXT() REPRESENTATION_CONTEXT('2D SPACE',''
  ) );
#2089 = ADVANCED_FACE('',(#2090),#762,.T.);
#2090 = FACE_BOUND('',#2091,.T.);
#2091 = EDGE_LOOP('',(#2092,#2093,#2094,#2140));
#2092 = ORIENTED_EDGE('',*,*,#779,.T.);
#2093 = ORIENTED_EDGE('',*,*,#748,.T.);
#2094 = ORIENTED_EDGE('',*,*,#2095,.F.);
#2095 = EDGE_CURVE('',#2096,#721,#2098,.T.);
#2096 = VERTEX_POINT('',#2097);
#2097 = CARTESIAN_POINT('',(19.268584514084,68.5,11.405200969233));
#2098 = SURFACE_CURVE('',#2099,(#2104,#2111),.PCURVE_S1.);
#2099 = CIRCLE('',#2100,1.);
#2100 = AXIS2_PLACEMENT_3D('',#2101,#2102,#2103);
#2101 = CARTESIAN_POINT('',(18.449432469795,68.5,10.831624532882));
#2102 = DIRECTION('',(-0.573576436351,0.,0.819152044289));
#2103 = DIRECTION('',(0.819152044289,0.,0.573576436351));
#2104 = PCURVE('',#762,#2105);
#2105 = DEFINITIONAL_REPRESENTATION('',(#2106),#2110);
#2106 = LINE('',#2107,#2108);
#2107 = CARTESIAN_POINT('',(7.068583470577,6.249180620559));
#2108 = VECTOR('',#2109,1.);
#2109 = DIRECTION('',(-1.,0.));
#2110 = ( GEOMETRIC_REPRESENTATION_CONTEXT(2) 
PARAMETRIC_REPRESENTATION_CONTEXT() REPRESENTATION_CONTEXT('2D SPACE',''
  ) );
#2111 = PCURVE('',#2028,#2112);
#2112 = DEFINITIONAL_REPRESENTATION('',(#2113),#2139);
#2113 = B_SPLINE_CURVE_WITH_KNOTS('',3,(#2114,#2115,#2116,#2117,#2118,
    #2119,#2120,#2121,#2122,#2123,#2124,#2125,#2126,#2127,#2128,#2129,
    #2130,#2131,#2132,#2133,#2134,#2135,#2136,#2137,#2138),
  .UNSPECIFIED.,.F.,.F.,(4,1,1,1,1,1,1,1,1,1,1,1,1,1,1,1,1,1,1,1,1,1,4),
  (0.,7.139983303613E-02,0.142799666072,0.214199499108,0.285599332145,
    0.356999165181,0.428398998217,0.499798831253,0.571198664289,
    0.642598497325,0.713998330361,0.785398163397,0.856797996434,
    0.92819782947,0.999597662506,1.070997495542,1.142397328578,
    1.213797161614,1.28519699465,1.356596827687,1.427996660723,
    1.499396493759,1.570796326795),.QUASI_UNIFORM_KNOTS.);
#2114 = CARTESIAN_POINT('',(5.014352769858,-1.022632101244));
#2115 = CARTESIAN_POINT('',(5.058415878764,-1.028803392916));
#2116 = CARTESIAN_POINT('',(5.149452730797,-1.038431389973));
#2117 = CARTESIAN_POINT('',(5.290741483812,-1.044483724187));
#2118 = CARTESIAN_POINT('',(5.432889604035,-1.041735024255));
#2119 = CARTESIAN_POINT('',(5.571587863935,-1.030353063339));
#2120 = CARTESIAN_POINT('',(5.703256705159,-1.010871129656));
#2121 = CARTESIAN_POINT('',(5.82547927553,-0.984117882291));
#2122 = CARTESIAN_POINT('',(5.93711733426,-0.951055127068));
#2123 = CARTESIAN_POINT('',(6.03807174108,-0.912653476263));
#2124 = CARTESIAN_POINT('',(6.128932643486,-0.86980882438));
#2125 = CARTESIAN_POINT('',(6.210658106598,-0.823303431169));
#2126 = CARTESIAN_POINT('',(6.284343396279,-0.773797023314));
#2127 = CARTESIAN_POINT('',(6.351080151366,-0.721834828187));
#2128 = CARTESIAN_POINT('',(6.411883026697,-0.667862792253));
#2129 = CARTESIAN_POINT('',(6.467659461424,-0.612244409198));
#2130 = CARTESIAN_POINT('',(6.519204070139,-0.555276419161));
#2131 = CARTESIAN_POINT('',(6.567205587007,-0.497202337518));
#2132 = CARTESIAN_POINT('',(6.612259283878,-0.438223647857));
#2133 = CARTESIAN_POINT('',(6.654880902101,-0.378508834801));
#2134 = CARTESIAN_POINT('',(6.695520557116,-0.318200727031));
#2135 = CARTESIAN_POINT('',(6.734574410298,-0.257422023377));
#2136 = CARTESIAN_POINT('',(6.772399060225,-0.196281116813));
#2137 = CARTESIAN_POINT('',(6.797005933127,-0.155341561228));
#2138 = CARTESIAN_POINT('',(6.809211444019,-0.134843371025));
#2139 = ( GEOMETRIC_REPRESENTATION_CONTEXT(2) 
PARAMETRIC_REPRESENTATION_CONTEXT() REPRESENTATION_CONTEXT('2D SPACE',''
  ) );
#2140 = ORIENTED_EDGE('',*,*,#2141,.T.);
#2141 = EDGE_CURVE('',#2096,#780,#2142,.T.);
#2142 = SURFACE_CURVE('',#2143,(#2147,#2154),.PCURVE_S1.);
#2143 = LINE('',#2144,#2145);
#2144 = CARTESIAN_POINT('',(15.68420176363,68.5,16.524230049695));
#2145 = VECTOR('',#2146,1.);
#2146 = DIRECTION('',(0.573576436351,0.,-0.819152044289));
#2147 = PCURVE('',#762,#2148);
#2148 = DEFINITIONAL_REPRESENTATION('',(#2149),#2153);
#2149 = LINE('',#2150,#2151);
#2150 = CARTESIAN_POINT('',(7.068583470577,-3.907985046681E-14));
#2151 = VECTOR('',#2152,1.);
#2152 = DIRECTION('',(0.,1.));
#2153 = ( GEOMETRIC_REPRESENTATION_CONTEXT(2) 
PARAMETRIC_REPRESENTATION_CONTEXT() REPRESENTATION_CONTEXT('2D SPACE',''
  ) );
#2154 = PCURVE('',#2155,#2160);
#2155 = PLANE('',#2156);
#2156 = AXIS2_PLACEMENT_3D('',#2157,#2158,#2159);
#2157 = CARTESIAN_POINT('',(3.307494400766,72.,34.2));
#2158 = DIRECTION('',(0.819152044289,0.,0.573576436351));
#2159 = DIRECTION('',(0.573576436351,0.,-0.819152044289));
#2160 = DEFINITIONAL_REPRESENTATION('',(#2161),#2165);
#2161 = LINE('',#2162,#2163);
#2162 = CARTESIAN_POINT('',(21.578130792126,-3.5));
#2163 = VECTOR('',#2164,1.);
#2164 = DIRECTION('',(1.,0.));
#2165 = ( GEOMETRIC_REPRESENTATION_CONTEXT(2) 
PARAMETRIC_REPRESENTATION_CONTEXT() REPRESENTATION_CONTEXT('2D SPACE',''
  ) );
#2166 = ADVANCED_FACE('',(#2167),#840,.T.);
#2167 = FACE_BOUND('',#2168,.T.);
#2168 = EDGE_LOOP('',(#2169,#2170,#2193,#2214));
#2169 = ORIENTED_EDGE('',*,*,#825,.F.);
#2170 = ORIENTED_EDGE('',*,*,#2171,.T.);
#2171 = EDGE_CURVE('',#780,#2172,#2174,.T.);
#2172 = VERTEX_POINT('',#2173);
#2173 = CARTESIAN_POINT('',(22.169152044289,60.1,7.26276123255));
#2174 = SURFACE_CURVE('',#2175,(#2179,#2186),.PCURVE_S1.);
#2175 = LINE('',#2176,#2177);
#2176 = CARTESIAN_POINT('',(22.169152044289,72.,7.26276123255));
#2177 = VECTOR('',#2178,1.);
#2178 = DIRECTION('',(1.239088197126E-16,-1.,-1.769601338904E-16));
#2179 = PCURVE('',#840,#2180);
#2180 = DEFINITIONAL_REPRESENTATION('',(#2181),#2185);
#2181 = LINE('',#2182,#2183);
#2182 = CARTESIAN_POINT('',(2.181661564993,0.));
#2183 = VECTOR('',#2184,1.);
#2184 = DIRECTION('',(1.057355261548E-16,1.));
#2185 = ( GEOMETRIC_REPRESENTATION_CONTEXT(2) 
PARAMETRIC_REPRESENTATION_CONTEXT() REPRESENTATION_CONTEXT('2D SPACE',''
  ) );
#2186 = PCURVE('',#2155,#2187);
#2187 = DEFINITIONAL_REPRESENTATION('',(#2188),#2192);
#2188 = LINE('',#2189,#2190);
#2189 = CARTESIAN_POINT('',(32.884296578703,0.));
#2190 = VECTOR('',#2191,1.);
#2191 = DIRECTION('',(2.160284346772E-16,-1.));
#2192 = ( GEOMETRIC_REPRESENTATION_CONTEXT(2) 
PARAMETRIC_REPRESENTATION_CONTEXT() REPRESENTATION_CONTEXT('2D SPACE',''
  ) );
#2193 = ORIENTED_EDGE('',*,*,#2194,.T.);
#2194 = EDGE_CURVE('',#2172,#1026,#2195,.T.);
#2195 = SURFACE_CURVE('',#2196,(#2201,#2208),.PCURVE_S1.);
#2196 = CIRCLE('',#2197,1.);
#2197 = AXIS2_PLACEMENT_3D('',#2198,#2199,#2200);
#2198 = CARTESIAN_POINT('',(21.35,60.1,6.689184796199));
#2199 = DIRECTION('',(0.,1.,0.));
#2200 = DIRECTION('',(0.,-0.,1.));
#2201 = PCURVE('',#840,#2202);
#2202 = DEFINITIONAL_REPRESENTATION('',(#2203),#2207);
#2203 = LINE('',#2204,#2205);
#2204 = CARTESIAN_POINT('',(3.14159265359,11.9));
#2205 = VECTOR('',#2206,1.);
#2206 = DIRECTION('',(-1.,0.));
#2207 = ( GEOMETRIC_REPRESENTATION_CONTEXT(2) 
PARAMETRIC_REPRESENTATION_CONTEXT() REPRESENTATION_CONTEXT('2D SPACE',''
  ) );
#2208 = PCURVE('',#1065,#2209);
#2209 = DEFINITIONAL_REPRESENTATION('',(#2210),#2213);
#2210 = B_SPLINE_CURVE_WITH_KNOTS('',1,(#2211,#2212),.UNSPECIFIED.,.F.,
  .F.,(2,2),(0.959931088597,1.570796326795),.PIECEWISE_BEZIER_KNOTS.);
#2211 = CARTESIAN_POINT('',(3.14159265359,-3.074979432183E-14));
#2212 = CARTESIAN_POINT('',(3.14159265359,1.));
#2213 = ( GEOMETRIC_REPRESENTATION_CONTEXT(2) 
PARAMETRIC_REPRESENTATION_CONTEXT() REPRESENTATION_CONTEXT('2D SPACE',''
  ) );
#2214 = ORIENTED_EDGE('',*,*,#1025,.T.);
#2215 = ADVANCED_FACE('',(#2216),#873,.T.);
#2216 = FACE_BOUND('',#2217,.T.);
#2217 = EDGE_LOOP('',(#2218,#2315,#2316,#2338));
#2218 = ORIENTED_EDGE('',*,*,#2219,.F.);
#2219 = EDGE_CURVE('',#1233,#858,#2220,.T.);
#2220 = SURFACE_CURVE('',#2221,(#2226,#2255),.PCURVE_S1.);
#2221 = ELLIPSE('',#2222,1.21655250606,1.2);
#2222 = AXIS2_PLACEMENT_3D('',#2223,#2224,#2225);
#2223 = CARTESIAN_POINT('',(21.15,39.3,-19.6));
#2224 = DIRECTION('',(-0.164398987305,-0.986393923832,0.));
#2225 = DIRECTION('',(0.986393923832,-0.164398987305,0.));
#2226 = PCURVE('',#873,#2227);
#2227 = DEFINITIONAL_REPRESENTATION('',(#2228),#2254);
#2228 = B_SPLINE_CURVE_WITH_KNOTS('',3,(#2229,#2230,#2231,#2232,#2233,
    #2234,#2235,#2236,#2237,#2238,#2239,#2240,#2241,#2242,#2243,#2244,
    #2245,#2246,#2247,#2248,#2249,#2250,#2251,#2252,#2253),
  .UNSPECIFIED.,.F.,.F.,(4,1,1,1,1,1,1,1,1,1,1,1,1,1,1,1,1,1,1,1,1,1,4),
  (4.712388980385,4.783788813421,4.855188646457,4.926588479493,
    4.997988312529,5.069388145565,5.140787978601,5.212187811638,
    5.283587644674,5.35498747771,5.426387310746,5.497787143782,
    5.569186976818,5.640586809854,5.711986642891,5.783386475927,
    5.854786308963,5.926186141999,5.997585975035,6.068985808071,
    6.140385641107,6.211785474143,6.28318530718),.QUASI_UNIFORM_KNOTS.);
#2229 = CARTESIAN_POINT('',(5.497787143782,27.7));
#2230 = CARTESIAN_POINT('',(5.521587088128,27.704760025914));
#2231 = CARTESIAN_POINT('',(5.569186976818,27.714279947033));
#2232 = CARTESIAN_POINT('',(5.640586809854,27.728487166355));
#2233 = CARTESIAN_POINT('',(5.711986642891,27.742549193477));
#2234 = CARTESIAN_POINT('',(5.783386475927,27.7563944072));
#2235 = CARTESIAN_POINT('',(5.854786308963,27.769952245931));
#2236 = CARTESIAN_POINT('',(5.926186141999,27.783153624593));
#2237 = CARTESIAN_POINT('',(5.997585975035,27.795931271299));
#2238 = CARTESIAN_POINT('',(6.068985808071,27.808220074275));
#2239 = CARTESIAN_POINT('',(6.140385641107,27.819957412548));
#2240 = CARTESIAN_POINT('',(6.211785474143,27.831083475347));
#2241 = CARTESIAN_POINT('',(6.28318530718,27.8415415668));
#2242 = CARTESIAN_POINT('',(6.354585140216,27.851278394876));
#2243 = CARTESIAN_POINT('',(6.425984973252,27.86024434292));
#2244 = CARTESIAN_POINT('',(6.497384806288,27.868393722555));
#2245 = CARTESIAN_POINT('',(6.568784639324,27.87568500626));
#2246 = CARTESIAN_POINT('',(6.64018447236,27.882081039888));
#2247 = CARTESIAN_POINT('',(6.711584305396,27.887549228615));
#2248 = CARTESIAN_POINT('',(6.782984138433,27.89206171565));
#2249 = CARTESIAN_POINT('',(6.854383971469,27.895595477121));
#2250 = CARTESIAN_POINT('',(6.925783804505,27.898132615032));
#2251 = CARTESIAN_POINT('',(6.997183637541,27.89965979301));
#2252 = CARTESIAN_POINT('',(7.044783526232,27.900000431311));
#2253 = CARTESIAN_POINT('',(7.068583470577,27.9));
#2254 = ( GEOMETRIC_REPRESENTATION_CONTEXT(2) 
PARAMETRIC_REPRESENTATION_CONTEXT() REPRESENTATION_CONTEXT('2D SPACE',''
  ) );
#2255 = PCURVE('',#2256,#2287);
#2256 = B_SPLINE_SURFACE_WITH_KNOTS('',3,3,(
    (#2257,#2258,#2259,#2260,#2261,#2262)
    ,(#2263,#2264,#2265,#2266,#2267,#2268)
    ,(#2269,#2270,#2271,#2272,#2273,#2274)
    ,(#2275,#2276,#2277,#2278,#2279,#2280)
    ,(#2281,#2282,#2283,#2284,#2285,#2286
    )),.UNSPECIFIED.,.F.,.F.,.F.,(4,1,4),(4,1,1,4),(0.,0.571428571429,1.
    ),(-4.758442868131E-17,0.448798950513,0.673198425769,1.570796326795)
  ,.UNSPECIFIED.);
#2257 = CARTESIAN_POINT('',(21.35,38.1,-19.6));
#2258 = CARTESIAN_POINT('',(21.35,38.1,-19.7795195802));
#2259 = CARTESIAN_POINT('',(21.339622348994,38.162265906036,
    -20.04745833629));
#2260 = CARTESIAN_POINT('',(21.283774977451,38.497350135296,
    -20.58548549941));
#2261 = CARTESIAN_POINT('',(21.209839860068,38.94096083959,-20.8));
#2262 = CARTESIAN_POINT('',(21.15,39.3,-20.8));
#2263 = CARTESIAN_POINT('',(21.649199300342,38.1,-19.6));
#2264 = CARTESIAN_POINT('',(21.649199300342,38.1,-19.8249517237));
#2265 = CARTESIAN_POINT('',(21.601248798679,38.196176085693,
    -20.15292976749));
#2266 = CARTESIAN_POINT('',(21.416462301838,38.611387261543,
    -20.67277523374));
#2267 = CARTESIAN_POINT('',(21.266830202991,38.997951182512,-20.8));
#2268 = CARTESIAN_POINT('',(21.15,39.3,-20.8));
#2269 = CARTESIAN_POINT('',(22.167066005707,38.35124079634,-19.6));
#2270 = CARTESIAN_POINT('',(22.167066005707,38.35124079634,
    -19.86398372282));
#2271 = CARTESIAN_POINT('',(22.056130480522,38.455584714232,
    -20.24283289438));
#2272 = CARTESIAN_POINT('',(21.652191041107,38.831700325764,
    -20.73989149244));
#2273 = CARTESIAN_POINT('',(21.366563303105,39.097684282626,-20.8));
#2274 = CARTESIAN_POINT('',(21.15,39.3,-20.8));
#2275 = CARTESIAN_POINT('',(22.35,38.875600524744,-19.6));
#2276 = CARTESIAN_POINT('',(22.35,38.875600524744,-19.81314257957));
#2277 = CARTESIAN_POINT('',(22.262360784528,38.914098988595,
    -20.12582045194));
#2278 = CARTESIAN_POINT('',(21.86824391133,39.065695431782,
    -20.65099138251));
#2279 = CARTESIAN_POINT('',(21.466296403219,39.19741738274,-20.8));
#2280 = CARTESIAN_POINT('',(21.15,39.3,-20.8));
#2281 = CARTESIAN_POINT('',(22.35,39.1,-19.6));
#2282 = CARTESIAN_POINT('',(22.35,39.1,-19.7795195802));
#2283 = CARTESIAN_POINT('',(22.287734093964,39.110377651006,
    -20.04745833629));
#2284 = CARTESIAN_POINT('',(21.952649864704,39.166225022549,
    -20.58548549941));
#2285 = CARTESIAN_POINT('',(21.50903916041,39.240160139932,-20.8));
#2286 = CARTESIAN_POINT('',(21.15,39.3,-20.8));
#2287 = DEFINITIONAL_REPRESENTATION('',(#2288),#2314);
#2288 = B_SPLINE_CURVE_WITH_KNOTS('',3,(#2289,#2290,#2291,#2292,#2293,
    #2294,#2295,#2296,#2297,#2298,#2299,#2300,#2301,#2302,#2303,#2304,
    #2305,#2306,#2307,#2308,#2309,#2310,#2311,#2312,#2313),
  .UNSPECIFIED.,.F.,.F.,(4,1,1,1,1,1,1,1,1,1,1,1,1,1,1,1,1,1,1,1,1,1,4),
  (4.712388980385,4.783788813421,4.855188646457,4.926588479493,
    4.997988312529,5.069388145565,5.140787978601,5.212187811638,
    5.283587644674,5.35498747771,5.426387310746,5.497787143782,
    5.569186976818,5.640586809854,5.711986642891,5.783386475927,
    5.854786308963,5.926186141999,5.997585975035,6.068985808071,
    6.140385641107,6.211785474143,6.28318530718),.QUASI_UNIFORM_KNOTS.);
#2289 = CARTESIAN_POINT('',(0.999938886456,1.570796326795));
#2290 = CARTESIAN_POINT('',(0.99997455379,1.546994272981));
#2291 = CARTESIAN_POINT('',(0.999961891307,1.499354414339));
#2292 = CARTESIAN_POINT('',(0.999804868482,1.427843232585));
#2293 = CARTESIAN_POINT('',(0.99966287571,1.35634614875));
#2294 = CARTESIAN_POINT('',(0.999552133325,1.284894940933));
#2295 = CARTESIAN_POINT('',(0.999498339787,1.21350231646));
#2296 = CARTESIAN_POINT('',(0.99950218721,1.142162298052));
#2297 = CARTESIAN_POINT('',(0.999554877088,1.070855593512));
#2298 = CARTESIAN_POINT('',(0.999640381504,0.99955488252));
#2299 = CARTESIAN_POINT('',(0.999740547863,0.928231656944));
#2300 = CARTESIAN_POINT('',(0.999838406932,0.856863909336));
#2301 = CARTESIAN_POINT('',(0.999919823233,0.785445925705));
#2302 = CARTESIAN_POINT('',(0.99997536491,0.713994433709));
#2303 = CARTESIAN_POINT('',(0.99999229767,0.642569403903));
#2304 = CARTESIAN_POINT('',(0.999976359376,0.571229806096));
#2305 = CARTESIAN_POINT('',(0.999952487902,0.499946999147));
#2306 = CARTESIAN_POINT('',(0.999934515477,0.428654248772));
#2307 = CARTESIAN_POINT('',(0.999929683601,0.357290577762));
#2308 = CARTESIAN_POINT('',(0.999936710689,0.285877298537));
#2309 = CARTESIAN_POINT('',(0.999952974282,0.214419366426));
#2310 = CARTESIAN_POINT('',(0.999973924928,0.142931137745));
#2311 = CARTESIAN_POINT('',(0.999993517319,7.143569549067E-02));
#2312 = CARTESIAN_POINT('',(0.99999984671,2.380203189169E-02));
#2313 = CARTESIAN_POINT('',(1.,-4.758442868131E-17));
#2314 = ( GEOMETRIC_REPRESENTATION_CONTEXT(2) 
PARAMETRIC_REPRESENTATION_CONTEXT() REPRESENTATION_CONTEXT('2D SPACE',''
  ) );
#2315 = ORIENTED_EDGE('',*,*,#1232,.T.);
#2316 = ORIENTED_EDGE('',*,*,#2317,.T.);
#2317 = EDGE_CURVE('',#1235,#856,#2318,.T.);
#2318 = SURFACE_CURVE('',#2319,(#2324,#2331),.PCURVE_S1.);
#2319 = CIRCLE('',#2320,1.2);
#2320 = AXIS2_PLACEMENT_3D('',#2321,#2322,#2323);
#2321 = CARTESIAN_POINT('',(21.15,41.7,-19.6));
#2322 = DIRECTION('',(0.,-1.,0.));
#2323 = DIRECTION('',(0.707106781187,0.,-0.707106781187));
#2324 = PCURVE('',#873,#2325);
#2325 = DEFINITIONAL_REPRESENTATION('',(#2326),#2330);
#2326 = LINE('',#2327,#2328);
#2327 = CARTESIAN_POINT('',(-1.7763568394E-15,25.3));
#2328 = VECTOR('',#2329,1.);
#2329 = DIRECTION('',(1.,0.));
#2330 = ( GEOMETRIC_REPRESENTATION_CONTEXT(2) 
PARAMETRIC_REPRESENTATION_CONTEXT() REPRESENTATION_CONTEXT('2D SPACE',''
  ) );
#2331 = PCURVE('',#1378,#2332);
#2332 = DEFINITIONAL_REPRESENTATION('',(#2333),#2337);
#2333 = CIRCLE('',#2334,1.2);
#2334 = AXIS2_PLACEMENT_2D('',#2335,#2336);
#2335 = CARTESIAN_POINT('',(1.2,1.2));
#2336 = DIRECTION('',(-0.707106781187,-0.707106781187));
#2337 = ( GEOMETRIC_REPRESENTATION_CONTEXT(2) 
PARAMETRIC_REPRESENTATION_CONTEXT() REPRESENTATION_CONTEXT('2D SPACE',''
  ) );
#2338 = ORIENTED_EDGE('',*,*,#855,.T.);
#2339 = ADVANCED_FACE('',(#2340),#901,.F.);
#2340 = FACE_BOUND('',#2341,.T.);
#2341 = EDGE_LOOP('',(#2342,#2365,#2366,#2389));
#2342 = ORIENTED_EDGE('',*,*,#2343,.F.);
#2343 = EDGE_CURVE('',#886,#2344,#2346,.T.);
#2344 = VERTEX_POINT('',#2345);
#2345 = CARTESIAN_POINT('',(-9.158999999999,40.6,-18.218));
#2346 = SURFACE_CURVE('',#2347,(#2351,#2358),.PCURVE_S1.);
#2347 = LINE('',#2348,#2349);
#2348 = CARTESIAN_POINT('',(22.35,40.6,-18.218));
#2349 = VECTOR('',#2350,1.);
#2350 = DIRECTION('',(-1.,0.,0.));
#2351 = PCURVE('',#901,#2352);
#2352 = DEFINITIONAL_REPRESENTATION('',(#2353),#2357);
#2353 = LINE('',#2354,#2355);
#2354 = CARTESIAN_POINT('',(1.766330659871,0.));
#2355 = VECTOR('',#2356,1.);
#2356 = DIRECTION('',(0.,1.));
#2357 = ( GEOMETRIC_REPRESENTATION_CONTEXT(2) 
PARAMETRIC_REPRESENTATION_CONTEXT() REPRESENTATION_CONTEXT('2D SPACE',''
  ) );
#2358 = PCURVE('',#929,#2359);
#2359 = DEFINITIONAL_REPRESENTATION('',(#2360),#2364);
#2360 = LINE('',#2361,#2362);
#2361 = CARTESIAN_POINT('',(0.,0.));
#2362 = VECTOR('',#2363,1.);
#2363 = DIRECTION('',(0.,1.));
#2364 = ( GEOMETRIC_REPRESENTATION_CONTEXT(2) 
PARAMETRIC_REPRESENTATION_CONTEXT() REPRESENTATION_CONTEXT('2D SPACE',''
  ) );
#2365 = ORIENTED_EDGE('',*,*,#885,.F.);
#2366 = ORIENTED_EDGE('',*,*,#2367,.T.);
#2367 = EDGE_CURVE('',#856,#2368,#2370,.T.);
#2368 = VERTEX_POINT('',#2369);
#2369 = CARTESIAN_POINT('',(-8.,41.7,-19.6));
#2370 = SURFACE_CURVE('',#2371,(#2375,#2382),.PCURVE_S1.);
#2371 = LINE('',#2372,#2373);
#2372 = CARTESIAN_POINT('',(22.35,41.7,-19.6));
#2373 = VECTOR('',#2374,1.);
#2374 = DIRECTION('',(-1.,0.,0.));
#2375 = PCURVE('',#901,#2376);
#2376 = DEFINITIONAL_REPRESENTATION('',(#2377),#2381);
#2377 = LINE('',#2378,#2379);
#2378 = CARTESIAN_POINT('',(0.,0.));
#2379 = VECTOR('',#2380,1.);
#2380 = DIRECTION('',(0.,1.));
#2381 = ( GEOMETRIC_REPRESENTATION_CONTEXT(2) 
PARAMETRIC_REPRESENTATION_CONTEXT() REPRESENTATION_CONTEXT('2D SPACE',''
  ) );
#2382 = PCURVE('',#1378,#2383);
#2383 = DEFINITIONAL_REPRESENTATION('',(#2384),#2388);
#2384 = LINE('',#2385,#2386);
#2385 = CARTESIAN_POINT('',(1.2,0.));
#2386 = VECTOR('',#2387,1.);
#2387 = DIRECTION('',(0.,1.));
#2388 = ( GEOMETRIC_REPRESENTATION_CONTEXT(2) 
PARAMETRIC_REPRESENTATION_CONTEXT() REPRESENTATION_CONTEXT('2D SPACE',''
  ) );
#2389 = ORIENTED_EDGE('',*,*,#2390,.T.);
#2390 = EDGE_CURVE('',#2368,#2344,#2391,.T.);
#2391 = SURFACE_CURVE('',#2392,(#2396,#2403),.PCURVE_S1.);
#2392 = LINE('',#2393,#2394);
#2393 = CARTESIAN_POINT('',(-3.418531262848,46.048244703078,
    -25.06297652695));
#2394 = VECTOR('',#2395,1.);
#2395 = DIRECTION('',(-0.548605324697,-0.520678047598,0.654160965255));
#2396 = PCURVE('',#901,#2397);
#2397 = DEFINITIONAL_REPRESENTATION('',(#2398),#2402);
#2398 = LINE('',#2399,#2400);
#2399 = CARTESIAN_POINT('',(-6.982216305152,25.768531262848));
#2400 = VECTOR('',#2401,1.);
#2401 = DIRECTION('',(0.836081453995,0.548605324697));
#2402 = ( GEOMETRIC_REPRESENTATION_CONTEXT(2) 
PARAMETRIC_REPRESENTATION_CONTEXT() REPRESENTATION_CONTEXT('2D SPACE',''
  ) );
#2403 = PCURVE('',#2404,#2409);
#2404 = PLANE('',#2405);
#2405 = AXIS2_PLACEMENT_3D('',#2406,#2407,#2408);
#2406 = CARTESIAN_POINT('',(-8.,41.8,-19.6));
#2407 = DIRECTION('',(-0.766217959887,0.,-0.642580763754));
#2408 = DIRECTION('',(-0.642580763754,0.,0.766217959887));
#2409 = DEFINITIONAL_REPRESENTATION('',(#2410),#2414);
#2410 = LINE('',#2411,#2412);
#2411 = CARTESIAN_POINT('',(-7.12979440963,4.248244703078));
#2412 = VECTOR('',#2413,1.);
#2413 = DIRECTION('',(0.853753108779,-0.520678047598));
#2414 = ( GEOMETRIC_REPRESENTATION_CONTEXT(2) 
PARAMETRIC_REPRESENTATION_CONTEXT() REPRESENTATION_CONTEXT('2D SPACE',''
  ) );
#2415 = ADVANCED_FACE('',(#2416),#929,.F.);
#2416 = FACE_BOUND('',#2417,.T.);
#2417 = EDGE_LOOP('',(#2418,#2441,#2442,#2443));
#2418 = ORIENTED_EDGE('',*,*,#2419,.F.);
#2419 = EDGE_CURVE('',#914,#2420,#2422,.T.);
#2420 = VERTEX_POINT('',#2421);
#2421 = CARTESIAN_POINT('',(-9.158999999999,40.6,-17.018));
#2422 = SURFACE_CURVE('',#2423,(#2427,#2434),.PCURVE_S1.);
#2423 = LINE('',#2424,#2425);
#2424 = CARTESIAN_POINT('',(22.35,40.6,-17.018));
#2425 = VECTOR('',#2426,1.);
#2426 = DIRECTION('',(-1.,0.,0.));
#2427 = PCURVE('',#929,#2428);
#2428 = DEFINITIONAL_REPRESENTATION('',(#2429),#2433);
#2429 = LINE('',#2430,#2431);
#2430 = CARTESIAN_POINT('',(1.2,0.));
#2431 = VECTOR('',#2432,1.);
#2432 = DIRECTION('',(0.,1.));
#2433 = ( GEOMETRIC_REPRESENTATION_CONTEXT(2) 
PARAMETRIC_REPRESENTATION_CONTEXT() REPRESENTATION_CONTEXT('2D SPACE',''
  ) );
#2434 = PCURVE('',#957,#2435);
#2435 = DEFINITIONAL_REPRESENTATION('',(#2436),#2440);
#2436 = LINE('',#2437,#2438);
#2437 = CARTESIAN_POINT('',(0.,0.));
#2438 = VECTOR('',#2439,1.);
#2439 = DIRECTION('',(0.,1.));
#2440 = ( GEOMETRIC_REPRESENTATION_CONTEXT(2) 
PARAMETRIC_REPRESENTATION_CONTEXT() REPRESENTATION_CONTEXT('2D SPACE',''
  ) );
#2441 = ORIENTED_EDGE('',*,*,#913,.F.);
#2442 = ORIENTED_EDGE('',*,*,#2343,.T.);
#2443 = ORIENTED_EDGE('',*,*,#2444,.F.);
#2444 = EDGE_CURVE('',#2420,#2344,#2445,.T.);
#2445 = SURFACE_CURVE('',#2446,(#2450,#2457),.PCURVE_S1.);
#2446 = LINE('',#2447,#2448);
#2447 = CARTESIAN_POINT('',(-9.158999999999,40.6,-17.018));
#2448 = VECTOR('',#2449,1.);
#2449 = DIRECTION('',(0.,0.,-1.));
#2450 = PCURVE('',#929,#2451);
#2451 = DEFINITIONAL_REPRESENTATION('',(#2452),#2456);
#2452 = LINE('',#2453,#2454);
#2453 = CARTESIAN_POINT('',(1.2,31.508999999999));
#2454 = VECTOR('',#2455,1.);
#2455 = DIRECTION('',(-1.,0.));
#2456 = ( GEOMETRIC_REPRESENTATION_CONTEXT(2) 
PARAMETRIC_REPRESENTATION_CONTEXT() REPRESENTATION_CONTEXT('2D SPACE',''
  ) );
#2457 = PCURVE('',#2458,#2463);
#2458 = PLANE('',#2459);
#2459 = AXIS2_PLACEMENT_3D('',#2460,#2461,#2462);
#2460 = CARTESIAN_POINT('',(-9.158999999999,40.6,-17.018));
#2461 = DIRECTION('',(-1.,-4.030592285052E-14,0.));
#2462 = DIRECTION('',(-4.030592285052E-14,1.,0.));
#2463 = DEFINITIONAL_REPRESENTATION('',(#2464),#2468);
#2464 = LINE('',#2465,#2466);
#2465 = CARTESIAN_POINT('',(0.,0.));
#2466 = VECTOR('',#2467,1.);
#2467 = DIRECTION('',(0.,1.));
#2468 = ( GEOMETRIC_REPRESENTATION_CONTEXT(2) 
PARAMETRIC_REPRESENTATION_CONTEXT() REPRESENTATION_CONTEXT('2D SPACE',''
  ) );
#2469 = ADVANCED_FACE('',(#2470),#957,.F.);
#2470 = FACE_BOUND('',#2471,.T.);
#2471 = EDGE_LOOP('',(#2472,#2495,#2496,#2497,#2520,#2548));
#2472 = ORIENTED_EDGE('',*,*,#2473,.F.);
#2473 = EDGE_CURVE('',#942,#2474,#2476,.T.);
#2474 = VERTEX_POINT('',#2475);
#2475 = CARTESIAN_POINT('',(-6.333281727412,58.9,-17.018));
#2476 = SURFACE_CURVE('',#2477,(#2481,#2488),.PCURVE_S1.);
#2477 = LINE('',#2478,#2479);
#2478 = CARTESIAN_POINT('',(22.35,58.9,-17.018));
#2479 = VECTOR('',#2480,1.);
#2480 = DIRECTION('',(-1.,0.,0.));
#2481 = PCURVE('',#957,#2482);
#2482 = DEFINITIONAL_REPRESENTATION('',(#2483),#2487);
#2483 = LINE('',#2484,#2485);
#2484 = CARTESIAN_POINT('',(18.3,0.));
#2485 = VECTOR('',#2486,1.);
#2486 = DIRECTION('',(0.,1.));
#2487 = ( GEOMETRIC_REPRESENTATION_CONTEXT(2) 
PARAMETRIC_REPRESENTATION_CONTEXT() REPRESENTATION_CONTEXT('2D SPACE',''
  ) );
#2488 = PCURVE('',#985,#2489);
#2489 = DEFINITIONAL_REPRESENTATION('',(#2490),#2494);
#2490 = LINE('',#2491,#2492);
#2491 = CARTESIAN_POINT('',(0.,0.));
#2492 = VECTOR('',#2493,1.);
#2493 = DIRECTION('',(0.,1.));
#2494 = ( GEOMETRIC_REPRESENTATION_CONTEXT(2) 
PARAMETRIC_REPRESENTATION_CONTEXT() REPRESENTATION_CONTEXT('2D SPACE',''
  ) );
#2495 = ORIENTED_EDGE('',*,*,#941,.F.);
#2496 = ORIENTED_EDGE('',*,*,#2419,.T.);
#2497 = ORIENTED_EDGE('',*,*,#2498,.F.);
#2498 = EDGE_CURVE('',#2499,#2420,#2501,.T.);
#2499 = VERTEX_POINT('',#2500);
#2500 = CARTESIAN_POINT('',(-9.159,59.,-17.018));
#2501 = SURFACE_CURVE('',#2502,(#2506,#2513),.PCURVE_S1.);
#2502 = LINE('',#2503,#2504);
#2503 = CARTESIAN_POINT('',(-9.159,59.,-17.018));
#2504 = VECTOR('',#2505,1.);
#2505 = DIRECTION('',(4.030592285052E-14,-1.,0.));
#2506 = PCURVE('',#957,#2507);
#2507 = DEFINITIONAL_REPRESENTATION('',(#2508),#2512);
#2508 = LINE('',#2509,#2510);
#2509 = CARTESIAN_POINT('',(18.4,31.509));
#2510 = VECTOR('',#2511,1.);
#2511 = DIRECTION('',(-1.,-4.030592285052E-14));
#2512 = ( GEOMETRIC_REPRESENTATION_CONTEXT(2) 
PARAMETRIC_REPRESENTATION_CONTEXT() REPRESENTATION_CONTEXT('2D SPACE',''
  ) );
#2513 = PCURVE('',#2458,#2514);
#2514 = DEFINITIONAL_REPRESENTATION('',(#2515),#2519);
#2515 = LINE('',#2516,#2517);
#2516 = CARTESIAN_POINT('',(18.4,0.));
#2517 = VECTOR('',#2518,1.);
#2518 = DIRECTION('',(-1.,-0.));
#2519 = ( GEOMETRIC_REPRESENTATION_CONTEXT(2) 
PARAMETRIC_REPRESENTATION_CONTEXT() REPRESENTATION_CONTEXT('2D SPACE',''
  ) );
#2520 = ORIENTED_EDGE('',*,*,#2521,.F.);
#2521 = EDGE_CURVE('',#2522,#2499,#2524,.T.);
#2522 = VERTEX_POINT('',#2523);
#2523 = CARTESIAN_POINT('',(-6.333281727412,59.,-17.018));
#2524 = SURFACE_CURVE('',#2525,(#2529,#2536),.PCURVE_S1.);
#2525 = LINE('',#2526,#2527);
#2526 = CARTESIAN_POINT('',(-8.,59.,-17.018));
#2527 = VECTOR('',#2528,1.);
#2528 = DIRECTION('',(-1.,-5.364321775583E-14,0.));
#2529 = PCURVE('',#957,#2530);
#2530 = DEFINITIONAL_REPRESENTATION('',(#2531),#2535);
#2531 = LINE('',#2532,#2533);
#2532 = CARTESIAN_POINT('',(18.4,30.35));
#2533 = VECTOR('',#2534,1.);
#2534 = DIRECTION('',(-5.364321775583E-14,1.));
#2535 = ( GEOMETRIC_REPRESENTATION_CONTEXT(2) 
PARAMETRIC_REPRESENTATION_CONTEXT() REPRESENTATION_CONTEXT('2D SPACE',''
  ) );
#2536 = PCURVE('',#2537,#2542);
#2537 = PLANE('',#2538);
#2538 = AXIS2_PLACEMENT_3D('',#2539,#2540,#2541);
#2539 = CARTESIAN_POINT('',(-9.159,59.,-17.018));
#2540 = DIRECTION('',(-5.364321775583E-14,1.,0.));
#2541 = DIRECTION('',(1.,5.364321775583E-14,0.));
#2542 = DEFINITIONAL_REPRESENTATION('',(#2543),#2547);
#2543 = LINE('',#2544,#2545);
#2544 = CARTESIAN_POINT('',(1.159,0.));
#2545 = VECTOR('',#2546,1.);
#2546 = DIRECTION('',(-1.,-0.));
#2547 = ( GEOMETRIC_REPRESENTATION_CONTEXT(2) 
PARAMETRIC_REPRESENTATION_CONTEXT() REPRESENTATION_CONTEXT('2D SPACE',''
  ) );
#2548 = ORIENTED_EDGE('',*,*,#2549,.F.);
#2549 = EDGE_CURVE('',#2474,#2522,#2550,.T.);
#2550 = SURFACE_CURVE('',#2551,(#2555,#2562),.PCURVE_S1.);
#2551 = LINE('',#2552,#2553);
#2552 = CARTESIAN_POINT('',(-6.333281727412,40.6,-17.018));
#2553 = VECTOR('',#2554,1.);
#2554 = DIRECTION('',(0.,1.,0.));
#2555 = PCURVE('',#957,#2556);
#2556 = DEFINITIONAL_REPRESENTATION('',(#2557),#2561);
#2557 = LINE('',#2558,#2559);
#2558 = CARTESIAN_POINT('',(0.,28.683281727412));
#2559 = VECTOR('',#2560,1.);
#2560 = DIRECTION('',(1.,0.));
#2561 = ( GEOMETRIC_REPRESENTATION_CONTEXT(2) 
PARAMETRIC_REPRESENTATION_CONTEXT() REPRESENTATION_CONTEXT('2D SPACE',''
  ) );
#2562 = PCURVE('',#2563,#2568);
#2563 = PLANE('',#2564);
#2564 = AXIS2_PLACEMENT_3D('',#2565,#2566,#2567);
#2565 = CARTESIAN_POINT('',(-6.333281727412,59.,-17.018));
#2566 = DIRECTION('',(1.,0.,0.));
#2567 = DIRECTION('',(0.,-1.,0.));
#2568 = DEFINITIONAL_REPRESENTATION('',(#2569),#2573);
#2569 = LINE('',#2570,#2571);
#2570 = CARTESIAN_POINT('',(18.4,0.));
#2571 = VECTOR('',#2572,1.);
#2572 = DIRECTION('',(-1.,0.));
#2573 = ( GEOMETRIC_REPRESENTATION_CONTEXT(2) 
PARAMETRIC_REPRESENTATION_CONTEXT() REPRESENTATION_CONTEXT('2D SPACE',''
  ) );
#2574 = ADVANCED_FACE('',(#2575),#985,.F.);
#2575 = FACE_BOUND('',#2576,.T.);
#2576 = EDGE_LOOP('',(#2577,#2600,#2621,#2622));
#2577 = ORIENTED_EDGE('',*,*,#2578,.T.);
#2578 = EDGE_CURVE('',#2474,#2579,#2581,.T.);
#2579 = VERTEX_POINT('',#2580);
#2580 = CARTESIAN_POINT('',(-6.333281727412,58.9,-18.218));
#2581 = SURFACE_CURVE('',#2582,(#2586,#2593),.PCURVE_S1.);
#2582 = LINE('',#2583,#2584);
#2583 = CARTESIAN_POINT('',(-6.333281727412,58.9,-17.018));
#2584 = VECTOR('',#2585,1.);
#2585 = DIRECTION('',(0.,0.,-1.));
#2586 = PCURVE('',#985,#2587);
#2587 = DEFINITIONAL_REPRESENTATION('',(#2588),#2592);
#2588 = LINE('',#2589,#2590);
#2589 = CARTESIAN_POINT('',(0.,28.683281727412));
#2590 = VECTOR('',#2591,1.);
#2591 = DIRECTION('',(1.,0.));
#2592 = ( GEOMETRIC_REPRESENTATION_CONTEXT(2) 
PARAMETRIC_REPRESENTATION_CONTEXT() REPRESENTATION_CONTEXT('2D SPACE',''
  ) );
#2593 = PCURVE('',#2563,#2594);
#2594 = DEFINITIONAL_REPRESENTATION('',(#2595),#2599);
#2595 = LINE('',#2596,#2597);
#2596 = CARTESIAN_POINT('',(0.1,0.));
#2597 = VECTOR('',#2598,1.);
#2598 = DIRECTION('',(0.,1.));
#2599 = ( GEOMETRIC_REPRESENTATION_CONTEXT(2) 
PARAMETRIC_REPRESENTATION_CONTEXT() REPRESENTATION_CONTEXT('2D SPACE',''
  ) );
#2600 = ORIENTED_EDGE('',*,*,#2601,.F.);
#2601 = EDGE_CURVE('',#970,#2579,#2602,.T.);
#2602 = SURFACE_CURVE('',#2603,(#2607,#2614),.PCURVE_S1.);
#2603 = LINE('',#2604,#2605);
#2604 = CARTESIAN_POINT('',(22.35,58.9,-18.218));
#2605 = VECTOR('',#2606,1.);
#2606 = DIRECTION('',(-1.,0.,0.));
#2607 = PCURVE('',#985,#2608);
#2608 = DEFINITIONAL_REPRESENTATION('',(#2609),#2613);
#2609 = LINE('',#2610,#2611);
#2610 = CARTESIAN_POINT('',(1.2,0.));
#2611 = VECTOR('',#2612,1.);
#2612 = DIRECTION('',(0.,1.));
#2613 = ( GEOMETRIC_REPRESENTATION_CONTEXT(2) 
PARAMETRIC_REPRESENTATION_CONTEXT() REPRESENTATION_CONTEXT('2D SPACE',''
  ) );
#2614 = PCURVE('',#1011,#2615);
#2615 = DEFINITIONAL_REPRESENTATION('',(#2616),#2620);
#2616 = LINE('',#2617,#2618);
#2617 = CARTESIAN_POINT('',(0.,0.));
#2618 = VECTOR('',#2619,1.);
#2619 = DIRECTION('',(-0.,1.));
#2620 = ( GEOMETRIC_REPRESENTATION_CONTEXT(2) 
PARAMETRIC_REPRESENTATION_CONTEXT() REPRESENTATION_CONTEXT('2D SPACE',''
  ) );
#2621 = ORIENTED_EDGE('',*,*,#969,.F.);
#2622 = ORIENTED_EDGE('',*,*,#2473,.T.);
#2623 = ADVANCED_FACE('',(#2624),#1011,.F.);
#2624 = FACE_BOUND('',#2625,.T.);
#2625 = EDGE_LOOP('',(#2626,#2654,#2655,#2656,#2657));
#2626 = ORIENTED_EDGE('',*,*,#2627,.T.);
#2627 = EDGE_CURVE('',#2628,#1488,#2630,.T.);
#2628 = VERTEX_POINT('',#2629);
#2629 = CARTESIAN_POINT('',(-8.,58.9,-18.218));
#2630 = SURFACE_CURVE('',#2631,(#2635,#2642),.PCURVE_S1.);
#2631 = LINE('',#2632,#2633);
#2632 = CARTESIAN_POINT('',(-8.,58.9,-18.218));
#2633 = VECTOR('',#2634,1.);
#2634 = DIRECTION('',(0.,-0.622759953723,-0.782412960041));
#2635 = PCURVE('',#1011,#2636);
#2636 = DEFINITIONAL_REPRESENTATION('',(#2637),#2641);
#2637 = LINE('',#2638,#2639);
#2638 = CARTESIAN_POINT('',(-0.,30.35));
#2639 = VECTOR('',#2640,1.);
#2640 = DIRECTION('',(1.,0.));
#2641 = ( GEOMETRIC_REPRESENTATION_CONTEXT(2) 
PARAMETRIC_REPRESENTATION_CONTEXT() REPRESENTATION_CONTEXT('2D SPACE',''
  ) );
#2642 = PCURVE('',#2643,#2648);
#2643 = PLANE('',#2644);
#2644 = AXIS2_PLACEMENT_3D('',#2645,#2646,#2647);
#2645 = CARTESIAN_POINT('',(-8.,49.75,-18.909));
#2646 = DIRECTION('',(-1.,0.,0.));
#2647 = DIRECTION('',(0.,0.,1.));
#2648 = DEFINITIONAL_REPRESENTATION('',(#2649),#2653);
#2649 = LINE('',#2650,#2651);
#2650 = CARTESIAN_POINT('',(0.691,9.15));
#2651 = VECTOR('',#2652,1.);
#2652 = DIRECTION('',(-0.782412960041,-0.622759953723));
#2653 = ( GEOMETRIC_REPRESENTATION_CONTEXT(2) 
PARAMETRIC_REPRESENTATION_CONTEXT() REPRESENTATION_CONTEXT('2D SPACE',''
  ) );
#2654 = ORIENTED_EDGE('',*,*,#1487,.F.);
#2655 = ORIENTED_EDGE('',*,*,#997,.F.);
#2656 = ORIENTED_EDGE('',*,*,#2601,.T.);
#2657 = ORIENTED_EDGE('',*,*,#2658,.T.);
#2658 = EDGE_CURVE('',#2579,#2628,#2659,.T.);
#2659 = SURFACE_CURVE('',#2660,(#2664,#2671),.PCURVE_S1.);
#2660 = LINE('',#2661,#2662);
#2661 = CARTESIAN_POINT('',(22.35,58.9,-18.218));
#2662 = VECTOR('',#2663,1.);
#2663 = DIRECTION('',(-1.,0.,0.));
#2664 = PCURVE('',#1011,#2665);
#2665 = DEFINITIONAL_REPRESENTATION('',(#2666),#2670);
#2666 = LINE('',#2667,#2668);
#2667 = CARTESIAN_POINT('',(0.,0.));
#2668 = VECTOR('',#2669,1.);
#2669 = DIRECTION('',(-0.,1.));
#2670 = ( GEOMETRIC_REPRESENTATION_CONTEXT(2) 
PARAMETRIC_REPRESENTATION_CONTEXT() REPRESENTATION_CONTEXT('2D SPACE',''
  ) );
#2671 = PCURVE('',#2672,#2677);
#2672 = PLANE('',#2673);
#2673 = AXIS2_PLACEMENT_3D('',#2674,#2675,#2676);
#2674 = CARTESIAN_POINT('',(-7.746140863706,49.8,-18.218));
#2675 = DIRECTION('',(0.,0.,-1.));
#2676 = DIRECTION('',(-1.,0.,0.));
#2677 = DEFINITIONAL_REPRESENTATION('',(#2678),#2682);
#2678 = LINE('',#2679,#2680);
#2679 = CARTESIAN_POINT('',(-30.0961408637,9.1));
#2680 = VECTOR('',#2681,1.);
#2681 = DIRECTION('',(1.,0.));
#2682 = ( GEOMETRIC_REPRESENTATION_CONTEXT(2) 
PARAMETRIC_REPRESENTATION_CONTEXT() REPRESENTATION_CONTEXT('2D SPACE',''
  ) );
#2683 = ADVANCED_FACE('',(#2684),#1065,.T.);
#2684 = FACE_BOUND('',#2685,.T.);
#2685 = EDGE_LOOP('',(#2686,#2735,#2736,#2737,#2787));
#2686 = ORIENTED_EDGE('',*,*,#2687,.F.);
#2687 = EDGE_CURVE('',#1049,#2688,#2690,.T.);
#2688 = VERTEX_POINT('',#2689);
#2689 = CARTESIAN_POINT('',(22.34394629578,59.2093931029,7.050922735104)
  );
#2690 = SURFACE_CURVE('',#2691,(#2697,#2726),.PCURVE_S1.);
#2691 = B_SPLINE_CURVE_WITH_KNOTS('',3,(#2692,#2693,#2694,#2695,#2696),
  .UNSPECIFIED.,.F.,.F.,(4,1,4),(0.,7.433397073338E-05,
    1.486679414668E-04),.QUASI_UNIFORM_KNOTS.);
#2692 = CARTESIAN_POINT('',(22.35,59.074143433894,7.004483585078));
#2693 = CARTESIAN_POINT('',(22.35,59.098982549313,7.004483585078));
#2694 = CARTESIAN_POINT('',(22.349578498905,59.148199635126,
    7.007716516083));
#2695 = CARTESIAN_POINT('',(22.346706514821,59.196121604351,
    7.029744753952));
#2696 = CARTESIAN_POINT('',(22.34394541216,59.209392976403,7.05092252668
    ));
#2697 = PCURVE('',#1065,#2698);
#2698 = DEFINITIONAL_REPRESENTATION('',(#2699),#2725);
#2699 = B_SPLINE_CURVE_WITH_KNOTS('',3,(#2700,#2701,#2702,#2703,#2704,
    #2705,#2706,#2707,#2708,#2709,#2710,#2711,#2712,#2713,#2714,#2715,
    #2716,#2717,#2718,#2719,#2720,#2721,#2722,#2723,#2724),
  .UNSPECIFIED.,.F.,.F.,(4,1,1,1,1,1,1,1,1,1,1,1,1,1,1,1,1,1,1,1,1,1,4),
  (0.,6.757633703035E-06,1.351526740607E-05,2.02729011091E-05,
    2.703053481214E-05,3.378816851517E-05,4.054580221821E-05,
    4.730343592124E-05,5.406106962428E-05,6.081870332731E-05,
    6.757633703035E-05,7.433397073338E-05,8.109160443642E-05,
    8.784923813945E-05,9.460687184248E-05,1.013645055455E-04,
    1.081221392486E-04,1.148797729516E-04,1.216374066546E-04,
    1.283950403577E-04,1.351526740607E-04,1.419103077637E-04,
    1.486679414668E-04),.QUASI_UNIFORM_KNOTS.);
#2700 = CARTESIAN_POINT('',(3.490586177325,1.));
#2701 = CARTESIAN_POINT('',(3.490015050862,0.998217461583));
#2702 = CARTESIAN_POINT('',(3.488875780031,0.994626362501));
#2703 = CARTESIAN_POINT('',(3.487178082804,0.989144139802));
#2704 = CARTESIAN_POINT('',(3.485493861052,0.983548950207));
#2705 = CARTESIAN_POINT('',(3.483825368199,0.977823000083));
#2706 = CARTESIAN_POINT('',(3.48217485033,0.971948452381));
#2707 = CARTESIAN_POINT('',(3.480544546167,0.965907342074));
#2708 = CARTESIAN_POINT('',(3.478936688917,0.959681611533));
#2709 = CARTESIAN_POINT('',(3.477353507837,0.953253115691));
#2710 = CARTESIAN_POINT('',(3.475797230608,0.946603636496));
#2711 = CARTESIAN_POINT('',(3.474270084359,0.939714899606));
#2712 = CARTESIAN_POINT('',(3.472774302947,0.932568582967));
#2713 = CARTESIAN_POINT('',(3.471312112286,0.925146366848));
#2714 = CARTESIAN_POINT('',(3.46989980448,0.917451755302));
#2715 = CARTESIAN_POINT('',(3.46855391099,0.909487918649));
#2716 = CARTESIAN_POINT('',(3.467291196659,0.901257814814));
#2717 = CARTESIAN_POINT('',(3.466128674374,0.892764291058));
#2718 = CARTESIAN_POINT('',(3.465083612427,0.884010218075));
#2719 = CARTESIAN_POINT('',(3.464173542859,0.874998648086));
#2720 = CARTESIAN_POINT('',(3.463416264697,0.865732982944));
#2721 = CARTESIAN_POINT('',(3.462829857077,0.856217220336));
#2722 = CARTESIAN_POINT('',(3.462432646683,0.846456022404));
#2723 = CARTESIAN_POINT('',(3.462306438668,0.839789049248));
#2724 = CARTESIAN_POINT('',(3.462281083415,0.836416642653));
#2725 = ( GEOMETRIC_REPRESENTATION_CONTEXT(2) 
PARAMETRIC_REPRESENTATION_CONTEXT() REPRESENTATION_CONTEXT('2D SPACE',''
  ) );
#2726 = PCURVE('',#1100,#2727);
#2727 = DEFINITIONAL_REPRESENTATION('',(#2728),#2734);
#2728 = B_SPLINE_CURVE_WITH_KNOTS('',3,(#2729,#2730,#2731,#2732,#2733),
  .UNSPECIFIED.,.F.,.F.,(4,1,4),(0.,7.433397073338E-05,
    1.486679414668E-04),.QUASI_UNIFORM_KNOTS.);
#2729 = CARTESIAN_POINT('',(48.448526655381,0.974143433894));
#2730 = CARTESIAN_POINT('',(48.448526655381,0.998982549313));
#2731 = CARTESIAN_POINT('',(48.445266363054,1.048199635125));
#2732 = CARTESIAN_POINT('',(48.423051693213,1.096121604351));
#2733 = CARTESIAN_POINT('',(48.401694686267,1.109392976403));
#2734 = ( GEOMETRIC_REPRESENTATION_CONTEXT(2) 
PARAMETRIC_REPRESENTATION_CONTEXT() REPRESENTATION_CONTEXT('2D SPACE',''
  ) );
#2735 = ORIENTED_EDGE('',*,*,#1048,.F.);
#2736 = ORIENTED_EDGE('',*,*,#2194,.F.);
#2737 = ORIENTED_EDGE('',*,*,#2738,.F.);
#2738 = EDGE_CURVE('',#2739,#2172,#2741,.T.);
#2739 = VERTEX_POINT('',#2740);
#2740 = CARTESIAN_POINT('',(22.129941877152,59.4886047241,7.485690768509
    ));
#2741 = SURFACE_CURVE('',#2742,(#2747,#2753),.PCURVE_S1.);
#2742 = ELLIPSE('',#2743,4.728261896559,2.);
#2743 = AXIS2_PLACEMENT_3D('',#2744,#2745,#2746);
#2744 = CARTESIAN_POINT('',(21.35,60.1,11.919525183062));
#2745 = DIRECTION('',(0.984878598603,1.370662874032E-16,0.173245911967)
  );
#2746 = DIRECTION('',(-0.173245911967,4.747475742125E-33,0.984878598603)
  );
#2747 = PCURVE('',#1065,#2748);
#2748 = DEFINITIONAL_REPRESENTATION('',(#2749),#2752);
#2749 = B_SPLINE_CURVE_WITH_KNOTS('',1,(#2750,#2751),.UNSPECIFIED.,.F.,
  .F.,(2,2),(2.830920782071,3.14159265359),.PIECEWISE_BEZIER_KNOTS.);
#2750 = CARTESIAN_POINT('',(3.452259306715,3.400575901633E-05));
#2751 = CARTESIAN_POINT('',(3.14159265359,-7.237297031227E-14));
#2752 = ( GEOMETRIC_REPRESENTATION_CONTEXT(2) 
PARAMETRIC_REPRESENTATION_CONTEXT() REPRESENTATION_CONTEXT('2D SPACE',''
  ) );
#2753 = PCURVE('',#2754,#2759);
#2754 = CYLINDRICAL_SURFACE('',#2755,2.);
#2755 = AXIS2_PLACEMENT_3D('',#2756,#2757,#2758);
#2756 = CARTESIAN_POINT('',(4.945798489344,60.1,35.347152872702));
#2757 = DIRECTION('',(-0.573576436351,0.,0.819152044289));
#2758 = DIRECTION('',(0.819152044289,0.,0.573576436351));
#2759 = DEFINITIONAL_REPRESENTATION('',(#2760),#2786);
#2760 = B_SPLINE_CURVE_WITH_KNOTS('',3,(#2761,#2762,#2763,#2764,#2765,
    #2766,#2767,#2768,#2769,#2770,#2771,#2772,#2773,#2774,#2775,#2776,
    #2777,#2778,#2779,#2780,#2781,#2782,#2783,#2784,#2785),
  .UNSPECIFIED.,.F.,.F.,(4,1,1,1,1,1,1,1,1,1,1,1,1,1,1,1,1,1,1,1,1,1,4),
  (2.830920782071,2.845042230776,2.859163679482,2.873285128187,
    2.887406576892,2.901528025598,2.915649474303,2.929770923009,
    2.943892371714,2.958013820419,2.972135269125,2.98625671783,
    3.000378166536,3.014499615241,3.028621063947,3.042742512652,
    3.056863961357,3.070985410063,3.085106858768,3.099228307474,
    3.113349756179,3.127471204884,3.14159265359),.QUASI_UNIFORM_KNOTS.);
#2761 = CARTESIAN_POINT('',(3.452264525109,-32.67919336582));
#2762 = CARTESIAN_POINT('',(3.44755737554,-32.68535855792));
#2763 = CARTESIAN_POINT('',(3.438143076403,-32.69741772951));
#2764 = CARTESIAN_POINT('',(3.424021627698,-32.71468942108));
#2765 = CARTESIAN_POINT('',(3.409900178993,-32.73114055466));
#2766 = CARTESIAN_POINT('',(3.395778730287,-32.74676786256));
#2767 = CARTESIAN_POINT('',(3.381657281582,-32.76156822506));
#2768 = CARTESIAN_POINT('',(3.367535832876,-32.77553869171));
#2769 = CARTESIAN_POINT('',(3.353414384171,-32.78867647638));
#2770 = CARTESIAN_POINT('',(3.339292935466,-32.80097895932));
#2771 = CARTESIAN_POINT('',(3.32517148676,-32.81244368723));
#2772 = CARTESIAN_POINT('',(3.311050038055,-32.82306837392));
#2773 = CARTESIAN_POINT('',(3.296928589349,-32.83285090071));
#2774 = CARTESIAN_POINT('',(3.282807140644,-32.84178931683));
#2775 = CARTESIAN_POINT('',(3.268685691938,-32.84988183986));
#2776 = CARTESIAN_POINT('',(3.254564243233,-32.85712685605));
#2777 = CARTESIAN_POINT('',(3.240442794528,-32.86352292065));
#2778 = CARTESIAN_POINT('',(3.226321345822,-32.86906875824));
#2779 = CARTESIAN_POINT('',(3.212199897117,-32.87376326283));
#2780 = CARTESIAN_POINT('',(3.198078448411,-32.87760549855));
#2781 = CARTESIAN_POINT('',(3.183956999706,-32.88059469824));
#2782 = CARTESIAN_POINT('',(3.169835551001,-32.88273026942));
#2783 = CARTESIAN_POINT('',(3.155714102295,-32.88401177279));
#2784 = CARTESIAN_POINT('',(3.146299803158,-32.88429659289));
#2785 = CARTESIAN_POINT('',(3.14159265359,-32.8842965787));
#2786 = ( GEOMETRIC_REPRESENTATION_CONTEXT(2) 
PARAMETRIC_REPRESENTATION_CONTEXT() REPRESENTATION_CONTEXT('2D SPACE',''
  ) );
#2787 = ORIENTED_EDGE('',*,*,#2788,.F.);
#2788 = EDGE_CURVE('',#2688,#2739,#2789,.T.);
#2789 = SURFACE_CURVE('',#2790,(#2795,#2801),.PCURVE_S1.);
#2790 = ELLIPSE('',#2791,1.003116169644,1.001014187954);
#2791 = AXIS2_PLACEMENT_3D('',#2792,#2793,#2794);
#2792 = CARTESIAN_POINT('',(21.347944440391,59.182589380189,
    6.940172327885));
#2793 = DIRECTION('',(-3.581105089976E-02,-0.848809247778,0.527485004072
    ));
#2794 = DIRECTION('',(0.894163848924,-0.262936320821,-0.362402404062));
#2795 = PCURVE('',#1065,#2796);
#2796 = DEFINITIONAL_REPRESENTATION('',(#2797),#2800);
#2797 = B_SPLINE_CURVE_WITH_KNOTS('',1,(#2798,#2799),.UNSPECIFIED.,.F.,
  .F.,(2,2),(0.572062021064,1.137605134559),.PIECEWISE_BEZIER_KNOTS.);
#2798 = CARTESIAN_POINT('',(3.462281081795,0.8364164283));
#2799 = CARTESIAN_POINT('',(3.452259306181,3.400566592628E-05));
#2800 = ( GEOMETRIC_REPRESENTATION_CONTEXT(2) 
PARAMETRIC_REPRESENTATION_CONTEXT() REPRESENTATION_CONTEXT('2D SPACE',''
  ) );
#2801 = PCURVE('',#2802,#2824);
#2802 = ( BOUNDED_SURFACE() B_SPLINE_SURFACE(3,2,(
    (#2803,#2804,#2805)
    ,(#2806,#2807,#2808)
    ,(#2809,#2810,#2811)
    ,(#2812,#2813,#2814)
    ,(#2815,#2816,#2817)
    ,(#2818,#2819,#2820)
    ,(#2821,#2822,#2823
)),.UNSPECIFIED.,.F.,.F.,.F.) B_SPLINE_SURFACE_WITH_KNOTS((4,1,1,1,4),(3
    ,3),(1.569988560422,1.890046442548,2.2092965583,2.528546674053,
    2.847796789806),(-1.440255925146E-05,1.000807766373),.UNSPECIFIED.) 
GEOMETRIC_REPRESENTATION_ITEM() RATIONAL_B_SPLINE_SURFACE((
    (1.000008444239,0.706612558212,1.000473970187)
    ,(1.000007480765,0.740087581801,1.00041989097)
    ,(1.000005693668,0.80217866849,1.000319582232)
    ,(1.000003527498,0.87744027043,1.000197996402)
    ,(1.000001947773,0.932326389287,1.000109327358)
    ,(1.0000013175,0.954224646952,1.000073950516)
    ,(1.000001112874,0.961334210165,1.000062464949
))) REPRESENTATION_ITEM('') SURFACE() );
#2803 = CARTESIAN_POINT('',(21.543103169907,57.09998061162,
    13.193415970144));
#2804 = CARTESIAN_POINT('',(21.543171845225,58.101861220844,
    13.193047127576));
#2805 = CARTESIAN_POINT('',(20.54970087513,58.099999187357,
    13.063521720824));
#2806 = CARTESIAN_POINT('',(21.632499973195,57.09972082035,
    12.507738755437));
#2807 = CARTESIAN_POINT('',(21.622409832672,58.011112332517,
    12.585267065694));
#2808 = CARTESIAN_POINT('',(20.726552439852,58.099933498861,
    12.439011806431));
#2809 = CARTESIAN_POINT('',(21.811072640156,57.202395911104,
    11.138078942106));
#2810 = CARTESIAN_POINT('',(21.786734347797,57.936660907653,
    11.324854349902));
#2811 = CARTESIAN_POINT('',(21.079847831837,58.168575931891,
    11.191590849994));
#2812 = CARTESIAN_POINT('',(22.051742959374,57.649743932644,
    9.292127542573));
#2813 = CARTESIAN_POINT('',(22.02261397189,58.161692890058,
    9.515606880244));
#2814 = CARTESIAN_POINT('',(21.556046006148,58.46693709608,
    9.510546482496));
#2815 = CARTESIAN_POINT('',(22.240874062314,58.34434490601,
    7.841484084325));
#2816 = CARTESIAN_POINT('',(22.209773219938,58.665809942371,
    8.080060244062));
#2817 = CARTESIAN_POINT('',(21.930307286354,58.929966628986,
    8.189537098972));
#2818 = CARTESIAN_POINT('',(22.319994856053,58.92566085931,
    7.234624292024));
#2819 = CARTESIAN_POINT('',(22.289336660597,59.138080733771,
    7.469794831138));
#2820 = CARTESIAN_POINT('',(22.086883434898,59.317387349689,
    7.636928714297));
#2821 = CARTESIAN_POINT('',(22.345817666789,59.231233103052,
    7.036562255237));
#2822 = CARTESIAN_POINT('',(22.314807441085,59.388032221721,
    7.274429558263));
#2823 = CARTESIAN_POINT('',(22.137987437926,59.521031370068,
    7.456567869949));
#2824 = DEFINITIONAL_REPRESENTATION('',(#2825),#2828);
#2825 = B_SPLINE_CURVE_WITH_KNOTS('',1,(#2826,#2827),.UNSPECIFIED.,.F.,
  .F.,(2,2),(0.572062021064,1.137605134559),.PIECEWISE_BEZIER_KNOTS.);
#2826 = CARTESIAN_POINT('',(2.840180704108,-2.124952323194E-06));
#2827 = CARTESIAN_POINT('',(2.830921872478,0.999991822653));
#2828 = ( GEOMETRIC_REPRESENTATION_CONTEXT(2) 
PARAMETRIC_REPRESENTATION_CONTEXT() REPRESENTATION_CONTEXT('2D SPACE',''
  ) );
#2829 = ADVANCED_FACE('',(#2830,#2939,#3187),#1100,.T.);
#2830 = FACE_BOUND('',#2831,.T.);
#2831 = EDGE_LOOP('',(#2832,#2833,#2834,#2857,#2885,#2913));
#2832 = ORIENTED_EDGE('',*,*,#1084,.T.);
#2833 = ORIENTED_EDGE('',*,*,#2687,.T.);
#2834 = ORIENTED_EDGE('',*,*,#2835,.F.);
#2835 = EDGE_CURVE('',#2836,#2688,#2838,.T.);
#2836 = VERTEX_POINT('',#2837);
#2837 = CARTESIAN_POINT('',(21.543780031984,57.1,13.18822441135));
#2838 = SURFACE_CURVE('',#2839,(#2844,#2851),.PCURVE_S1.);
#2839 = ELLIPSE('',#2840,6.481438661431,3.);
#2840 = AXIS2_PLACEMENT_3D('',#2841,#2842,#2843);
#2841 = CARTESIAN_POINT('',(21.543780031984,60.1,13.18822441135));
#2842 = DIRECTION('',(0.991607709035,0.,0.129283221584));
#2843 = DIRECTION('',(-0.129283221584,0.,0.991607709035));
#2844 = PCURVE('',#1100,#2845);
#2845 = DEFINITIONAL_REPRESENTATION('',(#2846),#2850);
#2846 = ELLIPSE('',#2847,6.481438661431,3.);
#2847 = AXIS2_PLACEMENT_2D('',#2848,#2849);
#2848 = CARTESIAN_POINT('',(42.212450866607,2.));
#2849 = DIRECTION('',(-1.,0.));
#2850 = ( GEOMETRIC_REPRESENTATION_CONTEXT(2) 
PARAMETRIC_REPRESENTATION_CONTEXT() REPRESENTATION_CONTEXT('2D SPACE',''
  ) );
#2851 = PCURVE('',#2802,#2852);
#2852 = DEFINITIONAL_REPRESENTATION('',(#2853),#2856);
#2853 = B_SPLINE_CURVE_WITH_KNOTS('',1,(#2854,#2855),.UNSPECIFIED.,.F.,
  .F.,(2,2),(1.570796326795,2.840180500352),.PIECEWISE_BEZIER_KNOTS.);
#2854 = CARTESIAN_POINT('',(1.570796326795,9.853592145375E-15));
#2855 = CARTESIAN_POINT('',(2.840180670153,-2.398115250317E-06));
#2856 = ( GEOMETRIC_REPRESENTATION_CONTEXT(2) 
PARAMETRIC_REPRESENTATION_CONTEXT() REPRESENTATION_CONTEXT('2D SPACE',''
  ) );
#2857 = ORIENTED_EDGE('',*,*,#2858,.T.);
#2858 = EDGE_CURVE('',#2836,#2859,#2861,.T.);
#2859 = VERTEX_POINT('',#2860);
#2860 = CARTESIAN_POINT('',(16.086418392983,57.1,55.046416107921));
#2861 = SURFACE_CURVE('',#2862,(#2866,#2873),.PCURVE_S1.);
#2862 = LINE('',#2863,#2864);
#2863 = CARTESIAN_POINT('',(21.543780031984,57.1,13.18822441135));
#2864 = VECTOR('',#2865,1.);
#2865 = DIRECTION('',(-0.129283221584,0.,0.991607709035));
#2866 = PCURVE('',#1100,#2867);
#2867 = DEFINITIONAL_REPRESENTATION('',(#2868),#2872);
#2868 = LINE('',#2869,#2870);
#2869 = CARTESIAN_POINT('',(42.212450866607,-1.));
#2870 = VECTOR('',#2871,1.);
#2871 = DIRECTION('',(-1.,0.));
#2872 = ( GEOMETRIC_REPRESENTATION_CONTEXT(2) 
PARAMETRIC_REPRESENTATION_CONTEXT() REPRESENTATION_CONTEXT('2D SPACE',''
  ) );
#2873 = PCURVE('',#2874,#2879);
#2874 = CYLINDRICAL_SURFACE('',#2875,1.);
#2875 = AXIS2_PLACEMENT_3D('',#2876,#2877,#2878);
#2876 = CARTESIAN_POINT('',(15.094810683948,57.1,54.917132886337));
#2877 = DIRECTION('',(-0.129283221584,0.,0.991607709035));
#2878 = DIRECTION('',(0.991607709035,0.,0.129283221584));
#2879 = DEFINITIONAL_REPRESENTATION('',(#2880),#2884);
#2880 = LINE('',#2881,#2882);
#2881 = CARTESIAN_POINT('',(0.,-42.2124508666));
#2882 = VECTOR('',#2883,1.);
#2883 = DIRECTION('',(0.,1.));
#2884 = ( GEOMETRIC_REPRESENTATION_CONTEXT(2) 
PARAMETRIC_REPRESENTATION_CONTEXT() REPRESENTATION_CONTEXT('2D SPACE',''
  ) );
#2885 = ORIENTED_EDGE('',*,*,#2886,.T.);
#2886 = EDGE_CURVE('',#2859,#2887,#2889,.T.);
#2887 = VERTEX_POINT('',#2888);
#2888 = CARTESIAN_POINT('',(16.086418392983,39.1,55.046416107921));
#2889 = SURFACE_CURVE('',#2890,(#2894,#2901),.PCURVE_S1.);
#2890 = LINE('',#2891,#2892);
#2891 = CARTESIAN_POINT('',(16.086418392983,57.1,55.046416107921));
#2892 = VECTOR('',#2893,1.);
#2893 = DIRECTION('',(0.,-1.,0.));
#2894 = PCURVE('',#1100,#2895);
#2895 = DEFINITIONAL_REPRESENTATION('',(#2896),#2900);
#2896 = LINE('',#2897,#2898);
#2897 = CARTESIAN_POINT('',(0.,-1.));
#2898 = VECTOR('',#2899,1.);
#2899 = DIRECTION('',(0.,-1.));
#2900 = ( GEOMETRIC_REPRESENTATION_CONTEXT(2) 
PARAMETRIC_REPRESENTATION_CONTEXT() REPRESENTATION_CONTEXT('2D SPACE',''
  ) );
#2901 = PCURVE('',#2902,#2907);
#2902 = CYLINDRICAL_SURFACE('',#2903,5.);
#2903 = AXIS2_PLACEMENT_3D('',#2904,#2905,#2906);
#2904 = CARTESIAN_POINT('',(11.12837984781,58.1,54.4));
#2905 = DIRECTION('',(0.,-1.,0.));
#2906 = DIRECTION('',(0.,0.,-1.));
#2907 = DEFINITIONAL_REPRESENTATION('',(#2908),#2912);
#2908 = LINE('',#2909,#2910);
#2909 = CARTESIAN_POINT('',(1.700442427631,1.));
#2910 = VECTOR('',#2911,1.);
#2911 = DIRECTION('',(0.,1.));
#2912 = ( GEOMETRIC_REPRESENTATION_CONTEXT(2) 
PARAMETRIC_REPRESENTATION_CONTEXT() REPRESENTATION_CONTEXT('2D SPACE',''
  ) );
#2913 = ORIENTED_EDGE('',*,*,#2914,.F.);
#2914 = EDGE_CURVE('',#1085,#2887,#2915,.T.);
#2915 = SURFACE_CURVE('',#2916,(#2920,#2927),.PCURVE_S1.);
#2916 = LINE('',#2917,#2918);
#2917 = CARTESIAN_POINT('',(22.35,39.1,7.004483585078));
#2918 = VECTOR('',#2919,1.);
#2919 = DIRECTION('',(-0.129283221584,0.,0.991607709035));
#2920 = PCURVE('',#1100,#2921);
#2921 = DEFINITIONAL_REPRESENTATION('',(#2922),#2926);
#2922 = LINE('',#2923,#2924);
#2923 = CARTESIAN_POINT('',(48.448526655381,-19.));
#2924 = VECTOR('',#2925,1.);
#2925 = DIRECTION('',(-1.,0.));
#2926 = ( GEOMETRIC_REPRESENTATION_CONTEXT(2) 
PARAMETRIC_REPRESENTATION_CONTEXT() REPRESENTATION_CONTEXT('2D SPACE',''
  ) );
#2927 = PCURVE('',#2928,#2933);
#2928 = CYLINDRICAL_SURFACE('',#2929,1.);
#2929 = AXIS2_PLACEMENT_3D('',#2930,#2931,#2932);
#2930 = CARTESIAN_POINT('',(21.882793469465,39.1,2.853021422906));
#2931 = DIRECTION('',(-0.129283221584,0.,0.991607709035));
#2932 = DIRECTION('',(0.991607709035,0.,0.129283221584));
#2933 = DEFINITIONAL_REPRESENTATION('',(#2934),#2938);
#2934 = LINE('',#2935,#2936);
#2935 = CARTESIAN_POINT('',(6.28318530718,4.056219918362));
#2936 = VECTOR('',#2937,1.);
#2937 = DIRECTION('',(0.,1.));
#2938 = ( GEOMETRIC_REPRESENTATION_CONTEXT(2) 
PARAMETRIC_REPRESENTATION_CONTEXT() REPRESENTATION_CONTEXT('2D SPACE',''
  ) );
#2939 = FACE_BOUND('',#2940,.T.);
#2940 = EDGE_LOOP('',(#2941,#2976,#3004,#3072,#3100,#3128,#3161));
#2941 = ORIENTED_EDGE('',*,*,#2942,.T.);
#2942 = EDGE_CURVE('',#2943,#2945,#2947,.T.);
#2943 = VERTEX_POINT('',#2944);
#2944 = CARTESIAN_POINT('',(19.987898737392,53.685153158465,
    25.121898921891));
#2945 = VERTEX_POINT('',#2946);
#2946 = CARTESIAN_POINT('',(20.091766622703,54.481725032759,
    24.325227903539));
#2947 = SURFACE_CURVE('',#2948,(#2953,#2964),.PCURVE_S1.);
#2948 = CIRCLE('',#2949,0.8);
#2949 = AXIS2_PLACEMENT_3D('',#2950,#2951,#2952);
#2950 = CARTESIAN_POINT('',(20.091324369113,53.681732346514,
    24.32862000704));
#2951 = DIRECTION('',(-0.991607709035,3.02224815541E-18,-0.129283221584)
  );
#2952 = DIRECTION('',(-9.102530628351E-02,0.710123915838,0.698167900845)
  );
#2953 = PCURVE('',#1100,#2954);
#2954 = DEFINITIONAL_REPRESENTATION('',(#2955),#2963);
#2955 = ( BOUNDED_CURVE() B_SPLINE_CURVE(2,(#2956,#2957,#2958,#2959,
#2960,#2961,#2962),.UNSPECIFIED.,.T.,.F.) B_SPLINE_CURVE_WITH_KNOTS((1,2
    ,2,2,2,1),(-2.094395102393,0.,2.094395102393,4.188790204786,
6.28318530718,8.377580409573),.UNSPECIFIED.) CURVE() 
GEOMETRIC_REPRESENTATION_ITEM() RATIONAL_B_SPLINE_CURVE((1.,0.5,1.,0.5,
1.,0.5,1.)) REPRESENTATION_ITEM('') );
#2956 = CARTESIAN_POINT('',(30.414509190906,-3.850168520815));
#2957 = CARTESIAN_POINT('',(31.398485752427,-2.874571203077));
#2958 = CARTESIAN_POINT('',(31.751389532691,-4.214518560952));
#2959 = CARTESIAN_POINT('',(32.104293312955,-5.554465918827));
#2960 = CARTESIAN_POINT('',(30.76741297117,-5.19011587869));
#2961 = CARTESIAN_POINT('',(29.430532629385,-4.825765838553));
#2962 = CARTESIAN_POINT('',(30.414509190906,-3.850168520815));
#2963 = ( GEOMETRIC_REPRESENTATION_CONTEXT(2) 
PARAMETRIC_REPRESENTATION_CONTEXT() REPRESENTATION_CONTEXT('2D SPACE',''
  ) );
#2964 = PCURVE('',#2965,#2970);
#2965 = CYLINDRICAL_SURFACE('',#2966,0.8);
#2966 = AXIS2_PLACEMENT_3D('',#2967,#2968,#2969);
#2967 = CARTESIAN_POINT('',(24.036862640185,53.681732346514,
    24.843028975345));
#2968 = DIRECTION('',(-0.991607709035,1.179170435209E-15,-0.129283221584
    ));
#2969 = DIRECTION('',(-9.102530628351E-02,0.710123915838,0.698167900845)
  );
#2970 = DEFINITIONAL_REPRESENTATION('',(#2971),#2975);
#2971 = LINE('',#2972,#2973);
#2972 = CARTESIAN_POINT('',(-1.33226762955E-14,3.97893061452));
#2973 = VECTOR('',#2974,1.);
#2974 = DIRECTION('',(1.,0.));
#2975 = ( GEOMETRIC_REPRESENTATION_CONTEXT(2) 
PARAMETRIC_REPRESENTATION_CONTEXT() REPRESENTATION_CONTEXT('2D SPACE',''
  ) );
#2976 = ORIENTED_EDGE('',*,*,#2977,.T.);
#2977 = EDGE_CURVE('',#2945,#2978,#2980,.T.);
#2978 = VERTEX_POINT('',#2979);
#2979 = CARTESIAN_POINT('',(20.319776133484,54.47418359795,
    22.576385433083));
#2980 = SURFACE_CURVE('',#2981,(#2985,#2992),.PCURVE_S1.);
#2981 = LINE('',#2982,#2983);
#2982 = CARTESIAN_POINT('',(18.42463347635,54.536865609563,
    37.11220876349));
#2983 = VECTOR('',#2984,1.);
#2984 = DIRECTION('',(0.129282039652,-4.276014937617E-03,-0.991598643565
    ));
#2985 = PCURVE('',#1100,#2986);
#2986 = DEFINITIONAL_REPRESENTATION('',(#2987),#2991);
#2987 = LINE('',#2988,#2989);
#2988 = CARTESIAN_POINT('',(18.085990236897,-3.563134390437));
#2989 = VECTOR('',#2990,1.);
#2990 = DIRECTION('',(0.999990857806,-4.276014937617E-03));
#2991 = ( GEOMETRIC_REPRESENTATION_CONTEXT(2) 
PARAMETRIC_REPRESENTATION_CONTEXT() REPRESENTATION_CONTEXT('2D SPACE',''
  ) );
#2992 = PCURVE('',#2993,#2998);
#2993 = PLANE('',#2994);
#2994 = AXIS2_PLACEMENT_3D('',#2995,#2996,#2997);
#2995 = CARTESIAN_POINT('',(24.710313821363,54.459465202738,
    19.67763028918));
#2996 = DIRECTION('',(-5.528169866786E-04,-0.999990857806,
    4.240129376088E-03));
#2997 = DIRECTION('',(0.129282039652,-4.276014937617E-03,-0.991598643565
    ));
#2998 = DEFINITIONAL_REPRESENTATION('',(#2999),#3003);
#2999 = LINE('',#3000,#3001);
#3000 = CARTESIAN_POINT('',(-18.10106090715,-3.97893061452));
#3001 = VECTOR('',#3002,1.);
#3002 = DIRECTION('',(1.,9.670304091874E-16));
#3003 = ( GEOMETRIC_REPRESENTATION_CONTEXT(2) 
PARAMETRIC_REPRESENTATION_CONTEXT() REPRESENTATION_CONTEXT('2D SPACE',''
  ) );
#3004 = ORIENTED_EDGE('',*,*,#3005,.T.);
#3005 = EDGE_CURVE('',#2978,#3006,#3008,.T.);
#3006 = VERTEX_POINT('',#3007);
#3007 = CARTESIAN_POINT('',(20.533680805924,53.267097711189,
    20.935727661785));
#3008 = SURFACE_CURVE('',#3009,(#3022,#3038),.PCURVE_S1.);
#3009 = B_SPLINE_CURVE_WITH_KNOTS('',3,(#3010,#3011,#3012,#3013,#3014,
    #3015,#3016,#3017,#3018,#3019,#3020,#3021),.UNSPECIFIED.,.F.,.F.,(4,
    2,2,2,2,4),(0.182621463392,0.233890877466,0.292115037772,
    0.351562952506,0.373303668228,0.387287254883),.UNSPECIFIED.);
#3010 = CARTESIAN_POINT('',(20.319776133484,54.47418359795,
    22.576385433083));
#3011 = CARTESIAN_POINT('',(20.341870181561,54.473452835349,
    22.406923161576));
#3012 = CARTESIAN_POINT('',(20.367877399329,54.433582833589,
    22.207446715108));
#3013 = CARTESIAN_POINT('',(20.412037381001,54.304992245596,
    21.868737811354));
#3014 = CARTESIAN_POINT('',(20.437837667284,54.184929652658,
    21.670848538026));
#3015 = CARTESIAN_POINT('',(20.477278187822,53.938384944735,
    21.368338098272));
#3016 = CARTESIAN_POINT('',(20.498595568636,53.767047582992,
    21.204832897113));
#3017 = CARTESIAN_POINT('',(20.519314026854,53.548970005168,
    21.04592145728));
#3018 = CARTESIAN_POINT('',(20.525520038815,53.476456353873,
    20.998321086345));
#3019 = CARTESIAN_POINT('',(20.53174687562,53.367550495646,
    20.950560987986));
#3020 = CARTESIAN_POINT('',(20.533706573805,53.31370924057,
    20.935530021063));
#3021 = CARTESIAN_POINT('',(20.533680805924,53.267097711189,
    20.935727661785));
#3022 = PCURVE('',#1100,#3023);
#3023 = DEFINITIONAL_REPRESENTATION('',(#3024),#3037);
#3024 = B_SPLINE_CURVE_WITH_KNOTS('',3,(#3025,#3026,#3027,#3028,#3029,
    #3030,#3031,#3032,#3033,#3034,#3035,#3036),.UNSPECIFIED.,.F.,.F.,(4,
    2,2,2,2,4),(0.182621463392,0.233890877466,0.292115037772,
    0.351562952506,0.373303668228,0.387287254883),.UNSPECIFIED.);
#3025 = CARTESIAN_POINT('',(32.744834856569,-3.62581640205));
#3026 = CARTESIAN_POINT('',(32.915731341099,-3.626547164651));
#3027 = CARTESIAN_POINT('',(33.116896020085,-3.666417166411));
#3028 = CARTESIAN_POINT('',(33.458471524862,-3.795007754404));
#3029 = CARTESIAN_POINT('',(33.658035597958,-3.915070347342));
#3030 = CARTESIAN_POINT('',(33.963106279638,-4.161615055265));
#3031 = CARTESIAN_POINT('',(34.127995277241,-4.332952417008));
#3032 = CARTESIAN_POINT('',(34.288251635059,-4.551029994832));
#3033 = CARTESIAN_POINT('',(34.336254863049,-4.623543646127));
#3034 = CARTESIAN_POINT('',(34.384419170289,-4.732449504354));
#3035 = CARTESIAN_POINT('',(34.399577349059,-4.78629075943));
#3036 = CARTESIAN_POINT('',(34.399378035641,-4.832902288811));
#3037 = ( GEOMETRIC_REPRESENTATION_CONTEXT(2) 
PARAMETRIC_REPRESENTATION_CONTEXT() REPRESENTATION_CONTEXT('2D SPACE',''
  ) );
#3038 = PCURVE('',#3039,#3044);
#3039 = TOROIDAL_SURFACE('',#3040,2.,1.2);
#3040 = AXIS2_PLACEMENT_3D('',#3041,#3042,#3043);
#3041 = CARTESIAN_POINT('',(21.329654508625,53.26631779727,
    20.855569965065));
#3042 = DIRECTION('',(5.528169866786E-04,0.999990857806,
    -4.240129376088E-03));
#3043 = DIRECTION('',(-0.991607709035,1.17622385509E-15,-0.129283221584)
  );
#3044 = DEFINITIONAL_REPRESENTATION('',(#3045),#3071);
#3045 = B_SPLINE_CURVE_WITH_KNOTS('',3,(#3046,#3047,#3048,#3049,#3050,
    #3051,#3052,#3053,#3054,#3055,#3056,#3057,#3058,#3059,#3060,#3061,
    #3062,#3063,#3064,#3065,#3066,#3067,#3068,#3069,#3070),
  .UNSPECIFIED.,.F.,.F.,(4,1,1,1,1,1,1,1,1,1,1,1,1,1,1,1,1,1,1,1,1,1,4),
  (0.182621463392,0.191924453914,0.201227444436,0.210530434959,
    0.219833425481,0.229136416003,0.238439406526,0.247742397048,
    0.25704538757,0.266348378093,0.275651368615,0.284954359137,
    0.29425734966,0.303560340182,0.312863330704,0.322166321227,
    0.331469311749,0.340772302271,0.350075292794,0.359378283316,
    0.368681273838,0.377984264361,0.387287254883),
  .QUASI_UNIFORM_KNOTS.);
#3046 = CARTESIAN_POINT('',(1.17074533619,1.570796326795));
#3047 = CARTESIAN_POINT('',(1.16471634419,1.59458570453));
#3048 = CARTESIAN_POINT('',(1.151715071616,1.643568570029));
#3049 = CARTESIAN_POINT('',(1.129555829289,1.719480132042));
#3050 = CARTESIAN_POINT('',(1.104835659649,1.796109422921));
#3051 = CARTESIAN_POINT('',(1.077917410243,1.871542547773));
#3052 = CARTESIAN_POINT('',(1.049195076964,1.944336581918));
#3053 = CARTESIAN_POINT('',(1.020154903072,2.01193523876));
#3054 = CARTESIAN_POINT('',(0.987054137277,2.083099182431));
#3055 = CARTESIAN_POINT('',(0.95016119988,2.155606976236));
#3056 = CARTESIAN_POINT('',(0.90957544024,2.228355111026));
#3057 = CARTESIAN_POINT('',(0.865895722995,2.299815145695));
#3058 = CARTESIAN_POINT('',(0.819592206397,2.369260683055));
#3059 = CARTESIAN_POINT('',(0.773438914142,2.433935891068));
#3060 = CARTESIAN_POINT('',(0.722964863731,2.500731303516));
#3061 = CARTESIAN_POINT('',(0.667229357882,2.56986619699));
#3062 = CARTESIAN_POINT('',(0.607359039183,2.639778050492));
#3063 = CARTESIAN_POINT('',(0.544652855727,2.709410794314));
#3064 = CARTESIAN_POINT('',(0.48060330388,2.778213878076));
#3065 = CARTESIAN_POINT('',(0.418931474663,2.843975419162));
#3066 = CARTESIAN_POINT('',(0.357156947908,2.911375786781));
#3067 = CARTESIAN_POINT('',(0.293921429616,2.986569209368));
#3068 = CARTESIAN_POINT('',(0.24639851233,3.05929114899));
#3069 = CARTESIAN_POINT('',(0.23140813374,3.112840508616));
#3070 = CARTESIAN_POINT('',(0.230013715228,3.14159265359));
#3071 = ( GEOMETRIC_REPRESENTATION_CONTEXT(2) 
PARAMETRIC_REPRESENTATION_CONTEXT() REPRESENTATION_CONTEXT('2D SPACE',''
  ) );
#3072 = ORIENTED_EDGE('',*,*,#3073,.T.);
#3073 = EDGE_CURVE('',#3006,#3074,#3076,.T.);
#3074 = VERTEX_POINT('',#3075);
#3075 = CARTESIAN_POINT('',(20.528539607948,43.96718273359,
    20.975160864982));
#3076 = SURFACE_CURVE('',#3077,(#3081,#3088),.PCURVE_S1.);
#3077 = LINE('',#3078,#3079);
#3078 = CARTESIAN_POINT('',(20.536922945713,59.131805610279,
    20.910860314197));
#3079 = VECTOR('',#3080,1.);
#3080 = DIRECTION('',(-5.528169866786E-04,-0.999990857806,
    4.240129376088E-03));
#3081 = PCURVE('',#1100,#3082);
#3082 = DEFINITIONAL_REPRESENTATION('',(#3083),#3087);
#3083 = LINE('',#3084,#3085);
#3084 = CARTESIAN_POINT('',(34.424455843489,1.031805610279));
#3085 = VECTOR('',#3086,1.);
#3086 = DIRECTION('',(-4.276014937617E-03,-0.999990857806));
#3087 = ( GEOMETRIC_REPRESENTATION_CONTEXT(2) 
PARAMETRIC_REPRESENTATION_CONTEXT() REPRESENTATION_CONTEXT('2D SPACE',''
  ) );
#3088 = PCURVE('',#3089,#3094);
#3089 = CYLINDRICAL_SURFACE('',#3090,0.8);
#3090 = AXIS2_PLACEMENT_3D('',#3091,#3092,#3093);
#3091 = CARTESIAN_POINT('',(21.332896648414,59.131025696361,
    20.830702617478));
#3092 = DIRECTION('',(-5.528169866786E-04,-0.999990857806,
    4.240129376088E-03));
#3093 = DIRECTION('',(-0.40256609598,4.103919822969E-03,0.915381721584)
  );
#3094 = DEFINITIONAL_REPRESENTATION('',(#3095),#3099);
#3095 = LINE('',#3096,#3097);
#3096 = CARTESIAN_POINT('',(1.056109070474,1.86517468137E-14));
#3097 = VECTOR('',#3098,1.);
#3098 = DIRECTION('',(2.148818757339E-16,1.));
#3099 = ( GEOMETRIC_REPRESENTATION_CONTEXT(2) 
PARAMETRIC_REPRESENTATION_CONTEXT() REPRESENTATION_CONTEXT('2D SPACE',''
  ) );
#3100 = ORIENTED_EDGE('',*,*,#3101,.T.);
#3101 = EDGE_CURVE('',#3074,#3102,#3104,.T.);
#3102 = VERTEX_POINT('',#3103);
#3103 = CARTESIAN_POINT('',(20.085962044342,43.981821025793,
    24.369749261988));
#3104 = SURFACE_CURVE('',#3105,(#3109,#3116),.PCURVE_S1.);
#3105 = LINE('',#3106,#3107);
#3106 = CARTESIAN_POINT('',(18.030611618335,44.049801923583,
    40.134372870697));
#3107 = VECTOR('',#3108,1.);
#3108 = DIRECTION('',(-0.129282039652,4.276014937618E-03,0.991598643565)
  );
#3109 = PCURVE('',#1100,#3110);
#3110 = DEFINITIONAL_REPRESENTATION('',(#3111),#3115);
#3111 = LINE('',#3112,#3113);
#3112 = CARTESIAN_POINT('',(15.038248595045,-14.05019807641));
#3113 = VECTOR('',#3114,1.);
#3114 = DIRECTION('',(-0.999990857806,4.276014937618E-03));
#3115 = ( GEOMETRIC_REPRESENTATION_CONTEXT(2) 
PARAMETRIC_REPRESENTATION_CONTEXT() REPRESENTATION_CONTEXT('2D SPACE',''
  ) );
#3116 = PCURVE('',#3117,#3122);
#3117 = PLANE('',#3118);
#3118 = AXIS2_PLACEMENT_3D('',#3119,#3120,#3121);
#3119 = CARTESIAN_POINT('',(23.928074683693,43.985241837743,
    25.677437145145));
#3120 = DIRECTION('',(5.528169866787E-04,0.999990857806,
    -4.240129376088E-03));
#3121 = DIRECTION('',(-0.129282039652,4.276014937618E-03,0.991598643565)
  );
#3122 = DEFINITIONAL_REPRESENTATION('',(#3123),#3127);
#3123 = LINE('',#3124,#3125);
#3124 = CARTESIAN_POINT('',(15.098189969315,-3.97893061452));
#3125 = VECTOR('',#3126,1.);
#3126 = DIRECTION('',(1.,-9.670304091874E-16));
#3127 = ( GEOMETRIC_REPRESENTATION_CONTEXT(2) 
PARAMETRIC_REPRESENTATION_CONTEXT() REPRESENTATION_CONTEXT('2D SPACE',''
  ) );
#3128 = ORIENTED_EDGE('',*,*,#3129,.T.);
#3129 = EDGE_CURVE('',#3102,#3130,#3132,.T.);
#3130 = VERTEX_POINT('',#3131);
#3131 = CARTESIAN_POINT('',(19.98297866621,44.785234523988,
    25.159636073339));
#3132 = SURFACE_CURVE('',#3133,(#3138,#3149),.PCURVE_S1.);
#3133 = CIRCLE('',#3134,0.8);
#3134 = AXIS2_PLACEMENT_3D('',#3135,#3136,#3137);
#3135 = CARTESIAN_POINT('',(20.086404297932,44.781813712038,
    24.366357158487));
#3136 = DIRECTION('',(-0.991607709035,-1.251014733052E-18,
    -0.129283221584));
#3137 = DIRECTION('',(0.118106099828,-0.406736643076,-0.905878718352));
#3138 = PCURVE('',#1100,#3139);
#3139 = DEFINITIONAL_REPRESENTATION('',(#3140),#3148);
#3140 = ( BOUNDED_CURVE() B_SPLINE_CURVE(2,(#3141,#3142,#3143,#3144,
#3145,#3146,#3147),.UNSPECIFIED.,.T.,.F.) B_SPLINE_CURVE_WITH_KNOTS((1,2
    ,2,2,2,1),(-2.094395102393,0.,2.094395102393,4.188790204786,
6.28318530718,8.377580409573),.UNSPECIFIED.) CURVE() 
GEOMETRIC_REPRESENTATION_ITEM() RATIONAL_B_SPLINE_CURVE((1.,0.5,1.,0.5,
1.,0.5,1.)) REPRESENTATION_ITEM('') );
#3141 = CARTESIAN_POINT('',(31.670550398092,-13.64357560242));
#3142 = CARTESIAN_POINT('',(31.106959573206,-14.90942132055));
#3143 = CARTESIAN_POINT('',(30.292500436478,-13.78841448979));
#3144 = CARTESIAN_POINT('',(29.47804129975,-12.66740765904));
#3145 = CARTESIAN_POINT('',(30.856091261364,-12.52256877166));
#3146 = CARTESIAN_POINT('',(32.234141222978,-12.37772988429));
#3147 = CARTESIAN_POINT('',(31.670550398092,-13.64357560242));
#3148 = ( GEOMETRIC_REPRESENTATION_CONTEXT(2) 
PARAMETRIC_REPRESENTATION_CONTEXT() REPRESENTATION_CONTEXT('2D SPACE',''
  ) );
#3149 = PCURVE('',#3150,#3155);
#3150 = CYLINDRICAL_SURFACE('',#3151,0.8);
#3151 = AXIS2_PLACEMENT_3D('',#3152,#3153,#3154);
#3152 = CARTESIAN_POINT('',(24.031942569004,44.781813712038,
    24.880766126792));
#3153 = DIRECTION('',(-0.991607709035,1.179170435209E-15,-0.129283221584
    ));
#3154 = DIRECTION('',(0.118106099828,-0.406736643076,-0.905878718352));
#3155 = DEFINITIONAL_REPRESENTATION('',(#3156),#3160);
#3156 = LINE('',#3157,#3158);
#3157 = CARTESIAN_POINT('',(1.127986593019E-13,3.97893061452));
#3158 = VECTOR('',#3159,1.);
#3159 = DIRECTION('',(1.,0.));
#3160 = ( GEOMETRIC_REPRESENTATION_CONTEXT(2) 
PARAMETRIC_REPRESENTATION_CONTEXT() REPRESENTATION_CONTEXT('2D SPACE',''
  ) );
#3161 = ORIENTED_EDGE('',*,*,#3162,.T.);
#3162 = EDGE_CURVE('',#3130,#2943,#3163,.T.);
#3163 = SURFACE_CURVE('',#3164,(#3168,#3175),.PCURVE_S1.);
#3164 = LINE('',#3165,#3166);
#3165 = CARTESIAN_POINT('',(19.989304486268,56.228012836515,
    25.111116769299));
#3166 = VECTOR('',#3167,1.);
#3167 = DIRECTION('',(5.528169866777E-04,0.999990857806,
    -4.24012937609E-03));
#3168 = PCURVE('',#1100,#3169);
#3169 = DEFINITIONAL_REPRESENTATION('',(#3170),#3174);
#3170 = LINE('',#3171,#3172);
#3171 = CARTESIAN_POINT('',(30.188651284052,-1.871987163485));
#3172 = VECTOR('',#3173,1.);
#3173 = DIRECTION('',(4.276014937619E-03,0.999990857806));
#3174 = ( GEOMETRIC_REPRESENTATION_CONTEXT(2) 
PARAMETRIC_REPRESENTATION_CONTEXT() REPRESENTATION_CONTEXT('2D SPACE',''
  ) );
#3175 = PCURVE('',#3176,#3181);
#3176 = PLANE('',#3177);
#3177 = AXIS2_PLACEMENT_3D('',#3178,#3179,#3180);
#3178 = CARTESIAN_POINT('',(23.933879262053,54.48514584471,
    25.632915786696));
#3179 = DIRECTION('',(0.129282039652,-4.276014937619E-03,-0.991598643565
    ));
#3180 = DIRECTION('',(5.528169866789E-04,0.999990857806,
    -4.24012937609E-03));
#3181 = DEFINITIONAL_REPRESENTATION('',(#3182),#3186);
#3182 = LINE('',#3183,#3184);
#3183 = CARTESIAN_POINT('',(1.742882925579,-3.97893061452));
#3184 = VECTOR('',#3185,1.);
#3185 = DIRECTION('',(1.,-1.177627172925E-15));
#3186 = ( GEOMETRIC_REPRESENTATION_CONTEXT(2) 
PARAMETRIC_REPRESENTATION_CONTEXT() REPRESENTATION_CONTEXT('2D SPACE',''
  ) );
#3187 = FACE_BOUND('',#3188,.T.);
#3188 = EDGE_LOOP('',(#3189,#3224,#3252,#3320,#3348,#3376,#3409));
#3189 = ORIENTED_EDGE('',*,*,#3190,.T.);
#3190 = EDGE_CURVE('',#3191,#3193,#3195,.T.);
#3191 = VERTEX_POINT('',#3192);
#3192 = CARTESIAN_POINT('',(21.573344242757,44.695317661927,
    12.961465679975));
#3193 = VERTEX_POINT('',#3194);
#3194 = CARTESIAN_POINT('',(21.469476357446,43.898745787633,
    13.758136698328));
#3195 = SURFACE_CURVE('',#3196,(#3201,#3212),.PCURVE_S1.);
#3196 = CIRCLE('',#3197,0.8);
#3197 = AXIS2_PLACEMENT_3D('',#3198,#3199,#3200);
#3198 = CARTESIAN_POINT('',(21.469918611036,44.698738473878,
    13.754744594827));
#3199 = DIRECTION('',(-0.991607709035,4.916263258702E-18,-0.129283221584
    ));
#3200 = DIRECTION('',(9.102530628351E-02,-0.710123915838,-0.698167900845
    ));
#3201 = PCURVE('',#1100,#3202);
#3202 = DEFINITIONAL_REPRESENTATION('',(#3203),#3211);
#3203 = ( BOUNDED_CURVE() B_SPLINE_CURVE(2,(#3204,#3205,#3206,#3207,
#3208,#3209,#3210),.UNSPECIFIED.,.T.,.F.) B_SPLINE_CURVE_WITH_KNOTS((1,2
    ,2,2,2,1),(-2.094395102393,0.,2.094395102393,4.188790204786,
6.28318530718,8.377580409573),.UNSPECIFIED.) CURVE() 
GEOMETRIC_REPRESENTATION_ITEM() RATIONAL_B_SPLINE_CURVE((1.,0.5,1.,0.5,
1.,0.5,1.)) REPRESENTATION_ITEM('') );
#3204 = CARTESIAN_POINT('',(42.204397416913,-13.96936065879));
#3205 = CARTESIAN_POINT('',(41.220420855392,-14.94495797653));
#3206 = CARTESIAN_POINT('',(40.867517075128,-13.60501061865));
#3207 = CARTESIAN_POINT('',(40.514613294864,-12.26506326078));
#3208 = CARTESIAN_POINT('',(41.851493636649,-12.62941330091));
#3209 = CARTESIAN_POINT('',(43.188373978434,-12.99376334105));
#3210 = CARTESIAN_POINT('',(42.204397416913,-13.96936065879));
#3211 = ( GEOMETRIC_REPRESENTATION_CONTEXT(2) 
PARAMETRIC_REPRESENTATION_CONTEXT() REPRESENTATION_CONTEXT('2D SPACE',''
  ) );
#3212 = PCURVE('',#3213,#3218);
#3213 = CYLINDRICAL_SURFACE('',#3214,0.8);
#3214 = AXIS2_PLACEMENT_3D('',#3215,#3216,#3217);
#3215 = CARTESIAN_POINT('',(25.385329760485,44.698738473878,
    14.265225667751));
#3216 = DIRECTION('',(-0.991607709035,2.234722801548E-29,-0.129283221584
    ));
#3217 = DIRECTION('',(9.102530628351E-02,-0.710123915838,-0.698167900845
    ));
#3218 = DEFINITIONAL_REPRESENTATION('',(#3219),#3223);
#3219 = LINE('',#3220,#3221);
#3220 = CARTESIAN_POINT('',(-3.552713678801E-15,3.948548517499));
#3221 = VECTOR('',#3222,1.);
#3222 = DIRECTION('',(1.,0.));
#3223 = ( GEOMETRIC_REPRESENTATION_CONTEXT(2) 
PARAMETRIC_REPRESENTATION_CONTEXT() REPRESENTATION_CONTEXT('2D SPACE',''
  ) );
#3224 = ORIENTED_EDGE('',*,*,#3225,.T.);
#3225 = EDGE_CURVE('',#3193,#3226,#3228,.T.);
#3226 = VERTEX_POINT('',#3227);
#3227 = CARTESIAN_POINT('',(21.243089832987,43.906233542025,
    15.494530795913));
#3228 = SURFACE_CURVE('',#3229,(#3233,#3240),.PCURVE_S1.);
#3229 = LINE('',#3230,#3231);
#3230 = CARTESIAN_POINT('',(18.43756681276,43.99902646496,
    37.013009533068));
#3231 = VECTOR('',#3232,1.);
#3232 = DIRECTION('',(-0.129282039652,4.276014937613E-03,0.991598643565)
  );
#3233 = PCURVE('',#1100,#3234);
#3234 = DEFINITIONAL_REPRESENTATION('',(#3235),#3239);
#3235 = LINE('',#3236,#3237);
#3236 = CARTESIAN_POINT('',(18.186029021911,-14.10097353504));
#3237 = VECTOR('',#3238,1.);
#3238 = DIRECTION('',(-0.999990857806,4.276014937613E-03));
#3239 = ( GEOMETRIC_REPRESENTATION_CONTEXT(2) 
PARAMETRIC_REPRESENTATION_CONTEXT() REPRESENTATION_CONTEXT('2D SPACE',''
  ) );
#3240 = PCURVE('',#3241,#3246);
#3241 = PLANE('',#3242);
#3242 = AXIS2_PLACEMENT_3D('',#3243,#3244,#3245);
#3243 = CARTESIAN_POINT('',(24.711878579307,43.921005617654,
    19.430624353916));
#3244 = DIRECTION('',(5.528169866769E-04,0.999990857806,
    -4.240129376084E-03));
#3245 = DIRECTION('',(-0.129282039652,4.276014937613E-03,0.991598643565)
  );
#3246 = DEFINITIONAL_REPRESENTATION('',(#3247),#3251);
#3247 = LINE('',#3248,#3249);
#3248 = CARTESIAN_POINT('',(18.246158735182,-3.948548517499));
#3249 = VECTOR('',#3250,1.);
#3250 = DIRECTION('',(1.,-3.12691107055E-17));
#3251 = ( GEOMETRIC_REPRESENTATION_CONTEXT(2) 
PARAMETRIC_REPRESENTATION_CONTEXT() REPRESENTATION_CONTEXT('2D SPACE',''
  ) );
#3252 = ORIENTED_EDGE('',*,*,#3253,.T.);
#3253 = EDGE_CURVE('',#3226,#3254,#3256,.T.);
#3254 = VERTEX_POINT('',#3255);
#3255 = CARTESIAN_POINT('',(21.040474231979,45.112946041747,
    17.048600917839));
#3256 = SURFACE_CURVE('',#3257,(#3270,#3286),.PCURVE_S1.);
#3257 = B_SPLINE_CURVE_WITH_KNOTS('',3,(#3258,#3259,#3260,#3261,#3262,
    #3263,#3264,#3265,#3266,#3267,#3268,#3269),.UNSPECIFIED.,.F.,.F.,(4,
    2,2,2,2,4),(0.182213777667,0.232747997516,0.288945342713,
    0.344839752904,0.36608940984,0.382030698311),.UNSPECIFIED.);
#3258 = CARTESIAN_POINT('',(21.243089832987,43.906233542025,
    15.494530795913));
#3259 = CARTESIAN_POINT('',(21.221312609606,43.906953825621,
    15.661563008765));
#3260 = CARTESIAN_POINT('',(21.19567774613,43.946229278367,
    15.858183482262));
#3261 = CARTESIAN_POINT('',(21.15267374012,44.072436247787,
    16.188026004408));
#3262 = CARTESIAN_POINT('',(21.127801864044,44.188707914257,
    16.378794332679));
#3263 = CARTESIAN_POINT('',(21.090569535638,44.426757829576,
    16.664367846552));
#3264 = CARTESIAN_POINT('',(21.070888954255,44.590506013206,
    16.815318727714));
#3265 = CARTESIAN_POINT('',(21.052754208493,44.806025018896,
    16.954412985102));
#3266 = CARTESIAN_POINT('',(21.047466880829,44.880537984358,
    16.994967009108));
#3267 = CARTESIAN_POINT('',(21.042092669855,44.997330579998,
    17.036187431733));
#3268 = CARTESIAN_POINT('',(21.040444856595,45.059808899306,
    17.048826228258));
#3269 = CARTESIAN_POINT('',(21.040474231979,45.112946041747,
    17.048600917839));
#3270 = PCURVE('',#1100,#3271);
#3271 = DEFINITIONAL_REPRESENTATION('',(#3272),#3285);
#3272 = B_SPLINE_CURVE_WITH_KNOTS('',3,(#3273,#3274,#3275,#3276,#3277,
    #3278,#3279,#3280,#3281,#3282,#3283,#3284),.UNSPECIFIED.,.F.,.F.,(4,
    2,2,2,2,4),(0.182213777667,0.232747997516,0.288945342713,
    0.344839752904,0.36608940984,0.382030698311),.UNSPECIFIED.);
#3273 = CARTESIAN_POINT('',(39.886625478654,-14.19376645797));
#3274 = CARTESIAN_POINT('',(39.718179619136,-14.19304617437));
#3275 = CARTESIAN_POINT('',(39.519895084128,-14.15377072163));
#3276 = CARTESIAN_POINT('',(39.187260999962,-14.02756375221));
#3277 = CARTESIAN_POINT('',(38.994878138744,-13.91129208574));
#3278 = CARTESIAN_POINT('',(38.706887725528,-13.67324217042));
#3279 = CARTESIAN_POINT('',(38.554659299118,-13.50949398679));
#3280 = CARTESIAN_POINT('',(38.414387842855,-13.2939749811));
#3281 = CARTESIAN_POINT('',(38.373490597265,-13.21946201564));
#3282 = CARTESIAN_POINT('',(38.331921313111,-13.10266942));
#3283 = CARTESIAN_POINT('',(38.319175550438,-13.04019110069));
#3284 = CARTESIAN_POINT('',(38.31940276773,-12.98705395825));
#3285 = ( GEOMETRIC_REPRESENTATION_CONTEXT(2) 
PARAMETRIC_REPRESENTATION_CONTEXT() REPRESENTATION_CONTEXT('2D SPACE',''
  ) );
#3286 = PCURVE('',#3287,#3292);
#3287 = TOROIDAL_SURFACE('',#3288,2.,1.2);
#3288 = AXIS2_PLACEMENT_3D('',#3289,#3290,#3291);
#3289 = CARTESIAN_POINT('',(21.746248554224,45.114153023122,
    17.425272059891));
#3290 = DIRECTION('',(-5.528169866769E-04,-0.999990857806,
    4.240129376084E-03));
#3291 = DIRECTION('',(-0.991607709035,-2.206013329992E-18,
    -0.129283221584));
#3292 = DEFINITIONAL_REPRESENTATION('',(#3293),#3319);
#3293 = B_SPLINE_CURVE_WITH_KNOTS('',3,(#3294,#3295,#3296,#3297,#3298,
    #3299,#3300,#3301,#3302,#3303,#3304,#3305,#3306,#3307,#3308,#3309,
    #3310,#3311,#3312,#3313,#3314,#3315,#3316,#3317,#3318),
  .UNSPECIFIED.,.F.,.F.,(4,1,1,1,1,1,1,1,1,1,1,1,1,1,1,1,1,1,1,1,1,1,4),
  (0.182213777667,0.191296364969,0.200378952271,0.209461539573,
    0.218544126875,0.227626714177,0.236709301479,0.245791888781,
    0.254874476083,0.263957063385,0.273039650687,0.282122237989,
    0.291204825291,0.300287412593,0.309369999895,0.318452587197,
    0.327535174499,0.336617761801,0.345700349103,0.354782936405,
    0.363865523707,0.372948111009,0.382030698311),
  .QUASI_UNIFORM_KNOTS.);
#3294 = CARTESIAN_POINT('',(1.187182299898,1.570796326795));
#3295 = CARTESIAN_POINT('',(1.18152537128,1.594180690743));
#3296 = CARTESIAN_POINT('',(1.169339411963,1.642333045696));
#3297 = CARTESIAN_POINT('',(1.148605686055,1.717006239842));
#3298 = CARTESIAN_POINT('',(1.125506889758,1.792481241263));
#3299 = CARTESIAN_POINT('',(1.100384049308,1.866893417983));
#3300 = CARTESIAN_POINT('',(1.073560786052,1.938933953396));
#3301 = CARTESIAN_POINT('',(1.046507565126,2.005784971989));
#3302 = CARTESIAN_POINT('',(1.015829471471,2.076015295733));
#3303 = CARTESIAN_POINT('',(0.981637017887,2.14782067096));
#3304 = CARTESIAN_POINT('',(0.944091889354,2.219993390343));
#3305 = CARTESIAN_POINT('',(0.903767893607,2.291031738334));
#3306 = CARTESIAN_POINT('',(0.861138352525,2.360196332673));
#3307 = CARTESIAN_POINT('',(0.818819211516,2.424692075219));
#3308 = CARTESIAN_POINT('',(0.772557206605,2.491687715666));
#3309 = CARTESIAN_POINT('',(0.721798046805,2.561156629518));
#3310 = CARTESIAN_POINT('',(0.667738784845,2.631590235668));
#3311 = CARTESIAN_POINT('',(0.611926515272,2.701760577614));
#3312 = CARTESIAN_POINT('',(0.555793306842,2.771588492868));
#3313 = CARTESIAN_POINT('',(0.504117617288,2.837006872429));
#3314 = CARTESIAN_POINT('',(0.451063805217,2.909921455436));
#3315 = CARTESIAN_POINT('',(0.402943646587,2.985351177057));
#3316 = CARTESIAN_POINT('',(0.37053845534,3.060948251804));
#3317 = CARTESIAN_POINT('',(0.361287744118,3.114031734626));
#3318 = CARTESIAN_POINT('',(0.360598990506,3.14159265359));
#3319 = ( GEOMETRIC_REPRESENTATION_CONTEXT(2) 
PARAMETRIC_REPRESENTATION_CONTEXT() REPRESENTATION_CONTEXT('2D SPACE',''
  ) );
#3320 = ORIENTED_EDGE('',*,*,#3321,.T.);
#3321 = EDGE_CURVE('',#3254,#3322,#3324,.T.);
#3322 = VERTEX_POINT('',#3323);
#3323 = CARTESIAN_POINT('',(21.045615429955,54.412861019346,
    17.009167714641));
#3324 = SURFACE_CURVE('',#3325,(#3329,#3336),.PCURVE_S1.);
#3325 = LINE('',#3326,#3327);
#3326 = CARTESIAN_POINT('',(21.03723209219,39.248238142656,
    17.073468265426));
#3327 = VECTOR('',#3328,1.);
#3328 = DIRECTION('',(5.52816986677E-04,0.999990857806,
    -4.240129376084E-03));
#3329 = PCURVE('',#1100,#3330);
#3330 = DEFINITIONAL_REPRESENTATION('',(#3331),#3335);
#3331 = LINE('',#3332,#3333);
#3332 = CARTESIAN_POINT('',(38.294324959883,-18.85176185734));
#3333 = VECTOR('',#3334,1.);
#3334 = DIRECTION('',(4.276014937613E-03,0.999990857806));
#3335 = ( GEOMETRIC_REPRESENTATION_CONTEXT(2) 
PARAMETRIC_REPRESENTATION_CONTEXT() REPRESENTATION_CONTEXT('2D SPACE',''
  ) );
#3336 = PCURVE('',#3337,#3342);
#3337 = CYLINDRICAL_SURFACE('',#3338,0.8);
#3338 = AXIS2_PLACEMENT_3D('',#3339,#3340,#3341);
#3339 = CARTESIAN_POINT('',(21.743006414435,39.249445124031,
    17.450139407479));
#3340 = DIRECTION('',(5.52816986677E-04,0.999990857806,
    -4.240129376084E-03));
#3341 = DIRECTION('',(-8.961557558674E-02,-4.173528983053E-03,
    -0.995967685353));
#3342 = DEFINITIONAL_REPRESENTATION('',(#3343),#3347);
#3343 = LINE('',#3344,#3345);
#3344 = CARTESIAN_POINT('',(0.990816432835,-8.881784197001E-15));
#3345 = VECTOR('',#3346,1.);
#3346 = DIRECTION('',(-2.626334036748E-16,1.));
#3347 = ( GEOMETRIC_REPRESENTATION_CONTEXT(2) 
PARAMETRIC_REPRESENTATION_CONTEXT() REPRESENTATION_CONTEXT('2D SPACE',''
  ) );
#3348 = ORIENTED_EDGE('',*,*,#3349,.T.);
#3349 = EDGE_CURVE('',#3322,#3350,#3352,.T.);
#3350 = VERTEX_POINT('',#3351);
#3351 = CARTESIAN_POINT('',(21.475280935806,54.398649794599,
    13.713615339879));
#3352 = SURFACE_CURVE('',#3353,(#3357,#3364),.PCURVE_S1.);
#3353 = LINE('',#3354,#3355);
#3354 = CARTESIAN_POINT('',(18.831588670775,54.486090150941,
    33.990845425861));
#3355 = VECTOR('',#3356,1.);
#3356 = DIRECTION('',(0.129282039652,-4.276014937613E-03,-0.991598643565
    ));
#3357 = PCURVE('',#1100,#3358);
#3358 = DEFINITIONAL_REPRESENTATION('',(#3359),#3363);
#3359 = LINE('',#3360,#3361);
#3360 = CARTESIAN_POINT('',(21.233770663763,-3.613909849059));
#3361 = VECTOR('',#3362,1.);
#3362 = DIRECTION('',(0.999990857806,-4.276014937613E-03));
#3363 = ( GEOMETRIC_REPRESENTATION_CONTEXT(2) 
PARAMETRIC_REPRESENTATION_CONTEXT() REPRESENTATION_CONTEXT('2D SPACE',''
  ) );
#3364 = PCURVE('',#3365,#3370);
#3365 = PLANE('',#3366);
#3366 = AXIS2_PLACEMENT_3D('',#3367,#3368,#3369);
#3367 = CARTESIAN_POINT('',(25.494117716978,54.395228982649,
    13.430817497951));
#3368 = DIRECTION('',(-5.52816986677E-04,-0.999990857806,
    4.240129376084E-03));
#3369 = DIRECTION('',(0.129282039652,-4.276014937613E-03,-0.991598643565
    ));
#3370 = DEFINITIONAL_REPRESENTATION('',(#3371),#3375);
#3371 = LINE('',#3372,#3373);
#3372 = CARTESIAN_POINT('',(-21.24902967301,-3.9485485175));
#3373 = VECTOR('',#3374,1.);
#3374 = DIRECTION('',(1.,3.12691107055E-17));
#3375 = ( GEOMETRIC_REPRESENTATION_CONTEXT(2) 
PARAMETRIC_REPRESENTATION_CONTEXT() REPRESENTATION_CONTEXT('2D SPACE',''
  ) );
#3376 = ORIENTED_EDGE('',*,*,#3377,.T.);
#3377 = EDGE_CURVE('',#3350,#3378,#3380,.T.);
#3378 = VERTEX_POINT('',#3379);
#3379 = CARTESIAN_POINT('',(21.578264313939,53.595236296404,
    12.923728528528));
#3380 = SURFACE_CURVE('',#3381,(#3386,#3397),.PCURVE_S1.);
#3381 = CIRCLE('',#3382,0.8);
#3382 = AXIS2_PLACEMENT_3D('',#3383,#3384,#3385);
#3383 = CARTESIAN_POINT('',(21.474838682217,53.598657108354,
    13.71700744338));
#3384 = DIRECTION('',(-0.991607709035,-6.741738108101E-18,
    -0.129283221584));
#3385 = DIRECTION('',(-0.118106099828,0.406736643076,0.905878718352));
#3386 = PCURVE('',#1100,#3387);
#3387 = DEFINITIONAL_REPRESENTATION('',(#3388),#3396);
#3388 = ( BOUNDED_CURVE() B_SPLINE_CURVE(2,(#3389,#3390,#3391,#3392,
#3393,#3394,#3395),.UNSPECIFIED.,.T.,.F.) B_SPLINE_CURVE_WITH_KNOTS((1,2
    ,2,2,2,1),(-2.094395102393,0.,2.094395102393,4.188790204786,
6.28318530718,8.377580409573),.UNSPECIFIED.) CURVE() 
GEOMETRIC_REPRESENTATION_ITEM() RATIONAL_B_SPLINE_CURVE((1.,0.5,1.,0.5,
1.,0.5,1.)) REPRESENTATION_ITEM('') );
#3389 = CARTESIAN_POINT('',(40.948356209727,-4.175953577185));
#3390 = CARTESIAN_POINT('',(41.511947034613,-2.910107859057));
#3391 = CARTESIAN_POINT('',(42.326406171341,-4.031114689812));
#3392 = CARTESIAN_POINT('',(43.14086530807,-5.152121520567));
#3393 = CARTESIAN_POINT('',(41.762815346456,-5.296960407941));
#3394 = CARTESIAN_POINT('',(40.384765384842,-5.441799295314));
#3395 = CARTESIAN_POINT('',(40.948356209727,-4.175953577185));
#3396 = ( GEOMETRIC_REPRESENTATION_CONTEXT(2) 
PARAMETRIC_REPRESENTATION_CONTEXT() REPRESENTATION_CONTEXT('2D SPACE',''
  ) );
#3397 = PCURVE('',#3398,#3403);
#3398 = CYLINDRICAL_SURFACE('',#3399,0.8);
#3399 = AXIS2_PLACEMENT_3D('',#3400,#3401,#3402);
#3400 = CARTESIAN_POINT('',(25.390249831667,53.598657108354,
    14.227488516304));
#3401 = DIRECTION('',(-0.991607709035,2.234722801548E-29,-0.129283221584
    ));
#3402 = DIRECTION('',(-0.118106099828,0.406736643076,0.905878718352));
#3403 = DEFINITIONAL_REPRESENTATION('',(#3404),#3408);
#3404 = LINE('',#3405,#3406);
#3405 = CARTESIAN_POINT('',(2.442490654175E-14,3.9485485175));
#3406 = VECTOR('',#3407,1.);
#3407 = DIRECTION('',(1.,0.));
#3408 = ( GEOMETRIC_REPRESENTATION_CONTEXT(2) 
PARAMETRIC_REPRESENTATION_CONTEXT() REPRESENTATION_CONTEXT('2D SPACE',''
  ) );
#3409 = ORIENTED_EDGE('',*,*,#3410,.T.);
#3410 = EDGE_CURVE('',#3378,#3191,#3411,.T.);
#3411 = SURFACE_CURVE('',#3412,(#3416,#3423),.PCURVE_S1.);
#3412 = LINE('',#3413,#3414);
#3413 = CARTESIAN_POINT('',(21.576778087829,50.90680131955,
    12.935127944865));
#3414 = VECTOR('',#3415,1.);
#3415 = DIRECTION('',(-5.528169866772E-04,-0.999990857806,
    4.240129376086E-03));
#3416 = PCURVE('',#1100,#3417);
#3417 = DEFINITIONAL_REPRESENTATION('',(#3418),#3422);
#3418 = LINE('',#3419,#3420);
#3419 = CARTESIAN_POINT('',(42.467689368869,-7.19319868045));
#3420 = VECTOR('',#3421,1.);
#3421 = DIRECTION('',(-4.276014937615E-03,-0.999990857806));
#3422 = ( GEOMETRIC_REPRESENTATION_CONTEXT(2) 
PARAMETRIC_REPRESENTATION_CONTEXT() REPRESENTATION_CONTEXT('2D SPACE',''
  ) );
#3423 = PCURVE('',#3424,#3429);
#3424 = PLANE('',#3425);
#3425 = AXIS2_PLACEMENT_3D('',#3426,#3427,#3428);
#3426 = CARTESIAN_POINT('',(25.488313138618,43.895324975682,
    13.4753388564));
#3427 = DIRECTION('',(-0.129282039652,4.276014937615E-03,0.991598643565)
  );
#3428 = DIRECTION('',(-5.528169866772E-04,-0.999990857806,
    4.240129376086E-03));
#3429 = DEFINITIONAL_REPRESENTATION('',(#3430),#3434);
#3430 = LINE('',#3431,#3432);
#3431 = CARTESIAN_POINT('',(-7.011540444728,-3.9485485175));
#3432 = VECTOR('',#3433,1.);
#3433 = DIRECTION('',(1.,1.722920069216E-19));
#3434 = ( GEOMETRIC_REPRESENTATION_CONTEXT(2) 
PARAMETRIC_REPRESENTATION_CONTEXT() REPRESENTATION_CONTEXT('2D SPACE',''
  ) );
#3435 = ADVANCED_FACE('',(#3436),#1126,.T.);
#3436 = FACE_BOUND('',#3437,.T.);
#3437 = EDGE_LOOP('',(#3438,#3461,#3462,#3530));
#3438 = ORIENTED_EDGE('',*,*,#3439,.F.);
#3439 = EDGE_CURVE('',#858,#3440,#3442,.T.);
#3440 = VERTEX_POINT('',#3441);
#3441 = CARTESIAN_POINT('',(21.35,38.1,-19.6));
#3442 = SURFACE_CURVE('',#3443,(#3448,#3455),.PCURVE_S1.);
#3443 = CIRCLE('',#3444,1.);
#3444 = AXIS2_PLACEMENT_3D('',#3445,#3446,#3447);
#3445 = CARTESIAN_POINT('',(21.35,39.1,-19.6));
#3446 = DIRECTION('',(0.,0.,-1.));
#3447 = DIRECTION('',(1.,0.,0.));
#3448 = PCURVE('',#1126,#3449);
#3449 = DEFINITIONAL_REPRESENTATION('',(#3450),#3454);
#3450 = LINE('',#3451,#3452);
#3451 = CARTESIAN_POINT('',(3.14159265359,19.6));
#3452 = VECTOR('',#3453,1.);
#3453 = DIRECTION('',(1.,0.));
#3454 = ( GEOMETRIC_REPRESENTATION_CONTEXT(2) 
PARAMETRIC_REPRESENTATION_CONTEXT() REPRESENTATION_CONTEXT('2D SPACE',''
  ) );
#3455 = PCURVE('',#2256,#3456);
#3456 = DEFINITIONAL_REPRESENTATION('',(#3457),#3460);
#3457 = B_SPLINE_CURVE_WITH_KNOTS('',1,(#3458,#3459),.UNSPECIFIED.,.F.,
  .F.,(2,2),(0.,1.570796326795),.PIECEWISE_BEZIER_KNOTS.);
#3458 = CARTESIAN_POINT('',(1.,-6.433421637673E-16));
#3459 = CARTESIAN_POINT('',(0.,-3.007273663126E-15));
#3460 = ( GEOMETRIC_REPRESENTATION_CONTEXT(2) 
PARAMETRIC_REPRESENTATION_CONTEXT() REPRESENTATION_CONTEXT('2D SPACE',''
  ) );
#3461 = ORIENTED_EDGE('',*,*,#1112,.T.);
#3462 = ORIENTED_EDGE('',*,*,#3463,.T.);
#3463 = EDGE_CURVE('',#1085,#3464,#3466,.T.);
#3464 = VERTEX_POINT('',#3465);
#3465 = CARTESIAN_POINT('',(21.35,38.1,6.939569585701));
#3466 = SURFACE_CURVE('',#3467,(#3472,#3501),.PCURVE_S1.);
#3467 = ELLIPSE('',#3468,1.002104698779,1.);
#3468 = AXIS2_PLACEMENT_3D('',#3469,#3470,#3471);
#3469 = CARTESIAN_POINT('',(21.35,39.1,6.939569585701));
#3470 = DIRECTION('',(6.477766191143E-02,0.,-0.997899721674));
#3471 = DIRECTION('',(-0.997899721674,0.,-6.477766191143E-02));
#3472 = PCURVE('',#1126,#3473);
#3473 = DEFINITIONAL_REPRESENTATION('',(#3474),#3500);
#3474 = B_SPLINE_CURVE_WITH_KNOTS('',3,(#3475,#3476,#3477,#3478,#3479,
    #3480,#3481,#3482,#3483,#3484,#3485,#3486,#3487,#3488,#3489,#3490,
    #3491,#3492,#3493,#3494,#3495,#3496,#3497,#3498,#3499),
  .UNSPECIFIED.,.F.,.F.,(4,1,1,1,1,1,1,1,1,1,1,1,1,1,1,1,1,1,1,1,1,1,4),
  (3.14159265359,3.212992486626,3.284392319662,3.355792152698,
    3.427191985734,3.49859181877,3.569991651807,3.641391484843,
    3.712791317879,3.784191150915,3.855590983951,3.926990816987,
    3.998390650023,4.06979048306,4.141190316096,4.212590149132,
    4.283989982168,4.355389815204,4.42678964824,4.498189481276,
    4.569589314312,4.640989147349,4.712388980385),
  .QUASI_UNIFORM_KNOTS.);
#3475 = CARTESIAN_POINT('',(3.14159265359,-7.004483585078));
#3476 = CARTESIAN_POINT('',(3.165392597935,-7.004483725069));
#3477 = CARTESIAN_POINT('',(3.212992486626,-7.004373164096));
#3478 = CARTESIAN_POINT('',(3.284392319662,-7.003877487945));
#3479 = CARTESIAN_POINT('',(3.355792152698,-7.003054009101));
#3480 = CARTESIAN_POINT('',(3.427191985734,-7.001907056151));
#3481 = CARTESIAN_POINT('',(3.49859181877,-7.000442438248));
#3482 = CARTESIAN_POINT('',(3.569991651807,-6.99866762825));
#3483 = CARTESIAN_POINT('',(3.641391484843,-6.996591667635));
#3484 = CARTESIAN_POINT('',(3.712791317879,-6.994225135706));
#3485 = CARTESIAN_POINT('',(3.784191150915,-6.991580091583));
#3486 = CARTESIAN_POINT('',(3.855590983951,-6.988670013855));
#3487 = CARTESIAN_POINT('',(3.926990816987,-6.985509731596));
#3488 = CARTESIAN_POINT('',(3.998390650023,-6.982115348886));
#3489 = CARTESIAN_POINT('',(4.06979048306,-6.978504162718));
#3490 = CARTESIAN_POINT('',(4.141190316096,-6.974694574871));
#3491 = CARTESIAN_POINT('',(4.212590149132,-6.970705998127));
#3492 = CARTESIAN_POINT('',(4.283989982168,-6.966558757376));
#3493 = CARTESIAN_POINT('',(4.355389815204,-6.962273985945));
#3494 = CARTESIAN_POINT('',(4.42678964824,-6.95787351827));
#3495 = CARTESIAN_POINT('',(4.498189481276,-6.953379777295));
#3496 = CARTESIAN_POINT('',(4.569589314312,-6.948815665196));
#3497 = CARTESIAN_POINT('',(4.640989147349,-6.944204428065));
#3498 = CARTESIAN_POINT('',(4.688589036039,-6.941114547297));
#3499 = CARTESIAN_POINT('',(4.712388980385,-6.939569585701));
#3500 = ( GEOMETRIC_REPRESENTATION_CONTEXT(2) 
PARAMETRIC_REPRESENTATION_CONTEXT() REPRESENTATION_CONTEXT('2D SPACE',''
  ) );
#3501 = PCURVE('',#2928,#3502);
#3502 = DEFINITIONAL_REPRESENTATION('',(#3503),#3529);
#3503 = B_SPLINE_CURVE_WITH_KNOTS('',3,(#3504,#3505,#3506,#3507,#3508,
    #3509,#3510,#3511,#3512,#3513,#3514,#3515,#3516,#3517,#3518,#3519,
    #3520,#3521,#3522,#3523,#3524,#3525,#3526,#3527,#3528),
  .UNSPECIFIED.,.F.,.F.,(4,1,1,1,1,1,1,1,1,1,1,1,1,1,1,1,1,1,1,1,1,1,4),
  (3.14159265359,3.212992486626,3.284392319662,3.355792152698,
    3.427191985734,3.49859181877,3.569991651807,3.641391484843,
    3.712791317879,3.784191150915,3.855590983951,3.926990816987,
    3.998390650023,4.06979048306,4.141190316096,4.212590149132,
    4.283989982168,4.355389815204,4.42678964824,4.498189481276,
    4.569589314312,4.640989147349,4.712388980385),
  .QUASI_UNIFORM_KNOTS.);
#3504 = CARTESIAN_POINT('',(6.28318530718,4.056219918362));
#3505 = CARTESIAN_POINT('',(6.259385362834,4.056219778371));
#3506 = CARTESIAN_POINT('',(6.211785474143,4.056330339344));
#3507 = CARTESIAN_POINT('',(6.140385641107,4.056826015495));
#3508 = CARTESIAN_POINT('',(6.068985808071,4.057649494339));
#3509 = CARTESIAN_POINT('',(5.997585975035,4.058796447289));
#3510 = CARTESIAN_POINT('',(5.926186141999,4.060261065191));
#3511 = CARTESIAN_POINT('',(5.854786308963,4.06203587519));
#3512 = CARTESIAN_POINT('',(5.783386475927,4.064111835805));
#3513 = CARTESIAN_POINT('',(5.711986642891,4.066478367734));
#3514 = CARTESIAN_POINT('',(5.640586809854,4.069123411857));
#3515 = CARTESIAN_POINT('',(5.569186976818,4.072033489585));
#3516 = CARTESIAN_POINT('',(5.497787143782,4.075193771844));
#3517 = CARTESIAN_POINT('',(5.426387310746,4.078588154554));
#3518 = CARTESIAN_POINT('',(5.35498747771,4.082199340722));
#3519 = CARTESIAN_POINT('',(5.283587644674,4.086008928569));
#3520 = CARTESIAN_POINT('',(5.212187811638,4.089997505312));
#3521 = CARTESIAN_POINT('',(5.140787978601,4.094144746064));
#3522 = CARTESIAN_POINT('',(5.069388145565,4.098429517495));
#3523 = CARTESIAN_POINT('',(4.997988312529,4.10282998517));
#3524 = CARTESIAN_POINT('',(4.926588479493,4.107323726145));
#3525 = CARTESIAN_POINT('',(4.855188646457,4.111887838244));
#3526 = CARTESIAN_POINT('',(4.783788813421,4.116499075375));
#3527 = CARTESIAN_POINT('',(4.73618892473,4.119588956143));
#3528 = CARTESIAN_POINT('',(4.712388980385,4.121133917739));
#3529 = ( GEOMETRIC_REPRESENTATION_CONTEXT(2) 
PARAMETRIC_REPRESENTATION_CONTEXT() REPRESENTATION_CONTEXT('2D SPACE',''
  ) );
#3530 = ORIENTED_EDGE('',*,*,#3531,.F.);
#3531 = EDGE_CURVE('',#3440,#3464,#3532,.T.);
#3532 = SURFACE_CURVE('',#3533,(#3537,#3544),.PCURVE_S1.);
#3533 = LINE('',#3534,#3535);
#3534 = CARTESIAN_POINT('',(21.35,38.1,-17.9));
#3535 = VECTOR('',#3536,1.);
#3536 = DIRECTION('',(0.,0.,1.));
#3537 = PCURVE('',#1126,#3538);
#3538 = DEFINITIONAL_REPRESENTATION('',(#3539),#3543);
#3539 = LINE('',#3540,#3541);
#3540 = CARTESIAN_POINT('',(4.712388980385,17.9));
#3541 = VECTOR('',#3542,1.);
#3542 = DIRECTION('',(0.,-1.));
#3543 = ( GEOMETRIC_REPRESENTATION_CONTEXT(2) 
PARAMETRIC_REPRESENTATION_CONTEXT() REPRESENTATION_CONTEXT('2D SPACE',''
  ) );
#3544 = PCURVE('',#3545,#3550);
#3545 = PLANE('',#3546);
#3546 = AXIS2_PLACEMENT_3D('',#3547,#3548,#3549);
#3547 = CARTESIAN_POINT('',(0.,38.1,0.));
#3548 = DIRECTION('',(0.,-1.,0.));
#3549 = DIRECTION('',(0.,0.,-1.));
#3550 = DEFINITIONAL_REPRESENTATION('',(#3551),#3555);
#3551 = LINE('',#3552,#3553);
#3552 = CARTESIAN_POINT('',(17.9,21.35));
#3553 = VECTOR('',#3554,1.);
#3554 = DIRECTION('',(-1.,0.));
#3555 = ( GEOMETRIC_REPRESENTATION_CONTEXT(2) 
PARAMETRIC_REPRESENTATION_CONTEXT() REPRESENTATION_CONTEXT('2D SPACE',''
  ) );
#3556 = ADVANCED_FACE('',(#3557),#1158,.F.);
#3557 = FACE_BOUND('',#3558,.T.);
#3558 = EDGE_LOOP('',(#3559,#3560,#3583,#3611));
#3559 = ORIENTED_EDGE('',*,*,#1140,.T.);
#3560 = ORIENTED_EDGE('',*,*,#3561,.F.);
#3561 = EDGE_CURVE('',#3562,#1143,#3564,.T.);
#3562 = VERTEX_POINT('',#3563);
#3563 = CARTESIAN_POINT('',(20.35,50.672665874818,-4.497758207461));
#3564 = SURFACE_CURVE('',#3565,(#3569,#3576),.PCURVE_S1.);
#3565 = LINE('',#3566,#3567);
#3566 = CARTESIAN_POINT('',(20.35,50.672665874818,-4.497758207461));
#3567 = VECTOR('',#3568,1.);
#3568 = DIRECTION('',(1.,0.,0.));
#3569 = PCURVE('',#1158,#3570);
#3570 = DEFINITIONAL_REPRESENTATION('',(#3571),#3575);
#3571 = LINE('',#3572,#3573);
#3572 = CARTESIAN_POINT('',(1.560500256946E-16,1.838099481381));
#3573 = VECTOR('',#3574,1.);
#3574 = DIRECTION('',(-1.,8.489748638486E-17));
#3575 = ( GEOMETRIC_REPRESENTATION_CONTEXT(2) 
PARAMETRIC_REPRESENTATION_CONTEXT() REPRESENTATION_CONTEXT('2D SPACE',''
  ) );
#3576 = PCURVE('',#1217,#3577);
#3577 = DEFINITIONAL_REPRESENTATION('',(#3578),#3582);
#3578 = LINE('',#3579,#3580);
#3579 = CARTESIAN_POINT('',(0.,0.));
#3580 = VECTOR('',#3581,1.);
#3581 = DIRECTION('',(1.,8.489748638486E-17));
#3582 = ( GEOMETRIC_REPRESENTATION_CONTEXT(2) 
PARAMETRIC_REPRESENTATION_CONTEXT() REPRESENTATION_CONTEXT('2D SPACE',''
  ) );
#3583 = ORIENTED_EDGE('',*,*,#3584,.F.);
#3584 = EDGE_CURVE('',#3585,#3562,#3587,.T.);
#3585 = VERTEX_POINT('',#3586);
#3586 = CARTESIAN_POINT('',(20.35,49.359394012924,-5.7838090308));
#3587 = SURFACE_CURVE('',#3588,(#3592,#3599),.PCURVE_S1.);
#3588 = LINE('',#3589,#3590);
#3589 = CARTESIAN_POINT('',(20.35,49.359394012924,-5.7838090308));
#3590 = VECTOR('',#3591,1.);
#3591 = DIRECTION('',(0.,0.714472679633,0.699663340513));
#3592 = PCURVE('',#1158,#3593);
#3593 = DEFINITIONAL_REPRESENTATION('',(#3594),#3598);
#3594 = LINE('',#3595,#3596);
#3595 = CARTESIAN_POINT('',(0.,0.));
#3596 = VECTOR('',#3597,1.);
#3597 = DIRECTION('',(8.489748638486E-17,1.));
#3598 = ( GEOMETRIC_REPRESENTATION_CONTEXT(2) 
PARAMETRIC_REPRESENTATION_CONTEXT() REPRESENTATION_CONTEXT('2D SPACE',''
  ) );
#3599 = PCURVE('',#3600,#3605);
#3600 = PLANE('',#3601);
#3601 = AXIS2_PLACEMENT_3D('',#3602,#3603,#3604);
#3602 = CARTESIAN_POINT('',(20.35,48.1,-4.497758207461));
#3603 = DIRECTION('',(1.,1.239088197126E-16,0.));
#3604 = DIRECTION('',(0.,0.,-1.));
#3605 = DEFINITIONAL_REPRESENTATION('',(#3606),#3610);
#3606 = LINE('',#3607,#3608);
#3607 = CARTESIAN_POINT('',(1.286050823339,1.259394012924));
#3608 = VECTOR('',#3609,1.);
#3609 = DIRECTION('',(-0.699663340513,0.714472679633));
#3610 = ( GEOMETRIC_REPRESENTATION_CONTEXT(2) 
PARAMETRIC_REPRESENTATION_CONTEXT() REPRESENTATION_CONTEXT('2D SPACE',''
  ) );
#3611 = ORIENTED_EDGE('',*,*,#3612,.T.);
#3612 = EDGE_CURVE('',#3585,#1141,#3613,.T.);
#3613 = SURFACE_CURVE('',#3614,(#3618,#3625),.PCURVE_S1.);
#3614 = LINE('',#3615,#3616);
#3615 = CARTESIAN_POINT('',(20.35,49.359394012924,-5.7838090308));
#3616 = VECTOR('',#3617,1.);
#3617 = DIRECTION('',(1.,0.,0.));
#3618 = PCURVE('',#1158,#3619);
#3619 = DEFINITIONAL_REPRESENTATION('',(#3620),#3624);
#3620 = LINE('',#3621,#3622);
#3621 = CARTESIAN_POINT('',(0.,0.));
#3622 = VECTOR('',#3623,1.);
#3623 = DIRECTION('',(-1.,8.489748638486E-17));
#3624 = ( GEOMETRIC_REPRESENTATION_CONTEXT(2) 
PARAMETRIC_REPRESENTATION_CONTEXT() REPRESENTATION_CONTEXT('2D SPACE',''
  ) );
#3625 = PCURVE('',#1191,#3626);
#3626 = DEFINITIONAL_REPRESENTATION('',(#3627),#3631);
#3627 = LINE('',#3628,#3629);
#3628 = CARTESIAN_POINT('',(2.34572251468,0.));
#3629 = VECTOR('',#3630,1.);
#3630 = DIRECTION('',(0.,1.));
#3631 = ( GEOMETRIC_REPRESENTATION_CONTEXT(2) 
PARAMETRIC_REPRESENTATION_CONTEXT() REPRESENTATION_CONTEXT('2D SPACE',''
  ) );
#3632 = ADVANCED_FACE('',(#3633),#1191,.F.);
#3633 = FACE_BOUND('',#3634,.F.);
#3634 = EDGE_LOOP('',(#3635,#3658,#3680,#3681));
#3635 = ORIENTED_EDGE('',*,*,#3636,.F.);
#3636 = EDGE_CURVE('',#3637,#1171,#3639,.T.);
#3637 = VERTEX_POINT('',#3638);
#3638 = CARTESIAN_POINT('',(20.35,49.359394012924,-3.211707384122));
#3639 = SURFACE_CURVE('',#3640,(#3644,#3651),.PCURVE_S1.);
#3640 = LINE('',#3641,#3642);
#3641 = CARTESIAN_POINT('',(20.35,49.359394012924,-3.211707384122));
#3642 = VECTOR('',#3643,1.);
#3643 = DIRECTION('',(1.,0.,0.));
#3644 = PCURVE('',#1191,#3645);
#3645 = DEFINITIONAL_REPRESENTATION('',(#3646),#3650);
#3646 = LINE('',#3647,#3648);
#3647 = CARTESIAN_POINT('',(-2.34572251468,0.));
#3648 = VECTOR('',#3649,1.);
#3649 = DIRECTION('',(0.,1.));
#3650 = ( GEOMETRIC_REPRESENTATION_CONTEXT(2) 
PARAMETRIC_REPRESENTATION_CONTEXT() REPRESENTATION_CONTEXT('2D SPACE',''
  ) );
#3651 = PCURVE('',#1217,#3652);
#3652 = DEFINITIONAL_REPRESENTATION('',(#3653),#3657);
#3653 = LINE('',#3654,#3655);
#3654 = CARTESIAN_POINT('',(1.560500256946E-16,-1.838099481381));
#3655 = VECTOR('',#3656,1.);
#3656 = DIRECTION('',(1.,8.489748638486E-17));
#3657 = ( GEOMETRIC_REPRESENTATION_CONTEXT(2) 
PARAMETRIC_REPRESENTATION_CONTEXT() REPRESENTATION_CONTEXT('2D SPACE',''
  ) );
#3658 = ORIENTED_EDGE('',*,*,#3659,.T.);
#3659 = EDGE_CURVE('',#3637,#3585,#3660,.T.);
#3660 = SURFACE_CURVE('',#3661,(#3666,#3673),.PCURVE_S1.);
#3661 = CIRCLE('',#3662,1.8);
#3662 = AXIS2_PLACEMENT_3D('',#3663,#3664,#3665);
#3663 = CARTESIAN_POINT('',(20.35,48.1,-4.497758207461));
#3664 = DIRECTION('',(1.,1.239088197126E-16,0.));
#3665 = DIRECTION('',(-1.239088197126E-16,1.,0.));
#3666 = PCURVE('',#1191,#3667);
#3667 = DEFINITIONAL_REPRESENTATION('',(#3668),#3672);
#3668 = LINE('',#3669,#3670);
#3669 = CARTESIAN_POINT('',(-3.14159265359,0.));
#3670 = VECTOR('',#3671,1.);
#3671 = DIRECTION('',(1.,0.));
#3672 = ( GEOMETRIC_REPRESENTATION_CONTEXT(2) 
PARAMETRIC_REPRESENTATION_CONTEXT() REPRESENTATION_CONTEXT('2D SPACE',''
  ) );
#3673 = PCURVE('',#3600,#3674);
#3674 = DEFINITIONAL_REPRESENTATION('',(#3675),#3679);
#3675 = CIRCLE('',#3676,1.8);
#3676 = AXIS2_PLACEMENT_2D('',#3677,#3678);
#3677 = CARTESIAN_POINT('',(0.,0.));
#3678 = DIRECTION('',(0.,1.));
#3679 = ( GEOMETRIC_REPRESENTATION_CONTEXT(2) 
PARAMETRIC_REPRESENTATION_CONTEXT() REPRESENTATION_CONTEXT('2D SPACE',''
  ) );
#3680 = ORIENTED_EDGE('',*,*,#3612,.T.);
#3681 = ORIENTED_EDGE('',*,*,#1170,.F.);
#3682 = ADVANCED_FACE('',(#3683),#1217,.F.);
#3683 = FACE_BOUND('',#3684,.T.);
#3684 = EDGE_LOOP('',(#3685,#3686,#3687,#3708));
#3685 = ORIENTED_EDGE('',*,*,#1203,.T.);
#3686 = ORIENTED_EDGE('',*,*,#3636,.F.);
#3687 = ORIENTED_EDGE('',*,*,#3688,.F.);
#3688 = EDGE_CURVE('',#3562,#3637,#3689,.T.);
#3689 = SURFACE_CURVE('',#3690,(#3694,#3701),.PCURVE_S1.);
#3690 = LINE('',#3691,#3692);
#3691 = CARTESIAN_POINT('',(20.35,50.672665874818,-4.497758207461));
#3692 = VECTOR('',#3693,1.);
#3693 = DIRECTION('',(0.,-0.714472679633,0.699663340513));
#3694 = PCURVE('',#1217,#3695);
#3695 = DEFINITIONAL_REPRESENTATION('',(#3696),#3700);
#3696 = LINE('',#3697,#3698);
#3697 = CARTESIAN_POINT('',(0.,0.));
#3698 = VECTOR('',#3699,1.);
#3699 = DIRECTION('',(8.489748638486E-17,-1.));
#3700 = ( GEOMETRIC_REPRESENTATION_CONTEXT(2) 
PARAMETRIC_REPRESENTATION_CONTEXT() REPRESENTATION_CONTEXT('2D SPACE',''
  ) );
#3701 = PCURVE('',#3600,#3702);
#3702 = DEFINITIONAL_REPRESENTATION('',(#3703),#3707);
#3703 = LINE('',#3704,#3705);
#3704 = CARTESIAN_POINT('',(0.,2.572665874818));
#3705 = VECTOR('',#3706,1.);
#3706 = DIRECTION('',(-0.699663340513,-0.714472679633));
#3707 = ( GEOMETRIC_REPRESENTATION_CONTEXT(2) 
PARAMETRIC_REPRESENTATION_CONTEXT() REPRESENTATION_CONTEXT('2D SPACE',''
  ) );
#3708 = ORIENTED_EDGE('',*,*,#3561,.T.);
#3709 = ADVANCED_FACE('',(#3710),#1273,.T.);
#3710 = FACE_BOUND('',#3711,.T.);
#3711 = EDGE_LOOP('',(#3712,#3811,#3812,#3878));
#3712 = ORIENTED_EDGE('',*,*,#3713,.F.);
#3713 = EDGE_CURVE('',#1258,#3714,#3716,.T.);
#3714 = VERTEX_POINT('',#3715);
#3715 = CARTESIAN_POINT('',(-21.35,38.1,-19.6));
#3716 = SURFACE_CURVE('',#3717,(#3722,#3751),.PCURVE_S1.);
#3717 = ELLIPSE('',#3718,1.21655250606,1.2);
#3718 = AXIS2_PLACEMENT_3D('',#3719,#3720,#3721);
#3719 = CARTESIAN_POINT('',(-21.15,39.3,-19.6));
#3720 = DIRECTION('',(-0.986393923832,0.164398987305,0.));
#3721 = DIRECTION('',(-0.164398987305,-0.986393923832,0.));
#3722 = PCURVE('',#1273,#3723);
#3723 = DEFINITIONAL_REPRESENTATION('',(#3724),#3750);
#3724 = B_SPLINE_CURVE_WITH_KNOTS('',3,(#3725,#3726,#3727,#3728,#3729,
    #3730,#3731,#3732,#3733,#3734,#3735,#3736,#3737,#3738,#3739,#3740,
    #3741,#3742,#3743,#3744,#3745,#3746,#3747,#3748,#3749),
  .UNSPECIFIED.,.F.,.F.,(4,1,1,1,1,1,1,1,1,1,1,1,1,1,1,1,1,1,1,1,1,1,4),
  (4.712388980385,4.783788813421,4.855188646457,4.926588479493,
    4.997988312529,5.069388145565,5.140787978601,5.212187811638,
    5.283587644674,5.35498747771,5.426387310746,5.497787143782,
    5.569186976818,5.640586809854,5.711986642891,5.783386475927,
    5.854786308963,5.926186141999,5.997585975035,6.068985808071,
    6.140385641107,6.211785474143,6.28318530718),.QUASI_UNIFORM_KNOTS.);
#3725 = CARTESIAN_POINT('',(7.068583470577,-27.325));
#3726 = CARTESIAN_POINT('',(7.044783526232,-27.32976002591));
#3727 = CARTESIAN_POINT('',(6.997183637541,-27.33927994703));
#3728 = CARTESIAN_POINT('',(6.925783804505,-27.35348716635));
#3729 = CARTESIAN_POINT('',(6.854383971469,-27.36754919347));
#3730 = CARTESIAN_POINT('',(6.782984138432,-27.3813944072));
#3731 = CARTESIAN_POINT('',(6.711584305396,-27.39495224593));
#3732 = CARTESIAN_POINT('',(6.64018447236,-27.40815362459));
#3733 = CARTESIAN_POINT('',(6.568784639324,-27.42093127129));
#3734 = CARTESIAN_POINT('',(6.497384806288,-27.43322007427));
#3735 = CARTESIAN_POINT('',(6.425984973252,-27.44495741254));
#3736 = CARTESIAN_POINT('',(6.354585140216,-27.45608347534));
#3737 = CARTESIAN_POINT('',(6.28318530718,-27.4665415668));
#3738 = CARTESIAN_POINT('',(6.211785474143,-27.47627839487));
#3739 = CARTESIAN_POINT('',(6.140385641107,-27.48524434292));
#3740 = CARTESIAN_POINT('',(6.068985808071,-27.49339372255));
#3741 = CARTESIAN_POINT('',(5.997585975035,-27.50068500626));
#3742 = CARTESIAN_POINT('',(5.926186141999,-27.50708103988));
#3743 = CARTESIAN_POINT('',(5.854786308963,-27.51254922861));
#3744 = CARTESIAN_POINT('',(5.783386475927,-27.51706171565));
#3745 = CARTESIAN_POINT('',(5.711986642891,-27.52059547712));
#3746 = CARTESIAN_POINT('',(5.640586809854,-27.52313261503));
#3747 = CARTESIAN_POINT('',(5.569186976818,-27.52465979301));
#3748 = CARTESIAN_POINT('',(5.521587088128,-27.52500043131));
#3749 = CARTESIAN_POINT('',(5.497787143782,-27.525));
#3750 = ( GEOMETRIC_REPRESENTATION_CONTEXT(2) 
PARAMETRIC_REPRESENTATION_CONTEXT() REPRESENTATION_CONTEXT('2D SPACE',''
  ) );
#3751 = PCURVE('',#3752,#3783);
#3752 = B_SPLINE_SURFACE_WITH_KNOTS('',3,3,(
    (#3753,#3754,#3755,#3756,#3757,#3758)
    ,(#3759,#3760,#3761,#3762,#3763,#3764)
    ,(#3765,#3766,#3767,#3768,#3769,#3770)
    ,(#3771,#3772,#3773,#3774,#3775,#3776)
    ,(#3777,#3778,#3779,#3780,#3781,#3782
    )),.UNSPECIFIED.,.F.,.F.,.F.,(4,1,4),(4,1,1,4),(0.,0.571428571429,1.
    ),(0.,0.448798950513,0.673198425769,1.570796326795),.UNSPECIFIED.);
#3753 = CARTESIAN_POINT('',(-22.35,39.1,-19.6));
#3754 = CARTESIAN_POINT('',(-22.35,39.1,-19.7795195802));
#3755 = CARTESIAN_POINT('',(-22.28773409396,39.110377651006,
    -20.04745833629));
#3756 = CARTESIAN_POINT('',(-21.9526498647,39.166225022549,
    -20.58548549941));
#3757 = CARTESIAN_POINT('',(-21.50903916041,39.240160139932,-20.8));
#3758 = CARTESIAN_POINT('',(-21.15,39.3,-20.8));
#3759 = CARTESIAN_POINT('',(-22.35,38.800800699658,-19.6));
#3760 = CARTESIAN_POINT('',(-22.35,38.800800699658,-19.8249517237));
#3761 = CARTESIAN_POINT('',(-22.2538239143,38.848751201321,
    -20.15292976749));
#3762 = CARTESIAN_POINT('',(-21.83861273845,39.033537698162,
    -20.67277523374));
#3763 = CARTESIAN_POINT('',(-21.45204881748,39.183169797009,-20.8));
#3764 = CARTESIAN_POINT('',(-21.15,39.3,-20.8));
#3765 = CARTESIAN_POINT('',(-22.09875920366,38.282933994293,-19.6));
#3766 = CARTESIAN_POINT('',(-22.09875920366,38.282933994293,
    -19.86398372282));
#3767 = CARTESIAN_POINT('',(-21.99441528576,38.393869519478,
    -20.24283289438));
#3768 = CARTESIAN_POINT('',(-21.61829967423,38.797808958893,
    -20.73989149244));
#3769 = CARTESIAN_POINT('',(-21.35231571737,39.083436696895,-20.8));
#3770 = CARTESIAN_POINT('',(-21.15,39.3,-20.8));
#3771 = CARTESIAN_POINT('',(-21.57439947525,38.1,-19.6));
#3772 = CARTESIAN_POINT('',(-21.57439947525,38.1,-19.81314257957));
#3773 = CARTESIAN_POINT('',(-21.5359010114,38.187639215472,
    -20.12582045194));
#3774 = CARTESIAN_POINT('',(-21.38430456821,38.58175608867,
    -20.65099138251));
#3775 = CARTESIAN_POINT('',(-21.25258261726,38.983703596781,-20.8));
#3776 = CARTESIAN_POINT('',(-21.15,39.3,-20.8));
#3777 = CARTESIAN_POINT('',(-21.35,38.1,-19.6));
#3778 = CARTESIAN_POINT('',(-21.35,38.1,-19.7795195802));
#3779 = CARTESIAN_POINT('',(-21.33962234899,38.162265906036,
    -20.04745833629));
#3780 = CARTESIAN_POINT('',(-21.28377497745,38.497350135296,
    -20.58548549941));
#3781 = CARTESIAN_POINT('',(-21.20983986006,38.94096083959,-20.8));
#3782 = CARTESIAN_POINT('',(-21.15,39.3,-20.8));
#3783 = DEFINITIONAL_REPRESENTATION('',(#3784),#3810);
#3784 = B_SPLINE_CURVE_WITH_KNOTS('',3,(#3785,#3786,#3787,#3788,#3789,
    #3790,#3791,#3792,#3793,#3794,#3795,#3796,#3797,#3798,#3799,#3800,
    #3801,#3802,#3803,#3804,#3805,#3806,#3807,#3808,#3809),
  .UNSPECIFIED.,.F.,.F.,(4,1,1,1,1,1,1,1,1,1,1,1,1,1,1,1,1,1,1,1,1,1,4),
  (4.712388980385,4.783788813421,4.855188646457,4.926588479493,
    4.997988312529,5.069388145565,5.140787978601,5.212187811638,
    5.283587644674,5.35498747771,5.426387310746,5.497787143782,
    5.569186976818,5.640586809854,5.711986642891,5.783386475927,
    5.854786308963,5.926186141999,5.997585975035,6.068985808071,
    6.140385641107,6.211785474143,6.28318530718),.QUASI_UNIFORM_KNOTS.);
#3785 = CARTESIAN_POINT('',(0.999938886456,1.570796326795));
#3786 = CARTESIAN_POINT('',(0.99997455379,1.546994272981));
#3787 = CARTESIAN_POINT('',(0.999961891306,1.499354414339));
#3788 = CARTESIAN_POINT('',(0.999804868482,1.427843232585));
#3789 = CARTESIAN_POINT('',(0.99966287571,1.35634614875));
#3790 = CARTESIAN_POINT('',(0.999552133325,1.284894940933));
#3791 = CARTESIAN_POINT('',(0.999498339787,1.21350231646));
#3792 = CARTESIAN_POINT('',(0.999502187211,1.142162298052));
#3793 = CARTESIAN_POINT('',(0.999554877088,1.070855593512));
#3794 = CARTESIAN_POINT('',(0.999640381504,0.99955488252));
#3795 = CARTESIAN_POINT('',(0.999740547863,0.928231656944));
#3796 = CARTESIAN_POINT('',(0.999838406932,0.856863909336));
#3797 = CARTESIAN_POINT('',(0.999919823233,0.785445925705));
#3798 = CARTESIAN_POINT('',(0.99997536491,0.713994433709));
#3799 = CARTESIAN_POINT('',(0.99999229767,0.642569403903));
#3800 = CARTESIAN_POINT('',(0.999976359376,0.571229806096));
#3801 = CARTESIAN_POINT('',(0.999952487902,0.499946999146));
#3802 = CARTESIAN_POINT('',(0.999934515477,0.428654248771));
#3803 = CARTESIAN_POINT('',(0.999929683601,0.357290577762));
#3804 = CARTESIAN_POINT('',(0.999936710689,0.285877298537));
#3805 = CARTESIAN_POINT('',(0.999952974282,0.214419366426));
#3806 = CARTESIAN_POINT('',(0.999973924928,0.142931137745));
#3807 = CARTESIAN_POINT('',(0.999993517319,7.143569549067E-02));
#3808 = CARTESIAN_POINT('',(0.99999984671,2.38020318917E-02));
#3809 = CARTESIAN_POINT('',(1.,0.));
#3810 = ( GEOMETRIC_REPRESENTATION_CONTEXT(2) 
PARAMETRIC_REPRESENTATION_CONTEXT() REPRESENTATION_CONTEXT('2D SPACE',''
  ) );
#3811 = ORIENTED_EDGE('',*,*,#1257,.T.);
#3812 = ORIENTED_EDGE('',*,*,#3813,.F.);
#3813 = EDGE_CURVE('',#3440,#1233,#3814,.T.);
#3814 = SURFACE_CURVE('',#3815,(#3820,#3849),.PCURVE_S1.);
#3815 = ELLIPSE('',#3816,1.21655250606,1.2);
#3816 = AXIS2_PLACEMENT_3D('',#3817,#3818,#3819);
#3817 = CARTESIAN_POINT('',(21.15,39.3,-19.6));
#3818 = DIRECTION('',(0.986393923832,0.164398987305,-3.650390818629E-15)
  );
#3819 = DIRECTION('',(0.164398987305,-0.986393923832,-1.032821947607E-33
    ));
#3820 = PCURVE('',#1273,#3821);
#3821 = DEFINITIONAL_REPRESENTATION('',(#3822),#3848);
#3822 = B_SPLINE_CURVE_WITH_KNOTS('',3,(#3823,#3824,#3825,#3826,#3827,
    #3828,#3829,#3830,#3831,#3832,#3833,#3834,#3835,#3836,#3837,#3838,
    #3839,#3840,#3841,#3842,#3843,#3844,#3845,#3846,#3847),
  .UNSPECIFIED.,.F.,.F.,(4,1,1,1,1,1,1,1,1,1,1,1,1,1,1,1,1,1,1,1,1,1,4),
  (0.,7.139983303613E-02,0.142799666072,0.214199499108,0.285599332145,
    0.356999165181,0.428398998217,0.499798831253,0.571198664289,
    0.642598497325,0.713998330361,0.785398163397,0.856797996434,
    0.92819782947,0.999597662506,1.070997495542,1.142397328578,
    1.213797161614,1.28519699465,1.356596827687,1.427996660723,
    1.499396493759,1.570796326795),.QUASI_UNIFORM_KNOTS.);
#3823 = CARTESIAN_POINT('',(5.497787143782,15.175));
#3824 = CARTESIAN_POINT('',(5.521587088128,15.175000431311));
#3825 = CARTESIAN_POINT('',(5.569186976818,15.17465979301));
#3826 = CARTESIAN_POINT('',(5.640586809854,15.173132615032));
#3827 = CARTESIAN_POINT('',(5.711986642891,15.170595477121));
#3828 = CARTESIAN_POINT('',(5.783386475927,15.16706171565));
#3829 = CARTESIAN_POINT('',(5.854786308963,15.162549228615));
#3830 = CARTESIAN_POINT('',(5.926186141999,15.157081039888));
#3831 = CARTESIAN_POINT('',(5.997585975035,15.15068500626));
#3832 = CARTESIAN_POINT('',(6.068985808071,15.143393722555));
#3833 = CARTESIAN_POINT('',(6.140385641107,15.13524434292));
#3834 = CARTESIAN_POINT('',(6.211785474143,15.126278394876));
#3835 = CARTESIAN_POINT('',(6.28318530718,15.1165415668));
#3836 = CARTESIAN_POINT('',(6.354585140216,15.106083475347));
#3837 = CARTESIAN_POINT('',(6.425984973252,15.094957412548));
#3838 = CARTESIAN_POINT('',(6.497384806288,15.083220074275));
#3839 = CARTESIAN_POINT('',(6.568784639324,15.070931271299));
#3840 = CARTESIAN_POINT('',(6.64018447236,15.058153624593));
#3841 = CARTESIAN_POINT('',(6.711584305396,15.044952245931));
#3842 = CARTESIAN_POINT('',(6.782984138433,15.0313944072));
#3843 = CARTESIAN_POINT('',(6.854383971469,15.017549193477));
#3844 = CARTESIAN_POINT('',(6.925783804505,15.003487166355));
#3845 = CARTESIAN_POINT('',(6.997183637541,14.989279947033));
#3846 = CARTESIAN_POINT('',(7.044783526232,14.979760025914));
#3847 = CARTESIAN_POINT('',(7.068583470577,14.975));
#3848 = ( GEOMETRIC_REPRESENTATION_CONTEXT(2) 
PARAMETRIC_REPRESENTATION_CONTEXT() REPRESENTATION_CONTEXT('2D SPACE',''
  ) );
#3849 = PCURVE('',#2256,#3850);
#3850 = DEFINITIONAL_REPRESENTATION('',(#3851),#3877);
#3851 = B_SPLINE_CURVE_WITH_KNOTS('',3,(#3852,#3853,#3854,#3855,#3856,
    #3857,#3858,#3859,#3860,#3861,#3862,#3863,#3864,#3865,#3866,#3867,
    #3868,#3869,#3870,#3871,#3872,#3873,#3874,#3875,#3876),
  .UNSPECIFIED.,.F.,.F.,(4,1,1,1,1,1,1,1,1,1,1,1,1,1,1,1,1,1,1,1,1,1,4),
  (0.,7.139983303613E-02,0.142799666072,0.214199499108,0.285599332145,
    0.356999165181,0.428398998217,0.499798831253,0.571198664289,
    0.642598497325,0.713998330361,0.785398163397,0.856797996434,
    0.92819782947,0.999597662506,1.070997495542,1.142397328578,
    1.213797161614,1.28519699465,1.356596827687,1.427996660723,
    1.499396493759,1.570796326795),.QUASI_UNIFORM_KNOTS.);
#3852 = CARTESIAN_POINT('',(0.,-4.758442868131E-17));
#3853 = CARTESIAN_POINT('',(1.52001670202E-07,2.380203524245E-02));
#3854 = CARTESIAN_POINT('',(6.481940832006E-06,7.143569210929E-02));
#3855 = CARTESIAN_POINT('',(2.609392569343E-05,0.14293108751));
#3856 = CARTESIAN_POINT('',(4.710643617348E-05,0.214419223987));
#3857 = CARTESIAN_POINT('',(6.344828881318E-05,0.28587705244));
#3858 = CARTESIAN_POINT('',(7.051190206599E-05,0.357290265627));
#3859 = CARTESIAN_POINT('',(6.562096614754E-05,0.428653956132));
#3860 = CARTESIAN_POINT('',(4.74899936537E-05,0.499946829556));
#3861 = CARTESIAN_POINT('',(2.35110226067E-05,0.571229770847));
#3862 = CARTESIAN_POINT('',(7.629149262026E-06,0.64256940548));
#3863 = CARTESIAN_POINT('',(2.434967203668E-05,0.713994460658));
#3864 = CARTESIAN_POINT('',(7.89319570486E-05,0.785446136899));
#3865 = CARTESIAN_POINT('',(1.588546352574E-04,0.85686439525));
#3866 = CARTESIAN_POINT('',(2.55102623561E-04,0.928232358678));
#3867 = CARTESIAN_POINT('',(3.540064527603E-04,0.999555634567));
#3868 = CARTESIAN_POINT('',(4.389336180481E-04,1.070856224462));
#3869 = CARTESIAN_POINT('',(4.918612290918E-04,1.142162713633));
#3870 = CARTESIAN_POINT('',(4.966726181114E-04,1.213502523765));
#3871 = CARTESIAN_POINT('',(4.44303172185E-04,1.284895014111));
#3872 = CARTESIAN_POINT('',(3.350822882086E-04,1.356346168163));
#3873 = CARTESIAN_POINT('',(1.943268393007E-04,1.427843240957));
#3874 = CARTESIAN_POINT('',(3.803930606004E-05,1.499354415822));
#3875 = CARTESIAN_POINT('',(2.539954649883E-05,1.546994273883));
#3876 = CARTESIAN_POINT('',(6.092728837652E-05,1.570796326795));
#3877 = ( GEOMETRIC_REPRESENTATION_CONTEXT(2) 
PARAMETRIC_REPRESENTATION_CONTEXT() REPRESENTATION_CONTEXT('2D SPACE',''
  ) );
#3878 = ORIENTED_EDGE('',*,*,#3879,.T.);
#3879 = EDGE_CURVE('',#3440,#3714,#3880,.T.);
#3880 = SURFACE_CURVE('',#3881,(#3885,#3892),.PCURVE_S1.);
#3881 = LINE('',#3882,#3883);
#3882 = CARTESIAN_POINT('',(6.175,38.1,-19.6));
#3883 = VECTOR('',#3884,1.);
#3884 = DIRECTION('',(-1.,0.,0.));
#3885 = PCURVE('',#1273,#3886);
#3886 = DEFINITIONAL_REPRESENTATION('',(#3887),#3891);
#3887 = LINE('',#3888,#3889);
#3888 = CARTESIAN_POINT('',(5.497787143782,0.));
#3889 = VECTOR('',#3890,1.);
#3890 = DIRECTION('',(0.,-1.));
#3891 = ( GEOMETRIC_REPRESENTATION_CONTEXT(2) 
PARAMETRIC_REPRESENTATION_CONTEXT() REPRESENTATION_CONTEXT('2D SPACE',''
  ) );
#3892 = PCURVE('',#3545,#3893);
#3893 = DEFINITIONAL_REPRESENTATION('',(#3894),#3898);
#3894 = LINE('',#3895,#3896);
#3895 = CARTESIAN_POINT('',(19.6,6.175));
#3896 = VECTOR('',#3897,1.);
#3897 = DIRECTION('',(0.,-1.));
#3898 = ( GEOMETRIC_REPRESENTATION_CONTEXT(2) 
PARAMETRIC_REPRESENTATION_CONTEXT() REPRESENTATION_CONTEXT('2D SPACE',''
  ) );
#3899 = ADVANCED_FACE('',(#3900),#1299,.T.);
#3900 = FACE_BOUND('',#3901,.T.);
#3901 = EDGE_LOOP('',(#3902,#3903,#3904,#3972));
#3902 = ORIENTED_EDGE('',*,*,#1416,.F.);
#3903 = ORIENTED_EDGE('',*,*,#1285,.T.);
#3904 = ORIENTED_EDGE('',*,*,#3905,.F.);
#3905 = EDGE_CURVE('',#3906,#1258,#3908,.T.);
#3906 = VERTEX_POINT('',#3907);
#3907 = CARTESIAN_POINT('',(-22.35,39.1,-19.6));
#3908 = SURFACE_CURVE('',#3909,(#3914,#3943),.PCURVE_S1.);
#3909 = ELLIPSE('',#3910,1.21655250606,1.2);
#3910 = AXIS2_PLACEMENT_3D('',#3911,#3912,#3913);
#3911 = CARTESIAN_POINT('',(-21.15,39.3,-19.6));
#3912 = DIRECTION('',(0.164398987305,-0.986393923832,0.));
#3913 = DIRECTION('',(-0.986393923832,-0.164398987305,0.));
#3914 = PCURVE('',#1299,#3915);
#3915 = DEFINITIONAL_REPRESENTATION('',(#3916),#3942);
#3916 = B_SPLINE_CURVE_WITH_KNOTS('',3,(#3917,#3918,#3919,#3920,#3921,
    #3922,#3923,#3924,#3925,#3926,#3927,#3928,#3929,#3930,#3931,#3932,
    #3933,#3934,#3935,#3936,#3937,#3938,#3939,#3940,#3941),
  .UNSPECIFIED.,.F.,.F.,(4,1,1,1,1,1,1,1,1,1,1,1,1,1,1,1,1,1,1,1,1,1,4),
  (0.,7.139983303613E-02,0.142799666072,0.214199499108,0.285599332145,
    0.356999165181,0.428398998217,0.499798831253,0.571198664289,
    0.642598497325,0.713998330361,0.785398163397,0.856797996434,
    0.92819782947,0.999597662506,1.070997495542,1.142397328578,
    1.213797161614,1.28519699465,1.356596827687,1.427996660723,
    1.499396493759,1.570796326795),.QUASI_UNIFORM_KNOTS.);
#3917 = CARTESIAN_POINT('',(-0.785398163397,27.9));
#3918 = CARTESIAN_POINT('',(-0.761598219052,27.900000431311));
#3919 = CARTESIAN_POINT('',(-0.713998330361,27.89965979301));
#3920 = CARTESIAN_POINT('',(-0.642598497325,27.898132615032));
#3921 = CARTESIAN_POINT('',(-0.571198664289,27.895595477121));
#3922 = CARTESIAN_POINT('',(-0.499798831253,27.89206171565));
#3923 = CARTESIAN_POINT('',(-0.428398998217,27.887549228615));
#3924 = CARTESIAN_POINT('',(-0.356999165181,27.882081039888));
#3925 = CARTESIAN_POINT('',(-0.285599332145,27.87568500626));
#3926 = CARTESIAN_POINT('',(-0.214199499108,27.868393722555));
#3927 = CARTESIAN_POINT('',(-0.142799666072,27.86024434292));
#3928 = CARTESIAN_POINT('',(-7.139983303613E-02,27.851278394876));
#3929 = CARTESIAN_POINT('',(-5.090461182881E-16,27.8415415668));
#3930 = CARTESIAN_POINT('',(7.139983303614E-02,27.831083475347));
#3931 = CARTESIAN_POINT('',(0.142799666072,27.819957412548));
#3932 = CARTESIAN_POINT('',(0.214199499108,27.808220074275));
#3933 = CARTESIAN_POINT('',(0.285599332145,27.795931271299));
#3934 = CARTESIAN_POINT('',(0.356999165181,27.783153624593));
#3935 = CARTESIAN_POINT('',(0.428398998217,27.769952245931));
#3936 = CARTESIAN_POINT('',(0.499798831253,27.7563944072));
#3937 = CARTESIAN_POINT('',(0.571198664289,27.742549193477));
#3938 = CARTESIAN_POINT('',(0.642598497325,27.728487166355));
#3939 = CARTESIAN_POINT('',(0.713998330361,27.714279947033));
#3940 = CARTESIAN_POINT('',(0.761598219052,27.704760025914));
#3941 = CARTESIAN_POINT('',(0.785398163397,27.7));
#3942 = ( GEOMETRIC_REPRESENTATION_CONTEXT(2) 
PARAMETRIC_REPRESENTATION_CONTEXT() REPRESENTATION_CONTEXT('2D SPACE',''
  ) );
#3943 = PCURVE('',#3752,#3944);
#3944 = DEFINITIONAL_REPRESENTATION('',(#3945),#3971);
#3945 = B_SPLINE_CURVE_WITH_KNOTS('',3,(#3946,#3947,#3948,#3949,#3950,
    #3951,#3952,#3953,#3954,#3955,#3956,#3957,#3958,#3959,#3960,#3961,
    #3962,#3963,#3964,#3965,#3966,#3967,#3968,#3969,#3970),
  .UNSPECIFIED.,.F.,.F.,(4,1,1,1,1,1,1,1,1,1,1,1,1,1,1,1,1,1,1,1,1,1,4),
  (0.,7.139983303613E-02,0.142799666072,0.214199499108,0.285599332145,
    0.356999165181,0.428398998217,0.499798831253,0.571198664289,
    0.642598497325,0.713998330361,0.785398163397,0.856797996434,
    0.92819782947,0.999597662506,1.070997495542,1.142397328578,
    1.213797161614,1.28519699465,1.356596827687,1.427996660723,
    1.499396493759,1.570796326795),.QUASI_UNIFORM_KNOTS.);
#3946 = CARTESIAN_POINT('',(0.,0.));
#3947 = CARTESIAN_POINT('',(1.520016723723E-07,2.380203524245E-02));
#3948 = CARTESIAN_POINT('',(6.481940833454E-06,7.143569210929E-02));
#3949 = CARTESIAN_POINT('',(2.609392568633E-05,0.14293108751));
#3950 = CARTESIAN_POINT('',(4.710643614639E-05,0.214419223987));
#3951 = CARTESIAN_POINT('',(6.344828879169E-05,0.28587705244));
#3952 = CARTESIAN_POINT('',(7.051190201832E-05,0.357290265627));
#3953 = CARTESIAN_POINT('',(6.562096609975E-05,0.428653956132));
#3954 = CARTESIAN_POINT('',(4.748999359735E-05,0.499946829556));
#3955 = CARTESIAN_POINT('',(2.351102254761E-05,0.571229770847));
#3956 = CARTESIAN_POINT('',(7.629149219993E-06,0.64256940548));
#3957 = CARTESIAN_POINT('',(2.434967199074E-05,0.713994460658));
#3958 = CARTESIAN_POINT('',(7.893195701817E-05,0.785446136899));
#3959 = CARTESIAN_POINT('',(1.588546352135E-04,0.85686439525));
#3960 = CARTESIAN_POINT('',(2.551026235567E-04,0.928232358678));
#3961 = CARTESIAN_POINT('',(3.540064527231E-04,0.999555634567));
#3962 = CARTESIAN_POINT('',(4.389336180258E-04,1.070856224462));
#3963 = CARTESIAN_POINT('',(4.918612290616E-04,1.142162713633));
#3964 = CARTESIAN_POINT('',(4.966726180896E-04,1.213502523765));
#3965 = CARTESIAN_POINT('',(4.443031721555E-04,1.284895014111));
#3966 = CARTESIAN_POINT('',(3.350822882313E-04,1.356346168163));
#3967 = CARTESIAN_POINT('',(1.943268392389E-04,1.427843240957));
#3968 = CARTESIAN_POINT('',(3.803930609951E-05,1.499354415822));
#3969 = CARTESIAN_POINT('',(2.539954654952E-05,1.546994273883));
#3970 = CARTESIAN_POINT('',(6.092728840191E-05,1.570796326795));
#3971 = ( GEOMETRIC_REPRESENTATION_CONTEXT(2) 
PARAMETRIC_REPRESENTATION_CONTEXT() REPRESENTATION_CONTEXT('2D SPACE',''
  ) );
#3972 = ORIENTED_EDGE('',*,*,#3973,.T.);
#3973 = EDGE_CURVE('',#3906,#1394,#3974,.T.);
#3974 = SURFACE_CURVE('',#3975,(#3979,#3986),.PCURVE_S1.);
#3975 = LINE('',#3976,#3977);
#3976 = CARTESIAN_POINT('',(-22.35,67.,-19.6));
#3977 = VECTOR('',#3978,1.);
#3978 = DIRECTION('',(1.239088197126E-16,1.,0.));
#3979 = PCURVE('',#1299,#3980);
#3980 = DEFINITIONAL_REPRESENTATION('',(#3981),#3985);
#3981 = LINE('',#3982,#3983);
#3982 = CARTESIAN_POINT('',(-0.785398163397,0.));
#3983 = VECTOR('',#3984,1.);
#3984 = DIRECTION('',(0.,-1.));
#3985 = ( GEOMETRIC_REPRESENTATION_CONTEXT(2) 
PARAMETRIC_REPRESENTATION_CONTEXT() REPRESENTATION_CONTEXT('2D SPACE',''
  ) );
#3986 = PCURVE('',#1552,#3987);
#3987 = DEFINITIONAL_REPRESENTATION('',(#3988),#3992);
#3988 = LINE('',#3989,#3990);
#3989 = CARTESIAN_POINT('',(-59.6,-5.));
#3990 = VECTOR('',#3991,1.);
#3991 = DIRECTION('',(0.,1.));
#3992 = ( GEOMETRIC_REPRESENTATION_CONTEXT(2) 
PARAMETRIC_REPRESENTATION_CONTEXT() REPRESENTATION_CONTEXT('2D SPACE',''
  ) );
#3993 = ADVANCED_FACE('',(#3994),#1352,.F.);
#3994 = FACE_BOUND('',#3995,.T.);
#3995 = EDGE_LOOP('',(#3996,#4017,#4038,#4039));
#3996 = ORIENTED_EDGE('',*,*,#3997,.T.);
#3997 = EDGE_CURVE('',#1488,#2368,#3998,.T.);
#3998 = SURFACE_CURVE('',#3999,(#4003,#4010),.PCURVE_S1.);
#3999 = LINE('',#4000,#4001);
#4000 = CARTESIAN_POINT('',(-8.,45.775,-19.6));
#4001 = VECTOR('',#4002,1.);
#4002 = DIRECTION('',(0.,-1.,0.));
#4003 = PCURVE('',#1352,#4004);
#4004 = DEFINITIONAL_REPRESENTATION('',(#4005),#4009);
#4005 = LINE('',#4006,#4007);
#4006 = CARTESIAN_POINT('',(-0.691,-3.975));
#4007 = VECTOR('',#4008,1.);
#4008 = DIRECTION('',(0.,-1.));
#4009 = ( GEOMETRIC_REPRESENTATION_CONTEXT(2) 
PARAMETRIC_REPRESENTATION_CONTEXT() REPRESENTATION_CONTEXT('2D SPACE',''
  ) );
#4010 = PCURVE('',#2404,#4011);
#4011 = DEFINITIONAL_REPRESENTATION('',(#4012),#4016);
#4012 = LINE('',#4013,#4014);
#4013 = CARTESIAN_POINT('',(0.,3.975));
#4014 = VECTOR('',#4015,1.);
#4015 = DIRECTION('',(0.,-1.));
#4016 = ( GEOMETRIC_REPRESENTATION_CONTEXT(2) 
PARAMETRIC_REPRESENTATION_CONTEXT() REPRESENTATION_CONTEXT('2D SPACE',''
  ) );
#4017 = ORIENTED_EDGE('',*,*,#4018,.F.);
#4018 = EDGE_CURVE('',#1337,#2368,#4019,.T.);
#4019 = SURFACE_CURVE('',#4020,(#4024,#4031),.PCURVE_S1.);
#4020 = LINE('',#4021,#4022);
#4021 = CARTESIAN_POINT('',(-8.,41.7,-20.8));
#4022 = VECTOR('',#4023,1.);
#4023 = DIRECTION('',(0.,0.,1.));
#4024 = PCURVE('',#1352,#4025);
#4025 = DEFINITIONAL_REPRESENTATION('',(#4026),#4030);
#4026 = LINE('',#4027,#4028);
#4027 = CARTESIAN_POINT('',(-1.891,-8.05));
#4028 = VECTOR('',#4029,1.);
#4029 = DIRECTION('',(1.,0.));
#4030 = ( GEOMETRIC_REPRESENTATION_CONTEXT(2) 
PARAMETRIC_REPRESENTATION_CONTEXT() REPRESENTATION_CONTEXT('2D SPACE',''
  ) );
#4031 = PCURVE('',#1378,#4032);
#4032 = DEFINITIONAL_REPRESENTATION('',(#4033),#4037);
#4033 = LINE('',#4034,#4035);
#4034 = CARTESIAN_POINT('',(0.,30.35));
#4035 = VECTOR('',#4036,1.);
#4036 = DIRECTION('',(1.,0.));
#4037 = ( GEOMETRIC_REPRESENTATION_CONTEXT(2) 
PARAMETRIC_REPRESENTATION_CONTEXT() REPRESENTATION_CONTEXT('2D SPACE',''
  ) );
#4038 = ORIENTED_EDGE('',*,*,#1336,.F.);
#4039 = ORIENTED_EDGE('',*,*,#1510,.F.);
#4040 = ADVANCED_FACE('',(#4041),#1378,.F.);
#4041 = FACE_BOUND('',#4042,.T.);
#4042 = EDGE_LOOP('',(#4043,#4044,#4045,#4046));
#4043 = ORIENTED_EDGE('',*,*,#2317,.F.);
#4044 = ORIENTED_EDGE('',*,*,#1364,.F.);
#4045 = ORIENTED_EDGE('',*,*,#4018,.T.);
#4046 = ORIENTED_EDGE('',*,*,#2367,.F.);
#4047 = ADVANCED_FACE('',(#4048,#4170),#1552,.T.);
#4048 = FACE_BOUND('',#4049,.T.);
#4049 = EDGE_LOOP('',(#4050,#4051,#4079,#4107,#4143,#4169));
#4050 = ORIENTED_EDGE('',*,*,#3973,.F.);
#4051 = ORIENTED_EDGE('',*,*,#4052,.T.);
#4052 = EDGE_CURVE('',#3906,#4053,#4055,.T.);
#4053 = VERTEX_POINT('',#4054);
#4054 = CARTESIAN_POINT('',(-22.35,39.1,7.004483585078));
#4055 = SURFACE_CURVE('',#4056,(#4060,#4067),.PCURVE_S1.);
#4056 = LINE('',#4057,#4058);
#4057 = CARTESIAN_POINT('',(-22.35,39.1,-17.9));
#4058 = VECTOR('',#4059,1.);
#4059 = DIRECTION('',(0.,0.,1.));
#4060 = PCURVE('',#1552,#4061);
#4061 = DEFINITIONAL_REPRESENTATION('',(#4062),#4066);
#4062 = LINE('',#4063,#4064);
#4063 = CARTESIAN_POINT('',(-57.9,-32.9));
#4064 = VECTOR('',#4065,1.);
#4065 = DIRECTION('',(1.,0.));
#4066 = ( GEOMETRIC_REPRESENTATION_CONTEXT(2) 
PARAMETRIC_REPRESENTATION_CONTEXT() REPRESENTATION_CONTEXT('2D SPACE',''
  ) );
#4067 = PCURVE('',#4068,#4073);
#4068 = CYLINDRICAL_SURFACE('',#4069,1.);
#4069 = AXIS2_PLACEMENT_3D('',#4070,#4071,#4072);
#4070 = CARTESIAN_POINT('',(-21.35,39.1,0.));
#4071 = DIRECTION('',(0.,0.,1.));
#4072 = DIRECTION('',(1.,0.,-0.));
#4073 = DEFINITIONAL_REPRESENTATION('',(#4074),#4078);
#4074 = LINE('',#4075,#4076);
#4075 = CARTESIAN_POINT('',(3.14159265359,-17.9));
#4076 = VECTOR('',#4077,1.);
#4077 = DIRECTION('',(0.,1.));
#4078 = ( GEOMETRIC_REPRESENTATION_CONTEXT(2) 
PARAMETRIC_REPRESENTATION_CONTEXT() REPRESENTATION_CONTEXT('2D SPACE',''
  ) );
#4079 = ORIENTED_EDGE('',*,*,#4080,.T.);
#4080 = EDGE_CURVE('',#4053,#4081,#4083,.T.);
#4081 = VERTEX_POINT('',#4082);
#4082 = CARTESIAN_POINT('',(-22.35,59.074143433894,7.004483580072));
#4083 = SURFACE_CURVE('',#4084,(#4088,#4095),.PCURVE_S1.);
#4084 = LINE('',#4085,#4086);
#4085 = CARTESIAN_POINT('',(-22.35,39.1,7.004483585078));
#4086 = VECTOR('',#4087,1.);
#4087 = DIRECTION('',(2.223320423912E-16,1.,1.667490317934E-16));
#4088 = PCURVE('',#1552,#4089);
#4089 = DEFINITIONAL_REPRESENTATION('',(#4090),#4094);
#4090 = LINE('',#4091,#4092);
#4091 = CARTESIAN_POINT('',(-32.99551641492,-32.9));
#4092 = VECTOR('',#4093,1.);
#4093 = DIRECTION('',(1.667490317934E-16,1.));
#4094 = ( GEOMETRIC_REPRESENTATION_CONTEXT(2) 
PARAMETRIC_REPRESENTATION_CONTEXT() REPRESENTATION_CONTEXT('2D SPACE',''
  ) );
#4095 = PCURVE('',#4096,#4101);
#4096 = PLANE('',#4097);
#4097 = AXIS2_PLACEMENT_3D('',#4098,#4099,#4100);
#4098 = CARTESIAN_POINT('',(-16.08641839298,58.1,55.046416107921));
#4099 = DIRECTION('',(0.991607709035,0.,-0.129283221584));
#4100 = DIRECTION('',(-0.129283221584,0.,-0.991607709035));
#4101 = DEFINITIONAL_REPRESENTATION('',(#4102),#4106);
#4102 = LINE('',#4103,#4104);
#4103 = CARTESIAN_POINT('',(48.448526655381,-19.));
#4104 = VECTOR('',#4105,1.);
#4105 = DIRECTION('',(-1.940934281021E-16,1.));
#4106 = ( GEOMETRIC_REPRESENTATION_CONTEXT(2) 
PARAMETRIC_REPRESENTATION_CONTEXT() REPRESENTATION_CONTEXT('2D SPACE',''
  ) );
#4107 = ORIENTED_EDGE('',*,*,#4108,.F.);
#4108 = EDGE_CURVE('',#4109,#4081,#4111,.T.);
#4109 = VERTEX_POINT('',#4110);
#4110 = CARTESIAN_POINT('',(-22.35,60.1,6.689184796199));
#4111 = SURFACE_CURVE('',#4112,(#4117,#4124),.PCURVE_S1.);
#4112 = ELLIPSE('',#4113,5.230340386863,3.);
#4113 = AXIS2_PLACEMENT_3D('',#4114,#4115,#4116);
#4114 = CARTESIAN_POINT('',(-22.35,60.1,11.919525183062));
#4115 = DIRECTION('',(-1.,1.239088197126E-16,0.));
#4116 = DIRECTION('',(1.075056333804E-32,8.676188961345E-17,1.));
#4117 = PCURVE('',#1552,#4118);
#4118 = DEFINITIONAL_REPRESENTATION('',(#4119),#4123);
#4119 = ELLIPSE('',#4120,5.230340386863,3.);
#4120 = AXIS2_PLACEMENT_2D('',#4121,#4122);
#4121 = CARTESIAN_POINT('',(-28.08047481693,-11.9));
#4122 = DIRECTION('',(1.,8.676188961345E-17));
#4123 = ( GEOMETRIC_REPRESENTATION_CONTEXT(2) 
PARAMETRIC_REPRESENTATION_CONTEXT() REPRESENTATION_CONTEXT('2D SPACE',''
  ) );
#4124 = PCURVE('',#4125,#4138);
#4125 = ( BOUNDED_SURFACE() B_SPLINE_SURFACE(3,2,(
    (#4126,#4127,#4128)
    ,(#4129,#4130,#4131)
    ,(#4132,#4133,#4134)
    ,(#4135,#4136,#4137
)),.UNSPECIFIED.,.F.,.F.,.F.) B_SPLINE_SURFACE_WITH_KNOTS((4,4),(3,3),(
    3.141470287888,3.49268016026),(-1.223657018513E-04,1.),
.PIECEWISE_BEZIER_KNOTS.) GEOMETRIC_REPRESENTATION_ITEM() 
RATIONAL_B_SPLINE_SURFACE((
    (1.000011328302,0.953711285677,1.)
    ,(1.000011327547,0.953714372386,1.)
    ,(1.000012410878,0.949287759785,1.)
,(1.000014556621,0.940520010414,1.
  ))) REPRESENTATION_ITEM('') SURFACE() );
#4126 = CARTESIAN_POINT('',(-22.16910982538,60.100244718573,
    7.262821549034));
#4127 = CARTESIAN_POINT('',(-22.35,60.100299823371,7.004524078199));
#4128 = CARTESIAN_POINT('',(-22.35,60.100367097151,6.689184835754));
#4129 = CARTESIAN_POINT('',(-22.16912168183,59.866117059195,
    7.26275416354));
#4130 = CARTESIAN_POINT('',(-22.34999999999,59.813453031113,
    7.004449866006));
#4131 = CARTESIAN_POINT('',(-22.35,59.749157152695,6.68910914834));
#4132 = CARTESIAN_POINT('',(-22.15211838968,59.632043896879,
    7.359391475512));
#4133 = CARTESIAN_POINT('',(-22.35,59.524241476674,7.111374945305));
#4134 = CARTESIAN_POINT('',(-22.35,59.398028282187,6.797652334768));
#4135 = CARTESIAN_POINT('',(-22.11913002742,59.412196058521,
    7.546881204475));
#4136 = CARTESIAN_POINT('',(-22.35,59.262662087993,7.312706479524));
#4137 = CARTESIAN_POINT('',(-22.35,59.068242464267,7.008239462762));
#4138 = DEFINITIONAL_REPRESENTATION('',(#4139),#4142);
#4139 = B_SPLINE_CURVE_WITH_KNOTS('',1,(#4140,#4141),.UNSPECIFIED.,.F.,
  .F.,(2,2),(3.14159265359,3.490586191163),.PIECEWISE_BEZIER_KNOTS.);
#4140 = CARTESIAN_POINT('',(3.14159265359,1.));
#4141 = CARTESIAN_POINT('',(3.490586176521,1.000000152262));
#4142 = ( GEOMETRIC_REPRESENTATION_CONTEXT(2) 
PARAMETRIC_REPRESENTATION_CONTEXT() REPRESENTATION_CONTEXT('2D SPACE',''
  ) );
#4143 = ORIENTED_EDGE('',*,*,#4144,.T.);
#4144 = EDGE_CURVE('',#4109,#1537,#4145,.T.);
#4145 = SURFACE_CURVE('',#4146,(#4150,#4157),.PCURVE_S1.);
#4146 = LINE('',#4147,#4148);
#4147 = CARTESIAN_POINT('',(-22.35,60.1,6.689184796199));
#4148 = VECTOR('',#4149,1.);
#4149 = DIRECTION('',(0.,1.,0.));
#4150 = PCURVE('',#1552,#4151);
#4151 = DEFINITIONAL_REPRESENTATION('',(#4152),#4156);
#4152 = LINE('',#4153,#4154);
#4153 = CARTESIAN_POINT('',(-33.3108152038,-11.9));
#4154 = VECTOR('',#4155,1.);
#4155 = DIRECTION('',(0.,1.));
#4156 = ( GEOMETRIC_REPRESENTATION_CONTEXT(2) 
PARAMETRIC_REPRESENTATION_CONTEXT() REPRESENTATION_CONTEXT('2D SPACE',''
  ) );
#4157 = PCURVE('',#4158,#4163);
#4158 = CYLINDRICAL_SURFACE('',#4159,1.);
#4159 = AXIS2_PLACEMENT_3D('',#4160,#4161,#4162);
#4160 = CARTESIAN_POINT('',(-21.35,72.,6.689184796199));
#4161 = DIRECTION('',(1.239088197126E-16,1.,1.769601338904E-16));
#4162 = DIRECTION('',(0.,1.769601338904E-16,-1.));
#4163 = DEFINITIONAL_REPRESENTATION('',(#4164),#4168);
#4164 = LINE('',#4165,#4166);
#4165 = CARTESIAN_POINT('',(1.570796326795,-11.9));
#4166 = VECTOR('',#4167,1.);
#4167 = DIRECTION('',(-2.114710523096E-16,1.));
#4168 = ( GEOMETRIC_REPRESENTATION_CONTEXT(2) 
PARAMETRIC_REPRESENTATION_CONTEXT() REPRESENTATION_CONTEXT('2D SPACE',''
  ) );
#4169 = ORIENTED_EDGE('',*,*,#1536,.T.);
#4170 = FACE_BOUND('',#4171,.T.);
#4171 = EDGE_LOOP('',(#4172,#4202,#4230));
#4172 = ORIENTED_EDGE('',*,*,#4173,.T.);
#4173 = EDGE_CURVE('',#4174,#4176,#4178,.T.);
#4174 = VERTEX_POINT('',#4175);
#4175 = CARTESIAN_POINT('',(-22.35,49.359394012924,-5.7838090308));
#4176 = VERTEX_POINT('',#4177);
#4177 = CARTESIAN_POINT('',(-22.35,50.672665874818,-4.497758207461));
#4178 = SURFACE_CURVE('',#4179,(#4183,#4190),.PCURVE_S1.);
#4179 = LINE('',#4180,#4181);
#4180 = CARTESIAN_POINT('',(-22.35,49.359394012924,-5.7838090308));
#4181 = VECTOR('',#4182,1.);
#4182 = DIRECTION('',(0.,0.714472679633,0.699663340513));
#4183 = PCURVE('',#1552,#4184);
#4184 = DEFINITIONAL_REPRESENTATION('',(#4185),#4189);
#4185 = LINE('',#4186,#4187);
#4186 = CARTESIAN_POINT('',(-45.7838090308,-22.64060598707));
#4187 = VECTOR('',#4188,1.);
#4188 = DIRECTION('',(0.699663340513,0.714472679633));
#4189 = ( GEOMETRIC_REPRESENTATION_CONTEXT(2) 
PARAMETRIC_REPRESENTATION_CONTEXT() REPRESENTATION_CONTEXT('2D SPACE',''
  ) );
#4190 = PCURVE('',#4191,#4196);
#4191 = PLANE('',#4192);
#4192 = AXIS2_PLACEMENT_3D('',#4193,#4194,#4195);
#4193 = CARTESIAN_POINT('',(-20.35,49.359394012924,-5.7838090308));
#4194 = DIRECTION('',(-8.669445871921E-17,-0.699663340513,0.714472679633
    ));
#4195 = DIRECTION('',(1.,3.201513059883E-32,1.213404811556E-16));
#4196 = DEFINITIONAL_REPRESENTATION('',(#4197),#4201);
#4197 = LINE('',#4198,#4199);
#4198 = CARTESIAN_POINT('',(-2.,1.697949727697E-16));
#4199 = VECTOR('',#4200,1.);
#4200 = DIRECTION('',(8.489748638486E-17,1.));
#4201 = ( GEOMETRIC_REPRESENTATION_CONTEXT(2) 
PARAMETRIC_REPRESENTATION_CONTEXT() REPRESENTATION_CONTEXT('2D SPACE',''
  ) );
#4202 = ORIENTED_EDGE('',*,*,#4203,.T.);
#4203 = EDGE_CURVE('',#4176,#4204,#4206,.T.);
#4204 = VERTEX_POINT('',#4205);
#4205 = CARTESIAN_POINT('',(-22.35,49.359394012924,-3.211707384122));
#4206 = SURFACE_CURVE('',#4207,(#4211,#4218),.PCURVE_S1.);
#4207 = LINE('',#4208,#4209);
#4208 = CARTESIAN_POINT('',(-22.35,50.672665874818,-4.497758207461));
#4209 = VECTOR('',#4210,1.);
#4210 = DIRECTION('',(0.,-0.714472679633,0.699663340513));
#4211 = PCURVE('',#1552,#4212);
#4212 = DEFINITIONAL_REPRESENTATION('',(#4213),#4217);
#4213 = LINE('',#4214,#4215);
#4214 = CARTESIAN_POINT('',(-44.49775820746,-21.32733412518));
#4215 = VECTOR('',#4216,1.);
#4216 = DIRECTION('',(0.699663340513,-0.714472679633));
#4217 = ( GEOMETRIC_REPRESENTATION_CONTEXT(2) 
PARAMETRIC_REPRESENTATION_CONTEXT() REPRESENTATION_CONTEXT('2D SPACE',''
  ) );
#4218 = PCURVE('',#4219,#4224);
#4219 = PLANE('',#4220);
#4220 = AXIS2_PLACEMENT_3D('',#4221,#4222,#4223);
#4221 = CARTESIAN_POINT('',(-20.35,50.672665874818,-4.497758207461));
#4222 = DIRECTION('',(-8.669445871921E-17,-0.699663340513,
    -0.714472679633));
#4223 = DIRECTION('',(-1.,-1.147773961635E-31,1.213404811556E-16));
#4224 = DEFINITIONAL_REPRESENTATION('',(#4225),#4229);
#4225 = LINE('',#4226,#4227);
#4226 = CARTESIAN_POINT('',(2.,1.697949727697E-16));
#4227 = VECTOR('',#4228,1.);
#4228 = DIRECTION('',(8.489748638486E-17,-1.));
#4229 = ( GEOMETRIC_REPRESENTATION_CONTEXT(2) 
PARAMETRIC_REPRESENTATION_CONTEXT() REPRESENTATION_CONTEXT('2D SPACE',''
  ) );
#4230 = ORIENTED_EDGE('',*,*,#4231,.T.);
#4231 = EDGE_CURVE('',#4204,#4174,#4232,.T.);
#4232 = SURFACE_CURVE('',#4233,(#4238,#4249),.PCURVE_S1.);
#4233 = CIRCLE('',#4234,1.8);
#4234 = AXIS2_PLACEMENT_3D('',#4235,#4236,#4237);
#4235 = CARTESIAN_POINT('',(-22.35,48.1,-4.497758207461));
#4236 = DIRECTION('',(1.,-1.239088197126E-16,0.));
#4237 = DIRECTION('',(1.239088197126E-16,1.,0.));
#4238 = PCURVE('',#1552,#4239);
#4239 = DEFINITIONAL_REPRESENTATION('',(#4240),#4248);
#4240 = ( BOUNDED_CURVE() B_SPLINE_CURVE(2,(#4241,#4242,#4243,#4244,
#4245,#4246,#4247),.UNSPECIFIED.,.T.,.F.) B_SPLINE_CURVE_WITH_KNOTS((1,2
    ,2,2,2,1),(-2.094395102393,0.,2.094395102393,4.188790204786,
6.28318530718,8.377580409573),.UNSPECIFIED.) CURVE() 
GEOMETRIC_REPRESENTATION_ITEM() RATIONAL_B_SPLINE_CURVE((1.,0.5,1.,0.5,
1.,0.5,1.)) REPRESENTATION_ITEM('') );
#4241 = CARTESIAN_POINT('',(-44.49775820746,-22.1));
#4242 = CARTESIAN_POINT('',(-41.38006675383,-22.1));
#4243 = CARTESIAN_POINT('',(-42.93891248064,-24.8));
#4244 = CARTESIAN_POINT('',(-44.49775820746,-27.5));
#4245 = CARTESIAN_POINT('',(-46.05660393427,-24.8));
#4246 = CARTESIAN_POINT('',(-47.61544966108,-22.1));
#4247 = CARTESIAN_POINT('',(-44.49775820746,-22.1));
#4248 = ( GEOMETRIC_REPRESENTATION_CONTEXT(2) 
PARAMETRIC_REPRESENTATION_CONTEXT() REPRESENTATION_CONTEXT('2D SPACE',''
  ) );
#4249 = PCURVE('',#4250,#4255);
#4250 = CYLINDRICAL_SURFACE('',#4251,1.8);
#4251 = AXIS2_PLACEMENT_3D('',#4252,#4253,#4254);
#4252 = CARTESIAN_POINT('',(-20.35,48.1,-4.497758207461));
#4253 = DIRECTION('',(1.,-1.239088197126E-16,0.));
#4254 = DIRECTION('',(-1.239088197126E-16,-1.,5.665538897648E-16));
#4255 = DEFINITIONAL_REPRESENTATION('',(#4256),#4260);
#4256 = LINE('',#4257,#4258);
#4257 = CARTESIAN_POINT('',(-3.14159265359,-2.));
#4258 = VECTOR('',#4259,1.);
#4259 = DIRECTION('',(1.,0.));
#4260 = ( GEOMETRIC_REPRESENTATION_CONTEXT(2) 
PARAMETRIC_REPRESENTATION_CONTEXT() REPRESENTATION_CONTEXT('2D SPACE',''
  ) );
#4261 = ADVANCED_FACE('',(#4262),#1579,.T.);
#4262 = FACE_BOUND('',#4263,.T.);
#4263 = EDGE_LOOP('',(#4264,#4265,#4287));
#4264 = ORIENTED_EDGE('',*,*,#1564,.T.);
#4265 = ORIENTED_EDGE('',*,*,#4266,.F.);
#4266 = EDGE_CURVE('',#1618,#1537,#4267,.T.);
#4267 = SURFACE_CURVE('',#4268,(#4273,#4280),.PCURVE_S1.);
#4268 = CIRCLE('',#4269,1.);
#4269 = AXIS2_PLACEMENT_3D('',#4270,#4271,#4272);
#4270 = CARTESIAN_POINT('',(-21.35,68.5,6.689184796199));
#4271 = DIRECTION('',(-1.239088197126E-16,-1.,-1.769601338904E-16));
#4272 = DIRECTION('',(2.192692132654E-32,1.769601338904E-16,-1.));
#4273 = PCURVE('',#1579,#4274);
#4274 = DEFINITIONAL_REPRESENTATION('',(#4275),#4279);
#4275 = LINE('',#4276,#4277);
#4276 = CARTESIAN_POINT('',(6.28318530718,4.712388980385));
#4277 = VECTOR('',#4278,1.);
#4278 = DIRECTION('',(0.,-1.));
#4279 = ( GEOMETRIC_REPRESENTATION_CONTEXT(2) 
PARAMETRIC_REPRESENTATION_CONTEXT() REPRESENTATION_CONTEXT('2D SPACE',''
  ) );
#4280 = PCURVE('',#4158,#4281);
#4281 = DEFINITIONAL_REPRESENTATION('',(#4282),#4286);
#4282 = LINE('',#4283,#4284);
#4283 = CARTESIAN_POINT('',(6.28318530718,-3.5));
#4284 = VECTOR('',#4285,1.);
#4285 = DIRECTION('',(-1.,0.));
#4286 = ( GEOMETRIC_REPRESENTATION_CONTEXT(2) 
PARAMETRIC_REPRESENTATION_CONTEXT() REPRESENTATION_CONTEXT('2D SPACE',''
  ) );
#4287 = ORIENTED_EDGE('',*,*,#1617,.T.);
#4288 = ADVANCED_FACE('',(#4289),#1679,.F.);
#4289 = FACE_BOUND('',#4290,.T.);
#4290 = EDGE_LOOP('',(#4291,#4292,#4315,#4343));
#4291 = ORIENTED_EDGE('',*,*,#1663,.T.);
#4292 = ORIENTED_EDGE('',*,*,#4293,.T.);
#4293 = EDGE_CURVE('',#1618,#4294,#4296,.T.);
#4294 = VERTEX_POINT('',#4295);
#4295 = CARTESIAN_POINT('',(-22.16915204428,60.1,7.26276123255));
#4296 = SURFACE_CURVE('',#4297,(#4301,#4308),.PCURVE_S1.);
#4297 = LINE('',#4298,#4299);
#4298 = CARTESIAN_POINT('',(-22.16915204428,72.,7.26276123255));
#4299 = VECTOR('',#4300,1.);
#4300 = DIRECTION('',(-1.239088197126E-16,-1.,-1.769601338904E-16));
#4301 = PCURVE('',#1679,#4302);
#4302 = DEFINITIONAL_REPRESENTATION('',(#4303),#4307);
#4303 = LINE('',#4304,#4305);
#4304 = CARTESIAN_POINT('',(32.884296578703,0.));
#4305 = VECTOR('',#4306,1.);
#4306 = DIRECTION('',(2.160284346772E-16,-1.));
#4307 = ( GEOMETRIC_REPRESENTATION_CONTEXT(2) 
PARAMETRIC_REPRESENTATION_CONTEXT() REPRESENTATION_CONTEXT('2D SPACE',''
  ) );
#4308 = PCURVE('',#4158,#4309);
#4309 = DEFINITIONAL_REPRESENTATION('',(#4310),#4314);
#4310 = LINE('',#4311,#4312);
#4311 = CARTESIAN_POINT('',(2.181661564993,0.));
#4312 = VECTOR('',#4313,1.);
#4313 = DIRECTION('',(1.057355261548E-16,-1.));
#4314 = ( GEOMETRIC_REPRESENTATION_CONTEXT(2) 
PARAMETRIC_REPRESENTATION_CONTEXT() REPRESENTATION_CONTEXT('2D SPACE',''
  ) );
#4315 = ORIENTED_EDGE('',*,*,#4316,.F.);
#4316 = EDGE_CURVE('',#4317,#4294,#4319,.T.);
#4317 = VERTEX_POINT('',#4318);
#4318 = CARTESIAN_POINT('',(-19.26858451408,60.1,11.405200969233));
#4319 = SURFACE_CURVE('',#4320,(#4324,#4331),.PCURVE_S1.);
#4320 = LINE('',#4321,#4322);
#4321 = CARTESIAN_POINT('',(-19.26858451408,60.1,11.405200969233));
#4322 = VECTOR('',#4323,1.);
#4323 = DIRECTION('',(-0.573576436351,0.,-0.819152044289));
#4324 = PCURVE('',#1679,#4325);
#4325 = DEFINITIONAL_REPRESENTATION('',(#4326),#4330);
#4326 = LINE('',#4327,#4328);
#4327 = CARTESIAN_POINT('',(27.827311412685,-11.9));
#4328 = VECTOR('',#4329,1.);
#4329 = DIRECTION('',(1.,0.));
#4330 = ( GEOMETRIC_REPRESENTATION_CONTEXT(2) 
PARAMETRIC_REPRESENTATION_CONTEXT() REPRESENTATION_CONTEXT('2D SPACE',''
  ) );
#4331 = PCURVE('',#4332,#4337);
#4332 = CYLINDRICAL_SURFACE('',#4333,2.);
#4333 = AXIS2_PLACEMENT_3D('',#4334,#4335,#4336);
#4334 = CARTESIAN_POINT('',(-4.945798489344,60.1,35.347152872702));
#4335 = DIRECTION('',(-0.573576436351,0.,-0.819152044289));
#4336 = DIRECTION('',(-0.819152044289,0.,0.573576436351));
#4337 = DEFINITIONAL_REPRESENTATION('',(#4338),#4342);
#4338 = LINE('',#4339,#4340);
#4339 = CARTESIAN_POINT('',(3.14159265359,27.827311412685));
#4340 = VECTOR('',#4341,1.);
#4341 = DIRECTION('',(0.,1.));
#4342 = ( GEOMETRIC_REPRESENTATION_CONTEXT(2) 
PARAMETRIC_REPRESENTATION_CONTEXT() REPRESENTATION_CONTEXT('2D SPACE',''
  ) );
#4343 = ORIENTED_EDGE('',*,*,#4344,.F.);
#4344 = EDGE_CURVE('',#1664,#4317,#4345,.T.);
#4345 = SURFACE_CURVE('',#4346,(#4350,#4357),.PCURVE_S1.);
#4346 = LINE('',#4347,#4348);
#4347 = CARTESIAN_POINT('',(-19.26858451408,68.5,11.405200969233));
#4348 = VECTOR('',#4349,1.);
#4349 = DIRECTION('',(0.,-1.,0.));
#4350 = PCURVE('',#1679,#4351);
#4351 = DEFINITIONAL_REPRESENTATION('',(#4352),#4356);
#4352 = LINE('',#4353,#4354);
#4353 = CARTESIAN_POINT('',(27.827311412685,-3.5));
#4354 = VECTOR('',#4355,1.);
#4355 = DIRECTION('',(-0.,-1.));
#4356 = ( GEOMETRIC_REPRESENTATION_CONTEXT(2) 
PARAMETRIC_REPRESENTATION_CONTEXT() REPRESENTATION_CONTEXT('2D SPACE',''
  ) );
#4357 = PCURVE('',#4358,#4363);
#4358 = CYLINDRICAL_SURFACE('',#4359,1.);
#4359 = AXIS2_PLACEMENT_3D('',#4360,#4361,#4362);
#4360 = CARTESIAN_POINT('',(-18.44943246979,72.,10.831624532882));
#4361 = DIRECTION('',(0.,1.,0.));
#4362 = DIRECTION('',(0.300705799504,-0.,0.953716950748));
#4363 = DEFINITIONAL_REPRESENTATION('',(#4364),#4368);
#4364 = LINE('',#4365,#4366);
#4365 = CARTESIAN_POINT('',(-1.265363707696,-3.5));
#4366 = VECTOR('',#4367,1.);
#4367 = DIRECTION('',(0.,-1.));
#4368 = ( GEOMETRIC_REPRESENTATION_CONTEXT(2) 
PARAMETRIC_REPRESENTATION_CONTEXT() REPRESENTATION_CONTEXT('2D SPACE',''
  ) );
#4369 = ADVANCED_FACE('',(#4370),#1706,.T.);
#4370 = FACE_BOUND('',#4371,.T.);
#4371 = EDGE_LOOP('',(#4372,#4373,#4417));
#4372 = ORIENTED_EDGE('',*,*,#1691,.F.);
#4373 = ORIENTED_EDGE('',*,*,#4374,.F.);
#4374 = EDGE_CURVE('',#1745,#1664,#4375,.T.);
#4375 = SURFACE_CURVE('',#4376,(#4381,#4410),.PCURVE_S1.);
#4376 = CIRCLE('',#4377,1.);
#4377 = AXIS2_PLACEMENT_3D('',#4378,#4379,#4380);
#4378 = CARTESIAN_POINT('',(-18.44943246979,68.5,10.831624532882));
#4379 = DIRECTION('',(0.,-1.,0.));
#4380 = DIRECTION('',(0.,0.,-1.));
#4381 = PCURVE('',#1706,#4382);
#4382 = DEFINITIONAL_REPRESENTATION('',(#4383),#4409);
#4383 = B_SPLINE_CURVE_WITH_KNOTS('',3,(#4384,#4385,#4386,#4387,#4388,
    #4389,#4390,#4391,#4392,#4393,#4394,#4395,#4396,#4397,#4398,#4399,
    #4400,#4401,#4402,#4403,#4404,#4405,#4406,#4407,#4408),
  .UNSPECIFIED.,.F.,.F.,(4,1,1,1,1,1,1,1,1,1,1,1,1,1,1,1,1,1,1,1,1,1,4),
  (1.570796326795,1.685829391131,1.800862455467,1.915895519803,
    2.030928584139,2.145961648475,2.260994712811,2.376027777147,
    2.491060841483,2.606093905819,2.721126970155,2.836160034491,
    2.951193098827,3.066226163163,3.181259227499,3.296292291835,
    3.411325356171,3.526358420507,3.641391484843,3.756424549179,
    3.871457613515,3.986490677851,4.101523742187),
  .QUASI_UNIFORM_KNOTS.);
#4384 = CARTESIAN_POINT('',(0.,1.415189883649));
#4385 = CARTESIAN_POINT('',(0.203433765968,1.393855287179));
#4386 = CARTESIAN_POINT('',(0.483093011441,1.339551529331));
#4387 = CARTESIAN_POINT('',(0.65626680608,1.236175866604));
#4388 = CARTESIAN_POINT('',(0.761210499817,1.128571972182));
#4389 = CARTESIAN_POINT('',(0.826295911331,1.017953201119));
#4390 = CARTESIAN_POINT('',(0.872747888818,0.906096858008));
#4391 = CARTESIAN_POINT('',(0.90765510244,0.793431017276));
#4392 = CARTESIAN_POINT('',(0.935558742768,0.680289812453));
#4393 = CARTESIAN_POINT('',(0.958832178432,0.566831614712));
#4394 = CARTESIAN_POINT('',(0.979010866949,0.453163034522));
#4395 = CARTESIAN_POINT('',(0.997093470786,0.339351897764));
#4396 = CARTESIAN_POINT('',(1.013792465948,0.225446828088));
#4397 = CARTESIAN_POINT('',(1.029648527793,0.111484550223));
#4398 = CARTESIAN_POINT('',(1.045108505481,-2.504595275316E-03));
#4399 = CARTESIAN_POINT('',(1.060577253706,-0.116493146209));
#4400 = CARTESIAN_POINT('',(1.076460440847,-0.230453582746));
#4401 = CARTESIAN_POINT('',(1.093208134034,-0.344355350553));
#4402 = CARTESIAN_POINT('',(1.111365598639,-0.458161387933));
#4403 = CARTESIAN_POINT('',(1.131659047073,-0.571822214267));
#4404 = CARTESIAN_POINT('',(1.155089425667,-0.685269523866));
#4405 = CARTESIAN_POINT('',(1.183276815663,-0.798392073412));
#4406 = CARTESIAN_POINT('',(1.218447043857,-0.91103710853));
#4407 = CARTESIAN_POINT('',(1.250159340169,-0.985563627691));
#4408 = CARTESIAN_POINT('',(1.268832537322,-1.022632101244));
#4409 = ( GEOMETRIC_REPRESENTATION_CONTEXT(2) 
PARAMETRIC_REPRESENTATION_CONTEXT() REPRESENTATION_CONTEXT('2D SPACE',''
  ) );
#4410 = PCURVE('',#4358,#4411);
#4411 = DEFINITIONAL_REPRESENTATION('',(#4412),#4416);
#4412 = LINE('',#4413,#4414);
#4413 = CARTESIAN_POINT('',(2.836160034491,-3.5));
#4414 = VECTOR('',#4415,1.);
#4415 = DIRECTION('',(-1.,0.));
#4416 = ( GEOMETRIC_REPRESENTATION_CONTEXT(2) 
PARAMETRIC_REPRESENTATION_CONTEXT() REPRESENTATION_CONTEXT('2D SPACE',''
  ) );
#4417 = ORIENTED_EDGE('',*,*,#1744,.F.);
#4418 = ADVANCED_FACE('',(#4419,#4613),#1806,.F.);
#4419 = FACE_BOUND('',#4420,.T.);
#4420 = EDGE_LOOP('',(#4421,#4444,#4445,#4468,#4522,#4559,#4587));
#4421 = ORIENTED_EDGE('',*,*,#4422,.F.);
#4422 = EDGE_CURVE('',#1791,#4423,#4425,.T.);
#4423 = VERTEX_POINT('',#4424);
#4424 = CARTESIAN_POINT('',(-17.44943246979,39.1,-13.1));
#4425 = SURFACE_CURVE('',#4426,(#4430,#4437),.PCURVE_S1.);
#4426 = LINE('',#4427,#4428);
#4427 = CARTESIAN_POINT('',(-17.44943246979,7.655966782247,-13.1));
#4428 = VECTOR('',#4429,1.);
#4429 = DIRECTION('',(0.,-1.,0.));
#4430 = PCURVE('',#1806,#4431);
#4431 = DEFINITIONAL_REPRESENTATION('',(#4432),#4436);
#4432 = LINE('',#4433,#4434);
#4433 = CARTESIAN_POINT('',(7.1,54.344033217753));
#4434 = VECTOR('',#4435,1.);
#4435 = DIRECTION('',(0.,-1.));
#4436 = ( GEOMETRIC_REPRESENTATION_CONTEXT(2) 
PARAMETRIC_REPRESENTATION_CONTEXT() REPRESENTATION_CONTEXT('2D SPACE',''
  ) );
#4437 = PCURVE('',#1861,#4438);
#4438 = DEFINITIONAL_REPRESENTATION('',(#4439),#4443);
#4439 = LINE('',#4440,#4441);
#4440 = CARTESIAN_POINT('',(7.068583470577,0.));
#4441 = VECTOR('',#4442,1.);
#4442 = DIRECTION('',(0.,-1.));
#4443 = ( GEOMETRIC_REPRESENTATION_CONTEXT(2) 
PARAMETRIC_REPRESENTATION_CONTEXT() REPRESENTATION_CONTEXT('2D SPACE',''
  ) );
#4444 = ORIENTED_EDGE('',*,*,#1790,.F.);
#4445 = ORIENTED_EDGE('',*,*,#4446,.T.);
#4446 = EDGE_CURVE('',#1745,#4447,#4449,.T.);
#4447 = VERTEX_POINT('',#4448);
#4448 = CARTESIAN_POINT('',(-17.44943246979,60.1,10.831624532882));
#4449 = SURFACE_CURVE('',#4450,(#4454,#4461),.PCURVE_S1.);
#4450 = LINE('',#4451,#4452);
#4451 = CARTESIAN_POINT('',(-17.44943246979,68.5,10.831624532882));
#4452 = VECTOR('',#4453,1.);
#4453 = DIRECTION('',(0.,-1.,0.));
#4454 = PCURVE('',#1806,#4455);
#4455 = DEFINITIONAL_REPRESENTATION('',(#4456),#4460);
#4456 = LINE('',#4457,#4458);
#4457 = CARTESIAN_POINT('',(31.031624532882,115.1880664355));
#4458 = VECTOR('',#4459,1.);
#4459 = DIRECTION('',(0.,-1.));
#4460 = ( GEOMETRIC_REPRESENTATION_CONTEXT(2) 
PARAMETRIC_REPRESENTATION_CONTEXT() REPRESENTATION_CONTEXT('2D SPACE',''
  ) );
#4461 = PCURVE('',#4358,#4462);
#4462 = DEFINITIONAL_REPRESENTATION('',(#4463),#4467);
#4463 = LINE('',#4464,#4465);
#4464 = CARTESIAN_POINT('',(1.265363707696,-3.5));
#4465 = VECTOR('',#4466,1.);
#4466 = DIRECTION('',(0.,-1.));
#4467 = ( GEOMETRIC_REPRESENTATION_CONTEXT(2) 
PARAMETRIC_REPRESENTATION_CONTEXT() REPRESENTATION_CONTEXT('2D SPACE',''
  ) );
#4468 = ORIENTED_EDGE('',*,*,#4469,.T.);
#4469 = EDGE_CURVE('',#4447,#4470,#4472,.T.);
#4470 = VERTEX_POINT('',#4471);
#4471 = CARTESIAN_POINT('',(-17.44943238079,57.341468043541,
    14.006100732736));
#4472 = SURFACE_CURVE('',#4473,(#4478,#4485),.PCURVE_S1.);
#4473 = ELLIPSE('',#4474,5.230340386863,3.);
#4474 = AXIS2_PLACEMENT_3D('',#4475,#4476,#4477);
#4475 = CARTESIAN_POINT('',(-17.44943246979,60.1,16.061964919745));
#4476 = DIRECTION('',(-1.,0.,-6.067052173189E-17));
#4477 = DIRECTION('',(-6.067052173189E-17,0.,1.));
#4478 = PCURVE('',#1806,#4479);
#4479 = DEFINITIONAL_REPRESENTATION('',(#4480),#4484);
#4480 = ELLIPSE('',#4481,5.230340386863,3.);
#4481 = AXIS2_PLACEMENT_2D('',#4482,#4483);
#4482 = CARTESIAN_POINT('',(36.261964919745,106.7880664355));
#4483 = DIRECTION('',(1.,0.));
#4484 = ( GEOMETRIC_REPRESENTATION_CONTEXT(2) 
PARAMETRIC_REPRESENTATION_CONTEXT() REPRESENTATION_CONTEXT('2D SPACE',''
  ) );
#4485 = PCURVE('',#4486,#4517);
#4486 = ( BOUNDED_SURFACE() B_SPLINE_SURFACE(3,2,(
    (#4487,#4488,#4489)
    ,(#4490,#4491,#4492)
    ,(#4493,#4494,#4495)
    ,(#4496,#4497,#4498)
    ,(#4499,#4500,#4501)
    ,(#4502,#4503,#4504)
    ,(#4505,#4506,#4507)
    ,(#4508,#4509,#4510)
    ,(#4511,#4512,#4513)
    ,(#4514,#4515,#4516
)),.UNSPECIFIED.,.F.,.F.,.F.) B_SPLINE_SURFACE_WITH_KNOTS((4,1,1,1,1,1,1
    ,4),(3,3),(3.14159265359,3.28995405214,3.43831545069,3.58667684924,
    3.735038247791,3.883399646341,4.031761044891,4.328483841991),(0.,1.)
,.UNSPECIFIED.) GEOMETRIC_REPRESENTATION_ITEM() 
RATIONAL_B_SPLINE_SURFACE((
    (1.,0.300705799504,1.)
    ,(1.,0.300705799507,1.)
    ,(1.,0.305775132565,1.)
    ,(1.,0.327306098308,1.)
    ,(1.,0.359743648861,1.)
    ,(1.,0.399770493169,1.)
    ,(1.,0.444575435674,1.)
    ,(1.,0.507851375205,1.)
    ,(1.,0.556823065133,1.)
,(1.,0.588723770671,1.))) REPRESENTATION_ITEM('') SURFACE() );
#4487 = CARTESIAN_POINT('',(-17.44943246979,60.1,10.831624532882));
#4488 = CARTESIAN_POINT('',(-17.44943246979,60.1,14.003219335245));
#4489 = CARTESIAN_POINT('',(-19.26858451408,60.1,11.405200969233));
#4490 = CARTESIAN_POINT('',(-17.44943246979,59.951638595955,
    10.831624532884));
#4491 = CARTESIAN_POINT('',(-17.44943246979,60.225093832723,
    14.003219335094));
#4492 = CARTESIAN_POINT('',(-19.26858451408,60.001092397304,
    11.405200969234));
#4493 = CARTESIAN_POINT('',(-17.44943246979,59.654917242895,
    10.870070214169));
#4494 = CARTESIAN_POINT('',(-17.44943246979,60.468068755074,
    13.910083666217));
#4495 = CARTESIAN_POINT('',(-19.26256332691,59.80327816193,
    11.439430569876));
#4496 = CARTESIAN_POINT('',(-17.44943246979,59.219612600544,
    11.041808310494));
#4497 = CARTESIAN_POINT('',(-17.44943246979,60.617065748146,
    13.595751287264));
#4498 = CARTESIAN_POINT('',(-19.23566648994,59.513075067029,
    11.5923352982));
#4499 = CARTESIAN_POINT('',(-17.44943246979,58.803652066484,
    11.323844109315));
#4500 = CARTESIAN_POINT('',(-17.44943246979,60.498819976392,
    13.308166917706));
#4501 = CARTESIAN_POINT('',(-19.19149533012,59.235768044322,
    11.84344211794));
#4502 = CARTESIAN_POINT('',(-17.44943246979,58.41616938951,
    11.709976139463));
#4503 = CARTESIAN_POINT('',(-17.44943246979,60.192436703905,
    13.176549066123));
#4504 = CARTESIAN_POINT('',(-19.13102109355,58.977446259674,
    12.18722963178));
#4505 = CARTESIAN_POINT('',(-17.44943246979,58.065695992687,
    12.191739163244));
#4506 = CARTESIAN_POINT('',(-17.44943246979,59.795976085534,
    13.238272018333));
#4507 = CARTESIAN_POINT('',(-19.05556956715,58.743797328458,
    12.616160928004));
#4508 = CARTESIAN_POINT('',(-17.44943246979,57.657920971529,
    12.947393485631));
#4509 = CARTESIAN_POINT('',(-17.44943246979,59.260164979506,
    13.5502458762));
#4510 = CARTESIAN_POINT('',(-18.93722243538,58.471947314354,
    13.288947696601));
#4511 = CARTESIAN_POINT('',(-17.44943246979,57.42950861577,
    13.623307107044));
#4512 = CARTESIAN_POINT('',(-17.4494324698,58.870230104239,
    14.021481767566));
#4513 = CARTESIAN_POINT('',(-18.83136392833,58.31967241051,
    13.890738393391));
#4514 = CARTESIAN_POINT('',(-17.44943246979,57.318372812847,
    14.102971285611));
#4515 = CARTESIAN_POINT('',(-17.44943246979,58.655967481259,
    14.412885313171));
#4516 = CARTESIAN_POINT('',(-18.75624111348,58.245581875232,
    14.317801010713));
#4517 = DEFINITIONAL_REPRESENTATION('',(#4518),#4521);
#4518 = B_SPLINE_CURVE_WITH_KNOTS('',1,(#4519,#4520),.UNSPECIFIED.,.F.,
  .F.,(2,2),(3.14159265359,4.30842636629),.PIECEWISE_BEZIER_KNOTS.);
#4519 = CARTESIAN_POINT('',(3.14159265359,1.02440903551E-14));
#4520 = CARTESIAN_POINT('',(4.308425819337,-2.85003177741E-06));
#4521 = ( GEOMETRIC_REPRESENTATION_CONTEXT(2) 
PARAMETRIC_REPRESENTATION_CONTEXT() REPRESENTATION_CONTEXT('2D SPACE',''
  ) );
#4522 = ORIENTED_EDGE('',*,*,#4523,.F.);
#4523 = EDGE_CURVE('',#4524,#4470,#4526,.T.);
#4524 = VERTEX_POINT('',#4525);
#4525 = CARTESIAN_POINT('',(-17.44943244377,57.314125164488,
    14.003219533097));
#4526 = SURFACE_CURVE('',#4527,(#4532,#4540),.PCURVE_S1.);
#4527 = B_SPLINE_CURVE_WITH_KNOTS('',3,(#4528,#4529,#4530,#4531),
  .UNSPECIFIED.,.F.,.F.,(4,4),(0.,2.749591222051E-05),
  .PIECEWISE_BEZIER_KNOTS.);
#4528 = CARTESIAN_POINT('',(-17.44943239173,57.314126766875,
    14.003219928802));
#4529 = CARTESIAN_POINT('',(-17.44943246936,57.323339586507,
    14.003219338523));
#4530 = CARTESIAN_POINT('',(-17.44943241254,57.332456102809,
    14.004163744745));
#4531 = CARTESIAN_POINT('',(-17.44943238079,57.341468043541,
    14.006100732736));
#4532 = PCURVE('',#1806,#4533);
#4533 = DEFINITIONAL_REPRESENTATION('',(#4534),#4539);
#4534 = B_SPLINE_CURVE_WITH_KNOTS('',3,(#4535,#4536,#4537,#4538),
  .UNSPECIFIED.,.F.,.F.,(4,4),(0.,2.749591222051E-05),
  .PIECEWISE_BEZIER_KNOTS.);
#4535 = CARTESIAN_POINT('',(34.203219928802,104.00219320238));
#4536 = CARTESIAN_POINT('',(34.203219338523,104.01140602201));
#4537 = CARTESIAN_POINT('',(34.204163744745,104.02052253831));
#4538 = CARTESIAN_POINT('',(34.206100732736,104.02953447904));
#4539 = ( GEOMETRIC_REPRESENTATION_CONTEXT(2) 
PARAMETRIC_REPRESENTATION_CONTEXT() REPRESENTATION_CONTEXT('2D SPACE',''
  ) );
#4540 = PCURVE('',#4541,#4554);
#4541 = ( BOUNDED_SURFACE() B_SPLINE_SURFACE(3,2,(
    (#4542,#4543,#4544)
    ,(#4545,#4546,#4547)
    ,(#4548,#4549,#4550)
    ,(#4551,#4552,#4553
)),.UNSPECIFIED.,.F.,.F.,.F.) B_SPLINE_SURFACE_WITH_KNOTS((4,4),(3,3),(
    4.319059064031,4.712388980385),(0.,1.),.PIECEWISE_BEZIER_KNOTS.) 
GEOMETRIC_REPRESENTATION_ITEM() RATIONAL_B_SPLINE_SURFACE((
    (1.,0.574484171706,1.)
    ,(1.,0.621224950155,1.)
    ,(1.,0.665993016871,1.)
,(1.,0.707106781187,1.))) REPRESENTATION_ITEM('') SURFACE() );
#4542 = CARTESIAN_POINT('',(-17.45980478405,57.329086183822,
    13.92434641676));
#4543 = CARTESIAN_POINT('',(-17.42483732734,58.728401645504,
    14.190245163531));
#4544 = CARTESIAN_POINT('',(-18.76522161442,58.252724122548,
    14.274562925472));
#4545 = CARTESIAN_POINT('',(-17.35724948959,57.178336131328,
    14.704195077181));
#4546 = CARTESIAN_POINT('',(-17.34547730511,58.44882689553,
    14.793712857269));
#4547 = CARTESIAN_POINT('',(-18.56346852653,58.152224087554,
    14.984952543167));
#4548 = CARTESIAN_POINT('',(-17.24625937375,57.1,15.548183616355));
#4549 = CARTESIAN_POINT('',(-17.24473081991,58.223466056975,
    15.559807011096));
#4550 = CARTESIAN_POINT('',(-18.34512193884,58.1,15.753769271469));
#4551 = CARTESIAN_POINT('',(-17.13522528771,57.1,16.392506512719));
#4552 = CARTESIAN_POINT('',(-17.13522528771,58.1,16.392506512719));
#4553 = CARTESIAN_POINT('',(-18.12668885026,58.1,16.522890576661));
#4554 = DEFINITIONAL_REPRESENTATION('',(#4555),#4558);
#4555 = B_SPLINE_CURVE_WITH_KNOTS('',1,(#4556,#4557),.UNSPECIFIED.,.F.,
  .F.,(2,2),(0.,2.749591222051E-05),.PIECEWISE_BEZIER_KNOTS.);
#4556 = CARTESIAN_POINT('',(4.332283302083,1.04820250207E-15));
#4557 = CARTESIAN_POINT('',(4.331931407017,1.669243122763E-02));
#4558 = ( GEOMETRIC_REPRESENTATION_CONTEXT(2) 
PARAMETRIC_REPRESENTATION_CONTEXT() REPRESENTATION_CONTEXT('2D SPACE',''
  ) );
#4559 = ORIENTED_EDGE('',*,*,#4560,.T.);
#4560 = EDGE_CURVE('',#4524,#4561,#4563,.T.);
#4561 = VERTEX_POINT('',#4562);
#4562 = CARTESIAN_POINT('',(-17.44943246979,39.1,14.003219335245));
#4563 = SURFACE_CURVE('',#4564,(#4568,#4575),.PCURVE_S1.);
#4564 = LINE('',#4565,#4566);
#4565 = CARTESIAN_POINT('',(-17.44943246979,57.314123522979,
    14.003219335245));
#4566 = VECTOR('',#4567,1.);
#4567 = DIRECTION('',(0.,-1.,0.));
#4568 = PCURVE('',#1806,#4569);
#4569 = DEFINITIONAL_REPRESENTATION('',(#4570),#4574);
#4570 = LINE('',#4571,#4572);
#4571 = CARTESIAN_POINT('',(34.203219335245,104.00218995848));
#4572 = VECTOR('',#4573,1.);
#4573 = DIRECTION('',(0.,-1.));
#4574 = ( GEOMETRIC_REPRESENTATION_CONTEXT(2) 
PARAMETRIC_REPRESENTATION_CONTEXT() REPRESENTATION_CONTEXT('2D SPACE',''
  ) );
#4575 = PCURVE('',#4576,#4581);
#4576 = PLANE('',#4577);
#4577 = AXIS2_PLACEMENT_3D('',#4578,#4579,#4580);
#4578 = CARTESIAN_POINT('',(-17.44943246979,58.1,14.003219335245));
#4579 = DIRECTION('',(-0.991463562553,0.,0.130384063942));
#4580 = DIRECTION('',(0.130384063942,0.,0.991463562553));
#4581 = DEFINITIONAL_REPRESENTATION('',(#4582),#4586);
#4582 = LINE('',#4583,#4584);
#4583 = CARTESIAN_POINT('',(0.,-0.785876477021));
#4584 = VECTOR('',#4585,1.);
#4585 = DIRECTION('',(0.,-1.));
#4586 = ( GEOMETRIC_REPRESENTATION_CONTEXT(2) 
PARAMETRIC_REPRESENTATION_CONTEXT() REPRESENTATION_CONTEXT('2D SPACE',''
  ) );
#4587 = ORIENTED_EDGE('',*,*,#4588,.T.);
#4588 = EDGE_CURVE('',#4561,#4423,#4589,.T.);
#4589 = SURFACE_CURVE('',#4590,(#4594,#4601),.PCURVE_S1.);
#4590 = LINE('',#4591,#4592);
#4591 = CARTESIAN_POINT('',(-17.44943246979,39.1,14.003219335245));
#4592 = VECTOR('',#4593,1.);
#4593 = DIRECTION('',(8.192554625283E-17,0.,-1.));
#4594 = PCURVE('',#1806,#4595);
#4595 = DEFINITIONAL_REPRESENTATION('',(#4596),#4600);
#4596 = LINE('',#4597,#4598);
#4597 = CARTESIAN_POINT('',(34.203219335245,85.788066435506));
#4598 = VECTOR('',#4599,1.);
#4599 = DIRECTION('',(-1.,0.));
#4600 = ( GEOMETRIC_REPRESENTATION_CONTEXT(2) 
PARAMETRIC_REPRESENTATION_CONTEXT() REPRESENTATION_CONTEXT('2D SPACE',''
  ) );
#4601 = PCURVE('',#4602,#4607);
#4602 = CYLINDRICAL_SURFACE('',#4603,1.);
#4603 = AXIS2_PLACEMENT_3D('',#4604,#4605,#4606);
#4604 = CARTESIAN_POINT('',(-18.44943246979,39.1,-1.1193366936E-15));
#4605 = DIRECTION('',(-6.067052173189E-17,0.,1.));
#4606 = DIRECTION('',(1.,0.,6.067052173189E-17));
#4607 = DEFINITIONAL_REPRESENTATION('',(#4608),#4612);
#4608 = LINE('',#4609,#4610);
#4609 = CARTESIAN_POINT('',(6.28318530718,14.003219335245));
#4610 = VECTOR('',#4611,1.);
#4611 = DIRECTION('',(0.,-1.));
#4612 = ( GEOMETRIC_REPRESENTATION_CONTEXT(2) 
PARAMETRIC_REPRESENTATION_CONTEXT() REPRESENTATION_CONTEXT('2D SPACE',''
  ) );
#4613 = FACE_BOUND('',#4614,.T.);
#4614 = EDGE_LOOP('',(#4615,#4646,#4674));
#4615 = ORIENTED_EDGE('',*,*,#4616,.T.);
#4616 = EDGE_CURVE('',#4617,#4619,#4621,.T.);
#4617 = VERTEX_POINT('',#4618);
#4618 = CARTESIAN_POINT('',(-17.44943246979,48.799663340513,
    -5.212230887094));
#4619 = VERTEX_POINT('',#4620);
#4620 = CARTESIAN_POINT('',(-17.44943246979,48.799663340513,
    -3.783285527828));
#4621 = SURFACE_CURVE('',#4622,(#4627,#4634),.PCURVE_S1.);
#4622 = CIRCLE('',#4623,1.);
#4623 = AXIS2_PLACEMENT_3D('',#4624,#4625,#4626);
#4624 = CARTESIAN_POINT('',(-17.44943246979,48.1,-4.497758207461));
#4625 = DIRECTION('',(-1.,0.,-6.067052173189E-17));
#4626 = DIRECTION('',(-6.067052173189E-17,0.,1.));
#4627 = PCURVE('',#1806,#4628);
#4628 = DEFINITIONAL_REPRESENTATION('',(#4629),#4633);
#4629 = CIRCLE('',#4630,1.);
#4630 = AXIS2_PLACEMENT_2D('',#4631,#4632);
#4631 = CARTESIAN_POINT('',(15.702241792539,94.788066435506));
#4632 = DIRECTION('',(1.,0.));
#4633 = ( GEOMETRIC_REPRESENTATION_CONTEXT(2) 
PARAMETRIC_REPRESENTATION_CONTEXT() REPRESENTATION_CONTEXT('2D SPACE',''
  ) );
#4634 = PCURVE('',#4635,#4640);
#4635 = CYLINDRICAL_SURFACE('',#4636,1.);
#4636 = AXIS2_PLACEMENT_3D('',#4637,#4638,#4639);
#4637 = CARTESIAN_POINT('',(0.139948510021,48.1,-4.497758207461));
#4638 = DIRECTION('',(1.,-1.239088197126E-16,0.));
#4639 = DIRECTION('',(-1.239088197126E-16,-1.,1.224646799147E-16));
#4640 = DEFINITIONAL_REPRESENTATION('',(#4641),#4645);
#4641 = LINE('',#4642,#4643);
#4642 = CARTESIAN_POINT('',(4.712388980385,-17.58938097981));
#4643 = VECTOR('',#4644,1.);
#4644 = DIRECTION('',(-1.,0.));
#4645 = ( GEOMETRIC_REPRESENTATION_CONTEXT(2) 
PARAMETRIC_REPRESENTATION_CONTEXT() REPRESENTATION_CONTEXT('2D SPACE',''
  ) );
#4646 = ORIENTED_EDGE('',*,*,#4647,.F.);
#4647 = EDGE_CURVE('',#4648,#4619,#4650,.T.);
#4648 = VERTEX_POINT('',#4649);
#4649 = CARTESIAN_POINT('',(-17.44943246979,49.529258819343,
    -4.497758207461));
#4650 = SURFACE_CURVE('',#4651,(#4655,#4662),.PCURVE_S1.);
#4651 = LINE('',#4652,#4653);
#4652 = CARTESIAN_POINT('',(-17.44943246979,49.529258819343,
    -4.497758207461));
#4653 = VECTOR('',#4654,1.);
#4654 = DIRECTION('',(0.,-0.714472679633,0.699663340513));
#4655 = PCURVE('',#1806,#4656);
#4656 = DEFINITIONAL_REPRESENTATION('',(#4657),#4661);
#4657 = LINE('',#4658,#4659);
#4658 = CARTESIAN_POINT('',(15.702241792539,96.217325254849));
#4659 = VECTOR('',#4660,1.);
#4660 = DIRECTION('',(0.699663340513,-0.714472679633));
#4661 = ( GEOMETRIC_REPRESENTATION_CONTEXT(2) 
PARAMETRIC_REPRESENTATION_CONTEXT() REPRESENTATION_CONTEXT('2D SPACE',''
  ) );
#4662 = PCURVE('',#4663,#4668);
#4663 = PLANE('',#4664);
#4664 = AXIS2_PLACEMENT_3D('',#4665,#4666,#4667);
#4665 = CARTESIAN_POINT('',(0.139948510021,48.799663340513,
    -3.783285527828));
#4666 = DIRECTION('',(-8.669445871921E-17,-0.699663340513,
    -0.714472679633));
#4667 = DIRECTION('',(-1.,4.22240479134E-32,1.213404811556E-16));
#4668 = DEFINITIONAL_REPRESENTATION('',(#4669),#4673);
#4669 = LINE('',#4670,#4671);
#4670 = CARTESIAN_POINT('',(17.589380979816,1.021166378545));
#4671 = VECTOR('',#4672,1.);
#4672 = DIRECTION('',(8.489748638486E-17,-1.));
#4673 = ( GEOMETRIC_REPRESENTATION_CONTEXT(2) 
PARAMETRIC_REPRESENTATION_CONTEXT() REPRESENTATION_CONTEXT('2D SPACE',''
  ) );
#4674 = ORIENTED_EDGE('',*,*,#4675,.F.);
#4675 = EDGE_CURVE('',#4617,#4648,#4676,.T.);
#4676 = SURFACE_CURVE('',#4677,(#4681,#4688),.PCURVE_S1.);
#4677 = LINE('',#4678,#4679);
#4678 = CARTESIAN_POINT('',(-17.44943246979,48.799663340513,
    -5.212230887094));
#4679 = VECTOR('',#4680,1.);
#4680 = DIRECTION('',(0.,0.714472679633,0.699663340513));
#4681 = PCURVE('',#1806,#4682);
#4682 = DEFINITIONAL_REPRESENTATION('',(#4683),#4687);
#4683 = LINE('',#4684,#4685);
#4684 = CARTESIAN_POINT('',(14.987769112906,95.487729776019));
#4685 = VECTOR('',#4686,1.);
#4686 = DIRECTION('',(0.699663340513,0.714472679633));
#4687 = ( GEOMETRIC_REPRESENTATION_CONTEXT(2) 
PARAMETRIC_REPRESENTATION_CONTEXT() REPRESENTATION_CONTEXT('2D SPACE',''
  ) );
#4688 = PCURVE('',#4689,#4694);
#4689 = PLANE('',#4690);
#4690 = AXIS2_PLACEMENT_3D('',#4691,#4692,#4693);
#4691 = CARTESIAN_POINT('',(0.139948510021,49.529258819343,
    -4.497758207461));
#4692 = DIRECTION('',(-8.669445871921E-17,-0.699663340513,0.714472679633
    ));
#4693 = DIRECTION('',(1.,2.629722845402E-31,1.213404811556E-16));
#4694 = DEFINITIONAL_REPRESENTATION('',(#4695),#4699);
#4695 = LINE('',#4696,#4697);
#4696 = CARTESIAN_POINT('',(-17.58938097981,-1.021166378545));
#4697 = VECTOR('',#4698,1.);
#4698 = DIRECTION('',(8.489748638486E-17,1.));
#4699 = ( GEOMETRIC_REPRESENTATION_CONTEXT(2) 
PARAMETRIC_REPRESENTATION_CONTEXT() REPRESENTATION_CONTEXT('2D SPACE',''
  ) );
#4700 = ADVANCED_FACE('',(#4701),#1861,.F.);
#4701 = FACE_BOUND('',#4702,.F.);
#4702 = EDGE_LOOP('',(#4703,#4726,#4753,#4754));
#4703 = ORIENTED_EDGE('',*,*,#4704,.F.);
#4704 = EDGE_CURVE('',#4705,#1845,#4707,.T.);
#4705 = VERTEX_POINT('',#4706);
#4706 = CARTESIAN_POINT('',(-14.54943246979,39.1,-16.));
#4707 = SURFACE_CURVE('',#4708,(#4712,#4719),.PCURVE_S1.);
#4708 = LINE('',#4709,#4710);
#4709 = CARTESIAN_POINT('',(-14.54943246979,7.655966782247,-16.));
#4710 = VECTOR('',#4711,1.);
#4711 = DIRECTION('',(0.,1.,0.));
#4712 = PCURVE('',#1861,#4713);
#4713 = DEFINITIONAL_REPRESENTATION('',(#4714),#4718);
#4714 = LINE('',#4715,#4716);
#4715 = CARTESIAN_POINT('',(5.497787143782,0.));
#4716 = VECTOR('',#4717,1.);
#4717 = DIRECTION('',(0.,1.));
#4718 = ( GEOMETRIC_REPRESENTATION_CONTEXT(2) 
PARAMETRIC_REPRESENTATION_CONTEXT() REPRESENTATION_CONTEXT('2D SPACE',''
  ) );
#4719 = PCURVE('',#1918,#4720);
#4720 = DEFINITIONAL_REPRESENTATION('',(#4721),#4725);
#4721 = LINE('',#4722,#4723);
#4722 = CARTESIAN_POINT('',(26.899432469795,-54.34403321775));
#4723 = VECTOR('',#4724,1.);
#4724 = DIRECTION('',(0.,1.));
#4725 = ( GEOMETRIC_REPRESENTATION_CONTEXT(2) 
PARAMETRIC_REPRESENTATION_CONTEXT() REPRESENTATION_CONTEXT('2D SPACE',''
  ) );
#4726 = ORIENTED_EDGE('',*,*,#4727,.T.);
#4727 = EDGE_CURVE('',#4705,#4423,#4728,.T.);
#4728 = SURFACE_CURVE('',#4729,(#4734,#4741),.PCURVE_S1.);
#4729 = CIRCLE('',#4730,2.9);
#4730 = AXIS2_PLACEMENT_3D('',#4731,#4732,#4733);
#4731 = CARTESIAN_POINT('',(-14.54943246979,39.1,-13.1));
#4732 = DIRECTION('',(0.,1.,0.));
#4733 = DIRECTION('',(-0.707106781187,0.,-0.707106781187));
#4734 = PCURVE('',#1861,#4735);
#4735 = DEFINITIONAL_REPRESENTATION('',(#4736),#4740);
#4736 = LINE('',#4737,#4738);
#4737 = CARTESIAN_POINT('',(0.,31.444033217753));
#4738 = VECTOR('',#4739,1.);
#4739 = DIRECTION('',(1.,0.));
#4740 = ( GEOMETRIC_REPRESENTATION_CONTEXT(2) 
PARAMETRIC_REPRESENTATION_CONTEXT() REPRESENTATION_CONTEXT('2D SPACE',''
  ) );
#4741 = PCURVE('',#4742,#4747);
#4742 = TOROIDAL_SURFACE('',#4743,3.9,1.);
#4743 = AXIS2_PLACEMENT_3D('',#4744,#4745,#4746);
#4744 = CARTESIAN_POINT('',(-14.54943246979,39.1,-13.1));
#4745 = DIRECTION('',(0.,-1.,0.));
#4746 = DIRECTION('',(0.,0.,-1.));
#4747 = DEFINITIONAL_REPRESENTATION('',(#4748),#4752);
#4748 = LINE('',#4749,#4750);
#4749 = CARTESIAN_POINT('',(11.780972450962,3.14159265359));
#4750 = VECTOR('',#4751,1.);
#4751 = DIRECTION('',(-1.,-2.827159716856E-16));
#4752 = ( GEOMETRIC_REPRESENTATION_CONTEXT(2) 
PARAMETRIC_REPRESENTATION_CONTEXT() REPRESENTATION_CONTEXT('2D SPACE',''
  ) );
#4753 = ORIENTED_EDGE('',*,*,#4422,.F.);
#4754 = ORIENTED_EDGE('',*,*,#1844,.F.);
#4755 = ADVANCED_FACE('',(#4756),#1918,.F.);
#4756 = FACE_BOUND('',#4757,.T.);
#4757 = EDGE_LOOP('',(#4758,#4759,#4787,#4808));
#4758 = ORIENTED_EDGE('',*,*,#4704,.F.);
#4759 = ORIENTED_EDGE('',*,*,#4760,.T.);
#4760 = EDGE_CURVE('',#4705,#4761,#4763,.T.);
#4761 = VERTEX_POINT('',#4762);
#4762 = CARTESIAN_POINT('',(14.549432469795,39.1,-16.));
#4763 = SURFACE_CURVE('',#4764,(#4768,#4775),.PCURVE_S1.);
#4764 = LINE('',#4765,#4766);
#4765 = CARTESIAN_POINT('',(-14.54943246979,39.1,-16.));
#4766 = VECTOR('',#4767,1.);
#4767 = DIRECTION('',(1.,0.,0.));
#4768 = PCURVE('',#1918,#4769);
#4769 = DEFINITIONAL_REPRESENTATION('',(#4770),#4774);
#4770 = LINE('',#4771,#4772);
#4771 = CARTESIAN_POINT('',(26.899432469795,-22.9));
#4772 = VECTOR('',#4773,1.);
#4773 = DIRECTION('',(-1.,0.));
#4774 = ( GEOMETRIC_REPRESENTATION_CONTEXT(2) 
PARAMETRIC_REPRESENTATION_CONTEXT() REPRESENTATION_CONTEXT('2D SPACE',''
  ) );
#4775 = PCURVE('',#4776,#4781);
#4776 = CYLINDRICAL_SURFACE('',#4777,1.);
#4777 = AXIS2_PLACEMENT_3D('',#4778,#4779,#4780);
#4778 = CARTESIAN_POINT('',(0.,39.1,-17.));
#4779 = DIRECTION('',(1.,0.,0.));
#4780 = DIRECTION('',(0.,0.,-1.));
#4781 = DEFINITIONAL_REPRESENTATION('',(#4782),#4786);
#4782 = LINE('',#4783,#4784);
#4783 = CARTESIAN_POINT('',(3.14159265359,-14.54943246979));
#4784 = VECTOR('',#4785,1.);
#4785 = DIRECTION('',(0.,1.));
#4786 = ( GEOMETRIC_REPRESENTATION_CONTEXT(2) 
PARAMETRIC_REPRESENTATION_CONTEXT() REPRESENTATION_CONTEXT('2D SPACE',''
  ) );
#4787 = ORIENTED_EDGE('',*,*,#4788,.F.);
#4788 = EDGE_CURVE('',#1903,#4761,#4789,.T.);
#4789 = SURFACE_CURVE('',#4790,(#4794,#4801),.PCURVE_S1.);
#4790 = LINE('',#4791,#4792);
#4791 = CARTESIAN_POINT('',(14.549432469795,7.655966782247,-16.));
#4792 = VECTOR('',#4793,1.);
#4793 = DIRECTION('',(0.,-1.,0.));
#4794 = PCURVE('',#1918,#4795);
#4795 = DEFINITIONAL_REPRESENTATION('',(#4796),#4800);
#4796 = LINE('',#4797,#4798);
#4797 = CARTESIAN_POINT('',(-2.199432469795,-54.34403321775));
#4798 = VECTOR('',#4799,1.);
#4799 = DIRECTION('',(0.,-1.));
#4800 = ( GEOMETRIC_REPRESENTATION_CONTEXT(2) 
PARAMETRIC_REPRESENTATION_CONTEXT() REPRESENTATION_CONTEXT('2D SPACE',''
  ) );
#4801 = PCURVE('',#1972,#4802);
#4802 = DEFINITIONAL_REPRESENTATION('',(#4803),#4807);
#4803 = LINE('',#4804,#4805);
#4804 = CARTESIAN_POINT('',(5.497787143782,0.));
#4805 = VECTOR('',#4806,1.);
#4806 = DIRECTION('',(0.,1.));
#4807 = ( GEOMETRIC_REPRESENTATION_CONTEXT(2) 
PARAMETRIC_REPRESENTATION_CONTEXT() REPRESENTATION_CONTEXT('2D SPACE',''
  ) );
#4808 = ORIENTED_EDGE('',*,*,#1902,.T.);
#4809 = ADVANCED_FACE('',(#4810),#1972,.F.);
#4810 = FACE_BOUND('',#4811,.F.);
#4811 = EDGE_LOOP('',(#4812,#4813,#4814,#4837));
#4812 = ORIENTED_EDGE('',*,*,#4788,.F.);
#4813 = ORIENTED_EDGE('',*,*,#1955,.T.);
#4814 = ORIENTED_EDGE('',*,*,#4815,.F.);
#4815 = EDGE_CURVE('',#4816,#1956,#4818,.T.);
#4816 = VERTEX_POINT('',#4817);
#4817 = CARTESIAN_POINT('',(17.449432469795,39.1,-13.1));
#4818 = SURFACE_CURVE('',#4819,(#4823,#4830),.PCURVE_S1.);
#4819 = LINE('',#4820,#4821);
#4820 = CARTESIAN_POINT('',(17.449432469795,7.655966782247,-13.1));
#4821 = VECTOR('',#4822,1.);
#4822 = DIRECTION('',(0.,1.,0.));
#4823 = PCURVE('',#1972,#4824);
#4824 = DEFINITIONAL_REPRESENTATION('',(#4825),#4829);
#4825 = LINE('',#4826,#4827);
#4826 = CARTESIAN_POINT('',(7.068583470577,0.));
#4827 = VECTOR('',#4828,1.);
#4828 = DIRECTION('',(0.,-1.));
#4829 = ( GEOMETRIC_REPRESENTATION_CONTEXT(2) 
PARAMETRIC_REPRESENTATION_CONTEXT() REPRESENTATION_CONTEXT('2D SPACE',''
  ) );
#4830 = PCURVE('',#2078,#4831);
#4831 = DEFINITIONAL_REPRESENTATION('',(#4832),#4836);
#4832 = LINE('',#4833,#4834);
#4833 = CARTESIAN_POINT('',(7.1,54.344033217753));
#4834 = VECTOR('',#4835,1.);
#4835 = DIRECTION('',(0.,1.));
#4836 = ( GEOMETRIC_REPRESENTATION_CONTEXT(2) 
PARAMETRIC_REPRESENTATION_CONTEXT() REPRESENTATION_CONTEXT('2D SPACE',''
  ) );
#4837 = ORIENTED_EDGE('',*,*,#4838,.F.);
#4838 = EDGE_CURVE('',#4761,#4816,#4839,.T.);
#4839 = SURFACE_CURVE('',#4840,(#4845,#4852),.PCURVE_S1.);
#4840 = CIRCLE('',#4841,2.9);
#4841 = AXIS2_PLACEMENT_3D('',#4842,#4843,#4844);
#4842 = CARTESIAN_POINT('',(14.549432469795,39.1,-13.1));
#4843 = DIRECTION('',(0.,-1.,0.));
#4844 = DIRECTION('',(0.707106781187,0.,-0.707106781187));
#4845 = PCURVE('',#1972,#4846);
#4846 = DEFINITIONAL_REPRESENTATION('',(#4847),#4851);
#4847 = LINE('',#4848,#4849);
#4848 = CARTESIAN_POINT('',(-8.881784197001E-16,-31.44403321775));
#4849 = VECTOR('',#4850,1.);
#4850 = DIRECTION('',(1.,0.));
#4851 = ( GEOMETRIC_REPRESENTATION_CONTEXT(2) 
PARAMETRIC_REPRESENTATION_CONTEXT() REPRESENTATION_CONTEXT('2D SPACE',''
  ) );
#4852 = PCURVE('',#4853,#4858);
#4853 = TOROIDAL_SURFACE('',#4854,3.9,1.);
#4854 = AXIS2_PLACEMENT_3D('',#4855,#4856,#4857);
#4855 = CARTESIAN_POINT('',(14.549432469795,39.1,-13.1));
#4856 = DIRECTION('',(0.,-1.,0.));
#4857 = DIRECTION('',(0.,0.,-1.));
#4858 = DEFINITIONAL_REPRESENTATION('',(#4859),#4863);
#4859 = LINE('',#4860,#4861);
#4860 = CARTESIAN_POINT('',(-5.497787143782,3.14159265359));
#4861 = VECTOR('',#4862,1.);
#4862 = DIRECTION('',(1.,0.));
#4863 = ( GEOMETRIC_REPRESENTATION_CONTEXT(2) 
PARAMETRIC_REPRESENTATION_CONTEXT() REPRESENTATION_CONTEXT('2D SPACE',''
  ) );
#4864 = ADVANCED_FACE('',(#4865),#2028,.T.);
#4865 = FACE_BOUND('',#4866,.T.);
#4866 = EDGE_LOOP('',(#4867,#4868,#4869));
#4867 = ORIENTED_EDGE('',*,*,#2095,.T.);
#4868 = ORIENTED_EDGE('',*,*,#2011,.T.);
#4869 = ORIENTED_EDGE('',*,*,#4870,.T.);
#4870 = EDGE_CURVE('',#2012,#2096,#4871,.T.);
#4871 = SURFACE_CURVE('',#4872,(#4877,#4906),.PCURVE_S1.);
#4872 = CIRCLE('',#4873,1.);
#4873 = AXIS2_PLACEMENT_3D('',#4874,#4875,#4876);
#4874 = CARTESIAN_POINT('',(18.449432469795,68.5,10.831624532882));
#4875 = DIRECTION('',(0.,1.,0.));
#4876 = DIRECTION('',(0.,0.,-1.));
#4877 = PCURVE('',#2028,#4878);
#4878 = DEFINITIONAL_REPRESENTATION('',(#4879),#4905);
#4879 = B_SPLINE_CURVE_WITH_KNOTS('',3,(#4880,#4881,#4882,#4883,#4884,
    #4885,#4886,#4887,#4888,#4889,#4890,#4891,#4892,#4893,#4894,#4895,
    #4896,#4897,#4898,#4899,#4900,#4901,#4902,#4903,#4904),
  .UNSPECIFIED.,.F.,.F.,(4,1,1,1,1,1,1,1,1,1,1,1,1,1,1,1,1,1,1,1,1,1,4),
  (1.570796326795,1.685829391131,1.800862455467,1.915895519803,
    2.030928584139,2.145961648475,2.260994712811,2.376027777147,
    2.491060841483,2.606093905819,2.721126970155,2.836160034491,
    2.951193098827,3.066226163163,3.181259227499,3.296292291835,
    3.411325356171,3.526358420507,3.641391484843,3.756424549179,
    3.871457613515,3.986490677851,4.101523742187),
  .QUASI_UNIFORM_KNOTS.);
#4880 = CARTESIAN_POINT('',(6.28318530718,1.415189883649));
#4881 = CARTESIAN_POINT('',(6.079751541212,1.393855287179));
#4882 = CARTESIAN_POINT('',(5.800092295739,1.339551529331));
#4883 = CARTESIAN_POINT('',(5.6269185011,1.236175866604));
#4884 = CARTESIAN_POINT('',(5.521974807363,1.128571972182));
#4885 = CARTESIAN_POINT('',(5.456889395849,1.017953201119));
#4886 = CARTESIAN_POINT('',(5.410437418362,0.906096858008));
#4887 = CARTESIAN_POINT('',(5.37553020474,0.793431017276));
#4888 = CARTESIAN_POINT('',(5.347626564411,0.680289812453));
#4889 = CARTESIAN_POINT('',(5.324353128747,0.566831614712));
#4890 = CARTESIAN_POINT('',(5.304174440231,0.453163034522));
#4891 = CARTESIAN_POINT('',(5.286091836394,0.339351897764));
#4892 = CARTESIAN_POINT('',(5.269392841232,0.225446828088));
#4893 = CARTESIAN_POINT('',(5.253536779387,0.111484550223));
#4894 = CARTESIAN_POINT('',(5.238076801699,-2.504595275316E-03));
#4895 = CARTESIAN_POINT('',(5.222608053474,-0.116493146209));
#4896 = CARTESIAN_POINT('',(5.206724866333,-0.230453582746));
#4897 = CARTESIAN_POINT('',(5.189977173145,-0.344355350553));
#4898 = CARTESIAN_POINT('',(5.171819708541,-0.458161387933));
#4899 = CARTESIAN_POINT('',(5.151526260107,-0.571822214267));
#4900 = CARTESIAN_POINT('',(5.128095881512,-0.685269523866));
#4901 = CARTESIAN_POINT('',(5.099908491516,-0.798392073412));
#4902 = CARTESIAN_POINT('',(5.064738263323,-0.91103710853));
#4903 = CARTESIAN_POINT('',(5.033025967011,-0.985563627691));
#4904 = CARTESIAN_POINT('',(5.014352769858,-1.022632101244));
#4905 = ( GEOMETRIC_REPRESENTATION_CONTEXT(2) 
PARAMETRIC_REPRESENTATION_CONTEXT() REPRESENTATION_CONTEXT('2D SPACE',''
  ) );
#4906 = PCURVE('',#4907,#4912);
#4907 = CYLINDRICAL_SURFACE('',#4908,1.);
#4908 = AXIS2_PLACEMENT_3D('',#4909,#4910,#4911);
#4909 = CARTESIAN_POINT('',(18.449432469795,72.,10.831624532882));
#4910 = DIRECTION('',(0.,-1.,0.));
#4911 = DIRECTION('',(-0.300705799504,0.,0.953716950748));
#4912 = DEFINITIONAL_REPRESENTATION('',(#4913),#4917);
#4913 = LINE('',#4914,#4915);
#4914 = CARTESIAN_POINT('',(2.836160034491,3.5));
#4915 = VECTOR('',#4916,1.);
#4916 = DIRECTION('',(-1.,0.));
#4917 = ( GEOMETRIC_REPRESENTATION_CONTEXT(2) 
PARAMETRIC_REPRESENTATION_CONTEXT() REPRESENTATION_CONTEXT('2D SPACE',''
  ) );
#4918 = ADVANCED_FACE('',(#4919,#5091),#2078,.T.);
#4919 = FACE_BOUND('',#4920,.T.);
#4920 = EDGE_LOOP('',(#4921,#4922,#4950,#4978,#5015,#5069,#5090));
#4921 = ORIENTED_EDGE('',*,*,#4815,.F.);
#4922 = ORIENTED_EDGE('',*,*,#4923,.F.);
#4923 = EDGE_CURVE('',#4924,#4816,#4926,.T.);
#4924 = VERTEX_POINT('',#4925);
#4925 = CARTESIAN_POINT('',(17.449432469795,39.1,14.003219335245));
#4926 = SURFACE_CURVE('',#4927,(#4931,#4938),.PCURVE_S1.);
#4927 = LINE('',#4928,#4929);
#4928 = CARTESIAN_POINT('',(17.449432469795,39.1,14.003219335245));
#4929 = VECTOR('',#4930,1.);
#4930 = DIRECTION('',(-8.192554625283E-17,0.,-1.));
#4931 = PCURVE('',#2078,#4932);
#4932 = DEFINITIONAL_REPRESENTATION('',(#4933),#4937);
#4933 = LINE('',#4934,#4935);
#4934 = CARTESIAN_POINT('',(34.203219335245,85.788066435506));
#4935 = VECTOR('',#4936,1.);
#4936 = DIRECTION('',(-1.,0.));
#4937 = ( GEOMETRIC_REPRESENTATION_CONTEXT(2) 
PARAMETRIC_REPRESENTATION_CONTEXT() REPRESENTATION_CONTEXT('2D SPACE',''
  ) );
#4938 = PCURVE('',#4939,#4944);
#4939 = CYLINDRICAL_SURFACE('',#4940,1.);
#4940 = AXIS2_PLACEMENT_3D('',#4941,#4942,#4943);
#4941 = CARTESIAN_POINT('',(18.449432469795,39.1,-1.1193366936E-15));
#4942 = DIRECTION('',(-6.067052173189E-17,0.,-1.));
#4943 = DIRECTION('',(-1.,0.,6.067052173189E-17));
#4944 = DEFINITIONAL_REPRESENTATION('',(#4945),#4949);
#4945 = LINE('',#4946,#4947);
#4946 = CARTESIAN_POINT('',(6.28318530718,-14.00321933524));
#4947 = VECTOR('',#4948,1.);
#4948 = DIRECTION('',(0.,1.));
#4949 = ( GEOMETRIC_REPRESENTATION_CONTEXT(2) 
PARAMETRIC_REPRESENTATION_CONTEXT() REPRESENTATION_CONTEXT('2D SPACE',''
  ) );
#4950 = ORIENTED_EDGE('',*,*,#4951,.F.);
#4951 = EDGE_CURVE('',#4952,#4924,#4954,.T.);
#4952 = VERTEX_POINT('',#4953);
#4953 = CARTESIAN_POINT('',(17.449432443776,57.314125164488,
    14.003219533097));
#4954 = SURFACE_CURVE('',#4955,(#4959,#4966),.PCURVE_S1.);
#4955 = LINE('',#4956,#4957);
#4956 = CARTESIAN_POINT('',(17.449432469795,57.314123522979,
    14.003219335245));
#4957 = VECTOR('',#4958,1.);
#4958 = DIRECTION('',(0.,-1.,0.));
#4959 = PCURVE('',#2078,#4960);
#4960 = DEFINITIONAL_REPRESENTATION('',(#4961),#4965);
#4961 = LINE('',#4962,#4963);
#4962 = CARTESIAN_POINT('',(34.203219335245,104.00218995848));
#4963 = VECTOR('',#4964,1.);
#4964 = DIRECTION('',(0.,-1.));
#4965 = ( GEOMETRIC_REPRESENTATION_CONTEXT(2) 
PARAMETRIC_REPRESENTATION_CONTEXT() REPRESENTATION_CONTEXT('2D SPACE',''
  ) );
#4966 = PCURVE('',#4967,#4972);
#4967 = PLANE('',#4968);
#4968 = AXIS2_PLACEMENT_3D('',#4969,#4970,#4971);
#4969 = CARTESIAN_POINT('',(17.449432469795,58.1,14.003219335245));
#4970 = DIRECTION('',(-0.991463562553,0.,-0.130384063942));
#4971 = DIRECTION('',(-0.130384063942,0.,0.991463562553));
#4972 = DEFINITIONAL_REPRESENTATION('',(#4973),#4977);
#4973 = LINE('',#4974,#4975);
#4974 = CARTESIAN_POINT('',(0.,-0.785876477021));
#4975 = VECTOR('',#4976,1.);
#4976 = DIRECTION('',(0.,-1.));
#4977 = ( GEOMETRIC_REPRESENTATION_CONTEXT(2) 
PARAMETRIC_REPRESENTATION_CONTEXT() REPRESENTATION_CONTEXT('2D SPACE',''
  ) );
#4978 = ORIENTED_EDGE('',*,*,#4979,.T.);
#4979 = EDGE_CURVE('',#4952,#4980,#4982,.T.);
#4980 = VERTEX_POINT('',#4981);
#4981 = CARTESIAN_POINT('',(17.449432380791,57.341468043541,
    14.006100732736));
#4982 = SURFACE_CURVE('',#4983,(#4988,#4996),.PCURVE_S1.);
#4983 = B_SPLINE_CURVE_WITH_KNOTS('',3,(#4984,#4985,#4986,#4987),
  .UNSPECIFIED.,.F.,.F.,(4,4),(0.,2.749591222051E-05),
  .PIECEWISE_BEZIER_KNOTS.);
#4984 = CARTESIAN_POINT('',(17.449432391739,57.314126766875,
    14.003219928802));
#4985 = CARTESIAN_POINT('',(17.449432469364,57.323339586507,
    14.003219338523));
#4986 = CARTESIAN_POINT('',(17.449432412541,57.332456102809,
    14.004163744745));
#4987 = CARTESIAN_POINT('',(17.449432380791,57.341468043541,
    14.006100732736));
#4988 = PCURVE('',#2078,#4989);
#4989 = DEFINITIONAL_REPRESENTATION('',(#4990),#4995);
#4990 = B_SPLINE_CURVE_WITH_KNOTS('',3,(#4991,#4992,#4993,#4994),
  .UNSPECIFIED.,.F.,.F.,(4,4),(0.,2.749591222051E-05),
  .PIECEWISE_BEZIER_KNOTS.);
#4991 = CARTESIAN_POINT('',(34.203219928802,104.00219320238));
#4992 = CARTESIAN_POINT('',(34.203219338523,104.01140602201));
#4993 = CARTESIAN_POINT('',(34.204163744745,104.02052253831));
#4994 = CARTESIAN_POINT('',(34.206100732736,104.02953447904));
#4995 = ( GEOMETRIC_REPRESENTATION_CONTEXT(2) 
PARAMETRIC_REPRESENTATION_CONTEXT() REPRESENTATION_CONTEXT('2D SPACE',''
  ) );
#4996 = PCURVE('',#4997,#5010);
#4997 = ( BOUNDED_SURFACE() B_SPLINE_SURFACE(3,2,(
    (#4998,#4999,#5000)
    ,(#5001,#5002,#5003)
    ,(#5004,#5005,#5006)
    ,(#5007,#5008,#5009
)),.UNSPECIFIED.,.F.,.F.,.F.) B_SPLINE_SURFACE_WITH_KNOTS((4,4),(3,3),(
    4.319059064031,4.712388980385),(0.,1.),.PIECEWISE_BEZIER_KNOTS.) 
GEOMETRIC_REPRESENTATION_ITEM() RATIONAL_B_SPLINE_SURFACE((
    (1.,0.574484171706,1.)
    ,(1.,0.621224950155,1.)
    ,(1.,0.665993016871,1.)
,(1.,0.707106781187,1.))) REPRESENTATION_ITEM('') SURFACE() );
#4998 = CARTESIAN_POINT('',(17.459804784054,57.329086183822,
    13.92434641676));
#4999 = CARTESIAN_POINT('',(17.424837327346,58.728401645504,
    14.190245163531));
#5000 = CARTESIAN_POINT('',(18.765221614423,58.252724122548,
    14.274562925472));
#5001 = CARTESIAN_POINT('',(17.357249489592,57.178336131328,
    14.704195077181));
#5002 = CARTESIAN_POINT('',(17.345477305113,58.44882689553,
    14.793712857269));
#5003 = CARTESIAN_POINT('',(18.563468526536,58.152224087554,
    14.984952543167));
#5004 = CARTESIAN_POINT('',(17.246259373753,57.1,15.548183616355));
#5005 = CARTESIAN_POINT('',(17.244730819913,58.223466056975,
    15.559807011096));
#5006 = CARTESIAN_POINT('',(18.345121938842,58.1,15.753769271469));
#5007 = CARTESIAN_POINT('',(17.135225287716,57.1,16.392506512719));
#5008 = CARTESIAN_POINT('',(17.135225287716,58.1,16.392506512719));
#5009 = CARTESIAN_POINT('',(18.126688850268,58.1,16.522890576661));
#5010 = DEFINITIONAL_REPRESENTATION('',(#5011),#5014);
#5011 = B_SPLINE_CURVE_WITH_KNOTS('',1,(#5012,#5013),.UNSPECIFIED.,.F.,
  .F.,(2,2),(0.,2.749591222051E-05),.PIECEWISE_BEZIER_KNOTS.);
#5012 = CARTESIAN_POINT('',(4.332283302083,1.04820250207E-15));
#5013 = CARTESIAN_POINT('',(4.331931407017,1.669243122763E-02));
#5014 = ( GEOMETRIC_REPRESENTATION_CONTEXT(2) 
PARAMETRIC_REPRESENTATION_CONTEXT() REPRESENTATION_CONTEXT('2D SPACE',''
  ) );
#5015 = ORIENTED_EDGE('',*,*,#5016,.F.);
#5016 = EDGE_CURVE('',#5017,#4980,#5019,.T.);
#5017 = VERTEX_POINT('',#5018);
#5018 = CARTESIAN_POINT('',(17.449432469795,60.1,10.831624532882));
#5019 = SURFACE_CURVE('',#5020,(#5025,#5032),.PCURVE_S1.);
#5020 = ELLIPSE('',#5021,5.230340386863,3.);
#5021 = AXIS2_PLACEMENT_3D('',#5022,#5023,#5024);
#5022 = CARTESIAN_POINT('',(17.449432469795,60.1,16.061964919745));
#5023 = DIRECTION('',(-1.,0.,6.067052173189E-17));
#5024 = DIRECTION('',(6.067052173189E-17,0.,1.));
#5025 = PCURVE('',#2078,#5026);
#5026 = DEFINITIONAL_REPRESENTATION('',(#5027),#5031);
#5027 = ELLIPSE('',#5028,5.230340386863,3.);
#5028 = AXIS2_PLACEMENT_2D('',#5029,#5030);
#5029 = CARTESIAN_POINT('',(36.261964919745,106.7880664355));
#5030 = DIRECTION('',(1.,0.));
#5031 = ( GEOMETRIC_REPRESENTATION_CONTEXT(2) 
PARAMETRIC_REPRESENTATION_CONTEXT() REPRESENTATION_CONTEXT('2D SPACE',''
  ) );
#5032 = PCURVE('',#5033,#5064);
#5033 = ( BOUNDED_SURFACE() B_SPLINE_SURFACE(3,2,(
    (#5034,#5035,#5036)
    ,(#5037,#5038,#5039)
    ,(#5040,#5041,#5042)
    ,(#5043,#5044,#5045)
    ,(#5046,#5047,#5048)
    ,(#5049,#5050,#5051)
    ,(#5052,#5053,#5054)
    ,(#5055,#5056,#5057)
    ,(#5058,#5059,#5060)
    ,(#5061,#5062,#5063
)),.UNSPECIFIED.,.F.,.F.,.F.) B_SPLINE_SURFACE_WITH_KNOTS((4,1,1,1,1,1,1
    ,4),(3,3),(3.14159265359,3.28995405214,3.43831545069,3.58667684924,
    3.735038247791,3.883399646341,4.031761044891,4.328483841991),(0.,1.)
,.UNSPECIFIED.) GEOMETRIC_REPRESENTATION_ITEM() 
RATIONAL_B_SPLINE_SURFACE((
    (1.,0.300705799504,1.)
    ,(1.,0.300705799507,1.)
    ,(1.,0.305775132565,1.)
    ,(1.,0.327306098308,1.)
    ,(1.,0.359743648861,1.)
    ,(1.,0.399770493169,1.)
    ,(1.,0.444575435674,1.)
    ,(1.,0.507851375205,1.)
    ,(1.,0.556823065133,1.)
,(1.,0.588723770671,1.))) REPRESENTATION_ITEM('') SURFACE() );
#5034 = CARTESIAN_POINT('',(17.449432469795,60.1,10.831624532882));
#5035 = CARTESIAN_POINT('',(17.449432469795,60.1,14.003219335245));
#5036 = CARTESIAN_POINT('',(19.268584514084,60.1,11.405200969233));
#5037 = CARTESIAN_POINT('',(17.449432469795,59.951638595955,
    10.831624532884));
#5038 = CARTESIAN_POINT('',(17.449432469796,60.225093832723,
    14.003219335094));
#5039 = CARTESIAN_POINT('',(19.268584514083,60.001092397304,
    11.405200969234));
#5040 = CARTESIAN_POINT('',(17.449432469795,59.654917242895,
    10.870070214169));
#5041 = CARTESIAN_POINT('',(17.449432469795,60.468068755074,
    13.910083666217));
#5042 = CARTESIAN_POINT('',(19.262563326917,59.80327816193,
    11.439430569876));
#5043 = CARTESIAN_POINT('',(17.449432469795,59.219612600544,
    11.041808310494));
#5044 = CARTESIAN_POINT('',(17.449432469795,60.617065748146,
    13.595751287264));
#5045 = CARTESIAN_POINT('',(19.235666489946,59.513075067029,
    11.5923352982));
#5046 = CARTESIAN_POINT('',(17.449432469795,58.803652066484,
    11.323844109315));
#5047 = CARTESIAN_POINT('',(17.449432469795,60.498819976392,
    13.308166917706));
#5048 = CARTESIAN_POINT('',(19.191495330121,59.235768044322,
    11.84344211794));
#5049 = CARTESIAN_POINT('',(17.449432469795,58.41616938951,
    11.709976139463));
#5050 = CARTESIAN_POINT('',(17.449432469795,60.192436703905,
    13.176549066123));
#5051 = CARTESIAN_POINT('',(19.131021093558,58.977446259674,
    12.18722963178));
#5052 = CARTESIAN_POINT('',(17.449432469795,58.065695992687,
    12.191739163244));
#5053 = CARTESIAN_POINT('',(17.449432469795,59.795976085534,
    13.238272018333));
#5054 = CARTESIAN_POINT('',(19.055569567155,58.743797328458,
    12.616160928004));
#5055 = CARTESIAN_POINT('',(17.449432469795,57.657920971529,
    12.947393485631));
#5056 = CARTESIAN_POINT('',(17.449432469794,59.260164979506,
    13.5502458762));
#5057 = CARTESIAN_POINT('',(18.937222435386,58.471947314354,
    13.288947696601));
#5058 = CARTESIAN_POINT('',(17.449432469795,57.42950861577,
    13.623307107044));
#5059 = CARTESIAN_POINT('',(17.4494324698,58.870230104239,
    14.021481767566));
#5060 = CARTESIAN_POINT('',(18.831363928335,58.31967241051,
    13.890738393391));
#5061 = CARTESIAN_POINT('',(17.449432469795,57.318372812847,
    14.102971285611));
#5062 = CARTESIAN_POINT('',(17.449432469795,58.655967481259,
    14.412885313171));
#5063 = CARTESIAN_POINT('',(18.756241113489,58.245581875232,
    14.317801010713));
#5064 = DEFINITIONAL_REPRESENTATION('',(#5065),#5068);
#5065 = B_SPLINE_CURVE_WITH_KNOTS('',1,(#5066,#5067),.UNSPECIFIED.,.F.,
  .F.,(2,2),(3.14159265359,4.30842636629),.PIECEWISE_BEZIER_KNOTS.);
#5066 = CARTESIAN_POINT('',(3.14159265359,1.079273237145E-14));
#5067 = CARTESIAN_POINT('',(4.308425819337,-2.85003177741E-06));
#5068 = ( GEOMETRIC_REPRESENTATION_CONTEXT(2) 
PARAMETRIC_REPRESENTATION_CONTEXT() REPRESENTATION_CONTEXT('2D SPACE',''
  ) );
#5069 = ORIENTED_EDGE('',*,*,#5070,.F.);
#5070 = EDGE_CURVE('',#2012,#5017,#5071,.T.);
#5071 = SURFACE_CURVE('',#5072,(#5076,#5083),.PCURVE_S1.);
#5072 = LINE('',#5073,#5074);
#5073 = CARTESIAN_POINT('',(17.449432469795,68.5,10.831624532882));
#5074 = VECTOR('',#5075,1.);
#5075 = DIRECTION('',(0.,-1.,0.));
#5076 = PCURVE('',#2078,#5077);
#5077 = DEFINITIONAL_REPRESENTATION('',(#5078),#5082);
#5078 = LINE('',#5079,#5080);
#5079 = CARTESIAN_POINT('',(31.031624532882,115.1880664355));
#5080 = VECTOR('',#5081,1.);
#5081 = DIRECTION('',(0.,-1.));
#5082 = ( GEOMETRIC_REPRESENTATION_CONTEXT(2) 
PARAMETRIC_REPRESENTATION_CONTEXT() REPRESENTATION_CONTEXT('2D SPACE',''
  ) );
#5083 = PCURVE('',#4907,#5084);
#5084 = DEFINITIONAL_REPRESENTATION('',(#5085),#5089);
#5085 = LINE('',#5086,#5087);
#5086 = CARTESIAN_POINT('',(1.265363707696,3.5));
#5087 = VECTOR('',#5088,1.);
#5088 = DIRECTION('',(0.,1.));
#5089 = ( GEOMETRIC_REPRESENTATION_CONTEXT(2) 
PARAMETRIC_REPRESENTATION_CONTEXT() REPRESENTATION_CONTEXT('2D SPACE',''
  ) );
#5090 = ORIENTED_EDGE('',*,*,#2064,.T.);
#5091 = FACE_BOUND('',#5092,.T.);
#5092 = EDGE_LOOP('',(#5093,#5124,#5152));
#5093 = ORIENTED_EDGE('',*,*,#5094,.F.);
#5094 = EDGE_CURVE('',#5095,#5097,#5099,.T.);
#5095 = VERTEX_POINT('',#5096);
#5096 = CARTESIAN_POINT('',(17.449432469795,48.799663340513,
    -5.212230887094));
#5097 = VERTEX_POINT('',#5098);
#5098 = CARTESIAN_POINT('',(17.449432469795,48.799663340513,
    -3.783285527828));
#5099 = SURFACE_CURVE('',#5100,(#5105,#5112),.PCURVE_S1.);
#5100 = CIRCLE('',#5101,1.);
#5101 = AXIS2_PLACEMENT_3D('',#5102,#5103,#5104);
#5102 = CARTESIAN_POINT('',(17.449432469795,48.1,-4.497758207461));
#5103 = DIRECTION('',(-1.,0.,6.067052173189E-17));
#5104 = DIRECTION('',(6.067052173189E-17,0.,1.));
#5105 = PCURVE('',#2078,#5106);
#5106 = DEFINITIONAL_REPRESENTATION('',(#5107),#5111);
#5107 = CIRCLE('',#5108,1.);
#5108 = AXIS2_PLACEMENT_2D('',#5109,#5110);
#5109 = CARTESIAN_POINT('',(15.702241792539,94.788066435506));
#5110 = DIRECTION('',(1.,0.));
#5111 = ( GEOMETRIC_REPRESENTATION_CONTEXT(2) 
PARAMETRIC_REPRESENTATION_CONTEXT() REPRESENTATION_CONTEXT('2D SPACE',''
  ) );
#5112 = PCURVE('',#5113,#5118);
#5113 = CYLINDRICAL_SURFACE('',#5114,1.);
#5114 = AXIS2_PLACEMENT_3D('',#5115,#5116,#5117);
#5115 = CARTESIAN_POINT('',(-0.139948510021,48.1,-4.497758207461));
#5116 = DIRECTION('',(1.,1.239088197126E-16,0.));
#5117 = DIRECTION('',(1.239088197126E-16,-1.,1.224646799147E-16));
#5118 = DEFINITIONAL_REPRESENTATION('',(#5119),#5123);
#5119 = LINE('',#5120,#5121);
#5120 = CARTESIAN_POINT('',(4.712388980385,17.589380979816));
#5121 = VECTOR('',#5122,1.);
#5122 = DIRECTION('',(-1.,0.));
#5123 = ( GEOMETRIC_REPRESENTATION_CONTEXT(2) 
PARAMETRIC_REPRESENTATION_CONTEXT() REPRESENTATION_CONTEXT('2D SPACE',''
  ) );
#5124 = ORIENTED_EDGE('',*,*,#5125,.T.);
#5125 = EDGE_CURVE('',#5095,#5126,#5128,.T.);
#5126 = VERTEX_POINT('',#5127);
#5127 = CARTESIAN_POINT('',(17.449432469795,49.529258819343,
    -4.497758207461));
#5128 = SURFACE_CURVE('',#5129,(#5133,#5140),.PCURVE_S1.);
#5129 = LINE('',#5130,#5131);
#5130 = CARTESIAN_POINT('',(17.449432469795,48.799663340513,
    -5.212230887094));
#5131 = VECTOR('',#5132,1.);
#5132 = DIRECTION('',(0.,0.714472679633,0.699663340513));
#5133 = PCURVE('',#2078,#5134);
#5134 = DEFINITIONAL_REPRESENTATION('',(#5135),#5139);
#5135 = LINE('',#5136,#5137);
#5136 = CARTESIAN_POINT('',(14.987769112906,95.487729776019));
#5137 = VECTOR('',#5138,1.);
#5138 = DIRECTION('',(0.699663340513,0.714472679633));
#5139 = ( GEOMETRIC_REPRESENTATION_CONTEXT(2) 
PARAMETRIC_REPRESENTATION_CONTEXT() REPRESENTATION_CONTEXT('2D SPACE',''
  ) );
#5140 = PCURVE('',#5141,#5146);
#5141 = PLANE('',#5142);
#5142 = AXIS2_PLACEMENT_3D('',#5143,#5144,#5145);
#5143 = CARTESIAN_POINT('',(-0.139948510021,49.529258819343,
    -4.497758207461));
#5144 = DIRECTION('',(-8.669445871921E-17,0.699663340513,-0.714472679633
    ));
#5145 = DIRECTION('',(-1.,2.629722845402E-31,1.213404811556E-16));
#5146 = DEFINITIONAL_REPRESENTATION('',(#5147),#5151);
#5147 = LINE('',#5148,#5149);
#5148 = CARTESIAN_POINT('',(-17.58938097981,-1.021166378545));
#5149 = VECTOR('',#5150,1.);
#5150 = DIRECTION('',(8.489748638486E-17,1.));
#5151 = ( GEOMETRIC_REPRESENTATION_CONTEXT(2) 
PARAMETRIC_REPRESENTATION_CONTEXT() REPRESENTATION_CONTEXT('2D SPACE',''
  ) );
#5152 = ORIENTED_EDGE('',*,*,#5153,.T.);
#5153 = EDGE_CURVE('',#5126,#5097,#5154,.T.);
#5154 = SURFACE_CURVE('',#5155,(#5159,#5166),.PCURVE_S1.);
#5155 = LINE('',#5156,#5157);
#5156 = CARTESIAN_POINT('',(17.449432469795,49.529258819343,
    -4.497758207461));
#5157 = VECTOR('',#5158,1.);
#5158 = DIRECTION('',(0.,-0.714472679633,0.699663340513));
#5159 = PCURVE('',#2078,#5160);
#5160 = DEFINITIONAL_REPRESENTATION('',(#5161),#5165);
#5161 = LINE('',#5162,#5163);
#5162 = CARTESIAN_POINT('',(15.702241792539,96.217325254849));
#5163 = VECTOR('',#5164,1.);
#5164 = DIRECTION('',(0.699663340513,-0.714472679633));
#5165 = ( GEOMETRIC_REPRESENTATION_CONTEXT(2) 
PARAMETRIC_REPRESENTATION_CONTEXT() REPRESENTATION_CONTEXT('2D SPACE',''
  ) );
#5166 = PCURVE('',#5167,#5172);
#5167 = PLANE('',#5168);
#5168 = AXIS2_PLACEMENT_3D('',#5169,#5170,#5171);
#5169 = CARTESIAN_POINT('',(-0.139948510021,48.799663340513,
    -3.783285527828));
#5170 = DIRECTION('',(-8.669445871921E-17,0.699663340513,0.714472679633)
  );
#5171 = DIRECTION('',(1.,4.22240479134E-32,1.213404811556E-16));
#5172 = DEFINITIONAL_REPRESENTATION('',(#5173),#5177);
#5173 = LINE('',#5174,#5175);
#5174 = CARTESIAN_POINT('',(17.589380979816,1.021166378545));
#5175 = VECTOR('',#5176,1.);
#5176 = DIRECTION('',(8.489748638486E-17,-1.));
#5177 = ( GEOMETRIC_REPRESENTATION_CONTEXT(2) 
PARAMETRIC_REPRESENTATION_CONTEXT() REPRESENTATION_CONTEXT('2D SPACE',''
  ) );
#5178 = ADVANCED_FACE('',(#5179),#2155,.T.);
#5179 = FACE_BOUND('',#5180,.T.);
#5180 = EDGE_LOOP('',(#5181,#5182,#5205,#5226));
#5181 = ORIENTED_EDGE('',*,*,#2141,.F.);
#5182 = ORIENTED_EDGE('',*,*,#5183,.T.);
#5183 = EDGE_CURVE('',#2096,#5184,#5186,.T.);
#5184 = VERTEX_POINT('',#5185);
#5185 = CARTESIAN_POINT('',(19.268584514084,60.1,11.405200969233));
#5186 = SURFACE_CURVE('',#5187,(#5191,#5198),.PCURVE_S1.);
#5187 = LINE('',#5188,#5189);
#5188 = CARTESIAN_POINT('',(19.268584514084,68.5,11.405200969233));
#5189 = VECTOR('',#5190,1.);
#5190 = DIRECTION('',(0.,-1.,0.));
#5191 = PCURVE('',#2155,#5192);
#5192 = DEFINITIONAL_REPRESENTATION('',(#5193),#5197);
#5193 = LINE('',#5194,#5195);
#5194 = CARTESIAN_POINT('',(27.827311412685,-3.5));
#5195 = VECTOR('',#5196,1.);
#5196 = DIRECTION('',(0.,-1.));
#5197 = ( GEOMETRIC_REPRESENTATION_CONTEXT(2) 
PARAMETRIC_REPRESENTATION_CONTEXT() REPRESENTATION_CONTEXT('2D SPACE',''
  ) );
#5198 = PCURVE('',#4907,#5199);
#5199 = DEFINITIONAL_REPRESENTATION('',(#5200),#5204);
#5200 = LINE('',#5201,#5202);
#5201 = CARTESIAN_POINT('',(-1.265363707696,3.5));
#5202 = VECTOR('',#5203,1.);
#5203 = DIRECTION('',(0.,1.));
#5204 = ( GEOMETRIC_REPRESENTATION_CONTEXT(2) 
PARAMETRIC_REPRESENTATION_CONTEXT() REPRESENTATION_CONTEXT('2D SPACE',''
  ) );
#5205 = ORIENTED_EDGE('',*,*,#5206,.T.);
#5206 = EDGE_CURVE('',#5184,#2172,#5207,.T.);
#5207 = SURFACE_CURVE('',#5208,(#5212,#5219),.PCURVE_S1.);
#5208 = LINE('',#5209,#5210);
#5209 = CARTESIAN_POINT('',(19.268584514084,60.1,11.405200969233));
#5210 = VECTOR('',#5211,1.);
#5211 = DIRECTION('',(0.573576436351,0.,-0.819152044289));
#5212 = PCURVE('',#2155,#5213);
#5213 = DEFINITIONAL_REPRESENTATION('',(#5214),#5218);
#5214 = LINE('',#5215,#5216);
#5215 = CARTESIAN_POINT('',(27.827311412685,-11.9));
#5216 = VECTOR('',#5217,1.);
#5217 = DIRECTION('',(1.,0.));
#5218 = ( GEOMETRIC_REPRESENTATION_CONTEXT(2) 
PARAMETRIC_REPRESENTATION_CONTEXT() REPRESENTATION_CONTEXT('2D SPACE',''
  ) );
#5219 = PCURVE('',#2754,#5220);
#5220 = DEFINITIONAL_REPRESENTATION('',(#5221),#5225);
#5221 = LINE('',#5222,#5223);
#5222 = CARTESIAN_POINT('',(3.14159265359,-27.82731141268));
#5223 = VECTOR('',#5224,1.);
#5224 = DIRECTION('',(0.,-1.));
#5225 = ( GEOMETRIC_REPRESENTATION_CONTEXT(2) 
PARAMETRIC_REPRESENTATION_CONTEXT() REPRESENTATION_CONTEXT('2D SPACE',''
  ) );
#5226 = ORIENTED_EDGE('',*,*,#2171,.F.);
#5227 = ADVANCED_FACE('',(#5228),#2256,.F.);
#5228 = FACE_BOUND('',#5229,.F.);
#5229 = EDGE_LOOP('',(#5230,#5231,#5232));
#5230 = ORIENTED_EDGE('',*,*,#3439,.F.);
#5231 = ORIENTED_EDGE('',*,*,#2219,.F.);
#5232 = ORIENTED_EDGE('',*,*,#3813,.F.);
#5233 = ADVANCED_FACE('',(#5234),#2404,.F.);
#5234 = FACE_BOUND('',#5235,.T.);
#5235 = EDGE_LOOP('',(#5236,#5264,#5285,#5286));
#5236 = ORIENTED_EDGE('',*,*,#5237,.T.);
#5237 = EDGE_CURVE('',#1488,#5238,#5240,.T.);
#5238 = VERTEX_POINT('',#5239);
#5239 = CARTESIAN_POINT('',(-9.159,57.8,-18.218));
#5240 = SURFACE_CURVE('',#5241,(#5245,#5252),.PCURVE_S1.);
#5241 = LINE('',#5242,#5243);
#5242 = CARTESIAN_POINT('',(-8.,57.8,-19.6));
#5243 = VECTOR('',#5244,1.);
#5244 = DIRECTION('',(-0.642580763754,0.,0.766217959887));
#5245 = PCURVE('',#2404,#5246);
#5246 = DEFINITIONAL_REPRESENTATION('',(#5247),#5251);
#5247 = LINE('',#5248,#5249);
#5248 = CARTESIAN_POINT('',(0.,16.));
#5249 = VECTOR('',#5250,1.);
#5250 = DIRECTION('',(1.,0.));
#5251 = ( GEOMETRIC_REPRESENTATION_CONTEXT(2) 
PARAMETRIC_REPRESENTATION_CONTEXT() REPRESENTATION_CONTEXT('2D SPACE',''
  ) );
#5252 = PCURVE('',#5253,#5258);
#5253 = PLANE('',#5254);
#5254 = AXIS2_PLACEMENT_3D('',#5255,#5256,#5257);
#5255 = CARTESIAN_POINT('',(-8.458900367799,57.8,-18.909));
#5256 = DIRECTION('',(0.,1.,0.));
#5257 = DIRECTION('',(0.,-0.,1.));
#5258 = DEFINITIONAL_REPRESENTATION('',(#5259),#5263);
#5259 = LINE('',#5260,#5261);
#5260 = CARTESIAN_POINT('',(-0.691,0.458900367799));
#5261 = VECTOR('',#5262,1.);
#5262 = DIRECTION('',(0.766217959887,-0.642580763754));
#5263 = ( GEOMETRIC_REPRESENTATION_CONTEXT(2) 
PARAMETRIC_REPRESENTATION_CONTEXT() REPRESENTATION_CONTEXT('2D SPACE',''
  ) );
#5264 = ORIENTED_EDGE('',*,*,#5265,.F.);
#5265 = EDGE_CURVE('',#2344,#5238,#5266,.T.);
#5266 = SURFACE_CURVE('',#5267,(#5271,#5278),.PCURVE_S1.);
#5267 = LINE('',#5268,#5269);
#5268 = CARTESIAN_POINT('',(-9.159,59.,-18.218));
#5269 = VECTOR('',#5270,1.);
#5270 = DIRECTION('',(-4.030592285052E-14,1.,0.));
#5271 = PCURVE('',#2404,#5272);
#5272 = DEFINITIONAL_REPRESENTATION('',(#5273),#5277);
#5273 = LINE('',#5274,#5275);
#5274 = CARTESIAN_POINT('',(1.803664325755,17.2));
#5275 = VECTOR('',#5276,1.);
#5276 = DIRECTION('',(2.589981068911E-14,1.));
#5277 = ( GEOMETRIC_REPRESENTATION_CONTEXT(2) 
PARAMETRIC_REPRESENTATION_CONTEXT() REPRESENTATION_CONTEXT('2D SPACE',''
  ) );
#5278 = PCURVE('',#2458,#5279);
#5279 = DEFINITIONAL_REPRESENTATION('',(#5280),#5284);
#5280 = LINE('',#5281,#5282);
#5281 = CARTESIAN_POINT('',(18.4,1.2));
#5282 = VECTOR('',#5283,1.);
#5283 = DIRECTION('',(1.,0.));
#5284 = ( GEOMETRIC_REPRESENTATION_CONTEXT(2) 
PARAMETRIC_REPRESENTATION_CONTEXT() REPRESENTATION_CONTEXT('2D SPACE',''
  ) );
#5285 = ORIENTED_EDGE('',*,*,#2390,.F.);
#5286 = ORIENTED_EDGE('',*,*,#3997,.F.);
#5287 = ADVANCED_FACE('',(#5288),#2458,.F.);
#5288 = FACE_BOUND('',#5289,.T.);
#5289 = EDGE_LOOP('',(#5290,#5291,#5292,#5293,#5316));
#5290 = ORIENTED_EDGE('',*,*,#2498,.T.);
#5291 = ORIENTED_EDGE('',*,*,#2444,.T.);
#5292 = ORIENTED_EDGE('',*,*,#5265,.T.);
#5293 = ORIENTED_EDGE('',*,*,#5294,.T.);
#5294 = EDGE_CURVE('',#5238,#5295,#5297,.T.);
#5295 = VERTEX_POINT('',#5296);
#5296 = CARTESIAN_POINT('',(-9.159,59.,-18.218));
#5297 = SURFACE_CURVE('',#5298,(#5302,#5309),.PCURVE_S1.);
#5298 = LINE('',#5299,#5300);
#5299 = CARTESIAN_POINT('',(-9.159,45.8,-18.218));
#5300 = VECTOR('',#5301,1.);
#5301 = DIRECTION('',(0.,1.,0.));
#5302 = PCURVE('',#2458,#5303);
#5303 = DEFINITIONAL_REPRESENTATION('',(#5304),#5308);
#5304 = LINE('',#5305,#5306);
#5305 = CARTESIAN_POINT('',(5.2,1.2));
#5306 = VECTOR('',#5307,1.);
#5307 = DIRECTION('',(1.,0.));
#5308 = ( GEOMETRIC_REPRESENTATION_CONTEXT(2) 
PARAMETRIC_REPRESENTATION_CONTEXT() REPRESENTATION_CONTEXT('2D SPACE',''
  ) );
#5309 = PCURVE('',#2672,#5310);
#5310 = DEFINITIONAL_REPRESENTATION('',(#5311),#5315);
#5311 = LINE('',#5312,#5313);
#5312 = CARTESIAN_POINT('',(1.412859136294,-4.));
#5313 = VECTOR('',#5314,1.);
#5314 = DIRECTION('',(0.,1.));
#5315 = ( GEOMETRIC_REPRESENTATION_CONTEXT(2) 
PARAMETRIC_REPRESENTATION_CONTEXT() REPRESENTATION_CONTEXT('2D SPACE',''
  ) );
#5316 = ORIENTED_EDGE('',*,*,#5317,.F.);
#5317 = EDGE_CURVE('',#2499,#5295,#5318,.T.);
#5318 = SURFACE_CURVE('',#5319,(#5323,#5330),.PCURVE_S1.);
#5319 = LINE('',#5320,#5321);
#5320 = CARTESIAN_POINT('',(-9.159,59.,-17.018));
#5321 = VECTOR('',#5322,1.);
#5322 = DIRECTION('',(0.,0.,-1.));
#5323 = PCURVE('',#2458,#5324);
#5324 = DEFINITIONAL_REPRESENTATION('',(#5325),#5329);
#5325 = LINE('',#5326,#5327);
#5326 = CARTESIAN_POINT('',(18.4,0.));
#5327 = VECTOR('',#5328,1.);
#5328 = DIRECTION('',(0.,1.));
#5329 = ( GEOMETRIC_REPRESENTATION_CONTEXT(2) 
PARAMETRIC_REPRESENTATION_CONTEXT() REPRESENTATION_CONTEXT('2D SPACE',''
  ) );
#5330 = PCURVE('',#2537,#5331);
#5331 = DEFINITIONAL_REPRESENTATION('',(#5332),#5336);
#5332 = LINE('',#5333,#5334);
#5333 = CARTESIAN_POINT('',(0.,0.));
#5334 = VECTOR('',#5335,1.);
#5335 = DIRECTION('',(0.,1.));
#5336 = ( GEOMETRIC_REPRESENTATION_CONTEXT(2) 
PARAMETRIC_REPRESENTATION_CONTEXT() REPRESENTATION_CONTEXT('2D SPACE',''
  ) );
#5337 = ADVANCED_FACE('',(#5338),#2537,.F.);
#5338 = FACE_BOUND('',#5339,.T.);
#5339 = EDGE_LOOP('',(#5340,#5341,#5342,#5365));
#5340 = ORIENTED_EDGE('',*,*,#2521,.T.);
#5341 = ORIENTED_EDGE('',*,*,#5317,.T.);
#5342 = ORIENTED_EDGE('',*,*,#5343,.T.);
#5343 = EDGE_CURVE('',#5295,#5344,#5346,.T.);
#5344 = VERTEX_POINT('',#5345);
#5345 = CARTESIAN_POINT('',(-6.333281727412,59.,-18.218));
#5346 = SURFACE_CURVE('',#5347,(#5351,#5358),.PCURVE_S1.);
#5347 = LINE('',#5348,#5349);
#5348 = CARTESIAN_POINT('',(-8.,59.,-18.218));
#5349 = VECTOR('',#5350,1.);
#5350 = DIRECTION('',(1.,5.364321775583E-14,0.));
#5351 = PCURVE('',#2537,#5352);
#5352 = DEFINITIONAL_REPRESENTATION('',(#5353),#5357);
#5353 = LINE('',#5354,#5355);
#5354 = CARTESIAN_POINT('',(1.159,1.2));
#5355 = VECTOR('',#5356,1.);
#5356 = DIRECTION('',(1.,0.));
#5357 = ( GEOMETRIC_REPRESENTATION_CONTEXT(2) 
PARAMETRIC_REPRESENTATION_CONTEXT() REPRESENTATION_CONTEXT('2D SPACE',''
  ) );
#5358 = PCURVE('',#2672,#5359);
#5359 = DEFINITIONAL_REPRESENTATION('',(#5360),#5364);
#5360 = LINE('',#5361,#5362);
#5361 = CARTESIAN_POINT('',(0.253859136294,9.2));
#5362 = VECTOR('',#5363,1.);
#5363 = DIRECTION('',(-1.,5.364321775583E-14));
#5364 = ( GEOMETRIC_REPRESENTATION_CONTEXT(2) 
PARAMETRIC_REPRESENTATION_CONTEXT() REPRESENTATION_CONTEXT('2D SPACE',''
  ) );
#5365 = ORIENTED_EDGE('',*,*,#5366,.F.);
#5366 = EDGE_CURVE('',#2522,#5344,#5367,.T.);
#5367 = SURFACE_CURVE('',#5368,(#5372,#5379),.PCURVE_S1.);
#5368 = LINE('',#5369,#5370);
#5369 = CARTESIAN_POINT('',(-6.333281727412,59.,-17.018));
#5370 = VECTOR('',#5371,1.);
#5371 = DIRECTION('',(0.,0.,-1.));
#5372 = PCURVE('',#2537,#5373);
#5373 = DEFINITIONAL_REPRESENTATION('',(#5374),#5378);
#5374 = LINE('',#5375,#5376);
#5375 = CARTESIAN_POINT('',(2.825718272588,0.));
#5376 = VECTOR('',#5377,1.);
#5377 = DIRECTION('',(0.,1.));
#5378 = ( GEOMETRIC_REPRESENTATION_CONTEXT(2) 
PARAMETRIC_REPRESENTATION_CONTEXT() REPRESENTATION_CONTEXT('2D SPACE',''
  ) );
#5379 = PCURVE('',#2563,#5380);
#5380 = DEFINITIONAL_REPRESENTATION('',(#5381),#5385);
#5381 = LINE('',#5382,#5383);
#5382 = CARTESIAN_POINT('',(0.,0.));
#5383 = VECTOR('',#5384,1.);
#5384 = DIRECTION('',(0.,1.));
#5385 = ( GEOMETRIC_REPRESENTATION_CONTEXT(2) 
PARAMETRIC_REPRESENTATION_CONTEXT() REPRESENTATION_CONTEXT('2D SPACE',''
  ) );
#5386 = ADVANCED_FACE('',(#5387),#2563,.F.);
#5387 = FACE_BOUND('',#5388,.T.);
#5388 = EDGE_LOOP('',(#5389,#5390,#5391,#5392));
#5389 = ORIENTED_EDGE('',*,*,#2578,.F.);
#5390 = ORIENTED_EDGE('',*,*,#2549,.T.);
#5391 = ORIENTED_EDGE('',*,*,#5366,.T.);
#5392 = ORIENTED_EDGE('',*,*,#5393,.T.);
#5393 = EDGE_CURVE('',#5344,#2579,#5394,.T.);
#5394 = SURFACE_CURVE('',#5395,(#5399,#5406),.PCURVE_S1.);
#5395 = LINE('',#5396,#5397);
#5396 = CARTESIAN_POINT('',(-6.333281727412,40.6,-18.218));
#5397 = VECTOR('',#5398,1.);
#5398 = DIRECTION('',(0.,-1.,0.));
#5399 = PCURVE('',#2563,#5400);
#5400 = DEFINITIONAL_REPRESENTATION('',(#5401),#5405);
#5401 = LINE('',#5402,#5403);
#5402 = CARTESIAN_POINT('',(18.4,1.2));
#5403 = VECTOR('',#5404,1.);
#5404 = DIRECTION('',(1.,0.));
#5405 = ( GEOMETRIC_REPRESENTATION_CONTEXT(2) 
PARAMETRIC_REPRESENTATION_CONTEXT() REPRESENTATION_CONTEXT('2D SPACE',''
  ) );
#5406 = PCURVE('',#2672,#5407);
#5407 = DEFINITIONAL_REPRESENTATION('',(#5408),#5412);
#5408 = LINE('',#5409,#5410);
#5409 = CARTESIAN_POINT('',(-1.412859136294,-9.2));
#5410 = VECTOR('',#5411,1.);
#5411 = DIRECTION('',(0.,-1.));
#5412 = ( GEOMETRIC_REPRESENTATION_CONTEXT(2) 
PARAMETRIC_REPRESENTATION_CONTEXT() REPRESENTATION_CONTEXT('2D SPACE',''
  ) );
#5413 = ADVANCED_FACE('',(#5414),#2643,.F.);
#5414 = FACE_BOUND('',#5415,.T.);
#5415 = EDGE_LOOP('',(#5416,#5439,#5440));
#5416 = ORIENTED_EDGE('',*,*,#5417,.T.);
#5417 = EDGE_CURVE('',#5418,#1488,#5420,.T.);
#5418 = VERTEX_POINT('',#5419);
#5419 = CARTESIAN_POINT('',(-8.,57.8,-18.218));
#5420 = SURFACE_CURVE('',#5421,(#5425,#5432),.PCURVE_S1.);
#5421 = LINE('',#5422,#5423);
#5422 = CARTESIAN_POINT('',(-8.,57.8,-18.909));
#5423 = VECTOR('',#5424,1.);
#5424 = DIRECTION('',(0.,0.,-1.));
#5425 = PCURVE('',#2643,#5426);
#5426 = DEFINITIONAL_REPRESENTATION('',(#5427),#5431);
#5427 = LINE('',#5428,#5429);
#5428 = CARTESIAN_POINT('',(0.,8.05));
#5429 = VECTOR('',#5430,1.);
#5430 = DIRECTION('',(-1.,0.));
#5431 = ( GEOMETRIC_REPRESENTATION_CONTEXT(2) 
PARAMETRIC_REPRESENTATION_CONTEXT() REPRESENTATION_CONTEXT('2D SPACE',''
  ) );
#5432 = PCURVE('',#5253,#5433);
#5433 = DEFINITIONAL_REPRESENTATION('',(#5434),#5438);
#5434 = LINE('',#5435,#5436);
#5435 = CARTESIAN_POINT('',(0.,0.458900367799));
#5436 = VECTOR('',#5437,1.);
#5437 = DIRECTION('',(-1.,0.));
#5438 = ( GEOMETRIC_REPRESENTATION_CONTEXT(2) 
PARAMETRIC_REPRESENTATION_CONTEXT() REPRESENTATION_CONTEXT('2D SPACE',''
  ) );
#5439 = ORIENTED_EDGE('',*,*,#2627,.F.);
#5440 = ORIENTED_EDGE('',*,*,#5441,.T.);
#5441 = EDGE_CURVE('',#2628,#5418,#5442,.T.);
#5442 = SURFACE_CURVE('',#5443,(#5447,#5454),.PCURVE_S1.);
#5443 = LINE('',#5444,#5445);
#5444 = CARTESIAN_POINT('',(-8.,49.775,-18.218));
#5445 = VECTOR('',#5446,1.);
#5446 = DIRECTION('',(0.,-1.,0.));
#5447 = PCURVE('',#2643,#5448);
#5448 = DEFINITIONAL_REPRESENTATION('',(#5449),#5453);
#5449 = LINE('',#5450,#5451);
#5450 = CARTESIAN_POINT('',(0.691,2.5E-02));
#5451 = VECTOR('',#5452,1.);
#5452 = DIRECTION('',(0.,-1.));
#5453 = ( GEOMETRIC_REPRESENTATION_CONTEXT(2) 
PARAMETRIC_REPRESENTATION_CONTEXT() REPRESENTATION_CONTEXT('2D SPACE',''
  ) );
#5454 = PCURVE('',#2672,#5455);
#5455 = DEFINITIONAL_REPRESENTATION('',(#5456),#5460);
#5456 = LINE('',#5457,#5458);
#5457 = CARTESIAN_POINT('',(0.253859136294,-2.5E-02));
#5458 = VECTOR('',#5459,1.);
#5459 = DIRECTION('',(0.,-1.));
#5460 = ( GEOMETRIC_REPRESENTATION_CONTEXT(2) 
PARAMETRIC_REPRESENTATION_CONTEXT() REPRESENTATION_CONTEXT('2D SPACE',''
  ) );
#5461 = ADVANCED_FACE('',(#5462),#2672,.F.);
#5462 = FACE_BOUND('',#5463,.T.);
#5463 = EDGE_LOOP('',(#5464,#5485,#5486,#5487,#5488,#5489));
#5464 = ORIENTED_EDGE('',*,*,#5465,.T.);
#5465 = EDGE_CURVE('',#5238,#5418,#5466,.T.);
#5466 = SURFACE_CURVE('',#5467,(#5471,#5478),.PCURVE_S1.);
#5467 = LINE('',#5468,#5469);
#5468 = CARTESIAN_POINT('',(-8.102520615752,57.8,-18.218));
#5469 = VECTOR('',#5470,1.);
#5470 = DIRECTION('',(1.,0.,0.));
#5471 = PCURVE('',#2672,#5472);
#5472 = DEFINITIONAL_REPRESENTATION('',(#5473),#5477);
#5473 = LINE('',#5474,#5475);
#5474 = CARTESIAN_POINT('',(0.356379752047,8.));
#5475 = VECTOR('',#5476,1.);
#5476 = DIRECTION('',(-1.,0.));
#5477 = ( GEOMETRIC_REPRESENTATION_CONTEXT(2) 
PARAMETRIC_REPRESENTATION_CONTEXT() REPRESENTATION_CONTEXT('2D SPACE',''
  ) );
#5478 = PCURVE('',#5253,#5479);
#5479 = DEFINITIONAL_REPRESENTATION('',(#5480),#5484);
#5480 = LINE('',#5481,#5482);
#5481 = CARTESIAN_POINT('',(0.691,0.356379752047));
#5482 = VECTOR('',#5483,1.);
#5483 = DIRECTION('',(0.,1.));
#5484 = ( GEOMETRIC_REPRESENTATION_CONTEXT(2) 
PARAMETRIC_REPRESENTATION_CONTEXT() REPRESENTATION_CONTEXT('2D SPACE',''
  ) );
#5485 = ORIENTED_EDGE('',*,*,#5441,.F.);
#5486 = ORIENTED_EDGE('',*,*,#2658,.F.);
#5487 = ORIENTED_EDGE('',*,*,#5393,.F.);
#5488 = ORIENTED_EDGE('',*,*,#5343,.F.);
#5489 = ORIENTED_EDGE('',*,*,#5294,.F.);
#5490 = ADVANCED_FACE('',(#5491),#2754,.F.);
#5491 = FACE_BOUND('',#5492,.F.);
#5492 = EDGE_LOOP('',(#5493,#5494,#5495,#5540,#5568,#5613));
#5493 = ORIENTED_EDGE('',*,*,#5206,.T.);
#5494 = ORIENTED_EDGE('',*,*,#2738,.F.);
#5495 = ORIENTED_EDGE('',*,*,#5496,.T.);
#5496 = EDGE_CURVE('',#2739,#5497,#5499,.T.);
#5497 = VERTEX_POINT('',#5498);
#5498 = CARTESIAN_POINT('',(20.552172322949,58.1,13.058941189766));
#5499 = SURFACE_CURVE('',#5500,(#5505,#5534),.PCURVE_S1.);
#5500 = ELLIPSE('',#5501,6.083506153682,2.);
#5501 = AXIS2_PLACEMENT_3D('',#5502,#5503,#5504);
#5502 = CARTESIAN_POINT('',(20.552172322949,60.1,13.058941189766));
#5503 = DIRECTION('',(-0.962186600636,0.,-0.272391162773));
#5504 = DIRECTION('',(-0.272391162773,0.,0.962186600636));
#5505 = PCURVE('',#2754,#5506);
#5506 = DEFINITIONAL_REPRESENTATION('',(#5507),#5533);
#5507 = B_SPLINE_CURVE_WITH_KNOTS('',3,(#5508,#5509,#5510,#5511,#5512,
    #5513,#5514,#5515,#5516,#5517,#5518,#5519,#5520,#5521,#5522,#5523,
    #5524,#5525,#5526,#5527,#5528,#5529,#5530,#5531,#5532),
  .UNSPECIFIED.,.F.,.F.,(4,1,1,1,1,1,1,1,1,1,1,1,1,1,1,1,1,1,1,1,1,1,4),
  (3.452264525061,3.509542909394,3.566821293727,3.62409967806,
    3.681378062393,3.738656446725,3.795934831058,3.853213215391,
    3.910491599724,3.967769984057,4.02504836839,4.082326752723,
    4.139605137056,4.196883521389,4.254161905722,4.311440290054,
    4.368718674387,4.42599705872,4.483275443053,4.540553827386,
    4.597832211719,4.655110596052,4.712388980385),
  .QUASI_UNIFORM_KNOTS.);
#5508 = CARTESIAN_POINT('',(3.452264525061,-32.67919336567));
#5509 = CARTESIAN_POINT('',(3.471357319839,-32.64566462782));
#5510 = CARTESIAN_POINT('',(3.509542909394,-32.57260659064));
#5511 = CARTESIAN_POINT('',(3.566821293727,-32.44544027995));
#5512 = CARTESIAN_POINT('',(3.62409967806,-32.30109493024));
#5513 = CARTESIAN_POINT('',(3.681378062393,-32.14004850491));
#5514 = CARTESIAN_POINT('',(3.738656446725,-31.96282801092));
#5515 = CARTESIAN_POINT('',(3.795934831058,-31.77001504139));
#5516 = CARTESIAN_POINT('',(3.853213215391,-31.56224191975));
#5517 = CARTESIAN_POINT('',(3.910491599724,-31.34019014778));
#5518 = CARTESIAN_POINT('',(3.967769984057,-31.10458803049));
#5519 = CARTESIAN_POINT('',(4.02504836839,-30.85620832481));
#5520 = CARTESIAN_POINT('',(4.082326752723,-30.59586569497));
#5521 = CARTESIAN_POINT('',(4.139605137056,-30.32441404316));
#5522 = CARTESIAN_POINT('',(4.196883521389,-30.04274370808));
#5523 = CARTESIAN_POINT('',(4.254161905722,-29.75177854493));
#5524 = CARTESIAN_POINT('',(4.311440290054,-29.45247289499));
#5525 = CARTESIAN_POINT('',(4.368718674387,-29.14580845626));
#5526 = CARTESIAN_POINT('',(4.42599705872,-28.83279106072));
#5527 = CARTESIAN_POINT('',(4.483275443053,-28.51444738582));
#5528 = CARTESIAN_POINT('',(4.540553827386,-28.19182154774));
#5529 = CARTESIAN_POINT('',(4.597832211719,-27.86597182357));
#5530 = CARTESIAN_POINT('',(4.655110596052,-27.53796663244));
#5531 = CARTESIAN_POINT('',(4.693296185607,-27.31857759457));
#5532 = CARTESIAN_POINT('',(4.712388980385,-27.20888245146));
#5533 = ( GEOMETRIC_REPRESENTATION_CONTEXT(2) 
PARAMETRIC_REPRESENTATION_CONTEXT() REPRESENTATION_CONTEXT('2D SPACE',''
  ) );
#5534 = PCURVE('',#2802,#5535);
#5535 = DEFINITIONAL_REPRESENTATION('',(#5536),#5539);
#5536 = B_SPLINE_CURVE_WITH_KNOTS('',1,(#5537,#5538),.UNSPECIFIED.,.F.,
  .F.,(2,2),(3.452264525061,4.712388980385),.PIECEWISE_BEZIER_KNOTS.);
#5537 = CARTESIAN_POINT('',(2.83092187364,0.999991823332));
#5538 = CARTESIAN_POINT('',(1.570796326795,1.));
#5539 = ( GEOMETRIC_REPRESENTATION_CONTEXT(2) 
PARAMETRIC_REPRESENTATION_CONTEXT() REPRESENTATION_CONTEXT('2D SPACE',''
  ) );
#5540 = ORIENTED_EDGE('',*,*,#5541,.F.);
#5541 = EDGE_CURVE('',#5542,#5497,#5544,.T.);
#5542 = VERTEX_POINT('',#5543);
#5543 = CARTESIAN_POINT('',(18.126688850268,58.1,16.522890576661));
#5544 = SURFACE_CURVE('',#5545,(#5549,#5556),.PCURVE_S1.);
#5545 = LINE('',#5546,#5547);
#5546 = CARTESIAN_POINT('',(18.126688850268,58.1,16.522890576661));
#5547 = VECTOR('',#5548,1.);
#5548 = DIRECTION('',(0.573576436351,0.,-0.819152044289));
#5549 = PCURVE('',#2754,#5550);
#5550 = DEFINITIONAL_REPRESENTATION('',(#5551),#5555);
#5551 = LINE('',#5552,#5553);
#5552 = CARTESIAN_POINT('',(4.712388980385,-22.98018106318));
#5553 = VECTOR('',#5554,1.);
#5554 = DIRECTION('',(4.200714773393E-16,-1.));
#5555 = ( GEOMETRIC_REPRESENTATION_CONTEXT(2) 
PARAMETRIC_REPRESENTATION_CONTEXT() REPRESENTATION_CONTEXT('2D SPACE',''
  ) );
#5556 = PCURVE('',#5557,#5562);
#5557 = PLANE('',#5558);
#5558 = AXIS2_PLACEMENT_3D('',#5559,#5560,#5561);
#5559 = CARTESIAN_POINT('',(11.12837984781,58.1,54.4));
#5560 = DIRECTION('',(0.,1.,0.));
#5561 = DIRECTION('',(0.,-0.,1.));
#5562 = DEFINITIONAL_REPRESENTATION('',(#5563),#5567);
#5563 = LINE('',#5564,#5565);
#5564 = CARTESIAN_POINT('',(-37.87710942333,6.998309002458));
#5565 = VECTOR('',#5566,1.);
#5566 = DIRECTION('',(-0.819152044289,0.573576436351));
#5567 = ( GEOMETRIC_REPRESENTATION_CONTEXT(2) 
PARAMETRIC_REPRESENTATION_CONTEXT() REPRESENTATION_CONTEXT('2D SPACE',''
  ) );
#5568 = ORIENTED_EDGE('',*,*,#5569,.T.);
#5569 = EDGE_CURVE('',#5542,#5570,#5572,.T.);
#5570 = VERTEX_POINT('',#5571);
#5571 = CARTESIAN_POINT('',(18.761609892926,58.25093118304,
    14.287279869525));
#5572 = SURFACE_CURVE('',#5573,(#5578,#5607),.PCURVE_S1.);
#5573 = ELLIPSE('',#5574,6.098222125206,2.);
#5574 = AXIS2_PLACEMENT_3D('',#5575,#5576,#5577);
#5575 = CARTESIAN_POINT('',(18.126688850268,60.1,16.522890576661));
#5576 = DIRECTION('',(0.961957475621,0.,0.273199222356));
#5577 = DIRECTION('',(-0.273199222356,0.,0.961957475621));
#5578 = PCURVE('',#2754,#5579);
#5579 = DEFINITIONAL_REPRESENTATION('',(#5580),#5606);
#5580 = B_SPLINE_CURVE_WITH_KNOTS('',3,(#5581,#5582,#5583,#5584,#5585,
    #5586,#5587,#5588,#5589,#5590,#5591,#5592,#5593,#5594,#5595,#5596,
    #5597,#5598,#5599,#5600,#5601,#5602,#5603,#5604,#5605),
  .UNSPECIFIED.,.F.,.F.,(4,1,1,1,1,1,1,1,1,1,1,1,1,1,1,1,1,1,1,1,1,1,4),
  (1.570796326795,1.588568327241,1.606340327688,1.624112328134,
    1.641884328581,1.659656329027,1.677428329474,1.69520032992,
    1.712972330367,1.730744330813,1.74851633126,1.766288331706,
    1.784060332153,1.801832332599,1.819604333046,1.837376333492,
    1.855148333939,1.872920334385,1.890692334832,1.908464335278,
    1.926236335725,1.944008336171,1.961780336617),
  .QUASI_UNIFORM_KNOTS.);
#5581 = CARTESIAN_POINT('',(4.712388980385,-22.98018106318));
#5582 = CARTESIAN_POINT('',(4.706464980236,-23.01430881367));
#5583 = CARTESIAN_POINT('',(4.694616979938,-23.08256431105));
#5584 = CARTESIAN_POINT('',(4.676844979492,-23.18491522373));
#5585 = CARTESIAN_POINT('',(4.659072979045,-23.28720147328));
#5586 = CARTESIAN_POINT('',(4.641300978599,-23.38939075504));
#5587 = CARTESIAN_POINT('',(4.623528978152,-23.49145079372));
#5588 = CARTESIAN_POINT('',(4.605756977706,-23.59334935518));
#5589 = CARTESIAN_POINT('',(4.587984977259,-23.69505425621));
#5590 = CARTESIAN_POINT('',(4.570212976813,-23.79653337478));
#5591 = CARTESIAN_POINT('',(4.552440976366,-23.89775466015));
#5592 = CARTESIAN_POINT('',(4.53466897592,-23.99868614304));
#5593 = CARTESIAN_POINT('',(4.516896975473,-24.09929594568));
#5594 = CARTESIAN_POINT('',(4.499124975027,-24.19955229189));
#5595 = CARTESIAN_POINT('',(4.48135297458,-24.29942351716));
#5596 = CARTESIAN_POINT('',(4.463580974134,-24.39887807859));
#5597 = CARTESIAN_POINT('',(4.445808973687,-24.49788456486));
#5598 = CARTESIAN_POINT('',(4.428036973241,-24.59641170622));
#5599 = CARTESIAN_POINT('',(4.410264972794,-24.6944283842));
#5600 = CARTESIAN_POINT('',(4.392492972348,-24.79190364195));
#5601 = CARTESIAN_POINT('',(4.374720971902,-24.88880669212));
#5602 = CARTESIAN_POINT('',(4.356948971455,-24.98510693367));
#5603 = CARTESIAN_POINT('',(4.339176971009,-25.08077393518));
#5604 = CARTESIAN_POINT('',(4.327328970711,-25.14410967348));
#5605 = CARTESIAN_POINT('',(4.321404970562,-25.17566193807));
#5606 = ( GEOMETRIC_REPRESENTATION_CONTEXT(2) 
PARAMETRIC_REPRESENTATION_CONTEXT() REPRESENTATION_CONTEXT('2D SPACE',''
  ) );
#5607 = PCURVE('',#4997,#5608);
#5608 = DEFINITIONAL_REPRESENTATION('',(#5609),#5612);
#5609 = B_SPLINE_CURVE_WITH_KNOTS('',1,(#5610,#5611),.UNSPECIFIED.,.F.,
  .F.,(2,2),(1.570796326795,1.961780336617),.PIECEWISE_BEZIER_KNOTS.);
#5610 = CARTESIAN_POINT('',(4.712388980385,1.));
#5611 = CARTESIAN_POINT('',(4.321404964205,1.000000016483));
#5612 = ( GEOMETRIC_REPRESENTATION_CONTEXT(2) 
PARAMETRIC_REPRESENTATION_CONTEXT() REPRESENTATION_CONTEXT('2D SPACE',''
  ) );
#5613 = ORIENTED_EDGE('',*,*,#5614,.T.);
#5614 = EDGE_CURVE('',#5570,#5184,#5615,.T.);
#5615 = SURFACE_CURVE('',#5616,(#5621,#5650),.PCURVE_S1.);
#5616 = ELLIPSE('',#5617,4.728261896559,2.);
#5617 = AXIS2_PLACEMENT_3D('',#5618,#5619,#5620);
#5618 = CARTESIAN_POINT('',(18.449432469795,60.1,16.061964919745));
#5619 = DIRECTION('',(0.984878598603,0.,0.173245911967));
#5620 = DIRECTION('',(-0.173245911967,0.,0.984878598603));
#5621 = PCURVE('',#2754,#5622);
#5622 = DEFINITIONAL_REPRESENTATION('',(#5623),#5649);
#5623 = B_SPLINE_CURVE_WITH_KNOTS('',3,(#5624,#5625,#5626,#5627,#5628,
    #5629,#5630,#5631,#5632,#5633,#5634,#5635,#5636,#5637,#5638,#5639,
    #5640,#5641,#5642,#5643,#5644,#5645,#5646,#5647,#5648),
  .UNSPECIFIED.,.F.,.F.,(4,1,1,1,1,1,1,1,1,1,1,1,1,1,1,1,1,1,1,1,1,1,4),
  (1.961780339055,2.015408171534,2.069036004012,2.122663836491,
    2.17629166897,2.229919501449,2.283547333928,2.337175166407,
    2.390802998886,2.444430831365,2.498058663843,2.551686496322,
    2.605314328801,2.65894216128,2.712569993759,2.766197826238,
    2.819825658717,2.873453491195,2.927081323674,2.980709156153,
    3.034336988632,3.087964821111,3.14159265359),.QUASI_UNIFORM_KNOTS.);
#5624 = CARTESIAN_POINT('',(4.321404968125,-25.17566195108));
#5625 = CARTESIAN_POINT('',(4.303529023965,-25.24647194344));
#5626 = CARTESIAN_POINT('',(4.267777135646,-25.38652176903));
#5627 = CARTESIAN_POINT('',(4.214149303167,-25.59129915294));
#5628 = CARTESIAN_POINT('',(4.160521470688,-25.7901858021));
#5629 = CARTESIAN_POINT('',(4.106893638209,-25.98261109733));
#5630 = CARTESIAN_POINT('',(4.053265805731,-26.16802143703));
#5631 = CARTESIAN_POINT('',(3.999637973252,-26.34588380752));
#5632 = CARTESIAN_POINT('',(3.946010140773,-26.5156867854));
#5633 = CARTESIAN_POINT('',(3.892382308294,-26.67694215011));
#5634 = CARTESIAN_POINT('',(3.838754475815,-26.82918624964));
#5635 = CARTESIAN_POINT('',(3.785126643336,-26.97198134379));
#5636 = CARTESIAN_POINT('',(3.731498810857,-27.1049168601));
#5637 = CARTESIAN_POINT('',(3.677870978378,-27.22761057508));
#5638 = CARTESIAN_POINT('',(3.6242431459,-27.33970971289));
#5639 = CARTESIAN_POINT('',(3.570615313421,-27.4408919602));
#5640 = CARTESIAN_POINT('',(3.516987480942,-27.53086639117));
#5641 = CARTESIAN_POINT('',(3.463359648463,-27.60937431021));
#5642 = CARTESIAN_POINT('',(3.409731815984,-27.67618997265));
#5643 = CARTESIAN_POINT('',(3.356103983505,-27.73112132));
#5644 = CARTESIAN_POINT('',(3.302476151026,-27.77401021061));
#5645 = CARTESIAN_POINT('',(3.248848318548,-27.80473407441));
#5646 = CARTESIAN_POINT('',(3.195220486069,-27.8232017867));
#5647 = CARTESIAN_POINT('',(3.159468597749,-27.82731435868));
#5648 = CARTESIAN_POINT('',(3.14159265359,-27.82731141268));
#5649 = ( GEOMETRIC_REPRESENTATION_CONTEXT(2) 
PARAMETRIC_REPRESENTATION_CONTEXT() REPRESENTATION_CONTEXT('2D SPACE',''
  ) );
#5650 = PCURVE('',#5033,#5651);
#5651 = DEFINITIONAL_REPRESENTATION('',(#5652),#5655);
#5652 = B_SPLINE_CURVE_WITH_KNOTS('',1,(#5653,#5654),.UNSPECIFIED.,.F.,
  .F.,(2,2),(1.961780339055,3.14159265359),.PIECEWISE_BEZIER_KNOTS.);
#5653 = CARTESIAN_POINT('',(4.321404886419,1.000000091556));
#5654 = CARTESIAN_POINT('',(3.14159265359,1.));
#5655 = ( GEOMETRIC_REPRESENTATION_CONTEXT(2) 
PARAMETRIC_REPRESENTATION_CONTEXT() REPRESENTATION_CONTEXT('2D SPACE',''
  ) );
#5656 = ADVANCED_FACE('',(#5657),#2802,.T.);
#5657 = FACE_BOUND('',#5658,.T.);
#5658 = EDGE_LOOP('',(#5659,#5703,#5704,#5705));
#5659 = ORIENTED_EDGE('',*,*,#5660,.T.);
#5660 = EDGE_CURVE('',#5497,#2836,#5661,.T.);
#5661 = SURFACE_CURVE('',#5662,(#5667,#5696),.PCURVE_S1.);
#5662 = CIRCLE('',#5663,1.);
#5663 = AXIS2_PLACEMENT_3D('',#5664,#5665,#5666);
#5664 = CARTESIAN_POINT('',(20.552172322949,57.1,13.058941189766));
#5665 = DIRECTION('',(0.129283221584,0.,-0.991607709035));
#5666 = DIRECTION('',(-0.991607709035,0.,-0.129283221584));
#5667 = PCURVE('',#2802,#5668);
#5668 = DEFINITIONAL_REPRESENTATION('',(#5669),#5695);
#5669 = B_SPLINE_CURVE_WITH_KNOTS('',3,(#5670,#5671,#5672,#5673,#5674,
    #5675,#5676,#5677,#5678,#5679,#5680,#5681,#5682,#5683,#5684,#5685,
    #5686,#5687,#5688,#5689,#5690,#5691,#5692,#5693,#5694),
  .UNSPECIFIED.,.F.,.F.,(4,1,1,1,1,1,1,1,1,1,1,1,1,1,1,1,1,1,1,1,1,1,4),
  (1.570796326795,1.642196159831,1.713595992867,1.784995825903,
    1.856395658939,1.927795491976,1.999195325012,2.070595158048,
    2.141994991084,2.21339482412,2.284794657156,2.356194490192,
    2.427594323228,2.498994156265,2.570393989301,2.641793822337,
    2.713193655373,2.784593488409,2.855993321445,2.927393154481,
    2.998792987518,3.070192820554,3.14159265359),.QUASI_UNIFORM_KNOTS.);
#5670 = CARTESIAN_POINT('',(1.570796326795,1.));
#5671 = CARTESIAN_POINT('',(1.570796326795,0.983172198663));
#5672 = CARTESIAN_POINT('',(1.570796326795,0.950009297011));
#5673 = CARTESIAN_POINT('',(1.570796326795,0.901574474096));
#5674 = CARTESIAN_POINT('',(1.570796326795,0.854275086925));
#5675 = CARTESIAN_POINT('',(1.570796326795,0.807956362777));
#5676 = CARTESIAN_POINT('',(1.570796326795,0.762473275577));
#5677 = CARTESIAN_POINT('',(1.570796326795,0.717690577461));
#5678 = CARTESIAN_POINT('',(1.570796326795,0.673480563786));
#5679 = CARTESIAN_POINT('',(1.570796326795,0.629721689409));
#5680 = CARTESIAN_POINT('',(1.570796326795,0.586297147708));
#5681 = CARTESIAN_POINT('',(1.570796326795,0.543093605115));
#5682 = CARTESIAN_POINT('',(1.570796326795,0.5));
#5683 = CARTESIAN_POINT('',(1.570796326795,0.456906394885));
#5684 = CARTESIAN_POINT('',(1.570796326795,0.413702852292));
#5685 = CARTESIAN_POINT('',(1.570796326795,0.370278310591));
#5686 = CARTESIAN_POINT('',(1.570796326795,0.326519436214));
#5687 = CARTESIAN_POINT('',(1.570796326795,0.282309422539));
#5688 = CARTESIAN_POINT('',(1.570796326795,0.237526724423));
#5689 = CARTESIAN_POINT('',(1.570796326795,0.192043637223));
#5690 = CARTESIAN_POINT('',(1.570796326795,0.145724913075));
#5691 = CARTESIAN_POINT('',(1.570796326795,9.842552590406E-02));
#5692 = CARTESIAN_POINT('',(1.570796326795,4.999070298882E-02));
#5693 = CARTESIAN_POINT('',(1.570796326795,1.682780133707E-02));
#5694 = CARTESIAN_POINT('',(1.570796326795,2.492647974845E-14));
#5695 = ( GEOMETRIC_REPRESENTATION_CONTEXT(2) 
PARAMETRIC_REPRESENTATION_CONTEXT() REPRESENTATION_CONTEXT('2D SPACE',''
  ) );
#5696 = PCURVE('',#2874,#5697);
#5697 = DEFINITIONAL_REPRESENTATION('',(#5698),#5702);
#5698 = LINE('',#5699,#5700);
#5699 = CARTESIAN_POINT('',(3.14159265359,-42.2124508666));
#5700 = VECTOR('',#5701,1.);
#5701 = DIRECTION('',(-1.,0.));
#5702 = ( GEOMETRIC_REPRESENTATION_CONTEXT(2) 
PARAMETRIC_REPRESENTATION_CONTEXT() REPRESENTATION_CONTEXT('2D SPACE',''
  ) );
#5703 = ORIENTED_EDGE('',*,*,#2835,.T.);
#5704 = ORIENTED_EDGE('',*,*,#2788,.T.);
#5705 = ORIENTED_EDGE('',*,*,#5496,.T.);
#5706 = ADVANCED_FACE('',(#5707),#2874,.T.);
#5707 = FACE_BOUND('',#5708,.T.);
#5708 = EDGE_LOOP('',(#5709,#5738,#5739,#5740));
#5709 = ORIENTED_EDGE('',*,*,#5710,.T.);
#5710 = EDGE_CURVE('',#5711,#2859,#5713,.T.);
#5711 = VERTEX_POINT('',#5712);
#5712 = CARTESIAN_POINT('',(15.094810683948,58.1,54.917132886337));
#5713 = SURFACE_CURVE('',#5714,(#5719,#5726),.PCURVE_S1.);
#5714 = CIRCLE('',#5715,1.);
#5715 = AXIS2_PLACEMENT_3D('',#5716,#5717,#5718);
#5716 = CARTESIAN_POINT('',(15.094810683948,57.1,54.917132886337));
#5717 = DIRECTION('',(0.129283221584,0.,-0.991607709035));
#5718 = DIRECTION('',(-0.991607709035,0.,-0.129283221584));
#5719 = PCURVE('',#2874,#5720);
#5720 = DEFINITIONAL_REPRESENTATION('',(#5721),#5725);
#5721 = LINE('',#5722,#5723);
#5722 = CARTESIAN_POINT('',(3.14159265359,7.105427357601E-15));
#5723 = VECTOR('',#5724,1.);
#5724 = DIRECTION('',(-1.,-4.52345554697E-15));
#5725 = ( GEOMETRIC_REPRESENTATION_CONTEXT(2) 
PARAMETRIC_REPRESENTATION_CONTEXT() REPRESENTATION_CONTEXT('2D SPACE',''
  ) );
#5726 = PCURVE('',#5727,#5732);
#5727 = TOROIDAL_SURFACE('',#5728,4.,1.);
#5728 = AXIS2_PLACEMENT_3D('',#5729,#5730,#5731);
#5729 = CARTESIAN_POINT('',(11.12837984781,57.1,54.4));
#5730 = DIRECTION('',(0.,1.,0.));
#5731 = DIRECTION('',(0.,-0.,1.));
#5732 = DEFINITIONAL_REPRESENTATION('',(#5733),#5737);
#5733 = LINE('',#5734,#5735);
#5734 = CARTESIAN_POINT('',(1.441150225958,3.14159265359));
#5735 = VECTOR('',#5736,1.);
#5736 = DIRECTION('',(2.827159716856E-16,-1.));
#5737 = ( GEOMETRIC_REPRESENTATION_CONTEXT(2) 
PARAMETRIC_REPRESENTATION_CONTEXT() REPRESENTATION_CONTEXT('2D SPACE',''
  ) );
#5738 = ORIENTED_EDGE('',*,*,#2858,.F.);
#5739 = ORIENTED_EDGE('',*,*,#5660,.F.);
#5740 = ORIENTED_EDGE('',*,*,#5741,.T.);
#5741 = EDGE_CURVE('',#5497,#5711,#5742,.T.);
#5742 = SURFACE_CURVE('',#5743,(#5747,#5754),.PCURVE_S1.);
#5743 = LINE('',#5744,#5745);
#5744 = CARTESIAN_POINT('',(20.552172322949,58.1,13.058941189766));
#5745 = VECTOR('',#5746,1.);
#5746 = DIRECTION('',(-0.129283221584,0.,0.991607709035));
#5747 = PCURVE('',#2874,#5748);
#5748 = DEFINITIONAL_REPRESENTATION('',(#5749),#5753);
#5749 = LINE('',#5750,#5751);
#5750 = CARTESIAN_POINT('',(1.570796326795,-42.2124508666));
#5751 = VECTOR('',#5752,1.);
#5752 = DIRECTION('',(8.416269621556E-17,1.));
#5753 = ( GEOMETRIC_REPRESENTATION_CONTEXT(2) 
PARAMETRIC_REPRESENTATION_CONTEXT() REPRESENTATION_CONTEXT('2D SPACE',''
  ) );
#5754 = PCURVE('',#5557,#5755);
#5755 = DEFINITIONAL_REPRESENTATION('',(#5756),#5760);
#5756 = LINE('',#5757,#5758);
#5757 = CARTESIAN_POINT('',(-41.34105881023,9.423792475139));
#5758 = VECTOR('',#5759,1.);
#5759 = DIRECTION('',(0.991607709035,-0.129283221584));
#5760 = ( GEOMETRIC_REPRESENTATION_CONTEXT(2) 
PARAMETRIC_REPRESENTATION_CONTEXT() REPRESENTATION_CONTEXT('2D SPACE',''
  ) );
#5761 = ADVANCED_FACE('',(#5762),#2902,.T.);
#5762 = FACE_BOUND('',#5763,.T.);
#5763 = EDGE_LOOP('',(#5764,#5765,#5789,#5817));
#5764 = ORIENTED_EDGE('',*,*,#2886,.F.);
#5765 = ORIENTED_EDGE('',*,*,#5766,.F.);
#5766 = EDGE_CURVE('',#5767,#2859,#5769,.T.);
#5767 = VERTEX_POINT('',#5768);
#5768 = CARTESIAN_POINT('',(11.12837984781,57.1,59.4));
#5769 = SURFACE_CURVE('',#5770,(#5775,#5782),.PCURVE_S1.);
#5770 = CIRCLE('',#5771,5.);
#5771 = AXIS2_PLACEMENT_3D('',#5772,#5773,#5774);
#5772 = CARTESIAN_POINT('',(11.12837984781,57.1,54.4));
#5773 = DIRECTION('',(0.,1.,0.));
#5774 = DIRECTION('',(0.,-0.,1.));
#5775 = PCURVE('',#2902,#5776);
#5776 = DEFINITIONAL_REPRESENTATION('',(#5777),#5781);
#5777 = LINE('',#5778,#5779);
#5778 = CARTESIAN_POINT('',(3.14159265359,1.));
#5779 = VECTOR('',#5780,1.);
#5780 = DIRECTION('',(-1.,0.));
#5781 = ( GEOMETRIC_REPRESENTATION_CONTEXT(2) 
PARAMETRIC_REPRESENTATION_CONTEXT() REPRESENTATION_CONTEXT('2D SPACE',''
  ) );
#5782 = PCURVE('',#5727,#5783);
#5783 = DEFINITIONAL_REPRESENTATION('',(#5784),#5788);
#5784 = LINE('',#5785,#5786);
#5785 = CARTESIAN_POINT('',(0.,0.));
#5786 = VECTOR('',#5787,1.);
#5787 = DIRECTION('',(1.,0.));
#5788 = ( GEOMETRIC_REPRESENTATION_CONTEXT(2) 
PARAMETRIC_REPRESENTATION_CONTEXT() REPRESENTATION_CONTEXT('2D SPACE',''
  ) );
#5789 = ORIENTED_EDGE('',*,*,#5790,.T.);
#5790 = EDGE_CURVE('',#5767,#5791,#5793,.T.);
#5791 = VERTEX_POINT('',#5792);
#5792 = CARTESIAN_POINT('',(11.12837984781,39.1,59.4));
#5793 = SURFACE_CURVE('',#5794,(#5798,#5805),.PCURVE_S1.);
#5794 = LINE('',#5795,#5796);
#5795 = CARTESIAN_POINT('',(11.12837984781,57.1,59.4));
#5796 = VECTOR('',#5797,1.);
#5797 = DIRECTION('',(0.,-1.,0.));
#5798 = PCURVE('',#2902,#5799);
#5799 = DEFINITIONAL_REPRESENTATION('',(#5800),#5804);
#5800 = LINE('',#5801,#5802);
#5801 = CARTESIAN_POINT('',(3.14159265359,1.));
#5802 = VECTOR('',#5803,1.);
#5803 = DIRECTION('',(0.,1.));
#5804 = ( GEOMETRIC_REPRESENTATION_CONTEXT(2) 
PARAMETRIC_REPRESENTATION_CONTEXT() REPRESENTATION_CONTEXT('2D SPACE',''
  ) );
#5805 = PCURVE('',#5806,#5811);
#5806 = PLANE('',#5807);
#5807 = AXIS2_PLACEMENT_3D('',#5808,#5809,#5810);
#5808 = CARTESIAN_POINT('',(0.,58.1,59.4));
#5809 = DIRECTION('',(0.,0.,1.));
#5810 = DIRECTION('',(1.,0.,-0.));
#5811 = DEFINITIONAL_REPRESENTATION('',(#5812),#5816);
#5812 = LINE('',#5813,#5814);
#5813 = CARTESIAN_POINT('',(11.12837984781,-1.));
#5814 = VECTOR('',#5815,1.);
#5815 = DIRECTION('',(0.,-1.));
#5816 = ( GEOMETRIC_REPRESENTATION_CONTEXT(2) 
PARAMETRIC_REPRESENTATION_CONTEXT() REPRESENTATION_CONTEXT('2D SPACE',''
  ) );
#5817 = ORIENTED_EDGE('',*,*,#5818,.F.);
#5818 = EDGE_CURVE('',#2887,#5791,#5819,.T.);
#5819 = SURFACE_CURVE('',#5820,(#5825,#5832),.PCURVE_S1.);
#5820 = CIRCLE('',#5821,5.);
#5821 = AXIS2_PLACEMENT_3D('',#5822,#5823,#5824);
#5822 = CARTESIAN_POINT('',(11.12837984781,39.1,54.4));
#5823 = DIRECTION('',(0.,-1.,0.));
#5824 = DIRECTION('',(0.,0.,-1.));
#5825 = PCURVE('',#2902,#5826);
#5826 = DEFINITIONAL_REPRESENTATION('',(#5827),#5831);
#5827 = LINE('',#5828,#5829);
#5828 = CARTESIAN_POINT('',(4.440892098501E-16,19.));
#5829 = VECTOR('',#5830,1.);
#5830 = DIRECTION('',(1.,0.));
#5831 = ( GEOMETRIC_REPRESENTATION_CONTEXT(2) 
PARAMETRIC_REPRESENTATION_CONTEXT() REPRESENTATION_CONTEXT('2D SPACE',''
  ) );
#5832 = PCURVE('',#5833,#5838);
#5833 = TOROIDAL_SURFACE('',#5834,4.,1.);
#5834 = AXIS2_PLACEMENT_3D('',#5835,#5836,#5837);
#5835 = CARTESIAN_POINT('',(11.12837984781,39.1,54.4));
#5836 = DIRECTION('',(0.,-1.,0.));
#5837 = DIRECTION('',(0.,0.,-1.));
#5838 = DEFINITIONAL_REPRESENTATION('',(#5839),#5843);
#5839 = LINE('',#5840,#5841);
#5840 = CARTESIAN_POINT('',(4.440892098501E-16,0.));
#5841 = VECTOR('',#5842,1.);
#5842 = DIRECTION('',(1.,0.));
#5843 = ( GEOMETRIC_REPRESENTATION_CONTEXT(2) 
PARAMETRIC_REPRESENTATION_CONTEXT() REPRESENTATION_CONTEXT('2D SPACE',''
  ) );
#5844 = ADVANCED_FACE('',(#5845),#2928,.T.);
#5845 = FACE_BOUND('',#5846,.T.);
#5846 = EDGE_LOOP('',(#5847,#5871,#5892,#5893));
#5847 = ORIENTED_EDGE('',*,*,#5848,.T.);
#5848 = EDGE_CURVE('',#2887,#5849,#5851,.T.);
#5849 = VERTEX_POINT('',#5850);
#5850 = CARTESIAN_POINT('',(15.094810683948,38.1,54.917132886337));
#5851 = SURFACE_CURVE('',#5852,(#5857,#5864),.PCURVE_S1.);
#5852 = CIRCLE('',#5853,1.);
#5853 = AXIS2_PLACEMENT_3D('',#5854,#5855,#5856);
#5854 = CARTESIAN_POINT('',(15.094810683948,39.1,54.917132886337));
#5855 = DIRECTION('',(0.129283221584,0.,-0.991607709035));
#5856 = DIRECTION('',(-0.991607709035,0.,-0.129283221584));
#5857 = PCURVE('',#2928,#5858);
#5858 = DEFINITIONAL_REPRESENTATION('',(#5859),#5863);
#5859 = LINE('',#5860,#5861);
#5860 = CARTESIAN_POINT('',(9.424777960769,52.504746573743));
#5861 = VECTOR('',#5862,1.);
#5862 = DIRECTION('',(-1.,4.52345554697E-15));
#5863 = ( GEOMETRIC_REPRESENTATION_CONTEXT(2) 
PARAMETRIC_REPRESENTATION_CONTEXT() REPRESENTATION_CONTEXT('2D SPACE',''
  ) );
#5864 = PCURVE('',#5833,#5865);
#5865 = DEFINITIONAL_REPRESENTATION('',(#5866),#5870);
#5866 = LINE('',#5867,#5868);
#5867 = CARTESIAN_POINT('',(1.700442427631,-3.14159265359));
#5868 = VECTOR('',#5869,1.);
#5869 = DIRECTION('',(2.827159716856E-16,1.));
#5870 = ( GEOMETRIC_REPRESENTATION_CONTEXT(2) 
PARAMETRIC_REPRESENTATION_CONTEXT() REPRESENTATION_CONTEXT('2D SPACE',''
  ) );
#5871 = ORIENTED_EDGE('',*,*,#5872,.F.);
#5872 = EDGE_CURVE('',#3464,#5849,#5873,.T.);
#5873 = SURFACE_CURVE('',#5874,(#5878,#5885),.PCURVE_S1.);
#5874 = LINE('',#5875,#5876);
#5875 = CARTESIAN_POINT('',(21.35,38.1,6.939569585701));
#5876 = VECTOR('',#5877,1.);
#5877 = DIRECTION('',(-0.129283221584,0.,0.991607709035));
#5878 = PCURVE('',#2928,#5879);
#5879 = DEFINITIONAL_REPRESENTATION('',(#5880),#5884);
#5880 = LINE('',#5881,#5882);
#5881 = CARTESIAN_POINT('',(4.712388980385,4.121133917739));
#5882 = VECTOR('',#5883,1.);
#5883 = DIRECTION('',(7.342803655567E-17,1.));
#5884 = ( GEOMETRIC_REPRESENTATION_CONTEXT(2) 
PARAMETRIC_REPRESENTATION_CONTEXT() REPRESENTATION_CONTEXT('2D SPACE',''
  ) );
#5885 = PCURVE('',#3545,#5886);
#5886 = DEFINITIONAL_REPRESENTATION('',(#5887),#5891);
#5887 = LINE('',#5888,#5889);
#5888 = CARTESIAN_POINT('',(-6.939569585701,21.35));
#5889 = VECTOR('',#5890,1.);
#5890 = DIRECTION('',(-0.991607709035,-0.129283221584));
#5891 = ( GEOMETRIC_REPRESENTATION_CONTEXT(2) 
PARAMETRIC_REPRESENTATION_CONTEXT() REPRESENTATION_CONTEXT('2D SPACE',''
  ) );
#5892 = ORIENTED_EDGE('',*,*,#3463,.F.);
#5893 = ORIENTED_EDGE('',*,*,#2914,.T.);
#5894 = ADVANCED_FACE('',(#5895),#2965,.T.);
#5895 = FACE_BOUND('',#5896,.T.);
#5896 = EDGE_LOOP('',(#5897,#5898,#5921,#5972));
#5897 = ORIENTED_EDGE('',*,*,#2942,.F.);
#5898 = ORIENTED_EDGE('',*,*,#5899,.T.);
#5899 = EDGE_CURVE('',#2943,#5900,#5902,.T.);
#5900 = VERTEX_POINT('',#5901);
#5901 = CARTESIAN_POINT('',(23.040990070332,53.685153158465,
    25.519952990771));
#5902 = SURFACE_CURVE('',#5903,(#5907,#5914),.PCURVE_S1.);
#5903 = LINE('',#5904,#5905);
#5904 = CARTESIAN_POINT('',(23.933437008463,53.685153158465,
    25.636307890197));
#5905 = VECTOR('',#5906,1.);
#5906 = DIRECTION('',(0.991607709035,-1.179170435209E-15,0.129283221584)
  );
#5907 = PCURVE('',#2965,#5908);
#5908 = DEFINITIONAL_REPRESENTATION('',(#5909),#5913);
#5909 = LINE('',#5910,#5911);
#5910 = CARTESIAN_POINT('',(5.497787143782,-8.792966355031E-14));
#5911 = VECTOR('',#5912,1.);
#5912 = DIRECTION('',(-2.019288420655E-15,-1.));
#5913 = ( GEOMETRIC_REPRESENTATION_CONTEXT(2) 
PARAMETRIC_REPRESENTATION_CONTEXT() REPRESENTATION_CONTEXT('2D SPACE',''
  ) );
#5914 = PCURVE('',#3176,#5915);
#5915 = DEFINITIONAL_REPRESENTATION('',(#5916),#5920);
#5916 = LINE('',#5917,#5918);
#5917 = CARTESIAN_POINT('',(-0.8,3.406809762936E-14));
#5918 = VECTOR('',#5919,1.);
#5919 = DIRECTION('',(1.124480843676E-18,1.));
#5920 = ( GEOMETRIC_REPRESENTATION_CONTEXT(2) 
PARAMETRIC_REPRESENTATION_CONTEXT() REPRESENTATION_CONTEXT('2D SPACE',''
  ) );
#5921 = ORIENTED_EDGE('',*,*,#5922,.F.);
#5922 = EDGE_CURVE('',#5923,#5900,#5925,.T.);
#5923 = VERTEX_POINT('',#5924);
#5924 = CARTESIAN_POINT('',(23.144857955643,54.481725032759,
    24.723281972418));
#5925 = SURFACE_CURVE('',#5926,(#5931,#5938),.PCURVE_S1.);
#5926 = CIRCLE('',#5927,0.8);
#5927 = AXIS2_PLACEMENT_3D('',#5928,#5929,#5930);
#5928 = CARTESIAN_POINT('',(23.144415702054,53.681732346514,
    24.726674075919));
#5929 = DIRECTION('',(0.991607709035,-1.193700241239E-15,0.129283221584)
  );
#5930 = DIRECTION('',(-9.102530628351E-02,0.710123915838,0.698167900845)
  );
#5931 = PCURVE('',#2965,#5932);
#5932 = DEFINITIONAL_REPRESENTATION('',(#5933),#5937);
#5933 = LINE('',#5934,#5935);
#5934 = CARTESIAN_POINT('',(12.566370614359,0.9));
#5935 = VECTOR('',#5936,1.);
#5936 = DIRECTION('',(-1.,-2.261727773485E-15));
#5937 = ( GEOMETRIC_REPRESENTATION_CONTEXT(2) 
PARAMETRIC_REPRESENTATION_CONTEXT() REPRESENTATION_CONTEXT('2D SPACE',''
  ) );
#5938 = PCURVE('',#5939,#5944);
#5939 = SPHERICAL_SURFACE('',#5940,0.8);
#5940 = AXIS2_PLACEMENT_3D('',#5941,#5942,#5943);
#5941 = CARTESIAN_POINT('',(23.144415702054,53.681732346514,
    24.726674075919));
#5942 = DIRECTION('',(0.862197789134,-0.409990233967,-0.297528117098));
#5943 = DIRECTION('',(0.498183126383,0.579813749317,0.644693406737));
#5944 = DEFINITIONAL_REPRESENTATION('',(#5945),#5971);
#5945 = B_SPLINE_CURVE_WITH_KNOTS('',3,(#5946,#5947,#5948,#5949,#5950,
    #5951,#5952,#5953,#5954,#5955,#5956,#5957,#5958,#5959,#5960,#5961,
    #5962,#5963,#5964,#5965,#5966,#5967,#5968,#5969,#5970),
  .UNSPECIFIED.,.F.,.F.,(4,1,1,1,1,1,1,1,1,1,1,1,1,1,1,1,1,1,1,1,1,1,4),
  (5.497787143782,5.569186976818,5.640586809854,5.711986642891,
    5.783386475927,5.854786308963,5.926186141999,5.997585975035,
    6.068985808071,6.140385641107,6.211785474144,6.28318530718,
    6.354585140216,6.425984973252,6.497384806288,6.568784639324,
    6.64018447236,6.711584305396,6.782984138433,6.854383971469,
    6.925783804505,6.997183637541,7.068583470577),
  .QUASI_UNIFORM_KNOTS.);
#5946 = CARTESIAN_POINT('',(-0.886077123793,-0.420534335284));
#5947 = CARTESIAN_POINT('',(-0.862761489391,-0.431177612946));
#5948 = CARTESIAN_POINT('',(-0.815451353994,-0.451857720497));
#5949 = CARTESIAN_POINT('',(-0.742397299073,-0.480841619708));
#5950 = CARTESIAN_POINT('',(-0.667183779189,-0.507573396942));
#5951 = CARTESIAN_POINT('',(-0.589804445008,-0.531833486067));
#5952 = CARTESIAN_POINT('',(-0.510306420952,-0.553405144352));
#5953 = CARTESIAN_POINT('',(-0.428803178641,-0.572079393981));
#5954 = CARTESIAN_POINT('',(-0.345478129824,-0.587661669371));
#5955 = CARTESIAN_POINT('',(-0.260586064886,-0.599978915752));
#5956 = CARTESIAN_POINT('',(-0.174449006799,-0.608886874916));
#5957 = CARTESIAN_POINT('',(-8.74464513281E-02,-0.614276835086));
#5958 = CARTESIAN_POINT('',(5.861977570021E-14,-0.616081145463));
#5959 = CARTESIAN_POINT('',(8.744645132822E-02,-0.614276835086));
#5960 = CARTESIAN_POINT('',(0.174449006799,-0.608886874916));
#5961 = CARTESIAN_POINT('',(0.260586064886,-0.599978915752));
#5962 = CARTESIAN_POINT('',(0.345478129824,-0.587661669371));
#5963 = CARTESIAN_POINT('',(0.428803178641,-0.572079393981));
#5964 = CARTESIAN_POINT('',(0.510306420952,-0.553405144352));
#5965 = CARTESIAN_POINT('',(0.589804445008,-0.531833486067));
#5966 = CARTESIAN_POINT('',(0.667183779189,-0.507573396942));
#5967 = CARTESIAN_POINT('',(0.742397299073,-0.480841619708));
#5968 = CARTESIAN_POINT('',(0.815451353994,-0.451857720497));
#5969 = CARTESIAN_POINT('',(0.862761489391,-0.431177612946));
#5970 = CARTESIAN_POINT('',(0.886077123793,-0.420534335284));
#5971 = ( GEOMETRIC_REPRESENTATION_CONTEXT(2) 
PARAMETRIC_REPRESENTATION_CONTEXT() REPRESENTATION_CONTEXT('2D SPACE',''
  ) );
#5972 = ORIENTED_EDGE('',*,*,#5973,.T.);
#5973 = EDGE_CURVE('',#5923,#2945,#5974,.T.);
#5974 = SURFACE_CURVE('',#5975,(#5979,#5986),.PCURVE_S1.);
#5975 = LINE('',#5976,#5977);
#5976 = CARTESIAN_POINT('',(24.037304893774,54.481725032759,
    24.839636871844));
#5977 = VECTOR('',#5978,1.);
#5978 = DIRECTION('',(-0.991607709035,1.179170435209E-15,-0.129283221584
    ));
#5979 = PCURVE('',#2965,#5980);
#5980 = DEFINITIONAL_REPRESENTATION('',(#5981),#5985);
#5981 = LINE('',#5982,#5983);
#5982 = CARTESIAN_POINT('',(7.068583470577,-6.42819131258E-14));
#5983 = VECTOR('',#5984,1.);
#5984 = DIRECTION('',(0.,1.));
#5985 = ( GEOMETRIC_REPRESENTATION_CONTEXT(2) 
PARAMETRIC_REPRESENTATION_CONTEXT() REPRESENTATION_CONTEXT('2D SPACE',''
  ) );
#5986 = PCURVE('',#2993,#5987);
#5987 = DEFINITIONAL_REPRESENTATION('',(#5988),#5992);
#5988 = LINE('',#5989,#5990);
#5989 = CARTESIAN_POINT('',(-5.205741875671,5.580563924406E-14));
#5990 = VECTOR('',#5991,1.);
#5991 = DIRECTION('',(-1.463662885012E-16,-1.));
#5992 = ( GEOMETRIC_REPRESENTATION_CONTEXT(2) 
PARAMETRIC_REPRESENTATION_CONTEXT() REPRESENTATION_CONTEXT('2D SPACE',''
  ) );
#5993 = ADVANCED_FACE('',(#5994),#2993,.F.);
#5994 = FACE_BOUND('',#5995,.T.);
#5995 = EDGE_LOOP('',(#5996,#5997,#5998,#6026,#6054));
#5996 = ORIENTED_EDGE('',*,*,#2977,.F.);
#5997 = ORIENTED_EDGE('',*,*,#5973,.F.);
#5998 = ORIENTED_EDGE('',*,*,#5999,.F.);
#5999 = EDGE_CURVE('',#6000,#5923,#6002,.T.);
#6000 = VERTEX_POINT('',#6001);
#6001 = CARTESIAN_POINT('',(23.53951026351,54.468671872644,
    21.696282288521));
#6002 = SURFACE_CURVE('',#6003,(#6007,#6014),.PCURVE_S1.);
#6003 = LINE('',#6004,#6005);
#6004 = CARTESIAN_POINT('',(24.206100269246,54.446624349033,
    16.58350910455));
#6005 = VECTOR('',#6006,1.);
#6006 = DIRECTION('',(-0.129282039652,4.276014937617E-03,0.991598643565)
  );
#6007 = PCURVE('',#2993,#6008);
#6008 = DEFINITIONAL_REPRESENTATION('',(#6009),#6013);
#6009 = LINE('',#6010,#6011);
#6010 = CARTESIAN_POINT('',(3.002995520949,-0.9));
#6011 = VECTOR('',#6012,1.);
#6012 = DIRECTION('',(-1.,1.87680582897E-17));
#6013 = ( GEOMETRIC_REPRESENTATION_CONTEXT(2) 
PARAMETRIC_REPRESENTATION_CONTEXT() REPRESENTATION_CONTEXT('2D SPACE',''
  ) );
#6014 = PCURVE('',#6015,#6020);
#6015 = CYLINDRICAL_SURFACE('',#6016,0.8);
#6016 = AXIS2_PLACEMENT_3D('',#6017,#6018,#6019);
#6017 = CARTESIAN_POINT('',(24.205658015656,53.646631662787,
    16.586901208051));
#6018 = DIRECTION('',(-0.129282039652,4.276014937617E-03,0.991598643565)
  );
#6019 = DIRECTION('',(0.701563435975,0.707100316679,8.841881844091E-02)
  );
#6020 = DEFINITIONAL_REPRESENTATION('',(#6021),#6025);
#6021 = LINE('',#6022,#6023);
#6022 = CARTESIAN_POINT('',(0.785398163397,-2.57571741713E-14));
#6023 = VECTOR('',#6024,1.);
#6024 = DIRECTION('',(2.03667534104E-15,1.));
#6025 = ( GEOMETRIC_REPRESENTATION_CONTEXT(2) 
PARAMETRIC_REPRESENTATION_CONTEXT() REPRESENTATION_CONTEXT('2D SPACE',''
  ) );
#6026 = ORIENTED_EDGE('',*,*,#6027,.F.);
#6027 = EDGE_CURVE('',#6028,#6000,#6030,.T.);
#6028 = VERTEX_POINT('',#6029);
#6029 = CARTESIAN_POINT('',(22.52757913872,54.472437867572,
    22.452520482967));
#6030 = SURFACE_CURVE('',#6031,(#6035,#6042),.PCURVE_S1.);
#6031 = LINE('',#6032,#6033);
#6032 = CARTESIAN_POINT('',(24.624783767629,54.464632927293,
    20.885233734791));
#6033 = VECTOR('',#6034,1.);
#6034 = DIRECTION('',(0.801025011706,-2.981088393792E-03,-0.598623457386
    ));
#6035 = PCURVE('',#2993,#6036);
#6036 = DEFINITIONAL_REPRESENTATION('',(#6037),#6041);
#6037 = LINE('',#6038,#6039);
#6038 = CARTESIAN_POINT('',(-1.208537535698,7.131060320865E-02));
#6039 = VECTOR('',#6040,1.);
#6040 = DIRECTION('',(0.697165102855,0.71691060765));
#6041 = ( GEOMETRIC_REPRESENTATION_CONTEXT(2) 
PARAMETRIC_REPRESENTATION_CONTEXT() REPRESENTATION_CONTEXT('2D SPACE',''
  ) );
#6042 = PCURVE('',#6043,#6048);
#6043 = CYLINDRICAL_SURFACE('',#6044,1.2);
#6044 = AXIS2_PLACEMENT_3D('',#6045,#6046,#6047);
#6045 = CARTESIAN_POINT('',(24.624120387245,53.264643897925,
    20.890321890042));
#6046 = DIRECTION('',(0.801025011706,-2.981088393792E-03,-0.598623457386
    ));
#6047 = DIRECTION('',(-0.422904873621,0.704932666369,-0.56940442899));
#6048 = DEFINITIONAL_REPRESENTATION('',(#6049),#6053);
#6049 = LINE('',#6050,#6051);
#6050 = CARTESIAN_POINT('',(7.068583470577,-1.86517468137E-14));
#6051 = VECTOR('',#6052,1.);
#6052 = DIRECTION('',(-1.406129550932E-15,1.));
#6053 = ( GEOMETRIC_REPRESENTATION_CONTEXT(2) 
PARAMETRIC_REPRESENTATION_CONTEXT() REPRESENTATION_CONTEXT('2D SPACE',''
  ) );
#6054 = ORIENTED_EDGE('',*,*,#6055,.F.);
#6055 = EDGE_CURVE('',#2978,#6028,#6056,.T.);
#6056 = SURFACE_CURVE('',#6057,(#6062,#6073),.PCURVE_S1.);
#6057 = CIRCLE('',#6058,2.);
#6058 = AXIS2_PLACEMENT_3D('',#6059,#6060,#6061);
#6059 = CARTESIAN_POINT('',(21.330317889009,54.466306826638,
    20.850481809814));
#6060 = DIRECTION('',(5.528169866786E-04,0.999990857806,
    -4.240129376088E-03));
#6061 = DIRECTION('',(0.25328336846,3.961850265738E-03,0.967384018373));
#6062 = PCURVE('',#2993,#6063);
#6063 = DEFINITIONAL_REPRESENTATION('',(#6064),#6072);
#6064 = ( BOUNDED_CURVE() B_SPLINE_CURVE(2,(#6065,#6066,#6067,#6068,
#6069,#6070,#6071),.UNSPECIFIED.,.T.,.F.) B_SPLINE_CURVE_WITH_KNOTS((1,2
    ,2,2,2,1),(-2.094395102393,0.,2.094395102393,4.188790204786,
6.28318530718,8.377580409573),.UNSPECIFIED.) CURVE() 
GEOMETRIC_REPRESENTATION_ITEM() RATIONAL_B_SPLINE_CURVE((1.,0.5,1.,0.5,
1.,0.5,1.)) REPRESENTATION_ITEM('') );
#6065 = CARTESIAN_POINT('',(-3.453057261744,-2.447551473721));
#6066 = CARTESIAN_POINT('',(-2.149778184149,0.762037852953));
#6067 = CARTESIAN_POINT('',(-2.183183033057E-02,-1.971429599802));
#6068 = CARTESIAN_POINT('',(2.106114523487,-4.704897052557));
#6069 = CARTESIAN_POINT('',(-1.325110907926,-5.181018926477));
#6070 = CARTESIAN_POINT('',(-4.756336339339,-5.657140800396));
#6071 = CARTESIAN_POINT('',(-3.453057261744,-2.447551473721));
#6072 = ( GEOMETRIC_REPRESENTATION_CONTEXT(2) 
PARAMETRIC_REPRESENTATION_CONTEXT() REPRESENTATION_CONTEXT('2D SPACE',''
  ) );
#6073 = PCURVE('',#3039,#6074);
#6074 = DEFINITIONAL_REPRESENTATION('',(#6075),#6079);
#6075 = LINE('',#6076,#6077);
#6076 = CARTESIAN_POINT('',(-4.326671215694,1.570796326795));
#6077 = VECTOR('',#6078,1.);
#6078 = DIRECTION('',(1.,1.364694452889E-14));
#6079 = ( GEOMETRIC_REPRESENTATION_CONTEXT(2) 
PARAMETRIC_REPRESENTATION_CONTEXT() REPRESENTATION_CONTEXT('2D SPACE',''
  ) );
#6080 = ADVANCED_FACE('',(#6081),#3039,.T.);
#6081 = FACE_BOUND('',#6082,.T.);
#6082 = EDGE_LOOP('',(#6083,#6084,#6085,#6109));
#6083 = ORIENTED_EDGE('',*,*,#3005,.F.);
#6084 = ORIENTED_EDGE('',*,*,#6055,.T.);
#6085 = ORIENTED_EDGE('',*,*,#6086,.T.);
#6086 = EDGE_CURVE('',#6028,#6087,#6089,.T.);
#6087 = VERTEX_POINT('',#6088);
#6088 = CARTESIAN_POINT('',(21.808559008509,53.268770213644,
    21.496385434327));
#6089 = SURFACE_CURVE('',#6090,(#6095,#6102),.PCURVE_S1.);
#6090 = CIRCLE('',#6091,1.2);
#6091 = AXIS2_PLACEMENT_3D('',#6092,#6093,#6094);
#6092 = CARTESIAN_POINT('',(22.526915758336,53.272448838205,
    22.457608638219));
#6093 = DIRECTION('',(-0.801025011706,2.981088393792E-03,0.598623457386)
  );
#6094 = DIRECTION('',(5.528169866786E-04,0.999990857806,
    -4.240129376088E-03));
#6095 = PCURVE('',#3039,#6096);
#6096 = DEFINITIONAL_REPRESENTATION('',(#6097),#6101);
#6097 = LINE('',#6098,#6099);
#6098 = CARTESIAN_POINT('',(2.342231856176,1.570796326795));
#6099 = VECTOR('',#6100,1.);
#6100 = DIRECTION('',(-1.413579858428E-15,1.));
#6101 = ( GEOMETRIC_REPRESENTATION_CONTEXT(2) 
PARAMETRIC_REPRESENTATION_CONTEXT() REPRESENTATION_CONTEXT('2D SPACE',''
  ) );
#6102 = PCURVE('',#6043,#6103);
#6103 = DEFINITIONAL_REPRESENTATION('',(#6104),#6108);
#6104 = LINE('',#6105,#6106);
#6105 = CARTESIAN_POINT('',(7.068583470577,-2.618151241549));
#6106 = VECTOR('',#6107,1.);
#6107 = DIRECTION('',(-1.,-5.088887490342E-15));
#6108 = ( GEOMETRIC_REPRESENTATION_CONTEXT(2) 
PARAMETRIC_REPRESENTATION_CONTEXT() REPRESENTATION_CONTEXT('2D SPACE',''
  ) );
#6109 = ORIENTED_EDGE('',*,*,#6110,.T.);
#6110 = EDGE_CURVE('',#6087,#3006,#6111,.T.);
#6111 = SURFACE_CURVE('',#6112,(#6117,#6124),.PCURVE_S1.);
#6112 = CIRCLE('',#6113,0.8);
#6113 = AXIS2_PLACEMENT_3D('',#6114,#6115,#6116);
#6114 = CARTESIAN_POINT('',(21.329654508625,53.26631779727,
    20.855569965065));
#6115 = DIRECTION('',(-5.528169866786E-04,-0.999990857806,
    4.240129376088E-03));
#6116 = DIRECTION('',(0.25328336846,3.961850265738E-03,0.967384018373));
#6117 = PCURVE('',#3039,#6118);
#6118 = DEFINITIONAL_REPRESENTATION('',(#6119),#6123);
#6119 = LINE('',#6120,#6121);
#6120 = CARTESIAN_POINT('',(8.239699398665,3.14159265359));
#6121 = VECTOR('',#6122,1.);
#6122 = DIRECTION('',(-1.,0.));
#6123 = ( GEOMETRIC_REPRESENTATION_CONTEXT(2) 
PARAMETRIC_REPRESENTATION_CONTEXT() REPRESENTATION_CONTEXT('2D SPACE',''
  ) );
#6124 = PCURVE('',#3089,#6125);
#6125 = DEFINITIONAL_REPRESENTATION('',(#6126),#6130);
#6126 = LINE('',#6127,#6128);
#6127 = CARTESIAN_POINT('',(-6.953576612963,5.864761515876));
#6128 = VECTOR('',#6129,1.);
#6129 = DIRECTION('',(1.,3.363964743911E-15));
#6130 = ( GEOMETRIC_REPRESENTATION_CONTEXT(2) 
PARAMETRIC_REPRESENTATION_CONTEXT() REPRESENTATION_CONTEXT('2D SPACE',''
  ) );
#6131 = ADVANCED_FACE('',(#6132),#3089,.F.);
#6132 = FACE_BOUND('',#6133,.F.);
#6133 = EDGE_LOOP('',(#6134,#6158,#6254,#6283,#6309,#6310));
#6134 = ORIENTED_EDGE('',*,*,#6135,.T.);
#6135 = EDGE_CURVE('',#3074,#6136,#6138,.T.);
#6136 = VERTEX_POINT('',#6137);
#6137 = CARTESIAN_POINT('',(20.556084200053,43.967770519438,
    21.117522451443));
#6138 = SURFACE_CURVE('',#6139,(#6144,#6151),.PCURVE_S1.);
#6139 = CIRCLE('',#6140,0.8);
#6140 = AXIS2_PLACEMENT_3D('',#6141,#6142,#6143);
#6141 = CARTESIAN_POINT('',(21.324513310649,43.966402819671,
    20.895003168263));
#6142 = DIRECTION('',(5.528169866787E-04,0.999990857806,
    -4.240129376088E-03));
#6143 = DIRECTION('',(0.129282039652,-4.276014937618E-03,-0.991598643565
    ));
#6144 = PCURVE('',#3089,#6145);
#6145 = DEFINITIONAL_REPRESENTATION('',(#6146),#6150);
#6146 = LINE('',#6147,#6148);
#6147 = CARTESIAN_POINT('',(2.856919112497,15.164761515876));
#6148 = VECTOR('',#6149,1.);
#6149 = DIRECTION('',(-1.,0.));
#6150 = ( GEOMETRIC_REPRESENTATION_CONTEXT(2) 
PARAMETRIC_REPRESENTATION_CONTEXT() REPRESENTATION_CONTEXT('2D SPACE',''
  ) );
#6151 = PCURVE('',#3117,#6152);
#6152 = DEFINITIONAL_REPRESENTATION('',(#6153),#6157);
#6153 = CIRCLE('',#6154,0.8);
#6154 = AXIS2_PLACEMENT_2D('',#6155,#6156);
#6155 = CARTESIAN_POINT('',(-4.405741875671,-3.2));
#6156 = DIRECTION('',(-1.,-1.87680582897E-17));
#6157 = ( GEOMETRIC_REPRESENTATION_CONTEXT(2) 
PARAMETRIC_REPRESENTATION_CONTEXT() REPRESENTATION_CONTEXT('2D SPACE',''
  ) );
#6158 = ORIENTED_EDGE('',*,*,#6159,.T.);
#6159 = EDGE_CURVE('',#6136,#6160,#6162,.T.);
#6160 = VERTEX_POINT('',#6161);
#6161 = CARTESIAN_POINT('',(21.221751059311,45.169812660989,
    21.683193927864));
#6162 = SURFACE_CURVE('',#6163,(#6168,#6197),.PCURVE_S1.);
#6163 = ELLIPSE('',#6164,2.154065922854,0.8);
#6164 = AXIS2_PLACEMENT_3D('',#6165,#6166,#6167);
#6165 = CARTESIAN_POINT('',(21.324071057059,43.166410133426,
    20.898395271764));
#6166 = DIRECTION('',(0.120240671442,0.367417100829,-0.92225097178));
#6167 = DIRECTION('',(-4.750086646033E-02,0.930056274651,0.364333629613)
  );
#6168 = PCURVE('',#3089,#6169);
#6169 = DEFINITIONAL_REPRESENTATION('',(#6170),#6196);
#6170 = B_SPLINE_CURVE_WITH_KNOTS('',3,(#6171,#6172,#6173,#6174,#6175,
    #6176,#6177,#6178,#6179,#6180,#6181,#6182,#6183,#6184,#6185,#6186,
    #6187,#6188,#6189,#6190,#6191,#6192,#6193,#6194,#6195),
  .UNSPECIFIED.,.F.,.F.,(4,1,1,1,1,1,1,1,1,1,1,1,1,1,1,1,1,1,1,1,1,1,4),
  (5.123905486058,5.176600023382,5.229294560706,5.281989098029,
    5.334683635353,5.387378172677,5.44007271,5.492767247324,
    5.545461784648,5.598156321972,5.650850859295,5.703545396619,
    5.756239933943,5.808934471266,5.86162900859,5.914323545914,
    5.967018083237,6.019712620561,6.072407157885,6.125101695208,
    6.177796232532,6.230490769856,6.28318530718),.QUASI_UNIFORM_KNOTS.);
#6171 = CARTESIAN_POINT('',(0.874606280028,15.164762139829));
#6172 = CARTESIAN_POINT('',(0.857041434254,15.132564653693));
#6173 = CARTESIAN_POINT('',(0.821911742705,15.068912348301));
#6174 = CARTESIAN_POINT('',(0.769217205381,14.975919193573));
#6175 = CARTESIAN_POINT('',(0.716522668057,14.885671575113));
#6176 = CARTESIAN_POINT('',(0.663828130734,14.798419470198));
#6177 = CARTESIAN_POINT('',(0.61113359341,14.714405246074));
#6178 = CARTESIAN_POINT('',(0.558439056086,14.633862092301));
#6179 = CARTESIAN_POINT('',(0.505744518763,14.557013613164));
#6180 = CARTESIAN_POINT('',(0.453049981439,14.484073142691));
#6181 = CARTESIAN_POINT('',(0.400355444115,14.415243169634));
#6182 = CARTESIAN_POINT('',(0.347660906792,14.350714770736));
#6183 = CARTESIAN_POINT('',(0.294966369468,14.290667081523));
#6184 = CARTESIAN_POINT('',(0.242271832144,14.235266798669));
#6185 = CARTESIAN_POINT('',(0.18957729482,14.184667717373));
#6186 = CARTESIAN_POINT('',(0.136882757497,14.139010304198));
#6187 = CARTESIAN_POINT('',(8.418822017306E-02,14.09842130785));
#6188 = CARTESIAN_POINT('',(3.149368284937E-02,14.063013404624));
#6189 = CARTESIAN_POINT('',(-2.120085447434E-02,14.03288489565));
#6190 = CARTESIAN_POINT('',(-7.389539179802E-02,14.00811939651));
#6191 = CARTESIAN_POINT('',(-0.126589929122,13.988785745051));
#6192 = CARTESIAN_POINT('',(-0.179284466445,13.974937288032));
#6193 = CARTESIAN_POINT('',(-0.231979003769,13.966613682102));
#6194 = CARTESIAN_POINT('',(-0.267108695318,13.964760233824));
#6195 = CARTESIAN_POINT('',(-0.284673541093,13.964761515876));
#6196 = ( GEOMETRIC_REPRESENTATION_CONTEXT(2) 
PARAMETRIC_REPRESENTATION_CONTEXT() REPRESENTATION_CONTEXT('2D SPACE',''
  ) );
#6197 = PCURVE('',#6198,#6249);
#6198 = ( BOUNDED_SURFACE() B_SPLINE_SURFACE(3,2,(
    (#6199,#6200,#6201,#6202,#6203)
    ,(#6204,#6205,#6206,#6207,#6208)
    ,(#6209,#6210,#6211,#6212,#6213)
    ,(#6214,#6215,#6216,#6217,#6218)
    ,(#6219,#6220,#6221,#6222,#6223)
    ,(#6224,#6225,#6226,#6227,#6228)
    ,(#6229,#6230,#6231,#6232,#6233)
    ,(#6234,#6235,#6236,#6237,#6238)
    ,(#6239,#6240,#6241,#6242,#6243)
    ,(#6244,#6245,#6246,#6247,#6248
)),.UNSPECIFIED.,.F.,.F.,.F.) B_SPLINE_SURFACE_WITH_KNOTS((4,1,1,1,1,1,1
    ,4),(3,2,3),(6.28318530718,6.479534848029,6.675884388878,
    6.872233929728,7.068583470577,7.264933011426,7.461282552276,
    7.853981633974),(-2.345808329382,0.,1.),.UNSPECIFIED.) 
GEOMETRIC_REPRESENTATION_ITEM() RATIONAL_B_SPLINE_SURFACE((
    (1.,1.,1.,0.707106781187,1.)
    ,(1.,1.,1.,0.707106781197,1.)
    ,(1.,1.,1.,0.716401352177,1.)
    ,(1.,1.,1.,0.754559785214,1.)
    ,(1.,1.,1.,0.808050226058,1.)
    ,(1.,1.,1.,0.866676145285,1.)
    ,(1.,1.,1.,0.921397615509,1.)
    ,(1.,1.,1.,0.980007786481,1.)
    ,(1.,1.,1.,1.,1.)
,(1.,1.,1.,1.,1.))) REPRESENTATION_ITEM('') SURFACE() );
#6199 = CARTESIAN_POINT('',(20.551281472205,43.991977531366,
    26.825723662977));
#6200 = CARTESIAN_POINT('',(20.808615351775,43.983466190456,
    24.851962059185));
#6201 = CARTESIAN_POINT('',(21.065949231345,43.974954849547,
    22.878200455393));
#6202 = CARTESIAN_POINT('',(21.221087678927,43.969823631622,
    21.688282083115));
#6203 = CARTESIAN_POINT('',(21.221751059311,45.169812660989,
    21.683193927864));
#6204 = CARTESIAN_POINT('',(20.240993599506,43.99197753108,
    26.785269140814));
#6205 = CARTESIAN_POINT('',(20.627511184146,43.983466190313,
    24.828350170993));
#6206 = CARTESIAN_POINT('',(21.014028768786,43.974954849547,
    22.871431201172));
#6207 = CARTESIAN_POINT('',(21.247047981583,43.969823631708,
    21.691666719615));
#6208 = CARTESIAN_POINT('',(21.169830596752,45.169812660985,
    21.676424673647));
#6209 = CARTESIAN_POINT('',(19.632910251925,43.872284361467,
    26.571105407453));
#6210 = CARTESIAN_POINT('',(20.273213728646,43.918407565089,
    24.701736932412));
#6211 = CARTESIAN_POINT('',(20.913517205367,43.964530768711,
    22.832368457371));
#6212 = CARTESIAN_POINT('',(21.294527700799,43.991976230593,
    21.720006843361));
#6213 = CARTESIAN_POINT('',(21.067310374051,45.143983996878,
    21.652768430425));
#6214 = CARTESIAN_POINT('',(19.053380146601,43.430355417368,
    25.953288188479));
#6215 = CARTESIAN_POINT('',(19.915952935417,43.674289394914,
    24.326370481968));
#6216 = CARTESIAN_POINT('',(20.778525724233,43.91822337246,
    22.699452775458));
#6217 = CARTESIAN_POINT('',(21.265840493635,44.05603508129,
    21.780317558969));
#6218 = CARTESIAN_POINT('',(20.923395729064,45.029244078544,
    21.58829378794));
#6219 = CARTESIAN_POINT('',(18.900891558968,42.929815256137,
    25.177167091241));
#6220 = CARTESIAN_POINT('',(19.78269606453,43.386419642103,
    23.837245131095));
#6221 = CARTESIAN_POINT('',(20.664500570093,43.84302402807,
    22.497323170949));
#6222 = CARTESIAN_POINT('',(21.129702420355,44.083908718327,
    21.790438400986));
#6223 = CARTESIAN_POINT('',(20.794880101999,44.842916033085,
    21.497306715958));
#6224 = CARTESIAN_POINT('',(19.102465278563,42.551610182809,
    24.338555811916));
#6225 = CARTESIAN_POINT('',(19.839141902763,43.146716834239,
    23.286152354123));
#6226 = CARTESIAN_POINT('',(20.575818526963,43.741823485669,
    22.233748896331));
#6227 = CARTESIAN_POINT('',(20.938167906685,44.034538795115,
    21.716102852433));
#6228 = CARTESIAN_POINT('',(20.686697307478,44.592162526945,
    21.383304018951));
#6229 = CARTESIAN_POINT('',(19.509195012554,42.396798798914,
    23.478704123635));
#6230 = CARTESIAN_POINT('',(20.012550173675,43.007653169347,
    22.698778608867));
#6231 = CARTESIAN_POINT('',(20.515905334794,43.618507539781,
    21.9188530941));
#6232 = CARTESIAN_POINT('',(20.748786796295,43.901124406635,
    21.558014052863));
#6233 = CARTESIAN_POINT('',(20.603021855284,44.286611735807,
    21.250665743542));
#6234 = CARTESIAN_POINT('',(20.119671284936,42.499397777248,
    22.281285757713));
#6235 = CARTESIAN_POINT('',(20.298516491736,42.965165907872,
    21.86400668614));
#6236 = CARTESIAN_POINT('',(20.477361698535,43.430934038497,
    21.446727614567));
#6237 = CARTESIAN_POINT('',(20.555157337978,43.633537900254,
    21.265215944334));
#6238 = CARTESIAN_POINT('',(20.528333904684,43.821844334473,
    21.05576866456));
#6239 = CARTESIAN_POINT('',(20.449155444793,42.905348602904,
    21.421069947177));
#6240 = CARTESIAN_POINT('',(20.473076132621,43.088798498293,
    21.237597272495));
#6241 = CARTESIAN_POINT('',(20.496996820449,43.272248393682,
    21.054124597812));
#6242 = CARTESIAN_POINT('',(20.507194025195,43.350451669326,
    20.975911611532));
#6243 = CARTESIAN_POINT('',(20.517391232888,43.428654921961,
    20.897698602636));
#6244 = CARTESIAN_POINT('',(20.530784889832,43.166410133426,
    20.794968694497));
#6245 = CARTESIAN_POINT('',(20.530784889832,43.166410133426,
    20.794968694497));
#6246 = CARTESIAN_POINT('',(20.530784889832,43.166410133426,
    20.794968694497));
#6247 = CARTESIAN_POINT('',(20.530784889832,43.166410133426,
    20.794968694497));
#6248 = CARTESIAN_POINT('',(20.530784889832,43.166410133426,
    20.794968694497));
#6249 = DEFINITIONAL_REPRESENTATION('',(#6250),#6253);
#6250 = B_SPLINE_CURVE_WITH_KNOTS('',1,(#6251,#6252),.UNSPECIFIED.,.F.,
  .F.,(2,2),(5.123905486058,6.28318530718),.PIECEWISE_BEZIER_KNOTS.);
#6251 = CARTESIAN_POINT('',(7.442465234113,0.999997487484));
#6252 = CARTESIAN_POINT('',(6.28318530718,1.));
#6253 = ( GEOMETRIC_REPRESENTATION_CONTEXT(2) 
PARAMETRIC_REPRESENTATION_CONTEXT() REPRESENTATION_CONTEXT('2D SPACE',''
  ) );
#6254 = ORIENTED_EDGE('',*,*,#6255,.T.);
#6255 = EDGE_CURVE('',#6160,#6256,#6258,.T.);
#6256 = VERTEX_POINT('',#6257);
#6257 = CARTESIAN_POINT('',(21.804081190917,45.168844265413,
    21.530730482273));
#6258 = SURFACE_CURVE('',#6259,(#6264,#6271),.PCURVE_S1.);
#6259 = CIRCLE('',#6260,0.8);
#6260 = AXIS2_PLACEMENT_3D('',#6261,#6262,#6263);
#6261 = CARTESIAN_POINT('',(21.325176691033,45.166391849039,
    20.889915013012));
#6262 = DIRECTION('',(5.528169866787E-04,0.999990857806,
    -4.240129376088E-03));
#6263 = DIRECTION('',(-0.129282039652,4.276014937618E-03,0.991598643565)
  );
#6264 = PCURVE('',#3089,#6265);
#6265 = DEFINITIONAL_REPRESENTATION('',(#6266),#6270);
#6266 = LINE('',#6267,#6268);
#6267 = CARTESIAN_POINT('',(-0.284673541093,13.964761515876));
#6268 = VECTOR('',#6269,1.);
#6269 = DIRECTION('',(-1.,9.210656091117E-15));
#6270 = ( GEOMETRIC_REPRESENTATION_CONTEXT(2) 
PARAMETRIC_REPRESENTATION_CONTEXT() REPRESENTATION_CONTEXT('2D SPACE',''
  ) );
#6271 = PCURVE('',#6272,#6277);
#6272 = TOROIDAL_SURFACE('',#6273,2.,1.2);
#6273 = AXIS2_PLACEMENT_3D('',#6274,#6275,#6276);
#6274 = CARTESIAN_POINT('',(21.325176691033,45.166391849039,
    20.889915013012));
#6275 = DIRECTION('',(5.528169866787E-04,0.999990857806,
    -4.240129376088E-03));
#6276 = DIRECTION('',(-0.129282039652,4.276014937618E-03,0.991598643565)
  );
#6277 = DEFINITIONAL_REPRESENTATION('',(#6278),#6282);
#6278 = LINE('',#6279,#6280);
#6279 = CARTESIAN_POINT('',(0.,3.14159265359));
#6280 = VECTOR('',#6281,1.);
#6281 = DIRECTION('',(1.,0.));
#6282 = ( GEOMETRIC_REPRESENTATION_CONTEXT(2) 
PARAMETRIC_REPRESENTATION_CONTEXT() REPRESENTATION_CONTEXT('2D SPACE',''
  ) );
#6283 = ORIENTED_EDGE('',*,*,#6284,.F.);
#6284 = EDGE_CURVE('',#6087,#6256,#6285,.T.);
#6285 = SURFACE_CURVE('',#6286,(#6290,#6297),.PCURVE_S1.);
#6286 = LINE('',#6287,#6288);
#6287 = CARTESIAN_POINT('',(21.809222388893,54.468759243012,
    21.491297279075));
#6288 = VECTOR('',#6289,1.);
#6289 = DIRECTION('',(-5.528169866787E-04,-0.999990857806,
    4.240129376088E-03));
#6290 = PCURVE('',#3089,#6291);
#6291 = DEFINITIONAL_REPRESENTATION('',(#6292),#6296);
#6292 = LINE('',#6293,#6294);
#6293 = CARTESIAN_POINT('',(-1.056109070474,4.664761515876));
#6294 = VECTOR('',#6295,1.);
#6295 = DIRECTION('',(-2.193033135062E-16,1.));
#6296 = ( GEOMETRIC_REPRESENTATION_CONTEXT(2) 
PARAMETRIC_REPRESENTATION_CONTEXT() REPRESENTATION_CONTEXT('2D SPACE',''
  ) );
#6297 = PCURVE('',#6298,#6303);
#6298 = PLANE('',#6299);
#6299 = AXIS2_PLACEMENT_3D('',#6300,#6301,#6302);
#6300 = CARTESIAN_POINT('',(23.275053061404,59.128032485905,
    20.377998026255));
#6301 = DIRECTION('',(0.598630624855,3.065520467249E-03,0.801019336577)
  );
#6302 = DIRECTION('',(-5.528169866787E-04,-0.999990857806,
    4.240129376088E-03));
#6303 = DEFINITIONAL_REPRESENTATION('',(#6304),#6308);
#6304 = LINE('',#6305,#6306);
#6305 = CARTESIAN_POINT('',(4.664761515876,-1.826724374048));
#6306 = VECTOR('',#6307,1.);
#6307 = DIRECTION('',(1.,-3.516628083043E-17));
#6308 = ( GEOMETRIC_REPRESENTATION_CONTEXT(2) 
PARAMETRIC_REPRESENTATION_CONTEXT() REPRESENTATION_CONTEXT('2D SPACE',''
  ) );
#6309 = ORIENTED_EDGE('',*,*,#6110,.T.);
#6310 = ORIENTED_EDGE('',*,*,#3073,.T.);
#6311 = ADVANCED_FACE('',(#6312),#3117,.F.);
#6312 = FACE_BOUND('',#6313,.T.);
#6313 = EDGE_LOOP('',(#6314,#6315,#6316,#6451,#6475,#6503,#6531));
#6314 = ORIENTED_EDGE('',*,*,#3101,.F.);
#6315 = ORIENTED_EDGE('',*,*,#6135,.T.);
#6316 = ORIENTED_EDGE('',*,*,#6317,.F.);
#6317 = EDGE_CURVE('',#6318,#6136,#6320,.T.);
#6318 = VERTEX_POINT('',#6319);
#6319 = CARTESIAN_POINT('',(21.065949231345,43.974954849547,
    22.878200455393));
#6320 = SURFACE_CURVE('',#6321,(#6348,#6378),.PCURVE_S1.);
#6321 = B_SPLINE_CURVE_WITH_KNOTS('',3,(#6322,#6323,#6324,#6325,#6326,
    #6327,#6328,#6329,#6330,#6331,#6332,#6333,#6334,#6335,#6336,#6337,
    #6338,#6339,#6340,#6341,#6342,#6343,#6344,#6345,#6346,#6347),
  .UNSPECIFIED.,.F.,.F.,(4,2,2,2,2,2,2,2,2,2,2,2,4),(-8.867834377972E-04
    ,0.,8.330282419029E-03,1.376538898385E-02,1.912579912589E-02,
    2.445027842968E-02,2.986708669555E-02,3.539143024189E-02,
    4.107492153651E-02,5.298923417078E-02,7.965250133132E-02,
    0.139738891719,0.175183508752),.UNSPECIFIED.);
#6322 = CARTESIAN_POINT('',(21.065949231345,43.974954849547,
    22.878200455393));
#6323 = CARTESIAN_POINT('',(21.064393438474,43.974945052828,
    22.875687159907));
#6324 = CARTESIAN_POINT('',(21.062845683546,43.974935230101,
    22.873168778746));
#6325 = CARTESIAN_POINT('',(21.046843938169,43.97483286813,
    22.846941495871));
#6326 = CARTESIAN_POINT('',(21.033207279372,43.97473873951,
    22.822964318262));
#6327 = CARTESIAN_POINT('',(21.011780428083,43.97457837418,
    22.782350229337));
#6328 = CARTESIAN_POINT('',(21.003686021087,43.974514420553,
    22.766212097264));
#6329 = CARTESIAN_POINT('',(20.9881637991,43.974385185368,
    22.733709562666));
#6330 = CARTESIAN_POINT('',(20.980796853254,43.974320505124,
    22.717494909969));
#6331 = CARTESIAN_POINT('',(20.966589608997,43.974189696652,
    22.684792775304));
#6332 = CARTESIAN_POINT('',(20.959683516959,43.974122984372,
    22.668158972521));
#6333 = CARTESIAN_POINT('',(20.946465344016,43.973989848419,
    22.635036877949));
#6334 = CARTESIAN_POINT('',(20.940048916606,43.973922274848,
    22.618263789919));
#6335 = CARTESIAN_POINT('',(20.927513065879,43.973784610484,
    22.584162675664));
#6336 = CARTESIAN_POINT('',(20.921423943773,43.973714736681,
    22.566889774639));
#6337 = CARTESIAN_POINT('',(20.909461187379,43.973571910414,
    22.531645997218));
#6338 = CARTESIAN_POINT('',(20.903617519621,43.973499150403,
    22.513724415552));
#6339 = CARTESIAN_POINT('',(20.88605746924,43.973272532402,
    22.457989459756));
#6340 = CARTESIAN_POINT('',(20.874712755328,43.973114465925,
    22.419232014438));
#6341 = CARTESIAN_POINT('',(20.840358972973,43.97260998158,
    22.295775619511));
#6342 = CARTESIAN_POINT('',(20.818760345226,43.972250174026,
    22.208102739646));
#6343 = CARTESIAN_POINT('',(20.752650052107,43.971095244449,
    21.927105202676));
#6344 = CARTESIAN_POINT('',(20.708969343077,43.97024199884,
    21.720181033789));
#6345 = CARTESIAN_POINT('',(20.624733756121,43.968800518061,
    21.369240217494));
#6346 = CARTESIAN_POINT('',(20.592173193882,43.968280127516,
    21.242266304618));
#6347 = CARTESIAN_POINT('',(20.556080056926,43.967771144451,
    21.117522160273));
#6348 = PCURVE('',#3117,#6349);
#6349 = DEFINITIONAL_REPRESENTATION('',(#6350),#6377);
#6350 = B_SPLINE_CURVE_WITH_KNOTS('',3,(#6351,#6352,#6353,#6354,#6355,
    #6356,#6357,#6358,#6359,#6360,#6361,#6362,#6363,#6364,#6365,#6366,
    #6367,#6368,#6369,#6370,#6371,#6372,#6373,#6374,#6375,#6376),
  .UNSPECIFIED.,.F.,.F.,(4,2,2,2,2,2,2,2,2,2,2,2,4),(-8.867834377972E-04
    ,0.,8.330282419029E-03,1.376538898385E-02,1.912579912589E-02,
    2.445027842968E-02,2.986708669555E-02,3.539143024189E-02,
    4.107492153651E-02,5.298923417078E-02,7.965250133132E-02,
    0.139738891719,0.175183508752),.UNSPECIFIED.);
#6351 = CARTESIAN_POINT('',(-2.405741875671,-3.2));
#6352 = CARTESIAN_POINT('',(-2.408032961881,-3.201867663141));
#6353 = CARTESIAN_POINT('',(-2.410330130312,-3.20372801329));
#6354 = CARTESIAN_POINT('',(-2.434268767856,-3.222986214987));
#6355 = CARTESIAN_POINT('',(-2.456281932082,-3.239608277741));
#6356 = CARTESIAN_POINT('',(-2.493785386256,-3.266106028918));
#6357 = CARTESIAN_POINT('',(-2.50874174815,-3.276218895));
#6358 = CARTESIAN_POINT('',(-2.538965025463,-3.295812882366));
#6359 = CARTESIAN_POINT('',(-2.554091315872,-3.305214285196));
#6360 = CARTESIAN_POINT('',(-2.584682526071,-3.323530135448));
#6361 = CARTESIAN_POINT('',(-2.600284033946,-3.332528741163));
#6362 = CARTESIAN_POINT('',(-2.631419554928,-3.349918114445));
#6363 = CARTESIAN_POINT('',(-2.64722248639,-3.358449172185));
#6364 = CARTESIAN_POINT('',(-2.679417033333,-3.375288520316));
#6365 = CARTESIAN_POINT('',(-2.695757903216,-3.383559637028));
#6366 = CARTESIAN_POINT('',(-2.729159626281,-3.399978427576));
#6367 = CARTESIAN_POINT('',(-2.746175472189,-3.408090013388));
#6368 = CARTESIAN_POINT('',(-2.799172948647,-3.432708289356));
#6369 = CARTESIAN_POINT('',(-2.836138786993,-3.448968482519));
#6370 = CARTESIAN_POINT('',(-2.954118810872,-3.498994798398));
#6371 = CARTESIAN_POINT('',(-3.038264343517,-3.531746796532));
#6372 = CARTESIAN_POINT('',(-3.308359184982,-3.633630539671));
#6373 = CARTESIAN_POINT('',(-3.507901427505,-3.703696490659));
#6374 = CARTESIAN_POINT('',(-3.845009880215,-3.832595907375));
#6375 = CARTESIAN_POINT('',(-3.96670976929,-3.881298808416));
#6376 = CARTESIAN_POINT('',(-4.085741875671,-3.933216366119));
#6377 = ( GEOMETRIC_REPRESENTATION_CONTEXT(2) 
PARAMETRIC_REPRESENTATION_CONTEXT() REPRESENTATION_CONTEXT('2D SPACE',''
  ) );
#6378 = PCURVE('',#6198,#6379);
#6379 = DEFINITIONAL_REPRESENTATION('',(#6380),#6450);
#6380 = B_SPLINE_CURVE_WITH_KNOTS('',3,(#6381,#6382,#6383,#6384,#6385,
    #6386,#6387,#6388,#6389,#6390,#6391,#6392,#6393,#6394,#6395,#6396,
    #6397,#6398,#6399,#6400,#6401,#6402,#6403,#6404,#6405,#6406,#6407,
    #6408,#6409,#6410,#6411,#6412,#6413,#6414,#6415,#6416,#6417,#6418,
    #6419,#6420,#6421,#6422,#6423,#6424,#6425,#6426,#6427,#6428,#6429,
    #6430,#6431,#6432,#6433,#6434,#6435,#6436,#6437,#6438,#6439,#6440,
    #6441,#6442,#6443,#6444,#6445,#6446,#6447,#6448,#6449),
  .UNSPECIFIED.,.F.,.F.,(4,1,1,1,1,1,1,1,1,1,1,1,1,1,1,1,1,1,1,1,1,1,1,1
    ,1,1,1,1,1,1,1,1,1,1,1,1,1,1,1,1,1,1,1,1,1,1,1,1,1,1,1,1,1,1,1,1,1,1
    ,1,1,1,1,1,1,1,1,4),(-8.867834377972E-04,1.78094629251E-03,
    4.448676022818E-03,7.116405753125E-03,9.784135483433E-03,
    1.245186521374E-02,1.511959494405E-02,1.778732467435E-02,
    2.045505440466E-02,2.312278413497E-02,2.579051386528E-02,
    2.845824359558E-02,3.112597332589E-02,3.37937030562E-02,
    3.646143278651E-02,3.912916251681E-02,4.179689224712E-02,
    4.446462197743E-02,4.713235170774E-02,4.980008143804E-02,
    5.246781116835E-02,5.513554089866E-02,5.780327062897E-02,
    6.047100035927E-02,6.313873008958E-02,6.580645981989E-02,
    6.84741895502E-02,7.11419192805E-02,7.380964901081E-02,
    7.647737874112E-02,7.914510847143E-02,8.181283820173E-02,
    8.448056793204E-02,8.714829766235E-02,8.981602739266E-02,
    9.248375712296E-02,9.515148685327E-02,9.781921658358E-02,
    0.100486946314,0.103154676044,0.105822405775,0.108490135505,
    0.111157865235,0.113825594965,0.116493324696,0.119161054426,
    0.121828784156,0.124496513887,0.127164243617,0.129831973347,
    0.132499703078,0.135167432808,0.137835162538,0.140502892268,
    0.143170621999,0.145838351729,0.148506081459,0.15117381119,
    0.15384154092,0.15650927065,0.159177000381,0.161844730111,
    0.164512459841,0.167180189572,0.169847919302,0.172515649032,
    0.175183378762),.UNSPECIFIED.);
#6381 = CARTESIAN_POINT('',(6.28318530718,0.));
#6382 = CARTESIAN_POINT('',(6.290216708419,4.065968958074E-03));
#6383 = CARTESIAN_POINT('',(6.304441650656,1.203823584881E-02));
#6384 = CARTESIAN_POINT('',(6.326271129946,2.355944015881E-02));
#6385 = CARTESIAN_POINT('',(6.348590660813,3.468263124416E-02));
#6386 = CARTESIAN_POINT('',(6.371425042478,4.545621177676E-02));
#6387 = CARTESIAN_POINT('',(6.394529680059,5.581048785084E-02));
#6388 = CARTESIAN_POINT('',(6.417987801476,6.583100854361E-02));
#6389 = CARTESIAN_POINT('',(6.441565581297,7.546597694291E-02));
#6390 = CARTESIAN_POINT('',(6.465334181831,8.479695805603E-02));
#6391 = CARTESIAN_POINT('',(6.489357557849,9.388612341401E-02));
#6392 = CARTESIAN_POINT('',(6.513012812927,0.102557853027));
#6393 = CARTESIAN_POINT('',(6.536546174267,0.110976605301));
#6394 = CARTESIAN_POINT('',(6.559925387701,0.119189409953));
#6395 = CARTESIAN_POINT('',(6.583036353484,0.127212550969));
#6396 = CARTESIAN_POINT('',(6.605884751326,0.135098621363));
#6397 = CARTESIAN_POINT('',(6.62839422013,0.142866657035));
#6398 = CARTESIAN_POINT('',(6.650528170733,0.150544556331));
#6399 = CARTESIAN_POINT('',(6.672448501075,0.158224141409));
#6400 = CARTESIAN_POINT('',(6.694052133917,0.165905176021));
#6401 = CARTESIAN_POINT('',(6.715253016366,0.173581237563));
#6402 = CARTESIAN_POINT('',(6.735958432378,0.181237979955));
#6403 = CARTESIAN_POINT('',(6.756160205575,0.188888147567));
#6404 = CARTESIAN_POINT('',(6.776095241194,0.196639336622));
#6405 = CARTESIAN_POINT('',(6.795695185563,0.204484702716));
#6406 = CARTESIAN_POINT('',(6.814967350385,0.212443888496));
#6407 = CARTESIAN_POINT('',(6.83390022122,0.220528269164));
#6408 = CARTESIAN_POINT('',(6.852488345744,0.228750250705));
#6409 = CARTESIAN_POINT('',(6.870725929634,0.237120894982));
#6410 = CARTESIAN_POINT('',(6.888606602158,0.245650097936));
#6411 = CARTESIAN_POINT('',(6.906138374358,0.254346895887));
#6412 = CARTESIAN_POINT('',(6.92331635263,0.263212547112));
#6413 = CARTESIAN_POINT('',(6.940183401761,0.27227213324));
#6414 = CARTESIAN_POINT('',(6.956889983562,0.281618464697));
#6415 = CARTESIAN_POINT('',(6.973411171748,0.291254138648));
#6416 = CARTESIAN_POINT('',(6.989763712461,0.30120473969));
#6417 = CARTESIAN_POINT('',(7.005952112875,0.311490940513));
#6418 = CARTESIAN_POINT('',(7.02198311686,0.322136167155));
#6419 = CARTESIAN_POINT('',(7.037861860586,0.333164733256));
#6420 = CARTESIAN_POINT('',(7.053592964387,0.344602526664));
#6421 = CARTESIAN_POINT('',(7.069180238773,0.356477018585));
#6422 = CARTESIAN_POINT('',(7.084627036547,0.3688174389));
#6423 = CARTESIAN_POINT('',(7.099941463929,0.381654570256));
#6424 = CARTESIAN_POINT('',(7.115130742502,0.395021365104));
#6425 = CARTESIAN_POINT('',(7.130201434598,0.408953184374));
#6426 = CARTESIAN_POINT('',(7.145159416289,0.423488068391));
#6427 = CARTESIAN_POINT('',(7.16000992,0.438667026921));
#6428 = CARTESIAN_POINT('',(7.174757553963,0.454534344511));
#6429 = CARTESIAN_POINT('',(7.189406349704,0.47113795002));
#6430 = CARTESIAN_POINT('',(7.2039597297,0.488529681182));
#6431 = CARTESIAN_POINT('',(7.218420781509,0.506766097623));
#6432 = CARTESIAN_POINT('',(7.232791409229,0.525907427958));
#6433 = CARTESIAN_POINT('',(7.247075702905,0.546023691388));
#6434 = CARTESIAN_POINT('',(7.261267605589,0.567174291478));
#6435 = CARTESIAN_POINT('',(7.275397234584,0.589486908036));
#6436 = CARTESIAN_POINT('',(7.289327335139,0.612814014169));
#6437 = CARTESIAN_POINT('',(7.303051658488,0.637191574124));
#6438 = CARTESIAN_POINT('',(7.316582079159,0.662695815509));
#6439 = CARTESIAN_POINT('',(7.329924725578,0.689399153438));
#6440 = CARTESIAN_POINT('',(7.343086445887,0.71738269669));
#6441 = CARTESIAN_POINT('',(7.356073144789,0.74673366068));
#6442 = CARTESIAN_POINT('',(7.368890299706,0.77754690732));
#6443 = CARTESIAN_POINT('',(7.381542896252,0.809925460337));
#6444 = CARTESIAN_POINT('',(7.394035525204,0.843981447818));
#6445 = CARTESIAN_POINT('',(7.406372444178,0.879836899291));
#6446 = CARTESIAN_POINT('',(7.418557662983,0.91762534239));
#6447 = CARTESIAN_POINT('',(7.430595029772,0.957491129041));
#6448 = CARTESIAN_POINT('',(7.438523922903,0.985562380873));
#6449 = CARTESIAN_POINT('',(7.442465003547,0.99999788963));
#6450 = ( GEOMETRIC_REPRESENTATION_CONTEXT(2) 
PARAMETRIC_REPRESENTATION_CONTEXT() REPRESENTATION_CONTEXT('2D SPACE',''
  ) );
#6451 = ORIENTED_EDGE('',*,*,#6452,.T.);
#6452 = EDGE_CURVE('',#6318,#6453,#6455,.T.);
#6453 = VERTEX_POINT('',#6454);
#6454 = CARTESIAN_POINT('',(22.521774560359,43.972533860606,
    22.497041841416));
#6455 = SURFACE_CURVE('',#6456,(#6461,#6468),.PCURVE_S1.);
#6456 = CIRCLE('',#6457,2.);
#6457 = AXIS2_PLACEMENT_3D('',#6458,#6459,#6460);
#6458 = CARTESIAN_POINT('',(21.324513310649,43.966402819671,
    20.895003168263));
#6459 = DIRECTION('',(5.528169866787E-04,0.999990857806,
    -4.240129376088E-03));
#6460 = DIRECTION('',(-0.129282039652,4.276014937618E-03,0.991598643565)
  );
#6461 = PCURVE('',#3117,#6462);
#6462 = DEFINITIONAL_REPRESENTATION('',(#6463),#6467);
#6463 = CIRCLE('',#6464,2.);
#6464 = AXIS2_PLACEMENT_2D('',#6465,#6466);
#6465 = CARTESIAN_POINT('',(-4.405741875671,-3.2));
#6466 = DIRECTION('',(1.,1.87680582897E-17));
#6467 = ( GEOMETRIC_REPRESENTATION_CONTEXT(2) 
PARAMETRIC_REPRESENTATION_CONTEXT() REPRESENTATION_CONTEXT('2D SPACE',''
  ) );
#6468 = PCURVE('',#6272,#6469);
#6469 = DEFINITIONAL_REPRESENTATION('',(#6470),#6474);
#6470 = LINE('',#6471,#6472);
#6471 = CARTESIAN_POINT('',(0.,4.712388980385));
#6472 = VECTOR('',#6473,1.);
#6473 = DIRECTION('',(1.,1.381598413667E-14));
#6474 = ( GEOMETRIC_REPRESENTATION_CONTEXT(2) 
PARAMETRIC_REPRESENTATION_CONTEXT() REPRESENTATION_CONTEXT('2D SPACE',''
  ) );
#6475 = ORIENTED_EDGE('',*,*,#6476,.F.);
#6476 = EDGE_CURVE('',#6477,#6453,#6479,.T.);
#6477 = VERTEX_POINT('',#6478);
#6478 = CARTESIAN_POINT('',(23.53370568515,43.968767865678,
    21.74080364697));
#6479 = SURFACE_CURVE('',#6480,(#6484,#6491),.PCURVE_S1.);
#6480 = LINE('',#6481,#6482);
#6481 = CARTESIAN_POINT('',(23.645438585062,43.968352041395,
    21.65730321456));
#6482 = VECTOR('',#6483,1.);
#6483 = DIRECTION('',(-0.801025011706,2.981088393796E-03,0.598623457386)
  );
#6484 = PCURVE('',#3117,#6485);
#6485 = DEFINITIONAL_REPRESENTATION('',(#6486),#6490);
#6486 = LINE('',#6487,#6488);
#6487 = CARTESIAN_POINT('',(-3.949891802228,-0.8));
#6488 = VECTOR('',#6489,1.);
#6489 = DIRECTION('',(0.697165102855,-0.71691060765));
#6490 = ( GEOMETRIC_REPRESENTATION_CONTEXT(2) 
PARAMETRIC_REPRESENTATION_CONTEXT() REPRESENTATION_CONTEXT('2D SPACE',''
  ) );
#6491 = PCURVE('',#6492,#6497);
#6492 = CYLINDRICAL_SURFACE('',#6493,1.2);
#6493 = AXIS2_PLACEMENT_3D('',#6494,#6495,#6496);
#6494 = CARTESIAN_POINT('',(23.985689853849,45.167077263143,
    21.39843362568));
#6495 = DIRECTION('',(-0.801025011706,2.981088393793E-03,0.598623457386)
  );
#6496 = DIRECTION('',(-0.571053809548,-0.303820909026,-0.762620745744));
#6497 = DEFINITIONAL_REPRESENTATION('',(#6498),#6502);
#6498 = LINE('',#6499,#6500);
#6499 = CARTESIAN_POINT('',(1.265159857066,0.423941679025));
#6500 = VECTOR('',#6501,1.);
#6501 = DIRECTION('',(-4.394154846661E-15,1.));
#6502 = ( GEOMETRIC_REPRESENTATION_CONTEXT(2) 
PARAMETRIC_REPRESENTATION_CONTEXT() REPRESENTATION_CONTEXT('2D SPACE',''
  ) );
#6503 = ORIENTED_EDGE('',*,*,#6504,.F.);
#6504 = EDGE_CURVE('',#6505,#6477,#6507,.T.);
#6505 = VERTEX_POINT('',#6506);
#6506 = CARTESIAN_POINT('',(23.139053377283,43.981821025793,
    24.767803330867));
#6507 = SURFACE_CURVE('',#6508,(#6512,#6519),.PCURVE_S1.);
#6508 = LINE('',#6509,#6510);
#6509 = CARTESIAN_POINT('',(23.812078411231,43.959560663052,
    19.605673211757));
#6510 = VECTOR('',#6511,1.);
#6511 = DIRECTION('',(0.129282039652,-4.276014937618E-03,-0.991598643565
    ));
#6512 = PCURVE('',#3117,#6513);
#6513 = DEFINITIONAL_REPRESENTATION('',(#6514),#6518);
#6514 = LINE('',#6515,#6516);
#6515 = CARTESIAN_POINT('',(-6.005866458784,-0.9));
#6516 = VECTOR('',#6517,1.);
#6517 = DIRECTION('',(-1.,-1.87680582897E-17));
#6518 = ( GEOMETRIC_REPRESENTATION_CONTEXT(2) 
PARAMETRIC_REPRESENTATION_CONTEXT() REPRESENTATION_CONTEXT('2D SPACE',''
  ) );
#6519 = PCURVE('',#6520,#6525);
#6520 = CYLINDRICAL_SURFACE('',#6521,0.8);
#6521 = AXIS2_PLACEMENT_3D('',#6522,#6523,#6524);
#6522 = CARTESIAN_POINT('',(23.81252066482,44.759553349297,
    19.602281108256));
#6523 = DIRECTION('',(-0.129282039652,4.276014937618E-03,0.991598643565)
  );
#6524 = DIRECTION('',(0.700781634695,-0.707100316679,9.441526691079E-02)
  );
#6525 = DEFINITIONAL_REPRESENTATION('',(#6526),#6530);
#6526 = LINE('',#6527,#6528);
#6527 = CARTESIAN_POINT('',(-0.785398163397,2.13162820728E-14));
#6528 = VECTOR('',#6529,1.);
#6529 = DIRECTION('',(-1.454768100743E-15,-1.));
#6530 = ( GEOMETRIC_REPRESENTATION_CONTEXT(2) 
PARAMETRIC_REPRESENTATION_CONTEXT() REPRESENTATION_CONTEXT('2D SPACE',''
  ) );
#6531 = ORIENTED_EDGE('',*,*,#6532,.T.);
#6532 = EDGE_CURVE('',#6505,#3102,#6533,.T.);
#6533 = SURFACE_CURVE('',#6534,(#6538,#6545),.PCURVE_S1.);
#6534 = LINE('',#6535,#6536);
#6535 = CARTESIAN_POINT('',(23.238214148187,43.981821025793,
    24.780731653025));
#6536 = VECTOR('',#6537,1.);
#6537 = DIRECTION('',(-0.991607709035,1.179170435209E-15,-0.129283221584
    ));
#6538 = PCURVE('',#3117,#6539);
#6539 = DEFINITIONAL_REPRESENTATION('',(#6540),#6544);
#6540 = LINE('',#6541,#6542);
#6541 = CARTESIAN_POINT('',(-0.8,-0.8));
#6542 = VECTOR('',#6543,1.);
#6543 = DIRECTION('',(1.463662885012E-16,-1.));
#6544 = ( GEOMETRIC_REPRESENTATION_CONTEXT(2) 
PARAMETRIC_REPRESENTATION_CONTEXT() REPRESENTATION_CONTEXT('2D SPACE',''
  ) );
#6545 = PCURVE('',#3150,#6546);
#6546 = DEFINITIONAL_REPRESENTATION('',(#6547),#6551);
#6547 = LINE('',#6548,#6549);
#6548 = CARTESIAN_POINT('',(1.156193334285,0.8));
#6549 = VECTOR('',#6550,1.);
#6550 = DIRECTION('',(0.,1.));
#6551 = ( GEOMETRIC_REPRESENTATION_CONTEXT(2) 
PARAMETRIC_REPRESENTATION_CONTEXT() REPRESENTATION_CONTEXT('2D SPACE',''
  ) );
#6552 = ADVANCED_FACE('',(#6553),#3150,.T.);
#6553 = FACE_BOUND('',#6554,.T.);
#6554 = EDGE_LOOP('',(#6555,#6556,#6557,#6608));
#6555 = ORIENTED_EDGE('',*,*,#3129,.F.);
#6556 = ORIENTED_EDGE('',*,*,#6532,.F.);
#6557 = ORIENTED_EDGE('',*,*,#6558,.F.);
#6558 = EDGE_CURVE('',#6559,#6505,#6561,.T.);
#6559 = VERTEX_POINT('',#6560);
#6560 = CARTESIAN_POINT('',(23.036069999151,44.785234523988,
    25.557690142218));
#6561 = SURFACE_CURVE('',#6562,(#6567,#6574),.PCURVE_S1.);
#6562 = CIRCLE('',#6563,0.8);
#6563 = AXIS2_PLACEMENT_3D('',#6564,#6565,#6566);
#6564 = CARTESIAN_POINT('',(23.139495630872,44.781813712038,
    24.764411227366));
#6565 = DIRECTION('',(0.991607709035,-1.181752630236E-15,0.129283221584)
  );
#6566 = DIRECTION('',(0.118106099828,-0.406736643076,-0.905878718352));
#6567 = PCURVE('',#3150,#6568);
#6568 = DEFINITIONAL_REPRESENTATION('',(#6569),#6573);
#6569 = LINE('',#6570,#6571);
#6570 = CARTESIAN_POINT('',(6.28318530718,0.9));
#6571 = VECTOR('',#6572,1.);
#6572 = DIRECTION('',(-1.,-2.261727773485E-15));
#6573 = ( GEOMETRIC_REPRESENTATION_CONTEXT(2) 
PARAMETRIC_REPRESENTATION_CONTEXT() REPRESENTATION_CONTEXT('2D SPACE',''
  ) );
#6574 = PCURVE('',#6575,#6580);
#6575 = SPHERICAL_SURFACE('',#6576,0.8);
#6576 = AXIS2_PLACEMENT_3D('',#6577,#6578,#6579);
#6577 = CARTESIAN_POINT('',(23.139495630872,44.781813712038,
    24.764411227366));
#6578 = DIRECTION('',(0.34956313683,0.818240378636,0.456386126146));
#6579 = DIRECTION('',(0.497544788311,-0.574876232566,0.64958948641));
#6580 = DEFINITIONAL_REPRESENTATION('',(#6581),#6607);
#6581 = B_SPLINE_CURVE_WITH_KNOTS('',3,(#6582,#6583,#6584,#6585,#6586,
    #6587,#6588,#6589,#6590,#6591,#6592,#6593,#6594,#6595,#6596,#6597,
    #6598,#6599,#6600,#6601,#6602,#6603,#6604,#6605,#6606),
  .UNSPECIFIED.,.F.,.F.,(4,1,1,1,1,1,1,1,1,1,1,1,1,1,1,1,1,1,1,1,1,1,4),
  (3.5561956461,3.627595479136,3.698995312172,3.770395145208,
    3.841794978245,3.913194811281,3.984594644317,4.055994477353,
    4.127394310389,4.198794143425,4.270193976461,4.341593809497,
    4.412993642534,4.48439347557,4.555793308606,4.627193141642,
    4.698592974678,4.769992807714,4.84139264075,4.912792473787,
    4.984192306823,5.055592139859,5.126991972895),
  .QUASI_UNIFORM_KNOTS.);
#6582 = CARTESIAN_POINT('',(-0.885027257935,0.423395441223));
#6583 = CARTESIAN_POINT('',(-0.873417014769,0.402079806307));
#6584 = CARTESIAN_POINT('',(-0.85084879569,0.359301249011));
#6585 = CARTESIAN_POINT('',(-0.818601172944,0.294772101786));
#6586 = CARTESIAN_POINT('',(-0.78758873314,0.229966525528));
#6587 = CARTESIAN_POINT('',(-0.757502948015,0.16495424351));
#6588 = CARTESIAN_POINT('',(-0.728060094671,9.979894994007E-02));
#6589 = CARTESIAN_POINT('',(-0.698998203229,3.455905744873E-02));
#6590 = CARTESIAN_POINT('',(-0.670066776824,-3.070978088226E-02));
#6591 = CARTESIAN_POINT('',(-0.641019442395,-9.595290341958E-02));
#6592 = CARTESIAN_POINT('',(-0.611606226846,-0.161114783727));
#6593 = CARTESIAN_POINT('',(-0.581565791645,-0.226137158732));
#6594 = CARTESIAN_POINT('',(-0.550616973405,-0.290956964929));
#6595 = CARTESIAN_POINT('',(-0.518449188713,-0.355503952707));
#6596 = CARTESIAN_POINT('',(-0.48471111016,-0.419697799035));
#6597 = CARTESIAN_POINT('',(-0.448996911826,-0.48344448599));
#6598 = CARTESIAN_POINT('',(-0.410829254502,-0.546631649118));
#6599 = CARTESIAN_POINT('',(-0.369637911028,-0.609122423397));
#6600 = CARTESIAN_POINT('',(-0.324733208755,-0.670747387305));
#6601 = CARTESIAN_POINT('',(-0.27527204065,-0.731293116533));
#6602 = CARTESIAN_POINT('',(-0.220220317189,-0.790488831869));
#6603 = CARTESIAN_POINT('',(-0.15829679821,-0.847980188916));
#6604 = CARTESIAN_POINT('',(-8.79650202751E-02,-0.903324323309));
#6605 = CARTESIAN_POINT('',(-3.416259852146E-02,-0.938355805824));
#6606 = CARTESIAN_POINT('',(-5.225818872289E-03,-0.955306962727));
#6607 = ( GEOMETRIC_REPRESENTATION_CONTEXT(2) 
PARAMETRIC_REPRESENTATION_CONTEXT() REPRESENTATION_CONTEXT('2D SPACE',''
  ) );
#6608 = ORIENTED_EDGE('',*,*,#6609,.T.);
#6609 = EDGE_CURVE('',#6559,#3130,#6610,.T.);
#6610 = SURFACE_CURVE('',#6611,(#6615,#6622),.PCURVE_S1.);
#6611 = LINE('',#6612,#6613);
#6612 = CARTESIAN_POINT('',(23.135230770054,44.785234523988,
    25.570618464376));
#6613 = VECTOR('',#6614,1.);
#6614 = DIRECTION('',(-0.991607709035,1.179170435209E-15,-0.129283221584
    ));
#6615 = PCURVE('',#3150,#6616);
#6616 = DEFINITIONAL_REPRESENTATION('',(#6617),#6621);
#6617 = LINE('',#6618,#6619);
#6618 = CARTESIAN_POINT('',(2.72698966108,0.8));
#6619 = VECTOR('',#6620,1.);
#6620 = DIRECTION('',(1.298113984707E-15,1.));
#6621 = ( GEOMETRIC_REPRESENTATION_CONTEXT(2) 
PARAMETRIC_REPRESENTATION_CONTEXT() REPRESENTATION_CONTEXT('2D SPACE',''
  ) );
#6622 = PCURVE('',#3176,#6623);
#6623 = DEFINITIONAL_REPRESENTATION('',(#6624),#6628);
#6624 = LINE('',#6625,#6626);
#6625 = CARTESIAN_POINT('',(-9.7,-0.8));
#6626 = VECTOR('',#6627,1.);
#6627 = DIRECTION('',(-1.124480843676E-18,-1.));
#6628 = ( GEOMETRIC_REPRESENTATION_CONTEXT(2) 
PARAMETRIC_REPRESENTATION_CONTEXT() REPRESENTATION_CONTEXT('2D SPACE',''
  ) );
#6629 = ADVANCED_FACE('',(#6630),#3176,.F.);
#6630 = FACE_BOUND('',#6631,.T.);
#6631 = EDGE_LOOP('',(#6632,#6633,#6634,#6660));
#6632 = ORIENTED_EDGE('',*,*,#3162,.F.);
#6633 = ORIENTED_EDGE('',*,*,#6609,.F.);
#6634 = ORIENTED_EDGE('',*,*,#6635,.F.);
#6635 = EDGE_CURVE('',#5900,#6559,#6636,.T.);
#6636 = SURFACE_CURVE('',#6637,(#6641,#6648),.PCURVE_S1.);
#6637 = LINE('',#6638,#6639);
#6638 = CARTESIAN_POINT('',(23.041296049745,54.238639433749,
    25.5176061159));
#6639 = VECTOR('',#6640,1.);
#6640 = DIRECTION('',(-5.528169866789E-04,-0.999990857806,
    4.24012937609E-03));
#6641 = PCURVE('',#3176,#6642);
#6642 = DEFINITIONAL_REPRESENTATION('',(#6643),#6647);
#6643 = LINE('',#6644,#6645);
#6644 = CARTESIAN_POINT('',(-0.246508664591,-0.9));
#6645 = VECTOR('',#6646,1.);
#6646 = DIRECTION('',(-1.,7.185664857538E-20));
#6647 = ( GEOMETRIC_REPRESENTATION_CONTEXT(2) 
PARAMETRIC_REPRESENTATION_CONTEXT() REPRESENTATION_CONTEXT('2D SPACE',''
  ) );
#6648 = PCURVE('',#6649,#6654);
#6649 = CYLINDRICAL_SURFACE('',#6650,0.8);
#6650 = AXIS2_PLACEMENT_3D('',#6651,#6652,#6653);
#6651 = CARTESIAN_POINT('',(23.144721681466,54.235218621799,
    24.724327201048));
#6652 = DIRECTION('',(-5.528169866789E-04,-0.999990857806,
    4.24012937609E-03));
#6653 = DIRECTION('',(0.609756328412,3.023599158845E-03,0.792583167756)
  );
#6654 = DEFINITIONAL_REPRESENTATION('',(#6655),#6659);
#6655 = LINE('',#6656,#6657);
#6656 = CARTESIAN_POINT('',(7.068583470577,9.736655925963E-14));
#6657 = VECTOR('',#6658,1.);
#6658 = DIRECTION('',(-6.985672963934E-16,1.));
#6659 = ( GEOMETRIC_REPRESENTATION_CONTEXT(2) 
PARAMETRIC_REPRESENTATION_CONTEXT() REPRESENTATION_CONTEXT('2D SPACE',''
  ) );
#6660 = ORIENTED_EDGE('',*,*,#5899,.F.);
#6661 = ADVANCED_FACE('',(#6662),#3213,.T.);
#6662 = FACE_BOUND('',#6663,.T.);
#6663 = EDGE_LOOP('',(#6664,#6665,#6688,#6739));
#6664 = ORIENTED_EDGE('',*,*,#3190,.F.);
#6665 = ORIENTED_EDGE('',*,*,#6666,.T.);
#6666 = EDGE_CURVE('',#3191,#6667,#6669,.T.);
#6667 = VERTEX_POINT('',#6668);
#6668 = CARTESIAN_POINT('',(24.596308454076,44.695317661927,
    13.355591853474));
#6669 = SURFACE_CURVE('',#6670,(#6674,#6681),.PCURVE_S1.);
#6670 = LINE('',#6671,#6672);
#6671 = CARTESIAN_POINT('',(25.488755392207,44.695317661927,
    13.471946752899));
#6672 = VECTOR('',#6673,1.);
#6673 = DIRECTION('',(0.991607709035,-2.234722801548E-29,0.129283221584)
  );
#6674 = PCURVE('',#3213,#6675);
#6675 = DEFINITIONAL_REPRESENTATION('',(#6676),#6680);
#6676 = LINE('',#6677,#6678);
#6677 = CARTESIAN_POINT('',(5.497787143782,-1.59872115546E-14));
#6678 = VECTOR('',#6679,1.);
#6679 = DIRECTION('',(8.740340669683E-16,-1.));
#6680 = ( GEOMETRIC_REPRESENTATION_CONTEXT(2) 
PARAMETRIC_REPRESENTATION_CONTEXT() REPRESENTATION_CONTEXT('2D SPACE',''
  ) );
#6681 = PCURVE('',#3424,#6682);
#6682 = DEFINITIONAL_REPRESENTATION('',(#6683),#6687);
#6683 = LINE('',#6684,#6685);
#6684 = CARTESIAN_POINT('',(-0.8,-2.914430628971E-14));
#6685 = VECTOR('',#6686,1.);
#6686 = DIRECTION('',(9.312335276614E-19,1.));
#6687 = ( GEOMETRIC_REPRESENTATION_CONTEXT(2) 
PARAMETRIC_REPRESENTATION_CONTEXT() REPRESENTATION_CONTEXT('2D SPACE',''
  ) );
#6688 = ORIENTED_EDGE('',*,*,#6689,.F.);
#6689 = EDGE_CURVE('',#6690,#6667,#6692,.T.);
#6690 = VERTEX_POINT('',#6691);
#6691 = CARTESIAN_POINT('',(24.492440568765,43.898745787633,
    14.152262871826));
#6692 = SURFACE_CURVE('',#6693,(#6698,#6705),.PCURVE_S1.);
#6693 = CIRCLE('',#6694,0.8);
#6694 = AXIS2_PLACEMENT_3D('',#6695,#6696,#6697);
#6695 = CARTESIAN_POINT('',(24.492882822354,44.698738473878,
    14.148870768325));
#6696 = DIRECTION('',(0.991607709035,6.32304531462E-18,0.129283221584));
#6697 = DIRECTION('',(9.102530628351E-02,-0.710123915838,-0.698167900845
    ));
#6698 = PCURVE('',#3213,#6699);
#6699 = DEFINITIONAL_REPRESENTATION('',(#6700),#6704);
#6700 = LINE('',#6701,#6702);
#6701 = CARTESIAN_POINT('',(12.566370614359,0.9));
#6702 = VECTOR('',#6703,1.);
#6703 = DIRECTION('',(-1.,0.));
#6704 = ( GEOMETRIC_REPRESENTATION_CONTEXT(2) 
PARAMETRIC_REPRESENTATION_CONTEXT() REPRESENTATION_CONTEXT('2D SPACE',''
  ) );
#6705 = PCURVE('',#6706,#6711);
#6706 = SPHERICAL_SURFACE('',#6707,0.8);
#6707 = AXIS2_PLACEMENT_3D('',#6708,#6709,#6710);
#6708 = CARTESIAN_POINT('',(24.492882822354,44.698738473878,
    14.148870768325));
#6709 = DIRECTION('',(0.757090818962,0.409990233967,0.508646733887));
#6710 = DIRECTION('',(0.6468268291,-0.579813749317,-0.49541000117));
#6711 = DEFINITIONAL_REPRESENTATION('',(#6712),#6738);
#6712 = B_SPLINE_CURVE_WITH_KNOTS('',3,(#6713,#6714,#6715,#6716,#6717,
    #6718,#6719,#6720,#6721,#6722,#6723,#6724,#6725,#6726,#6727,#6728,
    #6729,#6730,#6731,#6732,#6733,#6734,#6735,#6736,#6737),
  .UNSPECIFIED.,.F.,.F.,(4,1,1,1,1,1,1,1,1,1,1,1,1,1,1,1,1,1,1,1,1,1,4),
  (5.497787143782,5.569186976818,5.640586809854,5.711986642891,
    5.783386475927,5.854786308963,5.926186141999,5.997585975035,
    6.068985808071,6.140385641107,6.211785474143,6.28318530718,
    6.354585140216,6.425984973252,6.497384806288,6.568784639324,
    6.64018447236,6.711584305396,6.782984138433,6.854383971469,
    6.925783804505,6.997183637541,7.068583470577),
  .QUASI_UNIFORM_KNOTS.);
#6713 = CARTESIAN_POINT('',(-0.886077123793,-0.420534335284));
#6714 = CARTESIAN_POINT('',(-0.862761489391,-0.431177612946));
#6715 = CARTESIAN_POINT('',(-0.815451353994,-0.451857720497));
#6716 = CARTESIAN_POINT('',(-0.742397299073,-0.480841619708));
#6717 = CARTESIAN_POINT('',(-0.667183779189,-0.507573396942));
#6718 = CARTESIAN_POINT('',(-0.589804445008,-0.531833486067));
#6719 = CARTESIAN_POINT('',(-0.510306420952,-0.553405144352));
#6720 = CARTESIAN_POINT('',(-0.428803178641,-0.572079393981));
#6721 = CARTESIAN_POINT('',(-0.345478129824,-0.587661669371));
#6722 = CARTESIAN_POINT('',(-0.260586064886,-0.599978915752));
#6723 = CARTESIAN_POINT('',(-0.174449006799,-0.608886874916));
#6724 = CARTESIAN_POINT('',(-8.744645132812E-02,-0.614276835086));
#6725 = CARTESIAN_POINT('',(3.28626015289E-14,-0.616081145463));
#6726 = CARTESIAN_POINT('',(8.744645132821E-02,-0.614276835086));
#6727 = CARTESIAN_POINT('',(0.174449006799,-0.608886874916));
#6728 = CARTESIAN_POINT('',(0.260586064886,-0.599978915752));
#6729 = CARTESIAN_POINT('',(0.345478129824,-0.587661669371));
#6730 = CARTESIAN_POINT('',(0.428803178641,-0.572079393981));
#6731 = CARTESIAN_POINT('',(0.510306420952,-0.553405144352));
#6732 = CARTESIAN_POINT('',(0.589804445008,-0.531833486067));
#6733 = CARTESIAN_POINT('',(0.667183779189,-0.507573396942));
#6734 = CARTESIAN_POINT('',(0.742397299073,-0.480841619708));
#6735 = CARTESIAN_POINT('',(0.815451353994,-0.451857720497));
#6736 = CARTESIAN_POINT('',(0.862761489391,-0.431177612946));
#6737 = CARTESIAN_POINT('',(0.886077123793,-0.420534335284));
#6738 = ( GEOMETRIC_REPRESENTATION_CONTEXT(2) 
PARAMETRIC_REPRESENTATION_CONTEXT() REPRESENTATION_CONTEXT('2D SPACE',''
  ) );
#6739 = ORIENTED_EDGE('',*,*,#6740,.T.);
#6740 = EDGE_CURVE('',#6690,#3193,#6741,.T.);
#6741 = SURFACE_CURVE('',#6742,(#6746,#6753),.PCURVE_S1.);
#6742 = LINE('',#6743,#6744);
#6743 = CARTESIAN_POINT('',(25.384887506896,43.898745787633,
    14.268617771252));
#6744 = VECTOR('',#6745,1.);
#6745 = DIRECTION('',(-0.991607709035,2.234722801548E-29,-0.129283221584
    ));
#6746 = PCURVE('',#3213,#6747);
#6747 = DEFINITIONAL_REPRESENTATION('',(#6748),#6752);
#6748 = LINE('',#6749,#6750);
#6749 = CARTESIAN_POINT('',(7.068583470577,-3.586020369539E-14));
#6750 = VECTOR('',#6751,1.);
#6751 = DIRECTION('',(0.,1.));
#6752 = ( GEOMETRIC_REPRESENTATION_CONTEXT(2) 
PARAMETRIC_REPRESENTATION_CONTEXT() REPRESENTATION_CONTEXT('2D SPACE',''
  ) );
#6753 = PCURVE('',#3241,#6754);
#6754 = DEFINITIONAL_REPRESENTATION('',(#6755),#6759);
#6755 = LINE('',#6756,#6757);
#6756 = CARTESIAN_POINT('',(-5.205741875671,4.192285351408E-14));
#6757 = VECTOR('',#6758,1.);
#6758 = DIRECTION('',(1.41125490749E-16,-1.));
#6759 = ( GEOMETRIC_REPRESENTATION_CONTEXT(2) 
PARAMETRIC_REPRESENTATION_CONTEXT() REPRESENTATION_CONTEXT('2D SPACE',''
  ) );
#6760 = ADVANCED_FACE('',(#6761),#3241,.F.);
#6761 = FACE_BOUND('',#6762,.T.);
#6762 = EDGE_LOOP('',(#6763,#6764,#6765,#6793,#6821));
#6763 = ORIENTED_EDGE('',*,*,#3225,.F.);
#6764 = ORIENTED_EDGE('',*,*,#6740,.F.);
#6765 = ORIENTED_EDGE('',*,*,#6766,.F.);
#6766 = EDGE_CURVE('',#6767,#6690,#6769,.T.);
#6767 = VERTEX_POINT('',#6768);
#6768 = CARTESIAN_POINT('',(24.097788260899,43.911798947748,
    17.179262555723));
#6769 = SURFACE_CURVE('',#6770,(#6774,#6781),.PCURVE_S1.);
#6770 = LINE('',#6771,#6772);
#6771 = CARTESIAN_POINT('',(23.431198255162,43.933846471359,
    22.292035739695));
#6772 = VECTOR('',#6773,1.);
#6773 = DIRECTION('',(0.129282039652,-4.276014937613E-03,-0.991598643565
    ));
#6774 = PCURVE('',#3241,#6775);
#6775 = DEFINITIONAL_REPRESENTATION('',(#6776),#6780);
#6776 = LINE('',#6777,#6778);
#6777 = CARTESIAN_POINT('',(3.002995520949,-0.9));
#6778 = VECTOR('',#6779,1.);
#6779 = DIRECTION('',(-1.,3.12691107055E-17));
#6780 = ( GEOMETRIC_REPRESENTATION_CONTEXT(2) 
PARAMETRIC_REPRESENTATION_CONTEXT() REPRESENTATION_CONTEXT('2D SPACE',''
  ) );
#6781 = PCURVE('',#6782,#6787);
#6782 = CYLINDRICAL_SURFACE('',#6783,0.8);
#6783 = AXIS2_PLACEMENT_3D('',#6784,#6785,#6786);
#6784 = CARTESIAN_POINT('',(23.431640508752,44.733839157604,
    22.288643636194));
#6785 = DIRECTION('',(0.129282039652,-4.276014937613E-03,-0.991598643565
    ));
#6786 = DIRECTION('',(0.700781634695,-0.707100316679,9.441526691079E-02)
  );
#6787 = DEFINITIONAL_REPRESENTATION('',(#6788),#6792);
#6788 = LINE('',#6789,#6790);
#6789 = CARTESIAN_POINT('',(0.785398163398,-4.174438572591E-14));
#6790 = VECTOR('',#6791,1.);
#6791 = DIRECTION('',(1.01833767052E-15,1.));
#6792 = ( GEOMETRIC_REPRESENTATION_CONTEXT(2) 
PARAMETRIC_REPRESENTATION_CONTEXT() REPRESENTATION_CONTEXT('2D SPACE',''
  ) );
#6793 = ORIENTED_EDGE('',*,*,#6794,.F.);
#6794 = EDGE_CURVE('',#6795,#6767,#6797,.T.);
#6795 = VERTEX_POINT('',#6796);
#6796 = CARTESIAN_POINT('',(23.313581085971,43.90803295282,
    16.188848543882));
#6797 = SURFACE_CURVE('',#6798,(#6802,#6809),.PCURVE_S1.);
#6798 = LINE('',#6799,#6800);
#6799 = CARTESIAN_POINT('',(24.938832920796,43.915837893099,
    18.241459437337));
#6800 = VECTOR('',#6801,1.);
#6801 = DIRECTION('',(0.620763158764,2.981088393789E-03,0.783992483276)
  );
#6802 = PCURVE('',#3241,#6803);
#6803 = DEFINITIONAL_REPRESENTATION('',(#6804),#6808);
#6804 = LINE('',#6805,#6806);
#6805 = CARTESIAN_POINT('',(-1.208537535698,7.131060320865E-02));
#6806 = VECTOR('',#6807,1.);
#6807 = DIRECTION('',(0.697165102855,0.71691060765));
#6808 = ( GEOMETRIC_REPRESENTATION_CONTEXT(2) 
PARAMETRIC_REPRESENTATION_CONTEXT() REPRESENTATION_CONTEXT('2D SPACE',''
  ) );
#6809 = PCURVE('',#6810,#6815);
#6810 = CYLINDRICAL_SURFACE('',#6811,1.2);
#6811 = AXIS2_PLACEMENT_3D('',#6812,#6813,#6814);
#6812 = CARTESIAN_POINT('',(24.93949630118,45.115826922467,
    18.236371282085));
#6813 = DIRECTION('',(0.620763158764,2.981088393789E-03,0.783992483276)
  );
#6814 = DIRECTION('',(-0.55476117181,-0.704932666369,0.44193888507));
#6815 = DEFINITIONAL_REPRESENTATION('',(#6816),#6820);
#6816 = LINE('',#6817,#6818);
#6817 = CARTESIAN_POINT('',(0.785398163397,5.773159728051E-15));
#6818 = VECTOR('',#6819,1.);
#6819 = DIRECTION('',(2.812259101863E-15,1.));
#6820 = ( GEOMETRIC_REPRESENTATION_CONTEXT(2) 
PARAMETRIC_REPRESENTATION_CONTEXT() REPRESENTATION_CONTEXT('2D SPACE',''
  ) );
#6821 = ORIENTED_EDGE('',*,*,#6822,.F.);
#6822 = EDGE_CURVE('',#3226,#6795,#6823,.T.);
#6823 = SURFACE_CURVE('',#6824,(#6829,#6840),.PCURVE_S1.);
#6824 = CIRCLE('',#6825,2.);
#6825 = AXIS2_PLACEMENT_3D('',#6826,#6827,#6828);
#6826 = CARTESIAN_POINT('',(21.74558517384,43.914163993754,
    17.430360215143));
#6827 = DIRECTION('',(-5.528169866769E-04,-0.999990857806,
    4.240129376084E-03));
#6828 = DIRECTION('',(0.49285039085,-3.961850265734E-03,-0.87010504882)
  );
#6829 = PCURVE('',#3241,#6830);
#6830 = DEFINITIONAL_REPRESENTATION('',(#6831),#6839);
#6831 = ( BOUNDED_CURVE() B_SPLINE_CURVE(2,(#6832,#6833,#6834,#6835,
#6836,#6837,#6838),.UNSPECIFIED.,.T.,.F.) B_SPLINE_CURVE_WITH_KNOTS((1,2
    ,2,2,2,1),(-2.094395102393,0.,2.094395102393,4.188790204786,
6.28318530718,8.377580409573),.UNSPECIFIED.) CURVE() 
GEOMETRIC_REPRESENTATION_ITEM() RATIONAL_B_SPLINE_CURVE((1.,0.5,1.,0.5,
1.,0.5,1.)) REPRESENTATION_ITEM('') );
#6832 = CARTESIAN_POINT('',(-3.453057261744,-2.447551473721));
#6833 = CARTESIAN_POINT('',(-2.149778184149,0.762037852953));
#6834 = CARTESIAN_POINT('',(-2.183183033061E-02,-1.971429599802));
#6835 = CARTESIAN_POINT('',(2.106114523487,-4.704897052557));
#6836 = CARTESIAN_POINT('',(-1.325110907926,-5.181018926477));
#6837 = CARTESIAN_POINT('',(-4.756336339339,-5.657140800396));
#6838 = CARTESIAN_POINT('',(-3.453057261744,-2.447551473721));
#6839 = ( GEOMETRIC_REPRESENTATION_CONTEXT(2) 
PARAMETRIC_REPRESENTATION_CONTEXT() REPRESENTATION_CONTEXT('2D SPACE',''
  ) );
#6840 = PCURVE('',#3287,#6841);
#6841 = DEFINITIONAL_REPRESENTATION('',(#6842),#6846);
#6842 = LINE('',#6843,#6844);
#6843 = CARTESIAN_POINT('',(-4.326671215694,1.570796326795));
#6844 = VECTOR('',#6845,1.);
#6845 = DIRECTION('',(1.,-5.767144891351E-15));
#6846 = ( GEOMETRIC_REPRESENTATION_CONTEXT(2) 
PARAMETRIC_REPRESENTATION_CONTEXT() REPRESENTATION_CONTEXT('2D SPACE',''
  ) );
#6847 = ADVANCED_FACE('',(#6848),#3287,.T.);
#6848 = FACE_BOUND('',#6849,.T.);
#6849 = EDGE_LOOP('',(#6850,#6851,#6852,#6876));
#6850 = ORIENTED_EDGE('',*,*,#3253,.F.);
#6851 = ORIENTED_EDGE('',*,*,#6822,.T.);
#6852 = ORIENTED_EDGE('',*,*,#6853,.T.);
#6853 = EDGE_CURVE('',#6795,#6854,#6856,.T.);
#6854 = VERTEX_POINT('',#6855);
#6855 = CARTESIAN_POINT('',(22.373446919077,45.111700606748,
    16.928667391387));
#6856 = SURFACE_CURVE('',#6857,(#6862,#6869),.PCURVE_S1.);
#6857 = CIRCLE('',#6858,1.2);
#6858 = AXIS2_PLACEMENT_3D('',#6859,#6860,#6861);
#6859 = CARTESIAN_POINT('',(23.314244466355,45.108021982187,
    16.183760388631));
#6860 = DIRECTION('',(-0.620763158764,-2.981088393789E-03,
    -0.783992483276));
#6861 = DIRECTION('',(-5.528169866769E-04,-0.999990857806,
    4.240129376084E-03));
#6862 = PCURVE('',#3287,#6863);
#6863 = DEFINITIONAL_REPRESENTATION('',(#6864),#6868);
#6864 = LINE('',#6865,#6866);
#6865 = CARTESIAN_POINT('',(2.342231856176,1.570796326795));
#6866 = VECTOR('',#6867,1.);
#6867 = DIRECTION('',(-1.950740204631E-14,1.));
#6868 = ( GEOMETRIC_REPRESENTATION_CONTEXT(2) 
PARAMETRIC_REPRESENTATION_CONTEXT() REPRESENTATION_CONTEXT('2D SPACE',''
  ) );
#6869 = PCURVE('',#6810,#6870);
#6870 = DEFINITIONAL_REPRESENTATION('',(#6871),#6875);
#6871 = LINE('',#6872,#6873);
#6872 = CARTESIAN_POINT('',(0.785398163397,-2.618151241549));
#6873 = VECTOR('',#6874,1.);
#6874 = DIRECTION('',(-1.,-2.261727773485E-15));
#6875 = ( GEOMETRIC_REPRESENTATION_CONTEXT(2) 
PARAMETRIC_REPRESENTATION_CONTEXT() REPRESENTATION_CONTEXT('2D SPACE',''
  ) );
#6876 = ORIENTED_EDGE('',*,*,#6877,.T.);
#6877 = EDGE_CURVE('',#6854,#3254,#6878,.T.);
#6878 = SURFACE_CURVE('',#6879,(#6884,#6891),.PCURVE_S1.);
#6879 = CIRCLE('',#6880,0.8);
#6880 = AXIS2_PLACEMENT_3D('',#6881,#6882,#6883);
#6881 = CARTESIAN_POINT('',(21.746248554224,45.114153023122,
    17.425272059891));
#6882 = DIRECTION('',(5.528169866769E-04,0.999990857806,
    -4.240129376084E-03));
#6883 = DIRECTION('',(0.49285039085,-3.961850265734E-03,-0.87010504882)
  );
#6884 = PCURVE('',#3287,#6885);
#6885 = DEFINITIONAL_REPRESENTATION('',(#6886),#6890);
#6886 = LINE('',#6887,#6888);
#6887 = CARTESIAN_POINT('',(8.239699398665,3.14159265359));
#6888 = VECTOR('',#6889,1.);
#6889 = DIRECTION('',(-1.,0.));
#6890 = ( GEOMETRIC_REPRESENTATION_CONTEXT(2) 
PARAMETRIC_REPRESENTATION_CONTEXT() REPRESENTATION_CONTEXT('2D SPACE',''
  ) );
#6891 = PCURVE('',#3337,#6892);
#6892 = DEFINITIONAL_REPRESENTATION('',(#6893),#6897);
#6893 = LINE('',#6894,#6895);
#6894 = CARTESIAN_POINT('',(-6.888283975324,5.864761515876));
#6895 = VECTOR('',#6896,1.);
#6896 = DIRECTION('',(1.,-3.58564266908E-15));
#6897 = ( GEOMETRIC_REPRESENTATION_CONTEXT(2) 
PARAMETRIC_REPRESENTATION_CONTEXT() REPRESENTATION_CONTEXT('2D SPACE',''
  ) );
#6898 = ADVANCED_FACE('',(#6899),#3337,.F.);
#6899 = FACE_BOUND('',#6900,.F.);
#6900 = EDGE_LOOP('',(#6901,#6925,#7021,#7050,#7076,#7077));
#6901 = ORIENTED_EDGE('',*,*,#6902,.T.);
#6902 = EDGE_CURVE('',#3322,#6903,#6905,.T.);
#6903 = VERTEX_POINT('',#6904);
#6904 = CARTESIAN_POINT('',(21.065701083139,54.412700300954,
    16.97373549767));
#6905 = SURFACE_CURVE('',#6906,(#6911,#6918),.PCURVE_S1.);
#6906 = CIRCLE('',#6907,0.8);
#6907 = AXIS2_PLACEMENT_3D('',#6908,#6909,#6910);
#6908 = CARTESIAN_POINT('',(21.7513897522,54.414068000721,
    17.385838856694));
#6909 = DIRECTION('',(-5.52816986677E-04,-0.999990857806,
    4.240129376084E-03));
#6910 = DIRECTION('',(-0.129282039652,4.276014937613E-03,0.991598643565)
  );
#6911 = PCURVE('',#3337,#6912);
#6912 = DEFINITIONAL_REPRESENTATION('',(#6913),#6917);
#6913 = LINE('',#6914,#6915);
#6914 = CARTESIAN_POINT('',(2.922211750136,15.164761515876));
#6915 = VECTOR('',#6916,1.);
#6916 = DIRECTION('',(-1.,0.));
#6917 = ( GEOMETRIC_REPRESENTATION_CONTEXT(2) 
PARAMETRIC_REPRESENTATION_CONTEXT() REPRESENTATION_CONTEXT('2D SPACE',''
  ) );
#6918 = PCURVE('',#3365,#6919);
#6919 = DEFINITIONAL_REPRESENTATION('',(#6920),#6924);
#6920 = CIRCLE('',#6921,0.8);
#6921 = AXIS2_PLACEMENT_2D('',#6922,#6923);
#6922 = CARTESIAN_POINT('',(-4.405741875671,-3.2));
#6923 = DIRECTION('',(-1.,-3.513535089871E-18));
#6924 = ( GEOMETRIC_REPRESENTATION_CONTEXT(2) 
PARAMETRIC_REPRESENTATION_CONTEXT() REPRESENTATION_CONTEXT('2D SPACE',''
  ) );
#6925 = ORIENTED_EDGE('',*,*,#6926,.T.);
#6926 = EDGE_CURVE('',#6903,#6927,#6929,.T.);
#6927 = VERTEX_POINT('',#6928);
#6928 = CARTESIAN_POINT('',(21.854152003538,53.210658159403,
    16.597648097093));
#6929 = SURFACE_CURVE('',#6930,(#6935,#6964),.PCURVE_S1.);
#6930 = ELLIPSE('',#6931,2.154065922854,0.8);
#6931 = AXIS2_PLACEMENT_3D('',#6932,#6933,#6934);
#6932 = CARTESIAN_POINT('',(21.751832005789,55.214060686966,
    17.382446753193));
#6933 = DIRECTION('',(-0.120240671442,-0.367417100829,0.92225097178));
#6934 = DIRECTION('',(4.750086646033E-02,-0.930056274651,-0.364333629613
    ));
#6935 = PCURVE('',#3337,#6936);
#6936 = DEFINITIONAL_REPRESENTATION('',(#6937),#6963);
#6937 = B_SPLINE_CURVE_WITH_KNOTS('',3,(#6938,#6939,#6940,#6941,#6942,
    #6943,#6944,#6945,#6946,#6947,#6948,#6949,#6950,#6951,#6952,#6953,
    #6954,#6955,#6956,#6957,#6958,#6959,#6960,#6961,#6962),
  .UNSPECIFIED.,.F.,.F.,(4,1,1,1,1,1,1,1,1,1,1,1,1,1,1,1,1,1,1,1,1,1,4),
  (5.123905486058,5.176600023382,5.229294560706,5.281989098029,
    5.334683635353,5.387378172677,5.44007271,5.492767247324,
    5.545461784648,5.598156321972,5.650850859295,5.703545396619,
    5.756239933943,5.808934471266,5.86162900859,5.914323545914,
    5.967018083237,6.019712620561,6.072407157885,6.125101695208,
    6.177796232532,6.230490769856,6.28318530718),.QUASI_UNIFORM_KNOTS.);
#6938 = CARTESIAN_POINT('',(0.939898917667,15.164762139829));
#6939 = CARTESIAN_POINT('',(0.922334071893,15.132564653693));
#6940 = CARTESIAN_POINT('',(0.887204380344,15.068912348301));
#6941 = CARTESIAN_POINT('',(0.83450984302,14.975919193573));
#6942 = CARTESIAN_POINT('',(0.781815305696,14.885671575113));
#6943 = CARTESIAN_POINT('',(0.729120768373,14.798419470198));
#6944 = CARTESIAN_POINT('',(0.676426231049,14.714405246074));
#6945 = CARTESIAN_POINT('',(0.623731693725,14.633862092301));
#6946 = CARTESIAN_POINT('',(0.571037156402,14.557013613164));
#6947 = CARTESIAN_POINT('',(0.518342619078,14.484073142691));
#6948 = CARTESIAN_POINT('',(0.465648081754,14.415243169634));
#6949 = CARTESIAN_POINT('',(0.41295354443,14.350714770736));
#6950 = CARTESIAN_POINT('',(0.360259007107,14.290667081523));
#6951 = CARTESIAN_POINT('',(0.307564469783,14.235266798669));
#6952 = CARTESIAN_POINT('',(0.254869932459,14.184667717373));
#6953 = CARTESIAN_POINT('',(0.202175395136,14.139010304198));
#6954 = CARTESIAN_POINT('',(0.149480857812,14.09842130785));
#6955 = CARTESIAN_POINT('',(9.67863204883E-02,14.063013404624));
#6956 = CARTESIAN_POINT('',(4.409178316461E-02,14.03288489565));
#6957 = CARTESIAN_POINT('',(-8.602754159085E-03,14.00811939651));
#6958 = CARTESIAN_POINT('',(-6.129729148278E-02,13.988785745051));
#6959 = CARTESIAN_POINT('',(-0.113991828806,13.974937288032));
#6960 = CARTESIAN_POINT('',(-0.16668636613,13.966613682102));
#6961 = CARTESIAN_POINT('',(-0.201816057679,13.964760233824));
#6962 = CARTESIAN_POINT('',(-0.219380903454,13.964761515876));
#6963 = ( GEOMETRIC_REPRESENTATION_CONTEXT(2) 
PARAMETRIC_REPRESENTATION_CONTEXT() REPRESENTATION_CONTEXT('2D SPACE',''
  ) );
#6964 = PCURVE('',#6965,#7016);
#6965 = ( BOUNDED_SURFACE() B_SPLINE_SURFACE(3,2,(
    (#6966,#6967,#6968,#6969,#6970)
    ,(#6971,#6972,#6973,#6974,#6975)
    ,(#6976,#6977,#6978,#6979,#6980)
    ,(#6981,#6982,#6983,#6984,#6985)
    ,(#6986,#6987,#6988,#6989,#6990)
    ,(#6991,#6992,#6993,#6994,#6995)
    ,(#6996,#6997,#6998,#6999,#7000)
    ,(#7001,#7002,#7003,#7004,#7005)
    ,(#7006,#7007,#7008,#7009,#7010)
    ,(#7011,#7012,#7013,#7014,#7015
)),.UNSPECIFIED.,.F.,.F.,.F.) B_SPLINE_SURFACE_WITH_KNOTS((4,1,1,1,1,1,1
    ,4),(3,2,3),(6.28318530718,6.479534848029,6.675884388878,
    6.872233929728,7.068583470577,7.264933011426,7.461282552276,
    7.853981633974),(-2.345808329382,0.,1.),.UNSPECIFIED.) 
GEOMETRIC_REPRESENTATION_ITEM() RATIONAL_B_SPLINE_SURFACE((
    (1.,1.,1.,0.707106781187,1.)
    ,(1.,1.,1.,0.707106781197,1.)
    ,(1.,1.,1.,0.716401352177,1.)
    ,(1.,1.,1.,0.754559785214,1.)
    ,(1.,1.,1.,0.808050226058,1.)
    ,(1.,1.,1.,0.866676145285,1.)
    ,(1.,1.,1.,0.921397615509,1.)
    ,(1.,1.,1.,0.980007786481,1.)
    ,(1.,1.,1.,1.,1.)
,(1.,1.,1.,1.,1.))) REPRESENTATION_ITEM('') SURFACE() );
#6966 = CARTESIAN_POINT('',(22.524621590644,54.388493289026,
    11.455118361979));
#6967 = CARTESIAN_POINT('',(22.267287711074,54.397004629936,
    13.428879965772));
#6968 = CARTESIAN_POINT('',(22.009953831504,54.405515970845,
    15.402641569564));
#6969 = CARTESIAN_POINT('',(21.854815383922,54.41064718877,
    16.592559941842));
#6970 = CARTESIAN_POINT('',(21.854152003538,53.210658159403,
    16.597648097093));
#6971 = CARTESIAN_POINT('',(22.214333717883,54.388493289312,
    11.414663840296));
#6972 = CARTESIAN_POINT('',(22.086183543414,54.397004630079,
    13.405268077823));
#6973 = CARTESIAN_POINT('',(21.958033368944,54.405515970845,
    15.395872315351));
#6974 = CARTESIAN_POINT('',(21.8807756866,54.410647188684,
    16.595944578173));
#6975 = CARTESIAN_POINT('',(21.802231540978,53.210658159407,
    16.590878842876));
#6976 = CARTESIAN_POINT('',(21.57166673753,54.508186458925,
    11.465758014677));
#6977 = CARTESIAN_POINT('',(21.711266462042,54.462063255303,
    13.436808230854));
#6978 = CARTESIAN_POINT('',(21.850866186553,54.415940051681,
    15.407858447032));
#6979 = CARTESIAN_POINT('',(21.933934547311,54.388494589799,
    16.580725449464));
#6980 = CARTESIAN_POINT('',(21.697073017869,53.236486823514,
    16.587458473979));
#6981 = CARTESIAN_POINT('',(20.853103180824,54.950115403024,
    11.914333174502));
#6982 = CARTESIAN_POINT('',(21.269705654793,54.706181425478,
    13.70802640871));
#6983 = CARTESIAN_POINT('',(21.686308128762,54.462247447932,
    15.501719642919));
#6984 = CARTESIAN_POINT('',(21.921669759882,54.324435739102,
    16.515075519827));
#6985 = CARTESIAN_POINT('',(21.541438123931,53.351226741848,
    16.612878630437));
#6986 = CARTESIAN_POINT('',(20.506717311766,55.450655564255,
    12.625412323861));
#6987 = CARTESIAN_POINT('',(21.0154933175,54.994051178289,
    14.146634536853));
#6988 = CARTESIAN_POINT('',(21.524269323233,54.537446792322,
    15.667856749846));
#6989 = CARTESIAN_POINT('',(21.792677499584,54.296562102065,
    16.470387677824));
#6990 = CARTESIAN_POINT('',(21.393889791327,53.537554787307,
    16.667873204837));
#6991 = CARTESIAN_POINT('',(20.486535785315,55.828860637583,
    13.487673043268));
#6992 = CARTESIAN_POINT('',(20.928754019906,55.233753986153,
    14.693777731764));
#6993 = CARTESIAN_POINT('',(21.370972254497,54.638647334723,
    15.89988242026));
#6994 = CARTESIAN_POINT('',(21.588486286763,54.345932025277,
    16.493129540367));
#6995 = CARTESIAN_POINT('',(21.260093473981,53.788308293447,
    16.75032729764));
#6996 = CARTESIAN_POINT('',(20.659206289842,55.983672021478,
    14.423065420412));
#6997 = CARTESIAN_POINT('',(20.94576498688,55.372817651045,
    15.305977839604));
#6998 = CARTESIAN_POINT('',(21.232323683919,54.761963280612,
    16.188890258795));
#6999 = CARTESIAN_POINT('',(21.364902453994,54.479346413757,
    16.597377049913));
#7000 = CARTESIAN_POINT('',(21.145207163429,54.093859084585,
    16.857077609353));
#7001 = CARTESIAN_POINT('',(20.942261524432,55.881073043144,
    15.736980089011));
#7002 = CARTESIAN_POINT('',(21.008139355073,55.41530491252,
    16.186165510633));
#7003 = CARTESIAN_POINT('',(21.074017185713,54.949536781895,
    16.635350932256));
#7004 = CARTESIAN_POINT('',(21.102673295941,54.746932920138,
    16.830741503404));
#7005 = CARTESIAN_POINT('',(21.023044979564,54.558626485919,
    17.026309882262));
#7006 = CARTESIAN_POINT('',(21.0401752836,55.475122217488,
    16.652918923245));
#7007 = CARTESIAN_POINT('',(21.016254595773,55.291672322099,
    16.836391597928));
#7008 = CARTESIAN_POINT('',(20.992333907944,55.10822242671,
    17.01986427261));
#7009 = CARTESIAN_POINT('',(20.982136703199,55.030019151067,
    17.09807725889));
#7010 = CARTESIAN_POINT('',(20.971939495505,54.951815898431,
    17.176290267786));
#7011 = CARTESIAN_POINT('',(20.958545838562,55.214060686966,
    17.279020175926));
#7012 = CARTESIAN_POINT('',(20.958545838562,55.214060686966,
    17.279020175926));
#7013 = CARTESIAN_POINT('',(20.958545838562,55.214060686966,
    17.279020175926));
#7014 = CARTESIAN_POINT('',(20.958545838562,55.214060686966,
    17.279020175926));
#7015 = CARTESIAN_POINT('',(20.958545838562,55.214060686966,
    17.279020175926));
#7016 = DEFINITIONAL_REPRESENTATION('',(#7017),#7020);
#7017 = B_SPLINE_CURVE_WITH_KNOTS('',1,(#7018,#7019),.UNSPECIFIED.,.F.,
  .F.,(2,2),(5.123905486058,6.28318530718),.PIECEWISE_BEZIER_KNOTS.);
#7018 = CARTESIAN_POINT('',(7.442465234113,0.999997487484));
#7019 = CARTESIAN_POINT('',(6.28318530718,1.));
#7020 = ( GEOMETRIC_REPRESENTATION_CONTEXT(2) 
PARAMETRIC_REPRESENTATION_CONTEXT() REPRESENTATION_CONTEXT('2D SPACE',''
  ) );
#7021 = ORIENTED_EDGE('',*,*,#7022,.T.);
#7022 = EDGE_CURVE('',#6927,#7023,#7025,.T.);
#7023 = VERTEX_POINT('',#7024);
#7024 = CARTESIAN_POINT('',(22.377924736669,53.211626554979,
    16.894322343441));
#7025 = SURFACE_CURVE('',#7026,(#7031,#7038),.PCURVE_S1.);
#7026 = CIRCLE('',#7027,0.8);
#7027 = AXIS2_PLACEMENT_3D('',#7028,#7029,#7030);
#7028 = CARTESIAN_POINT('',(21.750726371816,53.214078971353,
    17.390927011945));
#7029 = DIRECTION('',(-5.52816986677E-04,-0.999990857806,
    4.240129376084E-03));
#7030 = DIRECTION('',(0.129282039652,-4.276014937613E-03,-0.991598643565
    ));
#7031 = PCURVE('',#3337,#7032);
#7032 = DEFINITIONAL_REPRESENTATION('',(#7033),#7037);
#7033 = LINE('',#7034,#7035);
#7034 = CARTESIAN_POINT('',(-0.219380903454,13.964761515876));
#7035 = VECTOR('',#7036,1.);
#7036 = DIRECTION('',(-1.,9.210656091117E-15));
#7037 = ( GEOMETRIC_REPRESENTATION_CONTEXT(2) 
PARAMETRIC_REPRESENTATION_CONTEXT() REPRESENTATION_CONTEXT('2D SPACE',''
  ) );
#7038 = PCURVE('',#7039,#7044);
#7039 = TOROIDAL_SURFACE('',#7040,2.,1.2);
#7040 = AXIS2_PLACEMENT_3D('',#7041,#7042,#7043);
#7041 = CARTESIAN_POINT('',(21.750726371816,53.214078971353,
    17.390927011945));
#7042 = DIRECTION('',(-5.52816986677E-04,-0.999990857806,
    4.240129376084E-03));
#7043 = DIRECTION('',(0.129282039652,-4.276014937613E-03,-0.991598643565
    ));
#7044 = DEFINITIONAL_REPRESENTATION('',(#7045),#7049);
#7045 = LINE('',#7046,#7047);
#7046 = CARTESIAN_POINT('',(0.,3.14159265359));
#7047 = VECTOR('',#7048,1.);
#7048 = DIRECTION('',(1.,0.));
#7049 = ( GEOMETRIC_REPRESENTATION_CONTEXT(2) 
PARAMETRIC_REPRESENTATION_CONTEXT() REPRESENTATION_CONTEXT('2D SPACE',''
  ) );
#7050 = ORIENTED_EDGE('',*,*,#7051,.F.);
#7051 = EDGE_CURVE('',#6854,#7023,#7052,.T.);
#7052 = SURFACE_CURVE('',#7053,(#7057,#7064),.PCURVE_S1.);
#7053 = LINE('',#7054,#7055);
#7054 = CARTESIAN_POINT('',(22.372783538693,43.91171157738,
    16.933755546638));
#7055 = VECTOR('',#7056,1.);
#7056 = DIRECTION('',(5.52816986677E-04,0.999990857806,
    -4.240129376085E-03));
#7057 = PCURVE('',#3337,#7058);
#7058 = DEFINITIONAL_REPRESENTATION('',(#7059),#7063);
#7059 = LINE('',#7060,#7061);
#7060 = CARTESIAN_POINT('',(-0.990816432835,4.664761515876));
#7061 = VECTOR('',#7062,1.);
#7062 = DIRECTION('',(7.675615972717E-16,1.));
#7063 = ( GEOMETRIC_REPRESENTATION_CONTEXT(2) 
PARAMETRIC_REPRESENTATION_CONTEXT() REPRESENTATION_CONTEXT('2D SPACE',''
  ) );
#7064 = PCURVE('',#7065,#7070);
#7065 = PLANE('',#7066);
#7066 = AXIS2_PLACEMENT_3D('',#7067,#7068,#7069);
#7067 = CARTESIAN_POINT('',(23.504167971913,39.252438334487,
    18.385672917246));
#7068 = DIRECTION('',(0.783997956066,-3.065520467247E-03,-0.62075583563)
  );
#7069 = DIRECTION('',(5.528169866769E-04,0.999990857806,
    -4.240129376084E-03));
#7070 = DEFINITIONAL_REPRESENTATION('',(#7071),#7075);
#7071 = LINE('',#7072,#7073);
#7072 = CARTESIAN_POINT('',(4.664761515876,-1.826724374048));
#7073 = VECTOR('',#7074,1.);
#7074 = DIRECTION('',(1.,-4.316967568718E-17));
#7075 = ( GEOMETRIC_REPRESENTATION_CONTEXT(2) 
PARAMETRIC_REPRESENTATION_CONTEXT() REPRESENTATION_CONTEXT('2D SPACE',''
  ) );
#7076 = ORIENTED_EDGE('',*,*,#6877,.T.);
#7077 = ORIENTED_EDGE('',*,*,#3321,.T.);
#7078 = ADVANCED_FACE('',(#7079),#3365,.F.);
#7079 = FACE_BOUND('',#7080,.T.);
#7080 = EDGE_LOOP('',(#7081,#7082,#7083,#7218,#7242,#7270,#7298));
#7081 = ORIENTED_EDGE('',*,*,#3349,.F.);
#7082 = ORIENTED_EDGE('',*,*,#6902,.T.);
#7083 = ORIENTED_EDGE('',*,*,#7084,.F.);
#7084 = EDGE_CURVE('',#7085,#6903,#7087,.T.);
#7085 = VERTEX_POINT('',#7086);
#7086 = CARTESIAN_POINT('',(22.009953831504,54.405515970845,
    15.402641569564));
#7087 = SURFACE_CURVE('',#7088,(#7115,#7145),.PCURVE_S1.);
#7088 = B_SPLINE_CURVE_WITH_KNOTS('',3,(#7089,#7090,#7091,#7092,#7093,
    #7094,#7095,#7096,#7097,#7098,#7099,#7100,#7101,#7102,#7103,#7104,
    #7105,#7106,#7107,#7108,#7109,#7110,#7111,#7112,#7113,#7114),
  .UNSPECIFIED.,.F.,.F.,(4,2,2,2,2,2,2,2,2,2,2,2,4),(-8.867834377972E-04
    ,0.,8.330282419029E-03,1.376538898385E-02,1.912579912589E-02,
    2.445027842968E-02,2.986708669555E-02,3.539143024189E-02,
    4.107492153651E-02,5.298923417078E-02,7.965250133132E-02,
    0.139738891719,0.175183508752),.UNSPECIFIED.);
#7089 = CARTESIAN_POINT('',(22.009953831504,54.405515970845,
    15.402641569564));
#7090 = CARTESIAN_POINT('',(22.007805646037,54.405525767564,
    15.404671950035));
#7091 = CARTESIAN_POINT('',(22.005663925868,54.405535590291,
    15.406709307074));
#7092 = CARTESIAN_POINT('',(21.983472508715,54.405637952263,
    15.427957065235));
#7093 = CARTESIAN_POINT('',(21.964144036377,54.405732080882,
    15.447636335199));
#7094 = CARTESIAN_POINT('',(21.933020138989,54.405892446212,
    15.48139899485));
#7095 = CARTESIAN_POINT('',(21.92105855405,54.405956399839,
    15.494922279111));
#7096 = CARTESIAN_POINT('',(21.897721678191,54.406085635024,
    15.522358466088));
#7097 = CARTESIAN_POINT('',(21.886443616993,54.406150315268,
    15.536142231495));
#7098 = CARTESIAN_POINT('',(21.864326584635,54.40628112374,
    15.564108501906));
#7099 = CARTESIAN_POINT('',(21.853386503078,54.40634783602,
    15.578415567216));
#7100 = CARTESIAN_POINT('',(21.832117802818,54.406480971973,
    15.607041353389));
#7101 = CARTESIAN_POINT('',(21.821615304985,54.406548545544,
    15.621608596163));
#7102 = CARTESIAN_POINT('',(21.800755100869,54.406686209908,
    15.651355620066));
#7103 = CARTESIAN_POINT('',(21.790440816787,54.406756083711,
    15.666489887862));
#7104 = CARTESIAN_POINT('',(21.769841574621,54.406898909978,
    15.69748831701));
#7105 = CARTESIAN_POINT('',(21.759598220332,54.406971669989,
    15.713312514785));
#7106 = CARTESIAN_POINT('',(21.728334926246,54.40719828799,
    15.762682010526));
#7107 = CARTESIAN_POINT('',(21.707432174376,54.407356354467,
    15.797235115532));
#7108 = CARTESIAN_POINT('',(21.642572995771,54.407860838812,
    15.907756383898));
#7109 = CARTESIAN_POINT('',(21.599217355847,54.408220646366,
    15.986960696099));
#7110 = CARTESIAN_POINT('',(21.463270238721,54.409375575943,
    16.241614515989));
#7111 = CARTESIAN_POINT('',(21.36799507347,54.410228821552,
    16.430421981142));
#7112 = CARTESIAN_POINT('',(21.196595349814,54.411670302331,
    16.74803373373));
#7113 = CARTESIAN_POINT('',(21.132567567804,54.412190692876,
    16.862414710712));
#7114 = CARTESIAN_POINT('',(21.065697003854,54.412699675941,
    16.973734716823));
#7115 = PCURVE('',#3365,#7116);
#7116 = DEFINITIONAL_REPRESENTATION('',(#7117),#7144);
#7117 = B_SPLINE_CURVE_WITH_KNOTS('',3,(#7118,#7119,#7120,#7121,#7122,
    #7123,#7124,#7125,#7126,#7127,#7128,#7129,#7130,#7131,#7132,#7133,
    #7134,#7135,#7136,#7137,#7138,#7139,#7140,#7141,#7142,#7143),
  .UNSPECIFIED.,.F.,.F.,(4,2,2,2,2,2,2,2,2,2,2,2,4),(-8.867834377972E-04
    ,0.,8.330282419029E-03,1.376538898385E-02,1.912579912589E-02,
    2.445027842968E-02,2.986708669555E-02,3.539143024189E-02,
    4.107492153651E-02,5.298923417078E-02,7.965250133132E-02,
    0.139738891719,0.175183508752),.UNSPECIFIED.);
#7118 = CARTESIAN_POINT('',(-2.405741875671,-3.2));
#7119 = CARTESIAN_POINT('',(-2.408032961881,-3.201867663141));
#7120 = CARTESIAN_POINT('',(-2.410330130312,-3.20372801329));
#7121 = CARTESIAN_POINT('',(-2.434268767856,-3.222986214987));
#7122 = CARTESIAN_POINT('',(-2.456281932082,-3.239608277741));
#7123 = CARTESIAN_POINT('',(-2.493785386256,-3.266106028918));
#7124 = CARTESIAN_POINT('',(-2.50874174815,-3.276218895));
#7125 = CARTESIAN_POINT('',(-2.538965025463,-3.295812882366));
#7126 = CARTESIAN_POINT('',(-2.554091315872,-3.305214285196));
#7127 = CARTESIAN_POINT('',(-2.584682526071,-3.323530135448));
#7128 = CARTESIAN_POINT('',(-2.600284033946,-3.332528741163));
#7129 = CARTESIAN_POINT('',(-2.631419554928,-3.349918114445));
#7130 = CARTESIAN_POINT('',(-2.64722248639,-3.358449172185));
#7131 = CARTESIAN_POINT('',(-2.679417033333,-3.375288520316));
#7132 = CARTESIAN_POINT('',(-2.695757903216,-3.383559637028));
#7133 = CARTESIAN_POINT('',(-2.729159626281,-3.399978427576));
#7134 = CARTESIAN_POINT('',(-2.746175472189,-3.408090013388));
#7135 = CARTESIAN_POINT('',(-2.799172948647,-3.432708289356));
#7136 = CARTESIAN_POINT('',(-2.836138786993,-3.448968482519));
#7137 = CARTESIAN_POINT('',(-2.954118810873,-3.498994798398));
#7138 = CARTESIAN_POINT('',(-3.038264343517,-3.531746796532));
#7139 = CARTESIAN_POINT('',(-3.308359184982,-3.633630539671));
#7140 = CARTESIAN_POINT('',(-3.507901427505,-3.703696490659));
#7141 = CARTESIAN_POINT('',(-3.845009880215,-3.832595907375));
#7142 = CARTESIAN_POINT('',(-3.96670976929,-3.881298808416));
#7143 = CARTESIAN_POINT('',(-4.085741875671,-3.933216366119));
#7144 = ( GEOMETRIC_REPRESENTATION_CONTEXT(2) 
PARAMETRIC_REPRESENTATION_CONTEXT() REPRESENTATION_CONTEXT('2D SPACE',''
  ) );
#7145 = PCURVE('',#6965,#7146);
#7146 = DEFINITIONAL_REPRESENTATION('',(#7147),#7217);
#7147 = B_SPLINE_CURVE_WITH_KNOTS('',3,(#7148,#7149,#7150,#7151,#7152,
    #7153,#7154,#7155,#7156,#7157,#7158,#7159,#7160,#7161,#7162,#7163,
    #7164,#7165,#7166,#7167,#7168,#7169,#7170,#7171,#7172,#7173,#7174,
    #7175,#7176,#7177,#7178,#7179,#7180,#7181,#7182,#7183,#7184,#7185,
    #7186,#7187,#7188,#7189,#7190,#7191,#7192,#7193,#7194,#7195,#7196,
    #7197,#7198,#7199,#7200,#7201,#7202,#7203,#7204,#7205,#7206,#7207,
    #7208,#7209,#7210,#7211,#7212,#7213,#7214,#7215,#7216),
  .UNSPECIFIED.,.F.,.F.,(4,1,1,1,1,1,1,1,1,1,1,1,1,1,1,1,1,1,1,1,1,1,1,1
    ,1,1,1,1,1,1,1,1,1,1,1,1,1,1,1,1,1,1,1,1,1,1,1,1,1,1,1,1,1,1,1,1,1,1
    ,1,1,1,1,1,1,1,1,4),(-8.867834377972E-04,1.78094629251E-03,
    4.448676022818E-03,7.116405753125E-03,9.784135483433E-03,
    1.245186521374E-02,1.511959494405E-02,1.778732467436E-02,
    2.045505440466E-02,2.312278413497E-02,2.579051386528E-02,
    2.845824359559E-02,3.112597332589E-02,3.37937030562E-02,
    3.646143278651E-02,3.912916251682E-02,4.179689224712E-02,
    4.446462197743E-02,4.713235170774E-02,4.980008143805E-02,
    5.246781116835E-02,5.513554089866E-02,5.780327062897E-02,
    6.047100035927E-02,6.313873008958E-02,6.580645981989E-02,
    6.84741895502E-02,7.11419192805E-02,7.380964901081E-02,
    7.647737874112E-02,7.914510847143E-02,8.181283820173E-02,
    8.448056793204E-02,8.714829766235E-02,8.981602739266E-02,
    9.248375712296E-02,9.515148685327E-02,9.781921658358E-02,
    0.100486946314,0.103154676044,0.105822405775,0.108490135505,
    0.111157865235,0.113825594965,0.116493324696,0.119161054426,
    0.121828784156,0.124496513887,0.127164243617,0.129831973347,
    0.132499703078,0.135167432808,0.137835162538,0.140502892268,
    0.143170621999,0.145838351729,0.148506081459,0.15117381119,
    0.15384154092,0.15650927065,0.159177000381,0.161844730111,
    0.164512459841,0.167180189572,0.169847919302,0.172515649032,
    0.175183378762),.UNSPECIFIED.);
#7148 = CARTESIAN_POINT('',(6.28318530718,0.));
#7149 = CARTESIAN_POINT('',(6.290216708419,4.065968958054E-03));
#7150 = CARTESIAN_POINT('',(6.304441650656,1.203823584878E-02));
#7151 = CARTESIAN_POINT('',(6.326271129946,2.355944015881E-02));
#7152 = CARTESIAN_POINT('',(6.348590660813,3.468263124418E-02));
#7153 = CARTESIAN_POINT('',(6.371425042478,4.545621177679E-02));
#7154 = CARTESIAN_POINT('',(6.394529680058,5.581048785086E-02));
#7155 = CARTESIAN_POINT('',(6.417987801476,6.583100854363E-02));
#7156 = CARTESIAN_POINT('',(6.441565581297,7.546597694294E-02));
#7157 = CARTESIAN_POINT('',(6.465334181831,8.479695805604E-02));
#7158 = CARTESIAN_POINT('',(6.489357557849,9.388612341401E-02));
#7159 = CARTESIAN_POINT('',(6.513012812927,0.102557853027));
#7160 = CARTESIAN_POINT('',(6.536546174267,0.110976605301));
#7161 = CARTESIAN_POINT('',(6.559925387701,0.119189409953));
#7162 = CARTESIAN_POINT('',(6.583036353484,0.127212550969));
#7163 = CARTESIAN_POINT('',(6.605884751326,0.135098621363));
#7164 = CARTESIAN_POINT('',(6.62839422013,0.142866657035));
#7165 = CARTESIAN_POINT('',(6.650528170733,0.150544556331));
#7166 = CARTESIAN_POINT('',(6.672448501075,0.158224141409));
#7167 = CARTESIAN_POINT('',(6.694052133917,0.165905176021));
#7168 = CARTESIAN_POINT('',(6.715253016366,0.173581237563));
#7169 = CARTESIAN_POINT('',(6.735958432378,0.181237979955));
#7170 = CARTESIAN_POINT('',(6.756160205575,0.188888147567));
#7171 = CARTESIAN_POINT('',(6.776095241194,0.196639336622));
#7172 = CARTESIAN_POINT('',(6.795695185563,0.204484702716));
#7173 = CARTESIAN_POINT('',(6.814967350385,0.212443888496));
#7174 = CARTESIAN_POINT('',(6.83390022122,0.220528269164));
#7175 = CARTESIAN_POINT('',(6.852488345744,0.228750250705));
#7176 = CARTESIAN_POINT('',(6.870725929634,0.237120894982));
#7177 = CARTESIAN_POINT('',(6.888606602158,0.245650097936));
#7178 = CARTESIAN_POINT('',(6.906138374358,0.254346895887));
#7179 = CARTESIAN_POINT('',(6.92331635263,0.263212547112));
#7180 = CARTESIAN_POINT('',(6.940183401761,0.27227213324));
#7181 = CARTESIAN_POINT('',(6.956889983562,0.281618464697));
#7182 = CARTESIAN_POINT('',(6.973411171748,0.291254138648));
#7183 = CARTESIAN_POINT('',(6.989763712461,0.30120473969));
#7184 = CARTESIAN_POINT('',(7.005952112875,0.311490940513));
#7185 = CARTESIAN_POINT('',(7.02198311686,0.322136167155));
#7186 = CARTESIAN_POINT('',(7.037861860586,0.333164733257));
#7187 = CARTESIAN_POINT('',(7.053592964387,0.344602526664));
#7188 = CARTESIAN_POINT('',(7.069180238773,0.356477018585));
#7189 = CARTESIAN_POINT('',(7.084627036547,0.3688174389));
#7190 = CARTESIAN_POINT('',(7.099941463929,0.381654570256));
#7191 = CARTESIAN_POINT('',(7.115130742502,0.395021365104));
#7192 = CARTESIAN_POINT('',(7.130201434598,0.408953184374));
#7193 = CARTESIAN_POINT('',(7.145159416289,0.423488068391));
#7194 = CARTESIAN_POINT('',(7.16000992,0.438667026921));
#7195 = CARTESIAN_POINT('',(7.174757553963,0.454534344511));
#7196 = CARTESIAN_POINT('',(7.189406349704,0.47113795002));
#7197 = CARTESIAN_POINT('',(7.2039597297,0.488529681182));
#7198 = CARTESIAN_POINT('',(7.218420781509,0.506766097623));
#7199 = CARTESIAN_POINT('',(7.232791409229,0.525907427958));
#7200 = CARTESIAN_POINT('',(7.247075702905,0.546023691388));
#7201 = CARTESIAN_POINT('',(7.261267605589,0.567174291478));
#7202 = CARTESIAN_POINT('',(7.275397234584,0.589486908036));
#7203 = CARTESIAN_POINT('',(7.289327335139,0.612814014169));
#7204 = CARTESIAN_POINT('',(7.303051658488,0.637191574124));
#7205 = CARTESIAN_POINT('',(7.316582079159,0.662695815509));
#7206 = CARTESIAN_POINT('',(7.329924725578,0.689399153438));
#7207 = CARTESIAN_POINT('',(7.343086445887,0.71738269669));
#7208 = CARTESIAN_POINT('',(7.356073144789,0.74673366068));
#7209 = CARTESIAN_POINT('',(7.368890299706,0.77754690732));
#7210 = CARTESIAN_POINT('',(7.381542896252,0.809925460337));
#7211 = CARTESIAN_POINT('',(7.394035525204,0.843981447818));
#7212 = CARTESIAN_POINT('',(7.406372444178,0.879836899291));
#7213 = CARTESIAN_POINT('',(7.418557662983,0.91762534239));
#7214 = CARTESIAN_POINT('',(7.430595029772,0.957491129041));
#7215 = CARTESIAN_POINT('',(7.438523922903,0.985562380873));
#7216 = CARTESIAN_POINT('',(7.442465003547,0.99999788963));
#7217 = ( GEOMETRIC_REPRESENTATION_CONTEXT(2) 
PARAMETRIC_REPRESENTATION_CONTEXT() REPRESENTATION_CONTEXT('2D SPACE',''
  ) );
#7218 = ORIENTED_EDGE('',*,*,#7219,.T.);
#7219 = EDGE_CURVE('',#7085,#7220,#7222,.T.);
#7220 = VERTEX_POINT('',#7221);
#7221 = CARTESIAN_POINT('',(23.319385664331,54.407936959786,
    16.144327185433));
#7222 = SURFACE_CURVE('',#7223,(#7228,#7235),.PCURVE_S1.);
#7223 = CIRCLE('',#7224,2.);
#7224 = AXIS2_PLACEMENT_3D('',#7225,#7226,#7227);
#7225 = CARTESIAN_POINT('',(21.7513897522,54.414068000721,
    17.385838856694));
#7226 = DIRECTION('',(-5.52816986677E-04,-0.999990857806,
    4.240129376084E-03));
#7227 = DIRECTION('',(0.129282039652,-4.276014937613E-03,-0.991598643565
    ));
#7228 = PCURVE('',#3365,#7229);
#7229 = DEFINITIONAL_REPRESENTATION('',(#7230),#7234);
#7230 = CIRCLE('',#7231,2.);
#7231 = AXIS2_PLACEMENT_2D('',#7232,#7233);
#7232 = CARTESIAN_POINT('',(-4.405741875671,-3.2));
#7233 = DIRECTION('',(1.,3.513535089871E-18));
#7234 = ( GEOMETRIC_REPRESENTATION_CONTEXT(2) 
PARAMETRIC_REPRESENTATION_CONTEXT() REPRESENTATION_CONTEXT('2D SPACE',''
  ) );
#7235 = PCURVE('',#7039,#7236);
#7236 = DEFINITIONAL_REPRESENTATION('',(#7237),#7241);
#7237 = LINE('',#7238,#7239);
#7238 = CARTESIAN_POINT('',(0.,4.712388980385));
#7239 = VECTOR('',#7240,1.);
#7240 = DIRECTION('',(1.,-8.059324079727E-15));
#7241 = ( GEOMETRIC_REPRESENTATION_CONTEXT(2) 
PARAMETRIC_REPRESENTATION_CONTEXT() REPRESENTATION_CONTEXT('2D SPACE',''
  ) );
#7242 = ORIENTED_EDGE('',*,*,#7243,.F.);
#7243 = EDGE_CURVE('',#7244,#7220,#7246,.T.);
#7244 = VERTEX_POINT('',#7245);
#7245 = CARTESIAN_POINT('',(24.103592839259,54.411702954714,
    17.134741197274));
#7246 = SURFACE_CURVE('',#7247,(#7251,#7258),.PCURVE_S1.);
#7247 = LINE('',#7248,#7249);
#7248 = CARTESIAN_POINT('',(24.190181481153,54.412118778997,
    17.244098274002));
#7249 = VECTOR('',#7250,1.);
#7250 = DIRECTION('',(-0.620763158764,-2.981088393792E-03,
    -0.783992483276));
#7251 = PCURVE('',#3365,#7252);
#7252 = DEFINITIONAL_REPRESENTATION('',(#7253),#7257);
#7253 = LINE('',#7254,#7255);
#7254 = CARTESIAN_POINT('',(-3.949891802229,-0.8));
#7255 = VECTOR('',#7256,1.);
#7256 = DIRECTION('',(0.697165102855,-0.71691060765));
#7257 = ( GEOMETRIC_REPRESENTATION_CONTEXT(2) 
PARAMETRIC_REPRESENTATION_CONTEXT() REPRESENTATION_CONTEXT('2D SPACE',''
  ) );
#7258 = PCURVE('',#7259,#7264);
#7259 = CYLINDRICAL_SURFACE('',#7260,1.2);
#7260 = AXIS2_PLACEMENT_3D('',#7261,#7262,#7263);
#7261 = CARTESIAN_POINT('',(24.452685476572,53.213393557249,
    17.581553518956));
#7262 = DIRECTION('',(-0.620763158764,-2.981088393789E-03,
    -0.783992483276));
#7263 = DIRECTION('',(-0.747497723427,0.303820909026,0.590711442847));
#7264 = DEFINITIONAL_REPRESENTATION('',(#7265),#7269);
#7265 = LINE('',#7266,#7267);
#7266 = CARTESIAN_POINT('',(1.265159857066,0.423941679025));
#7267 = VECTOR('',#7268,1.);
#7268 = DIRECTION('',(-1.757661938664E-16,1.));
#7269 = ( GEOMETRIC_REPRESENTATION_CONTEXT(2) 
PARAMETRIC_REPRESENTATION_CONTEXT() REPRESENTATION_CONTEXT('2D SPACE',''
  ) );
#7270 = ORIENTED_EDGE('',*,*,#7271,.F.);
#7271 = EDGE_CURVE('',#7272,#7244,#7274,.T.);
#7272 = VERTEX_POINT('',#7273);
#7273 = CARTESIAN_POINT('',(24.498245147125,54.398649794599,
    14.107741513377));
#7274 = SURFACE_CURVE('',#7275,(#7279,#7286),.PCURVE_S1.);
#7275 = LINE('',#7276,#7277);
#7276 = CARTESIAN_POINT('',(23.825220113178,54.42091015734,
    19.269871632488));
#7277 = VECTOR('',#7278,1.);
#7278 = DIRECTION('',(-0.129282039652,4.276014937613E-03,0.991598643565)
  );
#7279 = PCURVE('',#3365,#7280);
#7280 = DEFINITIONAL_REPRESENTATION('',(#7281),#7285);
#7281 = LINE('',#7282,#7283);
#7282 = CARTESIAN_POINT('',(-6.005866458784,-0.9));
#7283 = VECTOR('',#7284,1.);
#7284 = DIRECTION('',(-1.,-3.12691107055E-17));
#7285 = ( GEOMETRIC_REPRESENTATION_CONTEXT(2) 
PARAMETRIC_REPRESENTATION_CONTEXT() REPRESENTATION_CONTEXT('2D SPACE',''
  ) );
#7286 = PCURVE('',#7287,#7292);
#7287 = CYLINDRICAL_SURFACE('',#7288,0.8);
#7288 = AXIS2_PLACEMENT_3D('',#7289,#7290,#7291);
#7289 = CARTESIAN_POINT('',(23.824777859588,53.620917471095,
    19.273263735989));
#7290 = DIRECTION('',(0.129282039652,-4.276014937613E-03,-0.991598643565
    ));
#7291 = DIRECTION('',(0.701563435975,0.707100316679,8.841881844092E-02)
  );
#7292 = DEFINITIONAL_REPRESENTATION('',(#7293),#7297);
#7293 = LINE('',#7294,#7295);
#7294 = CARTESIAN_POINT('',(5.497787143782,-6.039613253961E-14));
#7295 = VECTOR('',#7296,1.);
#7296 = DIRECTION('',(-3.200489821634E-15,-1.));
#7297 = ( GEOMETRIC_REPRESENTATION_CONTEXT(2) 
PARAMETRIC_REPRESENTATION_CONTEXT() REPRESENTATION_CONTEXT('2D SPACE',''
  ) );
#7298 = ORIENTED_EDGE('',*,*,#7299,.T.);
#7299 = EDGE_CURVE('',#7272,#3350,#7300,.T.);
#7300 = SURFACE_CURVE('',#7301,(#7305,#7312),.PCURVE_S1.);
#7301 = LINE('',#7302,#7303);
#7302 = CARTESIAN_POINT('',(24.597405918028,54.398649794599,
    14.120669835536));
#7303 = VECTOR('',#7304,1.);
#7304 = DIRECTION('',(-0.991607709035,2.234722801548E-29,-0.129283221584
    ));
#7305 = PCURVE('',#3365,#7306);
#7306 = DEFINITIONAL_REPRESENTATION('',(#7307),#7311);
#7307 = LINE('',#7308,#7309);
#7308 = CARTESIAN_POINT('',(-0.8,-0.8));
#7309 = VECTOR('',#7310,1.);
#7310 = DIRECTION('',(-1.41125490749E-16,-1.));
#7311 = ( GEOMETRIC_REPRESENTATION_CONTEXT(2) 
PARAMETRIC_REPRESENTATION_CONTEXT() REPRESENTATION_CONTEXT('2D SPACE',''
  ) );
#7312 = PCURVE('',#3398,#7313);
#7313 = DEFINITIONAL_REPRESENTATION('',(#7314),#7318);
#7314 = LINE('',#7315,#7316);
#7315 = CARTESIAN_POINT('',(1.156193334285,0.8));
#7316 = VECTOR('',#7317,1.);
#7317 = DIRECTION('',(0.,1.));
#7318 = ( GEOMETRIC_REPRESENTATION_CONTEXT(2) 
PARAMETRIC_REPRESENTATION_CONTEXT() REPRESENTATION_CONTEXT('2D SPACE',''
  ) );
#7319 = ADVANCED_FACE('',(#7320),#3398,.T.);
#7320 = FACE_BOUND('',#7321,.T.);
#7321 = EDGE_LOOP('',(#7322,#7323,#7324,#7375));
#7322 = ORIENTED_EDGE('',*,*,#3377,.F.);
#7323 = ORIENTED_EDGE('',*,*,#7299,.F.);
#7324 = ORIENTED_EDGE('',*,*,#7325,.F.);
#7325 = EDGE_CURVE('',#7326,#7272,#7328,.T.);
#7326 = VERTEX_POINT('',#7327);
#7327 = CARTESIAN_POINT('',(24.601228525257,53.595236296404,
    13.317854702026));
#7328 = SURFACE_CURVE('',#7329,(#7334,#7341),.PCURVE_S1.);
#7329 = CIRCLE('',#7330,0.8);
#7330 = AXIS2_PLACEMENT_3D('',#7331,#7332,#7333);
#7331 = CARTESIAN_POINT('',(24.497802893536,53.598657108354,
    14.111133616878));
#7332 = DIRECTION('',(0.991607709035,4.816846747121E-18,0.129283221584)
  );
#7333 = DIRECTION('',(-0.118106099828,0.406736643076,0.905878718352));
#7334 = PCURVE('',#3398,#7335);
#7335 = DEFINITIONAL_REPRESENTATION('',(#7336),#7340);
#7336 = LINE('',#7337,#7338);
#7337 = CARTESIAN_POINT('',(6.28318530718,0.9));
#7338 = VECTOR('',#7339,1.);
#7339 = DIRECTION('',(-1.,-2.261727773485E-15));
#7340 = ( GEOMETRIC_REPRESENTATION_CONTEXT(2) 
PARAMETRIC_REPRESENTATION_CONTEXT() REPRESENTATION_CONTEXT('2D SPACE',''
  ) );
#7341 = PCURVE('',#7342,#7347);
#7342 = SPHERICAL_SURFACE('',#7343,0.8);
#7343 = AXIS2_PLACEMENT_3D('',#7344,#7345,#7346);
#7344 = CARTESIAN_POINT('',(24.497802893536,53.598657108354,
    14.111133616878));
#7345 = DIRECTION('',(0.454893629965,-0.818240378636,-0.351503155301));
#7346 = DIRECTION('',(0.647465167172,0.574876232566,-0.500306080844));
#7347 = DEFINITIONAL_REPRESENTATION('',(#7348),#7374);
#7348 = B_SPLINE_CURVE_WITH_KNOTS('',3,(#7349,#7350,#7351,#7352,#7353,
    #7354,#7355,#7356,#7357,#7358,#7359,#7360,#7361,#7362,#7363,#7364,
    #7365,#7366,#7367,#7368,#7369,#7370,#7371,#7372,#7373),
  .UNSPECIFIED.,.F.,.F.,(4,1,1,1,1,1,1,1,1,1,1,1,1,1,1,1,1,1,1,1,1,1,4),
  (3.5561956461,3.627595479136,3.698995312172,3.770395145208,
    3.841794978245,3.913194811281,3.984594644317,4.055994477353,
    4.127394310389,4.198794143425,4.270193976461,4.341593809497,
    4.412993642534,4.48439347557,4.555793308606,4.627193141642,
    4.698592974678,4.769992807714,4.84139264075,4.912792473787,
    4.984192306823,5.055592139859,5.126991972895),
  .QUASI_UNIFORM_KNOTS.);
#7349 = CARTESIAN_POINT('',(-0.885027257935,0.423395441223));
#7350 = CARTESIAN_POINT('',(-0.873417014769,0.402079806307));
#7351 = CARTESIAN_POINT('',(-0.85084879569,0.359301249011));
#7352 = CARTESIAN_POINT('',(-0.818601172944,0.294772101786));
#7353 = CARTESIAN_POINT('',(-0.78758873314,0.229966525528));
#7354 = CARTESIAN_POINT('',(-0.757502948015,0.16495424351));
#7355 = CARTESIAN_POINT('',(-0.728060094671,9.979894994005E-02));
#7356 = CARTESIAN_POINT('',(-0.698998203229,3.455905744875E-02));
#7357 = CARTESIAN_POINT('',(-0.670066776824,-3.070978088229E-02));
#7358 = CARTESIAN_POINT('',(-0.641019442395,-9.595290341955E-02));
#7359 = CARTESIAN_POINT('',(-0.611606226846,-0.161114783727));
#7360 = CARTESIAN_POINT('',(-0.581565791645,-0.226137158732));
#7361 = CARTESIAN_POINT('',(-0.550616973405,-0.290956964929));
#7362 = CARTESIAN_POINT('',(-0.518449188713,-0.355503952707));
#7363 = CARTESIAN_POINT('',(-0.48471111016,-0.419697799035));
#7364 = CARTESIAN_POINT('',(-0.448996911826,-0.48344448599));
#7365 = CARTESIAN_POINT('',(-0.410829254502,-0.546631649118));
#7366 = CARTESIAN_POINT('',(-0.369637911028,-0.609122423397));
#7367 = CARTESIAN_POINT('',(-0.324733208755,-0.670747387305));
#7368 = CARTESIAN_POINT('',(-0.27527204065,-0.731293116533));
#7369 = CARTESIAN_POINT('',(-0.220220317189,-0.790488831869));
#7370 = CARTESIAN_POINT('',(-0.15829679821,-0.847980188916));
#7371 = CARTESIAN_POINT('',(-8.79650202751E-02,-0.903324323309));
#7372 = CARTESIAN_POINT('',(-3.416259852146E-02,-0.938355805824));
#7373 = CARTESIAN_POINT('',(-5.225818872295E-03,-0.955306962727));
#7374 = ( GEOMETRIC_REPRESENTATION_CONTEXT(2) 
PARAMETRIC_REPRESENTATION_CONTEXT() REPRESENTATION_CONTEXT('2D SPACE',''
  ) );
#7375 = ORIENTED_EDGE('',*,*,#7376,.T.);
#7376 = EDGE_CURVE('',#7326,#3378,#7377,.T.);
#7377 = SURFACE_CURVE('',#7378,(#7382,#7389),.PCURVE_S1.);
#7378 = LINE('',#7379,#7380);
#7379 = CARTESIAN_POINT('',(24.700389296161,53.595236296404,
    13.330783024185));
#7380 = VECTOR('',#7381,1.);
#7381 = DIRECTION('',(-0.991607709035,2.234722801548E-29,-0.129283221584
    ));
#7382 = PCURVE('',#3398,#7383);
#7383 = DEFINITIONAL_REPRESENTATION('',(#7384),#7388);
#7384 = LINE('',#7385,#7386);
#7385 = CARTESIAN_POINT('',(2.72698966108,0.8));
#7386 = VECTOR('',#7387,1.);
#7387 = DIRECTION('',(0.,1.));
#7388 = ( GEOMETRIC_REPRESENTATION_CONTEXT(2) 
PARAMETRIC_REPRESENTATION_CONTEXT() REPRESENTATION_CONTEXT('2D SPACE',''
  ) );
#7389 = PCURVE('',#3424,#7390);
#7390 = DEFINITIONAL_REPRESENTATION('',(#7391),#7395);
#7391 = LINE('',#7392,#7393);
#7392 = CARTESIAN_POINT('',(-9.7,-0.8));
#7393 = VECTOR('',#7394,1.);
#7394 = DIRECTION('',(-1.03965374491E-18,-1.));
#7395 = ( GEOMETRIC_REPRESENTATION_CONTEXT(2) 
PARAMETRIC_REPRESENTATION_CONTEXT() REPRESENTATION_CONTEXT('2D SPACE',''
  ) );
#7396 = ADVANCED_FACE('',(#7397),#3424,.F.);
#7397 = FACE_BOUND('',#7398,.T.);
#7398 = EDGE_LOOP('',(#7399,#7400,#7401,#7427));
#7399 = ORIENTED_EDGE('',*,*,#3410,.F.);
#7400 = ORIENTED_EDGE('',*,*,#7376,.F.);
#7401 = ORIENTED_EDGE('',*,*,#7402,.F.);
#7402 = EDGE_CURVE('',#6667,#7326,#7403,.T.);
#7403 = SURFACE_CURVE('',#7404,(#7408,#7415),.PCURVE_S1.);
#7404 = LINE('',#7405,#7406);
#7405 = CARTESIAN_POINT('',(24.596002474664,44.141831386644,
    13.357938728344));
#7406 = VECTOR('',#7407,1.);
#7407 = DIRECTION('',(5.528169866772E-04,0.999990857806,
    -4.240129376086E-03));
#7408 = PCURVE('',#3424,#7409);
#7409 = DEFINITIONAL_REPRESENTATION('',(#7410),#7414);
#7410 = LINE('',#7411,#7412);
#7411 = CARTESIAN_POINT('',(-0.246508664591,-0.9));
#7412 = VECTOR('',#7413,1.);
#7413 = DIRECTION('',(-1.,-1.722920069216E-19));
#7414 = ( GEOMETRIC_REPRESENTATION_CONTEXT(2) 
PARAMETRIC_REPRESENTATION_CONTEXT() REPRESENTATION_CONTEXT('2D SPACE',''
  ) );
#7415 = PCURVE('',#7416,#7421);
#7416 = CYLINDRICAL_SURFACE('',#7417,0.8);
#7417 = AXIS2_PLACEMENT_3D('',#7418,#7419,#7420);
#7418 = CARTESIAN_POINT('',(24.492576842942,44.145252198594,
    14.151217643196));
#7419 = DIRECTION('',(5.528169866772E-04,0.999990857806,
    -4.240129376086E-03));
#7420 = DIRECTION('',(0.792588742259,-3.023599158843E-03,-0.609749082404
    ));
#7421 = DEFINITIONAL_REPRESENTATION('',(#7422),#7426);
#7422 = LINE('',#7423,#7424);
#7423 = CARTESIAN_POINT('',(7.068583470577,-9.214851104389E-15));
#7424 = VECTOR('',#7425,1.);
#7425 = DIRECTION('',(0.,1.));
#7426 = ( GEOMETRIC_REPRESENTATION_CONTEXT(2) 
PARAMETRIC_REPRESENTATION_CONTEXT() REPRESENTATION_CONTEXT('2D SPACE',''
  ) );
#7427 = ORIENTED_EDGE('',*,*,#6666,.F.);
#7428 = ADVANCED_FACE('',(#7429,#7568),#3545,.T.);
#7429 = FACE_BOUND('',#7430,.T.);
#7430 = EDGE_LOOP('',(#7431,#7432,#7433,#7434,#7458,#7486,#7519,#7547));
#7431 = ORIENTED_EDGE('',*,*,#3879,.F.);
#7432 = ORIENTED_EDGE('',*,*,#3531,.T.);
#7433 = ORIENTED_EDGE('',*,*,#5872,.T.);
#7434 = ORIENTED_EDGE('',*,*,#7435,.T.);
#7435 = EDGE_CURVE('',#5849,#7436,#7438,.T.);
#7436 = VERTEX_POINT('',#7437);
#7437 = CARTESIAN_POINT('',(11.12837984781,38.1,58.4));
#7438 = SURFACE_CURVE('',#7439,(#7444,#7451),.PCURVE_S1.);
#7439 = CIRCLE('',#7440,4.);
#7440 = AXIS2_PLACEMENT_3D('',#7441,#7442,#7443);
#7441 = CARTESIAN_POINT('',(11.12837984781,38.1,54.4));
#7442 = DIRECTION('',(0.,-1.,0.));
#7443 = DIRECTION('',(0.,0.,-1.));
#7444 = PCURVE('',#3545,#7445);
#7445 = DEFINITIONAL_REPRESENTATION('',(#7446),#7450);
#7446 = CIRCLE('',#7447,4.);
#7447 = AXIS2_PLACEMENT_2D('',#7448,#7449);
#7448 = CARTESIAN_POINT('',(-54.4,11.12837984781));
#7449 = DIRECTION('',(1.,0.));
#7450 = ( GEOMETRIC_REPRESENTATION_CONTEXT(2) 
PARAMETRIC_REPRESENTATION_CONTEXT() REPRESENTATION_CONTEXT('2D SPACE',''
  ) );
#7451 = PCURVE('',#5833,#7452);
#7452 = DEFINITIONAL_REPRESENTATION('',(#7453),#7457);
#7453 = LINE('',#7454,#7455);
#7454 = CARTESIAN_POINT('',(-4.440892098501E-16,1.570796326795));
#7455 = VECTOR('',#7456,1.);
#7456 = DIRECTION('',(1.,0.));
#7457 = ( GEOMETRIC_REPRESENTATION_CONTEXT(2) 
PARAMETRIC_REPRESENTATION_CONTEXT() REPRESENTATION_CONTEXT('2D SPACE',''
  ) );
#7458 = ORIENTED_EDGE('',*,*,#7459,.F.);
#7459 = EDGE_CURVE('',#7460,#7436,#7462,.T.);
#7460 = VERTEX_POINT('',#7461);
#7461 = CARTESIAN_POINT('',(-11.12837984781,38.1,58.4));
#7462 = SURFACE_CURVE('',#7463,(#7467,#7474),.PCURVE_S1.);
#7463 = LINE('',#7464,#7465);
#7464 = CARTESIAN_POINT('',(-11.12837984781,38.1,58.4));
#7465 = VECTOR('',#7466,1.);
#7466 = DIRECTION('',(1.,0.,0.));
#7467 = PCURVE('',#3545,#7468);
#7468 = DEFINITIONAL_REPRESENTATION('',(#7469),#7473);
#7469 = LINE('',#7470,#7471);
#7470 = CARTESIAN_POINT('',(-58.4,-11.12837984781));
#7471 = VECTOR('',#7472,1.);
#7472 = DIRECTION('',(0.,1.));
#7473 = ( GEOMETRIC_REPRESENTATION_CONTEXT(2) 
PARAMETRIC_REPRESENTATION_CONTEXT() REPRESENTATION_CONTEXT('2D SPACE',''
  ) );
#7474 = PCURVE('',#7475,#7480);
#7475 = CYLINDRICAL_SURFACE('',#7476,1.);
#7476 = AXIS2_PLACEMENT_3D('',#7477,#7478,#7479);
#7477 = CARTESIAN_POINT('',(0.,39.1,58.4));
#7478 = DIRECTION('',(-1.,0.,0.));
#7479 = DIRECTION('',(0.,0.,1.));
#7480 = DEFINITIONAL_REPRESENTATION('',(#7481),#7485);
#7481 = LINE('',#7482,#7483);
#7482 = CARTESIAN_POINT('',(4.712388980385,11.12837984781));
#7483 = VECTOR('',#7484,1.);
#7484 = DIRECTION('',(0.,-1.));
#7485 = ( GEOMETRIC_REPRESENTATION_CONTEXT(2) 
PARAMETRIC_REPRESENTATION_CONTEXT() REPRESENTATION_CONTEXT('2D SPACE',''
  ) );
#7486 = ORIENTED_EDGE('',*,*,#7487,.F.);
#7487 = EDGE_CURVE('',#7488,#7460,#7490,.T.);
#7488 = VERTEX_POINT('',#7489);
#7489 = CARTESIAN_POINT('',(-15.09481068394,38.1,54.917132886337));
#7490 = SURFACE_CURVE('',#7491,(#7496,#7507),.PCURVE_S1.);
#7491 = CIRCLE('',#7492,4.);
#7492 = AXIS2_PLACEMENT_3D('',#7493,#7494,#7495);
#7493 = CARTESIAN_POINT('',(-11.12837984781,38.1,54.4));
#7494 = DIRECTION('',(0.,1.,0.));
#7495 = DIRECTION('',(0.,0.,-1.));
#7496 = PCURVE('',#3545,#7497);
#7497 = DEFINITIONAL_REPRESENTATION('',(#7498),#7506);
#7498 = ( BOUNDED_CURVE() B_SPLINE_CURVE(2,(#7499,#7500,#7501,#7502,
#7503,#7504,#7505),.UNSPECIFIED.,.T.,.F.) B_SPLINE_CURVE_WITH_KNOTS((1,2
    ,2,2,2,1),(-2.094395102393,0.,2.094395102393,4.188790204786,
6.28318530718,8.377580409573),.UNSPECIFIED.) CURVE() 
GEOMETRIC_REPRESENTATION_ITEM() RATIONAL_B_SPLINE_CURVE((1.,0.5,1.,0.5,
1.,0.5,1.)) REPRESENTATION_ITEM('') );
#7499 = CARTESIAN_POINT('',(-50.4,-11.12837984781));
#7500 = CARTESIAN_POINT('',(-50.4,-18.05658307808));
#7501 = CARTESIAN_POINT('',(-56.4,-14.59248146294));
#7502 = CARTESIAN_POINT('',(-62.4,-11.12837984781));
#7503 = CARTESIAN_POINT('',(-56.4,-7.664278232672));
#7504 = CARTESIAN_POINT('',(-50.4,-4.200176617534));
#7505 = CARTESIAN_POINT('',(-50.4,-11.12837984781));
#7506 = ( GEOMETRIC_REPRESENTATION_CONTEXT(2) 
PARAMETRIC_REPRESENTATION_CONTEXT() REPRESENTATION_CONTEXT('2D SPACE',''
  ) );
#7507 = PCURVE('',#7508,#7513);
#7508 = TOROIDAL_SURFACE('',#7509,4.,1.);
#7509 = AXIS2_PLACEMENT_3D('',#7510,#7511,#7512);
#7510 = CARTESIAN_POINT('',(-11.12837984781,39.1,54.4));
#7511 = DIRECTION('',(0.,-1.,0.));
#7512 = DIRECTION('',(0.,0.,-1.));
#7513 = DEFINITIONAL_REPRESENTATION('',(#7514),#7518);
#7514 = LINE('',#7515,#7516);
#7515 = CARTESIAN_POINT('',(6.28318530718,1.570796326795));
#7516 = VECTOR('',#7517,1.);
#7517 = DIRECTION('',(-1.,-1.540745724668E-16));
#7518 = ( GEOMETRIC_REPRESENTATION_CONTEXT(2) 
PARAMETRIC_REPRESENTATION_CONTEXT() REPRESENTATION_CONTEXT('2D SPACE',''
  ) );
#7519 = ORIENTED_EDGE('',*,*,#7520,.F.);
#7520 = EDGE_CURVE('',#7521,#7488,#7523,.T.);
#7521 = VERTEX_POINT('',#7522);
#7522 = CARTESIAN_POINT('',(-21.35,38.1,6.939569585701));
#7523 = SURFACE_CURVE('',#7524,(#7528,#7535),.PCURVE_S1.);
#7524 = LINE('',#7525,#7526);
#7525 = CARTESIAN_POINT('',(-21.35,38.1,6.939569585701));
#7526 = VECTOR('',#7527,1.);
#7527 = DIRECTION('',(0.129283221584,0.,0.991607709035));
#7528 = PCURVE('',#3545,#7529);
#7529 = DEFINITIONAL_REPRESENTATION('',(#7530),#7534);
#7530 = LINE('',#7531,#7532);
#7531 = CARTESIAN_POINT('',(-6.939569585701,-21.35));
#7532 = VECTOR('',#7533,1.);
#7533 = DIRECTION('',(-0.991607709035,0.129283221584));
#7534 = ( GEOMETRIC_REPRESENTATION_CONTEXT(2) 
PARAMETRIC_REPRESENTATION_CONTEXT() REPRESENTATION_CONTEXT('2D SPACE',''
  ) );
#7535 = PCURVE('',#7536,#7541);
#7536 = CYLINDRICAL_SURFACE('',#7537,1.);
#7537 = AXIS2_PLACEMENT_3D('',#7538,#7539,#7540);
#7538 = CARTESIAN_POINT('',(-21.88279346946,39.1,2.853021422906));
#7539 = DIRECTION('',(-0.129283221584,0.,-0.991607709035));
#7540 = DIRECTION('',(-0.991607709035,0.,0.129283221584));
#7541 = DEFINITIONAL_REPRESENTATION('',(#7542),#7546);
#7542 = LINE('',#7543,#7544);
#7543 = CARTESIAN_POINT('',(4.712388980385,-4.121133917739));
#7544 = VECTOR('',#7545,1.);
#7545 = DIRECTION('',(7.342803655567E-17,-1.));
#7546 = ( GEOMETRIC_REPRESENTATION_CONTEXT(2) 
PARAMETRIC_REPRESENTATION_CONTEXT() REPRESENTATION_CONTEXT('2D SPACE',''
  ) );
#7547 = ORIENTED_EDGE('',*,*,#7548,.F.);
#7548 = EDGE_CURVE('',#3714,#7521,#7549,.T.);
#7549 = SURFACE_CURVE('',#7550,(#7554,#7561),.PCURVE_S1.);
#7550 = LINE('',#7551,#7552);
#7551 = CARTESIAN_POINT('',(-21.35,38.1,-17.9));
#7552 = VECTOR('',#7553,1.);
#7553 = DIRECTION('',(0.,0.,1.));
#7554 = PCURVE('',#3545,#7555);
#7555 = DEFINITIONAL_REPRESENTATION('',(#7556),#7560);
#7556 = LINE('',#7557,#7558);
#7557 = CARTESIAN_POINT('',(17.9,-21.35));
#7558 = VECTOR('',#7559,1.);
#7559 = DIRECTION('',(-1.,0.));
#7560 = ( GEOMETRIC_REPRESENTATION_CONTEXT(2) 
PARAMETRIC_REPRESENTATION_CONTEXT() REPRESENTATION_CONTEXT('2D SPACE',''
  ) );
#7561 = PCURVE('',#4068,#7562);
#7562 = DEFINITIONAL_REPRESENTATION('',(#7563),#7567);
#7563 = LINE('',#7564,#7565);
#7564 = CARTESIAN_POINT('',(4.712388980385,-17.9));
#7565 = VECTOR('',#7566,1.);
#7566 = DIRECTION('',(0.,1.));
#7567 = ( GEOMETRIC_REPRESENTATION_CONTEXT(2) 
PARAMETRIC_REPRESENTATION_CONTEXT() REPRESENTATION_CONTEXT('2D SPACE',''
  ) );
#7568 = FACE_BOUND('',#7569,.T.);
#7569 = EDGE_LOOP('',(#7570,#7600,#7628,#7656,#7684,#7712,#7740,#7763,
    #7787,#7810,#7838,#7861,#7889,#7917,#7945,#7973));
#7570 = ORIENTED_EDGE('',*,*,#7571,.F.);
#7571 = EDGE_CURVE('',#7572,#7574,#7576,.T.);
#7572 = VERTEX_POINT('',#7573);
#7573 = CARTESIAN_POINT('',(9.814213562373,38.1,56.4));
#7574 = VERTEX_POINT('',#7575);
#7575 = CARTESIAN_POINT('',(-9.814213562373,38.1,56.4));
#7576 = SURFACE_CURVE('',#7577,(#7581,#7588),.PCURVE_S1.);
#7577 = LINE('',#7578,#7579);
#7578 = CARTESIAN_POINT('',(9.814213562373,38.1,56.4));
#7579 = VECTOR('',#7580,1.);
#7580 = DIRECTION('',(-1.,0.,0.));
#7581 = PCURVE('',#3545,#7582);
#7582 = DEFINITIONAL_REPRESENTATION('',(#7583),#7587);
#7583 = LINE('',#7584,#7585);
#7584 = CARTESIAN_POINT('',(-56.4,9.814213562373));
#7585 = VECTOR('',#7586,1.);
#7586 = DIRECTION('',(0.,-1.));
#7587 = ( GEOMETRIC_REPRESENTATION_CONTEXT(2) 
PARAMETRIC_REPRESENTATION_CONTEXT() REPRESENTATION_CONTEXT('2D SPACE',''
  ) );
#7588 = PCURVE('',#7589,#7594);
#7589 = CYLINDRICAL_SURFACE('',#7590,1.);
#7590 = AXIS2_PLACEMENT_3D('',#7591,#7592,#7593);
#7591 = CARTESIAN_POINT('',(0.,39.1,56.4));
#7592 = DIRECTION('',(1.,0.,0.));
#7593 = DIRECTION('',(0.,0.,-1.));
#7594 = DEFINITIONAL_REPRESENTATION('',(#7595),#7599);
#7595 = LINE('',#7596,#7597);
#7596 = CARTESIAN_POINT('',(4.712388980385,9.814213562373));
#7597 = VECTOR('',#7598,1.);
#7598 = DIRECTION('',(0.,-1.));
#7599 = ( GEOMETRIC_REPRESENTATION_CONTEXT(2) 
PARAMETRIC_REPRESENTATION_CONTEXT() REPRESENTATION_CONTEXT('2D SPACE',''
  ) );
#7600 = ORIENTED_EDGE('',*,*,#7601,.T.);
#7601 = EDGE_CURVE('',#7572,#7602,#7604,.T.);
#7602 = VERTEX_POINT('',#7603);
#7603 = CARTESIAN_POINT('',(13.347193714136,38.1,52.867019848237));
#7604 = SURFACE_CURVE('',#7605,(#7609,#7616),.PCURVE_S1.);
#7605 = LINE('',#7606,#7607);
#7606 = CARTESIAN_POINT('',(9.814213562373,38.1,56.4));
#7607 = VECTOR('',#7608,1.);
#7608 = DIRECTION('',(0.707106781187,0.,-0.707106781187));
#7609 = PCURVE('',#3545,#7610);
#7610 = DEFINITIONAL_REPRESENTATION('',(#7611),#7615);
#7611 = LINE('',#7612,#7613);
#7612 = CARTESIAN_POINT('',(-56.4,9.814213562373));
#7613 = VECTOR('',#7614,1.);
#7614 = DIRECTION('',(0.707106781187,0.707106781187));
#7615 = ( GEOMETRIC_REPRESENTATION_CONTEXT(2) 
PARAMETRIC_REPRESENTATION_CONTEXT() REPRESENTATION_CONTEXT('2D SPACE',''
  ) );
#7616 = PCURVE('',#7617,#7622);
#7617 = CYLINDRICAL_SURFACE('',#7618,1.);
#7618 = AXIS2_PLACEMENT_3D('',#7619,#7620,#7621);
#7619 = CARTESIAN_POINT('',(33.107106781187,39.1,33.107106781187));
#7620 = DIRECTION('',(0.707106781187,0.,-0.707106781187));
#7621 = DIRECTION('',(-0.707106781187,0.,-0.707106781187));
#7622 = DEFINITIONAL_REPRESENTATION('',(#7623),#7627);
#7623 = LINE('',#7624,#7625);
#7624 = CARTESIAN_POINT('',(4.712388980385,-32.94112549695));
#7625 = VECTOR('',#7626,1.);
#7626 = DIRECTION('',(-1.422112678805E-15,1.));
#7627 = ( GEOMETRIC_REPRESENTATION_CONTEXT(2) 
PARAMETRIC_REPRESENTATION_CONTEXT() REPRESENTATION_CONTEXT('2D SPACE',''
  ) );
#7628 = ORIENTED_EDGE('',*,*,#7629,.T.);
#7629 = EDGE_CURVE('',#7602,#7630,#7632,.T.);
#7630 = VERTEX_POINT('',#7631);
#7631 = CARTESIAN_POINT('',(15.347764535211,38.1,37.654324266979));
#7632 = SURFACE_CURVE('',#7633,(#7637,#7644),.PCURVE_S1.);
#7633 = LINE('',#7634,#7635);
#7634 = CARTESIAN_POINT('',(13.347193714136,38.1,52.867019848237));
#7635 = VECTOR('',#7636,1.);
#7636 = DIRECTION('',(0.130384063942,0.,-0.991463562553));
#7637 = PCURVE('',#3545,#7638);
#7638 = DEFINITIONAL_REPRESENTATION('',(#7639),#7643);
#7639 = LINE('',#7640,#7641);
#7640 = CARTESIAN_POINT('',(-52.86701984823,13.347193714136));
#7641 = VECTOR('',#7642,1.);
#7642 = DIRECTION('',(0.991463562553,0.130384063942));
#7643 = ( GEOMETRIC_REPRESENTATION_CONTEXT(2) 
PARAMETRIC_REPRESENTATION_CONTEXT() REPRESENTATION_CONTEXT('2D SPACE',''
  ) );
#7644 = PCURVE('',#7645,#7650);
#7645 = CYLINDRICAL_SURFACE('',#7646,1.);
#7646 = AXIS2_PLACEMENT_3D('',#7647,#7648,#7649);
#7647 = CARTESIAN_POINT('',(19.954466454645,39.1,2.624145282211));
#7648 = DIRECTION('',(0.130384063942,0.,-0.991463562553));
#7649 = DIRECTION('',(-0.991463562553,0.,-0.130384063942));
#7650 = DEFINITIONAL_REPRESENTATION('',(#7651),#7655);
#7651 = LINE('',#7652,#7653);
#7652 = CARTESIAN_POINT('',(4.712388980385,-50.6754624816));
#7653 = VECTOR('',#7654,1.);
#7654 = DIRECTION('',(0.,1.));
#7655 = ( GEOMETRIC_REPRESENTATION_CONTEXT(2) 
PARAMETRIC_REPRESENTATION_CONTEXT() REPRESENTATION_CONTEXT('2D SPACE',''
  ) );
#7656 = ORIENTED_EDGE('',*,*,#7657,.T.);
#7657 = EDGE_CURVE('',#7630,#7658,#7660,.T.);
#7658 = VERTEX_POINT('',#7659);
#7659 = CARTESIAN_POINT('',(15.347764535211,38.1,19.524168714667));
#7660 = SURFACE_CURVE('',#7661,(#7665,#7672),.PCURVE_S1.);
#7661 = LINE('',#7662,#7663);
#7662 = CARTESIAN_POINT('',(15.347764535211,38.1,37.654324266979));
#7663 = VECTOR('',#7664,1.);
#7664 = DIRECTION('',(0.,0.,-1.));
#7665 = PCURVE('',#3545,#7666);
#7666 = DEFINITIONAL_REPRESENTATION('',(#7667),#7671);
#7667 = LINE('',#7668,#7669);
#7668 = CARTESIAN_POINT('',(-37.65432426697,15.347764535211));
#7669 = VECTOR('',#7670,1.);
#7670 = DIRECTION('',(1.,0.));
#7671 = ( GEOMETRIC_REPRESENTATION_CONTEXT(2) 
PARAMETRIC_REPRESENTATION_CONTEXT() REPRESENTATION_CONTEXT('2D SPACE',''
  ) );
#7672 = PCURVE('',#7673,#7678);
#7673 = CYLINDRICAL_SURFACE('',#7674,1.);
#7674 = AXIS2_PLACEMENT_3D('',#7675,#7676,#7677);
#7675 = CARTESIAN_POINT('',(15.347764535211,39.1,0.));
#7676 = DIRECTION('',(0.,0.,-1.));
#7677 = DIRECTION('',(-1.,0.,0.));
#7678 = DEFINITIONAL_REPRESENTATION('',(#7679),#7683);
#7679 = LINE('',#7680,#7681);
#7680 = CARTESIAN_POINT('',(4.712388980385,-37.65432426697));
#7681 = VECTOR('',#7682,1.);
#7682 = DIRECTION('',(0.,1.));
#7683 = ( GEOMETRIC_REPRESENTATION_CONTEXT(2) 
PARAMETRIC_REPRESENTATION_CONTEXT() REPRESENTATION_CONTEXT('2D SPACE',''
  ) );
#7684 = ORIENTED_EDGE('',*,*,#7685,.T.);
#7685 = EDGE_CURVE('',#7658,#7686,#7688,.T.);
#7686 = VERTEX_POINT('',#7687);
#7687 = CARTESIAN_POINT('',(17.704881344252,38.1,19.730389714064));
#7688 = SURFACE_CURVE('',#7689,(#7693,#7700),.PCURVE_S1.);
#7689 = LINE('',#7690,#7691);
#7690 = CARTESIAN_POINT('',(15.347764535211,38.1,19.524168714667));
#7691 = VECTOR('',#7692,1.);
#7692 = DIRECTION('',(0.996194698092,0.,8.715574274766E-02));
#7693 = PCURVE('',#3545,#7694);
#7694 = DEFINITIONAL_REPRESENTATION('',(#7695),#7699);
#7695 = LINE('',#7696,#7697);
#7696 = CARTESIAN_POINT('',(-19.52416871466,15.347764535211));
#7697 = VECTOR('',#7698,1.);
#7698 = DIRECTION('',(-8.715574274766E-02,0.996194698092));
#7699 = ( GEOMETRIC_REPRESENTATION_CONTEXT(2) 
PARAMETRIC_REPRESENTATION_CONTEXT() REPRESENTATION_CONTEXT('2D SPACE',''
  ) );
#7700 = PCURVE('',#7701,#7706);
#7701 = CYLINDRICAL_SURFACE('',#7702,1.);
#7702 = AXIS2_PLACEMENT_3D('',#7703,#7704,#7705);
#7703 = CARTESIAN_POINT('',(-1.578584644117,39.1,18.043305046594));
#7704 = DIRECTION('',(0.996194698092,0.,8.715574274766E-02));
#7705 = DIRECTION('',(8.715574274766E-02,0.,-0.996194698092));
#7706 = DEFINITIONAL_REPRESENTATION('',(#7707),#7711);
#7707 = LINE('',#7708,#7709);
#7708 = CARTESIAN_POINT('',(4.712388980385,16.991005083395));
#7709 = VECTOR('',#7710,1.);
#7710 = DIRECTION('',(0.,1.));
#7711 = ( GEOMETRIC_REPRESENTATION_CONTEXT(2) 
PARAMETRIC_REPRESENTATION_CONTEXT() REPRESENTATION_CONTEXT('2D SPACE',''
  ) );
#7712 = ORIENTED_EDGE('',*,*,#7713,.T.);
#7713 = EDGE_CURVE('',#7686,#7714,#7716,.T.);
#7714 = VERTEX_POINT('',#7715);
#7715 = CARTESIAN_POINT('',(18.449432469795,38.1,14.068690813807));
#7716 = SURFACE_CURVE('',#7717,(#7721,#7728),.PCURVE_S1.);
#7717 = LINE('',#7718,#7719);
#7718 = CARTESIAN_POINT('',(17.704881344252,38.1,19.730389714064));
#7719 = VECTOR('',#7720,1.);
#7720 = DIRECTION('',(0.130384063942,0.,-0.991463562553));
#7721 = PCURVE('',#3545,#7722);
#7722 = DEFINITIONAL_REPRESENTATION('',(#7723),#7727);
#7723 = LINE('',#7724,#7725);
#7724 = CARTESIAN_POINT('',(-19.73038971406,17.704881344252));
#7725 = VECTOR('',#7726,1.);
#7726 = DIRECTION('',(0.991463562553,0.130384063942));
#7727 = ( GEOMETRIC_REPRESENTATION_CONTEXT(2) 
PARAMETRIC_REPRESENTATION_CONTEXT() REPRESENTATION_CONTEXT('2D SPACE',''
  ) );
#7728 = PCURVE('',#7729,#7734);
#7729 = CYLINDRICAL_SURFACE('',#7730,1.);
#7730 = AXIS2_PLACEMENT_3D('',#7731,#7732,#7733);
#7731 = CARTESIAN_POINT('',(19.954466454645,39.1,2.624145282211));
#7732 = DIRECTION('',(0.130384063942,0.,-0.991463562553));
#7733 = DIRECTION('',(-0.991463562553,0.,-0.130384063942));
#7734 = DEFINITIONAL_REPRESENTATION('',(#7735),#7739);
#7735 = LINE('',#7736,#7737);
#7736 = CARTESIAN_POINT('',(4.712388980385,-17.25352809518));
#7737 = VECTOR('',#7738,1.);
#7738 = DIRECTION('',(-1.244285937055E-15,1.));
#7739 = ( GEOMETRIC_REPRESENTATION_CONTEXT(2) 
PARAMETRIC_REPRESENTATION_CONTEXT() REPRESENTATION_CONTEXT('2D SPACE',''
  ) );
#7740 = ORIENTED_EDGE('',*,*,#7741,.T.);
#7741 = EDGE_CURVE('',#7714,#7742,#7744,.T.);
#7742 = VERTEX_POINT('',#7743);
#7743 = CARTESIAN_POINT('',(18.449432469795,38.1,-13.1));
#7744 = SURFACE_CURVE('',#7745,(#7749,#7756),.PCURVE_S1.);
#7745 = LINE('',#7746,#7747);
#7746 = CARTESIAN_POINT('',(18.449432469795,38.1,14.068690813807));
#7747 = VECTOR('',#7748,1.);
#7748 = DIRECTION('',(0.,0.,-1.));
#7749 = PCURVE('',#3545,#7750);
#7750 = DEFINITIONAL_REPRESENTATION('',(#7751),#7755);
#7751 = LINE('',#7752,#7753);
#7752 = CARTESIAN_POINT('',(-14.0686908138,18.449432469795));
#7753 = VECTOR('',#7754,1.);
#7754 = DIRECTION('',(1.,0.));
#7755 = ( GEOMETRIC_REPRESENTATION_CONTEXT(2) 
PARAMETRIC_REPRESENTATION_CONTEXT() REPRESENTATION_CONTEXT('2D SPACE',''
  ) );
#7756 = PCURVE('',#4939,#7757);
#7757 = DEFINITIONAL_REPRESENTATION('',(#7758),#7762);
#7758 = LINE('',#7759,#7760);
#7759 = CARTESIAN_POINT('',(4.712388980385,-14.0686908138));
#7760 = VECTOR('',#7761,1.);
#7761 = DIRECTION('',(0.,1.));
#7762 = ( GEOMETRIC_REPRESENTATION_CONTEXT(2) 
PARAMETRIC_REPRESENTATION_CONTEXT() REPRESENTATION_CONTEXT('2D SPACE',''
  ) );
#7763 = ORIENTED_EDGE('',*,*,#7764,.F.);
#7764 = EDGE_CURVE('',#7765,#7742,#7767,.T.);
#7765 = VERTEX_POINT('',#7766);
#7766 = CARTESIAN_POINT('',(14.549432469795,38.1,-17.));
#7767 = SURFACE_CURVE('',#7768,(#7773,#7780),.PCURVE_S1.);
#7768 = CIRCLE('',#7769,3.9);
#7769 = AXIS2_PLACEMENT_3D('',#7770,#7771,#7772);
#7770 = CARTESIAN_POINT('',(14.549432469795,38.1,-13.1));
#7771 = DIRECTION('',(0.,-1.,0.));
#7772 = DIRECTION('',(0.,0.,-1.));
#7773 = PCURVE('',#3545,#7774);
#7774 = DEFINITIONAL_REPRESENTATION('',(#7775),#7779);
#7775 = CIRCLE('',#7776,3.9);
#7776 = AXIS2_PLACEMENT_2D('',#7777,#7778);
#7777 = CARTESIAN_POINT('',(13.1,14.549432469795));
#7778 = DIRECTION('',(1.,0.));
#7779 = ( GEOMETRIC_REPRESENTATION_CONTEXT(2) 
PARAMETRIC_REPRESENTATION_CONTEXT() REPRESENTATION_CONTEXT('2D SPACE',''
  ) );
#7780 = PCURVE('',#4853,#7781);
#7781 = DEFINITIONAL_REPRESENTATION('',(#7782),#7786);
#7782 = LINE('',#7783,#7784);
#7783 = CARTESIAN_POINT('',(0.,1.570796326795));
#7784 = VECTOR('',#7785,1.);
#7785 = DIRECTION('',(1.,1.130863886743E-15));
#7786 = ( GEOMETRIC_REPRESENTATION_CONTEXT(2) 
PARAMETRIC_REPRESENTATION_CONTEXT() REPRESENTATION_CONTEXT('2D SPACE',''
  ) );
#7787 = ORIENTED_EDGE('',*,*,#7788,.T.);
#7788 = EDGE_CURVE('',#7765,#7789,#7791,.T.);
#7789 = VERTEX_POINT('',#7790);
#7790 = CARTESIAN_POINT('',(-14.54943246979,38.1,-17.));
#7791 = SURFACE_CURVE('',#7792,(#7796,#7803),.PCURVE_S1.);
#7792 = LINE('',#7793,#7794);
#7793 = CARTESIAN_POINT('',(14.549432469795,38.1,-17.));
#7794 = VECTOR('',#7795,1.);
#7795 = DIRECTION('',(-1.,0.,0.));
#7796 = PCURVE('',#3545,#7797);
#7797 = DEFINITIONAL_REPRESENTATION('',(#7798),#7802);
#7798 = LINE('',#7799,#7800);
#7799 = CARTESIAN_POINT('',(17.,14.549432469795));
#7800 = VECTOR('',#7801,1.);
#7801 = DIRECTION('',(0.,-1.));
#7802 = ( GEOMETRIC_REPRESENTATION_CONTEXT(2) 
PARAMETRIC_REPRESENTATION_CONTEXT() REPRESENTATION_CONTEXT('2D SPACE',''
  ) );
#7803 = PCURVE('',#4776,#7804);
#7804 = DEFINITIONAL_REPRESENTATION('',(#7805),#7809);
#7805 = LINE('',#7806,#7807);
#7806 = CARTESIAN_POINT('',(4.712388980385,14.549432469795));
#7807 = VECTOR('',#7808,1.);
#7808 = DIRECTION('',(0.,-1.));
#7809 = ( GEOMETRIC_REPRESENTATION_CONTEXT(2) 
PARAMETRIC_REPRESENTATION_CONTEXT() REPRESENTATION_CONTEXT('2D SPACE',''
  ) );
#7810 = ORIENTED_EDGE('',*,*,#7811,.T.);
#7811 = EDGE_CURVE('',#7789,#7812,#7814,.T.);
#7812 = VERTEX_POINT('',#7813);
#7813 = CARTESIAN_POINT('',(-18.44943246979,38.1,-13.1));
#7814 = SURFACE_CURVE('',#7815,(#7820,#7831),.PCURVE_S1.);
#7815 = CIRCLE('',#7816,3.9);
#7816 = AXIS2_PLACEMENT_3D('',#7817,#7818,#7819);
#7817 = CARTESIAN_POINT('',(-14.54943246979,38.1,-13.1));
#7818 = DIRECTION('',(0.,1.,0.));
#7819 = DIRECTION('',(0.,0.,-1.));
#7820 = PCURVE('',#3545,#7821);
#7821 = DEFINITIONAL_REPRESENTATION('',(#7822),#7830);
#7822 = ( BOUNDED_CURVE() B_SPLINE_CURVE(2,(#7823,#7824,#7825,#7826,
#7827,#7828,#7829),.UNSPECIFIED.,.T.,.F.) B_SPLINE_CURVE_WITH_KNOTS((1,2
    ,2,2,2,1),(-2.094395102393,0.,2.094395102393,4.188790204786,
6.28318530718,8.377580409573),.UNSPECIFIED.) CURVE() 
GEOMETRIC_REPRESENTATION_ITEM() RATIONAL_B_SPLINE_CURVE((1.,0.5,1.,0.5,
1.,0.5,1.)) REPRESENTATION_ITEM('') );
#7823 = CARTESIAN_POINT('',(17.,-14.54943246979));
#7824 = CARTESIAN_POINT('',(17.,-21.30443061931));
#7825 = CARTESIAN_POINT('',(11.15,-17.92693154455));
#7826 = CARTESIAN_POINT('',(5.3,-14.54943246979));
#7827 = CARTESIAN_POINT('',(11.15,-11.17193339503));
#7828 = CARTESIAN_POINT('',(17.,-7.794434320277));
#7829 = CARTESIAN_POINT('',(17.,-14.54943246979));
#7830 = ( GEOMETRIC_REPRESENTATION_CONTEXT(2) 
PARAMETRIC_REPRESENTATION_CONTEXT() REPRESENTATION_CONTEXT('2D SPACE',''
  ) );
#7831 = PCURVE('',#4742,#7832);
#7832 = DEFINITIONAL_REPRESENTATION('',(#7833),#7837);
#7833 = LINE('',#7834,#7835);
#7834 = CARTESIAN_POINT('',(6.28318530718,1.570796326795));
#7835 = VECTOR('',#7836,1.);
#7836 = DIRECTION('',(-1.,1.130863886743E-15));
#7837 = ( GEOMETRIC_REPRESENTATION_CONTEXT(2) 
PARAMETRIC_REPRESENTATION_CONTEXT() REPRESENTATION_CONTEXT('2D SPACE',''
  ) );
#7838 = ORIENTED_EDGE('',*,*,#7839,.F.);
#7839 = EDGE_CURVE('',#7840,#7812,#7842,.T.);
#7840 = VERTEX_POINT('',#7841);
#7841 = CARTESIAN_POINT('',(-18.44943246979,38.1,14.068690813807));
#7842 = SURFACE_CURVE('',#7843,(#7847,#7854),.PCURVE_S1.);
#7843 = LINE('',#7844,#7845);
#7844 = CARTESIAN_POINT('',(-18.44943246979,38.1,14.068690813807));
#7845 = VECTOR('',#7846,1.);
#7846 = DIRECTION('',(0.,0.,-1.));
#7847 = PCURVE('',#3545,#7848);
#7848 = DEFINITIONAL_REPRESENTATION('',(#7849),#7853);
#7849 = LINE('',#7850,#7851);
#7850 = CARTESIAN_POINT('',(-14.0686908138,-18.44943246979));
#7851 = VECTOR('',#7852,1.);
#7852 = DIRECTION('',(1.,0.));
#7853 = ( GEOMETRIC_REPRESENTATION_CONTEXT(2) 
PARAMETRIC_REPRESENTATION_CONTEXT() REPRESENTATION_CONTEXT('2D SPACE',''
  ) );
#7854 = PCURVE('',#4602,#7855);
#7855 = DEFINITIONAL_REPRESENTATION('',(#7856),#7860);
#7856 = LINE('',#7857,#7858);
#7857 = CARTESIAN_POINT('',(4.712388980385,14.068690813807));
#7858 = VECTOR('',#7859,1.);
#7859 = DIRECTION('',(0.,-1.));
#7860 = ( GEOMETRIC_REPRESENTATION_CONTEXT(2) 
PARAMETRIC_REPRESENTATION_CONTEXT() REPRESENTATION_CONTEXT('2D SPACE',''
  ) );
#7861 = ORIENTED_EDGE('',*,*,#7862,.F.);
#7862 = EDGE_CURVE('',#7863,#7840,#7865,.T.);
#7863 = VERTEX_POINT('',#7864);
#7864 = CARTESIAN_POINT('',(-17.70488134425,38.1,19.730389714064));
#7865 = SURFACE_CURVE('',#7866,(#7870,#7877),.PCURVE_S1.);
#7866 = LINE('',#7867,#7868);
#7867 = CARTESIAN_POINT('',(-17.70488134425,38.1,19.730389714064));
#7868 = VECTOR('',#7869,1.);
#7869 = DIRECTION('',(-0.130384063942,0.,-0.991463562553));
#7870 = PCURVE('',#3545,#7871);
#7871 = DEFINITIONAL_REPRESENTATION('',(#7872),#7876);
#7872 = LINE('',#7873,#7874);
#7873 = CARTESIAN_POINT('',(-19.73038971406,-17.70488134425));
#7874 = VECTOR('',#7875,1.);
#7875 = DIRECTION('',(0.991463562553,-0.130384063942));
#7876 = ( GEOMETRIC_REPRESENTATION_CONTEXT(2) 
PARAMETRIC_REPRESENTATION_CONTEXT() REPRESENTATION_CONTEXT('2D SPACE',''
  ) );
#7877 = PCURVE('',#7878,#7883);
#7878 = CYLINDRICAL_SURFACE('',#7879,1.);
#7879 = AXIS2_PLACEMENT_3D('',#7880,#7881,#7882);
#7880 = CARTESIAN_POINT('',(-19.95446645464,39.1,2.624145282211));
#7881 = DIRECTION('',(0.130384063942,0.,0.991463562553));
#7882 = DIRECTION('',(0.991463562553,0.,-0.130384063942));
#7883 = DEFINITIONAL_REPRESENTATION('',(#7884),#7888);
#7884 = LINE('',#7885,#7886);
#7885 = CARTESIAN_POINT('',(4.712388980385,17.253528095181));
#7886 = VECTOR('',#7887,1.);
#7887 = DIRECTION('',(-1.244285937055E-15,-1.));
#7888 = ( GEOMETRIC_REPRESENTATION_CONTEXT(2) 
PARAMETRIC_REPRESENTATION_CONTEXT() REPRESENTATION_CONTEXT('2D SPACE',''
  ) );
#7889 = ORIENTED_EDGE('',*,*,#7890,.F.);
#7890 = EDGE_CURVE('',#7891,#7863,#7893,.T.);
#7891 = VERTEX_POINT('',#7892);
#7892 = CARTESIAN_POINT('',(-15.34776453521,38.1,19.524168714667));
#7893 = SURFACE_CURVE('',#7894,(#7898,#7905),.PCURVE_S1.);
#7894 = LINE('',#7895,#7896);
#7895 = CARTESIAN_POINT('',(-15.34776453521,38.1,19.524168714667));
#7896 = VECTOR('',#7897,1.);
#7897 = DIRECTION('',(-0.996194698092,0.,8.715574274766E-02));
#7898 = PCURVE('',#3545,#7899);
#7899 = DEFINITIONAL_REPRESENTATION('',(#7900),#7904);
#7900 = LINE('',#7901,#7902);
#7901 = CARTESIAN_POINT('',(-19.52416871466,-15.34776453521));
#7902 = VECTOR('',#7903,1.);
#7903 = DIRECTION('',(-8.715574274766E-02,-0.996194698092));
#7904 = ( GEOMETRIC_REPRESENTATION_CONTEXT(2) 
PARAMETRIC_REPRESENTATION_CONTEXT() REPRESENTATION_CONTEXT('2D SPACE',''
  ) );
#7905 = PCURVE('',#7906,#7911);
#7906 = CYLINDRICAL_SURFACE('',#7907,1.);
#7907 = AXIS2_PLACEMENT_3D('',#7908,#7909,#7910);
#7908 = CARTESIAN_POINT('',(1.578584644117,39.1,18.043305046594));
#7909 = DIRECTION('',(0.996194698092,0.,-8.715574274766E-02));
#7910 = DIRECTION('',(-8.715574274766E-02,0.,-0.996194698092));
#7911 = DEFINITIONAL_REPRESENTATION('',(#7912),#7916);
#7912 = LINE('',#7913,#7914);
#7913 = CARTESIAN_POINT('',(4.712388980385,-16.99100508339));
#7914 = VECTOR('',#7915,1.);
#7915 = DIRECTION('',(0.,-1.));
#7916 = ( GEOMETRIC_REPRESENTATION_CONTEXT(2) 
PARAMETRIC_REPRESENTATION_CONTEXT() REPRESENTATION_CONTEXT('2D SPACE',''
  ) );
#7917 = ORIENTED_EDGE('',*,*,#7918,.F.);
#7918 = EDGE_CURVE('',#7919,#7891,#7921,.T.);
#7919 = VERTEX_POINT('',#7920);
#7920 = CARTESIAN_POINT('',(-15.34776453521,38.1,37.654324266979));
#7921 = SURFACE_CURVE('',#7922,(#7926,#7933),.PCURVE_S1.);
#7922 = LINE('',#7923,#7924);
#7923 = CARTESIAN_POINT('',(-15.34776453521,38.1,37.654324266979));
#7924 = VECTOR('',#7925,1.);
#7925 = DIRECTION('',(0.,0.,-1.));
#7926 = PCURVE('',#3545,#7927);
#7927 = DEFINITIONAL_REPRESENTATION('',(#7928),#7932);
#7928 = LINE('',#7929,#7930);
#7929 = CARTESIAN_POINT('',(-37.65432426697,-15.34776453521));
#7930 = VECTOR('',#7931,1.);
#7931 = DIRECTION('',(1.,0.));
#7932 = ( GEOMETRIC_REPRESENTATION_CONTEXT(2) 
PARAMETRIC_REPRESENTATION_CONTEXT() REPRESENTATION_CONTEXT('2D SPACE',''
  ) );
#7933 = PCURVE('',#7934,#7939);
#7934 = CYLINDRICAL_SURFACE('',#7935,1.);
#7935 = AXIS2_PLACEMENT_3D('',#7936,#7937,#7938);
#7936 = CARTESIAN_POINT('',(-15.34776453521,39.1,0.));
#7937 = DIRECTION('',(0.,0.,1.));
#7938 = DIRECTION('',(1.,0.,-0.));
#7939 = DEFINITIONAL_REPRESENTATION('',(#7940),#7944);
#7940 = LINE('',#7941,#7942);
#7941 = CARTESIAN_POINT('',(4.712388980385,37.654324266979));
#7942 = VECTOR('',#7943,1.);
#7943 = DIRECTION('',(0.,-1.));
#7944 = ( GEOMETRIC_REPRESENTATION_CONTEXT(2) 
PARAMETRIC_REPRESENTATION_CONTEXT() REPRESENTATION_CONTEXT('2D SPACE',''
  ) );
#7945 = ORIENTED_EDGE('',*,*,#7946,.F.);
#7946 = EDGE_CURVE('',#7947,#7919,#7949,.T.);
#7947 = VERTEX_POINT('',#7948);
#7948 = CARTESIAN_POINT('',(-13.34719371413,38.1,52.867019848237));
#7949 = SURFACE_CURVE('',#7950,(#7954,#7961),.PCURVE_S1.);
#7950 = LINE('',#7951,#7952);
#7951 = CARTESIAN_POINT('',(-13.34719371413,38.1,52.867019848237));
#7952 = VECTOR('',#7953,1.);
#7953 = DIRECTION('',(-0.130384063942,0.,-0.991463562553));
#7954 = PCURVE('',#3545,#7955);
#7955 = DEFINITIONAL_REPRESENTATION('',(#7956),#7960);
#7956 = LINE('',#7957,#7958);
#7957 = CARTESIAN_POINT('',(-52.86701984823,-13.34719371413));
#7958 = VECTOR('',#7959,1.);
#7959 = DIRECTION('',(0.991463562553,-0.130384063942));
#7960 = ( GEOMETRIC_REPRESENTATION_CONTEXT(2) 
PARAMETRIC_REPRESENTATION_CONTEXT() REPRESENTATION_CONTEXT('2D SPACE',''
  ) );
#7961 = PCURVE('',#7962,#7967);
#7962 = CYLINDRICAL_SURFACE('',#7963,1.);
#7963 = AXIS2_PLACEMENT_3D('',#7964,#7965,#7966);
#7964 = CARTESIAN_POINT('',(-19.95446645464,39.1,2.624145282211));
#7965 = DIRECTION('',(0.130384063942,0.,0.991463562553));
#7966 = DIRECTION('',(0.991463562553,0.,-0.130384063942));
#7967 = DEFINITIONAL_REPRESENTATION('',(#7968),#7972);
#7968 = LINE('',#7969,#7970);
#7969 = CARTESIAN_POINT('',(4.712388980385,50.675462481608));
#7970 = VECTOR('',#7971,1.);
#7971 = DIRECTION('',(0.,-1.));
#7972 = ( GEOMETRIC_REPRESENTATION_CONTEXT(2) 
PARAMETRIC_REPRESENTATION_CONTEXT() REPRESENTATION_CONTEXT('2D SPACE',''
  ) );
#7973 = ORIENTED_EDGE('',*,*,#7974,.F.);
#7974 = EDGE_CURVE('',#7574,#7947,#7975,.T.);
#7975 = SURFACE_CURVE('',#7976,(#7980,#7987),.PCURVE_S1.);
#7976 = LINE('',#7977,#7978);
#7977 = CARTESIAN_POINT('',(-9.814213562373,38.1,56.4));
#7978 = VECTOR('',#7979,1.);
#7979 = DIRECTION('',(-0.707106781187,0.,-0.707106781187));
#7980 = PCURVE('',#3545,#7981);
#7981 = DEFINITIONAL_REPRESENTATION('',(#7982),#7986);
#7982 = LINE('',#7983,#7984);
#7983 = CARTESIAN_POINT('',(-56.4,-9.814213562373));
#7984 = VECTOR('',#7985,1.);
#7985 = DIRECTION('',(0.707106781187,-0.707106781187));
#7986 = ( GEOMETRIC_REPRESENTATION_CONTEXT(2) 
PARAMETRIC_REPRESENTATION_CONTEXT() REPRESENTATION_CONTEXT('2D SPACE',''
  ) );
#7987 = PCURVE('',#7988,#7993);
#7988 = CYLINDRICAL_SURFACE('',#7989,1.);
#7989 = AXIS2_PLACEMENT_3D('',#7990,#7991,#7992);
#7990 = CARTESIAN_POINT('',(-33.10710678118,39.1,33.107106781187));
#7991 = DIRECTION('',(0.707106781187,0.,0.707106781187));
#7992 = DIRECTION('',(0.707106781187,0.,-0.707106781187));
#7993 = DEFINITIONAL_REPRESENTATION('',(#7994),#7998);
#7994 = LINE('',#7995,#7996);
#7995 = CARTESIAN_POINT('',(4.712388980385,32.941125496954));
#7996 = VECTOR('',#7997,1.);
#7997 = DIRECTION('',(-1.422112678805E-15,-1.));
#7998 = ( GEOMETRIC_REPRESENTATION_CONTEXT(2) 
PARAMETRIC_REPRESENTATION_CONTEXT() REPRESENTATION_CONTEXT('2D SPACE',''
  ) );
#7999 = ADVANCED_FACE('',(#8000,#8005),#3600,.T.);
#8000 = FACE_BOUND('',#8001,.T.);
#8001 = EDGE_LOOP('',(#8002,#8003,#8004));
#8002 = ORIENTED_EDGE('',*,*,#3659,.T.);
#8003 = ORIENTED_EDGE('',*,*,#3584,.T.);
#8004 = ORIENTED_EDGE('',*,*,#3688,.T.);
#8005 = FACE_BOUND('',#8006,.T.);
#8006 = EDGE_LOOP('',(#8007,#8033,#8056));
#8007 = ORIENTED_EDGE('',*,*,#8008,.F.);
#8008 = EDGE_CURVE('',#8009,#8011,#8013,.T.);
#8009 = VERTEX_POINT('',#8010);
#8010 = CARTESIAN_POINT('',(20.35,48.799663340513,-3.783285527828));
#8011 = VERTEX_POINT('',#8012);
#8012 = CARTESIAN_POINT('',(20.35,48.799663340513,-5.212230887094));
#8013 = SURFACE_CURVE('',#8014,(#8019,#8026),.PCURVE_S1.);
#8014 = CIRCLE('',#8015,1.);
#8015 = AXIS2_PLACEMENT_3D('',#8016,#8017,#8018);
#8016 = CARTESIAN_POINT('',(20.35,48.1,-4.497758207461));
#8017 = DIRECTION('',(1.,1.239088197126E-16,0.));
#8018 = DIRECTION('',(-1.239088197126E-16,1.,0.));
#8019 = PCURVE('',#3600,#8020);
#8020 = DEFINITIONAL_REPRESENTATION('',(#8021),#8025);
#8021 = CIRCLE('',#8022,1.);
#8022 = AXIS2_PLACEMENT_2D('',#8023,#8024);
#8023 = CARTESIAN_POINT('',(0.,0.));
#8024 = DIRECTION('',(0.,1.));
#8025 = ( GEOMETRIC_REPRESENTATION_CONTEXT(2) 
PARAMETRIC_REPRESENTATION_CONTEXT() REPRESENTATION_CONTEXT('2D SPACE',''
  ) );
#8026 = PCURVE('',#5113,#8027);
#8027 = DEFINITIONAL_REPRESENTATION('',(#8028),#8032);
#8028 = LINE('',#8029,#8030);
#8029 = CARTESIAN_POINT('',(-3.14159265359,20.489948510021));
#8030 = VECTOR('',#8031,1.);
#8031 = DIRECTION('',(1.,0.));
#8032 = ( GEOMETRIC_REPRESENTATION_CONTEXT(2) 
PARAMETRIC_REPRESENTATION_CONTEXT() REPRESENTATION_CONTEXT('2D SPACE',''
  ) );
#8033 = ORIENTED_EDGE('',*,*,#8034,.F.);
#8034 = EDGE_CURVE('',#8035,#8009,#8037,.T.);
#8035 = VERTEX_POINT('',#8036);
#8036 = CARTESIAN_POINT('',(20.35,49.529258819343,-4.497758207461));
#8037 = SURFACE_CURVE('',#8038,(#8042,#8049),.PCURVE_S1.);
#8038 = LINE('',#8039,#8040);
#8039 = CARTESIAN_POINT('',(20.35,49.529258819343,-4.497758207461));
#8040 = VECTOR('',#8041,1.);
#8041 = DIRECTION('',(0.,-0.714472679633,0.699663340513));
#8042 = PCURVE('',#3600,#8043);
#8043 = DEFINITIONAL_REPRESENTATION('',(#8044),#8048);
#8044 = LINE('',#8045,#8046);
#8045 = CARTESIAN_POINT('',(0.,1.429258819343));
#8046 = VECTOR('',#8047,1.);
#8047 = DIRECTION('',(-0.699663340513,-0.714472679633));
#8048 = ( GEOMETRIC_REPRESENTATION_CONTEXT(2) 
PARAMETRIC_REPRESENTATION_CONTEXT() REPRESENTATION_CONTEXT('2D SPACE',''
  ) );
#8049 = PCURVE('',#5167,#8050);
#8050 = DEFINITIONAL_REPRESENTATION('',(#8051),#8055);
#8051 = LINE('',#8052,#8053);
#8052 = CARTESIAN_POINT('',(20.489948510021,1.021166378545));
#8053 = VECTOR('',#8054,1.);
#8054 = DIRECTION('',(8.489748638486E-17,-1.));
#8055 = ( GEOMETRIC_REPRESENTATION_CONTEXT(2) 
PARAMETRIC_REPRESENTATION_CONTEXT() REPRESENTATION_CONTEXT('2D SPACE',''
  ) );
#8056 = ORIENTED_EDGE('',*,*,#8057,.F.);
#8057 = EDGE_CURVE('',#8011,#8035,#8058,.T.);
#8058 = SURFACE_CURVE('',#8059,(#8063,#8070),.PCURVE_S1.);
#8059 = LINE('',#8060,#8061);
#8060 = CARTESIAN_POINT('',(20.35,48.799663340513,-5.212230887094));
#8061 = VECTOR('',#8062,1.);
#8062 = DIRECTION('',(0.,0.714472679633,0.699663340513));
#8063 = PCURVE('',#3600,#8064);
#8064 = DEFINITIONAL_REPRESENTATION('',(#8065),#8069);
#8065 = LINE('',#8066,#8067);
#8066 = CARTESIAN_POINT('',(0.714472679633,0.699663340513));
#8067 = VECTOR('',#8068,1.);
#8068 = DIRECTION('',(-0.699663340513,0.714472679633));
#8069 = ( GEOMETRIC_REPRESENTATION_CONTEXT(2) 
PARAMETRIC_REPRESENTATION_CONTEXT() REPRESENTATION_CONTEXT('2D SPACE',''
  ) );
#8070 = PCURVE('',#5141,#8071);
#8071 = DEFINITIONAL_REPRESENTATION('',(#8072),#8076);
#8072 = LINE('',#8073,#8074);
#8073 = CARTESIAN_POINT('',(-20.48994851002,-1.021166378545));
#8074 = VECTOR('',#8075,1.);
#8075 = DIRECTION('',(8.489748638486E-17,1.));
#8076 = ( GEOMETRIC_REPRESENTATION_CONTEXT(2) 
PARAMETRIC_REPRESENTATION_CONTEXT() REPRESENTATION_CONTEXT('2D SPACE',''
  ) );
#8077 = ADVANCED_FACE('',(#8078),#3752,.F.);
#8078 = FACE_BOUND('',#8079,.F.);
#8079 = EDGE_LOOP('',(#8080,#8101,#8102));
#8080 = ORIENTED_EDGE('',*,*,#8081,.F.);
#8081 = EDGE_CURVE('',#3714,#3906,#8082,.T.);
#8082 = SURFACE_CURVE('',#8083,(#8088,#8094),.PCURVE_S1.);
#8083 = CIRCLE('',#8084,1.);
#8084 = AXIS2_PLACEMENT_3D('',#8085,#8086,#8087);
#8085 = CARTESIAN_POINT('',(-21.35,39.1,-19.6));
#8086 = DIRECTION('',(0.,0.,-1.));
#8087 = DIRECTION('',(0.,-1.,0.));
#8088 = PCURVE('',#3752,#8089);
#8089 = DEFINITIONAL_REPRESENTATION('',(#8090),#8093);
#8090 = B_SPLINE_CURVE_WITH_KNOTS('',1,(#8091,#8092),.UNSPECIFIED.,.F.,
  .F.,(2,2),(0.,1.570796326795),.PIECEWISE_BEZIER_KNOTS.);
#8091 = CARTESIAN_POINT('',(1.,-6.257324862092E-17));
#8092 = CARTESIAN_POINT('',(0.,-2.560993814316E-15));
#8093 = ( GEOMETRIC_REPRESENTATION_CONTEXT(2) 
PARAMETRIC_REPRESENTATION_CONTEXT() REPRESENTATION_CONTEXT('2D SPACE',''
  ) );
#8094 = PCURVE('',#4068,#8095);
#8095 = DEFINITIONAL_REPRESENTATION('',(#8096),#8100);
#8096 = LINE('',#8097,#8098);
#8097 = CARTESIAN_POINT('',(4.712388980385,-19.6));
#8098 = VECTOR('',#8099,1.);
#8099 = DIRECTION('',(-1.,0.));
#8100 = ( GEOMETRIC_REPRESENTATION_CONTEXT(2) 
PARAMETRIC_REPRESENTATION_CONTEXT() REPRESENTATION_CONTEXT('2D SPACE',''
  ) );
#8101 = ORIENTED_EDGE('',*,*,#3713,.F.);
#8102 = ORIENTED_EDGE('',*,*,#3905,.F.);
#8103 = ADVANCED_FACE('',(#8104),#4068,.T.);
#8104 = FACE_BOUND('',#8105,.T.);
#8105 = EDGE_LOOP('',(#8106,#8107,#8108,#8174));
#8106 = ORIENTED_EDGE('',*,*,#8081,.F.);
#8107 = ORIENTED_EDGE('',*,*,#7548,.T.);
#8108 = ORIENTED_EDGE('',*,*,#8109,.F.);
#8109 = EDGE_CURVE('',#4053,#7521,#8110,.T.);
#8110 = SURFACE_CURVE('',#8111,(#8116,#8145),.PCURVE_S1.);
#8111 = ELLIPSE('',#8112,1.002104698779,1.);
#8112 = AXIS2_PLACEMENT_3D('',#8113,#8114,#8115);
#8113 = CARTESIAN_POINT('',(-21.35,39.1,6.939569585701));
#8114 = DIRECTION('',(6.477766191143E-02,0.,0.997899721674));
#8115 = DIRECTION('',(0.997899721674,0.,-6.477766191143E-02));
#8116 = PCURVE('',#4068,#8117);
#8117 = DEFINITIONAL_REPRESENTATION('',(#8118),#8144);
#8118 = B_SPLINE_CURVE_WITH_KNOTS('',3,(#8119,#8120,#8121,#8122,#8123,
    #8124,#8125,#8126,#8127,#8128,#8129,#8130,#8131,#8132,#8133,#8134,
    #8135,#8136,#8137,#8138,#8139,#8140,#8141,#8142,#8143),
  .UNSPECIFIED.,.F.,.F.,(4,1,1,1,1,1,1,1,1,1,1,1,1,1,1,1,1,1,1,1,1,1,4),
  (3.14159265359,3.212992486626,3.284392319662,3.355792152698,
    3.427191985734,3.49859181877,3.569991651807,3.641391484843,
    3.712791317879,3.784191150915,3.855590983951,3.926990816987,
    3.998390650023,4.06979048306,4.141190316096,4.212590149132,
    4.283989982168,4.355389815204,4.42678964824,4.498189481276,
    4.569589314312,4.640989147349,4.712388980385),
  .QUASI_UNIFORM_KNOTS.);
#8119 = CARTESIAN_POINT('',(3.14159265359,7.004483585078));
#8120 = CARTESIAN_POINT('',(3.165392597935,7.004483725069));
#8121 = CARTESIAN_POINT('',(3.212992486626,7.004373164096));
#8122 = CARTESIAN_POINT('',(3.284392319662,7.003877487945));
#8123 = CARTESIAN_POINT('',(3.355792152698,7.003054009101));
#8124 = CARTESIAN_POINT('',(3.427191985734,7.001907056151));
#8125 = CARTESIAN_POINT('',(3.49859181877,7.000442438248));
#8126 = CARTESIAN_POINT('',(3.569991651807,6.99866762825));
#8127 = CARTESIAN_POINT('',(3.641391484843,6.996591667635));
#8128 = CARTESIAN_POINT('',(3.712791317879,6.994225135706));
#8129 = CARTESIAN_POINT('',(3.784191150915,6.991580091583));
#8130 = CARTESIAN_POINT('',(3.855590983951,6.988670013855));
#8131 = CARTESIAN_POINT('',(3.926990816987,6.985509731596));
#8132 = CARTESIAN_POINT('',(3.998390650023,6.982115348886));
#8133 = CARTESIAN_POINT('',(4.06979048306,6.978504162718));
#8134 = CARTESIAN_POINT('',(4.141190316096,6.974694574871));
#8135 = CARTESIAN_POINT('',(4.212590149132,6.970705998127));
#8136 = CARTESIAN_POINT('',(4.283989982168,6.966558757376));
#8137 = CARTESIAN_POINT('',(4.355389815204,6.962273985945));
#8138 = CARTESIAN_POINT('',(4.42678964824,6.95787351827));
#8139 = CARTESIAN_POINT('',(4.498189481276,6.953379777295));
#8140 = CARTESIAN_POINT('',(4.569589314312,6.948815665196));
#8141 = CARTESIAN_POINT('',(4.640989147349,6.944204428065));
#8142 = CARTESIAN_POINT('',(4.688589036039,6.941114547297));
#8143 = CARTESIAN_POINT('',(4.712388980385,6.939569585701));
#8144 = ( GEOMETRIC_REPRESENTATION_CONTEXT(2) 
PARAMETRIC_REPRESENTATION_CONTEXT() REPRESENTATION_CONTEXT('2D SPACE',''
  ) );
#8145 = PCURVE('',#7536,#8146);
#8146 = DEFINITIONAL_REPRESENTATION('',(#8147),#8173);
#8147 = B_SPLINE_CURVE_WITH_KNOTS('',3,(#8148,#8149,#8150,#8151,#8152,
    #8153,#8154,#8155,#8156,#8157,#8158,#8159,#8160,#8161,#8162,#8163,
    #8164,#8165,#8166,#8167,#8168,#8169,#8170,#8171,#8172),
  .UNSPECIFIED.,.F.,.F.,(4,1,1,1,1,1,1,1,1,1,1,1,1,1,1,1,1,1,1,1,1,1,4),
  (3.14159265359,3.212992486626,3.284392319662,3.355792152698,
    3.427191985734,3.49859181877,3.569991651807,3.641391484843,
    3.712791317879,3.784191150915,3.855590983951,3.926990816987,
    3.998390650023,4.06979048306,4.141190316096,4.212590149132,
    4.283989982168,4.355389815204,4.42678964824,4.498189481276,
    4.569589314312,4.640989147349,4.712388980385),
  .QUASI_UNIFORM_KNOTS.);
#8148 = CARTESIAN_POINT('',(6.28318530718,-4.056219918362));
#8149 = CARTESIAN_POINT('',(6.259385362834,-4.056219778371));
#8150 = CARTESIAN_POINT('',(6.211785474143,-4.056330339344));
#8151 = CARTESIAN_POINT('',(6.140385641107,-4.056826015495));
#8152 = CARTESIAN_POINT('',(6.068985808071,-4.057649494339));
#8153 = CARTESIAN_POINT('',(5.997585975035,-4.058796447289));
#8154 = CARTESIAN_POINT('',(5.926186141999,-4.060261065191));
#8155 = CARTESIAN_POINT('',(5.854786308963,-4.06203587519));
#8156 = CARTESIAN_POINT('',(5.783386475927,-4.064111835805));
#8157 = CARTESIAN_POINT('',(5.711986642891,-4.066478367734));
#8158 = CARTESIAN_POINT('',(5.640586809854,-4.069123411857));
#8159 = CARTESIAN_POINT('',(5.569186976818,-4.072033489585));
#8160 = CARTESIAN_POINT('',(5.497787143782,-4.075193771844));
#8161 = CARTESIAN_POINT('',(5.426387310746,-4.078588154554));
#8162 = CARTESIAN_POINT('',(5.35498747771,-4.082199340722));
#8163 = CARTESIAN_POINT('',(5.283587644674,-4.086008928569));
#8164 = CARTESIAN_POINT('',(5.212187811638,-4.089997505312));
#8165 = CARTESIAN_POINT('',(5.140787978601,-4.094144746064));
#8166 = CARTESIAN_POINT('',(5.069388145565,-4.098429517495));
#8167 = CARTESIAN_POINT('',(4.997988312529,-4.10282998517));
#8168 = CARTESIAN_POINT('',(4.926588479493,-4.107323726145));
#8169 = CARTESIAN_POINT('',(4.855188646457,-4.111887838244));
#8170 = CARTESIAN_POINT('',(4.783788813421,-4.116499075375));
#8171 = CARTESIAN_POINT('',(4.73618892473,-4.119588956143));
#8172 = CARTESIAN_POINT('',(4.712388980385,-4.121133917739));
#8173 = ( GEOMETRIC_REPRESENTATION_CONTEXT(2) 
PARAMETRIC_REPRESENTATION_CONTEXT() REPRESENTATION_CONTEXT('2D SPACE',''
  ) );
#8174 = ORIENTED_EDGE('',*,*,#4052,.F.);
#8175 = ADVANCED_FACE('',(#8176),#4096,.F.);
#8176 = FACE_BOUND('',#8177,.T.);
#8177 = EDGE_LOOP('',(#8178,#8179,#8202,#8230,#8258,#8303));
#8178 = ORIENTED_EDGE('',*,*,#4080,.F.);
#8179 = ORIENTED_EDGE('',*,*,#8180,.T.);
#8180 = EDGE_CURVE('',#4053,#8181,#8183,.T.);
#8181 = VERTEX_POINT('',#8182);
#8182 = CARTESIAN_POINT('',(-16.08641839298,39.1,55.046416107921));
#8183 = SURFACE_CURVE('',#8184,(#8188,#8195),.PCURVE_S1.);
#8184 = LINE('',#8185,#8186);
#8185 = CARTESIAN_POINT('',(-22.35,39.1,7.004483585078));
#8186 = VECTOR('',#8187,1.);
#8187 = DIRECTION('',(0.129283221584,0.,0.991607709035));
#8188 = PCURVE('',#4096,#8189);
#8189 = DEFINITIONAL_REPRESENTATION('',(#8190),#8194);
#8190 = LINE('',#8191,#8192);
#8191 = CARTESIAN_POINT('',(48.448526655381,-19.));
#8192 = VECTOR('',#8193,1.);
#8193 = DIRECTION('',(-1.,0.));
#8194 = ( GEOMETRIC_REPRESENTATION_CONTEXT(2) 
PARAMETRIC_REPRESENTATION_CONTEXT() REPRESENTATION_CONTEXT('2D SPACE',''
  ) );
#8195 = PCURVE('',#7536,#8196);
#8196 = DEFINITIONAL_REPRESENTATION('',(#8197),#8201);
#8197 = LINE('',#8198,#8199);
#8198 = CARTESIAN_POINT('',(6.28318530718,-4.056219918362));
#8199 = VECTOR('',#8200,1.);
#8200 = DIRECTION('',(0.,-1.));
#8201 = ( GEOMETRIC_REPRESENTATION_CONTEXT(2) 
PARAMETRIC_REPRESENTATION_CONTEXT() REPRESENTATION_CONTEXT('2D SPACE',''
  ) );
#8202 = ORIENTED_EDGE('',*,*,#8203,.F.);
#8203 = EDGE_CURVE('',#8204,#8181,#8206,.T.);
#8204 = VERTEX_POINT('',#8205);
#8205 = CARTESIAN_POINT('',(-16.08641839298,57.1,55.046416107921));
#8206 = SURFACE_CURVE('',#8207,(#8211,#8218),.PCURVE_S1.);
#8207 = LINE('',#8208,#8209);
#8208 = CARTESIAN_POINT('',(-16.08641839298,57.1,55.046416107921));
#8209 = VECTOR('',#8210,1.);
#8210 = DIRECTION('',(0.,-1.,0.));
#8211 = PCURVE('',#4096,#8212);
#8212 = DEFINITIONAL_REPRESENTATION('',(#8213),#8217);
#8213 = LINE('',#8214,#8215);
#8214 = CARTESIAN_POINT('',(-0.,-1.));
#8215 = VECTOR('',#8216,1.);
#8216 = DIRECTION('',(-0.,-1.));
#8217 = ( GEOMETRIC_REPRESENTATION_CONTEXT(2) 
PARAMETRIC_REPRESENTATION_CONTEXT() REPRESENTATION_CONTEXT('2D SPACE',''
  ) );
#8218 = PCURVE('',#8219,#8224);
#8219 = CYLINDRICAL_SURFACE('',#8220,5.);
#8220 = AXIS2_PLACEMENT_3D('',#8221,#8222,#8223);
#8221 = CARTESIAN_POINT('',(-11.12837984781,58.1,54.4));
#8222 = DIRECTION('',(0.,1.,0.));
#8223 = DIRECTION('',(0.,0.,-1.));
#8224 = DEFINITIONAL_REPRESENTATION('',(#8225),#8229);
#8225 = LINE('',#8226,#8227);
#8226 = CARTESIAN_POINT('',(1.700442427631,-1.));
#8227 = VECTOR('',#8228,1.);
#8228 = DIRECTION('',(0.,-1.));
#8229 = ( GEOMETRIC_REPRESENTATION_CONTEXT(2) 
PARAMETRIC_REPRESENTATION_CONTEXT() REPRESENTATION_CONTEXT('2D SPACE',''
  ) );
#8230 = ORIENTED_EDGE('',*,*,#8231,.F.);
#8231 = EDGE_CURVE('',#8232,#8204,#8234,.T.);
#8232 = VERTEX_POINT('',#8233);
#8233 = CARTESIAN_POINT('',(-21.54378003198,57.1,13.18822441135));
#8234 = SURFACE_CURVE('',#8235,(#8239,#8246),.PCURVE_S1.);
#8235 = LINE('',#8236,#8237);
#8236 = CARTESIAN_POINT('',(-21.54378003198,57.1,13.18822441135));
#8237 = VECTOR('',#8238,1.);
#8238 = DIRECTION('',(0.129283221584,0.,0.991607709035));
#8239 = PCURVE('',#4096,#8240);
#8240 = DEFINITIONAL_REPRESENTATION('',(#8241),#8245);
#8241 = LINE('',#8242,#8243);
#8242 = CARTESIAN_POINT('',(42.212450866607,-1.));
#8243 = VECTOR('',#8244,1.);
#8244 = DIRECTION('',(-1.,0.));
#8245 = ( GEOMETRIC_REPRESENTATION_CONTEXT(2) 
PARAMETRIC_REPRESENTATION_CONTEXT() REPRESENTATION_CONTEXT('2D SPACE',''
  ) );
#8246 = PCURVE('',#8247,#8252);
#8247 = CYLINDRICAL_SURFACE('',#8248,1.);
#8248 = AXIS2_PLACEMENT_3D('',#8249,#8250,#8251);
#8249 = CARTESIAN_POINT('',(-15.09481068394,57.1,54.917132886337));
#8250 = DIRECTION('',(-0.129283221584,0.,-0.991607709035));
#8251 = DIRECTION('',(-0.991607709035,0.,0.129283221584));
#8252 = DEFINITIONAL_REPRESENTATION('',(#8253),#8257);
#8253 = LINE('',#8254,#8255);
#8254 = CARTESIAN_POINT('',(0.,42.212450866607));
#8255 = VECTOR('',#8256,1.);
#8256 = DIRECTION('',(0.,-1.));
#8257 = ( GEOMETRIC_REPRESENTATION_CONTEXT(2) 
PARAMETRIC_REPRESENTATION_CONTEXT() REPRESENTATION_CONTEXT('2D SPACE',''
  ) );
#8258 = ORIENTED_EDGE('',*,*,#8259,.T.);
#8259 = EDGE_CURVE('',#8232,#8260,#8262,.T.);
#8260 = VERTEX_POINT('',#8261);
#8261 = CARTESIAN_POINT('',(-22.34394629578,59.2093931029,7.050922735104
    ));
#8262 = SURFACE_CURVE('',#8263,(#8268,#8275),.PCURVE_S1.);
#8263 = ELLIPSE('',#8264,6.481438661431,3.);
#8264 = AXIS2_PLACEMENT_3D('',#8265,#8266,#8267);
#8265 = CARTESIAN_POINT('',(-21.54378003198,60.1,13.18822441135));
#8266 = DIRECTION('',(0.991607709035,0.,-0.129283221584));
#8267 = DIRECTION('',(0.129283221584,0.,0.991607709035));
#8268 = PCURVE('',#4096,#8269);
#8269 = DEFINITIONAL_REPRESENTATION('',(#8270),#8274);
#8270 = ELLIPSE('',#8271,6.481438661431,3.);
#8271 = AXIS2_PLACEMENT_2D('',#8272,#8273);
#8272 = CARTESIAN_POINT('',(42.212450866607,2.));
#8273 = DIRECTION('',(-1.,0.));
#8274 = ( GEOMETRIC_REPRESENTATION_CONTEXT(2) 
PARAMETRIC_REPRESENTATION_CONTEXT() REPRESENTATION_CONTEXT('2D SPACE',''
  ) );
#8275 = PCURVE('',#8276,#8298);
#8276 = ( BOUNDED_SURFACE() B_SPLINE_SURFACE(3,2,(
    (#8277,#8278,#8279)
    ,(#8280,#8281,#8282)
    ,(#8283,#8284,#8285)
    ,(#8286,#8287,#8288)
    ,(#8289,#8290,#8291)
    ,(#8292,#8293,#8294)
    ,(#8295,#8296,#8297
)),.UNSPECIFIED.,.F.,.F.,.F.) B_SPLINE_SURFACE_WITH_KNOTS((4,1,1,1,4),(3
    ,3),(1.569988560422,1.890046442548,2.2092965583,2.528546674053,
    2.847796789806),(-1.440255925146E-05,1.000807766373),.UNSPECIFIED.) 
GEOMETRIC_REPRESENTATION_ITEM() RATIONAL_B_SPLINE_SURFACE((
    (1.000008444239,0.706612558212,1.000473970187)
    ,(1.000007480765,0.740087581801,1.00041989097)
    ,(1.000005693668,0.80217866849,1.000319582232)
    ,(1.000003527498,0.87744027043,1.000197996402)
    ,(1.000001947773,0.932326389287,1.000109327358)
    ,(1.0000013175,0.954224646952,1.000073950516)
    ,(1.000001112874,0.961334210165,1.000062464949
))) REPRESENTATION_ITEM('') SURFACE() );
#8277 = CARTESIAN_POINT('',(-21.5431031699,57.09998061162,
    13.193415970144));
#8278 = CARTESIAN_POINT('',(-21.54317184522,58.101861220844,
    13.193047127576));
#8279 = CARTESIAN_POINT('',(-20.54970087513,58.099999187357,
    13.063521720824));
#8280 = CARTESIAN_POINT('',(-21.63249997319,57.09972082035,
    12.507738755437));
#8281 = CARTESIAN_POINT('',(-21.62240983267,58.011112332517,
    12.585267065694));
#8282 = CARTESIAN_POINT('',(-20.72655243985,58.099933498861,
    12.439011806431));
#8283 = CARTESIAN_POINT('',(-21.81107264015,57.202395911104,
    11.138078942106));
#8284 = CARTESIAN_POINT('',(-21.78673434779,57.936660907653,
    11.324854349902));
#8285 = CARTESIAN_POINT('',(-21.07984783183,58.168575931891,
    11.191590849994));
#8286 = CARTESIAN_POINT('',(-22.05174295937,57.649743932644,
    9.292127542573));
#8287 = CARTESIAN_POINT('',(-22.02261397189,58.161692890058,
    9.515606880244));
#8288 = CARTESIAN_POINT('',(-21.55604600614,58.46693709608,
    9.510546482496));
#8289 = CARTESIAN_POINT('',(-22.24087406231,58.34434490601,
    7.841484084325));
#8290 = CARTESIAN_POINT('',(-22.20977321993,58.665809942371,
    8.080060244062));
#8291 = CARTESIAN_POINT('',(-21.93030728635,58.929966628986,
    8.189537098972));
#8292 = CARTESIAN_POINT('',(-22.31999485605,58.92566085931,
    7.234624292024));
#8293 = CARTESIAN_POINT('',(-22.28933666059,59.138080733771,
    7.469794831138));
#8294 = CARTESIAN_POINT('',(-22.08688343489,59.317387349689,
    7.636928714297));
#8295 = CARTESIAN_POINT('',(-22.34581766678,59.231233103052,
    7.036562255237));
#8296 = CARTESIAN_POINT('',(-22.31480744108,59.388032221721,
    7.274429558263));
#8297 = CARTESIAN_POINT('',(-22.13798743792,59.521031370068,
    7.456567869949));
#8298 = DEFINITIONAL_REPRESENTATION('',(#8299),#8302);
#8299 = B_SPLINE_CURVE_WITH_KNOTS('',1,(#8300,#8301),.UNSPECIFIED.,.F.,
  .F.,(2,2),(1.570796326795,2.840180500352),.PIECEWISE_BEZIER_KNOTS.);
#8300 = CARTESIAN_POINT('',(1.570796326795,4.749510366227E-15));
#8301 = CARTESIAN_POINT('',(2.840180670153,-2.398115250317E-06));
#8302 = ( GEOMETRIC_REPRESENTATION_CONTEXT(2) 
PARAMETRIC_REPRESENTATION_CONTEXT() REPRESENTATION_CONTEXT('2D SPACE',''
  ) );
#8303 = ORIENTED_EDGE('',*,*,#8304,.F.);
#8304 = EDGE_CURVE('',#4081,#8260,#8305,.T.);
#8305 = SURFACE_CURVE('',#8306,(#8312,#8321),.PCURVE_S1.);
#8306 = B_SPLINE_CURVE_WITH_KNOTS('',3,(#8307,#8308,#8309,#8310,#8311),
  .UNSPECIFIED.,.F.,.F.,(4,1,4),(0.,7.433397073338E-05,
    1.486679414668E-04),.QUASI_UNIFORM_KNOTS.);
#8307 = CARTESIAN_POINT('',(-22.35,59.074143433894,7.004483585078));
#8308 = CARTESIAN_POINT('',(-22.35,59.098982549313,7.004483585078));
#8309 = CARTESIAN_POINT('',(-22.3495784989,59.148199635126,
    7.007716516083));
#8310 = CARTESIAN_POINT('',(-22.34670651482,59.196121604351,
    7.029744753952));
#8311 = CARTESIAN_POINT('',(-22.34394541216,59.209392976403,
    7.05092252668));
#8312 = PCURVE('',#4096,#8313);
#8313 = DEFINITIONAL_REPRESENTATION('',(#8314),#8320);
#8314 = B_SPLINE_CURVE_WITH_KNOTS('',3,(#8315,#8316,#8317,#8318,#8319),
  .UNSPECIFIED.,.F.,.F.,(4,1,4),(0.,7.433397073338E-05,
    1.486679414668E-04),.QUASI_UNIFORM_KNOTS.);
#8315 = CARTESIAN_POINT('',(48.448526655381,0.974143433894));
#8316 = CARTESIAN_POINT('',(48.448526655381,0.998982549313));
#8317 = CARTESIAN_POINT('',(48.445266363054,1.048199635125));
#8318 = CARTESIAN_POINT('',(48.423051693213,1.096121604351));
#8319 = CARTESIAN_POINT('',(48.401694686267,1.109392976403));
#8320 = ( GEOMETRIC_REPRESENTATION_CONTEXT(2) 
PARAMETRIC_REPRESENTATION_CONTEXT() REPRESENTATION_CONTEXT('2D SPACE',''
  ) );
#8321 = PCURVE('',#4125,#8322);
#8322 = DEFINITIONAL_REPRESENTATION('',(#8323),#8349);
#8323 = B_SPLINE_CURVE_WITH_KNOTS('',3,(#8324,#8325,#8326,#8327,#8328,
    #8329,#8330,#8331,#8332,#8333,#8334,#8335,#8336,#8337,#8338,#8339,
    #8340,#8341,#8342,#8343,#8344,#8345,#8346,#8347,#8348),
  .UNSPECIFIED.,.F.,.F.,(4,1,1,1,1,1,1,1,1,1,1,1,1,1,1,1,1,1,1,1,1,1,4),
  (0.,6.757633703035E-06,1.351526740607E-05,2.02729011091E-05,
    2.703053481214E-05,3.378816851517E-05,4.054580221821E-05,
    4.730343592124E-05,5.406106962428E-05,6.081870332731E-05,
    6.757633703035E-05,7.433397073338E-05,8.109160443642E-05,
    8.784923813945E-05,9.460687184248E-05,1.013645055455E-04,
    1.081221392486E-04,1.148797729516E-04,1.216374066546E-04,
    1.283950403577E-04,1.351526740607E-04,1.419103077637E-04,
    1.486679414668E-04),.QUASI_UNIFORM_KNOTS.);
#8324 = CARTESIAN_POINT('',(3.490586177325,1.));
#8325 = CARTESIAN_POINT('',(3.490015050862,0.998217461583));
#8326 = CARTESIAN_POINT('',(3.488875780031,0.994626362501));
#8327 = CARTESIAN_POINT('',(3.487178082804,0.989144139802));
#8328 = CARTESIAN_POINT('',(3.485493861052,0.983548950207));
#8329 = CARTESIAN_POINT('',(3.483825368199,0.977823000083));
#8330 = CARTESIAN_POINT('',(3.48217485033,0.971948452381));
#8331 = CARTESIAN_POINT('',(3.480544546167,0.965907342074));
#8332 = CARTESIAN_POINT('',(3.478936688917,0.959681611533));
#8333 = CARTESIAN_POINT('',(3.477353507837,0.953253115691));
#8334 = CARTESIAN_POINT('',(3.475797230608,0.946603636496));
#8335 = CARTESIAN_POINT('',(3.474270084359,0.939714899606));
#8336 = CARTESIAN_POINT('',(3.472774302947,0.932568582967));
#8337 = CARTESIAN_POINT('',(3.471312112286,0.925146366848));
#8338 = CARTESIAN_POINT('',(3.46989980448,0.917451755302));
#8339 = CARTESIAN_POINT('',(3.46855391099,0.909487918649));
#8340 = CARTESIAN_POINT('',(3.467291196659,0.901257814814));
#8341 = CARTESIAN_POINT('',(3.466128674374,0.892764291058));
#8342 = CARTESIAN_POINT('',(3.465083612427,0.884010218075));
#8343 = CARTESIAN_POINT('',(3.464173542859,0.874998648086));
#8344 = CARTESIAN_POINT('',(3.463416264697,0.865732982944));
#8345 = CARTESIAN_POINT('',(3.462829857077,0.856217220336));
#8346 = CARTESIAN_POINT('',(3.462432646683,0.846456022404));
#8347 = CARTESIAN_POINT('',(3.462306438668,0.839789049248));
#8348 = CARTESIAN_POINT('',(3.462281083415,0.836416642653));
#8349 = ( GEOMETRIC_REPRESENTATION_CONTEXT(2) 
PARAMETRIC_REPRESENTATION_CONTEXT() REPRESENTATION_CONTEXT('2D SPACE',''
  ) );
#8350 = ADVANCED_FACE('',(#8351),#4125,.F.);
#8351 = FACE_BOUND('',#8352,.F.);
#8352 = EDGE_LOOP('',(#8353,#8354,#8375,#8420,#8440));
#8353 = ORIENTED_EDGE('',*,*,#4108,.F.);
#8354 = ORIENTED_EDGE('',*,*,#8355,.F.);
#8355 = EDGE_CURVE('',#4294,#4109,#8356,.T.);
#8356 = SURFACE_CURVE('',#8357,(#8362,#8368),.PCURVE_S1.);
#8357 = CIRCLE('',#8358,1.);
#8358 = AXIS2_PLACEMENT_3D('',#8359,#8360,#8361);
#8359 = CARTESIAN_POINT('',(-21.35,60.1,6.689184796199));
#8360 = DIRECTION('',(0.,-1.,0.));
#8361 = DIRECTION('',(0.,0.,1.));
#8362 = PCURVE('',#4125,#8363);
#8363 = DEFINITIONAL_REPRESENTATION('',(#8364),#8367);
#8364 = B_SPLINE_CURVE_WITH_KNOTS('',1,(#8365,#8366),.UNSPECIFIED.,.F.,
  .F.,(2,2),(0.959931088597,1.570796326795),.PIECEWISE_BEZIER_KNOTS.);
#8365 = CARTESIAN_POINT('',(3.14159265359,-3.074979432183E-14));
#8366 = CARTESIAN_POINT('',(3.14159265359,1.));
#8367 = ( GEOMETRIC_REPRESENTATION_CONTEXT(2) 
PARAMETRIC_REPRESENTATION_CONTEXT() REPRESENTATION_CONTEXT('2D SPACE',''
  ) );
#8368 = PCURVE('',#4158,#8369);
#8369 = DEFINITIONAL_REPRESENTATION('',(#8370),#8374);
#8370 = LINE('',#8371,#8372);
#8371 = CARTESIAN_POINT('',(3.14159265359,-11.9));
#8372 = VECTOR('',#8373,1.);
#8373 = DIRECTION('',(-1.,0.));
#8374 = ( GEOMETRIC_REPRESENTATION_CONTEXT(2) 
PARAMETRIC_REPRESENTATION_CONTEXT() REPRESENTATION_CONTEXT('2D SPACE',''
  ) );
#8375 = ORIENTED_EDGE('',*,*,#8376,.F.);
#8376 = EDGE_CURVE('',#8377,#4294,#8379,.T.);
#8377 = VERTEX_POINT('',#8378);
#8378 = CARTESIAN_POINT('',(-22.12994187715,59.4886047241,7.485690768509
    ));
#8379 = SURFACE_CURVE('',#8380,(#8385,#8391),.PCURVE_S1.);
#8380 = ELLIPSE('',#8381,4.728261896559,2.);
#8381 = AXIS2_PLACEMENT_3D('',#8382,#8383,#8384);
#8382 = CARTESIAN_POINT('',(-21.35,60.1,11.919525183062));
#8383 = DIRECTION('',(0.984878598603,-1.370662874032E-16,-0.173245911967
    ));
#8384 = DIRECTION('',(0.173245911967,4.747475742125E-33,0.984878598603)
  );
#8385 = PCURVE('',#4125,#8386);
#8386 = DEFINITIONAL_REPRESENTATION('',(#8387),#8390);
#8387 = B_SPLINE_CURVE_WITH_KNOTS('',1,(#8388,#8389),.UNSPECIFIED.,.F.,
  .F.,(2,2),(2.830920782071,3.14159265359),.PIECEWISE_BEZIER_KNOTS.);
#8388 = CARTESIAN_POINT('',(3.452259306715,3.400575901633E-05));
#8389 = CARTESIAN_POINT('',(3.14159265359,-7.237297031227E-14));
#8390 = ( GEOMETRIC_REPRESENTATION_CONTEXT(2) 
PARAMETRIC_REPRESENTATION_CONTEXT() REPRESENTATION_CONTEXT('2D SPACE',''
  ) );
#8391 = PCURVE('',#4332,#8392);
#8392 = DEFINITIONAL_REPRESENTATION('',(#8393),#8419);
#8393 = B_SPLINE_CURVE_WITH_KNOTS('',3,(#8394,#8395,#8396,#8397,#8398,
    #8399,#8400,#8401,#8402,#8403,#8404,#8405,#8406,#8407,#8408,#8409,
    #8410,#8411,#8412,#8413,#8414,#8415,#8416,#8417,#8418),
  .UNSPECIFIED.,.F.,.F.,(4,1,1,1,1,1,1,1,1,1,1,1,1,1,1,1,1,1,1,1,1,1,4),
  (2.830920782071,2.845042230776,2.859163679482,2.873285128187,
    2.887406576892,2.901528025598,2.915649474303,2.929770923009,
    2.943892371714,2.958013820419,2.972135269125,2.98625671783,
    3.000378166536,3.014499615241,3.028621063947,3.042742512652,
    3.056863961357,3.070985410063,3.085106858768,3.099228307474,
    3.113349756179,3.127471204884,3.14159265359),.QUASI_UNIFORM_KNOTS.);
#8394 = CARTESIAN_POINT('',(3.452264525109,32.679193365828));
#8395 = CARTESIAN_POINT('',(3.44755737554,32.685358557922));
#8396 = CARTESIAN_POINT('',(3.438143076403,32.697417729515));
#8397 = CARTESIAN_POINT('',(3.424021627698,32.714689421085));
#8398 = CARTESIAN_POINT('',(3.409900178993,32.731140554666));
#8399 = CARTESIAN_POINT('',(3.395778730287,32.746767862565));
#8400 = CARTESIAN_POINT('',(3.381657281582,32.761568225062));
#8401 = CARTESIAN_POINT('',(3.367535832876,32.775538691711));
#8402 = CARTESIAN_POINT('',(3.353414384171,32.788676476385));
#8403 = CARTESIAN_POINT('',(3.339292935466,32.80097895932));
#8404 = CARTESIAN_POINT('',(3.32517148676,32.812443687235));
#8405 = CARTESIAN_POINT('',(3.311050038055,32.823068373929));
#8406 = CARTESIAN_POINT('',(3.296928589349,32.832850900713));
#8407 = CARTESIAN_POINT('',(3.282807140644,32.841789316832));
#8408 = CARTESIAN_POINT('',(3.268685691938,32.84988183986));
#8409 = CARTESIAN_POINT('',(3.254564243233,32.857126856051));
#8410 = CARTESIAN_POINT('',(3.240442794528,32.863522920658));
#8411 = CARTESIAN_POINT('',(3.226321345822,32.869068758245));
#8412 = CARTESIAN_POINT('',(3.212199897117,32.873763262839));
#8413 = CARTESIAN_POINT('',(3.198078448411,32.877605498557));
#8414 = CARTESIAN_POINT('',(3.183956999706,32.880594698246));
#8415 = CARTESIAN_POINT('',(3.169835551001,32.882730269423));
#8416 = CARTESIAN_POINT('',(3.155714102295,32.884011772799));
#8417 = CARTESIAN_POINT('',(3.146299803158,32.884296592899));
#8418 = CARTESIAN_POINT('',(3.14159265359,32.884296578703));
#8419 = ( GEOMETRIC_REPRESENTATION_CONTEXT(2) 
PARAMETRIC_REPRESENTATION_CONTEXT() REPRESENTATION_CONTEXT('2D SPACE',''
  ) );
#8420 = ORIENTED_EDGE('',*,*,#8421,.F.);
#8421 = EDGE_CURVE('',#8260,#8377,#8422,.T.);
#8422 = SURFACE_CURVE('',#8423,(#8428,#8434),.PCURVE_S1.);
#8423 = ELLIPSE('',#8424,1.003116169644,1.001014187954);
#8424 = AXIS2_PLACEMENT_3D('',#8425,#8426,#8427);
#8425 = CARTESIAN_POINT('',(-21.34794444039,59.182589380189,
    6.940172327885));
#8426 = DIRECTION('',(-3.581105089976E-02,0.848809247778,-0.527485004072
    ));
#8427 = DIRECTION('',(-0.894163848924,-0.262936320821,-0.362402404062));
#8428 = PCURVE('',#4125,#8429);
#8429 = DEFINITIONAL_REPRESENTATION('',(#8430),#8433);
#8430 = B_SPLINE_CURVE_WITH_KNOTS('',1,(#8431,#8432),.UNSPECIFIED.,.F.,
  .F.,(2,2),(0.572062021064,1.137605134559),.PIECEWISE_BEZIER_KNOTS.);
#8431 = CARTESIAN_POINT('',(3.462281081795,0.8364164283));
#8432 = CARTESIAN_POINT('',(3.452259306181,3.400566592628E-05));
#8433 = ( GEOMETRIC_REPRESENTATION_CONTEXT(2) 
PARAMETRIC_REPRESENTATION_CONTEXT() REPRESENTATION_CONTEXT('2D SPACE',''
  ) );
#8434 = PCURVE('',#8276,#8435);
#8435 = DEFINITIONAL_REPRESENTATION('',(#8436),#8439);
#8436 = B_SPLINE_CURVE_WITH_KNOTS('',1,(#8437,#8438),.UNSPECIFIED.,.F.,
  .F.,(2,2),(0.572062021064,1.137605134559),.PIECEWISE_BEZIER_KNOTS.);
#8437 = CARTESIAN_POINT('',(2.840180704108,-2.124952323194E-06));
#8438 = CARTESIAN_POINT('',(2.830921872478,0.999991822653));
#8439 = ( GEOMETRIC_REPRESENTATION_CONTEXT(2) 
PARAMETRIC_REPRESENTATION_CONTEXT() REPRESENTATION_CONTEXT('2D SPACE',''
  ) );
#8440 = ORIENTED_EDGE('',*,*,#8304,.F.);
#8441 = ADVANCED_FACE('',(#8442),#4158,.T.);
#8442 = FACE_BOUND('',#8443,.T.);
#8443 = EDGE_LOOP('',(#8444,#8445,#8446,#8447));
#8444 = ORIENTED_EDGE('',*,*,#4266,.T.);
#8445 = ORIENTED_EDGE('',*,*,#4144,.F.);
#8446 = ORIENTED_EDGE('',*,*,#8355,.F.);
#8447 = ORIENTED_EDGE('',*,*,#4293,.F.);
#8448 = ADVANCED_FACE('',(#8449),#4191,.T.);
#8449 = FACE_BOUND('',#8450,.T.);
#8450 = EDGE_LOOP('',(#8451,#8452,#8475,#8503));
#8451 = ORIENTED_EDGE('',*,*,#4173,.F.);
#8452 = ORIENTED_EDGE('',*,*,#8453,.F.);
#8453 = EDGE_CURVE('',#8454,#4174,#8456,.T.);
#8454 = VERTEX_POINT('',#8455);
#8455 = CARTESIAN_POINT('',(-20.35,49.359394012924,-5.7838090308));
#8456 = SURFACE_CURVE('',#8457,(#8461,#8468),.PCURVE_S1.);
#8457 = LINE('',#8458,#8459);
#8458 = CARTESIAN_POINT('',(-20.35,49.359394012924,-5.7838090308));
#8459 = VECTOR('',#8460,1.);
#8460 = DIRECTION('',(-1.,0.,0.));
#8461 = PCURVE('',#4191,#8462);
#8462 = DEFINITIONAL_REPRESENTATION('',(#8463),#8467);
#8463 = LINE('',#8464,#8465);
#8464 = CARTESIAN_POINT('',(0.,0.));
#8465 = VECTOR('',#8466,1.);
#8466 = DIRECTION('',(-1.,8.489748638486E-17));
#8467 = ( GEOMETRIC_REPRESENTATION_CONTEXT(2) 
PARAMETRIC_REPRESENTATION_CONTEXT() REPRESENTATION_CONTEXT('2D SPACE',''
  ) );
#8468 = PCURVE('',#4250,#8469);
#8469 = DEFINITIONAL_REPRESENTATION('',(#8470),#8474);
#8470 = LINE('',#8471,#8472);
#8471 = CARTESIAN_POINT('',(2.34572251468,0.));
#8472 = VECTOR('',#8473,1.);
#8473 = DIRECTION('',(0.,-1.));
#8474 = ( GEOMETRIC_REPRESENTATION_CONTEXT(2) 
PARAMETRIC_REPRESENTATION_CONTEXT() REPRESENTATION_CONTEXT('2D SPACE',''
  ) );
#8475 = ORIENTED_EDGE('',*,*,#8476,.T.);
#8476 = EDGE_CURVE('',#8454,#8477,#8479,.T.);
#8477 = VERTEX_POINT('',#8478);
#8478 = CARTESIAN_POINT('',(-20.35,50.672665874818,-4.497758207461));
#8479 = SURFACE_CURVE('',#8480,(#8484,#8491),.PCURVE_S1.);
#8480 = LINE('',#8481,#8482);
#8481 = CARTESIAN_POINT('',(-20.35,49.359394012924,-5.7838090308));
#8482 = VECTOR('',#8483,1.);
#8483 = DIRECTION('',(0.,0.714472679633,0.699663340513));
#8484 = PCURVE('',#4191,#8485);
#8485 = DEFINITIONAL_REPRESENTATION('',(#8486),#8490);
#8486 = LINE('',#8487,#8488);
#8487 = CARTESIAN_POINT('',(0.,0.));
#8488 = VECTOR('',#8489,1.);
#8489 = DIRECTION('',(8.489748638486E-17,1.));
#8490 = ( GEOMETRIC_REPRESENTATION_CONTEXT(2) 
PARAMETRIC_REPRESENTATION_CONTEXT() REPRESENTATION_CONTEXT('2D SPACE',''
  ) );
#8491 = PCURVE('',#8492,#8497);
#8492 = PLANE('',#8493);
#8493 = AXIS2_PLACEMENT_3D('',#8494,#8495,#8496);
#8494 = CARTESIAN_POINT('',(-20.35,48.1,-4.497758207461));
#8495 = DIRECTION('',(1.,-1.239088197126E-16,0.));
#8496 = DIRECTION('',(0.,0.,-1.));
#8497 = DEFINITIONAL_REPRESENTATION('',(#8498),#8502);
#8498 = LINE('',#8499,#8500);
#8499 = CARTESIAN_POINT('',(1.286050823339,1.259394012924));
#8500 = VECTOR('',#8501,1.);
#8501 = DIRECTION('',(-0.699663340513,0.714472679633));
#8502 = ( GEOMETRIC_REPRESENTATION_CONTEXT(2) 
PARAMETRIC_REPRESENTATION_CONTEXT() REPRESENTATION_CONTEXT('2D SPACE',''
  ) );
#8503 = ORIENTED_EDGE('',*,*,#8504,.T.);
#8504 = EDGE_CURVE('',#8477,#4176,#8505,.T.);
#8505 = SURFACE_CURVE('',#8506,(#8510,#8517),.PCURVE_S1.);
#8506 = LINE('',#8507,#8508);
#8507 = CARTESIAN_POINT('',(-20.35,50.672665874818,-4.497758207461));
#8508 = VECTOR('',#8509,1.);
#8509 = DIRECTION('',(-1.,0.,0.));
#8510 = PCURVE('',#4191,#8511);
#8511 = DEFINITIONAL_REPRESENTATION('',(#8512),#8516);
#8512 = LINE('',#8513,#8514);
#8513 = CARTESIAN_POINT('',(1.560500256946E-16,1.838099481381));
#8514 = VECTOR('',#8515,1.);
#8515 = DIRECTION('',(-1.,8.489748638486E-17));
#8516 = ( GEOMETRIC_REPRESENTATION_CONTEXT(2) 
PARAMETRIC_REPRESENTATION_CONTEXT() REPRESENTATION_CONTEXT('2D SPACE',''
  ) );
#8517 = PCURVE('',#4219,#8518);
#8518 = DEFINITIONAL_REPRESENTATION('',(#8519),#8523);
#8519 = LINE('',#8520,#8521);
#8520 = CARTESIAN_POINT('',(0.,0.));
#8521 = VECTOR('',#8522,1.);
#8522 = DIRECTION('',(1.,8.489748638486E-17));
#8523 = ( GEOMETRIC_REPRESENTATION_CONTEXT(2) 
PARAMETRIC_REPRESENTATION_CONTEXT() REPRESENTATION_CONTEXT('2D SPACE',''
  ) );
#8524 = ADVANCED_FACE('',(#8525),#4219,.T.);
#8525 = FACE_BOUND('',#8526,.T.);
#8526 = EDGE_LOOP('',(#8527,#8528,#8529,#8552));
#8527 = ORIENTED_EDGE('',*,*,#4203,.F.);
#8528 = ORIENTED_EDGE('',*,*,#8504,.F.);
#8529 = ORIENTED_EDGE('',*,*,#8530,.T.);
#8530 = EDGE_CURVE('',#8477,#8531,#8533,.T.);
#8531 = VERTEX_POINT('',#8532);
#8532 = CARTESIAN_POINT('',(-20.35,49.359394012924,-3.211707384122));
#8533 = SURFACE_CURVE('',#8534,(#8538,#8545),.PCURVE_S1.);
#8534 = LINE('',#8535,#8536);
#8535 = CARTESIAN_POINT('',(-20.35,50.672665874818,-4.497758207461));
#8536 = VECTOR('',#8537,1.);
#8537 = DIRECTION('',(0.,-0.714472679633,0.699663340513));
#8538 = PCURVE('',#4219,#8539);
#8539 = DEFINITIONAL_REPRESENTATION('',(#8540),#8544);
#8540 = LINE('',#8541,#8542);
#8541 = CARTESIAN_POINT('',(0.,0.));
#8542 = VECTOR('',#8543,1.);
#8543 = DIRECTION('',(8.489748638486E-17,-1.));
#8544 = ( GEOMETRIC_REPRESENTATION_CONTEXT(2) 
PARAMETRIC_REPRESENTATION_CONTEXT() REPRESENTATION_CONTEXT('2D SPACE',''
  ) );
#8545 = PCURVE('',#8492,#8546);
#8546 = DEFINITIONAL_REPRESENTATION('',(#8547),#8551);
#8547 = LINE('',#8548,#8549);
#8548 = CARTESIAN_POINT('',(0.,2.572665874818));
#8549 = VECTOR('',#8550,1.);
#8550 = DIRECTION('',(-0.699663340513,-0.714472679633));
#8551 = ( GEOMETRIC_REPRESENTATION_CONTEXT(2) 
PARAMETRIC_REPRESENTATION_CONTEXT() REPRESENTATION_CONTEXT('2D SPACE',''
  ) );
#8552 = ORIENTED_EDGE('',*,*,#8553,.T.);
#8553 = EDGE_CURVE('',#8531,#4204,#8554,.T.);
#8554 = SURFACE_CURVE('',#8555,(#8559,#8566),.PCURVE_S1.);
#8555 = LINE('',#8556,#8557);
#8556 = CARTESIAN_POINT('',(-20.35,49.359394012924,-3.211707384122));
#8557 = VECTOR('',#8558,1.);
#8558 = DIRECTION('',(-1.,0.,0.));
#8559 = PCURVE('',#4219,#8560);
#8560 = DEFINITIONAL_REPRESENTATION('',(#8561),#8565);
#8561 = LINE('',#8562,#8563);
#8562 = CARTESIAN_POINT('',(1.560500256946E-16,-1.838099481381));
#8563 = VECTOR('',#8564,1.);
#8564 = DIRECTION('',(1.,8.489748638486E-17));
#8565 = ( GEOMETRIC_REPRESENTATION_CONTEXT(2) 
PARAMETRIC_REPRESENTATION_CONTEXT() REPRESENTATION_CONTEXT('2D SPACE',''
  ) );
#8566 = PCURVE('',#4250,#8567);
#8567 = DEFINITIONAL_REPRESENTATION('',(#8568),#8572);
#8568 = LINE('',#8569,#8570);
#8569 = CARTESIAN_POINT('',(-2.34572251468,0.));
#8570 = VECTOR('',#8571,1.);
#8571 = DIRECTION('',(0.,-1.));
#8572 = ( GEOMETRIC_REPRESENTATION_CONTEXT(2) 
PARAMETRIC_REPRESENTATION_CONTEXT() REPRESENTATION_CONTEXT('2D SPACE',''
  ) );
#8573 = ADVANCED_FACE('',(#8574),#4250,.F.);
#8574 = FACE_BOUND('',#8575,.F.);
#8575 = EDGE_LOOP('',(#8576,#8577,#8599,#8600));
#8576 = ORIENTED_EDGE('',*,*,#8453,.F.);
#8577 = ORIENTED_EDGE('',*,*,#8578,.F.);
#8578 = EDGE_CURVE('',#8531,#8454,#8579,.T.);
#8579 = SURFACE_CURVE('',#8580,(#8585,#8592),.PCURVE_S1.);
#8580 = CIRCLE('',#8581,1.8);
#8581 = AXIS2_PLACEMENT_3D('',#8582,#8583,#8584);
#8582 = CARTESIAN_POINT('',(-20.35,48.1,-4.497758207461));
#8583 = DIRECTION('',(1.,-1.239088197126E-16,0.));
#8584 = DIRECTION('',(1.239088197126E-16,1.,0.));
#8585 = PCURVE('',#4250,#8586);
#8586 = DEFINITIONAL_REPRESENTATION('',(#8587),#8591);
#8587 = LINE('',#8588,#8589);
#8588 = CARTESIAN_POINT('',(-3.14159265359,0.));
#8589 = VECTOR('',#8590,1.);
#8590 = DIRECTION('',(1.,0.));
#8591 = ( GEOMETRIC_REPRESENTATION_CONTEXT(2) 
PARAMETRIC_REPRESENTATION_CONTEXT() REPRESENTATION_CONTEXT('2D SPACE',''
  ) );
#8592 = PCURVE('',#8492,#8593);
#8593 = DEFINITIONAL_REPRESENTATION('',(#8594),#8598);
#8594 = CIRCLE('',#8595,1.8);
#8595 = AXIS2_PLACEMENT_2D('',#8596,#8597);
#8596 = CARTESIAN_POINT('',(0.,0.));
#8597 = DIRECTION('',(0.,1.));
#8598 = ( GEOMETRIC_REPRESENTATION_CONTEXT(2) 
PARAMETRIC_REPRESENTATION_CONTEXT() REPRESENTATION_CONTEXT('2D SPACE',''
  ) );
#8599 = ORIENTED_EDGE('',*,*,#8553,.T.);
#8600 = ORIENTED_EDGE('',*,*,#4231,.T.);
#8601 = ADVANCED_FACE('',(#8602),#4332,.F.);
#8602 = FACE_BOUND('',#8603,.F.);
#8603 = EDGE_LOOP('',(#8604,#8651,#8674,#8717,#8718,#8719));
#8604 = ORIENTED_EDGE('',*,*,#8605,.F.);
#8605 = EDGE_CURVE('',#8606,#8608,#8610,.T.);
#8606 = VERTEX_POINT('',#8607);
#8607 = CARTESIAN_POINT('',(-18.12668885026,58.1,16.522890576661));
#8608 = VERTEX_POINT('',#8609);
#8609 = CARTESIAN_POINT('',(-18.76160989292,58.25093118304,
    14.287279869525));
#8610 = SURFACE_CURVE('',#8611,(#8616,#8645),.PCURVE_S1.);
#8611 = ELLIPSE('',#8612,6.098222125206,2.);
#8612 = AXIS2_PLACEMENT_3D('',#8613,#8614,#8615);
#8613 = CARTESIAN_POINT('',(-18.12668885026,60.1,16.522890576661));
#8614 = DIRECTION('',(0.961957475621,0.,-0.273199222356));
#8615 = DIRECTION('',(0.273199222356,0.,0.961957475621));
#8616 = PCURVE('',#4332,#8617);
#8617 = DEFINITIONAL_REPRESENTATION('',(#8618),#8644);
#8618 = B_SPLINE_CURVE_WITH_KNOTS('',3,(#8619,#8620,#8621,#8622,#8623,
    #8624,#8625,#8626,#8627,#8628,#8629,#8630,#8631,#8632,#8633,#8634,
    #8635,#8636,#8637,#8638,#8639,#8640,#8641,#8642,#8643),
  .UNSPECIFIED.,.F.,.F.,(4,1,1,1,1,1,1,1,1,1,1,1,1,1,1,1,1,1,1,1,1,1,4),
  (1.570796326795,1.588568327241,1.606340327688,1.624112328134,
    1.641884328581,1.659656329027,1.677428329474,1.69520032992,
    1.712972330367,1.730744330813,1.74851633126,1.766288331706,
    1.784060332153,1.801832332599,1.819604333046,1.837376333492,
    1.855148333939,1.872920334385,1.890692334832,1.908464335278,
    1.926236335725,1.944008336171,1.961780336617),
  .QUASI_UNIFORM_KNOTS.);
#8619 = CARTESIAN_POINT('',(4.712388980385,22.980181063187));
#8620 = CARTESIAN_POINT('',(4.706464980236,23.014308813678));
#8621 = CARTESIAN_POINT('',(4.694616979938,23.082564311057));
#8622 = CARTESIAN_POINT('',(4.676844979492,23.184915223737));
#8623 = CARTESIAN_POINT('',(4.659072979045,23.287201473288));
#8624 = CARTESIAN_POINT('',(4.641300978599,23.389390755044));
#8625 = CARTESIAN_POINT('',(4.623528978152,23.491450793721));
#8626 = CARTESIAN_POINT('',(4.605756977706,23.593349355185));
#8627 = CARTESIAN_POINT('',(4.587984977259,23.695054256218));
#8628 = CARTESIAN_POINT('',(4.570212976813,23.796533374785));
#8629 = CARTESIAN_POINT('',(4.552440976366,23.897754660159));
#8630 = CARTESIAN_POINT('',(4.53466897592,23.998686143046));
#8631 = CARTESIAN_POINT('',(4.516896975473,24.099295945681));
#8632 = CARTESIAN_POINT('',(4.499124975027,24.199552291899));
#8633 = CARTESIAN_POINT('',(4.48135297458,24.299423517167));
#8634 = CARTESIAN_POINT('',(4.463580974134,24.39887807859));
#8635 = CARTESIAN_POINT('',(4.445808973687,24.497884564862));
#8636 = CARTESIAN_POINT('',(4.428036973241,24.596411706224));
#8637 = CARTESIAN_POINT('',(4.410264972794,24.694428384204));
#8638 = CARTESIAN_POINT('',(4.392492972348,24.791903641952));
#8639 = CARTESIAN_POINT('',(4.374720971902,24.888806692129));
#8640 = CARTESIAN_POINT('',(4.356948971455,24.985106933675));
#8641 = CARTESIAN_POINT('',(4.339176971009,25.080773935186));
#8642 = CARTESIAN_POINT('',(4.327328970711,25.144109673484));
#8643 = CARTESIAN_POINT('',(4.321404970562,25.175661938076));
#8644 = ( GEOMETRIC_REPRESENTATION_CONTEXT(2) 
PARAMETRIC_REPRESENTATION_CONTEXT() REPRESENTATION_CONTEXT('2D SPACE',''
  ) );
#8645 = PCURVE('',#4541,#8646);
#8646 = DEFINITIONAL_REPRESENTATION('',(#8647),#8650);
#8647 = B_SPLINE_CURVE_WITH_KNOTS('',1,(#8648,#8649),.UNSPECIFIED.,.F.,
  .F.,(2,2),(1.570796326795,1.961780336617),.PIECEWISE_BEZIER_KNOTS.);
#8648 = CARTESIAN_POINT('',(4.712388980385,1.));
#8649 = CARTESIAN_POINT('',(4.321404964205,1.000000016483));
#8650 = ( GEOMETRIC_REPRESENTATION_CONTEXT(2) 
PARAMETRIC_REPRESENTATION_CONTEXT() REPRESENTATION_CONTEXT('2D SPACE',''
  ) );
#8651 = ORIENTED_EDGE('',*,*,#8652,.T.);
#8652 = EDGE_CURVE('',#8606,#8653,#8655,.T.);
#8653 = VERTEX_POINT('',#8654);
#8654 = CARTESIAN_POINT('',(-20.55217232294,58.1,13.058941189766));
#8655 = SURFACE_CURVE('',#8656,(#8660,#8667),.PCURVE_S1.);
#8656 = LINE('',#8657,#8658);
#8657 = CARTESIAN_POINT('',(-18.12668885026,58.1,16.522890576661));
#8658 = VECTOR('',#8659,1.);
#8659 = DIRECTION('',(-0.573576436351,0.,-0.819152044289));
#8660 = PCURVE('',#4332,#8661);
#8661 = DEFINITIONAL_REPRESENTATION('',(#8662),#8666);
#8662 = LINE('',#8663,#8664);
#8663 = CARTESIAN_POINT('',(4.712388980385,22.980181063187));
#8664 = VECTOR('',#8665,1.);
#8665 = DIRECTION('',(4.200714773393E-16,1.));
#8666 = ( GEOMETRIC_REPRESENTATION_CONTEXT(2) 
PARAMETRIC_REPRESENTATION_CONTEXT() REPRESENTATION_CONTEXT('2D SPACE',''
  ) );
#8667 = PCURVE('',#5557,#8668);
#8668 = DEFINITIONAL_REPRESENTATION('',(#8669),#8673);
#8669 = LINE('',#8670,#8671);
#8670 = CARTESIAN_POINT('',(-37.87710942333,-29.25506869807));
#8671 = VECTOR('',#8672,1.);
#8672 = DIRECTION('',(-0.819152044289,-0.573576436351));
#8673 = ( GEOMETRIC_REPRESENTATION_CONTEXT(2) 
PARAMETRIC_REPRESENTATION_CONTEXT() REPRESENTATION_CONTEXT('2D SPACE',''
  ) );
#8674 = ORIENTED_EDGE('',*,*,#8675,.F.);
#8675 = EDGE_CURVE('',#8377,#8653,#8676,.T.);
#8676 = SURFACE_CURVE('',#8677,(#8682,#8711),.PCURVE_S1.);
#8677 = ELLIPSE('',#8678,6.083506153682,2.);
#8678 = AXIS2_PLACEMENT_3D('',#8679,#8680,#8681);
#8679 = CARTESIAN_POINT('',(-20.55217232294,60.1,13.058941189766));
#8680 = DIRECTION('',(-0.962186600636,0.,0.272391162773));
#8681 = DIRECTION('',(0.272391162773,0.,0.962186600636));
#8682 = PCURVE('',#4332,#8683);
#8683 = DEFINITIONAL_REPRESENTATION('',(#8684),#8710);
#8684 = B_SPLINE_CURVE_WITH_KNOTS('',3,(#8685,#8686,#8687,#8688,#8689,
    #8690,#8691,#8692,#8693,#8694,#8695,#8696,#8697,#8698,#8699,#8700,
    #8701,#8702,#8703,#8704,#8705,#8706,#8707,#8708,#8709),
  .UNSPECIFIED.,.F.,.F.,(4,1,1,1,1,1,1,1,1,1,1,1,1,1,1,1,1,1,1,1,1,1,4),
  (3.452264525061,3.509542909394,3.566821293727,3.62409967806,
    3.681378062393,3.738656446725,3.795934831058,3.853213215391,
    3.910491599724,3.967769984057,4.02504836839,4.082326752723,
    4.139605137056,4.196883521389,4.254161905722,4.311440290054,
    4.368718674387,4.42599705872,4.483275443053,4.540553827386,
    4.597832211719,4.655110596052,4.712388980385),
  .QUASI_UNIFORM_KNOTS.);
#8685 = CARTESIAN_POINT('',(3.452264525061,32.679193365675));
#8686 = CARTESIAN_POINT('',(3.471357319839,32.645664627823));
#8687 = CARTESIAN_POINT('',(3.509542909394,32.572606590647));
#8688 = CARTESIAN_POINT('',(3.566821293727,32.445440279952));
#8689 = CARTESIAN_POINT('',(3.62409967806,32.301094930246));
#8690 = CARTESIAN_POINT('',(3.681378062393,32.140048504917));
#8691 = CARTESIAN_POINT('',(3.738656446725,31.962828010925));
#8692 = CARTESIAN_POINT('',(3.795934831058,31.770015041396));
#8693 = CARTESIAN_POINT('',(3.853213215391,31.562241919752));
#8694 = CARTESIAN_POINT('',(3.910491599724,31.34019014778));
#8695 = CARTESIAN_POINT('',(3.967769984057,31.10458803049));
#8696 = CARTESIAN_POINT('',(4.02504836839,30.856208324811));
#8697 = CARTESIAN_POINT('',(4.082326752723,30.595865694973));
#8698 = CARTESIAN_POINT('',(4.139605137056,30.324414043167));
#8699 = CARTESIAN_POINT('',(4.196883521389,30.042743708085));
#8700 = CARTESIAN_POINT('',(4.254161905722,29.751778544931));
#8701 = CARTESIAN_POINT('',(4.311440290054,29.452472894995));
#8702 = CARTESIAN_POINT('',(4.368718674387,29.145808456268));
#8703 = CARTESIAN_POINT('',(4.42599705872,28.832791060726));
#8704 = CARTESIAN_POINT('',(4.483275443053,28.514447385822));
#8705 = CARTESIAN_POINT('',(4.540553827386,28.191821547742));
#8706 = CARTESIAN_POINT('',(4.597832211719,27.865971823577));
#8707 = CARTESIAN_POINT('',(4.655110596052,27.537966632449));
#8708 = CARTESIAN_POINT('',(4.693296185607,27.318577594573));
#8709 = CARTESIAN_POINT('',(4.712388980385,27.208882451465));
#8710 = ( GEOMETRIC_REPRESENTATION_CONTEXT(2) 
PARAMETRIC_REPRESENTATION_CONTEXT() REPRESENTATION_CONTEXT('2D SPACE',''
  ) );
#8711 = PCURVE('',#8276,#8712);
#8712 = DEFINITIONAL_REPRESENTATION('',(#8713),#8716);
#8713 = B_SPLINE_CURVE_WITH_KNOTS('',1,(#8714,#8715),.UNSPECIFIED.,.F.,
  .F.,(2,2),(3.452264525061,4.712388980385),.PIECEWISE_BEZIER_KNOTS.);
#8714 = CARTESIAN_POINT('',(2.83092187364,0.999991823332));
#8715 = CARTESIAN_POINT('',(1.570796326795,1.));
#8716 = ( GEOMETRIC_REPRESENTATION_CONTEXT(2) 
PARAMETRIC_REPRESENTATION_CONTEXT() REPRESENTATION_CONTEXT('2D SPACE',''
  ) );
#8717 = ORIENTED_EDGE('',*,*,#8376,.T.);
#8718 = ORIENTED_EDGE('',*,*,#4316,.F.);
#8719 = ORIENTED_EDGE('',*,*,#8720,.F.);
#8720 = EDGE_CURVE('',#8608,#4317,#8721,.T.);
#8721 = SURFACE_CURVE('',#8722,(#8727,#8756),.PCURVE_S1.);
#8722 = ELLIPSE('',#8723,4.728261896559,2.);
#8723 = AXIS2_PLACEMENT_3D('',#8724,#8725,#8726);
#8724 = CARTESIAN_POINT('',(-18.44943246979,60.1,16.061964919745));
#8725 = DIRECTION('',(0.984878598603,0.,-0.173245911967));
#8726 = DIRECTION('',(0.173245911967,0.,0.984878598603));
#8727 = PCURVE('',#4332,#8728);
#8728 = DEFINITIONAL_REPRESENTATION('',(#8729),#8755);
#8729 = B_SPLINE_CURVE_WITH_KNOTS('',3,(#8730,#8731,#8732,#8733,#8734,
    #8735,#8736,#8737,#8738,#8739,#8740,#8741,#8742,#8743,#8744,#8745,
    #8746,#8747,#8748,#8749,#8750,#8751,#8752,#8753,#8754),
  .UNSPECIFIED.,.F.,.F.,(4,1,1,1,1,1,1,1,1,1,1,1,1,1,1,1,1,1,1,1,1,1,4),
  (1.961780339055,2.015408171534,2.069036004012,2.122663836491,
    2.17629166897,2.229919501449,2.283547333928,2.337175166407,
    2.390802998886,2.444430831365,2.498058663843,2.551686496322,
    2.605314328801,2.65894216128,2.712569993759,2.766197826238,
    2.819825658717,2.873453491195,2.927081323674,2.980709156153,
    3.034336988632,3.087964821111,3.14159265359),.QUASI_UNIFORM_KNOTS.);
#8730 = CARTESIAN_POINT('',(4.321404968125,25.175661951085));
#8731 = CARTESIAN_POINT('',(4.303529023965,25.246471943445));
#8732 = CARTESIAN_POINT('',(4.267777135646,25.386521769038));
#8733 = CARTESIAN_POINT('',(4.214149303167,25.591299152946));
#8734 = CARTESIAN_POINT('',(4.160521470688,25.790185802105));
#8735 = CARTESIAN_POINT('',(4.106893638209,25.982611097336));
#8736 = CARTESIAN_POINT('',(4.053265805731,26.168021437037));
#8737 = CARTESIAN_POINT('',(3.999637973252,26.34588380752));
#8738 = CARTESIAN_POINT('',(3.946010140773,26.5156867854));
#8739 = CARTESIAN_POINT('',(3.892382308294,26.676942150119));
#8740 = CARTESIAN_POINT('',(3.838754475815,26.829186249647));
#8741 = CARTESIAN_POINT('',(3.785126643336,26.971981343799));
#8742 = CARTESIAN_POINT('',(3.731498810857,27.104916860106));
#8743 = CARTESIAN_POINT('',(3.677870978378,27.227610575081));
#8744 = CARTESIAN_POINT('',(3.6242431459,27.339709712898));
#8745 = CARTESIAN_POINT('',(3.570615313421,27.440891960202));
#8746 = CARTESIAN_POINT('',(3.516987480942,27.530866391177));
#8747 = CARTESIAN_POINT('',(3.463359648463,27.609374310217));
#8748 = CARTESIAN_POINT('',(3.409731815984,27.676189972657));
#8749 = CARTESIAN_POINT('',(3.356103983505,27.731121320008));
#8750 = CARTESIAN_POINT('',(3.302476151026,27.774010210616));
#8751 = CARTESIAN_POINT('',(3.248848318548,27.804734074417));
#8752 = CARTESIAN_POINT('',(3.195220486069,27.823201786704));
#8753 = CARTESIAN_POINT('',(3.159468597749,27.827314358685));
#8754 = CARTESIAN_POINT('',(3.14159265359,27.827311412685));
#8755 = ( GEOMETRIC_REPRESENTATION_CONTEXT(2) 
PARAMETRIC_REPRESENTATION_CONTEXT() REPRESENTATION_CONTEXT('2D SPACE',''
  ) );
#8756 = PCURVE('',#4486,#8757);
#8757 = DEFINITIONAL_REPRESENTATION('',(#8758),#8761);
#8758 = B_SPLINE_CURVE_WITH_KNOTS('',1,(#8759,#8760),.UNSPECIFIED.,.F.,
  .F.,(2,2),(1.961780339055,3.14159265359),.PIECEWISE_BEZIER_KNOTS.);
#8759 = CARTESIAN_POINT('',(4.321404886419,1.000000091556));
#8760 = CARTESIAN_POINT('',(3.14159265359,1.));
#8761 = ( GEOMETRIC_REPRESENTATION_CONTEXT(2) 
PARAMETRIC_REPRESENTATION_CONTEXT() REPRESENTATION_CONTEXT('2D SPACE',''
  ) );
#8762 = ADVANCED_FACE('',(#8763),#4358,.T.);
#8763 = FACE_BOUND('',#8764,.T.);
#8764 = EDGE_LOOP('',(#8765,#8766,#8767,#8811));
#8765 = ORIENTED_EDGE('',*,*,#4374,.T.);
#8766 = ORIENTED_EDGE('',*,*,#4344,.T.);
#8767 = ORIENTED_EDGE('',*,*,#8768,.T.);
#8768 = EDGE_CURVE('',#4317,#4447,#8769,.T.);
#8769 = SURFACE_CURVE('',#8770,(#8775,#8782),.PCURVE_S1.);
#8770 = CIRCLE('',#8771,1.);
#8771 = AXIS2_PLACEMENT_3D('',#8772,#8773,#8774);
#8772 = CARTESIAN_POINT('',(-18.44943246979,60.1,10.831624532882));
#8773 = DIRECTION('',(0.,1.,0.));
#8774 = DIRECTION('',(0.,0.,-1.));
#8775 = PCURVE('',#4358,#8776);
#8776 = DEFINITIONAL_REPRESENTATION('',(#8777),#8781);
#8777 = LINE('',#8778,#8779);
#8778 = CARTESIAN_POINT('',(-3.447025272689,-11.9));
#8779 = VECTOR('',#8780,1.);
#8780 = DIRECTION('',(1.,0.));
#8781 = ( GEOMETRIC_REPRESENTATION_CONTEXT(2) 
PARAMETRIC_REPRESENTATION_CONTEXT() REPRESENTATION_CONTEXT('2D SPACE',''
  ) );
#8782 = PCURVE('',#4486,#8783);
#8783 = DEFINITIONAL_REPRESENTATION('',(#8784),#8810);
#8784 = B_SPLINE_CURVE_WITH_KNOTS('',3,(#8785,#8786,#8787,#8788,#8789,
    #8790,#8791,#8792,#8793,#8794,#8795,#8796,#8797,#8798,#8799,#8800,
    #8801,#8802,#8803,#8804,#8805,#8806,#8807,#8808,#8809),
  .UNSPECIFIED.,.F.,.F.,(4,1,1,1,1,1,1,1,1,1,1,1,1,1,1,1,1,1,1,1,1,1,4),
  (2.181661564993,2.296694629329,2.411727693665,2.526760758001,
    2.641793822337,2.756826886673,2.871859951009,2.986893015345,
    3.101926079681,3.216959144017,3.331992208353,3.447025272689,
    3.562058337025,3.677091401361,3.792124465697,3.907157530033,
    4.022190594369,4.137223658705,4.252256723041,4.367289787377,
    4.482322851713,4.597355916049,4.712388980385),
  .QUASI_UNIFORM_KNOTS.);
#8785 = CARTESIAN_POINT('',(3.14159265359,1.));
#8786 = CARTESIAN_POINT('',(3.14159265359,0.979911647733));
#8787 = CARTESIAN_POINT('',(3.14159265359,0.941374951984));
#8788 = CARTESIAN_POINT('',(3.14159265359,0.887748383154));
#8789 = CARTESIAN_POINT('',(3.14159265359,0.837502468753));
#8790 = CARTESIAN_POINT('',(3.14159265359,0.790036329251));
#8791 = CARTESIAN_POINT('',(3.14159265359,0.744833049288));
#8792 = CARTESIAN_POINT('',(3.14159265359,0.701456662372));
#8793 = CARTESIAN_POINT('',(3.14159265359,0.659527854215));
#8794 = CARTESIAN_POINT('',(3.14159265359,0.618711083128));
#8795 = CARTESIAN_POINT('',(3.14159265359,0.578702647537));
#8796 = CARTESIAN_POINT('',(3.14159265359,0.539221288187));
#8797 = CARTESIAN_POINT('',(3.14159265359,0.5));
#8798 = CARTESIAN_POINT('',(3.14159265359,0.460778711813));
#8799 = CARTESIAN_POINT('',(3.14159265359,0.421297352463));
#8800 = CARTESIAN_POINT('',(3.14159265359,0.381288916872));
#8801 = CARTESIAN_POINT('',(3.14159265359,0.340472145785));
#8802 = CARTESIAN_POINT('',(3.14159265359,0.298543337628));
#8803 = CARTESIAN_POINT('',(3.14159265359,0.255166950712));
#8804 = CARTESIAN_POINT('',(3.14159265359,0.209963670749));
#8805 = CARTESIAN_POINT('',(3.14159265359,0.162497531247));
#8806 = CARTESIAN_POINT('',(3.14159265359,0.112251616846));
#8807 = CARTESIAN_POINT('',(3.14159265359,5.862504801646E-02));
#8808 = CARTESIAN_POINT('',(3.14159265359,2.008835226678E-02));
#8809 = CARTESIAN_POINT('',(3.14159265359,0.));
#8810 = ( GEOMETRIC_REPRESENTATION_CONTEXT(2) 
PARAMETRIC_REPRESENTATION_CONTEXT() REPRESENTATION_CONTEXT('2D SPACE',''
  ) );
#8811 = ORIENTED_EDGE('',*,*,#4446,.F.);
#8812 = ADVANCED_FACE('',(#8813),#4486,.F.);
#8813 = FACE_BOUND('',#8814,.F.);
#8814 = EDGE_LOOP('',(#8815,#9070,#9071,#9072));
#8815 = ORIENTED_EDGE('',*,*,#8816,.T.);
#8816 = EDGE_CURVE('',#4470,#8608,#8817,.T.);
#8817 = SURFACE_CURVE('',#8818,(#8880,#8975),.PCURVE_S1.);
#8818 = B_SPLINE_CURVE_WITH_KNOTS('',3,(#8819,#8820,#8821,#8822,#8823,
    #8824,#8825,#8826,#8827,#8828,#8829,#8830,#8831,#8832,#8833,#8834,
    #8835,#8836,#8837,#8838,#8839,#8840,#8841,#8842,#8843,#8844,#8845,
    #8846,#8847,#8848,#8849,#8850,#8851,#8852,#8853,#8854,#8855,#8856,
    #8857,#8858,#8859,#8860,#8861,#8862,#8863,#8864,#8865,#8866,#8867,
    #8868,#8869,#8870,#8871,#8872,#8873,#8874,#8875,#8876,#8877,#8878,
    #8879),.UNSPECIFIED.,.F.,.F.,(4,3,3,3,3,3,3,3,3,3,3,3,3,3,3,3,3,3,3,
    3,4),(0.,8.993640771156E-05,1.799497432974E-04,2.349875595936E-04,
    3.377513010944E-04,4.407295835804E-04,4.699751191872E-04,
    6.037798065273E-04,7.477915276981E-04,9.074922200708E-04,
    9.399502383744E-04,1.05786134438E-03,1.175036226454E-03,
    1.292480792008E-03,1.409925357562E-03,1.516645293853E-03,
    1.621636837778E-03,1.644912917155E-03,1.72825194948E-03,
    1.812541287056E-03,1.879900476749E-03),.UNSPECIFIED.);
#8819 = CARTESIAN_POINT('',(-17.44943246979,57.341472542022,
    14.006101847662));
#8820 = CARTESIAN_POINT('',(-17.44943246979,57.37120200314,
    14.012491735313));
#8821 = CARTESIAN_POINT('',(-17.45081630091,57.400702361156,
    14.018923015098));
#8822 = CARTESIAN_POINT('',(-17.4535379855,57.429947634384,
    14.025388660797));
#8823 = CARTESIAN_POINT('',(-17.45626199812,57.459217922807,
    14.031859836942));
#8824 = CARTESIAN_POINT('',(-17.46032512175,57.488233601957,
    14.038365657358));
#8825 = CARTESIAN_POINT('',(-17.46571523408,57.517006624356,
    14.044908373845));
#8826 = CARTESIAN_POINT('',(-17.46901096811,57.534599621113,
    14.048908856949));
#8827 = CARTESIAN_POINT('',(-17.47280355537,57.55210260025,
    14.052923306208));
#8828 = CARTESIAN_POINT('',(-17.47709871337,57.569522742362,
    14.056953328875));
#8829 = CARTESIAN_POINT('',(-17.4851184085,57.602048723612,
    14.064477977116));
#8830 = CARTESIAN_POINT('',(-17.4948906062,57.634261781119,
    14.072050961732));
#8831 = CARTESIAN_POINT('',(-17.50636577594,57.665908706084,
    14.079612174961));
#8832 = CARTESIAN_POINT('',(-17.51786490251,57.697621700679,
    14.087189173817));
#8833 = CARTESIAN_POINT('',(-17.5310738557,57.72876540072,
    14.094754136073));
#8834 = CARTESIAN_POINT('',(-17.54589292901,57.759100371319,
    14.102250236606));
#8835 = CARTESIAN_POINT('',(-17.55010150315,57.767715415592,
    14.104379107566));
#8836 = CARTESIAN_POINT('',(-17.55443964869,57.776265367237,
    14.106502458034));
#8837 = CARTESIAN_POINT('',(-17.55890441044,57.784745098754,
    14.108619075985));
#8838 = CARTESIAN_POINT('',(-17.57933166671,57.823541715088,
    14.11830306355));
#8839 = CARTESIAN_POINT('',(-17.602423909,57.860888522624,
    14.127853545112));
#8840 = CARTESIAN_POINT('',(-17.62795857361,57.896474416222,
    14.137183061275));
#8841 = CARTESIAN_POINT('',(-17.65544110112,57.934774911432,
    14.147224261677));
#8842 = CARTESIAN_POINT('',(-17.68575226456,57.971036240781,
    14.157009580657));
#8843 = CARTESIAN_POINT('',(-17.71859427122,58.004928753861,
    14.166447392258));
#8844 = CARTESIAN_POINT('',(-17.75501416233,58.042513595992,
    14.176913380963));
#8845 = CARTESIAN_POINT('',(-17.79454712185,58.077186567278,
    14.186952168061));
#8846 = CARTESIAN_POINT('',(-17.83676407279,58.108552012119,
    14.196457585377));
#8847 = CARTESIAN_POINT('',(-17.84534436474,58.114926813428,
    14.198389493152));
#8848 = CARTESIAN_POINT('',(-17.85403542361,58.121165114528,
    14.200299420532));
#8849 = CARTESIAN_POINT('',(-17.86283346579,58.12726376389,
    14.202186550816));
#8850 = CARTESIAN_POINT('',(-17.89479434752,58.149418489564,
    14.209041979171));
#8851 = CARTESIAN_POINT('',(-17.9281780094,58.169732865345,
    14.215597742159));
#8852 = CARTESIAN_POINT('',(-17.96272645898,58.1880344776,
    14.221792334195));
#8853 = CARTESIAN_POINT('',(-17.99705919185,58.206221816608,
    14.227948247883));
#8854 = CARTESIAN_POINT('',(-18.03254178595,58.222421086705,
    14.233747422255));
#8855 = CARTESIAN_POINT('',(-18.06889167447,58.236502955206,
    14.239141837392));
#8856 = CARTESIAN_POINT('',(-18.10532522396,58.250617233787,
    14.244548668027));
#8857 = CARTESIAN_POINT('',(-18.14262956887,58.262603968347,
    14.249548810526));
#8858 = CARTESIAN_POINT('',(-18.18049741147,58.27237882235,
    14.254107342151));
#8859 = CARTESIAN_POINT('',(-18.21836525406,58.282153676352,
    14.258665873776));
#8860 = CARTESIAN_POINT('',(-18.25679596828,58.289716358782,
    14.262782763265));
#8861 = CARTESIAN_POINT('',(-18.29546794085,58.295033464441,
    14.266437216158));
#8862 = CARTESIAN_POINT('',(-18.33060852339,58.299865030503,
    14.269757957122));
#8863 = CARTESIAN_POINT('',(-18.36594666052,58.302849966366,
    14.27269667317));
#8864 = CARTESIAN_POINT('',(-18.40143248512,58.303990560322,
    14.275248933109));
#8865 = CARTESIAN_POINT('',(-18.43634359584,58.305112681685,
    14.277759857691));
#8866 = CARTESIAN_POINT('',(-18.47139900481,58.304448538559,
    14.27989645972));
#8867 = CARTESIAN_POINT('',(-18.50651684519,58.301965272649,
    14.281646720172));
#8868 = CARTESIAN_POINT('',(-18.51430228781,58.301414745508,
    14.282034743814));
#8869 = CARTESIAN_POINT('',(-18.52209062116,58.300774714705,
    14.282403758556));
#8870 = CARTESIAN_POINT('',(-18.52988062942,58.300044684221,
    14.282753604302));
#8871 = CARTESIAN_POINT('',(-18.5577724294,58.297430840497,
    14.28400621242));
#8872 = CARTESIAN_POINT('',(-18.58569962238,58.293657914213,
    14.285011494291));
#8873 = CARTESIAN_POINT('',(-18.61343182069,58.28874068615,
    14.285758610594));
#8874 = CARTESIAN_POINT('',(-18.64148024601,58.283767387511,
    14.286514246178));
#8875 = CARTESIAN_POINT('',(-18.66932831899,58.277623859944,
    14.287005897965));
#8876 = CARTESIAN_POINT('',(-18.69675625109,58.270374490354,
    14.287233779172));
#8877 = CARTESIAN_POINT('',(-18.71867507659,58.26458121121,
    14.287415888723));
#8878 = CARTESIAN_POINT('',(-18.74032584538,58.258082811158,
    14.287429807929));
#8879 = CARTESIAN_POINT('',(-18.76160994743,58.250931407529,
    14.287279946236));
#8880 = PCURVE('',#4486,#8881);
#8881 = DEFINITIONAL_REPRESENTATION('',(#8882),#8974);
#8882 = B_SPLINE_CURVE_WITH_KNOTS('',3,(#8883,#8884,#8885,#8886,#8887,
    #8888,#8889,#8890,#8891,#8892,#8893,#8894,#8895,#8896,#8897,#8898,
    #8899,#8900,#8901,#8902,#8903,#8904,#8905,#8906,#8907,#8908,#8909,
    #8910,#8911,#8912,#8913,#8914,#8915,#8916,#8917,#8918,#8919,#8920,
    #8921,#8922,#8923,#8924,#8925,#8926,#8927,#8928,#8929,#8930,#8931,
    #8932,#8933,#8934,#8935,#8936,#8937,#8938,#8939,#8940,#8941,#8942,
    #8943,#8944,#8945,#8946,#8947,#8948,#8949,#8950,#8951,#8952,#8953,
    #8954,#8955,#8956,#8957,#8958,#8959,#8960,#8961,#8962,#8963,#8964,
    #8965,#8966,#8967,#8968,#8969,#8970,#8971,#8972,#8973),
  .UNSPECIFIED.,.F.,.F.,(4,1,1,1,1,1,1,1,1,1,1,1,1,1,1,1,1,1,1,1,1,1,1,1
    ,1,1,1,1,1,1,1,1,1,1,1,1,1,1,1,1,1,1,1,1,1,1,1,1,1,1,1,1,1,1,1,1,1,1
    ,1,1,1,1,1,1,1,1,1,1,1,1,1,1,1,1,1,1,1,1,1,1,1,1,1,1,1,1,1,1,4),(0.,
    2.13625054176E-05,4.27250108352E-05,6.40875162528E-05,
    8.54500216704E-05,1.06812527088E-04,1.281750325056E-04,
    1.495375379232E-04,1.709000433408E-04,1.922625487584E-04,
    2.13625054176E-04,2.349875595936E-04,2.563500650112E-04,
    2.777125704288E-04,2.990750758464E-04,3.20437581264E-04,
    3.418000866816E-04,3.631625920992E-04,3.845250975168E-04,
    4.058876029344E-04,4.27250108352E-04,4.486126137696E-04,
    4.699751191872E-04,4.913376246048E-04,5.127001300224E-04,
    5.3406263544E-04,5.554251408576E-04,5.767876462752E-04,
    5.981501516928E-04,6.195126571104E-04,6.40875162528E-04,
    6.622376679456E-04,6.836001733632E-04,7.049626787808E-04,
    7.263251841984E-04,7.47687689616E-04,7.690501950336E-04,
    7.904127004512E-04,8.117752058688E-04,8.331377112864E-04,
    8.54500216704E-04,8.758627221216E-04,8.972252275392E-04,
    9.185877329568E-04,9.399502383744E-04,9.61312743792E-04,
    9.826752492096E-04,1.004037754627E-03,1.025400260045E-03,
    1.046762765462E-03,1.06812527088E-03,1.089487776298E-03,
    1.110850281715E-03,1.132212787133E-03,1.15357529255E-03,
    1.174937797968E-03,1.196300303386E-03,1.217662808803E-03,
    1.239025314221E-03,1.260387819638E-03,1.281750325056E-03,
    1.303112830474E-03,1.324475335891E-03,1.345837841309E-03,
    1.367200346726E-03,1.388562852144E-03,1.409925357562E-03,
    1.431287862979E-03,1.452650368397E-03,1.474012873814E-03,
    1.495375379232E-03,1.51673788465E-03,1.538100390067E-03,
    1.559462895485E-03,1.580825400902E-03,1.60218790632E-03,
    1.623550411738E-03,1.644912917155E-03,1.666275422573E-03,
    1.68763792799E-03,1.709000433408E-03,1.730362938826E-03,
    1.751725444243E-03,1.773087949661E-03,1.794450455078E-03,
    1.815812960496E-03,1.837175465914E-03,1.858537971331E-03,
    1.879900476749E-03),.QUASI_UNIFORM_KNOTS.);
#8883 = CARTESIAN_POINT('',(4.308425821661,0.));
#8884 = CARTESIAN_POINT('',(4.308383884578,4.440131602007E-03));
#8885 = CARTESIAN_POINT('',(4.30830193341,1.32560710245E-02));
#8886 = CARTESIAN_POINT('',(4.308184818414,2.629813118444E-02));
#8887 = CARTESIAN_POINT('',(4.308073557838,3.916966543737E-02));
#8888 = CARTESIAN_POINT('',(4.307968194701,5.188129441383E-02));
#8889 = CARTESIAN_POINT('',(4.307868772203,6.444300708165E-02));
#8890 = CARTESIAN_POINT('',(4.307775332976,7.686622964309E-02));
#8891 = CARTESIAN_POINT('',(4.307687919918,8.916218467378E-02));
#8892 = CARTESIAN_POINT('',(4.307606575905,0.101341658351));
#8893 = CARTESIAN_POINT('',(4.307531343897,0.113414920006));
#8894 = CARTESIAN_POINT('',(4.307462266693,0.125393026578));
#8895 = CARTESIAN_POINT('',(4.307399387386,0.137287515598));
#8896 = CARTESIAN_POINT('',(4.307342748103,0.149106795637));
#8897 = CARTESIAN_POINT('',(4.307292426334,0.160849733866));
#8898 = CARTESIAN_POINT('',(4.307248501353,0.172518004207));
#8899 = CARTESIAN_POINT('',(4.307211052747,0.184112549142));
#8900 = CARTESIAN_POINT('',(4.307180161085,0.195634590449));
#8901 = CARTESIAN_POINT('',(4.307155905809,0.207085209247));
#8902 = CARTESIAN_POINT('',(4.30713836603,0.218465527906));
#8903 = CARTESIAN_POINT('',(4.30712762179,0.229776677619));
#8904 = CARTESIAN_POINT('',(4.30712375177,0.241019733688));
#8905 = CARTESIAN_POINT('',(4.307126838945,0.252195890323));
#8906 = CARTESIAN_POINT('',(4.307136949506,0.263305931581));
#8907 = CARTESIAN_POINT('',(4.307154213246,0.274352254559));
#8908 = CARTESIAN_POINT('',(4.307178679706,0.2853395396));
#8909 = CARTESIAN_POINT('',(4.307210333262,0.296270739053));
#8910 = CARTESIAN_POINT('',(4.307249173753,0.307149157464));
#8911 = CARTESIAN_POINT('',(4.30729519458,0.317977906943));
#8912 = CARTESIAN_POINT('',(4.30734838909,0.328760082339));
#8913 = CARTESIAN_POINT('',(4.307408746336,0.339498679645));
#8914 = CARTESIAN_POINT('',(4.307476262624,0.350196983529));
#8915 = CARTESIAN_POINT('',(4.30755093879,0.360858295569));
#8916 = CARTESIAN_POINT('',(4.30763277206,0.371485832812));
#8917 = CARTESIAN_POINT('',(4.30772175799,0.382082766367));
#8918 = CARTESIAN_POINT('',(4.3078178896,0.392652229686));
#8919 = CARTESIAN_POINT('',(4.307921158354,0.403197311118));
#8920 = CARTESIAN_POINT('',(4.308031550569,0.413721138431));
#8921 = CARTESIAN_POINT('',(4.30814906721,0.42422699799));
#8922 = CARTESIAN_POINT('',(4.308273709683,0.434718081069));
#8923 = CARTESIAN_POINT('',(4.308405476155,0.445197571347));
#8924 = CARTESIAN_POINT('',(4.308544362476,0.455668632407));
#8925 = CARTESIAN_POINT('',(4.308690361673,0.466134428689));
#8926 = CARTESIAN_POINT('',(4.308843464538,0.476598112096));
#8927 = CARTESIAN_POINT('',(4.3090036573,0.487062912133));
#8928 = CARTESIAN_POINT('',(4.309170941256,0.497531843838));
#8929 = CARTESIAN_POINT('',(4.309345325371,0.50800872825));
#8930 = CARTESIAN_POINT('',(4.309526681802,0.518496054674));
#8931 = CARTESIAN_POINT('',(4.309714859618,0.528995491903));
#8932 = CARTESIAN_POINT('',(4.309909708843,0.539508939626));
#8933 = CARTESIAN_POINT('',(4.310111074885,0.550038256046));
#8934 = CARTESIAN_POINT('',(4.310318796748,0.560585371819));
#8935 = CARTESIAN_POINT('',(4.310532722798,0.571152134915));
#8936 = CARTESIAN_POINT('',(4.310752709512,0.58174039656));
#8937 = CARTESIAN_POINT('',(4.310978607114,0.592352008758));
#8938 = CARTESIAN_POINT('',(4.311210262979,0.602988829195));
#8939 = CARTESIAN_POINT('',(4.311447520465,0.613652749395));
#8940 = CARTESIAN_POINT('',(4.311690220401,0.624345655413));
#8941 = CARTESIAN_POINT('',(4.311938218493,0.635069394923));
#8942 = CARTESIAN_POINT('',(4.312191366392,0.645825839025));
#8943 = CARTESIAN_POINT('',(4.312449512801,0.656616841917));
#8944 = CARTESIAN_POINT('',(4.312712503936,0.667444265173));
#8945 = CARTESIAN_POINT('',(4.312980180977,0.678309999701));
#8946 = CARTESIAN_POINT('',(4.313252393289,0.689215883862));
#8947 = CARTESIAN_POINT('',(4.313528993793,0.700163818914));
#8948 = CARTESIAN_POINT('',(4.313809833162,0.711155670316));
#8949 = CARTESIAN_POINT('',(4.314094753975,0.722193288778));
#8950 = CARTESIAN_POINT('',(4.314383619936,0.733278548323));
#8951 = CARTESIAN_POINT('',(4.314676205399,0.744413252282));
#8952 = CARTESIAN_POINT('',(4.314972332486,0.755604044731));
#8953 = CARTESIAN_POINT('',(4.315271909079,0.766857789971));
#8954 = CARTESIAN_POINT('',(4.315574818197,0.778181481593));
#8955 = CARTESIAN_POINT('',(4.315880947724,0.789582232087));
#8956 = CARTESIAN_POINT('',(4.316190182603,0.801067441673));
#8957 = CARTESIAN_POINT('',(4.316502413841,0.812643739005));
#8958 = CARTESIAN_POINT('',(4.31681753059,0.824317874279));
#8959 = CARTESIAN_POINT('',(4.317135421276,0.83609678333));
#8960 = CARTESIAN_POINT('',(4.31745597055,0.84798797216));
#8961 = CARTESIAN_POINT('',(4.317779070832,0.859997979888));
#8962 = CARTESIAN_POINT('',(4.318104593649,0.872135562525));
#8963 = CARTESIAN_POINT('',(4.318432124868,0.884399994178));
#8964 = CARTESIAN_POINT('',(4.318761273693,0.896787812166));
#8965 = CARTESIAN_POINT('',(4.31909164312,0.909296221014));
#8966 = CARTESIAN_POINT('',(4.319422840383,0.921922044603));
#8967 = CARTESIAN_POINT('',(4.319754467369,0.934662621342));
#8968 = CARTESIAN_POINT('',(4.320086127348,0.947515114491));
#8969 = CARTESIAN_POINT('',(4.320417426691,0.96047643229));
#8970 = CARTESIAN_POINT('',(4.320747972762,0.973543427265));
#8971 = CARTESIAN_POINT('',(4.321077365213,0.986713574151));
#8972 = CARTESIAN_POINT('',(4.321295928568,0.995560394625));
#8973 = CARTESIAN_POINT('',(4.321404886399,1.));
#8974 = ( GEOMETRIC_REPRESENTATION_CONTEXT(2) 
PARAMETRIC_REPRESENTATION_CONTEXT() REPRESENTATION_CONTEXT('2D SPACE',''
  ) );
#8975 = PCURVE('',#4541,#8976);
#8976 = DEFINITIONAL_REPRESENTATION('',(#8977),#9069);
#8977 = B_SPLINE_CURVE_WITH_KNOTS('',3,(#8978,#8979,#8980,#8981,#8982,
    #8983,#8984,#8985,#8986,#8987,#8988,#8989,#8990,#8991,#8992,#8993,
    #8994,#8995,#8996,#8997,#8998,#8999,#9000,#9001,#9002,#9003,#9004,
    #9005,#9006,#9007,#9008,#9009,#9010,#9011,#9012,#9013,#9014,#9015,
    #9016,#9017,#9018,#9019,#9020,#9021,#9022,#9023,#9024,#9025,#9026,
    #9027,#9028,#9029,#9030,#9031,#9032,#9033,#9034,#9035,#9036,#9037,
    #9038,#9039,#9040,#9041,#9042,#9043,#9044,#9045,#9046,#9047,#9048,
    #9049,#9050,#9051,#9052,#9053,#9054,#9055,#9056,#9057,#9058,#9059,
    #9060,#9061,#9062,#9063,#9064,#9065,#9066,#9067,#9068),
  .UNSPECIFIED.,.F.,.F.,(4,1,1,1,1,1,1,1,1,1,1,1,1,1,1,1,1,1,1,1,1,1,1,1
    ,1,1,1,1,1,1,1,1,1,1,1,1,1,1,1,1,1,1,1,1,1,1,1,1,1,1,1,1,1,1,1,1,1,1
    ,1,1,1,1,1,1,1,1,1,1,1,1,1,1,1,1,1,1,1,1,1,1,1,1,1,1,1,1,1,1,4),(0.,
    2.13625054176E-05,4.27250108352E-05,6.40875162528E-05,
    8.54500216704E-05,1.06812527088E-04,1.281750325056E-04,
    1.495375379232E-04,1.709000433408E-04,1.922625487584E-04,
    2.13625054176E-04,2.349875595936E-04,2.563500650112E-04,
    2.777125704288E-04,2.990750758464E-04,3.20437581264E-04,
    3.418000866816E-04,3.631625920992E-04,3.845250975168E-04,
    4.058876029344E-04,4.27250108352E-04,4.486126137696E-04,
    4.699751191872E-04,4.913376246048E-04,5.127001300224E-04,
    5.3406263544E-04,5.554251408576E-04,5.767876462752E-04,
    5.981501516928E-04,6.195126571104E-04,6.40875162528E-04,
    6.622376679456E-04,6.836001733632E-04,7.049626787808E-04,
    7.263251841984E-04,7.47687689616E-04,7.690501950336E-04,
    7.904127004512E-04,8.117752058688E-04,8.331377112864E-04,
    8.54500216704E-04,8.758627221216E-04,8.972252275392E-04,
    9.185877329568E-04,9.399502383744E-04,9.61312743792E-04,
    9.826752492096E-04,1.004037754627E-03,1.025400260045E-03,
    1.046762765462E-03,1.06812527088E-03,1.089487776298E-03,
    1.110850281715E-03,1.132212787133E-03,1.15357529255E-03,
    1.174937797968E-03,1.196300303386E-03,1.217662808803E-03,
    1.239025314221E-03,1.260387819638E-03,1.281750325056E-03,
    1.303112830474E-03,1.324475335891E-03,1.345837841309E-03,
    1.367200346726E-03,1.388562852144E-03,1.409925357562E-03,
    1.431287862979E-03,1.452650368397E-03,1.474012873814E-03,
    1.495375379232E-03,1.51673788465E-03,1.538100390067E-03,
    1.559462895485E-03,1.580825400902E-03,1.60218790632E-03,
    1.623550411738E-03,1.644912917155E-03,1.666275422573E-03,
    1.68763792799E-03,1.709000433408E-03,1.730362938826E-03,
    1.751725444243E-03,1.773087949661E-03,1.794450455078E-03,
    1.815812960496E-03,1.837175465914E-03,1.858537971331E-03,
    1.879900476749E-03),.QUASI_UNIFORM_KNOTS.);
#8978 = CARTESIAN_POINT('',(4.331931449244,1.66952298812E-02));
#8979 = CARTESIAN_POINT('',(4.331963634648,2.106216891448E-02));
#8980 = CARTESIAN_POINT('',(4.332026361939,2.973474508511E-02));
#8981 = CARTESIAN_POINT('',(4.332115543487,4.25703679321E-02));
#8982 = CARTESIAN_POINT('',(4.332199837174,5.524360501706E-02));
#8983 = CARTESIAN_POINT('',(4.332279263238,6.776464219871E-02));
#8984 = CARTESIAN_POINT('',(4.332353848488,8.014305550424E-02));
#8985 = CARTESIAN_POINT('',(4.332423601184,9.238985235834E-02));
#8986 = CARTESIAN_POINT('',(4.332488511632,0.104515854581));
#8987 = CARTESIAN_POINT('',(4.33254857276,0.116531466868));
#8988 = CARTESIAN_POINT('',(4.332603784488,0.128446596538));
#8989 = CARTESIAN_POINT('',(4.332654099773,0.140271939822));
#8990 = CARTESIAN_POINT('',(4.332699472094,0.152018678228));
#8991 = CARTESIAN_POINT('',(4.332739806888,0.163694914099));
#8992 = CARTESIAN_POINT('',(4.332774978112,0.175299323499));
#8993 = CARTESIAN_POINT('',(4.332804910861,0.186833348742));
#8994 = CARTESIAN_POINT('',(4.332829516603,0.198297705657));
#8995 = CARTESIAN_POINT('',(4.332848707307,0.209693381341));
#8996 = CARTESIAN_POINT('',(4.332862404381,0.221021220185));
#8997 = CARTESIAN_POINT('',(4.332870590761,0.232282108251));
#8998 = CARTESIAN_POINT('',(4.33287324262,0.243476938163));
#8999 = CARTESIAN_POINT('',(4.332870340307,0.254606545794));
#9000 = CARTESIAN_POINT('',(4.332861856125,0.265671881768));
#9001 = CARTESIAN_POINT('',(4.332847804963,0.276673494572));
#9002 = CARTESIAN_POINT('',(4.332828243442,0.287613530219));
#9003 = CARTESIAN_POINT('',(4.332803171124,0.298496399231));
#9004 = CARTESIAN_POINT('',(4.332772553629,0.309324802117));
#9005 = CARTESIAN_POINT('',(4.332736366461,0.320101788297));
#9006 = CARTESIAN_POINT('',(4.332694583017,0.330830216805));
#9007 = CARTESIAN_POINT('',(4.332647179007,0.341512929781));
#9008 = CARTESIAN_POINT('',(4.332594127044,0.352152670821));
#9009 = CARTESIAN_POINT('',(4.332535427866,0.362752474156));
#9010 = CARTESIAN_POINT('',(4.332471090653,0.373315392736));
#9011 = CARTESIAN_POINT('',(4.332401123688,0.383844396431));
#9012 = CARTESIAN_POINT('',(4.332325536876,0.394342410443));
#9013 = CARTESIAN_POINT('',(4.332244340891,0.404812323291));
#9014 = CARTESIAN_POINT('',(4.332157548283,0.415256979443));
#9015 = CARTESIAN_POINT('',(4.332065170147,0.425679262624));
#9016 = CARTESIAN_POINT('',(4.331967247345,0.436082220039));
#9017 = CARTESIAN_POINT('',(4.331863824819,0.44646880617));
#9018 = CARTESIAN_POINT('',(4.331754948152,0.456841969002));
#9019 = CARTESIAN_POINT('',(4.331640664665,0.467204637668));
#9020 = CARTESIAN_POINT('',(4.331521022621,0.477559742942));
#9021 = CARTESIAN_POINT('',(4.331396073461,0.487910204422));
#9022 = CARTESIAN_POINT('',(4.331265863782,0.498259017766));
#9023 = CARTESIAN_POINT('',(4.33113048309,0.508608976831));
#9024 = CARTESIAN_POINT('',(4.330989989256,0.518963666826));
#9025 = CARTESIAN_POINT('',(4.330844391619,0.529325347854));
#9026 = CARTESIAN_POINT('',(4.33069372105,0.539695472437));
#9027 = CARTESIAN_POINT('',(4.330538004043,0.550075720318));
#9028 = CARTESIAN_POINT('',(4.330377271947,0.560467731314));
#9029 = CARTESIAN_POINT('',(4.330211550126,0.570873215071));
#9030 = CARTESIAN_POINT('',(4.330040899718,0.581293810239));
#9031 = CARTESIAN_POINT('',(4.329865415129,0.591731170854));
#9032 = CARTESIAN_POINT('',(4.32968518558,0.602186951829));
#9033 = CARTESIAN_POINT('',(4.329500303949,0.61266281671));
#9034 = CARTESIAN_POINT('',(4.32931086382,0.623160464875));
#9035 = CARTESIAN_POINT('',(4.329116962418,0.633681593376));
#9036 = CARTESIAN_POINT('',(4.32891874738,0.644227882341));
#9037 = CARTESIAN_POINT('',(4.328716366246,0.654801039048));
#9038 = CARTESIAN_POINT('',(4.328509968276,0.665402758349));
#9039 = CARTESIAN_POINT('',(4.328299705705,0.676034747554));
#9040 = CARTESIAN_POINT('',(4.328085726676,0.686698745424));
#9041 = CARTESIAN_POINT('',(4.327868209652,0.697396455097));
#9042 = CARTESIAN_POINT('',(4.327647353791,0.708129656442));
#9043 = CARTESIAN_POINT('',(4.327423355849,0.718900098131));
#9044 = CARTESIAN_POINT('',(4.327196411692,0.729709520398));
#9045 = CARTESIAN_POINT('',(4.326966730597,0.740559694963));
#9046 = CARTESIAN_POINT('',(4.326734476099,0.751452322034));
#9047 = CARTESIAN_POINT('',(4.326499652037,0.762393822961));
#9048 = CARTESIAN_POINT('',(4.326262310048,0.773390842676));
#9049 = CARTESIAN_POINT('',(4.326022489276,0.784450148494));
#9050 = CARTESIAN_POINT('',(4.325780235139,0.795578623642));
#9051 = CARTESIAN_POINT('',(4.325535584438,0.806783427536));
#9052 = CARTESIAN_POINT('',(4.325288605017,0.818070964154));
#9053 = CARTESIAN_POINT('',(4.32503937239,0.82944775848));
#9054 = CARTESIAN_POINT('',(4.324787964752,0.840920516882));
#9055 = CARTESIAN_POINT('',(4.324534446455,0.852496498334));
#9056 = CARTESIAN_POINT('',(4.324278939386,0.864182030981));
#9057 = CARTESIAN_POINT('',(4.324021458537,0.875985573848));
#9058 = CARTESIAN_POINT('',(4.323762223421,0.887906372066));
#9059 = CARTESIAN_POINT('',(4.323501590198,0.899941055964));
#9060 = CARTESIAN_POINT('',(4.323239875846,0.912086914046));
#9061 = CARTESIAN_POINT('',(4.322977417395,0.924340890504));
#9062 = CARTESIAN_POINT('',(4.32271453796,0.936700454149));
#9063 = CARTESIAN_POINT('',(4.322451554737,0.949162918291));
#9064 = CARTESIAN_POINT('',(4.322188786163,0.961725367057));
#9065 = CARTESIAN_POINT('',(4.321926545155,0.974384850867));
#9066 = CARTESIAN_POINT('',(4.321665105254,0.987139032364));
#9067 = CARTESIAN_POINT('',(4.321491528734,0.995703056814));
#9068 = CARTESIAN_POINT('',(4.321404965306,0.999999928539));
#9069 = ( GEOMETRIC_REPRESENTATION_CONTEXT(2) 
PARAMETRIC_REPRESENTATION_CONTEXT() REPRESENTATION_CONTEXT('2D SPACE',''
  ) );
#9070 = ORIENTED_EDGE('',*,*,#8720,.T.);
#9071 = ORIENTED_EDGE('',*,*,#8768,.T.);
#9072 = ORIENTED_EDGE('',*,*,#4469,.T.);
#9073 = ADVANCED_FACE('',(#9074),#4541,.F.);
#9074 = FACE_BOUND('',#9075,.F.);
#9075 = EDGE_LOOP('',(#9076,#9077,#9078,#9079,#9102));
#9076 = ORIENTED_EDGE('',*,*,#8605,.T.);
#9077 = ORIENTED_EDGE('',*,*,#8816,.F.);
#9078 = ORIENTED_EDGE('',*,*,#4523,.F.);
#9079 = ORIENTED_EDGE('',*,*,#9080,.T.);
#9080 = EDGE_CURVE('',#4524,#9081,#9083,.T.);
#9081 = VERTEX_POINT('',#9082);
#9082 = CARTESIAN_POINT('',(-17.13522528771,57.1,16.392506512719));
#9083 = SURFACE_CURVE('',#9084,(#9089,#9095),.PCURVE_S1.);
#9084 = ELLIPSE('',#9085,6.495253119653,3.);
#9085 = AXIS2_PLACEMENT_3D('',#9086,#9087,#9088);
#9086 = CARTESIAN_POINT('',(-17.13522528771,60.1,16.392506512719));
#9087 = DIRECTION('',(-0.991463562553,0.,0.130384063942));
#9088 = DIRECTION('',(0.130384063942,0.,0.991463562553));
#9089 = PCURVE('',#4541,#9090);
#9090 = DEFINITIONAL_REPRESENTATION('',(#9091),#9094);
#9091 = B_SPLINE_CURVE_WITH_KNOTS('',1,(#9092,#9093),.UNSPECIFIED.,.F.,
  .F.,(2,2),(4.332283447753,4.712388980385),.PIECEWISE_BEZIER_KNOTS.);
#9092 = CARTESIAN_POINT('',(4.332283285511,-2.023239098287E-06));
#9093 = CARTESIAN_POINT('',(4.712388980385,-1.062320213956E-14));
#9094 = ( GEOMETRIC_REPRESENTATION_CONTEXT(2) 
PARAMETRIC_REPRESENTATION_CONTEXT() REPRESENTATION_CONTEXT('2D SPACE',''
  ) );
#9095 = PCURVE('',#4576,#9096);
#9096 = DEFINITIONAL_REPRESENTATION('',(#9097),#9101);
#9097 = ELLIPSE('',#9098,6.495253119653,3.);
#9098 = AXIS2_PLACEMENT_2D('',#9099,#9100);
#9099 = CARTESIAN_POINT('',(2.409858786259,2.));
#9100 = DIRECTION('',(1.,0.));
#9101 = ( GEOMETRIC_REPRESENTATION_CONTEXT(2) 
PARAMETRIC_REPRESENTATION_CONTEXT() REPRESENTATION_CONTEXT('2D SPACE',''
  ) );
#9102 = ORIENTED_EDGE('',*,*,#9103,.T.);
#9103 = EDGE_CURVE('',#9081,#8606,#9104,.T.);
#9104 = SURFACE_CURVE('',#9105,(#9110,#9139),.PCURVE_S1.);
#9105 = CIRCLE('',#9106,1.);
#9106 = AXIS2_PLACEMENT_3D('',#9107,#9108,#9109);
#9107 = CARTESIAN_POINT('',(-18.12668885026,57.1,16.522890576661));
#9108 = DIRECTION('',(0.130384063942,0.,0.991463562553));
#9109 = DIRECTION('',(0.991463562553,0.,-0.130384063942));
#9110 = PCURVE('',#4541,#9111);
#9111 = DEFINITIONAL_REPRESENTATION('',(#9112),#9138);
#9112 = B_SPLINE_CURVE_WITH_KNOTS('',3,(#9113,#9114,#9115,#9116,#9117,
    #9118,#9119,#9120,#9121,#9122,#9123,#9124,#9125,#9126,#9127,#9128,
    #9129,#9130,#9131,#9132,#9133,#9134,#9135,#9136,#9137),
  .UNSPECIFIED.,.F.,.F.,(4,1,1,1,1,1,1,1,1,1,1,1,1,1,1,1,1,1,1,1,1,1,4),
  (0.,7.139983303613E-02,0.142799666072,0.214199499108,0.285599332145,
    0.356999165181,0.428398998217,0.499798831253,0.571198664289,
    0.642598497325,0.713998330361,0.785398163397,0.856797996434,
    0.92819782947,0.999597662506,1.070997495542,1.142397328578,
    1.213797161614,1.28519699465,1.356596827687,1.427996660723,
    1.499396493759,1.570796326795),.QUASI_UNIFORM_KNOTS.);
#9113 = CARTESIAN_POINT('',(4.712388980385,0.));
#9114 = CARTESIAN_POINT('',(4.712388980385,1.682780133706E-02));
#9115 = CARTESIAN_POINT('',(4.712388980385,4.999070298881E-02));
#9116 = CARTESIAN_POINT('',(4.712388980385,9.842552590405E-02));
#9117 = CARTESIAN_POINT('',(4.712388980385,0.145724913075));
#9118 = CARTESIAN_POINT('',(4.712388980385,0.192043637223));
#9119 = CARTESIAN_POINT('',(4.712388980385,0.237526724423));
#9120 = CARTESIAN_POINT('',(4.712388980385,0.282309422539));
#9121 = CARTESIAN_POINT('',(4.712388980385,0.326519436214));
#9122 = CARTESIAN_POINT('',(4.712388980385,0.370278310591));
#9123 = CARTESIAN_POINT('',(4.712388980385,0.413702852292));
#9124 = CARTESIAN_POINT('',(4.712388980385,0.456906394885));
#9125 = CARTESIAN_POINT('',(4.712388980385,0.5));
#9126 = CARTESIAN_POINT('',(4.712388980385,0.543093605115));
#9127 = CARTESIAN_POINT('',(4.712388980385,0.586297147708));
#9128 = CARTESIAN_POINT('',(4.712388980385,0.629721689409));
#9129 = CARTESIAN_POINT('',(4.712388980385,0.673480563786));
#9130 = CARTESIAN_POINT('',(4.712388980385,0.717690577461));
#9131 = CARTESIAN_POINT('',(4.712388980385,0.762473275577));
#9132 = CARTESIAN_POINT('',(4.712388980385,0.807956362777));
#9133 = CARTESIAN_POINT('',(4.712388980385,0.854275086925));
#9134 = CARTESIAN_POINT('',(4.712388980385,0.901574474096));
#9135 = CARTESIAN_POINT('',(4.712388980385,0.950009297011));
#9136 = CARTESIAN_POINT('',(4.712388980385,0.983172198663));
#9137 = CARTESIAN_POINT('',(4.712388980385,1.));
#9138 = ( GEOMETRIC_REPRESENTATION_CONTEXT(2) 
PARAMETRIC_REPRESENTATION_CONTEXT() REPRESENTATION_CONTEXT('2D SPACE',''
  ) );
#9139 = PCURVE('',#9140,#9145);
#9140 = CYLINDRICAL_SURFACE('',#9141,1.);
#9141 = AXIS2_PLACEMENT_3D('',#9142,#9143,#9144);
#9142 = CARTESIAN_POINT('',(-18.44089603234,57.1,14.133603399187));
#9143 = DIRECTION('',(0.130384063942,0.,0.991463562553));
#9144 = DIRECTION('',(0.991463562553,0.,-0.130384063942));
#9145 = DEFINITIONAL_REPRESENTATION('',(#9146),#9150);
#9146 = LINE('',#9147,#9148);
#9147 = CARTESIAN_POINT('',(0.,2.409858786259));
#9148 = VECTOR('',#9149,1.);
#9149 = DIRECTION('',(1.,0.));
#9150 = ( GEOMETRIC_REPRESENTATION_CONTEXT(2) 
PARAMETRIC_REPRESENTATION_CONTEXT() REPRESENTATION_CONTEXT('2D SPACE',''
  ) );
#9151 = ADVANCED_FACE('',(#9152),#4576,.F.);
#9152 = FACE_BOUND('',#9153,.T.);
#9153 = EDGE_LOOP('',(#9154,#9177,#9205,#9226,#9227));
#9154 = ORIENTED_EDGE('',*,*,#9155,.F.);
#9155 = EDGE_CURVE('',#9156,#9081,#9158,.T.);
#9156 = VERTEX_POINT('',#9157);
#9157 = CARTESIAN_POINT('',(-16.83825128044,57.1,18.650749570466));
#9158 = SURFACE_CURVE('',#9159,(#9163,#9170),.PCURVE_S1.);
#9159 = LINE('',#9160,#9161);
#9160 = CARTESIAN_POINT('',(-16.83825128044,57.1,18.650749570466));
#9161 = VECTOR('',#9162,1.);
#9162 = DIRECTION('',(-0.130384063942,0.,-0.991463562553));
#9163 = PCURVE('',#4576,#9164);
#9164 = DEFINITIONAL_REPRESENTATION('',(#9165),#9169);
#9165 = LINE('',#9166,#9167);
#9166 = CARTESIAN_POINT('',(4.687545171358,-1.));
#9167 = VECTOR('',#9168,1.);
#9168 = DIRECTION('',(-1.,0.));
#9169 = ( GEOMETRIC_REPRESENTATION_CONTEXT(2) 
PARAMETRIC_REPRESENTATION_CONTEXT() REPRESENTATION_CONTEXT('2D SPACE',''
  ) );
#9170 = PCURVE('',#9140,#9171);
#9171 = DEFINITIONAL_REPRESENTATION('',(#9172),#9176);
#9172 = LINE('',#9173,#9174);
#9173 = CARTESIAN_POINT('',(0.,4.687545171358));
#9174 = VECTOR('',#9175,1.);
#9175 = DIRECTION('',(0.,-1.));
#9176 = ( GEOMETRIC_REPRESENTATION_CONTEXT(2) 
PARAMETRIC_REPRESENTATION_CONTEXT() REPRESENTATION_CONTEXT('2D SPACE',''
  ) );
#9177 = ORIENTED_EDGE('',*,*,#9178,.T.);
#9178 = EDGE_CURVE('',#9156,#9179,#9181,.T.);
#9179 = VERTEX_POINT('',#9180);
#9180 = CARTESIAN_POINT('',(-16.83825128044,39.1,18.650749570466));
#9181 = SURFACE_CURVE('',#9182,(#9186,#9193),.PCURVE_S1.);
#9182 = LINE('',#9183,#9184);
#9183 = CARTESIAN_POINT('',(-16.83825128044,57.1,18.650749570466));
#9184 = VECTOR('',#9185,1.);
#9185 = DIRECTION('',(0.,-1.,0.));
#9186 = PCURVE('',#4576,#9187);
#9187 = DEFINITIONAL_REPRESENTATION('',(#9188),#9192);
#9188 = LINE('',#9189,#9190);
#9189 = CARTESIAN_POINT('',(4.687545171358,-1.));
#9190 = VECTOR('',#9191,1.);
#9191 = DIRECTION('',(0.,-1.));
#9192 = ( GEOMETRIC_REPRESENTATION_CONTEXT(2) 
PARAMETRIC_REPRESENTATION_CONTEXT() REPRESENTATION_CONTEXT('2D SPACE',''
  ) );
#9193 = PCURVE('',#9194,#9199);
#9194 = PLANE('',#9195);
#9195 = AXIS2_PLACEMENT_3D('',#9196,#9197,#9198);
#9196 = CARTESIAN_POINT('',(-16.83825128044,58.1,18.650749570466));
#9197 = DIRECTION('',(8.715574274766E-02,0.,0.996194698092));
#9198 = DIRECTION('',(0.996194698092,0.,-8.715574274766E-02));
#9199 = DEFINITIONAL_REPRESENTATION('',(#9200),#9204);
#9200 = LINE('',#9201,#9202);
#9201 = CARTESIAN_POINT('',(0.,-1.));
#9202 = VECTOR('',#9203,1.);
#9203 = DIRECTION('',(0.,-1.));
#9204 = ( GEOMETRIC_REPRESENTATION_CONTEXT(2) 
PARAMETRIC_REPRESENTATION_CONTEXT() REPRESENTATION_CONTEXT('2D SPACE',''
  ) );
#9205 = ORIENTED_EDGE('',*,*,#9206,.T.);
#9206 = EDGE_CURVE('',#9179,#4561,#9207,.T.);
#9207 = SURFACE_CURVE('',#9208,(#9212,#9219),.PCURVE_S1.);
#9208 = LINE('',#9209,#9210);
#9209 = CARTESIAN_POINT('',(-16.83825128044,39.1,18.650749570466));
#9210 = VECTOR('',#9211,1.);
#9211 = DIRECTION('',(-0.130384063942,0.,-0.991463562553));
#9212 = PCURVE('',#4576,#9213);
#9213 = DEFINITIONAL_REPRESENTATION('',(#9214),#9218);
#9214 = LINE('',#9215,#9216);
#9215 = CARTESIAN_POINT('',(4.687545171358,-19.));
#9216 = VECTOR('',#9217,1.);
#9217 = DIRECTION('',(-1.,0.));
#9218 = ( GEOMETRIC_REPRESENTATION_CONTEXT(2) 
PARAMETRIC_REPRESENTATION_CONTEXT() REPRESENTATION_CONTEXT('2D SPACE',''
  ) );
#9219 = PCURVE('',#7878,#9220);
#9220 = DEFINITIONAL_REPRESENTATION('',(#9221),#9225);
#9221 = LINE('',#9222,#9223);
#9222 = CARTESIAN_POINT('',(6.28318530718,16.296098981789));
#9223 = VECTOR('',#9224,1.);
#9224 = DIRECTION('',(0.,-1.));
#9225 = ( GEOMETRIC_REPRESENTATION_CONTEXT(2) 
PARAMETRIC_REPRESENTATION_CONTEXT() REPRESENTATION_CONTEXT('2D SPACE',''
  ) );
#9226 = ORIENTED_EDGE('',*,*,#4560,.F.);
#9227 = ORIENTED_EDGE('',*,*,#9080,.T.);
#9228 = ADVANCED_FACE('',(#9229),#4602,.T.);
#9229 = FACE_BOUND('',#9230,.T.);
#9230 = EDGE_LOOP('',(#9231,#9297,#9298,#9320));
#9231 = ORIENTED_EDGE('',*,*,#9232,.F.);
#9232 = EDGE_CURVE('',#7840,#4561,#9233,.T.);
#9233 = SURFACE_CURVE('',#9234,(#9239,#9268),.PCURVE_S1.);
#9234 = ELLIPSE('',#9235,1.002140965386,1.);
#9235 = AXIS2_PLACEMENT_3D('',#9236,#9237,#9238);
#9236 = CARTESIAN_POINT('',(-18.44943246979,39.1,14.068690813807));
#9237 = DIRECTION('',(6.533160585507E-02,0.,0.997863608554));
#9238 = DIRECTION('',(0.997863608554,0.,-6.533160585507E-02));
#9239 = PCURVE('',#4602,#9240);
#9240 = DEFINITIONAL_REPRESENTATION('',(#9241),#9267);
#9241 = B_SPLINE_CURVE_WITH_KNOTS('',3,(#9242,#9243,#9244,#9245,#9246,
    #9247,#9248,#9249,#9250,#9251,#9252,#9253,#9254,#9255,#9256,#9257,
    #9258,#9259,#9260,#9261,#9262,#9263,#9264,#9265,#9266),
  .UNSPECIFIED.,.F.,.F.,(4,1,1,1,1,1,1,1,1,1,1,1,1,1,1,1,1,1,1,1,1,1,4),
  (4.712388980385,4.783788813421,4.855188646457,4.926588479493,
    4.997988312529,5.069388145565,5.140787978601,5.212187811638,
    5.283587644674,5.35498747771,5.426387310746,5.497787143782,
    5.569186976818,5.640586809854,5.711986642891,5.783386475927,
    5.854786308963,5.926186141999,5.997585975035,6.068985808071,
    6.140385641107,6.211785474143,6.28318530718),.QUASI_UNIFORM_KNOTS.);
#9242 = CARTESIAN_POINT('',(4.712388980385,14.068690813807));
#9243 = CARTESIAN_POINT('',(4.73618892473,14.067132584134));
#9244 = CARTESIAN_POINT('',(4.783788813421,14.064016167577));
#9245 = CARTESIAN_POINT('',(4.855188646457,14.059365329301));
#9246 = CARTESIAN_POINT('',(4.926588479493,14.054762020764));
#9247 = CARTESIAN_POINT('',(4.997988312529,14.050229687697));
#9248 = CARTESIAN_POINT('',(5.069388145565,14.045791428958));
#9249 = CARTESIAN_POINT('',(5.140787978601,14.041469860058));
#9250 = CARTESIAN_POINT('',(5.212187811638,14.037287002946));
#9251 = CARTESIAN_POINT('',(5.283587644674,14.033264172443));
#9252 = CARTESIAN_POINT('',(5.35498747771,14.029421867987));
#9253 = CARTESIAN_POINT('',(5.426387310746,14.025779669077));
#9254 = CARTESIAN_POINT('',(5.497787143782,14.022356135525));
#9255 = CARTESIAN_POINT('',(5.569186976818,14.019168712872));
#9256 = CARTESIAN_POINT('',(5.640586809854,14.016233643496));
#9257 = CARTESIAN_POINT('',(5.711986642891,14.013565883826));
#9258 = CARTESIAN_POINT('',(5.783386475927,14.011179028202));
#9259 = CARTESIAN_POINT('',(5.854786308963,14.009085239309));
#9260 = CARTESIAN_POINT('',(5.926186141999,14.007295187304));
#9261 = CARTESIAN_POINT('',(5.997585975035,14.005817991313));
#9262 = CARTESIAN_POINT('',(6.068985808071,14.004661188371));
#9263 = CARTESIAN_POINT('',(6.140385641107,14.00383063752));
#9264 = CARTESIAN_POINT('',(6.211785474143,14.003330704518));
#9265 = CARTESIAN_POINT('',(6.259385362834,14.003219194052));
#9266 = CARTESIAN_POINT('',(6.28318530718,14.003219335245));
#9267 = ( GEOMETRIC_REPRESENTATION_CONTEXT(2) 
PARAMETRIC_REPRESENTATION_CONTEXT() REPRESENTATION_CONTEXT('2D SPACE',''
  ) );
#9268 = PCURVE('',#7878,#9269);
#9269 = DEFINITIONAL_REPRESENTATION('',(#9270),#9296);
#9270 = B_SPLINE_CURVE_WITH_KNOTS('',3,(#9271,#9272,#9273,#9274,#9275,
    #9276,#9277,#9278,#9279,#9280,#9281,#9282,#9283,#9284,#9285,#9286,
    #9287,#9288,#9289,#9290,#9291,#9292,#9293,#9294,#9295),
  .UNSPECIFIED.,.F.,.F.,(4,1,1,1,1,1,1,1,1,1,1,1,1,1,1,1,1,1,1,1,1,1,4),
  (4.712388980385,4.783788813421,4.855188646457,4.926588479493,
    4.997988312529,5.069388145565,5.140787978601,5.212187811638,
    5.283587644674,5.35498747771,5.426387310746,5.497787143782,
    5.569186976818,5.640586809854,5.711986642891,5.783386475927,
    5.854786308963,5.926186141999,5.997585975035,6.068985808071,
    6.140385641107,6.211785474143,6.28318530718),.QUASI_UNIFORM_KNOTS.);
#9271 = CARTESIAN_POINT('',(4.712388980385,11.543082331869));
#9272 = CARTESIAN_POINT('',(4.73618892473,11.544640561542));
#9273 = CARTESIAN_POINT('',(4.783788813421,11.547756978099));
#9274 = CARTESIAN_POINT('',(4.855188646457,11.552407816376));
#9275 = CARTESIAN_POINT('',(4.926588479493,11.557011124912));
#9276 = CARTESIAN_POINT('',(4.997988312529,11.561543457979));
#9277 = CARTESIAN_POINT('',(5.069388145565,11.565981716719));
#9278 = CARTESIAN_POINT('',(5.140787978601,11.570303285619));
#9279 = CARTESIAN_POINT('',(5.212187811638,11.574486142731));
#9280 = CARTESIAN_POINT('',(5.283587644674,11.578508973234));
#9281 = CARTESIAN_POINT('',(5.35498747771,11.582351277689));
#9282 = CARTESIAN_POINT('',(5.426387310746,11.585993476599));
#9283 = CARTESIAN_POINT('',(5.497787143782,11.589417010151));
#9284 = CARTESIAN_POINT('',(5.569186976818,11.592604432804));
#9285 = CARTESIAN_POINT('',(5.640586809854,11.59553950218));
#9286 = CARTESIAN_POINT('',(5.711986642891,11.59820726185));
#9287 = CARTESIAN_POINT('',(5.783386475927,11.600594117474));
#9288 = CARTESIAN_POINT('',(5.854786308963,11.602687906367));
#9289 = CARTESIAN_POINT('',(5.926186141999,11.604477958372));
#9290 = CARTESIAN_POINT('',(5.997585975035,11.605955154363));
#9291 = CARTESIAN_POINT('',(6.068985808071,11.607111957305));
#9292 = CARTESIAN_POINT('',(6.140385641107,11.607942508157));
#9293 = CARTESIAN_POINT('',(6.211785474143,11.608442441158));
#9294 = CARTESIAN_POINT('',(6.259385362834,11.608553951624));
#9295 = CARTESIAN_POINT('',(6.28318530718,11.608553810431));
#9296 = ( GEOMETRIC_REPRESENTATION_CONTEXT(2) 
PARAMETRIC_REPRESENTATION_CONTEXT() REPRESENTATION_CONTEXT('2D SPACE',''
  ) );
#9297 = ORIENTED_EDGE('',*,*,#7839,.T.);
#9298 = ORIENTED_EDGE('',*,*,#9299,.T.);
#9299 = EDGE_CURVE('',#7812,#4423,#9300,.T.);
#9300 = SURFACE_CURVE('',#9301,(#9306,#9313),.PCURVE_S1.);
#9301 = CIRCLE('',#9302,1.);
#9302 = AXIS2_PLACEMENT_3D('',#9303,#9304,#9305);
#9303 = CARTESIAN_POINT('',(-18.44943246979,39.1,-13.1));
#9304 = DIRECTION('',(0.,0.,1.));
#9305 = DIRECTION('',(1.,0.,-0.));
#9306 = PCURVE('',#4602,#9307);
#9307 = DEFINITIONAL_REPRESENTATION('',(#9308),#9312);
#9308 = LINE('',#9309,#9310);
#9309 = CARTESIAN_POINT('',(0.,-13.1));
#9310 = VECTOR('',#9311,1.);
#9311 = DIRECTION('',(1.,0.));
#9312 = ( GEOMETRIC_REPRESENTATION_CONTEXT(2) 
PARAMETRIC_REPRESENTATION_CONTEXT() REPRESENTATION_CONTEXT('2D SPACE',''
  ) );
#9313 = PCURVE('',#4742,#9314);
#9314 = DEFINITIONAL_REPRESENTATION('',(#9315),#9319);
#9315 = LINE('',#9316,#9317);
#9316 = CARTESIAN_POINT('',(4.712388980385,-3.14159265359));
#9317 = VECTOR('',#9318,1.);
#9318 = DIRECTION('',(0.,1.));
#9319 = ( GEOMETRIC_REPRESENTATION_CONTEXT(2) 
PARAMETRIC_REPRESENTATION_CONTEXT() REPRESENTATION_CONTEXT('2D SPACE',''
  ) );
#9320 = ORIENTED_EDGE('',*,*,#4588,.F.);
#9321 = ADVANCED_FACE('',(#9322),#4635,.F.);
#9322 = FACE_BOUND('',#9323,.F.);
#9323 = EDGE_LOOP('',(#9324,#9350,#9371,#9372));
#9324 = ORIENTED_EDGE('',*,*,#9325,.T.);
#9325 = EDGE_CURVE('',#9326,#9328,#9330,.T.);
#9326 = VERTEX_POINT('',#9327);
#9327 = CARTESIAN_POINT('',(-20.35,48.799663340513,-3.783285527828));
#9328 = VERTEX_POINT('',#9329);
#9329 = CARTESIAN_POINT('',(-20.35,48.799663340513,-5.212230887094));
#9330 = SURFACE_CURVE('',#9331,(#9336,#9343),.PCURVE_S1.);
#9331 = CIRCLE('',#9332,1.);
#9332 = AXIS2_PLACEMENT_3D('',#9333,#9334,#9335);
#9333 = CARTESIAN_POINT('',(-20.35,48.1,-4.497758207461));
#9334 = DIRECTION('',(1.,-1.239088197126E-16,0.));
#9335 = DIRECTION('',(1.239088197126E-16,1.,0.));
#9336 = PCURVE('',#4635,#9337);
#9337 = DEFINITIONAL_REPRESENTATION('',(#9338),#9342);
#9338 = LINE('',#9339,#9340);
#9339 = CARTESIAN_POINT('',(-3.14159265359,-20.48994851002));
#9340 = VECTOR('',#9341,1.);
#9341 = DIRECTION('',(1.,0.));
#9342 = ( GEOMETRIC_REPRESENTATION_CONTEXT(2) 
PARAMETRIC_REPRESENTATION_CONTEXT() REPRESENTATION_CONTEXT('2D SPACE',''
  ) );
#9343 = PCURVE('',#8492,#9344);
#9344 = DEFINITIONAL_REPRESENTATION('',(#9345),#9349);
#9345 = CIRCLE('',#9346,1.);
#9346 = AXIS2_PLACEMENT_2D('',#9347,#9348);
#9347 = CARTESIAN_POINT('',(0.,0.));
#9348 = DIRECTION('',(0.,1.));
#9349 = ( GEOMETRIC_REPRESENTATION_CONTEXT(2) 
PARAMETRIC_REPRESENTATION_CONTEXT() REPRESENTATION_CONTEXT('2D SPACE',''
  ) );
#9350 = ORIENTED_EDGE('',*,*,#9351,.F.);
#9351 = EDGE_CURVE('',#4617,#9328,#9352,.T.);
#9352 = SURFACE_CURVE('',#9353,(#9357,#9364),.PCURVE_S1.);
#9353 = LINE('',#9354,#9355);
#9354 = CARTESIAN_POINT('',(-17.44943246979,48.799663340513,
    -5.212230887094));
#9355 = VECTOR('',#9356,1.);
#9356 = DIRECTION('',(-1.,0.,0.));
#9357 = PCURVE('',#4635,#9358);
#9358 = DEFINITIONAL_REPRESENTATION('',(#9359),#9363);
#9359 = LINE('',#9360,#9361);
#9360 = CARTESIAN_POINT('',(2.34572251468,-17.58938097981));
#9361 = VECTOR('',#9362,1.);
#9362 = DIRECTION('',(0.,-1.));
#9363 = ( GEOMETRIC_REPRESENTATION_CONTEXT(2) 
PARAMETRIC_REPRESENTATION_CONTEXT() REPRESENTATION_CONTEXT('2D SPACE',''
  ) );
#9364 = PCURVE('',#4689,#9365);
#9365 = DEFINITIONAL_REPRESENTATION('',(#9366),#9370);
#9366 = LINE('',#9367,#9368);
#9367 = CARTESIAN_POINT('',(-17.58938097981,-1.021166378545));
#9368 = VECTOR('',#9369,1.);
#9369 = DIRECTION('',(-1.,8.489748638486E-17));
#9370 = ( GEOMETRIC_REPRESENTATION_CONTEXT(2) 
PARAMETRIC_REPRESENTATION_CONTEXT() REPRESENTATION_CONTEXT('2D SPACE',''
  ) );
#9371 = ORIENTED_EDGE('',*,*,#4616,.T.);
#9372 = ORIENTED_EDGE('',*,*,#9373,.T.);
#9373 = EDGE_CURVE('',#4619,#9326,#9374,.T.);
#9374 = SURFACE_CURVE('',#9375,(#9379,#9386),.PCURVE_S1.);
#9375 = LINE('',#9376,#9377);
#9376 = CARTESIAN_POINT('',(-17.44943246979,48.799663340513,
    -3.783285527828));
#9377 = VECTOR('',#9378,1.);
#9378 = DIRECTION('',(-1.,0.,0.));
#9379 = PCURVE('',#4635,#9380);
#9380 = DEFINITIONAL_REPRESENTATION('',(#9381),#9385);
#9381 = LINE('',#9382,#9383);
#9382 = CARTESIAN_POINT('',(-2.34572251468,-17.58938097981));
#9383 = VECTOR('',#9384,1.);
#9384 = DIRECTION('',(0.,-1.));
#9385 = ( GEOMETRIC_REPRESENTATION_CONTEXT(2) 
PARAMETRIC_REPRESENTATION_CONTEXT() REPRESENTATION_CONTEXT('2D SPACE',''
  ) );
#9386 = PCURVE('',#4663,#9387);
#9387 = DEFINITIONAL_REPRESENTATION('',(#9388),#9392);
#9388 = LINE('',#9389,#9390);
#9389 = CARTESIAN_POINT('',(17.589380979816,8.718683521527E-16));
#9390 = VECTOR('',#9391,1.);
#9391 = DIRECTION('',(1.,8.489748638486E-17));
#9392 = ( GEOMETRIC_REPRESENTATION_CONTEXT(2) 
PARAMETRIC_REPRESENTATION_CONTEXT() REPRESENTATION_CONTEXT('2D SPACE',''
  ) );
#9393 = ADVANCED_FACE('',(#9394),#4663,.T.);
#9394 = FACE_BOUND('',#9395,.T.);
#9395 = EDGE_LOOP('',(#9396,#9419,#9420,#9421));
#9396 = ORIENTED_EDGE('',*,*,#9397,.F.);
#9397 = EDGE_CURVE('',#4648,#9398,#9400,.T.);
#9398 = VERTEX_POINT('',#9399);
#9399 = CARTESIAN_POINT('',(-20.35,49.529258819343,-4.497758207461));
#9400 = SURFACE_CURVE('',#9401,(#9405,#9412),.PCURVE_S1.);
#9401 = LINE('',#9402,#9403);
#9402 = CARTESIAN_POINT('',(-17.44943246979,49.529258819343,
    -4.497758207461));
#9403 = VECTOR('',#9404,1.);
#9404 = DIRECTION('',(-1.,0.,0.));
#9405 = PCURVE('',#4663,#9406);
#9406 = DEFINITIONAL_REPRESENTATION('',(#9407),#9411);
#9407 = LINE('',#9408,#9409);
#9408 = CARTESIAN_POINT('',(17.589380979816,1.021166378545));
#9409 = VECTOR('',#9410,1.);
#9410 = DIRECTION('',(1.,8.489748638486E-17));
#9411 = ( GEOMETRIC_REPRESENTATION_CONTEXT(2) 
PARAMETRIC_REPRESENTATION_CONTEXT() REPRESENTATION_CONTEXT('2D SPACE',''
  ) );
#9412 = PCURVE('',#4689,#9413);
#9413 = DEFINITIONAL_REPRESENTATION('',(#9414),#9418);
#9414 = LINE('',#9415,#9416);
#9415 = CARTESIAN_POINT('',(-17.58938097981,8.718683521527E-16));
#9416 = VECTOR('',#9417,1.);
#9417 = DIRECTION('',(-1.,8.489748638486E-17));
#9418 = ( GEOMETRIC_REPRESENTATION_CONTEXT(2) 
PARAMETRIC_REPRESENTATION_CONTEXT() REPRESENTATION_CONTEXT('2D SPACE',''
  ) );
#9419 = ORIENTED_EDGE('',*,*,#4647,.T.);
#9420 = ORIENTED_EDGE('',*,*,#9373,.T.);
#9421 = ORIENTED_EDGE('',*,*,#9422,.F.);
#9422 = EDGE_CURVE('',#9398,#9326,#9423,.T.);
#9423 = SURFACE_CURVE('',#9424,(#9428,#9435),.PCURVE_S1.);
#9424 = LINE('',#9425,#9426);
#9425 = CARTESIAN_POINT('',(-20.35,49.529258819343,-4.497758207461));
#9426 = VECTOR('',#9427,1.);
#9427 = DIRECTION('',(0.,-0.714472679633,0.699663340513));
#9428 = PCURVE('',#4663,#9429);
#9429 = DEFINITIONAL_REPRESENTATION('',(#9430),#9434);
#9430 = LINE('',#9431,#9432);
#9431 = CARTESIAN_POINT('',(20.489948510021,1.021166378545));
#9432 = VECTOR('',#9433,1.);
#9433 = DIRECTION('',(8.489748638486E-17,-1.));
#9434 = ( GEOMETRIC_REPRESENTATION_CONTEXT(2) 
PARAMETRIC_REPRESENTATION_CONTEXT() REPRESENTATION_CONTEXT('2D SPACE',''
  ) );
#9435 = PCURVE('',#8492,#9436);
#9436 = DEFINITIONAL_REPRESENTATION('',(#9437),#9441);
#9437 = LINE('',#9438,#9439);
#9438 = CARTESIAN_POINT('',(0.,1.429258819343));
#9439 = VECTOR('',#9440,1.);
#9440 = DIRECTION('',(-0.699663340513,-0.714472679633));
#9441 = ( GEOMETRIC_REPRESENTATION_CONTEXT(2) 
PARAMETRIC_REPRESENTATION_CONTEXT() REPRESENTATION_CONTEXT('2D SPACE',''
  ) );
#9442 = ADVANCED_FACE('',(#9443),#4689,.T.);
#9443 = FACE_BOUND('',#9444,.T.);
#9444 = EDGE_LOOP('',(#9445,#9446,#9447,#9448));
#9445 = ORIENTED_EDGE('',*,*,#9351,.F.);
#9446 = ORIENTED_EDGE('',*,*,#4675,.T.);
#9447 = ORIENTED_EDGE('',*,*,#9397,.T.);
#9448 = ORIENTED_EDGE('',*,*,#9449,.F.);
#9449 = EDGE_CURVE('',#9328,#9398,#9450,.T.);
#9450 = SURFACE_CURVE('',#9451,(#9455,#9462),.PCURVE_S1.);
#9451 = LINE('',#9452,#9453);
#9452 = CARTESIAN_POINT('',(-20.35,48.799663340513,-5.212230887094));
#9453 = VECTOR('',#9454,1.);
#9454 = DIRECTION('',(0.,0.714472679633,0.699663340513));
#9455 = PCURVE('',#4689,#9456);
#9456 = DEFINITIONAL_REPRESENTATION('',(#9457),#9461);
#9457 = LINE('',#9458,#9459);
#9458 = CARTESIAN_POINT('',(-20.48994851002,-1.021166378545));
#9459 = VECTOR('',#9460,1.);
#9460 = DIRECTION('',(8.489748638486E-17,1.));
#9461 = ( GEOMETRIC_REPRESENTATION_CONTEXT(2) 
PARAMETRIC_REPRESENTATION_CONTEXT() REPRESENTATION_CONTEXT('2D SPACE',''
  ) );
#9462 = PCURVE('',#8492,#9463);
#9463 = DEFINITIONAL_REPRESENTATION('',(#9464),#9468);
#9464 = LINE('',#9465,#9466);
#9465 = CARTESIAN_POINT('',(0.714472679633,0.699663340513));
#9466 = VECTOR('',#9467,1.);
#9467 = DIRECTION('',(-0.699663340513,0.714472679633));
#9468 = ( GEOMETRIC_REPRESENTATION_CONTEXT(2) 
PARAMETRIC_REPRESENTATION_CONTEXT() REPRESENTATION_CONTEXT('2D SPACE',''
  ) );
#9469 = ADVANCED_FACE('',(#9470),#4742,.T.);
#9470 = FACE_BOUND('',#9471,.T.);
#9471 = EDGE_LOOP('',(#9472,#9473,#9474,#9475));
#9472 = ORIENTED_EDGE('',*,*,#4727,.T.);
#9473 = ORIENTED_EDGE('',*,*,#9299,.F.);
#9474 = ORIENTED_EDGE('',*,*,#7811,.F.);
#9475 = ORIENTED_EDGE('',*,*,#9476,.F.);
#9476 = EDGE_CURVE('',#4705,#7789,#9477,.T.);
#9477 = SURFACE_CURVE('',#9478,(#9483,#9490),.PCURVE_S1.);
#9478 = CIRCLE('',#9479,1.);
#9479 = AXIS2_PLACEMENT_3D('',#9480,#9481,#9482);
#9480 = CARTESIAN_POINT('',(-14.54943246979,39.1,-17.));
#9481 = DIRECTION('',(1.,0.,0.));
#9482 = DIRECTION('',(0.,0.,-1.));
#9483 = PCURVE('',#4742,#9484);
#9484 = DEFINITIONAL_REPRESENTATION('',(#9485),#9489);
#9485 = LINE('',#9486,#9487);
#9486 = CARTESIAN_POINT('',(6.28318530718,6.28318530718));
#9487 = VECTOR('',#9488,1.);
#9488 = DIRECTION('',(0.,-1.));
#9489 = ( GEOMETRIC_REPRESENTATION_CONTEXT(2) 
PARAMETRIC_REPRESENTATION_CONTEXT() REPRESENTATION_CONTEXT('2D SPACE',''
  ) );
#9490 = PCURVE('',#4776,#9491);
#9491 = DEFINITIONAL_REPRESENTATION('',(#9492),#9496);
#9492 = LINE('',#9493,#9494);
#9493 = CARTESIAN_POINT('',(0.,-14.54943246979));
#9494 = VECTOR('',#9495,1.);
#9495 = DIRECTION('',(1.,0.));
#9496 = ( GEOMETRIC_REPRESENTATION_CONTEXT(2) 
PARAMETRIC_REPRESENTATION_CONTEXT() REPRESENTATION_CONTEXT('2D SPACE',''
  ) );
#9497 = ADVANCED_FACE('',(#9498),#4776,.T.);
#9498 = FACE_BOUND('',#9499,.T.);
#9499 = EDGE_LOOP('',(#9500,#9501,#9523,#9524));
#9500 = ORIENTED_EDGE('',*,*,#7788,.F.);
#9501 = ORIENTED_EDGE('',*,*,#9502,.F.);
#9502 = EDGE_CURVE('',#4761,#7765,#9503,.T.);
#9503 = SURFACE_CURVE('',#9504,(#9509,#9516),.PCURVE_S1.);
#9504 = CIRCLE('',#9505,1.);
#9505 = AXIS2_PLACEMENT_3D('',#9506,#9507,#9508);
#9506 = CARTESIAN_POINT('',(14.549432469795,39.1,-17.));
#9507 = DIRECTION('',(1.,0.,0.));
#9508 = DIRECTION('',(0.,0.,-1.));
#9509 = PCURVE('',#4776,#9510);
#9510 = DEFINITIONAL_REPRESENTATION('',(#9511),#9515);
#9511 = LINE('',#9512,#9513);
#9512 = CARTESIAN_POINT('',(0.,14.549432469795));
#9513 = VECTOR('',#9514,1.);
#9514 = DIRECTION('',(1.,0.));
#9515 = ( GEOMETRIC_REPRESENTATION_CONTEXT(2) 
PARAMETRIC_REPRESENTATION_CONTEXT() REPRESENTATION_CONTEXT('2D SPACE',''
  ) );
#9516 = PCURVE('',#4853,#9517);
#9517 = DEFINITIONAL_REPRESENTATION('',(#9518),#9522);
#9518 = LINE('',#9519,#9520);
#9519 = CARTESIAN_POINT('',(0.,6.28318530718));
#9520 = VECTOR('',#9521,1.);
#9521 = DIRECTION('',(0.,-1.));
#9522 = ( GEOMETRIC_REPRESENTATION_CONTEXT(2) 
PARAMETRIC_REPRESENTATION_CONTEXT() REPRESENTATION_CONTEXT('2D SPACE',''
  ) );
#9523 = ORIENTED_EDGE('',*,*,#4760,.F.);
#9524 = ORIENTED_EDGE('',*,*,#9476,.T.);
#9525 = ADVANCED_FACE('',(#9526),#4853,.T.);
#9526 = FACE_BOUND('',#9527,.T.);
#9527 = EDGE_LOOP('',(#9528,#9529,#9530,#9531));
#9528 = ORIENTED_EDGE('',*,*,#4838,.F.);
#9529 = ORIENTED_EDGE('',*,*,#9502,.T.);
#9530 = ORIENTED_EDGE('',*,*,#7764,.T.);
#9531 = ORIENTED_EDGE('',*,*,#9532,.T.);
#9532 = EDGE_CURVE('',#7742,#4816,#9533,.T.);
#9533 = SURFACE_CURVE('',#9534,(#9539,#9546),.PCURVE_S1.);
#9534 = CIRCLE('',#9535,1.);
#9535 = AXIS2_PLACEMENT_3D('',#9536,#9537,#9538);
#9536 = CARTESIAN_POINT('',(18.449432469795,39.1,-13.1));
#9537 = DIRECTION('',(0.,0.,-1.));
#9538 = DIRECTION('',(-1.,0.,0.));
#9539 = PCURVE('',#4853,#9540);
#9540 = DEFINITIONAL_REPRESENTATION('',(#9541),#9545);
#9541 = LINE('',#9542,#9543);
#9542 = CARTESIAN_POINT('',(1.570796326795,-3.14159265359));
#9543 = VECTOR('',#9544,1.);
#9544 = DIRECTION('',(0.,1.));
#9545 = ( GEOMETRIC_REPRESENTATION_CONTEXT(2) 
PARAMETRIC_REPRESENTATION_CONTEXT() REPRESENTATION_CONTEXT('2D SPACE',''
  ) );
#9546 = PCURVE('',#4939,#9547);
#9547 = DEFINITIONAL_REPRESENTATION('',(#9548),#9552);
#9548 = LINE('',#9549,#9550);
#9549 = CARTESIAN_POINT('',(0.,13.1));
#9550 = VECTOR('',#9551,1.);
#9551 = DIRECTION('',(1.,0.));
#9552 = ( GEOMETRIC_REPRESENTATION_CONTEXT(2) 
PARAMETRIC_REPRESENTATION_CONTEXT() REPRESENTATION_CONTEXT('2D SPACE',''
  ) );
#9553 = ADVANCED_FACE('',(#9554),#4907,.T.);
#9554 = FACE_BOUND('',#9555,.T.);
#9555 = EDGE_LOOP('',(#9556,#9557,#9558,#9602));
#9556 = ORIENTED_EDGE('',*,*,#4870,.F.);
#9557 = ORIENTED_EDGE('',*,*,#5070,.T.);
#9558 = ORIENTED_EDGE('',*,*,#9559,.F.);
#9559 = EDGE_CURVE('',#5184,#5017,#9560,.T.);
#9560 = SURFACE_CURVE('',#9561,(#9566,#9573),.PCURVE_S1.);
#9561 = CIRCLE('',#9562,1.);
#9562 = AXIS2_PLACEMENT_3D('',#9563,#9564,#9565);
#9563 = CARTESIAN_POINT('',(18.449432469795,60.1,10.831624532882));
#9564 = DIRECTION('',(0.,-1.,0.));
#9565 = DIRECTION('',(0.,0.,-1.));
#9566 = PCURVE('',#4907,#9567);
#9567 = DEFINITIONAL_REPRESENTATION('',(#9568),#9572);
#9568 = LINE('',#9569,#9570);
#9569 = CARTESIAN_POINT('',(-3.447025272689,11.9));
#9570 = VECTOR('',#9571,1.);
#9571 = DIRECTION('',(1.,0.));
#9572 = ( GEOMETRIC_REPRESENTATION_CONTEXT(2) 
PARAMETRIC_REPRESENTATION_CONTEXT() REPRESENTATION_CONTEXT('2D SPACE',''
  ) );
#9573 = PCURVE('',#5033,#9574);
#9574 = DEFINITIONAL_REPRESENTATION('',(#9575),#9601);
#9575 = B_SPLINE_CURVE_WITH_KNOTS('',3,(#9576,#9577,#9578,#9579,#9580,
    #9581,#9582,#9583,#9584,#9585,#9586,#9587,#9588,#9589,#9590,#9591,
    #9592,#9593,#9594,#9595,#9596,#9597,#9598,#9599,#9600),
  .UNSPECIFIED.,.F.,.F.,(4,1,1,1,1,1,1,1,1,1,1,1,1,1,1,1,1,1,1,1,1,1,4),
  (2.181661564993,2.296694629329,2.411727693665,2.526760758001,
    2.641793822337,2.756826886673,2.871859951009,2.986893015345,
    3.101926079681,3.216959144017,3.331992208353,3.447025272689,
    3.562058337025,3.677091401361,3.792124465697,3.907157530033,
    4.022190594369,4.137223658705,4.252256723041,4.367289787377,
    4.482322851713,4.597355916049,4.712388980385),
  .QUASI_UNIFORM_KNOTS.);
#9576 = CARTESIAN_POINT('',(3.14159265359,1.));
#9577 = CARTESIAN_POINT('',(3.14159265359,0.979911647733));
#9578 = CARTESIAN_POINT('',(3.14159265359,0.941374951984));
#9579 = CARTESIAN_POINT('',(3.14159265359,0.887748383154));
#9580 = CARTESIAN_POINT('',(3.14159265359,0.837502468753));
#9581 = CARTESIAN_POINT('',(3.14159265359,0.790036329251));
#9582 = CARTESIAN_POINT('',(3.14159265359,0.744833049288));
#9583 = CARTESIAN_POINT('',(3.14159265359,0.701456662372));
#9584 = CARTESIAN_POINT('',(3.14159265359,0.659527854215));
#9585 = CARTESIAN_POINT('',(3.14159265359,0.618711083128));
#9586 = CARTESIAN_POINT('',(3.14159265359,0.578702647537));
#9587 = CARTESIAN_POINT('',(3.14159265359,0.539221288187));
#9588 = CARTESIAN_POINT('',(3.14159265359,0.5));
#9589 = CARTESIAN_POINT('',(3.14159265359,0.460778711813));
#9590 = CARTESIAN_POINT('',(3.14159265359,0.421297352463));
#9591 = CARTESIAN_POINT('',(3.14159265359,0.381288916872));
#9592 = CARTESIAN_POINT('',(3.14159265359,0.340472145785));
#9593 = CARTESIAN_POINT('',(3.14159265359,0.298543337628));
#9594 = CARTESIAN_POINT('',(3.14159265359,0.255166950712));
#9595 = CARTESIAN_POINT('',(3.14159265359,0.209963670749));
#9596 = CARTESIAN_POINT('',(3.14159265359,0.162497531247));
#9597 = CARTESIAN_POINT('',(3.14159265359,0.112251616846));
#9598 = CARTESIAN_POINT('',(3.14159265359,5.862504801646E-02));
#9599 = CARTESIAN_POINT('',(3.14159265359,2.008835226678E-02));
#9600 = CARTESIAN_POINT('',(3.14159265359,0.));
#9601 = ( GEOMETRIC_REPRESENTATION_CONTEXT(2) 
PARAMETRIC_REPRESENTATION_CONTEXT() REPRESENTATION_CONTEXT('2D SPACE',''
  ) );
#9602 = ORIENTED_EDGE('',*,*,#5183,.F.);
#9603 = ADVANCED_FACE('',(#9604),#4939,.T.);
#9604 = FACE_BOUND('',#9605,.T.);
#9605 = EDGE_LOOP('',(#9606,#9672,#9673,#9674));
#9606 = ORIENTED_EDGE('',*,*,#9607,.T.);
#9607 = EDGE_CURVE('',#7714,#4924,#9608,.T.);
#9608 = SURFACE_CURVE('',#9609,(#9614,#9643),.PCURVE_S1.);
#9609 = ELLIPSE('',#9610,1.002140965386,1.);
#9610 = AXIS2_PLACEMENT_3D('',#9611,#9612,#9613);
#9611 = CARTESIAN_POINT('',(18.449432469795,39.1,14.068690813807));
#9612 = DIRECTION('',(6.533160585507E-02,0.,-0.997863608554));
#9613 = DIRECTION('',(-0.997863608554,0.,-6.533160585507E-02));
#9614 = PCURVE('',#4939,#9615);
#9615 = DEFINITIONAL_REPRESENTATION('',(#9616),#9642);
#9616 = B_SPLINE_CURVE_WITH_KNOTS('',3,(#9617,#9618,#9619,#9620,#9621,
    #9622,#9623,#9624,#9625,#9626,#9627,#9628,#9629,#9630,#9631,#9632,
    #9633,#9634,#9635,#9636,#9637,#9638,#9639,#9640,#9641),
  .UNSPECIFIED.,.F.,.F.,(4,1,1,1,1,1,1,1,1,1,1,1,1,1,1,1,1,1,1,1,1,1,4),
  (4.712388980385,4.783788813421,4.855188646457,4.926588479493,
    4.997988312529,5.069388145565,5.140787978601,5.212187811638,
    5.283587644674,5.35498747771,5.426387310746,5.497787143782,
    5.569186976818,5.640586809854,5.711986642891,5.783386475927,
    5.854786308963,5.926186141999,5.997585975035,6.068985808071,
    6.140385641107,6.211785474143,6.28318530718),.QUASI_UNIFORM_KNOTS.);
#9617 = CARTESIAN_POINT('',(4.712388980385,-14.0686908138));
#9618 = CARTESIAN_POINT('',(4.73618892473,-14.06713258413));
#9619 = CARTESIAN_POINT('',(4.783788813421,-14.06401616757));
#9620 = CARTESIAN_POINT('',(4.855188646457,-14.0593653293));
#9621 = CARTESIAN_POINT('',(4.926588479493,-14.05476202076));
#9622 = CARTESIAN_POINT('',(4.997988312529,-14.05022968769));
#9623 = CARTESIAN_POINT('',(5.069388145565,-14.04579142895));
#9624 = CARTESIAN_POINT('',(5.140787978601,-14.04146986005));
#9625 = CARTESIAN_POINT('',(5.212187811638,-14.03728700294));
#9626 = CARTESIAN_POINT('',(5.283587644674,-14.03326417244));
#9627 = CARTESIAN_POINT('',(5.35498747771,-14.02942186798));
#9628 = CARTESIAN_POINT('',(5.426387310746,-14.02577966907));
#9629 = CARTESIAN_POINT('',(5.497787143782,-14.02235613552));
#9630 = CARTESIAN_POINT('',(5.569186976818,-14.01916871287));
#9631 = CARTESIAN_POINT('',(5.640586809854,-14.01623364349));
#9632 = CARTESIAN_POINT('',(5.711986642891,-14.01356588382));
#9633 = CARTESIAN_POINT('',(5.783386475927,-14.0111790282));
#9634 = CARTESIAN_POINT('',(5.854786308963,-14.0090852393));
#9635 = CARTESIAN_POINT('',(5.926186141999,-14.0072951873));
#9636 = CARTESIAN_POINT('',(5.997585975035,-14.00581799131));
#9637 = CARTESIAN_POINT('',(6.068985808071,-14.00466118837));
#9638 = CARTESIAN_POINT('',(6.140385641107,-14.00383063752));
#9639 = CARTESIAN_POINT('',(6.211785474143,-14.00333070451));
#9640 = CARTESIAN_POINT('',(6.259385362834,-14.00321919405));
#9641 = CARTESIAN_POINT('',(6.28318530718,-14.00321933524));
#9642 = ( GEOMETRIC_REPRESENTATION_CONTEXT(2) 
PARAMETRIC_REPRESENTATION_CONTEXT() REPRESENTATION_CONTEXT('2D SPACE',''
  ) );
#9643 = PCURVE('',#7729,#9644);
#9644 = DEFINITIONAL_REPRESENTATION('',(#9645),#9671);
#9645 = B_SPLINE_CURVE_WITH_KNOTS('',3,(#9646,#9647,#9648,#9649,#9650,
    #9651,#9652,#9653,#9654,#9655,#9656,#9657,#9658,#9659,#9660,#9661,
    #9662,#9663,#9664,#9665,#9666,#9667,#9668,#9669,#9670),
  .UNSPECIFIED.,.F.,.F.,(4,1,1,1,1,1,1,1,1,1,1,1,1,1,1,1,1,1,1,1,1,1,4),
  (4.712388980385,4.783788813421,4.855188646457,4.926588479493,
    4.997988312529,5.069388145565,5.140787978601,5.212187811638,
    5.283587644674,5.35498747771,5.426387310746,5.497787143782,
    5.569186976818,5.640586809854,5.711986642891,5.783386475927,
    5.854786308963,5.926186141999,5.997585975035,6.068985808071,
    6.140385641107,6.211785474143,6.28318530718),.QUASI_UNIFORM_KNOTS.);
#9646 = CARTESIAN_POINT('',(4.712388980385,-11.54308233186));
#9647 = CARTESIAN_POINT('',(4.73618892473,-11.54464056154));
#9648 = CARTESIAN_POINT('',(4.783788813421,-11.54775697809));
#9649 = CARTESIAN_POINT('',(4.855188646457,-11.55240781637));
#9650 = CARTESIAN_POINT('',(4.926588479493,-11.55701112491));
#9651 = CARTESIAN_POINT('',(4.997988312529,-11.56154345797));
#9652 = CARTESIAN_POINT('',(5.069388145565,-11.56598171671));
#9653 = CARTESIAN_POINT('',(5.140787978601,-11.57030328561));
#9654 = CARTESIAN_POINT('',(5.212187811638,-11.57448614273));
#9655 = CARTESIAN_POINT('',(5.283587644674,-11.57850897323));
#9656 = CARTESIAN_POINT('',(5.35498747771,-11.58235127768));
#9657 = CARTESIAN_POINT('',(5.426387310746,-11.58599347659));
#9658 = CARTESIAN_POINT('',(5.497787143782,-11.58941701015));
#9659 = CARTESIAN_POINT('',(5.569186976818,-11.5926044328));
#9660 = CARTESIAN_POINT('',(5.640586809854,-11.59553950218));
#9661 = CARTESIAN_POINT('',(5.711986642891,-11.59820726185));
#9662 = CARTESIAN_POINT('',(5.783386475927,-11.60059411747));
#9663 = CARTESIAN_POINT('',(5.854786308963,-11.60268790636));
#9664 = CARTESIAN_POINT('',(5.926186141999,-11.60447795837));
#9665 = CARTESIAN_POINT('',(5.997585975035,-11.60595515436));
#9666 = CARTESIAN_POINT('',(6.068985808071,-11.6071119573));
#9667 = CARTESIAN_POINT('',(6.140385641107,-11.60794250815));
#9668 = CARTESIAN_POINT('',(6.211785474143,-11.60844244115));
#9669 = CARTESIAN_POINT('',(6.259385362834,-11.60855395162));
#9670 = CARTESIAN_POINT('',(6.28318530718,-11.60855381043));
#9671 = ( GEOMETRIC_REPRESENTATION_CONTEXT(2) 
PARAMETRIC_REPRESENTATION_CONTEXT() REPRESENTATION_CONTEXT('2D SPACE',''
  ) );
#9672 = ORIENTED_EDGE('',*,*,#4923,.T.);
#9673 = ORIENTED_EDGE('',*,*,#9532,.F.);
#9674 = ORIENTED_EDGE('',*,*,#7741,.F.);
#9675 = ADVANCED_FACE('',(#9676),#4967,.T.);
#9676 = FACE_BOUND('',#9677,.T.);
#9677 = EDGE_LOOP('',(#9678,#9708,#9729,#9730,#9753));
#9678 = ORIENTED_EDGE('',*,*,#9679,.T.);
#9679 = EDGE_CURVE('',#9680,#9682,#9684,.T.);
#9680 = VERTEX_POINT('',#9681);
#9681 = CARTESIAN_POINT('',(16.83825128044,57.1,18.650749570466));
#9682 = VERTEX_POINT('',#9683);
#9683 = CARTESIAN_POINT('',(17.135225287716,57.1,16.392506512719));
#9684 = SURFACE_CURVE('',#9685,(#9689,#9696),.PCURVE_S1.);
#9685 = LINE('',#9686,#9687);
#9686 = CARTESIAN_POINT('',(16.83825128044,57.1,18.650749570466));
#9687 = VECTOR('',#9688,1.);
#9688 = DIRECTION('',(0.130384063942,0.,-0.991463562553));
#9689 = PCURVE('',#4967,#9690);
#9690 = DEFINITIONAL_REPRESENTATION('',(#9691),#9695);
#9691 = LINE('',#9692,#9693);
#9692 = CARTESIAN_POINT('',(4.687545171358,-1.));
#9693 = VECTOR('',#9694,1.);
#9694 = DIRECTION('',(-1.,0.));
#9695 = ( GEOMETRIC_REPRESENTATION_CONTEXT(2) 
PARAMETRIC_REPRESENTATION_CONTEXT() REPRESENTATION_CONTEXT('2D SPACE',''
  ) );
#9696 = PCURVE('',#9697,#9702);
#9697 = CYLINDRICAL_SURFACE('',#9698,1.);
#9698 = AXIS2_PLACEMENT_3D('',#9699,#9700,#9701);
#9699 = CARTESIAN_POINT('',(18.440896032348,57.1,14.133603399187));
#9700 = DIRECTION('',(0.130384063942,0.,-0.991463562553));
#9701 = DIRECTION('',(-0.991463562553,0.,-0.130384063942));
#9702 = DEFINITIONAL_REPRESENTATION('',(#9703),#9707);
#9703 = LINE('',#9704,#9705);
#9704 = CARTESIAN_POINT('',(0.,-4.687545171358));
#9705 = VECTOR('',#9706,1.);
#9706 = DIRECTION('',(0.,1.));
#9707 = ( GEOMETRIC_REPRESENTATION_CONTEXT(2) 
PARAMETRIC_REPRESENTATION_CONTEXT() REPRESENTATION_CONTEXT('2D SPACE',''
  ) );
#9708 = ORIENTED_EDGE('',*,*,#9709,.F.);
#9709 = EDGE_CURVE('',#4952,#9682,#9710,.T.);
#9710 = SURFACE_CURVE('',#9711,(#9716,#9723),.PCURVE_S1.);
#9711 = ELLIPSE('',#9712,6.495253119653,3.);
#9712 = AXIS2_PLACEMENT_3D('',#9713,#9714,#9715);
#9713 = CARTESIAN_POINT('',(17.135225287716,60.1,16.392506512719));
#9714 = DIRECTION('',(-0.991463562553,0.,-0.130384063942));
#9715 = DIRECTION('',(-0.130384063942,0.,0.991463562553));
#9716 = PCURVE('',#4967,#9717);
#9717 = DEFINITIONAL_REPRESENTATION('',(#9718),#9722);
#9718 = ELLIPSE('',#9719,6.495253119653,3.);
#9719 = AXIS2_PLACEMENT_2D('',#9720,#9721);
#9720 = CARTESIAN_POINT('',(2.409858786259,2.));
#9721 = DIRECTION('',(1.,0.));
#9722 = ( GEOMETRIC_REPRESENTATION_CONTEXT(2) 
PARAMETRIC_REPRESENTATION_CONTEXT() REPRESENTATION_CONTEXT('2D SPACE',''
  ) );
#9723 = PCURVE('',#4997,#9724);
#9724 = DEFINITIONAL_REPRESENTATION('',(#9725),#9728);
#9725 = B_SPLINE_CURVE_WITH_KNOTS('',1,(#9726,#9727),.UNSPECIFIED.,.F.,
  .F.,(2,2),(4.332283447753,4.712388980385),.PIECEWISE_BEZIER_KNOTS.);
#9726 = CARTESIAN_POINT('',(4.332283285511,-2.023239098287E-06));
#9727 = CARTESIAN_POINT('',(4.712388980385,-1.062320213956E-14));
#9728 = ( GEOMETRIC_REPRESENTATION_CONTEXT(2) 
PARAMETRIC_REPRESENTATION_CONTEXT() REPRESENTATION_CONTEXT('2D SPACE',''
  ) );
#9729 = ORIENTED_EDGE('',*,*,#4951,.T.);
#9730 = ORIENTED_EDGE('',*,*,#9731,.F.);
#9731 = EDGE_CURVE('',#9732,#4924,#9734,.T.);
#9732 = VERTEX_POINT('',#9733);
#9733 = CARTESIAN_POINT('',(16.83825128044,39.1,18.650749570466));
#9734 = SURFACE_CURVE('',#9735,(#9739,#9746),.PCURVE_S1.);
#9735 = LINE('',#9736,#9737);
#9736 = CARTESIAN_POINT('',(16.83825128044,39.1,18.650749570466));
#9737 = VECTOR('',#9738,1.);
#9738 = DIRECTION('',(0.130384063942,0.,-0.991463562553));
#9739 = PCURVE('',#4967,#9740);
#9740 = DEFINITIONAL_REPRESENTATION('',(#9741),#9745);
#9741 = LINE('',#9742,#9743);
#9742 = CARTESIAN_POINT('',(4.687545171358,-19.));
#9743 = VECTOR('',#9744,1.);
#9744 = DIRECTION('',(-1.,0.));
#9745 = ( GEOMETRIC_REPRESENTATION_CONTEXT(2) 
PARAMETRIC_REPRESENTATION_CONTEXT() REPRESENTATION_CONTEXT('2D SPACE',''
  ) );
#9746 = PCURVE('',#7729,#9747);
#9747 = DEFINITIONAL_REPRESENTATION('',(#9748),#9752);
#9748 = LINE('',#9749,#9750);
#9749 = CARTESIAN_POINT('',(6.28318530718,-16.29609898178));
#9750 = VECTOR('',#9751,1.);
#9751 = DIRECTION('',(0.,1.));
#9752 = ( GEOMETRIC_REPRESENTATION_CONTEXT(2) 
PARAMETRIC_REPRESENTATION_CONTEXT() REPRESENTATION_CONTEXT('2D SPACE',''
  ) );
#9753 = ORIENTED_EDGE('',*,*,#9754,.F.);
#9754 = EDGE_CURVE('',#9680,#9732,#9755,.T.);
#9755 = SURFACE_CURVE('',#9756,(#9760,#9767),.PCURVE_S1.);
#9756 = LINE('',#9757,#9758);
#9757 = CARTESIAN_POINT('',(16.83825128044,57.1,18.650749570466));
#9758 = VECTOR('',#9759,1.);
#9759 = DIRECTION('',(0.,-1.,0.));
#9760 = PCURVE('',#4967,#9761);
#9761 = DEFINITIONAL_REPRESENTATION('',(#9762),#9766);
#9762 = LINE('',#9763,#9764);
#9763 = CARTESIAN_POINT('',(4.687545171358,-1.));
#9764 = VECTOR('',#9765,1.);
#9765 = DIRECTION('',(0.,-1.));
#9766 = ( GEOMETRIC_REPRESENTATION_CONTEXT(2) 
PARAMETRIC_REPRESENTATION_CONTEXT() REPRESENTATION_CONTEXT('2D SPACE',''
  ) );
#9767 = PCURVE('',#9768,#9773);
#9768 = PLANE('',#9769);
#9769 = AXIS2_PLACEMENT_3D('',#9770,#9771,#9772);
#9770 = CARTESIAN_POINT('',(16.83825128044,58.1,18.650749570466));
#9771 = DIRECTION('',(8.715574274766E-02,0.,-0.996194698092));
#9772 = DIRECTION('',(-0.996194698092,0.,-8.715574274766E-02));
#9773 = DEFINITIONAL_REPRESENTATION('',(#9774),#9778);
#9774 = LINE('',#9775,#9776);
#9775 = CARTESIAN_POINT('',(-0.,-1.));
#9776 = VECTOR('',#9777,1.);
#9777 = DIRECTION('',(-0.,-1.));
#9778 = ( GEOMETRIC_REPRESENTATION_CONTEXT(2) 
PARAMETRIC_REPRESENTATION_CONTEXT() REPRESENTATION_CONTEXT('2D SPACE',''
  ) );
#9779 = ADVANCED_FACE('',(#9780),#4997,.T.);
#9780 = FACE_BOUND('',#9781,.T.);
#9781 = EDGE_LOOP('',(#9782,#9826,#9827,#10082,#10083));
#9782 = ORIENTED_EDGE('',*,*,#9783,.T.);
#9783 = EDGE_CURVE('',#9682,#5542,#9784,.T.);
#9784 = SURFACE_CURVE('',#9785,(#9790,#9819),.PCURVE_S1.);
#9785 = CIRCLE('',#9786,1.);
#9786 = AXIS2_PLACEMENT_3D('',#9787,#9788,#9789);
#9787 = CARTESIAN_POINT('',(18.126688850268,57.1,16.522890576661));
#9788 = DIRECTION('',(0.130384063942,0.,-0.991463562553));
#9789 = DIRECTION('',(-0.991463562553,0.,-0.130384063942));
#9790 = PCURVE('',#4997,#9791);
#9791 = DEFINITIONAL_REPRESENTATION('',(#9792),#9818);
#9792 = B_SPLINE_CURVE_WITH_KNOTS('',3,(#9793,#9794,#9795,#9796,#9797,
    #9798,#9799,#9800,#9801,#9802,#9803,#9804,#9805,#9806,#9807,#9808,
    #9809,#9810,#9811,#9812,#9813,#9814,#9815,#9816,#9817),
  .UNSPECIFIED.,.F.,.F.,(4,1,1,1,1,1,1,1,1,1,1,1,1,1,1,1,1,1,1,1,1,1,4),
  (0.,7.139983303613E-02,0.142799666072,0.214199499108,0.285599332145,
    0.356999165181,0.428398998217,0.499798831253,0.571198664289,
    0.642598497325,0.713998330361,0.785398163397,0.856797996434,
    0.92819782947,0.999597662506,1.070997495542,1.142397328578,
    1.213797161614,1.28519699465,1.356596827687,1.427996660723,
    1.499396493759,1.570796326795),.QUASI_UNIFORM_KNOTS.);
#9793 = CARTESIAN_POINT('',(4.712388980385,0.));
#9794 = CARTESIAN_POINT('',(4.712388980385,1.682780133706E-02));
#9795 = CARTESIAN_POINT('',(4.712388980385,4.999070298881E-02));
#9796 = CARTESIAN_POINT('',(4.712388980385,9.842552590405E-02));
#9797 = CARTESIAN_POINT('',(4.712388980385,0.145724913075));
#9798 = CARTESIAN_POINT('',(4.712388980385,0.192043637223));
#9799 = CARTESIAN_POINT('',(4.712388980385,0.237526724423));
#9800 = CARTESIAN_POINT('',(4.712388980385,0.282309422539));
#9801 = CARTESIAN_POINT('',(4.712388980385,0.326519436214));
#9802 = CARTESIAN_POINT('',(4.712388980385,0.370278310591));
#9803 = CARTESIAN_POINT('',(4.712388980385,0.413702852292));
#9804 = CARTESIAN_POINT('',(4.712388980385,0.456906394885));
#9805 = CARTESIAN_POINT('',(4.712388980385,0.5));
#9806 = CARTESIAN_POINT('',(4.712388980385,0.543093605115));
#9807 = CARTESIAN_POINT('',(4.712388980385,0.586297147708));
#9808 = CARTESIAN_POINT('',(4.712388980385,0.629721689409));
#9809 = CARTESIAN_POINT('',(4.712388980385,0.673480563786));
#9810 = CARTESIAN_POINT('',(4.712388980385,0.717690577461));
#9811 = CARTESIAN_POINT('',(4.712388980385,0.762473275577));
#9812 = CARTESIAN_POINT('',(4.712388980385,0.807956362777));
#9813 = CARTESIAN_POINT('',(4.712388980385,0.854275086925));
#9814 = CARTESIAN_POINT('',(4.712388980385,0.901574474096));
#9815 = CARTESIAN_POINT('',(4.712388980385,0.950009297011));
#9816 = CARTESIAN_POINT('',(4.712388980385,0.983172198663));
#9817 = CARTESIAN_POINT('',(4.712388980385,1.));
#9818 = ( GEOMETRIC_REPRESENTATION_CONTEXT(2) 
PARAMETRIC_REPRESENTATION_CONTEXT() REPRESENTATION_CONTEXT('2D SPACE',''
  ) );
#9819 = PCURVE('',#9697,#9820);
#9820 = DEFINITIONAL_REPRESENTATION('',(#9821),#9825);
#9821 = LINE('',#9822,#9823);
#9822 = CARTESIAN_POINT('',(0.,-2.409858786259));
#9823 = VECTOR('',#9824,1.);
#9824 = DIRECTION('',(1.,0.));
#9825 = ( GEOMETRIC_REPRESENTATION_CONTEXT(2) 
PARAMETRIC_REPRESENTATION_CONTEXT() REPRESENTATION_CONTEXT('2D SPACE',''
  ) );
#9826 = ORIENTED_EDGE('',*,*,#5569,.T.);
#9827 = ORIENTED_EDGE('',*,*,#9828,.F.);
#9828 = EDGE_CURVE('',#4980,#5570,#9829,.T.);
#9829 = SURFACE_CURVE('',#9830,(#9892,#9987),.PCURVE_S1.);
#9830 = B_SPLINE_CURVE_WITH_KNOTS('',3,(#9831,#9832,#9833,#9834,#9835,
    #9836,#9837,#9838,#9839,#9840,#9841,#9842,#9843,#9844,#9845,#9846,
    #9847,#9848,#9849,#9850,#9851,#9852,#9853,#9854,#9855,#9856,#9857,
    #9858,#9859,#9860,#9861,#9862,#9863,#9864,#9865,#9866,#9867,#9868,
    #9869,#9870,#9871,#9872,#9873,#9874,#9875,#9876,#9877,#9878,#9879,
    #9880,#9881,#9882,#9883,#9884,#9885,#9886,#9887,#9888,#9889,#9890,
    #9891),.UNSPECIFIED.,.F.,.F.,(4,3,3,3,3,3,3,3,3,3,3,3,3,3,3,3,3,3,3,
    3,4),(0.,8.993640771156E-05,1.799497432974E-04,2.349875595936E-04,
    3.377513010944E-04,4.407295835804E-04,4.699751191872E-04,
    6.037798065273E-04,7.477915276981E-04,9.074922200708E-04,
    9.399502383744E-04,1.05786134438E-03,1.175036226454E-03,
    1.292480792008E-03,1.409925357562E-03,1.516645293853E-03,
    1.621636837778E-03,1.644912917155E-03,1.72825194948E-03,
    1.812541287056E-03,1.879900476749E-03),.UNSPECIFIED.);
#9831 = CARTESIAN_POINT('',(17.449432469795,57.341472542022,
    14.006101847662));
#9832 = CARTESIAN_POINT('',(17.449432469795,57.37120200314,
    14.012491735313));
#9833 = CARTESIAN_POINT('',(17.450816300912,57.400702361156,
    14.018923015098));
#9834 = CARTESIAN_POINT('',(17.453537985509,57.429947634384,
    14.025388660797));
#9835 = CARTESIAN_POINT('',(17.456261998123,57.459217922807,
    14.031859836942));
#9836 = CARTESIAN_POINT('',(17.460325121752,57.488233601957,
    14.038365657358));
#9837 = CARTESIAN_POINT('',(17.465715234088,57.517006624356,
    14.044908373845));
#9838 = CARTESIAN_POINT('',(17.469010968111,57.534599621113,
    14.048908856949));
#9839 = CARTESIAN_POINT('',(17.47280355537,57.55210260025,
    14.052923306208));
#9840 = CARTESIAN_POINT('',(17.477098713379,57.569522742362,
    14.056953328875));
#9841 = CARTESIAN_POINT('',(17.485118408509,57.602048723612,
    14.064477977116));
#9842 = CARTESIAN_POINT('',(17.494890606203,57.634261781119,
    14.072050961732));
#9843 = CARTESIAN_POINT('',(17.506365775941,57.665908706084,
    14.079612174961));
#9844 = CARTESIAN_POINT('',(17.517864902517,57.697621700679,
    14.087189173817));
#9845 = CARTESIAN_POINT('',(17.531073855702,57.72876540072,
    14.094754136073));
#9846 = CARTESIAN_POINT('',(17.545892929019,57.759100371319,
    14.102250236606));
#9847 = CARTESIAN_POINT('',(17.550101503156,57.767715415592,
    14.104379107566));
#9848 = CARTESIAN_POINT('',(17.554439648691,57.776265367237,
    14.106502458034));
#9849 = CARTESIAN_POINT('',(17.558904410445,57.784745098754,
    14.108619075985));
#9850 = CARTESIAN_POINT('',(17.579331666715,57.823541715088,
    14.11830306355));
#9851 = CARTESIAN_POINT('',(17.602423909005,57.860888522624,
    14.127853545112));
#9852 = CARTESIAN_POINT('',(17.627958573616,57.896474416222,
    14.137183061275));
#9853 = CARTESIAN_POINT('',(17.655441101122,57.934774911432,
    14.147224261677));
#9854 = CARTESIAN_POINT('',(17.685752264568,57.971036240781,
    14.157009580657));
#9855 = CARTESIAN_POINT('',(17.718594271228,58.004928753861,
    14.166447392258));
#9856 = CARTESIAN_POINT('',(17.75501416233,58.042513595992,
    14.176913380963));
#9857 = CARTESIAN_POINT('',(17.794547121856,58.077186567278,
    14.186952168061));
#9858 = CARTESIAN_POINT('',(17.83676407279,58.108552012119,
    14.196457585377));
#9859 = CARTESIAN_POINT('',(17.845344364746,58.114926813428,
    14.198389493152));
#9860 = CARTESIAN_POINT('',(17.854035423619,58.121165114528,
    14.200299420532));
#9861 = CARTESIAN_POINT('',(17.862833465798,58.12726376389,
    14.202186550816));
#9862 = CARTESIAN_POINT('',(17.894794347522,58.149418489564,
    14.209041979171));
#9863 = CARTESIAN_POINT('',(17.928178009407,58.169732865345,
    14.215597742159));
#9864 = CARTESIAN_POINT('',(17.962726458983,58.1880344776,
    14.221792334195));
#9865 = CARTESIAN_POINT('',(17.997059191852,58.206221816608,
    14.227948247883));
#9866 = CARTESIAN_POINT('',(18.032541785959,58.222421086705,
    14.233747422255));
#9867 = CARTESIAN_POINT('',(18.068891674478,58.236502955206,
    14.239141837392));
#9868 = CARTESIAN_POINT('',(18.105325223968,58.250617233787,
    14.244548668027));
#9869 = CARTESIAN_POINT('',(18.142629568877,58.262603968347,
    14.249548810526));
#9870 = CARTESIAN_POINT('',(18.18049741147,58.27237882235,
    14.254107342151));
#9871 = CARTESIAN_POINT('',(18.218365254063,58.282153676352,
    14.258665873776));
#9872 = CARTESIAN_POINT('',(18.256795968285,58.289716358782,
    14.262782763265));
#9873 = CARTESIAN_POINT('',(18.295467940859,58.295033464441,
    14.266437216158));
#9874 = CARTESIAN_POINT('',(18.330608523396,58.299865030503,
    14.269757957122));
#9875 = CARTESIAN_POINT('',(18.365946660526,58.302849966366,
    14.27269667317));
#9876 = CARTESIAN_POINT('',(18.401432485123,58.303990560322,
    14.275248933109));
#9877 = CARTESIAN_POINT('',(18.436343595843,58.305112681685,
    14.277759857691));
#9878 = CARTESIAN_POINT('',(18.471399004812,58.304448538559,
    14.27989645972));
#9879 = CARTESIAN_POINT('',(18.506516845199,58.301965272649,
    14.281646720172));
#9880 = CARTESIAN_POINT('',(18.514302287814,58.301414745508,
    14.282034743814));
#9881 = CARTESIAN_POINT('',(18.522090621161,58.300774714705,
    14.282403758556));
#9882 = CARTESIAN_POINT('',(18.529880629423,58.300044684221,
    14.282753604302));
#9883 = CARTESIAN_POINT('',(18.557772429405,58.297430840497,
    14.28400621242));
#9884 = CARTESIAN_POINT('',(18.585699622382,58.293657914213,
    14.285011494291));
#9885 = CARTESIAN_POINT('',(18.613431820691,58.28874068615,
    14.285758610594));
#9886 = CARTESIAN_POINT('',(18.641480246017,58.283767387511,
    14.286514246178));
#9887 = CARTESIAN_POINT('',(18.669328318995,58.277623859944,
    14.287005897965));
#9888 = CARTESIAN_POINT('',(18.696756251098,58.270374490354,
    14.287233779172));
#9889 = CARTESIAN_POINT('',(18.718675076593,58.26458121121,
    14.287415888723));
#9890 = CARTESIAN_POINT('',(18.740325845385,58.258082811158,
    14.287429807929));
#9891 = CARTESIAN_POINT('',(18.761609947432,58.250931407529,
    14.287279946236));
#9892 = PCURVE('',#4997,#9893);
#9893 = DEFINITIONAL_REPRESENTATION('',(#9894),#9986);
#9894 = B_SPLINE_CURVE_WITH_KNOTS('',3,(#9895,#9896,#9897,#9898,#9899,
    #9900,#9901,#9902,#9903,#9904,#9905,#9906,#9907,#9908,#9909,#9910,
    #9911,#9912,#9913,#9914,#9915,#9916,#9917,#9918,#9919,#9920,#9921,
    #9922,#9923,#9924,#9925,#9926,#9927,#9928,#9929,#9930,#9931,#9932,
    #9933,#9934,#9935,#9936,#9937,#9938,#9939,#9940,#9941,#9942,#9943,
    #9944,#9945,#9946,#9947,#9948,#9949,#9950,#9951,#9952,#9953,#9954,
    #9955,#9956,#9957,#9958,#9959,#9960,#9961,#9962,#9963,#9964,#9965,
    #9966,#9967,#9968,#9969,#9970,#9971,#9972,#9973,#9974,#9975,#9976,
    #9977,#9978,#9979,#9980,#9981,#9982,#9983,#9984,#9985),
  .UNSPECIFIED.,.F.,.F.,(4,1,1,1,1,1,1,1,1,1,1,1,1,1,1,1,1,1,1,1,1,1,1,1
    ,1,1,1,1,1,1,1,1,1,1,1,1,1,1,1,1,1,1,1,1,1,1,1,1,1,1,1,1,1,1,1,1,1,1
    ,1,1,1,1,1,1,1,1,1,1,1,1,1,1,1,1,1,1,1,1,1,1,1,1,1,1,1,1,1,1,4),(0.,
    2.13625054176E-05,4.27250108352E-05,6.40875162528E-05,
    8.54500216704E-05,1.06812527088E-04,1.281750325056E-04,
    1.495375379232E-04,1.709000433408E-04,1.922625487584E-04,
    2.13625054176E-04,2.349875595936E-04,2.563500650112E-04,
    2.777125704288E-04,2.990750758464E-04,3.20437581264E-04,
    3.418000866816E-04,3.631625920992E-04,3.845250975168E-04,
    4.058876029344E-04,4.27250108352E-04,4.486126137696E-04,
    4.699751191872E-04,4.913376246048E-04,5.127001300224E-04,
    5.3406263544E-04,5.554251408576E-04,5.767876462752E-04,
    5.981501516928E-04,6.195126571104E-04,6.40875162528E-04,
    6.622376679456E-04,6.836001733632E-04,7.049626787808E-04,
    7.263251841984E-04,7.47687689616E-04,7.690501950336E-04,
    7.904127004512E-04,8.117752058688E-04,8.331377112864E-04,
    8.54500216704E-04,8.758627221216E-04,8.972252275392E-04,
    9.185877329568E-04,9.399502383744E-04,9.61312743792E-04,
    9.826752492096E-04,1.004037754627E-03,1.025400260045E-03,
    1.046762765462E-03,1.06812527088E-03,1.089487776298E-03,
    1.110850281715E-03,1.132212787133E-03,1.15357529255E-03,
    1.174937797968E-03,1.196300303386E-03,1.217662808803E-03,
    1.239025314221E-03,1.260387819638E-03,1.281750325056E-03,
    1.303112830474E-03,1.324475335891E-03,1.345837841309E-03,
    1.367200346726E-03,1.388562852144E-03,1.409925357562E-03,
    1.431287862979E-03,1.452650368397E-03,1.474012873814E-03,
    1.495375379232E-03,1.51673788465E-03,1.538100390067E-03,
    1.559462895485E-03,1.580825400902E-03,1.60218790632E-03,
    1.623550411738E-03,1.644912917155E-03,1.666275422573E-03,
    1.68763792799E-03,1.709000433408E-03,1.730362938826E-03,
    1.751725444243E-03,1.773087949661E-03,1.794450455078E-03,
    1.815812960496E-03,1.837175465914E-03,1.858537971331E-03,
    1.879900476749E-03),.QUASI_UNIFORM_KNOTS.);
#9895 = CARTESIAN_POINT('',(4.331931449244,1.66952298812E-02));
#9896 = CARTESIAN_POINT('',(4.331963634648,2.106216891448E-02));
#9897 = CARTESIAN_POINT('',(4.332026361939,2.973474508511E-02));
#9898 = CARTESIAN_POINT('',(4.332115543487,4.25703679321E-02));
#9899 = CARTESIAN_POINT('',(4.332199837174,5.524360501706E-02));
#9900 = CARTESIAN_POINT('',(4.332279263238,6.776464219871E-02));
#9901 = CARTESIAN_POINT('',(4.332353848488,8.014305550424E-02));
#9902 = CARTESIAN_POINT('',(4.332423601184,9.238985235834E-02));
#9903 = CARTESIAN_POINT('',(4.332488511632,0.104515854581));
#9904 = CARTESIAN_POINT('',(4.33254857276,0.116531466868));
#9905 = CARTESIAN_POINT('',(4.332603784488,0.128446596538));
#9906 = CARTESIAN_POINT('',(4.332654099773,0.140271939822));
#9907 = CARTESIAN_POINT('',(4.332699472094,0.152018678228));
#9908 = CARTESIAN_POINT('',(4.332739806888,0.163694914099));
#9909 = CARTESIAN_POINT('',(4.332774978112,0.175299323499));
#9910 = CARTESIAN_POINT('',(4.332804910861,0.186833348742));
#9911 = CARTESIAN_POINT('',(4.332829516603,0.198297705657));
#9912 = CARTESIAN_POINT('',(4.332848707307,0.209693381341));
#9913 = CARTESIAN_POINT('',(4.332862404381,0.221021220185));
#9914 = CARTESIAN_POINT('',(4.332870590761,0.232282108251));
#9915 = CARTESIAN_POINT('',(4.33287324262,0.243476938163));
#9916 = CARTESIAN_POINT('',(4.332870340307,0.254606545794));
#9917 = CARTESIAN_POINT('',(4.332861856125,0.265671881768));
#9918 = CARTESIAN_POINT('',(4.332847804963,0.276673494572));
#9919 = CARTESIAN_POINT('',(4.332828243442,0.287613530219));
#9920 = CARTESIAN_POINT('',(4.332803171124,0.298496399231));
#9921 = CARTESIAN_POINT('',(4.332772553629,0.309324802117));
#9922 = CARTESIAN_POINT('',(4.332736366461,0.320101788297));
#9923 = CARTESIAN_POINT('',(4.332694583017,0.330830216805));
#9924 = CARTESIAN_POINT('',(4.332647179007,0.341512929781));
#9925 = CARTESIAN_POINT('',(4.332594127044,0.352152670821));
#9926 = CARTESIAN_POINT('',(4.332535427866,0.362752474156));
#9927 = CARTESIAN_POINT('',(4.332471090653,0.373315392736));
#9928 = CARTESIAN_POINT('',(4.332401123688,0.383844396431));
#9929 = CARTESIAN_POINT('',(4.332325536876,0.394342410443));
#9930 = CARTESIAN_POINT('',(4.332244340891,0.404812323291));
#9931 = CARTESIAN_POINT('',(4.332157548283,0.415256979443));
#9932 = CARTESIAN_POINT('',(4.332065170147,0.425679262624));
#9933 = CARTESIAN_POINT('',(4.331967247345,0.436082220039));
#9934 = CARTESIAN_POINT('',(4.331863824819,0.44646880617));
#9935 = CARTESIAN_POINT('',(4.331754948152,0.456841969002));
#9936 = CARTESIAN_POINT('',(4.331640664665,0.467204637668));
#9937 = CARTESIAN_POINT('',(4.331521022621,0.477559742942));
#9938 = CARTESIAN_POINT('',(4.331396073461,0.487910204422));
#9939 = CARTESIAN_POINT('',(4.331265863782,0.498259017766));
#9940 = CARTESIAN_POINT('',(4.33113048309,0.508608976831));
#9941 = CARTESIAN_POINT('',(4.330989989256,0.518963666826));
#9942 = CARTESIAN_POINT('',(4.330844391619,0.529325347854));
#9943 = CARTESIAN_POINT('',(4.33069372105,0.539695472437));
#9944 = CARTESIAN_POINT('',(4.330538004043,0.550075720318));
#9945 = CARTESIAN_POINT('',(4.330377271947,0.560467731314));
#9946 = CARTESIAN_POINT('',(4.330211550126,0.570873215071));
#9947 = CARTESIAN_POINT('',(4.330040899718,0.581293810239));
#9948 = CARTESIAN_POINT('',(4.329865415129,0.591731170854));
#9949 = CARTESIAN_POINT('',(4.32968518558,0.602186951829));
#9950 = CARTESIAN_POINT('',(4.329500303949,0.61266281671));
#9951 = CARTESIAN_POINT('',(4.32931086382,0.623160464875));
#9952 = CARTESIAN_POINT('',(4.329116962418,0.633681593376));
#9953 = CARTESIAN_POINT('',(4.32891874738,0.644227882341));
#9954 = CARTESIAN_POINT('',(4.328716366246,0.654801039048));
#9955 = CARTESIAN_POINT('',(4.328509968276,0.665402758349));
#9956 = CARTESIAN_POINT('',(4.328299705705,0.676034747554));
#9957 = CARTESIAN_POINT('',(4.328085726676,0.686698745424));
#9958 = CARTESIAN_POINT('',(4.327868209652,0.697396455097));
#9959 = CARTESIAN_POINT('',(4.327647353791,0.708129656442));
#9960 = CARTESIAN_POINT('',(4.327423355849,0.718900098131));
#9961 = CARTESIAN_POINT('',(4.327196411692,0.729709520398));
#9962 = CARTESIAN_POINT('',(4.326966730597,0.740559694963));
#9963 = CARTESIAN_POINT('',(4.326734476099,0.751452322034));
#9964 = CARTESIAN_POINT('',(4.326499652037,0.762393822961));
#9965 = CARTESIAN_POINT('',(4.326262310048,0.773390842676));
#9966 = CARTESIAN_POINT('',(4.326022489276,0.784450148494));
#9967 = CARTESIAN_POINT('',(4.325780235139,0.795578623642));
#9968 = CARTESIAN_POINT('',(4.325535584438,0.806783427536));
#9969 = CARTESIAN_POINT('',(4.325288605017,0.818070964154));
#9970 = CARTESIAN_POINT('',(4.32503937239,0.82944775848));
#9971 = CARTESIAN_POINT('',(4.324787964752,0.840920516882));
#9972 = CARTESIAN_POINT('',(4.324534446455,0.852496498334));
#9973 = CARTESIAN_POINT('',(4.324278939386,0.864182030981));
#9974 = CARTESIAN_POINT('',(4.324021458537,0.875985573848));
#9975 = CARTESIAN_POINT('',(4.323762223421,0.887906372066));
#9976 = CARTESIAN_POINT('',(4.323501590198,0.899941055964));
#9977 = CARTESIAN_POINT('',(4.323239875846,0.912086914046));
#9978 = CARTESIAN_POINT('',(4.322977417395,0.924340890504));
#9979 = CARTESIAN_POINT('',(4.32271453796,0.936700454149));
#9980 = CARTESIAN_POINT('',(4.322451554737,0.949162918291));
#9981 = CARTESIAN_POINT('',(4.322188786163,0.961725367057));
#9982 = CARTESIAN_POINT('',(4.321926545155,0.974384850867));
#9983 = CARTESIAN_POINT('',(4.321665105254,0.987139032364));
#9984 = CARTESIAN_POINT('',(4.321491528734,0.995703056814));
#9985 = CARTESIAN_POINT('',(4.321404965306,0.999999928539));
#9986 = ( GEOMETRIC_REPRESENTATION_CONTEXT(2) 
PARAMETRIC_REPRESENTATION_CONTEXT() REPRESENTATION_CONTEXT('2D SPACE',''
  ) );
#9987 = PCURVE('',#5033,#9988);
#9988 = DEFINITIONAL_REPRESENTATION('',(#9989),#10081);
#9989 = B_SPLINE_CURVE_WITH_KNOTS('',3,(#9990,#9991,#9992,#9993,#9994,
    #9995,#9996,#9997,#9998,#9999,#10000,#10001,#10002,#10003,#10004,
    #10005,#10006,#10007,#10008,#10009,#10010,#10011,#10012,#10013,
    #10014,#10015,#10016,#10017,#10018,#10019,#10020,#10021,#10022,
    #10023,#10024,#10025,#10026,#10027,#10028,#10029,#10030,#10031,
    #10032,#10033,#10034,#10035,#10036,#10037,#10038,#10039,#10040,
    #10041,#10042,#10043,#10044,#10045,#10046,#10047,#10048,#10049,
    #10050,#10051,#10052,#10053,#10054,#10055,#10056,#10057,#10058,
    #10059,#10060,#10061,#10062,#10063,#10064,#10065,#10066,#10067,
    #10068,#10069,#10070,#10071,#10072,#10073,#10074,#10075,#10076,
    #10077,#10078,#10079,#10080),.UNSPECIFIED.,.F.,.F.,(4,1,1,1,1,1,1,1,
    1,1,1,1,1,1,1,1,1,1,1,1,1,1,1,1,1,1,1,1,1,1,1,1,1,1,1,1,1,1,1,1,1,1,
    1,1,1,1,1,1,1,1,1,1,1,1,1,1,1,1,1,1,1,1,1,1,1,1,1,1,1,1,1,1,1,1,1,1,
    1,1,1,1,1,1,1,1,1,1,1,1,4),(0.,2.13625054176E-05,4.27250108352E-05,
    6.40875162528E-05,8.54500216704E-05,1.06812527088E-04,
    1.281750325056E-04,1.495375379232E-04,1.709000433408E-04,
    1.922625487584E-04,2.13625054176E-04,2.349875595936E-04,
    2.563500650112E-04,2.777125704288E-04,2.990750758464E-04,
    3.20437581264E-04,3.418000866816E-04,3.631625920992E-04,
    3.845250975168E-04,4.058876029344E-04,4.27250108352E-04,
    4.486126137696E-04,4.699751191872E-04,4.913376246048E-04,
    5.127001300224E-04,5.3406263544E-04,5.554251408576E-04,
    5.767876462752E-04,5.981501516928E-04,6.195126571104E-04,
    6.40875162528E-04,6.622376679456E-04,6.836001733632E-04,
    7.049626787808E-04,7.263251841984E-04,7.47687689616E-04,
    7.690501950336E-04,7.904127004512E-04,8.117752058688E-04,
    8.331377112864E-04,8.54500216704E-04,8.758627221216E-04,
    8.972252275392E-04,9.185877329568E-04,9.399502383744E-04,
    9.61312743792E-04,9.826752492096E-04,1.004037754627E-03,
    1.025400260045E-03,1.046762765462E-03,1.06812527088E-03,
    1.089487776298E-03,1.110850281715E-03,1.132212787133E-03,
    1.15357529255E-03,1.174937797968E-03,1.196300303386E-03,
    1.217662808803E-03,1.239025314221E-03,1.260387819638E-03,
    1.281750325056E-03,1.303112830474E-03,1.324475335891E-03,
    1.345837841309E-03,1.367200346726E-03,1.388562852144E-03,
    1.409925357562E-03,1.431287862979E-03,1.452650368397E-03,
    1.474012873814E-03,1.495375379232E-03,1.51673788465E-03,
    1.538100390067E-03,1.559462895485E-03,1.580825400902E-03,
    1.60218790632E-03,1.623550411738E-03,1.644912917155E-03,
    1.666275422573E-03,1.68763792799E-03,1.709000433408E-03,
    1.730362938826E-03,1.751725444243E-03,1.773087949661E-03,
    1.794450455078E-03,1.815812960496E-03,1.837175465914E-03,
    1.858537971331E-03,1.879900476749E-03),.QUASI_UNIFORM_KNOTS.);
#9990 = CARTESIAN_POINT('',(4.308425821661,0.));
#9991 = CARTESIAN_POINT('',(4.308383884578,4.440131602007E-03));
#9992 = CARTESIAN_POINT('',(4.30830193341,1.32560710245E-02));
#9993 = CARTESIAN_POINT('',(4.308184818414,2.629813118444E-02));
#9994 = CARTESIAN_POINT('',(4.308073557838,3.916966543737E-02));
#9995 = CARTESIAN_POINT('',(4.307968194701,5.188129441383E-02));
#9996 = CARTESIAN_POINT('',(4.307868772203,6.444300708165E-02));
#9997 = CARTESIAN_POINT('',(4.307775332976,7.686622964309E-02));
#9998 = CARTESIAN_POINT('',(4.307687919918,8.916218467378E-02));
#9999 = CARTESIAN_POINT('',(4.307606575905,0.101341658351));
#10000 = CARTESIAN_POINT('',(4.307531343897,0.113414920006));
#10001 = CARTESIAN_POINT('',(4.307462266693,0.125393026578));
#10002 = CARTESIAN_POINT('',(4.307399387386,0.137287515598));
#10003 = CARTESIAN_POINT('',(4.307342748103,0.149106795637));
#10004 = CARTESIAN_POINT('',(4.307292426334,0.160849733866));
#10005 = CARTESIAN_POINT('',(4.307248501353,0.172518004207));
#10006 = CARTESIAN_POINT('',(4.307211052747,0.184112549142));
#10007 = CARTESIAN_POINT('',(4.307180161085,0.195634590449));
#10008 = CARTESIAN_POINT('',(4.307155905809,0.207085209247));
#10009 = CARTESIAN_POINT('',(4.30713836603,0.218465527906));
#10010 = CARTESIAN_POINT('',(4.30712762179,0.229776677619));
#10011 = CARTESIAN_POINT('',(4.30712375177,0.241019733688));
#10012 = CARTESIAN_POINT('',(4.307126838945,0.252195890323));
#10013 = CARTESIAN_POINT('',(4.307136949506,0.263305931581));
#10014 = CARTESIAN_POINT('',(4.307154213246,0.274352254559));
#10015 = CARTESIAN_POINT('',(4.307178679706,0.2853395396));
#10016 = CARTESIAN_POINT('',(4.307210333262,0.296270739053));
#10017 = CARTESIAN_POINT('',(4.307249173753,0.307149157464));
#10018 = CARTESIAN_POINT('',(4.30729519458,0.317977906943));
#10019 = CARTESIAN_POINT('',(4.30734838909,0.328760082339));
#10020 = CARTESIAN_POINT('',(4.307408746336,0.339498679645));
#10021 = CARTESIAN_POINT('',(4.307476262624,0.350196983529));
#10022 = CARTESIAN_POINT('',(4.30755093879,0.360858295569));
#10023 = CARTESIAN_POINT('',(4.30763277206,0.371485832812));
#10024 = CARTESIAN_POINT('',(4.30772175799,0.382082766367));
#10025 = CARTESIAN_POINT('',(4.3078178896,0.392652229686));
#10026 = CARTESIAN_POINT('',(4.307921158354,0.403197311118));
#10027 = CARTESIAN_POINT('',(4.308031550569,0.413721138431));
#10028 = CARTESIAN_POINT('',(4.30814906721,0.42422699799));
#10029 = CARTESIAN_POINT('',(4.308273709683,0.434718081069));
#10030 = CARTESIAN_POINT('',(4.308405476155,0.445197571347));
#10031 = CARTESIAN_POINT('',(4.308544362476,0.455668632407));
#10032 = CARTESIAN_POINT('',(4.308690361673,0.466134428689));
#10033 = CARTESIAN_POINT('',(4.308843464538,0.476598112096));
#10034 = CARTESIAN_POINT('',(4.3090036573,0.487062912133));
#10035 = CARTESIAN_POINT('',(4.309170941256,0.497531843838));
#10036 = CARTESIAN_POINT('',(4.309345325371,0.50800872825));
#10037 = CARTESIAN_POINT('',(4.309526681802,0.518496054674));
#10038 = CARTESIAN_POINT('',(4.309714859618,0.528995491903));
#10039 = CARTESIAN_POINT('',(4.309909708843,0.539508939626));
#10040 = CARTESIAN_POINT('',(4.310111074885,0.550038256046));
#10041 = CARTESIAN_POINT('',(4.310318796748,0.560585371819));
#10042 = CARTESIAN_POINT('',(4.310532722798,0.571152134915));
#10043 = CARTESIAN_POINT('',(4.310752709512,0.58174039656));
#10044 = CARTESIAN_POINT('',(4.310978607114,0.592352008758));
#10045 = CARTESIAN_POINT('',(4.311210262979,0.602988829195));
#10046 = CARTESIAN_POINT('',(4.311447520465,0.613652749395));
#10047 = CARTESIAN_POINT('',(4.311690220401,0.624345655413));
#10048 = CARTESIAN_POINT('',(4.311938218493,0.635069394923));
#10049 = CARTESIAN_POINT('',(4.312191366392,0.645825839025));
#10050 = CARTESIAN_POINT('',(4.312449512801,0.656616841917));
#10051 = CARTESIAN_POINT('',(4.312712503936,0.667444265173));
#10052 = CARTESIAN_POINT('',(4.312980180977,0.678309999701));
#10053 = CARTESIAN_POINT('',(4.313252393289,0.689215883862));
#10054 = CARTESIAN_POINT('',(4.313528993793,0.700163818914));
#10055 = CARTESIAN_POINT('',(4.313809833162,0.711155670316));
#10056 = CARTESIAN_POINT('',(4.314094753975,0.722193288778));
#10057 = CARTESIAN_POINT('',(4.314383619936,0.733278548323));
#10058 = CARTESIAN_POINT('',(4.314676205399,0.744413252282));
#10059 = CARTESIAN_POINT('',(4.314972332486,0.755604044731));
#10060 = CARTESIAN_POINT('',(4.315271909079,0.766857789971));
#10061 = CARTESIAN_POINT('',(4.315574818197,0.778181481593));
#10062 = CARTESIAN_POINT('',(4.315880947724,0.789582232087));
#10063 = CARTESIAN_POINT('',(4.316190182603,0.801067441673));
#10064 = CARTESIAN_POINT('',(4.316502413841,0.812643739005));
#10065 = CARTESIAN_POINT('',(4.31681753059,0.824317874279));
#10066 = CARTESIAN_POINT('',(4.317135421276,0.83609678333));
#10067 = CARTESIAN_POINT('',(4.31745597055,0.84798797216));
#10068 = CARTESIAN_POINT('',(4.317779070832,0.859997979888));
#10069 = CARTESIAN_POINT('',(4.318104593649,0.872135562525));
#10070 = CARTESIAN_POINT('',(4.318432124868,0.884399994178));
#10071 = CARTESIAN_POINT('',(4.318761273693,0.896787812166));
#10072 = CARTESIAN_POINT('',(4.31909164312,0.909296221014));
#10073 = CARTESIAN_POINT('',(4.319422840383,0.921922044603));
#10074 = CARTESIAN_POINT('',(4.319754467369,0.934662621342));
#10075 = CARTESIAN_POINT('',(4.320086127348,0.947515114491));
#10076 = CARTESIAN_POINT('',(4.320417426691,0.96047643229));
#10077 = CARTESIAN_POINT('',(4.320747972762,0.973543427265));
#10078 = CARTESIAN_POINT('',(4.321077365213,0.986713574151));
#10079 = CARTESIAN_POINT('',(4.321295928568,0.995560394625));
#10080 = CARTESIAN_POINT('',(4.321404886399,1.));
#10081 = ( GEOMETRIC_REPRESENTATION_CONTEXT(2) 
PARAMETRIC_REPRESENTATION_CONTEXT() REPRESENTATION_CONTEXT('2D SPACE',''
  ) );
#10082 = ORIENTED_EDGE('',*,*,#4979,.F.);
#10083 = ORIENTED_EDGE('',*,*,#9709,.T.);
#10084 = ADVANCED_FACE('',(#10085),#5033,.T.);
#10085 = FACE_BOUND('',#10086,.T.);
#10086 = EDGE_LOOP('',(#10087,#10088,#10089,#10090));
#10087 = ORIENTED_EDGE('',*,*,#5016,.T.);
#10088 = ORIENTED_EDGE('',*,*,#9828,.T.);
#10089 = ORIENTED_EDGE('',*,*,#5614,.T.);
#10090 = ORIENTED_EDGE('',*,*,#9559,.T.);
#10091 = ADVANCED_FACE('',(#10092),#5113,.F.);
#10092 = FACE_BOUND('',#10093,.F.);
#10093 = EDGE_LOOP('',(#10094,#10095,#10116,#10117));
#10094 = ORIENTED_EDGE('',*,*,#5094,.F.);
#10095 = ORIENTED_EDGE('',*,*,#10096,.T.);
#10096 = EDGE_CURVE('',#5095,#8011,#10097,.T.);
#10097 = SURFACE_CURVE('',#10098,(#10102,#10109),.PCURVE_S1.);
#10098 = LINE('',#10099,#10100);
#10099 = CARTESIAN_POINT('',(17.449432469795,48.799663340513,
    -5.212230887094));
#10100 = VECTOR('',#10101,1.);
#10101 = DIRECTION('',(1.,0.,0.));
#10102 = PCURVE('',#5113,#10103);
#10103 = DEFINITIONAL_REPRESENTATION('',(#10104),#10108);
#10104 = LINE('',#10105,#10106);
#10105 = CARTESIAN_POINT('',(2.34572251468,17.589380979816));
#10106 = VECTOR('',#10107,1.);
#10107 = DIRECTION('',(0.,1.));
#10108 = ( GEOMETRIC_REPRESENTATION_CONTEXT(2) 
PARAMETRIC_REPRESENTATION_CONTEXT() REPRESENTATION_CONTEXT('2D SPACE',''
  ) );
#10109 = PCURVE('',#5141,#10110);
#10110 = DEFINITIONAL_REPRESENTATION('',(#10111),#10115);
#10111 = LINE('',#10112,#10113);
#10112 = CARTESIAN_POINT('',(-17.58938097981,-1.021166378545));
#10113 = VECTOR('',#10114,1.);
#10114 = DIRECTION('',(-1.,8.489748638486E-17));
#10115 = ( GEOMETRIC_REPRESENTATION_CONTEXT(2) 
PARAMETRIC_REPRESENTATION_CONTEXT() REPRESENTATION_CONTEXT('2D SPACE',''
  ) );
#10116 = ORIENTED_EDGE('',*,*,#8008,.F.);
#10117 = ORIENTED_EDGE('',*,*,#10118,.F.);
#10118 = EDGE_CURVE('',#5097,#8009,#10119,.T.);
#10119 = SURFACE_CURVE('',#10120,(#10124,#10131),.PCURVE_S1.);
#10120 = LINE('',#10121,#10122);
#10121 = CARTESIAN_POINT('',(17.449432469795,48.799663340513,
    -3.783285527828));
#10122 = VECTOR('',#10123,1.);
#10123 = DIRECTION('',(1.,0.,0.));
#10124 = PCURVE('',#5113,#10125);
#10125 = DEFINITIONAL_REPRESENTATION('',(#10126),#10130);
#10126 = LINE('',#10127,#10128);
#10127 = CARTESIAN_POINT('',(-2.34572251468,17.589380979816));
#10128 = VECTOR('',#10129,1.);
#10129 = DIRECTION('',(0.,1.));
#10130 = ( GEOMETRIC_REPRESENTATION_CONTEXT(2) 
PARAMETRIC_REPRESENTATION_CONTEXT() REPRESENTATION_CONTEXT('2D SPACE',''
  ) );
#10131 = PCURVE('',#5167,#10132);
#10132 = DEFINITIONAL_REPRESENTATION('',(#10133),#10137);
#10133 = LINE('',#10134,#10135);
#10134 = CARTESIAN_POINT('',(17.589380979816,8.718683521527E-16));
#10135 = VECTOR('',#10136,1.);
#10136 = DIRECTION('',(1.,8.489748638486E-17));
#10137 = ( GEOMETRIC_REPRESENTATION_CONTEXT(2) 
PARAMETRIC_REPRESENTATION_CONTEXT() REPRESENTATION_CONTEXT('2D SPACE',''
  ) );
#10138 = ADVANCED_FACE('',(#10139),#5141,.F.);
#10139 = FACE_BOUND('',#10140,.T.);
#10140 = EDGE_LOOP('',(#10141,#10142,#10143,#10164));
#10141 = ORIENTED_EDGE('',*,*,#10096,.T.);
#10142 = ORIENTED_EDGE('',*,*,#8057,.T.);
#10143 = ORIENTED_EDGE('',*,*,#10144,.F.);
#10144 = EDGE_CURVE('',#5126,#8035,#10145,.T.);
#10145 = SURFACE_CURVE('',#10146,(#10150,#10157),.PCURVE_S1.);
#10146 = LINE('',#10147,#10148);
#10147 = CARTESIAN_POINT('',(17.449432469795,49.529258819343,
    -4.497758207461));
#10148 = VECTOR('',#10149,1.);
#10149 = DIRECTION('',(1.,0.,0.));
#10150 = PCURVE('',#5141,#10151);
#10151 = DEFINITIONAL_REPRESENTATION('',(#10152),#10156);
#10152 = LINE('',#10153,#10154);
#10153 = CARTESIAN_POINT('',(-17.58938097981,8.718683521527E-16));
#10154 = VECTOR('',#10155,1.);
#10155 = DIRECTION('',(-1.,8.489748638486E-17));
#10156 = ( GEOMETRIC_REPRESENTATION_CONTEXT(2) 
PARAMETRIC_REPRESENTATION_CONTEXT() REPRESENTATION_CONTEXT('2D SPACE',''
  ) );
#10157 = PCURVE('',#5167,#10158);
#10158 = DEFINITIONAL_REPRESENTATION('',(#10159),#10163);
#10159 = LINE('',#10160,#10161);
#10160 = CARTESIAN_POINT('',(17.589380979816,1.021166378545));
#10161 = VECTOR('',#10162,1.);
#10162 = DIRECTION('',(1.,8.489748638486E-17));
#10163 = ( GEOMETRIC_REPRESENTATION_CONTEXT(2) 
PARAMETRIC_REPRESENTATION_CONTEXT() REPRESENTATION_CONTEXT('2D SPACE',''
  ) );
#10164 = ORIENTED_EDGE('',*,*,#5125,.F.);
#10165 = ADVANCED_FACE('',(#10166),#5167,.F.);
#10166 = FACE_BOUND('',#10167,.T.);
#10167 = EDGE_LOOP('',(#10168,#10169,#10170,#10171));
#10168 = ORIENTED_EDGE('',*,*,#10144,.T.);
#10169 = ORIENTED_EDGE('',*,*,#8034,.T.);
#10170 = ORIENTED_EDGE('',*,*,#10118,.F.);
#10171 = ORIENTED_EDGE('',*,*,#5153,.F.);
#10172 = ADVANCED_FACE('',(#10173),#5253,.F.);
#10173 = FACE_BOUND('',#10174,.T.);
#10174 = EDGE_LOOP('',(#10175,#10176,#10177));
#10175 = ORIENTED_EDGE('',*,*,#5237,.F.);
#10176 = ORIENTED_EDGE('',*,*,#5417,.F.);
#10177 = ORIENTED_EDGE('',*,*,#5465,.F.);
#10178 = ADVANCED_FACE('',(#10179),#5557,.T.);
#10179 = FACE_BOUND('',#10180,.T.);
#10180 = EDGE_LOOP('',(#10181,#10211,#10233,#10234,#10235,#10258,#10286,
    #10314,#10342,#10370,#10398,#10426,#10454,#10482,#10510,#10531,
    #10532,#10555));
#10181 = ORIENTED_EDGE('',*,*,#10182,.F.);
#10182 = EDGE_CURVE('',#10183,#10185,#10187,.T.);
#10183 = VERTEX_POINT('',#10184);
#10184 = CARTESIAN_POINT('',(11.12837984781,58.1,58.4));
#10185 = VERTEX_POINT('',#10186);
#10186 = CARTESIAN_POINT('',(-11.12837984781,58.1,58.4));
#10187 = SURFACE_CURVE('',#10188,(#10192,#10199),.PCURVE_S1.);
#10188 = LINE('',#10189,#10190);
#10189 = CARTESIAN_POINT('',(11.12837984781,58.1,58.4));
#10190 = VECTOR('',#10191,1.);
#10191 = DIRECTION('',(-1.,0.,0.));
#10192 = PCURVE('',#5557,#10193);
#10193 = DEFINITIONAL_REPRESENTATION('',(#10194),#10198);
#10194 = LINE('',#10195,#10196);
#10195 = CARTESIAN_POINT('',(4.,0.));
#10196 = VECTOR('',#10197,1.);
#10197 = DIRECTION('',(0.,-1.));
#10198 = ( GEOMETRIC_REPRESENTATION_CONTEXT(2) 
PARAMETRIC_REPRESENTATION_CONTEXT() REPRESENTATION_CONTEXT('2D SPACE',''
  ) );
#10199 = PCURVE('',#10200,#10205);
#10200 = CYLINDRICAL_SURFACE('',#10201,1.);
#10201 = AXIS2_PLACEMENT_3D('',#10202,#10203,#10204);
#10202 = CARTESIAN_POINT('',(0.,57.1,58.4));
#10203 = DIRECTION('',(-1.,0.,0.));
#10204 = DIRECTION('',(0.,0.,1.));
#10205 = DEFINITIONAL_REPRESENTATION('',(#10206),#10210);
#10206 = LINE('',#10207,#10208);
#10207 = CARTESIAN_POINT('',(1.570796326795,-11.12837984781));
#10208 = VECTOR('',#10209,1.);
#10209 = DIRECTION('',(0.,1.));
#10210 = ( GEOMETRIC_REPRESENTATION_CONTEXT(2) 
PARAMETRIC_REPRESENTATION_CONTEXT() REPRESENTATION_CONTEXT('2D SPACE',''
  ) );
#10211 = ORIENTED_EDGE('',*,*,#10212,.T.);
#10212 = EDGE_CURVE('',#10183,#5711,#10213,.T.);
#10213 = SURFACE_CURVE('',#10214,(#10219,#10226),.PCURVE_S1.);
#10214 = CIRCLE('',#10215,4.);
#10215 = AXIS2_PLACEMENT_3D('',#10216,#10217,#10218);
#10216 = CARTESIAN_POINT('',(11.12837984781,58.1,54.4));
#10217 = DIRECTION('',(0.,1.,0.));
#10218 = DIRECTION('',(0.,-0.,1.));
#10219 = PCURVE('',#5557,#10220);
#10220 = DEFINITIONAL_REPRESENTATION('',(#10221),#10225);
#10221 = CIRCLE('',#10222,4.);
#10222 = AXIS2_PLACEMENT_2D('',#10223,#10224);
#10223 = CARTESIAN_POINT('',(0.,0.));
#10224 = DIRECTION('',(1.,0.));
#10225 = ( GEOMETRIC_REPRESENTATION_CONTEXT(2) 
PARAMETRIC_REPRESENTATION_CONTEXT() REPRESENTATION_CONTEXT('2D SPACE',''
  ) );
#10226 = PCURVE('',#5727,#10227);
#10227 = DEFINITIONAL_REPRESENTATION('',(#10228),#10232);
#10228 = LINE('',#10229,#10230);
#10229 = CARTESIAN_POINT('',(0.,1.570796326795));
#10230 = VECTOR('',#10231,1.);
#10231 = DIRECTION('',(1.,0.));
#10232 = ( GEOMETRIC_REPRESENTATION_CONTEXT(2) 
PARAMETRIC_REPRESENTATION_CONTEXT() REPRESENTATION_CONTEXT('2D SPACE',''
  ) );
#10233 = ORIENTED_EDGE('',*,*,#5741,.F.);
#10234 = ORIENTED_EDGE('',*,*,#5541,.F.);
#10235 = ORIENTED_EDGE('',*,*,#10236,.F.);
#10236 = EDGE_CURVE('',#10237,#5542,#10239,.T.);
#10237 = VERTEX_POINT('',#10238);
#10238 = CARTESIAN_POINT('',(17.704881344252,58.1,19.730389714064));
#10239 = SURFACE_CURVE('',#10240,(#10244,#10251),.PCURVE_S1.);
#10240 = LINE('',#10241,#10242);
#10241 = CARTESIAN_POINT('',(17.704881344252,58.1,19.730389714064));
#10242 = VECTOR('',#10243,1.);
#10243 = DIRECTION('',(0.130384063942,0.,-0.991463562553));
#10244 = PCURVE('',#5557,#10245);
#10245 = DEFINITIONAL_REPRESENTATION('',(#10246),#10250);
#10246 = LINE('',#10247,#10248);
#10247 = CARTESIAN_POINT('',(-34.66961028593,6.576501496442));
#10248 = VECTOR('',#10249,1.);
#10249 = DIRECTION('',(-0.991463562553,0.130384063942));
#10250 = ( GEOMETRIC_REPRESENTATION_CONTEXT(2) 
PARAMETRIC_REPRESENTATION_CONTEXT() REPRESENTATION_CONTEXT('2D SPACE',''
  ) );
#10251 = PCURVE('',#9697,#10252);
#10252 = DEFINITIONAL_REPRESENTATION('',(#10253),#10257);
#10253 = LINE('',#10254,#10255);
#10254 = CARTESIAN_POINT('',(1.570796326795,-5.64497428475));
#10255 = VECTOR('',#10256,1.);
#10256 = DIRECTION('',(1.098172130317E-15,1.));
#10257 = ( GEOMETRIC_REPRESENTATION_CONTEXT(2) 
PARAMETRIC_REPRESENTATION_CONTEXT() REPRESENTATION_CONTEXT('2D SPACE',''
  ) );
#10258 = ORIENTED_EDGE('',*,*,#10259,.F.);
#10259 = EDGE_CURVE('',#10260,#10237,#10262,.T.);
#10260 = VERTEX_POINT('',#10261);
#10261 = CARTESIAN_POINT('',(15.347764535211,58.1,19.524168714667));
#10262 = SURFACE_CURVE('',#10263,(#10267,#10274),.PCURVE_S1.);
#10263 = LINE('',#10264,#10265);
#10264 = CARTESIAN_POINT('',(15.347764535211,58.1,19.524168714667));
#10265 = VECTOR('',#10266,1.);
#10266 = DIRECTION('',(0.996194698092,0.,8.715574274766E-02));
#10267 = PCURVE('',#5557,#10268);
#10268 = DEFINITIONAL_REPRESENTATION('',(#10269),#10273);
#10269 = LINE('',#10270,#10271);
#10270 = CARTESIAN_POINT('',(-34.87583128533,4.219384687401));
#10271 = VECTOR('',#10272,1.);
#10272 = DIRECTION('',(8.715574274766E-02,0.996194698092));
#10273 = ( GEOMETRIC_REPRESENTATION_CONTEXT(2) 
PARAMETRIC_REPRESENTATION_CONTEXT() REPRESENTATION_CONTEXT('2D SPACE',''
  ) );
#10274 = PCURVE('',#10275,#10280);
#10275 = CYLINDRICAL_SURFACE('',#10276,1.);
#10276 = AXIS2_PLACEMENT_3D('',#10277,#10278,#10279);
#10277 = CARTESIAN_POINT('',(16.751095537693,57.1,19.646944268558));
#10278 = DIRECTION('',(0.996194698092,0.,8.715574274766E-02));
#10279 = DIRECTION('',(8.715574274766E-02,0.,-0.996194698092));
#10280 = DEFINITIONAL_REPRESENTATION('',(#10281),#10285);
#10281 = LINE('',#10282,#10283);
#10282 = CARTESIAN_POINT('',(1.570796326795,-1.408691498931));
#10283 = VECTOR('',#10284,1.);
#10284 = DIRECTION('',(0.,1.));
#10285 = ( GEOMETRIC_REPRESENTATION_CONTEXT(2) 
PARAMETRIC_REPRESENTATION_CONTEXT() REPRESENTATION_CONTEXT('2D SPACE',''
  ) );
#10286 = ORIENTED_EDGE('',*,*,#10287,.F.);
#10287 = EDGE_CURVE('',#10288,#10260,#10290,.T.);
#10288 = VERTEX_POINT('',#10289);
#10289 = CARTESIAN_POINT('',(15.347764535211,58.1,37.654324266979));
#10290 = SURFACE_CURVE('',#10291,(#10295,#10302),.PCURVE_S1.);
#10291 = LINE('',#10292,#10293);
#10292 = CARTESIAN_POINT('',(15.347764535211,58.1,37.654324266979));
#10293 = VECTOR('',#10294,1.);
#10294 = DIRECTION('',(0.,0.,-1.));
#10295 = PCURVE('',#5557,#10296);
#10296 = DEFINITIONAL_REPRESENTATION('',(#10297),#10301);
#10297 = LINE('',#10298,#10299);
#10298 = CARTESIAN_POINT('',(-16.74567573302,4.219384687401));
#10299 = VECTOR('',#10300,1.);
#10300 = DIRECTION('',(-1.,0.));
#10301 = ( GEOMETRIC_REPRESENTATION_CONTEXT(2) 
PARAMETRIC_REPRESENTATION_CONTEXT() REPRESENTATION_CONTEXT('2D SPACE',''
  ) );
#10302 = PCURVE('',#10303,#10308);
#10303 = CYLINDRICAL_SURFACE('',#10304,1.);
#10304 = AXIS2_PLACEMENT_3D('',#10305,#10306,#10307);
#10305 = CARTESIAN_POINT('',(15.347764535211,57.1,18.432860213597));
#10306 = DIRECTION('',(0.,0.,-1.));
#10307 = DIRECTION('',(-1.,0.,0.));
#10308 = DEFINITIONAL_REPRESENTATION('',(#10309),#10313);
#10309 = LINE('',#10310,#10311);
#10310 = CARTESIAN_POINT('',(1.570796326795,-19.22146405338));
#10311 = VECTOR('',#10312,1.);
#10312 = DIRECTION('',(0.,1.));
#10313 = ( GEOMETRIC_REPRESENTATION_CONTEXT(2) 
PARAMETRIC_REPRESENTATION_CONTEXT() REPRESENTATION_CONTEXT('2D SPACE',''
  ) );
#10314 = ORIENTED_EDGE('',*,*,#10315,.F.);
#10315 = EDGE_CURVE('',#10316,#10288,#10318,.T.);
#10316 = VERTEX_POINT('',#10317);
#10317 = CARTESIAN_POINT('',(13.347193714136,58.1,52.867019848237));
#10318 = SURFACE_CURVE('',#10319,(#10323,#10330),.PCURVE_S1.);
#10319 = LINE('',#10320,#10321);
#10320 = CARTESIAN_POINT('',(13.347193714136,58.1,52.867019848237));
#10321 = VECTOR('',#10322,1.);
#10322 = DIRECTION('',(0.130384063942,0.,-0.991463562553));
#10323 = PCURVE('',#5557,#10324);
#10324 = DEFINITIONAL_REPRESENTATION('',(#10325),#10329);
#10325 = LINE('',#10326,#10327);
#10326 = CARTESIAN_POINT('',(-1.532980151763,2.218813866326));
#10327 = VECTOR('',#10328,1.);
#10328 = DIRECTION('',(-0.991463562553,0.130384063942));
#10329 = ( GEOMETRIC_REPRESENTATION_CONTEXT(2) 
PARAMETRIC_REPRESENTATION_CONTEXT() REPRESENTATION_CONTEXT('2D SPACE',''
  ) );
#10330 = PCURVE('',#10331,#10336);
#10331 = CYLINDRICAL_SURFACE('',#10332,1.);
#10332 = AXIS2_PLACEMENT_3D('',#10333,#10334,#10335);
#10333 = CARTESIAN_POINT('',(15.339228097764,57.1,37.719236852359));
#10334 = DIRECTION('',(0.130384063942,0.,-0.991463562553));
#10335 = DIRECTION('',(-0.991463562553,0.,-0.130384063942));
#10336 = DEFINITIONAL_REPRESENTATION('',(#10337),#10341);
#10337 = LINE('',#10338,#10339);
#10338 = CARTESIAN_POINT('',(1.570796326795,-15.27820443232));
#10339 = VECTOR('',#10340,1.);
#10340 = DIRECTION('',(0.,1.));
#10341 = ( GEOMETRIC_REPRESENTATION_CONTEXT(2) 
PARAMETRIC_REPRESENTATION_CONTEXT() REPRESENTATION_CONTEXT('2D SPACE',''
  ) );
#10342 = ORIENTED_EDGE('',*,*,#10343,.F.);
#10343 = EDGE_CURVE('',#10344,#10316,#10346,.T.);
#10344 = VERTEX_POINT('',#10345);
#10345 = CARTESIAN_POINT('',(9.814213562373,58.1,56.4));
#10346 = SURFACE_CURVE('',#10347,(#10351,#10358),.PCURVE_S1.);
#10347 = LINE('',#10348,#10349);
#10348 = CARTESIAN_POINT('',(9.814213562373,58.1,56.4));
#10349 = VECTOR('',#10350,1.);
#10350 = DIRECTION('',(0.707106781187,0.,-0.707106781187));
#10351 = PCURVE('',#5557,#10352);
#10352 = DEFINITIONAL_REPRESENTATION('',(#10353),#10357);
#10353 = LINE('',#10354,#10355);
#10354 = CARTESIAN_POINT('',(2.,-1.314166285437));
#10355 = VECTOR('',#10356,1.);
#10356 = DIRECTION('',(-0.707106781187,0.707106781187));
#10357 = ( GEOMETRIC_REPRESENTATION_CONTEXT(2) 
PARAMETRIC_REPRESENTATION_CONTEXT() REPRESENTATION_CONTEXT('2D SPACE',''
  ) );
#10358 = PCURVE('',#10359,#10364);
#10359 = CYLINDRICAL_SURFACE('',#10360,1.);
#10360 = AXIS2_PLACEMENT_3D('',#10361,#10362,#10363);
#10361 = CARTESIAN_POINT('',(10.107106781187,57.1,56.107106781187));
#10362 = DIRECTION('',(0.707106781187,0.,-0.707106781187));
#10363 = DIRECTION('',(-0.707106781187,0.,-0.707106781187));
#10364 = DEFINITIONAL_REPRESENTATION('',(#10365),#10369);
#10365 = LINE('',#10366,#10367);
#10366 = CARTESIAN_POINT('',(1.570796326795,-0.414213562373));
#10367 = VECTOR('',#10368,1.);
#10368 = DIRECTION('',(0.,1.));
#10369 = ( GEOMETRIC_REPRESENTATION_CONTEXT(2) 
PARAMETRIC_REPRESENTATION_CONTEXT() REPRESENTATION_CONTEXT('2D SPACE',''
  ) );
#10370 = ORIENTED_EDGE('',*,*,#10371,.F.);
#10371 = EDGE_CURVE('',#10372,#10344,#10374,.T.);
#10372 = VERTEX_POINT('',#10373);
#10373 = CARTESIAN_POINT('',(-9.814213562373,58.1,56.4));
#10374 = SURFACE_CURVE('',#10375,(#10379,#10386),.PCURVE_S1.);
#10375 = LINE('',#10376,#10377);
#10376 = CARTESIAN_POINT('',(-9.814213562373,58.1,56.4));
#10377 = VECTOR('',#10378,1.);
#10378 = DIRECTION('',(1.,0.,0.));
#10379 = PCURVE('',#5557,#10380);
#10380 = DEFINITIONAL_REPRESENTATION('',(#10381),#10385);
#10381 = LINE('',#10382,#10383);
#10382 = CARTESIAN_POINT('',(2.,-20.94259341018));
#10383 = VECTOR('',#10384,1.);
#10384 = DIRECTION('',(0.,1.));
#10385 = ( GEOMETRIC_REPRESENTATION_CONTEXT(2) 
PARAMETRIC_REPRESENTATION_CONTEXT() REPRESENTATION_CONTEXT('2D SPACE',''
  ) );
#10386 = PCURVE('',#10387,#10392);
#10387 = CYLINDRICAL_SURFACE('',#10388,1.);
#10388 = AXIS2_PLACEMENT_3D('',#10389,#10390,#10391);
#10389 = CARTESIAN_POINT('',(9.4,57.1,56.4));
#10390 = DIRECTION('',(1.,0.,0.));
#10391 = DIRECTION('',(0.,0.,-1.));
#10392 = DEFINITIONAL_REPRESENTATION('',(#10393),#10397);
#10393 = LINE('',#10394,#10395);
#10394 = CARTESIAN_POINT('',(1.570796326795,-19.21421356237));
#10395 = VECTOR('',#10396,1.);
#10396 = DIRECTION('',(0.,1.));
#10397 = ( GEOMETRIC_REPRESENTATION_CONTEXT(2) 
PARAMETRIC_REPRESENTATION_CONTEXT() REPRESENTATION_CONTEXT('2D SPACE',''
  ) );
#10398 = ORIENTED_EDGE('',*,*,#10399,.T.);
#10399 = EDGE_CURVE('',#10372,#10400,#10402,.T.);
#10400 = VERTEX_POINT('',#10401);
#10401 = CARTESIAN_POINT('',(-13.34719371413,58.1,52.867019848237));
#10402 = SURFACE_CURVE('',#10403,(#10407,#10414),.PCURVE_S1.);
#10403 = LINE('',#10404,#10405);
#10404 = CARTESIAN_POINT('',(-9.814213562373,58.1,56.4));
#10405 = VECTOR('',#10406,1.);
#10406 = DIRECTION('',(-0.707106781187,0.,-0.707106781187));
#10407 = PCURVE('',#5557,#10408);
#10408 = DEFINITIONAL_REPRESENTATION('',(#10409),#10413);
#10409 = LINE('',#10410,#10411);
#10410 = CARTESIAN_POINT('',(2.,-20.94259341018));
#10411 = VECTOR('',#10412,1.);
#10412 = DIRECTION('',(-0.707106781187,-0.707106781187));
#10413 = ( GEOMETRIC_REPRESENTATION_CONTEXT(2) 
PARAMETRIC_REPRESENTATION_CONTEXT() REPRESENTATION_CONTEXT('2D SPACE',''
  ) );
#10414 = PCURVE('',#10415,#10420);
#10415 = CYLINDRICAL_SURFACE('',#10416,1.);
#10416 = AXIS2_PLACEMENT_3D('',#10417,#10418,#10419);
#10417 = CARTESIAN_POINT('',(-10.10710678118,57.1,56.107106781187));
#10418 = DIRECTION('',(0.707106781187,0.,0.707106781187));
#10419 = DIRECTION('',(0.707106781187,0.,-0.707106781187));
#10420 = DEFINITIONAL_REPRESENTATION('',(#10421),#10425);
#10421 = LINE('',#10422,#10423);
#10422 = CARTESIAN_POINT('',(1.570796326795,0.414213562373));
#10423 = VECTOR('',#10424,1.);
#10424 = DIRECTION('',(0.,-1.));
#10425 = ( GEOMETRIC_REPRESENTATION_CONTEXT(2) 
PARAMETRIC_REPRESENTATION_CONTEXT() REPRESENTATION_CONTEXT('2D SPACE',''
  ) );
#10426 = ORIENTED_EDGE('',*,*,#10427,.T.);
#10427 = EDGE_CURVE('',#10400,#10428,#10430,.T.);
#10428 = VERTEX_POINT('',#10429);
#10429 = CARTESIAN_POINT('',(-15.34776453521,58.1,37.654324266979));
#10430 = SURFACE_CURVE('',#10431,(#10435,#10442),.PCURVE_S1.);
#10431 = LINE('',#10432,#10433);
#10432 = CARTESIAN_POINT('',(-13.34719371413,58.1,52.867019848237));
#10433 = VECTOR('',#10434,1.);
#10434 = DIRECTION('',(-0.130384063942,0.,-0.991463562553));
#10435 = PCURVE('',#5557,#10436);
#10436 = DEFINITIONAL_REPRESENTATION('',(#10437),#10441);
#10437 = LINE('',#10438,#10439);
#10438 = CARTESIAN_POINT('',(-1.532980151763,-24.47557356194));
#10439 = VECTOR('',#10440,1.);
#10440 = DIRECTION('',(-0.991463562553,-0.130384063942));
#10441 = ( GEOMETRIC_REPRESENTATION_CONTEXT(2) 
PARAMETRIC_REPRESENTATION_CONTEXT() REPRESENTATION_CONTEXT('2D SPACE',''
  ) );
#10442 = PCURVE('',#10443,#10448);
#10443 = CYLINDRICAL_SURFACE('',#10444,1.);
#10444 = AXIS2_PLACEMENT_3D('',#10445,#10446,#10447);
#10445 = CARTESIAN_POINT('',(-15.33922809776,57.1,37.719236852359));
#10446 = DIRECTION('',(0.130384063942,0.,0.991463562553));
#10447 = DIRECTION('',(0.991463562553,0.,-0.130384063942));
#10448 = DEFINITIONAL_REPRESENTATION('',(#10449),#10453);
#10449 = LINE('',#10450,#10451);
#10450 = CARTESIAN_POINT('',(1.570796326795,15.27820443232));
#10451 = VECTOR('',#10452,1.);
#10452 = DIRECTION('',(0.,-1.));
#10453 = ( GEOMETRIC_REPRESENTATION_CONTEXT(2) 
PARAMETRIC_REPRESENTATION_CONTEXT() REPRESENTATION_CONTEXT('2D SPACE',''
  ) );
#10454 = ORIENTED_EDGE('',*,*,#10455,.T.);
#10455 = EDGE_CURVE('',#10428,#10456,#10458,.T.);
#10456 = VERTEX_POINT('',#10457);
#10457 = CARTESIAN_POINT('',(-15.34776453521,58.1,19.524168714667));
#10458 = SURFACE_CURVE('',#10459,(#10463,#10470),.PCURVE_S1.);
#10459 = LINE('',#10460,#10461);
#10460 = CARTESIAN_POINT('',(-15.34776453521,58.1,37.654324266979));
#10461 = VECTOR('',#10462,1.);
#10462 = DIRECTION('',(0.,0.,-1.));
#10463 = PCURVE('',#5557,#10464);
#10464 = DEFINITIONAL_REPRESENTATION('',(#10465),#10469);
#10465 = LINE('',#10466,#10467);
#10466 = CARTESIAN_POINT('',(-16.74567573302,-26.47614438302));
#10467 = VECTOR('',#10468,1.);
#10468 = DIRECTION('',(-1.,0.));
#10469 = ( GEOMETRIC_REPRESENTATION_CONTEXT(2) 
PARAMETRIC_REPRESENTATION_CONTEXT() REPRESENTATION_CONTEXT('2D SPACE',''
  ) );
#10470 = PCURVE('',#10471,#10476);
#10471 = CYLINDRICAL_SURFACE('',#10472,1.);
#10472 = AXIS2_PLACEMENT_3D('',#10473,#10474,#10475);
#10473 = CARTESIAN_POINT('',(-15.34776453521,57.1,18.432860213597));
#10474 = DIRECTION('',(0.,0.,1.));
#10475 = DIRECTION('',(1.,0.,-0.));
#10476 = DEFINITIONAL_REPRESENTATION('',(#10477),#10481);
#10477 = LINE('',#10478,#10479);
#10478 = CARTESIAN_POINT('',(1.570796326795,19.221464053381));
#10479 = VECTOR('',#10480,1.);
#10480 = DIRECTION('',(0.,-1.));
#10481 = ( GEOMETRIC_REPRESENTATION_CONTEXT(2) 
PARAMETRIC_REPRESENTATION_CONTEXT() REPRESENTATION_CONTEXT('2D SPACE',''
  ) );
#10482 = ORIENTED_EDGE('',*,*,#10483,.T.);
#10483 = EDGE_CURVE('',#10456,#10484,#10486,.T.);
#10484 = VERTEX_POINT('',#10485);
#10485 = CARTESIAN_POINT('',(-17.70488134425,58.1,19.730389714064));
#10486 = SURFACE_CURVE('',#10487,(#10491,#10498),.PCURVE_S1.);
#10487 = LINE('',#10488,#10489);
#10488 = CARTESIAN_POINT('',(-15.34776453521,58.1,19.524168714667));
#10489 = VECTOR('',#10490,1.);
#10490 = DIRECTION('',(-0.996194698092,0.,8.715574274766E-02));
#10491 = PCURVE('',#5557,#10492);
#10492 = DEFINITIONAL_REPRESENTATION('',(#10493),#10497);
#10493 = LINE('',#10494,#10495);
#10494 = CARTESIAN_POINT('',(-34.87583128533,-26.47614438302));
#10495 = VECTOR('',#10496,1.);
#10496 = DIRECTION('',(8.715574274766E-02,-0.996194698092));
#10497 = ( GEOMETRIC_REPRESENTATION_CONTEXT(2) 
PARAMETRIC_REPRESENTATION_CONTEXT() REPRESENTATION_CONTEXT('2D SPACE',''
  ) );
#10498 = PCURVE('',#10499,#10504);
#10499 = CYLINDRICAL_SURFACE('',#10500,1.);
#10500 = AXIS2_PLACEMENT_3D('',#10501,#10502,#10503);
#10501 = CARTESIAN_POINT('',(-16.75109553769,57.1,19.646944268558));
#10502 = DIRECTION('',(0.996194698092,0.,-8.715574274766E-02));
#10503 = DIRECTION('',(-8.715574274766E-02,0.,-0.996194698092));
#10504 = DEFINITIONAL_REPRESENTATION('',(#10505),#10509);
#10505 = LINE('',#10506,#10507);
#10506 = CARTESIAN_POINT('',(1.570796326795,1.408691498931));
#10507 = VECTOR('',#10508,1.);
#10508 = DIRECTION('',(0.,-1.));
#10509 = ( GEOMETRIC_REPRESENTATION_CONTEXT(2) 
PARAMETRIC_REPRESENTATION_CONTEXT() REPRESENTATION_CONTEXT('2D SPACE',''
  ) );
#10510 = ORIENTED_EDGE('',*,*,#10511,.T.);
#10511 = EDGE_CURVE('',#10484,#8606,#10512,.T.);
#10512 = SURFACE_CURVE('',#10513,(#10517,#10524),.PCURVE_S1.);
#10513 = LINE('',#10514,#10515);
#10514 = CARTESIAN_POINT('',(-17.70488134425,58.1,19.730389714064));
#10515 = VECTOR('',#10516,1.);
#10516 = DIRECTION('',(-0.130384063942,0.,-0.991463562553));
#10517 = PCURVE('',#5557,#10518);
#10518 = DEFINITIONAL_REPRESENTATION('',(#10519),#10523);
#10519 = LINE('',#10520,#10521);
#10520 = CARTESIAN_POINT('',(-34.66961028593,-28.83326119206));
#10521 = VECTOR('',#10522,1.);
#10522 = DIRECTION('',(-0.991463562553,-0.130384063942));
#10523 = ( GEOMETRIC_REPRESENTATION_CONTEXT(2) 
PARAMETRIC_REPRESENTATION_CONTEXT() REPRESENTATION_CONTEXT('2D SPACE',''
  ) );
#10524 = PCURVE('',#9140,#10525);
#10525 = DEFINITIONAL_REPRESENTATION('',(#10526),#10530);
#10526 = LINE('',#10527,#10528);
#10527 = CARTESIAN_POINT('',(1.570796326795,5.64497428475));
#10528 = VECTOR('',#10529,1.);
#10529 = DIRECTION('',(1.098172130317E-15,-1.));
#10530 = ( GEOMETRIC_REPRESENTATION_CONTEXT(2) 
PARAMETRIC_REPRESENTATION_CONTEXT() REPRESENTATION_CONTEXT('2D SPACE',''
  ) );
#10531 = ORIENTED_EDGE('',*,*,#8652,.T.);
#10532 = ORIENTED_EDGE('',*,*,#10533,.T.);
#10533 = EDGE_CURVE('',#8653,#10534,#10536,.T.);
#10534 = VERTEX_POINT('',#10535);
#10535 = CARTESIAN_POINT('',(-15.09481068394,58.1,54.917132886337));
#10536 = SURFACE_CURVE('',#10537,(#10541,#10548),.PCURVE_S1.);
#10537 = LINE('',#10538,#10539);
#10538 = CARTESIAN_POINT('',(-20.55217232294,58.1,13.058941189766));
#10539 = VECTOR('',#10540,1.);
#10540 = DIRECTION('',(0.129283221584,0.,0.991607709035));
#10541 = PCURVE('',#5557,#10542);
#10542 = DEFINITIONAL_REPRESENTATION('',(#10543),#10547);
#10543 = LINE('',#10544,#10545);
#10544 = CARTESIAN_POINT('',(-41.34105881023,-31.68055217075));
#10545 = VECTOR('',#10546,1.);
#10546 = DIRECTION('',(0.991607709035,0.129283221584));
#10547 = ( GEOMETRIC_REPRESENTATION_CONTEXT(2) 
PARAMETRIC_REPRESENTATION_CONTEXT() REPRESENTATION_CONTEXT('2D SPACE',''
  ) );
#10548 = PCURVE('',#8247,#10549);
#10549 = DEFINITIONAL_REPRESENTATION('',(#10550),#10554);
#10550 = LINE('',#10551,#10552);
#10551 = CARTESIAN_POINT('',(1.570796326795,42.212450866607));
#10552 = VECTOR('',#10553,1.);
#10553 = DIRECTION('',(8.416269621556E-17,-1.));
#10554 = ( GEOMETRIC_REPRESENTATION_CONTEXT(2) 
PARAMETRIC_REPRESENTATION_CONTEXT() REPRESENTATION_CONTEXT('2D SPACE',''
  ) );
#10555 = ORIENTED_EDGE('',*,*,#10556,.F.);
#10556 = EDGE_CURVE('',#10185,#10534,#10557,.T.);
#10557 = SURFACE_CURVE('',#10558,(#10563,#10574),.PCURVE_S1.);
#10558 = CIRCLE('',#10559,4.);
#10559 = AXIS2_PLACEMENT_3D('',#10560,#10561,#10562);
#10560 = CARTESIAN_POINT('',(-11.12837984781,58.1,54.4));
#10561 = DIRECTION('',(0.,-1.,0.));
#10562 = DIRECTION('',(0.,0.,1.));
#10563 = PCURVE('',#5557,#10564);
#10564 = DEFINITIONAL_REPRESENTATION('',(#10565),#10573);
#10565 = ( BOUNDED_CURVE() B_SPLINE_CURVE(2,(#10566,#10567,#10568,#10569
    ,#10570,#10571,#10572),.UNSPECIFIED.,.T.,.F.) 
B_SPLINE_CURVE_WITH_KNOTS((1,2,2,2,2,1),(-2.094395102393,0.,
    2.094395102393,4.188790204786,6.28318530718,8.377580409573),
.UNSPECIFIED.) CURVE() GEOMETRIC_REPRESENTATION_ITEM() 
RATIONAL_B_SPLINE_CURVE((1.,0.5,1.,0.5,1.,0.5,1.)) REPRESENTATION_ITEM(
  '') );
#10566 = CARTESIAN_POINT('',(4.,-22.25675969562));
#10567 = CARTESIAN_POINT('',(4.,-29.18496292589));
#10568 = CARTESIAN_POINT('',(-2.,-25.72086131075));
#10569 = CARTESIAN_POINT('',(-8.,-22.25675969562));
#10570 = CARTESIAN_POINT('',(-2.,-18.79265808048));
#10571 = CARTESIAN_POINT('',(4.,-15.32855646534));
#10572 = CARTESIAN_POINT('',(4.,-22.25675969562));
#10573 = ( GEOMETRIC_REPRESENTATION_CONTEXT(2) 
PARAMETRIC_REPRESENTATION_CONTEXT() REPRESENTATION_CONTEXT('2D SPACE',''
  ) );
#10574 = PCURVE('',#10575,#10580);
#10575 = TOROIDAL_SURFACE('',#10576,4.,1.);
#10576 = AXIS2_PLACEMENT_3D('',#10577,#10578,#10579);
#10577 = CARTESIAN_POINT('',(-11.12837984781,57.1,54.4));
#10578 = DIRECTION('',(0.,1.,0.));
#10579 = DIRECTION('',(0.,-0.,1.));
#10580 = DEFINITIONAL_REPRESENTATION('',(#10581),#10585);
#10581 = LINE('',#10582,#10583);
#10582 = CARTESIAN_POINT('',(6.28318530718,1.570796326795));
#10583 = VECTOR('',#10584,1.);
#10584 = DIRECTION('',(-1.,0.));
#10585 = ( GEOMETRIC_REPRESENTATION_CONTEXT(2) 
PARAMETRIC_REPRESENTATION_CONTEXT() REPRESENTATION_CONTEXT('2D SPACE',''
  ) );
#10586 = ADVANCED_FACE('',(#10587),#5727,.T.);
#10587 = FACE_BOUND('',#10588,.T.);
#10588 = EDGE_LOOP('',(#10589,#10611,#10612,#10613));
#10589 = ORIENTED_EDGE('',*,*,#10590,.T.);
#10590 = EDGE_CURVE('',#10183,#5767,#10591,.T.);
#10591 = SURFACE_CURVE('',#10592,(#10597,#10604),.PCURVE_S1.);
#10592 = CIRCLE('',#10593,1.);
#10593 = AXIS2_PLACEMENT_3D('',#10594,#10595,#10596);
#10594 = CARTESIAN_POINT('',(11.12837984781,57.1,58.4));
#10595 = DIRECTION('',(1.,0.,0.));
#10596 = DIRECTION('',(0.,0.,-1.));
#10597 = PCURVE('',#5727,#10598);
#10598 = DEFINITIONAL_REPRESENTATION('',(#10599),#10603);
#10599 = LINE('',#10600,#10601);
#10600 = CARTESIAN_POINT('',(0.,3.14159265359));
#10601 = VECTOR('',#10602,1.);
#10602 = DIRECTION('',(0.,-1.));
#10603 = ( GEOMETRIC_REPRESENTATION_CONTEXT(2) 
PARAMETRIC_REPRESENTATION_CONTEXT() REPRESENTATION_CONTEXT('2D SPACE',''
  ) );
#10604 = PCURVE('',#10200,#10605);
#10605 = DEFINITIONAL_REPRESENTATION('',(#10606),#10610);
#10606 = LINE('',#10607,#10608);
#10607 = CARTESIAN_POINT('',(3.14159265359,-11.12837984781));
#10608 = VECTOR('',#10609,1.);
#10609 = DIRECTION('',(-1.,0.));
#10610 = ( GEOMETRIC_REPRESENTATION_CONTEXT(2) 
PARAMETRIC_REPRESENTATION_CONTEXT() REPRESENTATION_CONTEXT('2D SPACE',''
  ) );
#10611 = ORIENTED_EDGE('',*,*,#5766,.T.);
#10612 = ORIENTED_EDGE('',*,*,#5710,.F.);
#10613 = ORIENTED_EDGE('',*,*,#10212,.F.);
#10614 = ADVANCED_FACE('',(#10615,#10685),#5806,.T.);
#10615 = FACE_BOUND('',#10616,.T.);
#10616 = EDGE_LOOP('',(#10617,#10640,#10641,#10664));
#10617 = ORIENTED_EDGE('',*,*,#10618,.F.);
#10618 = EDGE_CURVE('',#5791,#10619,#10621,.T.);
#10619 = VERTEX_POINT('',#10620);
#10620 = CARTESIAN_POINT('',(-11.12837984781,39.1,59.4));
#10621 = SURFACE_CURVE('',#10622,(#10626,#10633),.PCURVE_S1.);
#10622 = LINE('',#10623,#10624);
#10623 = CARTESIAN_POINT('',(11.12837984781,39.1,59.4));
#10624 = VECTOR('',#10625,1.);
#10625 = DIRECTION('',(-1.,0.,0.));
#10626 = PCURVE('',#5806,#10627);
#10627 = DEFINITIONAL_REPRESENTATION('',(#10628),#10632);
#10628 = LINE('',#10629,#10630);
#10629 = CARTESIAN_POINT('',(11.12837984781,-19.));
#10630 = VECTOR('',#10631,1.);
#10631 = DIRECTION('',(-1.,0.));
#10632 = ( GEOMETRIC_REPRESENTATION_CONTEXT(2) 
PARAMETRIC_REPRESENTATION_CONTEXT() REPRESENTATION_CONTEXT('2D SPACE',''
  ) );
#10633 = PCURVE('',#7475,#10634);
#10634 = DEFINITIONAL_REPRESENTATION('',(#10635),#10639);
#10635 = LINE('',#10636,#10637);
#10636 = CARTESIAN_POINT('',(6.28318530718,-11.12837984781));
#10637 = VECTOR('',#10638,1.);
#10638 = DIRECTION('',(0.,1.));
#10639 = ( GEOMETRIC_REPRESENTATION_CONTEXT(2) 
PARAMETRIC_REPRESENTATION_CONTEXT() REPRESENTATION_CONTEXT('2D SPACE',''
  ) );
#10640 = ORIENTED_EDGE('',*,*,#5790,.F.);
#10641 = ORIENTED_EDGE('',*,*,#10642,.F.);
#10642 = EDGE_CURVE('',#10643,#5767,#10645,.T.);
#10643 = VERTEX_POINT('',#10644);
#10644 = CARTESIAN_POINT('',(-11.12837984781,57.1,59.4));
#10645 = SURFACE_CURVE('',#10646,(#10650,#10657),.PCURVE_S1.);
#10646 = LINE('',#10647,#10648);
#10647 = CARTESIAN_POINT('',(-11.12837984781,57.1,59.4));
#10648 = VECTOR('',#10649,1.);
#10649 = DIRECTION('',(1.,0.,0.));
#10650 = PCURVE('',#5806,#10651);
#10651 = DEFINITIONAL_REPRESENTATION('',(#10652),#10656);
#10652 = LINE('',#10653,#10654);
#10653 = CARTESIAN_POINT('',(-11.12837984781,-1.));
#10654 = VECTOR('',#10655,1.);
#10655 = DIRECTION('',(1.,0.));
#10656 = ( GEOMETRIC_REPRESENTATION_CONTEXT(2) 
PARAMETRIC_REPRESENTATION_CONTEXT() REPRESENTATION_CONTEXT('2D SPACE',''
  ) );
#10657 = PCURVE('',#10200,#10658);
#10658 = DEFINITIONAL_REPRESENTATION('',(#10659),#10663);
#10659 = LINE('',#10660,#10661);
#10660 = CARTESIAN_POINT('',(0.,11.12837984781));
#10661 = VECTOR('',#10662,1.);
#10662 = DIRECTION('',(0.,-1.));
#10663 = ( GEOMETRIC_REPRESENTATION_CONTEXT(2) 
PARAMETRIC_REPRESENTATION_CONTEXT() REPRESENTATION_CONTEXT('2D SPACE',''
  ) );
#10664 = ORIENTED_EDGE('',*,*,#10665,.T.);
#10665 = EDGE_CURVE('',#10643,#10619,#10666,.T.);
#10666 = SURFACE_CURVE('',#10667,(#10671,#10678),.PCURVE_S1.);
#10667 = LINE('',#10668,#10669);
#10668 = CARTESIAN_POINT('',(-11.12837984781,57.1,59.4));
#10669 = VECTOR('',#10670,1.);
#10670 = DIRECTION('',(0.,-1.,0.));
#10671 = PCURVE('',#5806,#10672);
#10672 = DEFINITIONAL_REPRESENTATION('',(#10673),#10677);
#10673 = LINE('',#10674,#10675);
#10674 = CARTESIAN_POINT('',(-11.12837984781,-1.));
#10675 = VECTOR('',#10676,1.);
#10676 = DIRECTION('',(0.,-1.));
#10677 = ( GEOMETRIC_REPRESENTATION_CONTEXT(2) 
PARAMETRIC_REPRESENTATION_CONTEXT() REPRESENTATION_CONTEXT('2D SPACE',''
  ) );
#10678 = PCURVE('',#8219,#10679);
#10679 = DEFINITIONAL_REPRESENTATION('',(#10680),#10684);
#10680 = LINE('',#10681,#10682);
#10681 = CARTESIAN_POINT('',(3.14159265359,-1.));
#10682 = VECTOR('',#10683,1.);
#10683 = DIRECTION('',(0.,-1.));
#10684 = ( GEOMETRIC_REPRESENTATION_CONTEXT(2) 
PARAMETRIC_REPRESENTATION_CONTEXT() REPRESENTATION_CONTEXT('2D SPACE',''
  ) );
#10685 = FACE_BOUND('',#10686,.T.);
#10686 = EDGE_LOOP('',(#10687,#10715,#10741,#10767));
#10687 = ORIENTED_EDGE('',*,*,#10688,.T.);
#10688 = EDGE_CURVE('',#10689,#10691,#10693,.T.);
#10689 = VERTEX_POINT('',#10690);
#10690 = CARTESIAN_POINT('',(10.399214234522,44.100218188681,59.4));
#10691 = VERTEX_POINT('',#10692);
#10692 = CARTESIAN_POINT('',(-10.20078576561,44.100218188681,59.4));
#10693 = SURFACE_CURVE('',#10694,(#10698,#10704),.PCURVE_S1.);
#10694 = LINE('',#10695,#10696);
#10695 = CARTESIAN_POINT('',(-5.100297470958,44.100218188681,59.4));
#10696 = VECTOR('',#10697,1.);
#10697 = DIRECTION('',(-1.,2.498001805423E-15,0.));
#10698 = PCURVE('',#5806,#10699);
#10699 = DEFINITIONAL_REPRESENTATION('',(#10700),#10703);
#10700 = B_SPLINE_CURVE_WITH_KNOTS('',1,(#10701,#10702),.UNSPECIFIED.,
  .F.,.F.,(2,2),(-15.49951170548,5.100488294659),
  .PIECEWISE_BEZIER_KNOTS.);
#10701 = CARTESIAN_POINT('',(10.399214234522,-13.99978181131));
#10702 = CARTESIAN_POINT('',(-10.20078576561,-13.99978181131));
#10703 = ( GEOMETRIC_REPRESENTATION_CONTEXT(2) 
PARAMETRIC_REPRESENTATION_CONTEXT() REPRESENTATION_CONTEXT('2D SPACE',''
  ) );
#10704 = PCURVE('',#10705,#10710);
#10705 = PLANE('',#10706);
#10706 = AXIS2_PLACEMENT_3D('',#10707,#10708,#10709);
#10707 = CARTESIAN_POINT('',(-10.20059494191,44.10002736498,
    7.449810542778));
#10708 = DIRECTION('',(2.498001805407E-15,0.999999999993,
    -3.673205103416E-06));
#10709 = DIRECTION('',(-3.673205102084E-06,3.673205103194E-06,
    0.999999999987));
#10710 = DEFINITIONAL_REPRESENTATION('',(#10711),#10714);
#10711 = B_SPLINE_CURVE_WITH_KNOTS('',1,(#10712,#10713),.UNSPECIFIED.,
  .F.,.F.,(2,2),(-15.49951170548,5.100488294659),
  .PIECEWISE_BEZIER_KNOTS.);
#10712 = CARTESIAN_POINT('',(51.950113789898,20.6));
#10713 = CARTESIAN_POINT('',(51.950189457923,-1.087233229518E-14));
#10714 = ( GEOMETRIC_REPRESENTATION_CONTEXT(2) 
PARAMETRIC_REPRESENTATION_CONTEXT() REPRESENTATION_CONTEXT('2D SPACE',''
  ) );
#10715 = ORIENTED_EDGE('',*,*,#10716,.T.);
#10716 = EDGE_CURVE('',#10691,#10717,#10719,.T.);
#10717 = VERTEX_POINT('',#10718);
#10718 = CARTESIAN_POINT('',(-10.20078576566,47.300218188702,59.4));
#10719 = SURFACE_CURVE('',#10720,(#10724,#10730),.PCURVE_S1.);
#10720 = LINE('',#10721,#10722);
#10721 = CARTESIAN_POINT('',(-10.20078576553,37.700025712258,59.4));
#10722 = VECTOR('',#10723,1.);
#10723 = DIRECTION('',(-1.34896538385E-11,1.,0.));
#10724 = PCURVE('',#5806,#10725);
#10725 = DEFINITIONAL_REPRESENTATION('',(#10726),#10729);
#10726 = B_SPLINE_CURVE_WITH_KNOTS('',1,(#10727,#10728),.UNSPECIFIED.,
  .F.,.F.,(2,2),(1.399974287742,17.200192476495),
  .PIECEWISE_BEZIER_KNOTS.);
#10727 = CARTESIAN_POINT('',(-10.20078576554,-19.));
#10728 = CARTESIAN_POINT('',(-10.20078576576,-3.199781811246));
#10729 = ( GEOMETRIC_REPRESENTATION_CONTEXT(2) 
PARAMETRIC_REPRESENTATION_CONTEXT() REPRESENTATION_CONTEXT('2D SPACE',''
  ) );
#10730 = PCURVE('',#10731,#10736);
#10731 = PLANE('',#10732);
#10732 = AXIS2_PLACEMENT_3D('',#10733,#10734,#10735);
#10733 = CARTESIAN_POINT('',(-10.2006190014,17.300051424654,
    13.999908984586));
#10734 = DIRECTION('',(0.999999999993,1.348965383841E-11,
    3.673205101862E-06));
#10735 = DIRECTION('',(2.498001805407E-15,0.999999999993,
    -3.673205103416E-06));
#10736 = DEFINITIONAL_REPRESENTATION('',(#10737),#10740);
#10737 = B_SPLINE_CURVE_WITH_KNOTS('',1,(#10738,#10739),.UNSPECIFIED.,
  .F.,.F.,(2,2),(1.399974287742,17.200192476495),
  .PIECEWISE_BEZIER_KNOTS.);
#10738 = CARTESIAN_POINT('',(21.799781811353,45.400171091096));
#10739 = CARTESIAN_POINT('',(37.6,45.400229128538));
#10740 = ( GEOMETRIC_REPRESENTATION_CONTEXT(2) 
PARAMETRIC_REPRESENTATION_CONTEXT() REPRESENTATION_CONTEXT('2D SPACE',''
  ) );
#10741 = ORIENTED_EDGE('',*,*,#10742,.F.);
#10742 = EDGE_CURVE('',#10743,#10717,#10745,.T.);
#10743 = VERTEX_POINT('',#10744);
#10744 = CARTESIAN_POINT('',(10.399214234479,47.300218188702,59.4));
#10745 = SURFACE_CURVE('',#10746,(#10750,#10756),.PCURVE_S1.);
#10746 = LINE('',#10747,#10748);
#10747 = CARTESIAN_POINT('',(-5.100297470958,47.300218188702,59.4));
#10748 = VECTOR('',#10749,1.);
#10749 = DIRECTION('',(-1.,2.498001805423E-15,0.));
#10750 = PCURVE('',#5806,#10751);
#10751 = DEFINITIONAL_REPRESENTATION('',(#10752),#10755);
#10752 = B_SPLINE_CURVE_WITH_KNOTS('',1,(#10753,#10754),.UNSPECIFIED.,
  .F.,.F.,(2,2),(-15.49951170543,5.100488294702),
  .PIECEWISE_BEZIER_KNOTS.);
#10753 = CARTESIAN_POINT('',(10.399214234479,-10.79978181129));
#10754 = CARTESIAN_POINT('',(-10.20078576566,-10.79978181129));
#10755 = ( GEOMETRIC_REPRESENTATION_CONTEXT(2) 
PARAMETRIC_REPRESENTATION_CONTEXT() REPRESENTATION_CONTEXT('2D SPACE',''
  ) );
#10756 = PCURVE('',#10757,#10762);
#10757 = PLANE('',#10758);
#10758 = AXIS2_PLACEMENT_3D('',#10759,#10760,#10761);
#10759 = CARTESIAN_POINT('',(-10.20059494191,47.300027364958,
    7.449798788521));
#10760 = DIRECTION('',(2.498001805407E-15,0.999999999993,
    -3.673205103416E-06));
#10761 = DIRECTION('',(-3.673205102084E-06,3.673205103194E-06,
    0.999999999987));
#10762 = DEFINITIONAL_REPRESENTATION('',(#10763),#10766);
#10763 = B_SPLINE_CURVE_WITH_KNOTS('',1,(#10764,#10765),.UNSPECIFIED.,
  .F.,.F.,(2,2),(-15.49951170543,5.100488294702),
  .PIECEWISE_BEZIER_KNOTS.);
#10764 = CARTESIAN_POINT('',(51.950125544155,20.6));
#10765 = CARTESIAN_POINT('',(51.95020121218,-1.087233200392E-14));
#10766 = ( GEOMETRIC_REPRESENTATION_CONTEXT(2) 
PARAMETRIC_REPRESENTATION_CONTEXT() REPRESENTATION_CONTEXT('2D SPACE',''
  ) );
#10767 = ORIENTED_EDGE('',*,*,#10768,.F.);
#10768 = EDGE_CURVE('',#10689,#10743,#10769,.T.);
#10769 = SURFACE_CURVE('',#10770,(#10774,#10780),.PCURVE_S1.);
#10770 = LINE('',#10771,#10772);
#10771 = CARTESIAN_POINT('',(10.399214234608,37.700025712536,59.4));
#10772 = VECTOR('',#10773,1.);
#10773 = DIRECTION('',(-1.34896538385E-11,1.,0.));
#10774 = PCURVE('',#5806,#10775);
#10775 = DEFINITIONAL_REPRESENTATION('',(#10776),#10779);
#10776 = B_SPLINE_CURVE_WITH_KNOTS('',1,(#10777,#10778),.UNSPECIFIED.,
  .F.,.F.,(2,2),(1.399974287464,17.200192476217),
  .PIECEWISE_BEZIER_KNOTS.);
#10777 = CARTESIAN_POINT('',(10.39921423459,-19.));
#10778 = CARTESIAN_POINT('',(10.399214234376,-3.199781811247));
#10779 = ( GEOMETRIC_REPRESENTATION_CONTEXT(2) 
PARAMETRIC_REPRESENTATION_CONTEXT() REPRESENTATION_CONTEXT('2D SPACE',''
  ) );
#10780 = PCURVE('',#10781,#10786);
#10781 = PLANE('',#10782);
#10782 = AXIS2_PLACEMENT_3D('',#10783,#10784,#10785);
#10783 = CARTESIAN_POINT('',(10.399380998452,17.300051424932,
    13.999984652611));
#10784 = DIRECTION('',(0.999999999993,1.348965383841E-11,
    3.673205101862E-06));
#10785 = DIRECTION('',(2.498001805407E-15,0.999999999993,
    -3.673205103416E-06));
#10786 = DEFINITIONAL_REPRESENTATION('',(#10787),#10790);
#10787 = B_SPLINE_CURVE_WITH_KNOTS('',1,(#10788,#10789),.UNSPECIFIED.,
  .F.,.F.,(2,2),(1.399974287464,17.200192476217),
  .PIECEWISE_BEZIER_KNOTS.);
#10788 = CARTESIAN_POINT('',(21.799781811353,45.400095423071));
#10789 = CARTESIAN_POINT('',(37.6,45.400153460513));
#10790 = ( GEOMETRIC_REPRESENTATION_CONTEXT(2) 
PARAMETRIC_REPRESENTATION_CONTEXT() REPRESENTATION_CONTEXT('2D SPACE',''
  ) );
#10791 = ADVANCED_FACE('',(#10792),#5833,.T.);
#10792 = FACE_BOUND('',#10793,.T.);
#10793 = EDGE_LOOP('',(#10794,#10816,#10817,#10818));
#10794 = ORIENTED_EDGE('',*,*,#10795,.T.);
#10795 = EDGE_CURVE('',#5791,#7436,#10796,.T.);
#10796 = SURFACE_CURVE('',#10797,(#10802,#10809),.PCURVE_S1.);
#10797 = CIRCLE('',#10798,1.);
#10798 = AXIS2_PLACEMENT_3D('',#10799,#10800,#10801);
#10799 = CARTESIAN_POINT('',(11.12837984781,39.1,58.4));
#10800 = DIRECTION('',(1.,0.,0.));
#10801 = DIRECTION('',(0.,0.,-1.));
#10802 = PCURVE('',#5833,#10803);
#10803 = DEFINITIONAL_REPRESENTATION('',(#10804),#10808);
#10804 = LINE('',#10805,#10806);
#10805 = CARTESIAN_POINT('',(3.14159265359,-3.14159265359));
#10806 = VECTOR('',#10807,1.);
#10807 = DIRECTION('',(0.,1.));
#10808 = ( GEOMETRIC_REPRESENTATION_CONTEXT(2) 
PARAMETRIC_REPRESENTATION_CONTEXT() REPRESENTATION_CONTEXT('2D SPACE',''
  ) );
#10809 = PCURVE('',#7475,#10810);
#10810 = DEFINITIONAL_REPRESENTATION('',(#10811),#10815);
#10811 = LINE('',#10812,#10813);
#10812 = CARTESIAN_POINT('',(9.424777960769,-11.12837984781));
#10813 = VECTOR('',#10814,1.);
#10814 = DIRECTION('',(-1.,0.));
#10815 = ( GEOMETRIC_REPRESENTATION_CONTEXT(2) 
PARAMETRIC_REPRESENTATION_CONTEXT() REPRESENTATION_CONTEXT('2D SPACE',''
  ) );
#10816 = ORIENTED_EDGE('',*,*,#7435,.F.);
#10817 = ORIENTED_EDGE('',*,*,#5848,.F.);
#10818 = ORIENTED_EDGE('',*,*,#5818,.T.);
#10819 = ADVANCED_FACE('',(#10820),#5939,.T.);
#10820 = FACE_BOUND('',#10821,.T.);
#10821 = EDGE_LOOP('',(#10822,#10868,#10869));
#10822 = ORIENTED_EDGE('',*,*,#10823,.F.);
#10823 = EDGE_CURVE('',#5923,#10824,#10826,.T.);
#10824 = VERTEX_POINT('',#10825);
#10825 = CARTESIAN_POINT('',(23.937701869282,53.681732346514,
    24.830100653186));
#10826 = SURFACE_CURVE('',#10827,(#10832,#10861),.PCURVE_S1.);
#10827 = CIRCLE('',#10828,0.8);
#10828 = AXIS2_PLACEMENT_3D('',#10829,#10830,#10831);
#10829 = CARTESIAN_POINT('',(23.144415702054,53.681732346514,
    24.726674075919));
#10830 = DIRECTION('',(0.129282039652,-4.276014937619E-03,
    -0.991598643565));
#10831 = DIRECTION('',(5.528169866789E-04,0.999990857806,
    -4.24012937609E-03));
#10832 = PCURVE('',#5939,#10833);
#10833 = DEFINITIONAL_REPRESENTATION('',(#10834),#10860);
#10834 = B_SPLINE_CURVE_WITH_KNOTS('',3,(#10835,#10836,#10837,#10838,
    #10839,#10840,#10841,#10842,#10843,#10844,#10845,#10846,#10847,
    #10848,#10849,#10850,#10851,#10852,#10853,#10854,#10855,#10856,
    #10857,#10858,#10859),.UNSPECIFIED.,.F.,.F.,(4,1,1,1,1,1,1,1,1,1,1,1
    ,1,1,1,1,1,1,1,1,1,1,4),(0.,7.139983303613E-02,0.142799666072,
    0.214199499108,0.285599332145,0.356999165181,0.428398998217,
    0.499798831253,0.571198664289,0.642598497325,0.713998330361,
    0.785398163397,0.856797996434,0.92819782947,0.999597662506,
    1.070997495542,1.142397328578,1.213797161614,1.28519699465,
    1.356596827687,1.427996660723,1.499396493759,1.570796326795),
  .QUASI_UNIFORM_KNOTS.);
#10835 = CARTESIAN_POINT('',(-0.886077123793,-0.420534335284));
#10836 = CARTESIAN_POINT('',(-0.874421918981,-0.399245918674));
#10837 = CARTESIAN_POINT('',(-0.851760602664,-0.356521383409));
#10838 = CARTESIAN_POINT('',(-0.81936467159,-0.292072447429));
#10839 = CARTESIAN_POINT('',(-0.788196339671,-0.227346666659));
#10840 = CARTESIAN_POINT('',(-0.757947389702,-0.162414226077));
#10841 = CARTESIAN_POINT('',(-0.728334065356,-9.733931239663E-02));
#10842 = CARTESIAN_POINT('',(-0.699094007959,-3.218087056971E-02));
#10843 = CARTESIAN_POINT('',(-0.669976041321,3.300486811568E-02));
#10844 = CARTESIAN_POINT('',(-0.640732836946,9.816260582651E-02));
#10845 = CARTESIAN_POINT('',(-0.611113194924,0.163236106295));
#10846 = CARTESIAN_POINT('',(-0.580854267381,0.228166302646));
#10847 = CARTESIAN_POINT('',(-0.549673077208,0.292889207833));
#10848 = CARTESIAN_POINT('',(-0.517256892331,0.357333496394));
#10849 = CARTESIAN_POINT('',(-0.483251866427,0.421417575992));
#10850 = CARTESIAN_POINT('',(-0.447249251404,0.485045913962));
#10851 = CARTESIAN_POINT('',(-0.408768363881,0.548104320227));
#10852 = CARTESIAN_POINT('',(-0.367235234384,0.610453711589));
#10853 = CARTESIAN_POINT('',(-0.321956148725,0.671921956095));
#10854 = CARTESIAN_POINT('',(-0.272083970977,0.732292309234));
#10855 = CARTESIAN_POINT('',(-0.216581081542,0.791289937376));
#10856 = CARTESIAN_POINT('',(-0.154164869643,0.848555592307));
#10857 = CARTESIAN_POINT('',(-8.330024807211E-02,0.903640648239));
#10858 = CARTESIAN_POINT('',(-2.912546101252E-02,0.938472816918));
#10859 = CARTESIAN_POINT('',(0.,0.955316618125));
#10860 = ( GEOMETRIC_REPRESENTATION_CONTEXT(2) 
PARAMETRIC_REPRESENTATION_CONTEXT() REPRESENTATION_CONTEXT('2D SPACE',''
  ) );
#10861 = PCURVE('',#6015,#10862);
#10862 = DEFINITIONAL_REPRESENTATION('',(#10863),#10867);
#10863 = LINE('',#10864,#10865);
#10864 = CARTESIAN_POINT('',(0.785398163397,8.20873739662));
#10865 = VECTOR('',#10866,1.);
#10866 = DIRECTION('',(-1.,0.));
#10867 = ( GEOMETRIC_REPRESENTATION_CONTEXT(2) 
PARAMETRIC_REPRESENTATION_CONTEXT() REPRESENTATION_CONTEXT('2D SPACE',''
  ) );
#10868 = ORIENTED_EDGE('',*,*,#5922,.T.);
#10869 = ORIENTED_EDGE('',*,*,#10870,.F.);
#10870 = EDGE_CURVE('',#10824,#5900,#10871,.T.);
#10871 = SURFACE_CURVE('',#10872,(#10877,#10906),.PCURVE_S1.);
#10872 = CIRCLE('',#10873,0.8);
#10873 = AXIS2_PLACEMENT_3D('',#10874,#10875,#10876);
#10874 = CARTESIAN_POINT('',(23.144415702054,53.681732346514,
    24.726674075919));
#10875 = DIRECTION('',(-5.528169866789E-04,-0.999990857806,
    4.24012937609E-03));
#10876 = DIRECTION('',(0.991607709035,-1.179160693078E-15,0.129283221584
    ));
#10877 = PCURVE('',#5939,#10878);
#10878 = DEFINITIONAL_REPRESENTATION('',(#10879),#10905);
#10879 = B_SPLINE_CURVE_WITH_KNOTS('',3,(#10880,#10881,#10882,#10883,
    #10884,#10885,#10886,#10887,#10888,#10889,#10890,#10891,#10892,
    #10893,#10894,#10895,#10896,#10897,#10898,#10899,#10900,#10901,
    #10902,#10903,#10904),.UNSPECIFIED.,.F.,.F.,(4,1,1,1,1,1,1,1,1,1,1,1
    ,1,1,1,1,1,1,1,1,1,1,4),(0.,7.139983303613E-02,0.142799666072,
    0.214199499108,0.285599332145,0.356999165181,0.428398998217,
    0.499798831253,0.571198664289,0.642598497325,0.713998330361,
    0.785398163397,0.856797996434,0.92819782947,0.999597662506,
    1.070997495542,1.142397328578,1.213797161614,1.28519699465,
    1.356596827687,1.427996660723,1.499396493759,1.570796326795),
  .QUASI_UNIFORM_KNOTS.);
#10880 = CARTESIAN_POINT('',(0.,0.955316618125));
#10881 = CARTESIAN_POINT('',(2.912546101251E-02,0.938472816917));
#10882 = CARTESIAN_POINT('',(8.33002480721E-02,0.903640648239));
#10883 = CARTESIAN_POINT('',(0.154164869643,0.848555592307));
#10884 = CARTESIAN_POINT('',(0.216581081542,0.791289937376));
#10885 = CARTESIAN_POINT('',(0.272083970977,0.732292309234));
#10886 = CARTESIAN_POINT('',(0.321956148725,0.671921956095));
#10887 = CARTESIAN_POINT('',(0.367235234384,0.610453711589));
#10888 = CARTESIAN_POINT('',(0.408768363881,0.548104320227));
#10889 = CARTESIAN_POINT('',(0.447249251405,0.485045913962));
#10890 = CARTESIAN_POINT('',(0.483251866427,0.421417575992));
#10891 = CARTESIAN_POINT('',(0.517256892331,0.357333496394));
#10892 = CARTESIAN_POINT('',(0.549673077208,0.292889207833));
#10893 = CARTESIAN_POINT('',(0.580854267381,0.228166302646));
#10894 = CARTESIAN_POINT('',(0.611113194924,0.163236106295));
#10895 = CARTESIAN_POINT('',(0.640732836946,9.81626058265E-02));
#10896 = CARTESIAN_POINT('',(0.669976041321,3.300486811567E-02));
#10897 = CARTESIAN_POINT('',(0.699094007959,-3.218087056972E-02));
#10898 = CARTESIAN_POINT('',(0.728334065356,-9.733931239666E-02));
#10899 = CARTESIAN_POINT('',(0.757947389702,-0.162414226077));
#10900 = CARTESIAN_POINT('',(0.788196339671,-0.227346666659));
#10901 = CARTESIAN_POINT('',(0.81936467159,-0.292072447429));
#10902 = CARTESIAN_POINT('',(0.851760602664,-0.356521383409));
#10903 = CARTESIAN_POINT('',(0.874421918981,-0.399245918674));
#10904 = CARTESIAN_POINT('',(0.886077123793,-0.420534335284));
#10905 = ( GEOMETRIC_REPRESENTATION_CONTEXT(2) 
PARAMETRIC_REPRESENTATION_CONTEXT() REPRESENTATION_CONTEXT('2D SPACE',''
  ) );
#10906 = PCURVE('',#6649,#10907);
#10907 = DEFINITIONAL_REPRESENTATION('',(#10908),#10912);
#10908 = LINE('',#10909,#10910);
#10909 = CARTESIAN_POINT('',(5.497787143782,0.553491335409));
#10910 = VECTOR('',#10911,1.);
#10911 = DIRECTION('',(1.,0.));
#10912 = ( GEOMETRIC_REPRESENTATION_CONTEXT(2) 
PARAMETRIC_REPRESENTATION_CONTEXT() REPRESENTATION_CONTEXT('2D SPACE',''
  ) );
#10913 = ADVANCED_FACE('',(#10914),#6015,.T.);
#10914 = FACE_BOUND('',#10915,.T.);
#10915 = EDGE_LOOP('',(#10916,#10984,#10985,#10986,#11014));
#10916 = ORIENTED_EDGE('',*,*,#10917,.F.);
#10917 = EDGE_CURVE('',#6000,#10918,#10920,.T.);
#10918 = VERTEX_POINT('',#10919);
#10919 = CARTESIAN_POINT('',(24.160042916963,54.316078748644,
    20.514131007611));
#10920 = SURFACE_CURVE('',#10921,(#10926,#10955),.PCURVE_S1.);
#10921 = B_SPLINE_CURVE_WITH_KNOTS('',3,(#10922,#10923,#10924,#10925),
  .UNSPECIFIED.,.F.,.F.,(4,4),(0.,0.125881901232),
  .PIECEWISE_BEZIER_KNOTS.);
#10922 = CARTESIAN_POINT('',(23.53951026351,54.468671872644,
    21.696282288521));
#10923 = CARTESIAN_POINT('',(23.735757011638,54.466990778742,
    21.325399738119));
#10924 = CARTESIAN_POINT('',(23.962774816973,54.421307241374,
    20.897330284499));
#10925 = CARTESIAN_POINT('',(24.160042916963,54.316078748644,
    20.514131007611));
#10926 = PCURVE('',#6015,#10927);
#10927 = DEFINITIONAL_REPRESENTATION('',(#10928),#10954);
#10928 = B_SPLINE_CURVE_WITH_KNOTS('',3,(#10929,#10930,#10931,#10932,
    #10933,#10934,#10935,#10936,#10937,#10938,#10939,#10940,#10941,
    #10942,#10943,#10944,#10945,#10946,#10947,#10948,#10949,#10950,
    #10951,#10952,#10953),.UNSPECIFIED.,.F.,.F.,(4,1,1,1,1,1,1,1,1,1,1,1
    ,1,1,1,1,1,1,1,1,1,1,4),(0.,5.721904601463E-03,1.144380920293E-02,
    1.716571380439E-02,2.288761840585E-02,2.860952300731E-02,
    3.433142760878E-02,4.005333221024E-02,4.57752368117E-02,
    5.149714141316E-02,5.721904601463E-02,6.294095061609E-02,
    6.866285521755E-02,7.438475981902E-02,8.010666442048E-02,
    8.582856902194E-02,9.15504736234E-02,9.727237822487E-02,
    0.102994282826,0.108716187428,0.114438092029,0.120159996631,
    0.125881901232),.QUASI_UNIFORM_KNOTS.);
#10929 = CARTESIAN_POINT('',(0.785398163398,5.156091345175));
#10930 = CARTESIAN_POINT('',(0.777065726132,5.138221117804));
#10931 = CARTESIAN_POINT('',(0.760281429996,5.102229122749));
#10932 = CARTESIAN_POINT('',(0.734760150072,5.047547905236));
#10933 = CARTESIAN_POINT('',(0.708907484377,4.9922348588));
#10934 = CARTESIAN_POINT('',(0.68273680987,4.936351379449));
#10935 = CARTESIAN_POINT('',(0.656261328559,4.879958863192));
#10936 = CARTESIAN_POINT('',(0.629493956738,4.823118706039));
#10937 = CARTESIAN_POINT('',(0.602447207248,4.765892303995));
#10938 = CARTESIAN_POINT('',(0.57513306605,4.708341053072));
#10939 = CARTESIAN_POINT('',(0.547562864636,4.650526349276));
#10940 = CARTESIAN_POINT('',(0.519747149757,4.592509588617));
#10941 = CARTESIAN_POINT('',(0.491695552011,4.534352167102));
#10942 = CARTESIAN_POINT('',(0.463416654742,4.47611548074));
#10943 = CARTESIAN_POINT('',(0.434917864691,4.41786092554));
#10944 = CARTESIAN_POINT('',(0.406205285675,4.359649897511));
#10945 = CARTESIAN_POINT('',(0.377283596679,4.301543792659));
#10946 = CARTESIAN_POINT('',(0.348155934865,4.243604006995));
#10947 = CARTESIAN_POINT('',(0.318823786687,4.185891936526));
#10948 = CARTESIAN_POINT('',(0.289286879641,4.128468977261));
#10949 = CARTESIAN_POINT('',(0.259543106476,4.071396525208));
#10950 = CARTESIAN_POINT('',(0.229588366426,4.014735976376));
#10951 = CARTESIAN_POINT('',(0.199416757313,3.958548726773));
#10952 = CARTESIAN_POINT('',(0.179151920487,3.921447023863));
#10953 = CARTESIAN_POINT('',(0.168980568443,3.902995520949));
#10954 = ( GEOMETRIC_REPRESENTATION_CONTEXT(2) 
PARAMETRIC_REPRESENTATION_CONTEXT() REPRESENTATION_CONTEXT('2D SPACE',''
  ) );
#10955 = PCURVE('',#6043,#10956);
#10956 = DEFINITIONAL_REPRESENTATION('',(#10957),#10983);
#10957 = B_SPLINE_CURVE_WITH_KNOTS('',3,(#10958,#10959,#10960,#10961,
    #10962,#10963,#10964,#10965,#10966,#10967,#10968,#10969,#10970,
    #10971,#10972,#10973,#10974,#10975,#10976,#10977,#10978,#10979,
    #10980,#10981,#10982),.UNSPECIFIED.,.F.,.F.,(4,1,1,1,1,1,1,1,1,1,1,1
    ,1,1,1,1,1,1,1,1,1,1,4),(0.,5.721904601463E-03,1.144380920293E-02,
    1.716571380439E-02,2.288761840585E-02,2.860952300731E-02,
    3.433142760878E-02,4.005333221024E-02,4.57752368117E-02,
    5.149714141316E-02,5.721904601463E-02,6.294095061609E-02,
    6.866285521755E-02,7.438475981902E-02,8.010666442048E-02,
    8.582856902194E-02,9.15504736234E-02,9.727237822487E-02,
    0.102994282826,0.108716187428,0.114438092029,0.120159996631,
    0.125881901232),.QUASI_UNIFORM_KNOTS.);
#10958 = CARTESIAN_POINT('',(7.068583470577,-1.354855951137));
#10959 = CARTESIAN_POINT('',(7.061780063366,-1.337618562055));
#10960 = CARTESIAN_POINT('',(7.048078476775,-1.302899928587));
#10961 = CARTESIAN_POINT('',(7.027252475424,-1.250152128896));
#10962 = CARTESIAN_POINT('',(7.006163559864,-1.196796196134));
#10963 = CARTESIAN_POINT('',(6.984822394583,-1.142893846723));
#10964 = CARTESIAN_POINT('',(6.963239559255,-1.088506797082));
#10965 = CARTESIAN_POINT('',(6.941425497497,-1.03369676363));
#10966 = CARTESIAN_POINT('',(6.919390462975,-0.978525462788));
#10967 = CARTESIAN_POINT('',(6.897144461808,-0.923054610975));
#10968 = CARTESIAN_POINT('',(6.874697192242,-0.86734592461));
#10969 = CARTESIAN_POINT('',(6.852057982088,-0.811461120115));
#10970 = CARTESIAN_POINT('',(6.829235724538,-0.755461913908));
#10971 = CARTESIAN_POINT('',(6.806238812934,-0.699410022409));
#10972 = CARTESIAN_POINT('',(6.783075075077,-0.643367162038));
#10973 = CARTESIAN_POINT('',(6.759751707604,-0.587395049215));
#10974 = CARTESIAN_POINT('',(6.736275211026,-0.53155540036));
#10975 = CARTESIAN_POINT('',(6.712651325598,-0.475909931892));
#10976 = CARTESIAN_POINT('',(6.688884969614,-0.420520360232));
#10977 = CARTESIAN_POINT('',(6.664980176069,-0.365448401798));
#10978 = CARTESIAN_POINT('',(6.640940044629,-0.310755773012));
#10979 = CARTESIAN_POINT('',(6.616766647016,-0.256504190292));
#10980 = CARTESIAN_POINT('',(6.59246111798,-0.202755370058));
#10981 = CARTESIAN_POINT('',(6.576169083496,-0.167299142506));
#10982 = CARTESIAN_POINT('',(6.568000986597,-0.149675394618));
#10983 = ( GEOMETRIC_REPRESENTATION_CONTEXT(2) 
PARAMETRIC_REPRESENTATION_CONTEXT() REPRESENTATION_CONTEXT('2D SPACE',''
  ) );
#10984 = ORIENTED_EDGE('',*,*,#5999,.T.);
#10985 = ORIENTED_EDGE('',*,*,#10823,.T.);
#10986 = ORIENTED_EDGE('',*,*,#10987,.T.);
#10987 = EDGE_CURVE('',#10824,#10988,#10990,.T.);
#10988 = VERTEX_POINT('',#10989);
#10989 = CARTESIAN_POINT('',(24.494356961183,53.663320929937,
    20.560532849731));
#10990 = SURFACE_CURVE('',#10991,(#10995,#11002),.PCURVE_S1.);
#10991 = LINE('',#10992,#10993);
#10992 = CARTESIAN_POINT('',(24.998944182884,53.646631662787,
    16.690327785318));
#10993 = VECTOR('',#10994,1.);
#10994 = DIRECTION('',(0.129282039652,-4.276014937617E-03,
    -0.991598643565));
#10995 = PCURVE('',#6015,#10996);
#10996 = DEFINITIONAL_REPRESENTATION('',(#10997),#11001);
#10997 = LINE('',#10998,#10999);
#10998 = CARTESIAN_POINT('',(-0.785398163397,2.30926389122E-14));
#10999 = VECTOR('',#11000,1.);
#11000 = DIRECTION('',(-6.188330225172E-16,-1.));
#11001 = ( GEOMETRIC_REPRESENTATION_CONTEXT(2) 
PARAMETRIC_REPRESENTATION_CONTEXT() REPRESENTATION_CONTEXT('2D SPACE',''
  ) );
#11002 = PCURVE('',#11003,#11008);
#11003 = PLANE('',#11004);
#11004 = AXIS2_PLACEMENT_3D('',#11005,#11006,#11007);
#11005 = CARTESIAN_POINT('',(25.387347274133,53.940770673405,
    13.711259853873));
#11006 = DIRECTION('',(-0.991607709035,1.180287454089E-15,
    -0.129283221584));
#11007 = DIRECTION('',(-5.528169866788E-04,-0.999990857806,
    4.240129376089E-03));
#11008 = DEFINITIONAL_REPRESENTATION('',(#11009),#11013);
#11009 = LINE('',#11010,#11011);
#11010 = CARTESIAN_POINT('',(0.306982670818,3.002995520949));
#11011 = VECTOR('',#11012,1.);
#11012 = DIRECTION('',(-9.955485430811E-16,-1.));
#11013 = ( GEOMETRIC_REPRESENTATION_CONTEXT(2) 
PARAMETRIC_REPRESENTATION_CONTEXT() REPRESENTATION_CONTEXT('2D SPACE',''
  ) );
#11014 = ORIENTED_EDGE('',*,*,#11015,.F.);
#11015 = EDGE_CURVE('',#10918,#10988,#11016,.T.);
#11016 = SURFACE_CURVE('',#11017,(#11022,#11029),.PCURVE_S1.);
#11017 = CIRCLE('',#11018,0.8);
#11018 = AXIS2_PLACEMENT_3D('',#11019,#11020,#11021);
#11019 = CARTESIAN_POINT('',(23.701070793956,53.663320929937,
    20.457106272463));
#11020 = DIRECTION('',(0.129282039652,-4.276014937617E-03,
    -0.991598643565));
#11021 = DIRECTION('',(0.701563435975,0.707100316679,8.841881844091E-02)
  );
#11022 = PCURVE('',#6015,#11023);
#11023 = DEFINITIONAL_REPRESENTATION('',(#11024),#11028);
#11024 = LINE('',#11025,#11026);
#11025 = CARTESIAN_POINT('',(6.28318530718,3.902995520949));
#11026 = VECTOR('',#11027,1.);
#11027 = DIRECTION('',(-1.,0.));
#11028 = ( GEOMETRIC_REPRESENTATION_CONTEXT(2) 
PARAMETRIC_REPRESENTATION_CONTEXT() REPRESENTATION_CONTEXT('2D SPACE',''
  ) );
#11029 = PCURVE('',#11030,#11035);
#11030 = PLANE('',#11031);
#11031 = AXIS2_PLACEMENT_3D('',#11032,#11033,#11034);
#11032 = CARTESIAN_POINT('',(24.596538745081,59.128032485905,
    20.550289876052));
#11033 = DIRECTION('',(-0.129282039652,4.276014937617E-03,0.991598643565
    ));
#11034 = DIRECTION('',(-5.528169866786E-04,-0.999990857806,
    4.240129376088E-03));
#11035 = DEFINITIONAL_REPRESENTATION('',(#11036),#11044);
#11036 = ( BOUNDED_CURVE() B_SPLINE_CURVE(2,(#11037,#11038,#11039,#11040
    ,#11041,#11042,#11043),.UNSPECIFIED.,.T.,.F.) 
B_SPLINE_CURVE_WITH_KNOTS((1,2,2,2,2,1),(-2.094395102393,0.,
    2.094395102393,4.188790204786,6.28318530718,8.377580409573),
.UNSPECIFIED.) CURVE() GEOMETRIC_REPRESENTATION_ITEM() 
RATIONAL_B_SPLINE_CURVE((1.,0.5,1.,0.5,1.,0.5,1.)) REPRESENTATION_ITEM(
  '') );
#11037 = CARTESIAN_POINT('',(4.899076090927,-0.334314575051));
#11038 = CARTESIAN_POINT('',(5.87887198804,0.645481322063));
#11039 = CARTESIAN_POINT('',(6.237502176908,-0.692944763918));
#11040 = CARTESIAN_POINT('',(6.596132365775,-2.031370849898));
#11041 = CARTESIAN_POINT('',(5.257706279794,-1.672740661031));
#11042 = CARTESIAN_POINT('',(3.919280193814,-1.314110472164));
#11043 = CARTESIAN_POINT('',(4.899076090927,-0.334314575051));
#11044 = ( GEOMETRIC_REPRESENTATION_CONTEXT(2) 
PARAMETRIC_REPRESENTATION_CONTEXT() REPRESENTATION_CONTEXT('2D SPACE',''
  ) );
#11045 = ADVANCED_FACE('',(#11046),#6043,.T.);
#11046 = FACE_BOUND('',#11047,.T.);
#11047 = EDGE_LOOP('',(#11048,#11049,#11099,#11126,#11147,#11148));
#11048 = ORIENTED_EDGE('',*,*,#10917,.T.);
#11049 = ORIENTED_EDGE('',*,*,#11050,.F.);
#11050 = EDGE_CURVE('',#11051,#10918,#11053,.T.);
#11051 = VERTEX_POINT('',#11052);
#11052 = CARTESIAN_POINT('',(23.308364722084,53.509886237126,
    20.406567928909));
#11053 = SURFACE_CURVE('',#11054,(#11059,#11088),.PCURVE_S1.);
#11054 = ELLIPSE('',#11055,1.721256550402,1.2);
#11055 = AXIS2_PLACEMENT_3D('',#11056,#11057,#11058);
#11056 = CARTESIAN_POINT('',(24.97862218622,53.263324586814,
    20.625394965851));
#11057 = DIRECTION('',(0.129282039652,-4.276014937617E-03,
    -0.991598643565));
#11058 = DIRECTION('',(-0.991607709035,9.367897162754E-16,
    -0.129283221584));
#11059 = PCURVE('',#6043,#11060);
#11060 = DEFINITIONAL_REPRESENTATION('',(#11061),#11087);
#11061 = B_SPLINE_CURVE_WITH_KNOTS('',3,(#11062,#11063,#11064,#11065,
    #11066,#11067,#11068,#11069,#11070,#11071,#11072,#11073,#11074,
    #11075,#11076,#11077,#11078,#11079,#11080,#11081,#11082,#11083,
    #11084,#11085,#11086),.UNSPECIFIED.,.F.,.F.,(4,1,1,1,1,1,1,1,1,1,1,1
    ,1,1,1,1,1,1,1,1,1,1,4),(0.206943848534,0.246183393729,
    0.285422938924,0.324662484118,0.363902029313,0.403141574507,
    0.442381119702,0.481620664896,0.520860210091,0.560099755285,
    0.59933930048,0.638578845674,0.677818390869,0.717057936064,
    0.756297481258,0.795537026453,0.834776571647,0.874016116842,
    0.913255662036,0.952495207231,0.991734752425,1.03097429762,
    1.070213842815),.QUASI_UNIFORM_KNOTS.);
#11062 = CARTESIAN_POINT('',(5.704730992317,-0.765097817441));
#11063 = CARTESIAN_POINT('',(5.717810840715,-0.761781694081));
#11064 = CARTESIAN_POINT('',(5.743970537511,-0.754528723465));
#11065 = CARTESIAN_POINT('',(5.783210082706,-0.741806952716));
#11066 = CARTESIAN_POINT('',(5.8224496279,-0.727261620233));
#11067 = CARTESIAN_POINT('',(5.861689173095,-0.710915342306));
#11068 = CARTESIAN_POINT('',(5.900928718289,-0.692793224973));
#11069 = CARTESIAN_POINT('',(5.940168263484,-0.672923184055));
#11070 = CARTESIAN_POINT('',(5.979407808678,-0.651335806071));
#11071 = CARTESIAN_POINT('',(6.018647353873,-0.628064326895));
#11072 = CARTESIAN_POINT('',(6.057886899068,-0.603144573694));
#11073 = CARTESIAN_POINT('',(6.097126444262,-0.576614911616));
#11074 = CARTESIAN_POINT('',(6.136365989457,-0.54851618423));
#11075 = CARTESIAN_POINT('',(6.175605534651,-0.51889165078));
#11076 = CARTESIAN_POINT('',(6.214845079846,-0.487786919543));
#11077 = CARTESIAN_POINT('',(6.25408462504,-0.455249877646));
#11078 = CARTESIAN_POINT('',(6.293324170235,-0.421330617263));
#11079 = CARTESIAN_POINT('',(6.332563715429,-0.386081358766));
#11080 = CARTESIAN_POINT('',(6.371803260624,-0.349556369331));
#11081 = CARTESIAN_POINT('',(6.411042805818,-0.311811883113));
#11082 = CARTESIAN_POINT('',(6.450282351013,-0.272906000791));
#11083 = CARTESIAN_POINT('',(6.489521896208,-0.232898651909));
#11084 = CARTESIAN_POINT('',(6.528761441402,-0.191851309334));
#11085 = CARTESIAN_POINT('',(6.554921138198,-0.163835513739));
#11086 = CARTESIAN_POINT('',(6.568000986597,-0.149675394618));
#11087 = ( GEOMETRIC_REPRESENTATION_CONTEXT(2) 
PARAMETRIC_REPRESENTATION_CONTEXT() REPRESENTATION_CONTEXT('2D SPACE',''
  ) );
#11088 = PCURVE('',#11030,#11089);
#11089 = DEFINITIONAL_REPRESENTATION('',(#11090),#11098);
#11090 = ( BOUNDED_CURVE() B_SPLINE_CURVE(2,(#11091,#11092,#11093,#11094
    ,#11095,#11096,#11097),.UNSPECIFIED.,.T.,.F.) 
B_SPLINE_CURVE_WITH_KNOTS((1,2,2,2,2,1),(-2.094395102393,0.,
    2.094395102393,4.188790204786,6.28318530718,8.377580409573),
.UNSPECIFIED.) CURVE() GEOMETRIC_REPRESENTATION_ITEM() 
RATIONAL_B_SPLINE_CURVE((1.,0.5,1.,0.5,1.,0.5,1.)) REPRESENTATION_ITEM(
  '') );
#11091 = CARTESIAN_POINT('',(5.864761515876,-1.332669836707));
#11092 = CARTESIAN_POINT('',(3.786300546794,-1.332669836707));
#11093 = CARTESIAN_POINT('',(4.825531031335,1.249214988895));
#11094 = CARTESIAN_POINT('',(5.864761515876,3.831099814498));
#11095 = CARTESIAN_POINT('',(6.903992000418,1.249214988895));
#11096 = CARTESIAN_POINT('',(7.943222484959,-1.332669836707));
#11097 = CARTESIAN_POINT('',(5.864761515876,-1.332669836707));
#11098 = ( GEOMETRIC_REPRESENTATION_CONTEXT(2) 
PARAMETRIC_REPRESENTATION_CONTEXT() REPRESENTATION_CONTEXT('2D SPACE',''
  ) );
#11099 = ORIENTED_EDGE('',*,*,#11100,.F.);
#11100 = EDGE_CURVE('',#11101,#11051,#11103,.T.);
#11101 = VERTEX_POINT('',#11102);
#11102 = CARTESIAN_POINT('',(23.132075247938,53.263844626,
    20.507292889681));
#11103 = SURFACE_CURVE('',#11104,(#11109,#11115),.PCURVE_S1.);
#11104 = B_SPLINE_CURVE_WITH_KNOTS('',3,(#11105,#11106,#11107,#11108),
  .UNSPECIFIED.,.F.,.F.,(4,4),(0.,3.065742737351E-02),
  .PIECEWISE_BEZIER_KNOTS.);
#11105 = CARTESIAN_POINT('',(23.132075247938,53.263844626,
    20.507292889681));
#11106 = CARTESIAN_POINT('',(23.183890480865,53.342808367124,
    20.468267302155));
#11107 = CARTESIAN_POINT('',(23.243356917178,53.426142660254,
    20.433482525724));
#11108 = CARTESIAN_POINT('',(23.308364722086,53.509886237128,
    20.406567928908));
#11109 = PCURVE('',#6043,#11110);
#11110 = DEFINITIONAL_REPRESENTATION('',(#11111),#11114);
#11111 = B_SPLINE_CURVE_WITH_KNOTS('',1,(#11112,#11113),.UNSPECIFIED.,
  .F.,.F.,(2,2),(0.,3.065742737351E-02),.PIECEWISE_BEZIER_KNOTS.);
#11112 = CARTESIAN_POINT('',(5.497787143782,-0.965872948004));
#11113 = CARTESIAN_POINT('',(5.704730992318,-0.765097817439));
#11114 = ( GEOMETRIC_REPRESENTATION_CONTEXT(2) 
PARAMETRIC_REPRESENTATION_CONTEXT() REPRESENTATION_CONTEXT('2D SPACE',''
  ) );
#11115 = PCURVE('',#11116,#11121);
#11116 = CYLINDRICAL_SURFACE('',#11117,0.8);
#11117 = AXIS2_PLACEMENT_3D('',#11118,#11119,#11120);
#11118 = CARTESIAN_POINT('',(23.611370579851,53.973273249819,
    21.145110660951));
#11119 = DIRECTION('',(5.528169866786E-04,0.999990857806,
    -4.240129376088E-03));
#11120 = DIRECTION('',(0.991607709035,-1.180436317893E-15,0.129283221584
    ));
#11121 = DEFINITIONAL_REPRESENTATION('',(#11122),#11125);
#11122 = B_SPLINE_CURVE_WITH_KNOTS('',1,(#11123,#11124),.UNSPECIFIED.,
  .F.,.F.,(2,2),(0.,3.065742737351E-02),.PIECEWISE_BEZIER_KNOTS.);
#11123 = CARTESIAN_POINT('',(2.342231856176,-0.706982670818));
#11124 = CARTESIAN_POINT('',(2.0885507823,-0.460418766369));
#11125 = ( GEOMETRIC_REPRESENTATION_CONTEXT(2) 
PARAMETRIC_REPRESENTATION_CONTEXT() REPRESENTATION_CONTEXT('2D SPACE',''
  ) );
#11126 = ORIENTED_EDGE('',*,*,#11127,.T.);
#11127 = EDGE_CURVE('',#11101,#6087,#11128,.T.);
#11128 = SURFACE_CURVE('',#11129,(#11133,#11140),.PCURVE_S1.);
#11129 = LINE('',#11130,#11131);
#11130 = CARTESIAN_POINT('',(23.905763637419,53.260965273365,
    19.92909868615));
#11131 = VECTOR('',#11132,1.);
#11132 = DIRECTION('',(-0.801025011706,2.981088393792E-03,0.598623457386
    ));
#11133 = PCURVE('',#6043,#11134);
#11134 = DEFINITIONAL_REPRESENTATION('',(#11135),#11139);
#11135 = LINE('',#11136,#11137);
#11136 = CARTESIAN_POINT('',(5.497787143782,-6.772360450213E-15));
#11137 = VECTOR('',#11138,1.);
#11138 = DIRECTION('',(-2.687738570343E-15,-1.));
#11139 = ( GEOMETRIC_REPRESENTATION_CONTEXT(2) 
PARAMETRIC_REPRESENTATION_CONTEXT() REPRESENTATION_CONTEXT('2D SPACE',''
  ) );
#11140 = PCURVE('',#6298,#11141);
#11141 = DEFINITIONAL_REPRESENTATION('',(#11142),#11146);
#11142 = LINE('',#11143,#11144);
#11143 = CARTESIAN_POINT('',(5.864761515876,0.7914268675));
#11144 = VECTOR('',#11145,1.);
#11145 = DIRECTION('',(1.189820797696E-16,-1.));
#11146 = ( GEOMETRIC_REPRESENTATION_CONTEXT(2) 
PARAMETRIC_REPRESENTATION_CONTEXT() REPRESENTATION_CONTEXT('2D SPACE',''
  ) );
#11147 = ORIENTED_EDGE('',*,*,#6086,.F.);
#11148 = ORIENTED_EDGE('',*,*,#6027,.T.);
#11149 = ADVANCED_FACE('',(#11150),#6198,.T.);
#11150 = FACE_BOUND('',#11151,.T.);
#11151 = EDGE_LOOP('',(#11152,#11153,#11154));
#11152 = ORIENTED_EDGE('',*,*,#6317,.T.);
#11153 = ORIENTED_EDGE('',*,*,#6159,.T.);
#11154 = ORIENTED_EDGE('',*,*,#11155,.F.);
#11155 = EDGE_CURVE('',#6318,#6160,#11156,.T.);
#11156 = SURFACE_CURVE('',#11157,(#11162,#11191),.PCURVE_S1.);
#11157 = CIRCLE('',#11158,1.2);
#11158 = AXIS2_PLACEMENT_3D('',#11159,#11160,#11161);
#11159 = CARTESIAN_POINT('',(21.066612611729,45.174943878914,
    22.873112300141));
#11160 = DIRECTION('',(0.991607709035,-1.191305474238E-15,0.129283221584
    ));
#11161 = DIRECTION('',(-0.118106099828,0.406736643076,0.905878718352));
#11162 = PCURVE('',#6198,#11163);
#11163 = DEFINITIONAL_REPRESENTATION('',(#11164),#11190);
#11164 = B_SPLINE_CURVE_WITH_KNOTS('',3,(#11165,#11166,#11167,#11168,
    #11169,#11170,#11171,#11172,#11173,#11174,#11175,#11176,#11177,
    #11178,#11179,#11180,#11181,#11182,#11183,#11184,#11185,#11186,
    #11187,#11188,#11189),.UNSPECIFIED.,.F.,.F.,(4,1,1,1,1,1,1,1,1,1,1,1
    ,1,1,1,1,1,1,1,1,1,1,4),(1.985399319305,2.056799152341,
    2.128198985377,2.199598818414,2.27099865145,2.342398484486,
    2.413798317522,2.485198150558,2.556597983594,2.62799781663,
    2.699397649666,2.770797482703,2.842197315739,2.913597148775,
    2.984996981811,3.056396814847,3.127796647883,3.199196480919,
    3.270596313956,3.341996146992,3.413395980028,3.484795813064,
    3.5561956461),.QUASI_UNIFORM_KNOTS.);
#11165 = CARTESIAN_POINT('',(6.28318530718,0.));
#11166 = CARTESIAN_POINT('',(6.28318530718,1.682780133706E-02));
#11167 = CARTESIAN_POINT('',(6.28318530718,4.999070298881E-02));
#11168 = CARTESIAN_POINT('',(6.28318530718,9.842552590404E-02));
#11169 = CARTESIAN_POINT('',(6.28318530718,0.145724913075));
#11170 = CARTESIAN_POINT('',(6.28318530718,0.192043637223));
#11171 = CARTESIAN_POINT('',(6.28318530718,0.237526724423));
#11172 = CARTESIAN_POINT('',(6.28318530718,0.282309422539));
#11173 = CARTESIAN_POINT('',(6.28318530718,0.326519436214));
#11174 = CARTESIAN_POINT('',(6.28318530718,0.370278310591));
#11175 = CARTESIAN_POINT('',(6.28318530718,0.413702852292));
#11176 = CARTESIAN_POINT('',(6.28318530718,0.456906394885));
#11177 = CARTESIAN_POINT('',(6.28318530718,0.5));
#11178 = CARTESIAN_POINT('',(6.28318530718,0.543093605115));
#11179 = CARTESIAN_POINT('',(6.28318530718,0.586297147708));
#11180 = CARTESIAN_POINT('',(6.28318530718,0.629721689409));
#11181 = CARTESIAN_POINT('',(6.28318530718,0.673480563786));
#11182 = CARTESIAN_POINT('',(6.28318530718,0.717690577461));
#11183 = CARTESIAN_POINT('',(6.28318530718,0.762473275577));
#11184 = CARTESIAN_POINT('',(6.28318530718,0.807956362777));
#11185 = CARTESIAN_POINT('',(6.28318530718,0.854275086925));
#11186 = CARTESIAN_POINT('',(6.28318530718,0.901574474096));
#11187 = CARTESIAN_POINT('',(6.28318530718,0.950009297011));
#11188 = CARTESIAN_POINT('',(6.28318530718,0.983172198663));
#11189 = CARTESIAN_POINT('',(6.28318530718,1.));
#11190 = ( GEOMETRIC_REPRESENTATION_CONTEXT(2) 
PARAMETRIC_REPRESENTATION_CONTEXT() REPRESENTATION_CONTEXT('2D SPACE',''
  ) );
#11191 = PCURVE('',#6272,#11192);
#11192 = DEFINITIONAL_REPRESENTATION('',(#11193),#11197);
#11193 = LINE('',#11194,#11195);
#11194 = CARTESIAN_POINT('',(0.,6.69778829969));
#11195 = VECTOR('',#11196,1.);
#11196 = DIRECTION('',(0.,-1.));
#11197 = ( GEOMETRIC_REPRESENTATION_CONTEXT(2) 
PARAMETRIC_REPRESENTATION_CONTEXT() REPRESENTATION_CONTEXT('2D SPACE',''
  ) );
#11198 = ADVANCED_FACE('',(#11199),#6272,.T.);
#11199 = FACE_BOUND('',#11200,.T.);
#11200 = EDGE_LOOP('',(#11201,#11202,#11203,#11225));
#11201 = ORIENTED_EDGE('',*,*,#11155,.T.);
#11202 = ORIENTED_EDGE('',*,*,#6255,.T.);
#11203 = ORIENTED_EDGE('',*,*,#11204,.F.);
#11204 = EDGE_CURVE('',#6453,#6256,#11205,.T.);
#11205 = SURFACE_CURVE('',#11206,(#11211,#11218),.PCURVE_S1.);
#11206 = CIRCLE('',#11207,1.2);
#11207 = AXIS2_PLACEMENT_3D('',#11208,#11209,#11210);
#11208 = CARTESIAN_POINT('',(22.522437940744,45.172522889974,
    22.491953686165));
#11209 = DIRECTION('',(0.801025011706,-2.981088393792E-03,
    -0.598623457386));
#11210 = DIRECTION('',(0.571053809548,0.303820909026,0.762620745744));
#11211 = PCURVE('',#6272,#11212);
#11212 = DEFINITIONAL_REPRESENTATION('',(#11213),#11217);
#11213 = LINE('',#11214,#11215);
#11214 = CARTESIAN_POINT('',(0.771435529381,6.588821776908));
#11215 = VECTOR('',#11216,1.);
#11216 = DIRECTION('',(3.449134854565E-14,-1.));
#11217 = ( GEOMETRIC_REPRESENTATION_CONTEXT(2) 
PARAMETRIC_REPRESENTATION_CONTEXT() REPRESENTATION_CONTEXT('2D SPACE',''
  ) );
#11218 = PCURVE('',#6492,#11219);
#11219 = DEFINITIONAL_REPRESENTATION('',(#11220),#11224);
#11220 = LINE('',#11221,#11222);
#11221 = CARTESIAN_POINT('',(3.14159265359,1.826724374048));
#11222 = VECTOR('',#11223,1.);
#11223 = DIRECTION('',(-1.,0.));
#11224 = ( GEOMETRIC_REPRESENTATION_CONTEXT(2) 
PARAMETRIC_REPRESENTATION_CONTEXT() REPRESENTATION_CONTEXT('2D SPACE',''
  ) );
#11225 = ORIENTED_EDGE('',*,*,#6452,.F.);
#11226 = ADVANCED_FACE('',(#11227),#6298,.F.);
#11227 = FACE_BOUND('',#11228,.T.);
#11228 = EDGE_LOOP('',(#11229,#11252,#11273,#11274));
#11229 = ORIENTED_EDGE('',*,*,#11230,.F.);
#11230 = EDGE_CURVE('',#11231,#11101,#11233,.T.);
#11231 = VERTEX_POINT('',#11232);
#11232 = CARTESIAN_POINT('',(23.127597430345,45.163918677769,
    20.541637937627));
#11233 = SURFACE_CURVE('',#11234,(#11238,#11245),.PCURVE_S1.);
#11234 = LINE('',#11235,#11236);
#11235 = CARTESIAN_POINT('',(23.132466079967,53.970820833445,
    20.50429519169));
#11236 = VECTOR('',#11237,1.);
#11237 = DIRECTION('',(5.528169866786E-04,0.999990857806,
    -4.240129376088E-03));
#11238 = PCURVE('',#6298,#11239);
#11239 = DEFINITIONAL_REPRESENTATION('',(#11240),#11244);
#11240 = LINE('',#11241,#11242);
#11241 = CARTESIAN_POINT('',(5.157778845058,-0.174446080504));
#11242 = VECTOR('',#11243,1.);
#11243 = DIRECTION('',(-1.,-2.792631339819E-17));
#11244 = ( GEOMETRIC_REPRESENTATION_CONTEXT(2) 
PARAMETRIC_REPRESENTATION_CONTEXT() REPRESENTATION_CONTEXT('2D SPACE',''
  ) );
#11245 = PCURVE('',#11116,#11246);
#11246 = DEFINITIONAL_REPRESENTATION('',(#11247),#11251);
#11247 = LINE('',#11248,#11249);
#11248 = CARTESIAN_POINT('',(2.342231856176,0.));
#11249 = VECTOR('',#11250,1.);
#11250 = DIRECTION('',(-3.837807986359E-16,1.));
#11251 = ( GEOMETRIC_REPRESENTATION_CONTEXT(2) 
PARAMETRIC_REPRESENTATION_CONTEXT() REPRESENTATION_CONTEXT('2D SPACE',''
  ) );
#11252 = ORIENTED_EDGE('',*,*,#11253,.T.);
#11253 = EDGE_CURVE('',#11231,#6256,#11254,.T.);
#11254 = SURFACE_CURVE('',#11255,(#11259,#11266),.PCURVE_S1.);
#11255 = LINE('',#11256,#11257);
#11256 = CARTESIAN_POINT('',(23.267333104023,45.163398638583,
    20.437210421788));
#11257 = VECTOR('',#11258,1.);
#11258 = DIRECTION('',(-0.801025011706,2.981088393792E-03,0.598623457386
    ));
#11259 = PCURVE('',#6298,#11260);
#11260 = DEFINITIONAL_REPRESENTATION('',(#11261),#11265);
#11261 = LINE('',#11262,#11263);
#11262 = CARTESIAN_POINT('',(13.964761515876,1.289812355823E-14));
#11263 = VECTOR('',#11264,1.);
#11264 = DIRECTION('',(5.916942269732E-16,-1.));
#11265 = ( GEOMETRIC_REPRESENTATION_CONTEXT(2) 
PARAMETRIC_REPRESENTATION_CONTEXT() REPRESENTATION_CONTEXT('2D SPACE',''
  ) );
#11266 = PCURVE('',#6492,#11267);
#11267 = DEFINITIONAL_REPRESENTATION('',(#11268),#11272);
#11268 = LINE('',#11269,#11270);
#11269 = CARTESIAN_POINT('',(-0.305636469729,-5.603850716795E-14));
#11270 = VECTOR('',#11271,1.);
#11271 = DIRECTION('',(-3.225286284412E-15,1.));
#11272 = ( GEOMETRIC_REPRESENTATION_CONTEXT(2) 
PARAMETRIC_REPRESENTATION_CONTEXT() REPRESENTATION_CONTEXT('2D SPACE',''
  ) );
#11273 = ORIENTED_EDGE('',*,*,#6284,.F.);
#11274 = ORIENTED_EDGE('',*,*,#11127,.F.);
#11275 = ADVANCED_FACE('',(#11276),#6492,.T.);
#11276 = FACE_BOUND('',#11277,.T.);
#11277 = EDGE_LOOP('',(#11278,#11346,#11347,#11348,#11349,#11371));
#11278 = ORIENTED_EDGE('',*,*,#11279,.F.);
#11279 = EDGE_CURVE('',#6477,#11280,#11282,.T.);
#11280 = VERTEX_POINT('',#11281);
#11281 = CARTESIAN_POINT('',(24.154401127962,44.110644476753,
    20.557403764871));
#11282 = SURFACE_CURVE('',#11283,(#11288,#11317),.PCURVE_S1.);
#11283 = B_SPLINE_CURVE_WITH_KNOTS('',3,(#11284,#11285,#11286,#11287),
  .UNSPECIFIED.,.F.,.F.,(4,4),(0.,0.125881901232),
  .PIECEWISE_BEZIER_KNOTS.);
#11284 = CARTESIAN_POINT('',(23.53370568515,43.968767865678,
    21.74080364697));
#11285 = CARTESIAN_POINT('',(23.729952433278,43.967086771776,
    21.369921096568));
#11286 = CARTESIAN_POINT('',(23.957018601863,44.008887535714,
    20.941480694801));
#11287 = CARTESIAN_POINT('',(24.154401127962,44.110644476753,
    20.557403764871));
#11288 = PCURVE('',#6492,#11289);
#11289 = DEFINITIONAL_REPRESENTATION('',(#11290),#11316);
#11290 = B_SPLINE_CURVE_WITH_KNOTS('',3,(#11291,#11292,#11293,#11294,
    #11295,#11296,#11297,#11298,#11299,#11300,#11301,#11302,#11303,
    #11304,#11305,#11306,#11307,#11308,#11309,#11310,#11311,#11312,
    #11313,#11314,#11315),.UNSPECIFIED.,.F.,.F.,(4,1,1,1,1,1,1,1,1,1,1,1
    ,1,1,1,1,1,1,1,1,1,1,4),(0.,5.721904601463E-03,1.144380920293E-02,
    1.716571380439E-02,2.288761840585E-02,2.860952300731E-02,
    3.433142760878E-02,4.005333221024E-02,4.57752368117E-02,
    5.149714141316E-02,5.721904601463E-02,6.294095061609E-02,
    6.866285521755E-02,7.438475981902E-02,8.010666442048E-02,
    8.582856902194E-02,9.15504736234E-02,9.727237822487E-02,
    0.102994282826,0.108716187428,0.114438092029,0.120159996631,
    0.125881901232),.QUASI_UNIFORM_KNOTS.);
#11291 = CARTESIAN_POINT('',(1.265159857066,0.563429083637));
#11292 = CARTESIAN_POINT('',(1.258356449855,0.546191694554));
#11293 = CARTESIAN_POINT('',(1.244654863264,0.511473061087));
#11294 = CARTESIAN_POINT('',(1.223828861913,0.458725261395));
#11295 = CARTESIAN_POINT('',(1.202739946353,0.405369328634));
#11296 = CARTESIAN_POINT('',(1.181398781072,0.351466979223));
#11297 = CARTESIAN_POINT('',(1.159815945745,0.297079929582));
#11298 = CARTESIAN_POINT('',(1.138001883986,0.24226989613));
#11299 = CARTESIAN_POINT('',(1.115966849465,0.187098595288));
#11300 = CARTESIAN_POINT('',(1.093720848297,0.131627743474));
#11301 = CARTESIAN_POINT('',(1.071273578731,7.591905711002E-02));
#11302 = CARTESIAN_POINT('',(1.048634368577,2.003425261445E-02));
#11303 = CARTESIAN_POINT('',(1.025812111027,-3.596495359263E-02));
#11304 = CARTESIAN_POINT('',(1.002815199423,-9.201684509139E-02));
#11305 = CARTESIAN_POINT('',(0.979651461566,-0.148059705462));
#11306 = CARTESIAN_POINT('',(0.956328094093,-0.204031818285));
#11307 = CARTESIAN_POINT('',(0.932851597516,-0.25987146714));
#11308 = CARTESIAN_POINT('',(0.909227712087,-0.315516935608));
#11309 = CARTESIAN_POINT('',(0.885461356103,-0.370906507268));
#11310 = CARTESIAN_POINT('',(0.861556562559,-0.425978465702));
#11311 = CARTESIAN_POINT('',(0.837516431119,-0.480671094488));
#11312 = CARTESIAN_POINT('',(0.813343033505,-0.534922677209));
#11313 = CARTESIAN_POINT('',(0.789037504469,-0.588671497442));
#11314 = CARTESIAN_POINT('',(0.772745469986,-0.624127724994));
#11315 = CARTESIAN_POINT('',(0.764577373086,-0.641751472882));
#11316 = ( GEOMETRIC_REPRESENTATION_CONTEXT(2) 
PARAMETRIC_REPRESENTATION_CONTEXT() REPRESENTATION_CONTEXT('2D SPACE',''
  ) );
#11317 = PCURVE('',#6520,#11318);
#11318 = DEFINITIONAL_REPRESENTATION('',(#11319),#11345);
#11319 = B_SPLINE_CURVE_WITH_KNOTS('',3,(#11320,#11321,#11322,#11323,
    #11324,#11325,#11326,#11327,#11328,#11329,#11330,#11331,#11332,
    #11333,#11334,#11335,#11336,#11337,#11338,#11339,#11340,#11341,
    #11342,#11343,#11344),.UNSPECIFIED.,.F.,.F.,(4,1,1,1,1,1,1,1,1,1,1,1
    ,1,1,1,1,1,1,1,1,1,1,4),(0.,5.721904601463E-03,1.144380920293E-02,
    1.716571380439E-02,2.288761840585E-02,2.860952300731E-02,
    3.433142760878E-02,4.005333221024E-02,4.57752368117E-02,
    5.149714141316E-02,5.721904601463E-02,6.294095061609E-02,
    6.866285521755E-02,7.438475981902E-02,8.010666442048E-02,
    8.582856902194E-02,9.15504736234E-02,9.727237822487E-02,
    0.102994282826,0.108716187428,0.114438092029,0.120159996631,
    0.125881901232),.QUASI_UNIFORM_KNOTS.);
#11320 = CARTESIAN_POINT('',(-0.785398163397,2.153220407339));
#11321 = CARTESIAN_POINT('',(-0.777065726132,2.135350179968));
#11322 = CARTESIAN_POINT('',(-0.760281429996,2.099358184914));
#11323 = CARTESIAN_POINT('',(-0.734760150072,2.0446769674));
#11324 = CARTESIAN_POINT('',(-0.708907484377,1.989363920964));
#11325 = CARTESIAN_POINT('',(-0.68273680987,1.933480441614));
#11326 = CARTESIAN_POINT('',(-0.656261328559,1.877087925357));
#11327 = CARTESIAN_POINT('',(-0.629493956738,1.820247768203));
#11328 = CARTESIAN_POINT('',(-0.602447207248,1.76302136616));
#11329 = CARTESIAN_POINT('',(-0.57513306605,1.705470115236));
#11330 = CARTESIAN_POINT('',(-0.547562864636,1.647655411441));
#11331 = CARTESIAN_POINT('',(-0.519747149757,1.589638650781));
#11332 = CARTESIAN_POINT('',(-0.491695552011,1.531481229267));
#11333 = CARTESIAN_POINT('',(-0.463416654742,1.473244542905));
#11334 = CARTESIAN_POINT('',(-0.434917864691,1.414989987705));
#11335 = CARTESIAN_POINT('',(-0.406205285675,1.356778959675));
#11336 = CARTESIAN_POINT('',(-0.377283596679,1.298672854824));
#11337 = CARTESIAN_POINT('',(-0.348155934865,1.24073306916));
#11338 = CARTESIAN_POINT('',(-0.318823786687,1.183020998691));
#11339 = CARTESIAN_POINT('',(-0.289286879641,1.125598039425));
#11340 = CARTESIAN_POINT('',(-0.259543106476,1.068525587373));
#11341 = CARTESIAN_POINT('',(-0.229588366426,1.011865038541));
#11342 = CARTESIAN_POINT('',(-0.199416757313,0.955677788938));
#11343 = CARTESIAN_POINT('',(-0.179151920487,0.918576086028));
#11344 = CARTESIAN_POINT('',(-0.168980568443,0.900124583114));
#11345 = ( GEOMETRIC_REPRESENTATION_CONTEXT(2) 
PARAMETRIC_REPRESENTATION_CONTEXT() REPRESENTATION_CONTEXT('2D SPACE',''
  ) );
#11346 = ORIENTED_EDGE('',*,*,#6476,.T.);
#11347 = ORIENTED_EDGE('',*,*,#11204,.T.);
#11348 = ORIENTED_EDGE('',*,*,#11253,.F.);
#11349 = ORIENTED_EDGE('',*,*,#11350,.F.);
#11350 = EDGE_CURVE('',#11351,#11231,#11353,.T.);
#11351 = VERTEX_POINT('',#11352);
#11352 = CARTESIAN_POINT('',(23.303614295063,44.916836988271,
    20.443003902564));
#11353 = SURFACE_CURVE('',#11354,(#11359,#11365),.PCURVE_S1.);
#11354 = B_SPLINE_CURVE_WITH_KNOTS('',3,(#11355,#11356,#11357,#11358),
  .UNSPECIFIED.,.F.,.F.,(4,4),(0.53984005057,0.570497477943),
  .PIECEWISE_BEZIER_KNOTS.);
#11355 = CARTESIAN_POINT('',(23.303614295063,44.916836988271,
    20.443003902564));
#11356 = CARTESIAN_POINT('',(23.238699244963,45.000877617597,
    20.469207066134));
#11357 = CARTESIAN_POINT('',(23.179325144452,45.084569592026,
    20.503283623107));
#11358 = CARTESIAN_POINT('',(23.127597430345,45.163918677769,
    20.541637937627));
#11359 = PCURVE('',#6492,#11360);
#11360 = DEFINITIONAL_REPRESENTATION('',(#11361),#11364);
#11361 = B_SPLINE_CURVE_WITH_KNOTS('',1,(#11362,#11363),.UNSPECIFIED.,
  .F.,.F.,(2,2),(0.53984005057,0.570497477943),
  .PIECEWISE_BEZIER_KNOTS.);
#11362 = CARTESIAN_POINT('',(-9.869262119414E-02,-2.632905005929E-02));
#11363 = CARTESIAN_POINT('',(-0.305636469729,0.174446080504));
#11364 = ( GEOMETRIC_REPRESENTATION_CONTEXT(2) 
PARAMETRIC_REPRESENTATION_CONTEXT() REPRESENTATION_CONTEXT('2D SPACE',''
  ) );
#11365 = PCURVE('',#11116,#11366);
#11366 = DEFINITIONAL_REPRESENTATION('',(#11367),#11370);
#11367 = B_SPLINE_CURVE_WITH_KNOTS('',1,(#11368,#11369),.UNSPECIFIED.,
  .F.,.F.,(2,2),(0.53984005057,0.570497477943),
  .PIECEWISE_BEZIER_KNOTS.);
#11368 = CARTESIAN_POINT('',(2.088550782302,-9.053546575265));
#11369 = CARTESIAN_POINT('',(2.342231856176,-8.806982670818));
#11370 = ( GEOMETRIC_REPRESENTATION_CONTEXT(2) 
PARAMETRIC_REPRESENTATION_CONTEXT() REPRESENTATION_CONTEXT('2D SPACE',''
  ) );
#11371 = ORIENTED_EDGE('',*,*,#11372,.F.);
#11372 = EDGE_CURVE('',#11280,#11351,#11373,.T.);
#11373 = SURFACE_CURVE('',#11374,(#11379,#11408),.PCURVE_S1.);
#11374 = ELLIPSE('',#11375,1.721256550402,1.2);
#11375 = AXIS2_PLACEMENT_3D('',#11376,#11377,#11378);
#11376 = CARTESIAN_POINT('',(24.974144368628,45.163398638583,
    20.659740013797));
#11377 = DIRECTION('',(0.129282039652,-4.276014937617E-03,
    -0.991598643565));
#11378 = DIRECTION('',(-0.991607709035,1.259147351638E-15,
    -0.129283221584));
#11379 = PCURVE('',#6492,#11380);
#11380 = DEFINITIONAL_REPRESENTATION('',(#11381),#11407);
#11381 = B_SPLINE_CURVE_WITH_KNOTS('',3,(#11382,#11383,#11384,#11385,
    #11386,#11387,#11388,#11389,#11390,#11391,#11392,#11393,#11394,
    #11395,#11396,#11397,#11398,#11399,#11400,#11401,#11402,#11403,
    #11404,#11405,#11406),.UNSPECIFIED.,.F.,.F.,(4,1,1,1,1,1,1,1,1,1,1,1
    ,1,1,1,1,1,1,1,1,1,1,4),(5.212971464365,5.25221100956,5.291450554754
    ,5.330690099949,5.369929645143,5.409169190338,5.448408735532,
    5.487648280727,5.526887825921,5.566127371116,5.605366916311,
    5.644606461505,5.6838460067,5.723085551894,5.762325097089,
    5.801564642283,5.840804187478,5.880043732672,5.919283277867,
    5.958522823061,5.997762368256,6.037001913451,6.076241458645),
  .QUASI_UNIFORM_KNOTS.);
#11382 = CARTESIAN_POINT('',(0.764577373086,-0.641751472882));
#11383 = CARTESIAN_POINT('',(0.751497524688,-0.627591353761));
#11384 = CARTESIAN_POINT('',(0.725337827891,-0.599575558166));
#11385 = CARTESIAN_POINT('',(0.686098282697,-0.558528215591));
#11386 = CARTESIAN_POINT('',(0.646858737502,-0.518520866709));
#11387 = CARTESIAN_POINT('',(0.607619192308,-0.479614984387));
#11388 = CARTESIAN_POINT('',(0.568379647113,-0.441870498169));
#11389 = CARTESIAN_POINT('',(0.529140101919,-0.405345508734));
#11390 = CARTESIAN_POINT('',(0.489900556724,-0.370096250237));
#11391 = CARTESIAN_POINT('',(0.45066101153,-0.336176989854));
#11392 = CARTESIAN_POINT('',(0.411421466335,-0.303639947957));
#11393 = CARTESIAN_POINT('',(0.37218192114,-0.27253521672));
#11394 = CARTESIAN_POINT('',(0.332942375946,-0.24291068327));
#11395 = CARTESIAN_POINT('',(0.293702830751,-0.214811955884));
#11396 = CARTESIAN_POINT('',(0.254463285557,-0.188282293806));
#11397 = CARTESIAN_POINT('',(0.215223740362,-0.163362540605));
#11398 = CARTESIAN_POINT('',(0.175984195168,-0.14009106143));
#11399 = CARTESIAN_POINT('',(0.136744649973,-0.118503683445));
#11400 = CARTESIAN_POINT('',(9.750510477867E-02,-9.863364252771E-02));
#11401 = CARTESIAN_POINT('',(5.826555958411E-02,-8.05115251944E-02));
#11402 = CARTESIAN_POINT('',(1.902601438957E-02,-6.416524726687E-02));
#11403 = CARTESIAN_POINT('',(-2.021353080497E-02,-4.961991478404E-02));
#11404 = CARTESIAN_POINT('',(-5.945307599952E-02,-3.689814403571E-02));
#11405 = CARTESIAN_POINT('',(-8.561277279588E-02,-2.964517341971E-02));
#11406 = CARTESIAN_POINT('',(-9.869262119406E-02,-2.632905005932E-02));
#11407 = ( GEOMETRIC_REPRESENTATION_CONTEXT(2) 
PARAMETRIC_REPRESENTATION_CONTEXT() REPRESENTATION_CONTEXT('2D SPACE',''
  ) );
#11408 = PCURVE('',#11030,#11409);
#11409 = DEFINITIONAL_REPRESENTATION('',(#11410),#11418);
#11410 = ( BOUNDED_CURVE() B_SPLINE_CURVE(2,(#11411,#11412,#11413,#11414
    ,#11415,#11416,#11417),.UNSPECIFIED.,.T.,.F.) 
B_SPLINE_CURVE_WITH_KNOTS((1,2,2,2,2,1),(-2.094395102393,0.,
    2.094395102393,4.188790204786,6.28318530718,8.377580409573),
.UNSPECIFIED.) CURVE() GEOMETRIC_REPRESENTATION_ITEM() 
RATIONAL_B_SPLINE_CURVE((1.,0.5,1.,0.5,1.,0.5,1.)) REPRESENTATION_ITEM(
  '') );
#11411 = CARTESIAN_POINT('',(13.964761515876,-1.332669836707));
#11412 = CARTESIAN_POINT('',(11.886300546794,-1.332669836707));
#11413 = CARTESIAN_POINT('',(12.925531031335,1.249214988895));
#11414 = CARTESIAN_POINT('',(13.964761515876,3.831099814498));
#11415 = CARTESIAN_POINT('',(15.003992000418,1.249214988895));
#11416 = CARTESIAN_POINT('',(16.043222484959,-1.332669836707));
#11417 = CARTESIAN_POINT('',(13.964761515876,-1.332669836707));
#11418 = ( GEOMETRIC_REPRESENTATION_CONTEXT(2) 
PARAMETRIC_REPRESENTATION_CONTEXT() REPRESENTATION_CONTEXT('2D SPACE',''
  ) );
#11419 = ADVANCED_FACE('',(#11420),#6520,.T.);
#11420 = FACE_BOUND('',#11421,.T.);
#11421 = EDGE_LOOP('',(#11422,#11423,#11451,#11474,#11518));
#11422 = ORIENTED_EDGE('',*,*,#11279,.T.);
#11423 = ORIENTED_EDGE('',*,*,#11424,.F.);
#11424 = EDGE_CURVE('',#11425,#11280,#11427,.T.);
#11425 = VERTEX_POINT('',#11426);
#11426 = CARTESIAN_POINT('',(24.489436890002,44.76340229546,
    20.598270001178));
#11427 = SURFACE_CURVE('',#11428,(#11433,#11440),.PCURVE_S1.);
#11428 = CIRCLE('',#11429,0.8);
#11429 = AXIS2_PLACEMENT_3D('',#11430,#11431,#11432);
#11430 = CARTESIAN_POINT('',(23.696150722774,44.76340229546,
    20.49484342391));
#11431 = DIRECTION('',(0.129282039652,-4.276014937617E-03,
    -0.991598643565));
#11432 = DIRECTION('',(0.700781634695,-0.707100316679,9.441526691079E-02
    ));
#11433 = PCURVE('',#6520,#11434);
#11434 = DEFINITIONAL_REPRESENTATION('',(#11435),#11439);
#11435 = LINE('',#11436,#11437);
#11436 = CARTESIAN_POINT('',(6.28318530718,0.900124583114));
#11437 = VECTOR('',#11438,1.);
#11438 = DIRECTION('',(-1.,0.));
#11439 = ( GEOMETRIC_REPRESENTATION_CONTEXT(2) 
PARAMETRIC_REPRESENTATION_CONTEXT() REPRESENTATION_CONTEXT('2D SPACE',''
  ) );
#11440 = PCURVE('',#11030,#11441);
#11441 = DEFINITIONAL_REPRESENTATION('',(#11442),#11450);
#11442 = ( BOUNDED_CURVE() B_SPLINE_CURVE(2,(#11443,#11444,#11445,#11446
    ,#11447,#11448,#11449),.UNSPECIFIED.,.T.,.F.) 
B_SPLINE_CURVE_WITH_KNOTS((1,2,2,2,2,1),(-2.094395102393,0.,
    2.094395102393,4.188790204786,6.28318530718,8.377580409573),
.UNSPECIFIED.) CURVE() GEOMETRIC_REPRESENTATION_ITEM() 
RATIONAL_B_SPLINE_CURVE((1.,0.5,1.,0.5,1.,0.5,1.)) REPRESENTATION_ITEM(
  '') );
#11443 = CARTESIAN_POINT('',(14.930446940826,-0.334314575051));
#11444 = CARTESIAN_POINT('',(15.910242837939,-1.314110472164));
#11445 = CARTESIAN_POINT('',(14.571816751958,-1.672740661031));
#11446 = CARTESIAN_POINT('',(13.233390665978,-2.031370849898));
#11447 = CARTESIAN_POINT('',(13.592020854845,-0.692944763918));
#11448 = CARTESIAN_POINT('',(13.950651043712,0.645481322063));
#11449 = CARTESIAN_POINT('',(14.930446940826,-0.334314575051));
#11450 = ( GEOMETRIC_REPRESENTATION_CONTEXT(2) 
PARAMETRIC_REPRESENTATION_CONTEXT() REPRESENTATION_CONTEXT('2D SPACE',''
  ) );
#11451 = ORIENTED_EDGE('',*,*,#11452,.T.);
#11452 = EDGE_CURVE('',#11425,#11453,#11455,.T.);
#11453 = VERTEX_POINT('',#11454);
#11454 = CARTESIAN_POINT('',(23.9327817981,44.781813712038,
    24.867837804633));
#11455 = SURFACE_CURVE('',#11456,(#11460,#11467),.PCURVE_S1.);
#11456 = LINE('',#11457,#11458);
#11457 = CARTESIAN_POINT('',(24.605806832048,44.759553349297,
    19.705707685523));
#11458 = VECTOR('',#11459,1.);
#11459 = DIRECTION('',(-0.129282039652,4.276014937618E-03,0.991598643565
    ));
#11460 = PCURVE('',#6520,#11461);
#11461 = DEFINITIONAL_REPRESENTATION('',(#11462),#11466);
#11462 = LINE('',#11463,#11464);
#11463 = CARTESIAN_POINT('',(0.785398163397,1.254552017826E-14));
#11464 = VECTOR('',#11465,1.);
#11465 = DIRECTION('',(-1.031388370862E-15,1.));
#11466 = ( GEOMETRIC_REPRESENTATION_CONTEXT(2) 
PARAMETRIC_REPRESENTATION_CONTEXT() REPRESENTATION_CONTEXT('2D SPACE',''
  ) );
#11467 = PCURVE('',#11003,#11468);
#11468 = DEFINITIONAL_REPRESENTATION('',(#11469),#11473);
#11469 = LINE('',#11470,#11471);
#11470 = CARTESIAN_POINT('',(9.206982670818,6.005866458784));
#11471 = VECTOR('',#11472,1.);
#11472 = DIRECTION('',(8.255456424354E-16,1.));
#11473 = ( GEOMETRIC_REPRESENTATION_CONTEXT(2) 
PARAMETRIC_REPRESENTATION_CONTEXT() REPRESENTATION_CONTEXT('2D SPACE',''
  ) );
#11474 = ORIENTED_EDGE('',*,*,#11475,.T.);
#11475 = EDGE_CURVE('',#11453,#6505,#11476,.T.);
#11476 = SURFACE_CURVE('',#11477,(#11482,#11489),.PCURVE_S1.);
#11477 = CIRCLE('',#11478,0.8);
#11478 = AXIS2_PLACEMENT_3D('',#11479,#11480,#11481);
#11479 = CARTESIAN_POINT('',(23.139495630872,44.781813712038,
    24.764411227366));
#11480 = DIRECTION('',(0.129282039652,-4.276014937616E-03,
    -0.991598643565));
#11481 = DIRECTION('',(0.991607709035,-1.178645368958E-15,0.129283221584
    ));
#11482 = PCURVE('',#6520,#11483);
#11483 = DEFINITIONAL_REPRESENTATION('',(#11484),#11488);
#11484 = LINE('',#11485,#11486);
#11485 = CARTESIAN_POINT('',(0.785398163397,5.205866458784));
#11486 = VECTOR('',#11487,1.);
#11487 = DIRECTION('',(-1.,-2.261727773485E-15));
#11488 = ( GEOMETRIC_REPRESENTATION_CONTEXT(2) 
PARAMETRIC_REPRESENTATION_CONTEXT() REPRESENTATION_CONTEXT('2D SPACE',''
  ) );
#11489 = PCURVE('',#6575,#11490);
#11490 = DEFINITIONAL_REPRESENTATION('',(#11491),#11517);
#11491 = B_SPLINE_CURVE_WITH_KNOTS('',3,(#11492,#11493,#11494,#11495,
    #11496,#11497,#11498,#11499,#11500,#11501,#11502,#11503,#11504,
    #11505,#11506,#11507,#11508,#11509,#11510,#11511,#11512,#11513,
    #11514,#11515,#11516),.UNSPECIFIED.,.F.,.F.,(4,1,1,1,1,1,1,1,1,1,1,1
    ,1,1,1,1,1,1,1,1,1,1,4),(0.,7.139983303613E-02,0.142799666072,
    0.214199499108,0.285599332145,0.356999165181,0.428398998217,
    0.499798831253,0.571198664289,0.642598497325,0.713998330361,
    0.785398163397,0.856797996434,0.92819782947,0.999597662506,
    1.070997495542,1.142397328578,1.213797161614,1.28519699465,
    1.356596827686,1.427996660723,1.499396493759,1.570796326795),
  .QUASI_UNIFORM_KNOTS.);
#11492 = CARTESIAN_POINT('',(0.887117624303,0.417670786666));
#11493 = CARTESIAN_POINT('',(0.875417719165,0.396409658279));
#11494 = CARTESIAN_POINT('',(0.852663786267,0.353739304215));
#11495 = CARTESIAN_POINT('',(0.820120146948,0.289370872458));
#11496 = CARTESIAN_POINT('',(0.788796406603,0.224725229908));
#11497 = CARTESIAN_POINT('',(0.758384665476,0.159873021131));
#11498 = CARTESIAN_POINT('',(0.728601139942,9.487892452683E-02));
#11499 = CARTESIAN_POINT('',(0.699183088223,2.980241797681E-02));
#11500 = CARTESIAN_POINT('',(0.669878659829,-3.529968713159E-02));
#11501 = CARTESIAN_POINT('',(0.640439575276,-0.100371453582));
#11502 = CARTESIAN_POINT('',(0.610613411992,-0.165355930775));
#11503 = CARTESIAN_POINT('',(0.580135817113,-0.230193242139));
#11504 = CARTESIAN_POINT('',(0.548722005152,-0.294818469692));
#11505 = CARTESIAN_POINT('',(0.516057102946,-0.359159203085));
#11506 = CARTESIAN_POINT('',(0.481784757006,-0.42313256986));
#11507 = CARTESIAN_POINT('',(0.445493316011,-0.486641509925));
#11508 = CARTESIAN_POINT('',(0.406698783284,-0.549569993068));
#11509 = CARTESIAN_POINT('',(0.36482349739,-0.611776701919));
#11510 = CARTESIAN_POINT('',(0.319169784003,-0.67308677753));
#11511 = CARTESIAN_POINT('',(0.26888660944,-0.733280140394));
#11512 = CARTESIAN_POINT('',(0.212933030385,-0.792077893006));
#11513 = CARTESIAN_POINT('',(0.150025393448,-0.849115890338));
#11514 = CARTESIAN_POINT('',(7.863046083997E-02,-0.903939772858));
#11515 = CARTESIAN_POINT('',(2.408635044518E-02,-0.938571213719));
#11516 = CARTESIAN_POINT('',(-5.22581887218E-03,-0.955306962727));
#11517 = ( GEOMETRIC_REPRESENTATION_CONTEXT(2) 
PARAMETRIC_REPRESENTATION_CONTEXT() REPRESENTATION_CONTEXT('2D SPACE',''
  ) );
#11518 = ORIENTED_EDGE('',*,*,#6504,.T.);
#11519 = ADVANCED_FACE('',(#11520),#6575,.T.);
#11520 = FACE_BOUND('',#11521,.T.);
#11521 = EDGE_LOOP('',(#11522,#11566,#11567));
#11522 = ORIENTED_EDGE('',*,*,#11523,.F.);
#11523 = EDGE_CURVE('',#6559,#11453,#11524,.T.);
#11524 = SURFACE_CURVE('',#11525,(#11530,#11559),.PCURVE_S1.);
#11525 = CIRCLE('',#11526,0.8);
#11526 = AXIS2_PLACEMENT_3D('',#11527,#11528,#11529);
#11527 = CARTESIAN_POINT('',(23.139495630872,44.781813712038,
    24.764411227366));
#11528 = DIRECTION('',(5.528169866782E-04,0.999990857806,
    -4.240129376085E-03));
#11529 = DIRECTION('',(-0.129282039652,4.276014937614E-03,0.991598643565
    ));
#11530 = PCURVE('',#6575,#11531);
#11531 = DEFINITIONAL_REPRESENTATION('',(#11532),#11558);
#11532 = B_SPLINE_CURVE_WITH_KNOTS('',3,(#11533,#11534,#11535,#11536,
    #11537,#11538,#11539,#11540,#11541,#11542,#11543,#11544,#11545,
    #11546,#11547,#11548,#11549,#11550,#11551,#11552,#11553,#11554,
    #11555,#11556,#11557),.UNSPECIFIED.,.F.,.F.,(4,1,1,1,1,1,1,1,1,1,1,1
    ,1,1,1,1,1,1,1,1,1,1,4),(0.,7.139983303613E-02,0.142799666072,
    0.214199499108,0.285599332145,0.356999165181,0.428398998217,
    0.499798831253,0.571198664289,0.642598497325,0.713998330361,
    0.785398163397,0.856797996434,0.92819782947,0.999597662506,
    1.070997495542,1.142397328578,1.213797161614,1.28519699465,
    1.356596827686,1.427996660723,1.499396493759,1.570796326795),
  .QUASI_UNIFORM_KNOTS.);
#11533 = CARTESIAN_POINT('',(-0.885027257935,0.423395441223));
#11534 = CARTESIAN_POINT('',(-0.861651869624,0.433984137429));
#11535 = CARTESIAN_POINT('',(-0.814218582149,0.454548759824));
#11536 = CARTESIAN_POINT('',(-0.74097293589,0.483340178134));
#11537 = CARTESIAN_POINT('',(-0.665564709366,0.50985980783));
#11538 = CARTESIAN_POINT('',(-0.587992426895,0.533888113908));
#11539 = CARTESIAN_POINT('',(-0.508308759718,0.555208806949));
#11540 = CARTESIAN_POINT('',(-0.426633325921,0.573613915045));
#11541 = CARTESIAN_POINT('',(-0.343155957175,0.588910496568));
#11542 = CARTESIAN_POINT('',(-0.258137729382,0.600927777126));
#11543 = CARTESIAN_POINT('',(-0.17190631577,0.609524416764));
#11544 = CARTESIAN_POINT('',(-8.484570704041E-02,0.6145951787));
#11545 = CARTESIAN_POINT('',(2.619615775276E-03,0.616076299167));
#11546 = CARTESIAN_POINT('',(9.004480759141E-02,0.613948910315));
#11547 = CARTESIAN_POINT('',(0.176987060291,0.608240078032));
#11548 = CARTESIAN_POINT('',(0.263027773282,0.599021316764));
#11549 = CARTESIAN_POINT('',(0.347792036682,0.586404777949));
#11550 = CARTESIAN_POINT('',(0.430963531028,0.570537595317));
#11551 = CARTESIAN_POINT('',(0.512293766547,0.5515950588));
#11552 = CARTESIAN_POINT('',(0.591605733536,0.529773314664));
#11553 = CARTESIAN_POINT('',(0.668792064547,0.505282308538));
#11554 = CARTESIAN_POINT('',(0.743811125134,0.478339205797));
#11555 = CARTESIAN_POINT('',(0.81667407518,0.449163580299));
#11556 = CARTESIAN_POINT('',(0.863861502232,0.428368437088));
#11557 = CARTESIAN_POINT('',(0.887117624303,0.417670786666));
#11558 = ( GEOMETRIC_REPRESENTATION_CONTEXT(2) 
PARAMETRIC_REPRESENTATION_CONTEXT() REPRESENTATION_CONTEXT('2D SPACE',''
  ) );
#11559 = PCURVE('',#6649,#11560);
#11560 = DEFINITIONAL_REPRESENTATION('',(#11561),#11565);
#11561 = LINE('',#11562,#11563);
#11562 = CARTESIAN_POINT('',(7.068583470577,9.453491335409));
#11563 = VECTOR('',#11564,1.);
#11564 = DIRECTION('',(-1.,-4.52345554697E-15));
#11565 = ( GEOMETRIC_REPRESENTATION_CONTEXT(2) 
PARAMETRIC_REPRESENTATION_CONTEXT() REPRESENTATION_CONTEXT('2D SPACE',''
  ) );
#11566 = ORIENTED_EDGE('',*,*,#6558,.T.);
#11567 = ORIENTED_EDGE('',*,*,#11475,.F.);
#11568 = ADVANCED_FACE('',(#11569),#6649,.T.);
#11569 = FACE_BOUND('',#11570,.T.);
#11570 = EDGE_LOOP('',(#11571,#11572,#11573,#11574));
#11571 = ORIENTED_EDGE('',*,*,#10870,.T.);
#11572 = ORIENTED_EDGE('',*,*,#6635,.T.);
#11573 = ORIENTED_EDGE('',*,*,#11523,.T.);
#11574 = ORIENTED_EDGE('',*,*,#11575,.T.);
#11575 = EDGE_CURVE('',#11453,#10824,#11576,.T.);
#11576 = SURFACE_CURVE('',#11577,(#11581,#11588),.PCURVE_S1.);
#11577 = LINE('',#11578,#11579);
#11578 = CARTESIAN_POINT('',(23.938007848694,54.235218621799,
    24.827753778316));
#11579 = VECTOR('',#11580,1.);
#11580 = DIRECTION('',(5.528169866789E-04,0.999990857806,
    -4.24012937609E-03));
#11581 = PCURVE('',#6649,#11582);
#11582 = DEFINITIONAL_REPRESENTATION('',(#11583),#11587);
#11583 = LINE('',#11584,#11585);
#11584 = CARTESIAN_POINT('',(5.497787143782,1.7763568394E-15));
#11585 = VECTOR('',#11586,1.);
#11586 = DIRECTION('',(-9.979532805619E-17,-1.));
#11587 = ( GEOMETRIC_REPRESENTATION_CONTEXT(2) 
PARAMETRIC_REPRESENTATION_CONTEXT() REPRESENTATION_CONTEXT('2D SPACE',''
  ) );
#11588 = PCURVE('',#11003,#11589);
#11589 = DEFINITIONAL_REPRESENTATION('',(#11590),#11594);
#11590 = LINE('',#11591,#11592);
#11591 = CARTESIAN_POINT('',(-0.246508664591,11.211732917569));
#11592 = VECTOR('',#11593,1.);
#11593 = DIRECTION('',(-1.,-8.376466401871E-16));
#11594 = ( GEOMETRIC_REPRESENTATION_CONTEXT(2) 
PARAMETRIC_REPRESENTATION_CONTEXT() REPRESENTATION_CONTEXT('2D SPACE',''
  ) );
#11595 = ADVANCED_FACE('',(#11596),#6706,.T.);
#11596 = FACE_BOUND('',#11597,.T.);
#11597 = EDGE_LOOP('',(#11598,#11644,#11645));
#11598 = ORIENTED_EDGE('',*,*,#11599,.F.);
#11599 = EDGE_CURVE('',#6690,#11600,#11602,.T.);
#11600 = VERTEX_POINT('',#11601);
#11601 = CARTESIAN_POINT('',(25.286168989582,44.698738473878,
    14.252297345593));
#11602 = SURFACE_CURVE('',#11603,(#11608,#11637),.PCURVE_S1.);
#11603 = CIRCLE('',#11604,0.8);
#11604 = AXIS2_PLACEMENT_3D('',#11605,#11606,#11607);
#11605 = CARTESIAN_POINT('',(24.492882822354,44.698738473878,
    14.148870768325));
#11606 = DIRECTION('',(-0.129282039652,4.276014937615E-03,0.991598643565
    ));
#11607 = DIRECTION('',(-5.528169866772E-04,-0.999990857806,
    4.240129376086E-03));
#11608 = PCURVE('',#6706,#11609);
#11609 = DEFINITIONAL_REPRESENTATION('',(#11610),#11636);
#11610 = B_SPLINE_CURVE_WITH_KNOTS('',3,(#11611,#11612,#11613,#11614,
    #11615,#11616,#11617,#11618,#11619,#11620,#11621,#11622,#11623,
    #11624,#11625,#11626,#11627,#11628,#11629,#11630,#11631,#11632,
    #11633,#11634,#11635),.UNSPECIFIED.,.F.,.F.,(4,1,1,1,1,1,1,1,1,1,1,1
    ,1,1,1,1,1,1,1,1,1,1,4),(0.,7.139983303613E-02,0.142799666072,
    0.214199499108,0.285599332145,0.356999165181,0.428398998217,
    0.499798831253,0.571198664289,0.642598497325,0.713998330361,
    0.785398163397,0.856797996434,0.92819782947,0.999597662506,
    1.070997495542,1.142397328578,1.213797161614,1.28519699465,
    1.356596827687,1.427996660723,1.499396493759,1.570796326795),
  .QUASI_UNIFORM_KNOTS.);
#11611 = CARTESIAN_POINT('',(-0.886077123793,-0.420534335284));
#11612 = CARTESIAN_POINT('',(-0.874421918981,-0.399245918674));
#11613 = CARTESIAN_POINT('',(-0.851760602664,-0.356521383409));
#11614 = CARTESIAN_POINT('',(-0.81936467159,-0.292072447429));
#11615 = CARTESIAN_POINT('',(-0.788196339671,-0.227346666659));
#11616 = CARTESIAN_POINT('',(-0.757947389702,-0.162414226077));
#11617 = CARTESIAN_POINT('',(-0.728334065356,-9.733931239663E-02));
#11618 = CARTESIAN_POINT('',(-0.699094007959,-3.218087056972E-02));
#11619 = CARTESIAN_POINT('',(-0.669976041321,3.300486811569E-02));
#11620 = CARTESIAN_POINT('',(-0.640732836946,9.816260582651E-02));
#11621 = CARTESIAN_POINT('',(-0.611113194924,0.163236106295));
#11622 = CARTESIAN_POINT('',(-0.580854267381,0.228166302646));
#11623 = CARTESIAN_POINT('',(-0.549673077208,0.292889207833));
#11624 = CARTESIAN_POINT('',(-0.517256892331,0.357333496394));
#11625 = CARTESIAN_POINT('',(-0.483251866427,0.421417575992));
#11626 = CARTESIAN_POINT('',(-0.447249251405,0.485045913962));
#11627 = CARTESIAN_POINT('',(-0.408768363881,0.548104320227));
#11628 = CARTESIAN_POINT('',(-0.367235234384,0.610453711589));
#11629 = CARTESIAN_POINT('',(-0.321956148725,0.671921956095));
#11630 = CARTESIAN_POINT('',(-0.272083970977,0.732292309234));
#11631 = CARTESIAN_POINT('',(-0.216581081542,0.791289937376));
#11632 = CARTESIAN_POINT('',(-0.154164869643,0.848555592307));
#11633 = CARTESIAN_POINT('',(-8.330024807213E-02,0.903640648239));
#11634 = CARTESIAN_POINT('',(-2.912546101253E-02,0.938472816918));
#11635 = CARTESIAN_POINT('',(0.,0.955316618125));
#11636 = ( GEOMETRIC_REPRESENTATION_CONTEXT(2) 
PARAMETRIC_REPRESENTATION_CONTEXT() REPRESENTATION_CONTEXT('2D SPACE',''
  ) );
#11637 = PCURVE('',#6782,#11638);
#11638 = DEFINITIONAL_REPRESENTATION('',(#11639),#11643);
#11639 = LINE('',#11640,#11641);
#11640 = CARTESIAN_POINT('',(0.785398163397,8.20873739662));
#11641 = VECTOR('',#11642,1.);
#11642 = DIRECTION('',(-1.,1.130863886743E-15));
#11643 = ( GEOMETRIC_REPRESENTATION_CONTEXT(2) 
PARAMETRIC_REPRESENTATION_CONTEXT() REPRESENTATION_CONTEXT('2D SPACE',''
  ) );
#11644 = ORIENTED_EDGE('',*,*,#6689,.T.);
#11645 = ORIENTED_EDGE('',*,*,#11646,.F.);
#11646 = EDGE_CURVE('',#11600,#6667,#11647,.T.);
#11647 = SURFACE_CURVE('',#11648,(#11653,#11682),.PCURVE_S1.);
#11648 = CIRCLE('',#11649,0.8);
#11649 = AXIS2_PLACEMENT_3D('',#11650,#11651,#11652);
#11650 = CARTESIAN_POINT('',(24.492882822354,44.698738473878,
    14.148870768325));
#11651 = DIRECTION('',(5.528169866772E-04,0.999990857806,
    -4.240129376086E-03));
#11652 = DIRECTION('',(0.991607709035,1.06312087747E-18,0.129283221584)
  );
#11653 = PCURVE('',#6706,#11654);
#11654 = DEFINITIONAL_REPRESENTATION('',(#11655),#11681);
#11655 = B_SPLINE_CURVE_WITH_KNOTS('',3,(#11656,#11657,#11658,#11659,
    #11660,#11661,#11662,#11663,#11664,#11665,#11666,#11667,#11668,
    #11669,#11670,#11671,#11672,#11673,#11674,#11675,#11676,#11677,
    #11678,#11679,#11680),.UNSPECIFIED.,.F.,.F.,(4,1,1,1,1,1,1,1,1,1,1,1
    ,1,1,1,1,1,1,1,1,1,1,4),(0.,7.139983303614E-02,0.142799666072,
    0.214199499108,0.285599332145,0.356999165181,0.428398998217,
    0.499798831253,0.571198664289,0.642598497325,0.713998330361,
    0.785398163398,0.856797996434,0.92819782947,0.999597662506,
    1.070997495542,1.142397328578,1.213797161614,1.28519699465,
    1.356596827687,1.427996660723,1.499396493759,1.570796326795),
  .QUASI_UNIFORM_KNOTS.);
#11656 = CARTESIAN_POINT('',(0.,0.955316618125));
#11657 = CARTESIAN_POINT('',(2.912546101252E-02,0.938472816918));
#11658 = CARTESIAN_POINT('',(8.330024807211E-02,0.903640648239));
#11659 = CARTESIAN_POINT('',(0.154164869643,0.848555592306));
#11660 = CARTESIAN_POINT('',(0.216581081542,0.791289937376));
#11661 = CARTESIAN_POINT('',(0.272083970977,0.732292309234));
#11662 = CARTESIAN_POINT('',(0.321956148725,0.671921956095));
#11663 = CARTESIAN_POINT('',(0.367235234384,0.610453711589));
#11664 = CARTESIAN_POINT('',(0.408768363881,0.548104320227));
#11665 = CARTESIAN_POINT('',(0.447249251405,0.485045913962));
#11666 = CARTESIAN_POINT('',(0.483251866427,0.421417575992));
#11667 = CARTESIAN_POINT('',(0.517256892331,0.357333496394));
#11668 = CARTESIAN_POINT('',(0.549673077209,0.292889207833));
#11669 = CARTESIAN_POINT('',(0.580854267381,0.228166302646));
#11670 = CARTESIAN_POINT('',(0.611113194924,0.163236106295));
#11671 = CARTESIAN_POINT('',(0.640732836946,9.816260582645E-02));
#11672 = CARTESIAN_POINT('',(0.669976041321,3.300486811562E-02));
#11673 = CARTESIAN_POINT('',(0.699094007959,-3.218087056978E-02));
#11674 = CARTESIAN_POINT('',(0.728334065356,-9.733931239671E-02));
#11675 = CARTESIAN_POINT('',(0.757947389702,-0.162414226078));
#11676 = CARTESIAN_POINT('',(0.788196339672,-0.227346666659));
#11677 = CARTESIAN_POINT('',(0.81936467159,-0.292072447429));
#11678 = CARTESIAN_POINT('',(0.851760602664,-0.356521383409));
#11679 = CARTESIAN_POINT('',(0.874421918981,-0.399245918674));
#11680 = CARTESIAN_POINT('',(0.886077123793,-0.420534335284));
#11681 = ( GEOMETRIC_REPRESENTATION_CONTEXT(2) 
PARAMETRIC_REPRESENTATION_CONTEXT() REPRESENTATION_CONTEXT('2D SPACE',''
  ) );
#11682 = PCURVE('',#7416,#11683);
#11683 = DEFINITIONAL_REPRESENTATION('',(#11684),#11688);
#11684 = LINE('',#11685,#11686);
#11685 = CARTESIAN_POINT('',(5.497787143782,0.553491335409));
#11686 = VECTOR('',#11687,1.);
#11687 = DIRECTION('',(1.,0.));
#11688 = ( GEOMETRIC_REPRESENTATION_CONTEXT(2) 
PARAMETRIC_REPRESENTATION_CONTEXT() REPRESENTATION_CONTEXT('2D SPACE',''
  ) );
#11689 = ADVANCED_FACE('',(#11690),#6782,.T.);
#11690 = FACE_BOUND('',#11691,.T.);
#11691 = EDGE_LOOP('',(#11692,#11760,#11761,#11762,#11790));
#11692 = ORIENTED_EDGE('',*,*,#11693,.F.);
#11693 = EDGE_CURVE('',#6767,#11694,#11696,.T.);
#11694 = VERTEX_POINT('',#11695);
#11695 = CARTESIAN_POINT('',(24.394478135641,44.064392071748,
    18.480998912742));
#11696 = SURFACE_CURVE('',#11697,(#11702,#11731),.PCURVE_S1.);
#11697 = B_SPLINE_CURVE_WITH_KNOTS('',3,(#11698,#11699,#11700,#11701),
  .UNSPECIFIED.,.F.,.F.,(4,4),(0.,0.125881901232),
  .PIECEWISE_BEZIER_KNOTS.);
#11698 = CARTESIAN_POINT('',(24.097788260899,43.911798947748,
    17.179262555723));
#11699 = CARTESIAN_POINT('',(24.192381833511,43.91348004165,
    17.588064107046));
#11700 = CARTESIAN_POINT('',(24.302055318522,43.959163579018,
    18.060030491174));
#11701 = CARTESIAN_POINT('',(24.394478135641,44.064392071748,
    18.480998912742));
#11702 = PCURVE('',#6782,#11703);
#11703 = DEFINITIONAL_REPRESENTATION('',(#11704),#11730);
#11704 = B_SPLINE_CURVE_WITH_KNOTS('',3,(#11705,#11706,#11707,#11708,
    #11709,#11710,#11711,#11712,#11713,#11714,#11715,#11716,#11717,
    #11718,#11719,#11720,#11721,#11722,#11723,#11724,#11725,#11726,
    #11727,#11728,#11729),.UNSPECIFIED.,.F.,.F.,(4,1,1,1,1,1,1,1,1,1,1,1
    ,1,1,1,1,1,1,1,1,1,1,4),(0.,5.721904601463E-03,1.144380920293E-02,
    1.716571380439E-02,2.288761840585E-02,2.860952300731E-02,
    3.433142760878E-02,4.005333221024E-02,4.57752368117E-02,
    5.149714141316E-02,5.721904601463E-02,6.294095061609E-02,
    6.866285521755E-02,7.438475981902E-02,8.010666442048E-02,
    8.582856902194E-02,9.15504736234E-02,9.727237822487E-02,
    0.102994282826,0.108716187428,0.114438092029,0.120159996631,
    0.125881901232),.QUASI_UNIFORM_KNOTS.);
#11705 = CARTESIAN_POINT('',(0.785398163398,5.156091345174));
#11706 = CARTESIAN_POINT('',(0.777065726132,5.138221117804));
#11707 = CARTESIAN_POINT('',(0.760281429996,5.102229122749));
#11708 = CARTESIAN_POINT('',(0.734760150072,5.047547905236));
#11709 = CARTESIAN_POINT('',(0.708907484377,4.9922348588));
#11710 = CARTESIAN_POINT('',(0.68273680987,4.936351379449));
#11711 = CARTESIAN_POINT('',(0.656261328559,4.879958863193));
#11712 = CARTESIAN_POINT('',(0.629493956738,4.823118706039));
#11713 = CARTESIAN_POINT('',(0.602447207248,4.765892303996));
#11714 = CARTESIAN_POINT('',(0.57513306605,4.708341053072));
#11715 = CARTESIAN_POINT('',(0.547562864636,4.650526349276));
#11716 = CARTESIAN_POINT('',(0.519747149757,4.592509588617));
#11717 = CARTESIAN_POINT('',(0.491695552011,4.534352167102));
#11718 = CARTESIAN_POINT('',(0.463416654742,4.47611548074));
#11719 = CARTESIAN_POINT('',(0.434917864691,4.41786092554));
#11720 = CARTESIAN_POINT('',(0.406205285675,4.359649897511));
#11721 = CARTESIAN_POINT('',(0.377283596679,4.301543792659));
#11722 = CARTESIAN_POINT('',(0.348155934865,4.243604006995));
#11723 = CARTESIAN_POINT('',(0.318823786687,4.185891936526));
#11724 = CARTESIAN_POINT('',(0.289286879641,4.128468977261));
#11725 = CARTESIAN_POINT('',(0.259543106476,4.071396525208));
#11726 = CARTESIAN_POINT('',(0.229588366426,4.014735976376));
#11727 = CARTESIAN_POINT('',(0.199416757313,3.958548726773));
#11728 = CARTESIAN_POINT('',(0.179151920487,3.921447023863));
#11729 = CARTESIAN_POINT('',(0.168980568443,3.902995520949));
#11730 = ( GEOMETRIC_REPRESENTATION_CONTEXT(2) 
PARAMETRIC_REPRESENTATION_CONTEXT() REPRESENTATION_CONTEXT('2D SPACE',''
  ) );
#11731 = PCURVE('',#6810,#11732);
#11732 = DEFINITIONAL_REPRESENTATION('',(#11733),#11759);
#11733 = B_SPLINE_CURVE_WITH_KNOTS('',3,(#11734,#11735,#11736,#11737,
    #11738,#11739,#11740,#11741,#11742,#11743,#11744,#11745,#11746,
    #11747,#11748,#11749,#11750,#11751,#11752,#11753,#11754,#11755,
    #11756,#11757,#11758),.UNSPECIFIED.,.F.,.F.,(4,1,1,1,1,1,1,1,1,1,1,1
    ,1,1,1,1,1,1,1,1,1,1,4),(0.,5.721904601463E-03,1.144380920293E-02,
    1.716571380439E-02,2.288761840585E-02,2.860952300731E-02,
    3.433142760878E-02,4.005333221024E-02,4.57752368117E-02,
    5.149714141316E-02,5.721904601463E-02,6.294095061609E-02,
    6.866285521755E-02,7.438475981902E-02,8.010666442048E-02,
    8.582856902194E-02,9.15504736234E-02,9.727237822487E-02,
    0.102994282826,0.108716187428,0.114438092029,0.120159996631,
    0.125881901232),.QUASI_UNIFORM_KNOTS.);
#11734 = CARTESIAN_POINT('',(0.785398163397,-1.354855951137));
#11735 = CARTESIAN_POINT('',(0.778594756186,-1.337618562055));
#11736 = CARTESIAN_POINT('',(0.764893169596,-1.302899928587));
#11737 = CARTESIAN_POINT('',(0.744067168244,-1.250152128896));
#11738 = CARTESIAN_POINT('',(0.722978252685,-1.196796196134));
#11739 = CARTESIAN_POINT('',(0.701637087403,-1.142893846723));
#11740 = CARTESIAN_POINT('',(0.680054252076,-1.088506797082));
#11741 = CARTESIAN_POINT('',(0.658240190317,-1.03369676363));
#11742 = CARTESIAN_POINT('',(0.636205155796,-0.978525462788));
#11743 = CARTESIAN_POINT('',(0.613959154629,-0.923054610975));
#11744 = CARTESIAN_POINT('',(0.591511885062,-0.86734592461));
#11745 = CARTESIAN_POINT('',(0.568872674908,-0.811461120115));
#11746 = CARTESIAN_POINT('',(0.546050417358,-0.755461913908));
#11747 = CARTESIAN_POINT('',(0.523053505754,-0.699410022409));
#11748 = CARTESIAN_POINT('',(0.499889767897,-0.643367162038));
#11749 = CARTESIAN_POINT('',(0.476566400424,-0.587395049215));
#11750 = CARTESIAN_POINT('',(0.453089903847,-0.53155540036));
#11751 = CARTESIAN_POINT('',(0.429466018418,-0.475909931892));
#11752 = CARTESIAN_POINT('',(0.405699662434,-0.420520360232));
#11753 = CARTESIAN_POINT('',(0.38179486889,-0.365448401798));
#11754 = CARTESIAN_POINT('',(0.35775473745,-0.310755773012));
#11755 = CARTESIAN_POINT('',(0.333581339836,-0.256504190292));
#11756 = CARTESIAN_POINT('',(0.3092758108,-0.202755370058));
#11757 = CARTESIAN_POINT('',(0.292983776317,-0.167299142506));
#11758 = CARTESIAN_POINT('',(0.284815679417,-0.149675394618));
#11759 = ( GEOMETRIC_REPRESENTATION_CONTEXT(2) 
PARAMETRIC_REPRESENTATION_CONTEXT() REPRESENTATION_CONTEXT('2D SPACE',''
  ) );
#11760 = ORIENTED_EDGE('',*,*,#6766,.T.);
#11761 = ORIENTED_EDGE('',*,*,#11599,.T.);
#11762 = ORIENTED_EDGE('',*,*,#11763,.T.);
#11763 = EDGE_CURVE('',#11600,#11764,#11766,.T.);
#11764 = VERTEX_POINT('',#11765);
#11765 = CARTESIAN_POINT('',(24.72951389768,44.717149890456,
    18.521865149048));
#11766 = SURFACE_CURVE('',#11767,(#11771,#11778),.PCURVE_S1.);
#11767 = LINE('',#11768,#11769);
#11768 = CARTESIAN_POINT('',(24.224926675979,44.733839157604,
    22.392070213461));
#11769 = VECTOR('',#11770,1.);
#11770 = DIRECTION('',(-0.129282039652,4.276014937613E-03,0.991598643565
    ));
#11771 = PCURVE('',#6782,#11772);
#11772 = DEFINITIONAL_REPRESENTATION('',(#11773),#11777);
#11773 = LINE('',#11774,#11775);
#11774 = CARTESIAN_POINT('',(-0.785398163397,-2.30926389122E-14));
#11775 = VECTOR('',#11776,1.);
#11776 = DIRECTION('',(2.475332090069E-15,-1.));
#11777 = ( GEOMETRIC_REPRESENTATION_CONTEXT(2) 
PARAMETRIC_REPRESENTATION_CONTEXT() REPRESENTATION_CONTEXT('2D SPACE',''
  ) );
#11778 = PCURVE('',#11779,#11784);
#11779 = PLANE('',#11780);
#11780 = AXIS2_PLACEMENT_3D('',#11781,#11782,#11783);
#11781 = CARTESIAN_POINT('',(23.83652358473,44.439700146987,
    25.371138144906));
#11782 = DIRECTION('',(-0.991607709035,-1.117018879361E-18,
    -0.129283221584));
#11783 = DIRECTION('',(5.528169866771E-04,0.999990857806,
    -4.240129376085E-03));
#11784 = DEFINITIONAL_REPRESENTATION('',(#11785),#11789);
#11785 = LINE('',#11786,#11787);
#11786 = CARTESIAN_POINT('',(0.306982670818,3.002995520949));
#11787 = VECTOR('',#11788,1.);
#11788 = DIRECTION('',(-1.000696954723E-15,-1.));
#11789 = ( GEOMETRIC_REPRESENTATION_CONTEXT(2) 
PARAMETRIC_REPRESENTATION_CONTEXT() REPRESENTATION_CONTEXT('2D SPACE',''
  ) );
#11790 = ORIENTED_EDGE('',*,*,#11791,.F.);
#11791 = EDGE_CURVE('',#11694,#11764,#11792,.T.);
#11792 = SURFACE_CURVE('',#11793,(#11798,#11805),.PCURVE_S1.);
#11793 = CIRCLE('',#11794,0.8);
#11794 = AXIS2_PLACEMENT_3D('',#11795,#11796,#11797);
#11795 = CARTESIAN_POINT('',(23.936227730453,44.717149890456,
    18.418438571781));
#11796 = DIRECTION('',(-0.129282039652,4.276014937613E-03,0.991598643565
    ));
#11797 = DIRECTION('',(0.700781634695,-0.707100316679,9.441526691079E-02
    ));
#11798 = PCURVE('',#6782,#11799);
#11799 = DEFINITIONAL_REPRESENTATION('',(#11800),#11804);
#11800 = LINE('',#11801,#11802);
#11801 = CARTESIAN_POINT('',(6.28318530718,3.902995520949));
#11802 = VECTOR('',#11803,1.);
#11803 = DIRECTION('',(-1.,1.861270353307E-15));
#11804 = ( GEOMETRIC_REPRESENTATION_CONTEXT(2) 
PARAMETRIC_REPRESENTATION_CONTEXT() REPRESENTATION_CONTEXT('2D SPACE',''
  ) );
#11805 = PCURVE('',#11806,#11811);
#11806 = PLANE('',#11807);
#11807 = AXIS2_PLACEMENT_3D('',#11808,#11809,#11810);
#11808 = CARTESIAN_POINT('',(24.82565365559,39.252438334487,
    18.557964767044));
#11809 = DIRECTION('',(0.129282039652,-4.276014937613E-03,
    -0.991598643565));
#11810 = DIRECTION('',(5.52816986677E-04,0.999990857806,
    -4.240129376084E-03));
#11811 = DEFINITIONAL_REPRESENTATION('',(#11812),#11820);
#11812 = ( BOUNDED_CURVE() B_SPLINE_CURVE(2,(#11813,#11814,#11815,#11816
    ,#11817,#11818,#11819),.UNSPECIFIED.,.T.,.F.) 
B_SPLINE_CURVE_WITH_KNOTS((1,2,2,2,2,1),(-2.094395102393,0.,
    2.094395102393,4.188790204786,6.28318530718,8.377580409573),
.UNSPECIFIED.) CURVE() GEOMETRIC_REPRESENTATION_ITEM() 
RATIONAL_B_SPLINE_CURVE((1.,0.5,1.,0.5,1.,0.5,1.)) REPRESENTATION_ITEM(
  '') );
#11813 = CARTESIAN_POINT('',(4.899076090927,-0.334314575051));
#11814 = CARTESIAN_POINT('',(5.87887198804,0.645481322063));
#11815 = CARTESIAN_POINT('',(6.237502176907,-0.692944763918));
#11816 = CARTESIAN_POINT('',(6.596132365775,-2.031370849898));
#11817 = CARTESIAN_POINT('',(5.257706279794,-1.672740661031));
#11818 = CARTESIAN_POINT('',(3.919280193814,-1.314110472164));
#11819 = CARTESIAN_POINT('',(4.899076090927,-0.334314575051));
#11820 = ( GEOMETRIC_REPRESENTATION_CONTEXT(2) 
PARAMETRIC_REPRESENTATION_CONTEXT() REPRESENTATION_CONTEXT('2D SPACE',''
  ) );
#11821 = ADVANCED_FACE('',(#11822),#6810,.T.);
#11822 = FACE_BOUND('',#11823,.T.);
#11823 = EDGE_LOOP('',(#11824,#11825,#11875,#11902,#11923,#11924));
#11824 = ORIENTED_EDGE('',*,*,#11693,.T.);
#11825 = ORIENTED_EDGE('',*,*,#11826,.F.);
#11826 = EDGE_CURVE('',#11827,#11694,#11829,.T.);
#11827 = VERTEX_POINT('',#11828);
#11828 = CARTESIAN_POINT('',(23.543691302741,44.870584583266,
    18.366599050434));
#11829 = SURFACE_CURVE('',#11830,(#11835,#11864),.PCURVE_S1.);
#11830 = ELLIPSE('',#11831,1.721256550402,1.2);
#11831 = AXIS2_PLACEMENT_3D('',#11832,#11833,#11834);
#11832 = CARTESIAN_POINT('',(25.214221376306,45.117146233578,
    18.583335161668));
#11833 = DIRECTION('',(-0.129282039652,4.276014937613E-03,0.991598643565
    ));
#11834 = DIRECTION('',(-0.991607709035,2.411901767885E-16,
    -0.129283221584));
#11835 = PCURVE('',#6810,#11836);
#11836 = DEFINITIONAL_REPRESENTATION('',(#11837),#11863);
#11837 = B_SPLINE_CURVE_WITH_KNOTS('',3,(#11838,#11839,#11840,#11841,
    #11842,#11843,#11844,#11845,#11846,#11847,#11848,#11849,#11850,
    #11851,#11852,#11853,#11854,#11855,#11856,#11857,#11858,#11859,
    #11860,#11861,#11862),.UNSPECIFIED.,.F.,.F.,(4,1,1,1,1,1,1,1,1,1,1,1
    ,1,1,1,1,1,1,1,1,1,1,4),(0.206943848534,0.246183393729,
    0.285422938924,0.324662484118,0.363902029313,0.403141574507,
    0.442381119702,0.481620664896,0.520860210091,0.560099755285,
    0.59933930048,0.638578845674,0.677818390869,0.717057936064,
    0.756297481258,0.795537026453,0.834776571647,0.874016116842,
    0.913255662036,0.952495207231,0.991734752425,1.03097429762,
    1.070213842815),.QUASI_UNIFORM_KNOTS.);
#11838 = CARTESIAN_POINT('',(-0.578454314863,-0.765097817441));
#11839 = CARTESIAN_POINT('',(-0.565374466465,-0.761781694081));
#11840 = CARTESIAN_POINT('',(-0.539214769668,-0.754528723465));
#11841 = CARTESIAN_POINT('',(-0.499975224474,-0.741806952716));
#11842 = CARTESIAN_POINT('',(-0.460735679279,-0.727261620233));
#11843 = CARTESIAN_POINT('',(-0.421496134085,-0.710915342306));
#11844 = CARTESIAN_POINT('',(-0.38225658889,-0.692793224973));
#11845 = CARTESIAN_POINT('',(-0.343017043696,-0.672923184055));
#11846 = CARTESIAN_POINT('',(-0.303777498501,-0.651335806071));
#11847 = CARTESIAN_POINT('',(-0.264537953307,-0.628064326895));
#11848 = CARTESIAN_POINT('',(-0.225298408112,-0.603144573694));
#11849 = CARTESIAN_POINT('',(-0.186058862917,-0.576614911616));
#11850 = CARTESIAN_POINT('',(-0.146819317723,-0.54851618423));
#11851 = CARTESIAN_POINT('',(-0.107579772528,-0.51889165078));
#11852 = CARTESIAN_POINT('',(-6.83402273338E-02,-0.487786919543));
#11853 = CARTESIAN_POINT('',(-2.910068213926E-02,-0.455249877646));
#11854 = CARTESIAN_POINT('',(1.013886305529E-02,-0.421330617263));
#11855 = CARTESIAN_POINT('',(4.937840824984E-02,-0.386081358766));
#11856 = CARTESIAN_POINT('',(8.861795344438E-02,-0.349556369331));
#11857 = CARTESIAN_POINT('',(0.127857498639,-0.311811883114));
#11858 = CARTESIAN_POINT('',(0.167097043833,-0.272906000791));
#11859 = CARTESIAN_POINT('',(0.206336589028,-0.232898651909));
#11860 = CARTESIAN_POINT('',(0.245576134223,-0.191851309334));
#11861 = CARTESIAN_POINT('',(0.271735831019,-0.163835513739));
#11862 = CARTESIAN_POINT('',(0.284815679417,-0.149675394618));
#11863 = ( GEOMETRIC_REPRESENTATION_CONTEXT(2) 
PARAMETRIC_REPRESENTATION_CONTEXT() REPRESENTATION_CONTEXT('2D SPACE',''
  ) );
#11864 = PCURVE('',#11806,#11865);
#11865 = DEFINITIONAL_REPRESENTATION('',(#11866),#11874);
#11866 = ( BOUNDED_CURVE() B_SPLINE_CURVE(2,(#11867,#11868,#11869,#11870
    ,#11871,#11872,#11873),.UNSPECIFIED.,.T.,.F.) 
B_SPLINE_CURVE_WITH_KNOTS((1,2,2,2,2,1),(-2.094395102393,0.,
    2.094395102393,4.188790204786,6.28318530718,8.377580409573),
.UNSPECIFIED.) CURVE() GEOMETRIC_REPRESENTATION_ITEM() 
RATIONAL_B_SPLINE_CURVE((1.,0.5,1.,0.5,1.,0.5,1.)) REPRESENTATION_ITEM(
  '') );
#11867 = CARTESIAN_POINT('',(5.864761515876,-1.332669836707));
#11868 = CARTESIAN_POINT('',(3.786300546794,-1.332669836707));
#11869 = CARTESIAN_POINT('',(4.825531031335,1.249214988895));
#11870 = CARTESIAN_POINT('',(5.864761515876,3.831099814498));
#11871 = CARTESIAN_POINT('',(6.903992000417,1.249214988895));
#11872 = CARTESIAN_POINT('',(7.943222484959,-1.332669836707));
#11873 = CARTESIAN_POINT('',(5.864761515876,-1.332669836707));
#11874 = ( GEOMETRIC_REPRESENTATION_CONTEXT(2) 
PARAMETRIC_REPRESENTATION_CONTEXT() REPRESENTATION_CONTEXT('2D SPACE',''
  ) );
#11875 = ORIENTED_EDGE('',*,*,#11876,.F.);
#11876 = EDGE_CURVE('',#11877,#11827,#11879,.T.);
#11877 = VERTEX_POINT('',#11878);
#11878 = CARTESIAN_POINT('',(23.399120411734,45.116626194392,
    18.224041153807));
#11879 = SURFACE_CURVE('',#11880,(#11885,#11891),.PCURVE_S1.);
#11880 = B_SPLINE_CURVE_WITH_KNOTS('',3,(#11881,#11882,#11883,#11884),
  .UNSPECIFIED.,.F.,.F.,(4,4),(0.,3.065742737351E-02),
  .PIECEWISE_BEZIER_KNOTS.);
#11881 = CARTESIAN_POINT('',(23.399120411734,45.116626194392,
    18.224041153807));
#11882 = CARTESIAN_POINT('',(23.43919752616,45.037662453268,
    18.275047425424));
#11883 = CARTESIAN_POINT('',(23.487757406259,44.954328160138,
    18.323916390667));
#11884 = CARTESIAN_POINT('',(23.543691302742,44.870584583264,
    18.366599050435));
#11885 = PCURVE('',#6810,#11886);
#11886 = DEFINITIONAL_REPRESENTATION('',(#11887),#11890);
#11887 = B_SPLINE_CURVE_WITH_KNOTS('',1,(#11888,#11889),.UNSPECIFIED.,
  .F.,.F.,(2,2),(0.,3.065742737351E-02),.PIECEWISE_BEZIER_KNOTS.);
#11888 = CARTESIAN_POINT('',(-0.785398163397,-0.965872948004));
#11889 = CARTESIAN_POINT('',(-0.578454314861,-0.765097817439));
#11890 = ( GEOMETRIC_REPRESENTATION_CONTEXT(2) 
PARAMETRIC_REPRESENTATION_CONTEXT() REPRESENTATION_CONTEXT('2D SPACE',''
  ) );
#11891 = PCURVE('',#11892,#11897);
#11892 = CYLINDRICAL_SURFACE('',#11893,0.8);
#11893 = AXIS2_PLACEMENT_3D('',#11894,#11895,#11896);
#11894 = CARTESIAN_POINT('',(24.025927944557,44.407197570573,
    17.730434183293));
#11895 = DIRECTION('',(-5.52816986677E-04,-0.999990857806,
    4.240129376084E-03));
#11896 = DIRECTION('',(0.991607709035,7.669920944636E-19,0.129283221584)
  );
#11897 = DEFINITIONAL_REPRESENTATION('',(#11898),#11901);
#11898 = B_SPLINE_CURVE_WITH_KNOTS('',1,(#11899,#11900),.UNSPECIFIED.,
  .F.,.F.,(2,2),(0.,3.065742737351E-02),.PIECEWISE_BEZIER_KNOTS.);
#11899 = CARTESIAN_POINT('',(2.342231856176,-0.706982670818));
#11900 = CARTESIAN_POINT('',(2.0885507823,-0.460418766369));
#11901 = ( GEOMETRIC_REPRESENTATION_CONTEXT(2) 
PARAMETRIC_REPRESENTATION_CONTEXT() REPRESENTATION_CONTEXT('2D SPACE',''
  ) );
#11902 = ORIENTED_EDGE('',*,*,#11903,.T.);
#11903 = EDGE_CURVE('',#11877,#6854,#11904,.T.);
#11904 = SURFACE_CURVE('',#11905,(#11909,#11916),.PCURVE_S1.);
#11905 = LINE('',#11906,#11907);
#11906 = CARTESIAN_POINT('',(23.998698753901,45.119505547027,
    18.981278284842));
#11907 = VECTOR('',#11908,1.);
#11908 = DIRECTION('',(-0.620763158764,-2.981088393789E-03,
    -0.783992483276));
#11909 = PCURVE('',#6810,#11910);
#11910 = DEFINITIONAL_REPRESENTATION('',(#11911),#11915);
#11911 = LINE('',#11912,#11913);
#11912 = CARTESIAN_POINT('',(-0.785398163397,-8.659739592076E-15));
#11913 = VECTOR('',#11914,1.);
#11914 = DIRECTION('',(1.075095428137E-15,-1.));
#11915 = ( GEOMETRIC_REPRESENTATION_CONTEXT(2) 
PARAMETRIC_REPRESENTATION_CONTEXT() REPRESENTATION_CONTEXT('2D SPACE',''
  ) );
#11916 = PCURVE('',#7065,#11917);
#11917 = DEFINITIONAL_REPRESENTATION('',(#11918),#11922);
#11918 = LINE('',#11919,#11920);
#11919 = CARTESIAN_POINT('',(5.864761515876,0.7914268675));
#11920 = VECTOR('',#11921,1.);
#11921 = DIRECTION('',(1.194318434071E-16,-1.));
#11922 = ( GEOMETRIC_REPRESENTATION_CONTEXT(2) 
PARAMETRIC_REPRESENTATION_CONTEXT() REPRESENTATION_CONTEXT('2D SPACE',''
  ) );
#11923 = ORIENTED_EDGE('',*,*,#6853,.F.);
#11924 = ORIENTED_EDGE('',*,*,#6794,.T.);
#11925 = ADVANCED_FACE('',(#11926),#6965,.T.);
#11926 = FACE_BOUND('',#11927,.T.);
#11927 = EDGE_LOOP('',(#11928,#11929,#11930));
#11928 = ORIENTED_EDGE('',*,*,#7084,.T.);
#11929 = ORIENTED_EDGE('',*,*,#6926,.T.);
#11930 = ORIENTED_EDGE('',*,*,#11931,.F.);
#11931 = EDGE_CURVE('',#7085,#6927,#11932,.T.);
#11932 = SURFACE_CURVE('',#11933,(#11938,#11967),.PCURVE_S1.);
#11933 = CIRCLE('',#11934,1.2);
#11934 = AXIS2_PLACEMENT_3D('',#11935,#11936,#11937);
#11935 = CARTESIAN_POINT('',(22.00929045112,53.205526941478,
    15.407729724815));
#11936 = DIRECTION('',(0.991607709035,1.797429391285E-17,0.129283221584)
  );
#11937 = DIRECTION('',(0.118106099828,-0.406736643076,-0.905878718352));
#11938 = PCURVE('',#6965,#11939);
#11939 = DEFINITIONAL_REPRESENTATION('',(#11940),#11966);
#11940 = B_SPLINE_CURVE_WITH_KNOTS('',3,(#11941,#11942,#11943,#11944,
    #11945,#11946,#11947,#11948,#11949,#11950,#11951,#11952,#11953,
    #11954,#11955,#11956,#11957,#11958,#11959,#11960,#11961,#11962,
    #11963,#11964,#11965),.UNSPECIFIED.,.F.,.F.,(4,1,1,1,1,1,1,1,1,1,1,1
    ,1,1,1,1,1,1,1,1,1,1,4),(1.985399319305,2.056799152341,
    2.128198985377,2.199598818414,2.27099865145,2.342398484486,
    2.413798317522,2.485198150558,2.556597983594,2.62799781663,
    2.699397649666,2.770797482703,2.842197315739,2.913597148775,
    2.984996981811,3.056396814847,3.127796647883,3.199196480919,
    3.270596313956,3.341996146992,3.413395980028,3.484795813064,
    3.5561956461),.QUASI_UNIFORM_KNOTS.);
#11941 = CARTESIAN_POINT('',(6.28318530718,0.));
#11942 = CARTESIAN_POINT('',(6.28318530718,1.682780133705E-02));
#11943 = CARTESIAN_POINT('',(6.28318530718,4.999070298881E-02));
#11944 = CARTESIAN_POINT('',(6.28318530718,9.842552590406E-02));
#11945 = CARTESIAN_POINT('',(6.28318530718,0.145724913075));
#11946 = CARTESIAN_POINT('',(6.28318530718,0.192043637223));
#11947 = CARTESIAN_POINT('',(6.28318530718,0.237526724423));
#11948 = CARTESIAN_POINT('',(6.28318530718,0.282309422539));
#11949 = CARTESIAN_POINT('',(6.28318530718,0.326519436214));
#11950 = CARTESIAN_POINT('',(6.28318530718,0.370278310591));
#11951 = CARTESIAN_POINT('',(6.28318530718,0.413702852292));
#11952 = CARTESIAN_POINT('',(6.28318530718,0.456906394885));
#11953 = CARTESIAN_POINT('',(6.28318530718,0.5));
#11954 = CARTESIAN_POINT('',(6.28318530718,0.543093605115));
#11955 = CARTESIAN_POINT('',(6.28318530718,0.586297147708));
#11956 = CARTESIAN_POINT('',(6.28318530718,0.629721689409));
#11957 = CARTESIAN_POINT('',(6.28318530718,0.673480563786));
#11958 = CARTESIAN_POINT('',(6.28318530718,0.717690577461));
#11959 = CARTESIAN_POINT('',(6.28318530718,0.762473275577));
#11960 = CARTESIAN_POINT('',(6.28318530718,0.807956362777));
#11961 = CARTESIAN_POINT('',(6.28318530718,0.854275086925));
#11962 = CARTESIAN_POINT('',(6.28318530718,0.901574474096));
#11963 = CARTESIAN_POINT('',(6.28318530718,0.950009297011));
#11964 = CARTESIAN_POINT('',(6.28318530718,0.983172198663));
#11965 = CARTESIAN_POINT('',(6.28318530718,1.));
#11966 = ( GEOMETRIC_REPRESENTATION_CONTEXT(2) 
PARAMETRIC_REPRESENTATION_CONTEXT() REPRESENTATION_CONTEXT('2D SPACE',''
  ) );
#11967 = PCURVE('',#7039,#11968);
#11968 = DEFINITIONAL_REPRESENTATION('',(#11969),#11973);
#11969 = LINE('',#11970,#11971);
#11970 = CARTESIAN_POINT('',(0.,6.69778829969));
#11971 = VECTOR('',#11972,1.);
#11972 = DIRECTION('',(0.,-1.));
#11973 = ( GEOMETRIC_REPRESENTATION_CONTEXT(2) 
PARAMETRIC_REPRESENTATION_CONTEXT() REPRESENTATION_CONTEXT('2D SPACE',''
  ) );
#11974 = ADVANCED_FACE('',(#11975),#7039,.T.);
#11975 = FACE_BOUND('',#11976,.T.);
#11976 = EDGE_LOOP('',(#11977,#11978,#11979,#12001));
#11977 = ORIENTED_EDGE('',*,*,#11931,.T.);
#11978 = ORIENTED_EDGE('',*,*,#7022,.T.);
#11979 = ORIENTED_EDGE('',*,*,#11980,.F.);
#11980 = EDGE_CURVE('',#7220,#7023,#11981,.T.);
#11981 = SURFACE_CURVE('',#11982,(#11987,#11994),.PCURVE_S1.);
#11982 = CIRCLE('',#11983,1.2);
#11983 = AXIS2_PLACEMENT_3D('',#11984,#11985,#11986);
#11984 = CARTESIAN_POINT('',(23.318722283948,53.207947930418,
    16.149415340684));
#11985 = DIRECTION('',(0.620763158764,2.981088393788E-03,0.783992483276)
  );
#11986 = DIRECTION('',(0.747497723427,-0.303820909026,-0.590711442847));
#11987 = PCURVE('',#7039,#11988);
#11988 = DEFINITIONAL_REPRESENTATION('',(#11989),#11993);
#11989 = LINE('',#11990,#11991);
#11990 = CARTESIAN_POINT('',(0.771435529382,6.588821776908));
#11991 = VECTOR('',#11992,1.);
#11992 = DIRECTION('',(-1.300493469754E-14,-1.));
#11993 = ( GEOMETRIC_REPRESENTATION_CONTEXT(2) 
PARAMETRIC_REPRESENTATION_CONTEXT() REPRESENTATION_CONTEXT('2D SPACE',''
  ) );
#11994 = PCURVE('',#7259,#11995);
#11995 = DEFINITIONAL_REPRESENTATION('',(#11996),#12000);
#11996 = LINE('',#11997,#11998);
#11997 = CARTESIAN_POINT('',(3.14159265359,1.826724374048));
#11998 = VECTOR('',#11999,1.);
#11999 = DIRECTION('',(-1.,0.));
#12000 = ( GEOMETRIC_REPRESENTATION_CONTEXT(2) 
PARAMETRIC_REPRESENTATION_CONTEXT() REPRESENTATION_CONTEXT('2D SPACE',''
  ) );
#12001 = ORIENTED_EDGE('',*,*,#7219,.F.);
#12002 = ADVANCED_FACE('',(#12003),#7065,.F.);
#12003 = FACE_BOUND('',#12004,.T.);
#12004 = EDGE_LOOP('',(#12005,#12028,#12049,#12050));
#12005 = ORIENTED_EDGE('',*,*,#12006,.F.);
#12006 = EDGE_CURVE('',#12007,#11877,#12009,.T.);
#12007 = VERTEX_POINT('',#12008);
#12008 = CARTESIAN_POINT('',(23.403598229326,53.216552142623,
    18.18969610586));
#12009 = SURFACE_CURVE('',#12010,(#12014,#12021),.PCURVE_S1.);
#12010 = LINE('',#12011,#12012);
#12011 = CARTESIAN_POINT('',(23.398729579704,44.409649986947,
    18.227038851798));
#12012 = VECTOR('',#12013,1.);
#12013 = DIRECTION('',(-5.52816986677E-04,-0.999990857806,
    4.240129376084E-03));
#12014 = PCURVE('',#7065,#12015);
#12015 = DEFINITIONAL_REPRESENTATION('',(#12016),#12020);
#12016 = LINE('',#12017,#12018);
#12017 = CARTESIAN_POINT('',(5.157778845058,-0.174446080504));
#12018 = VECTOR('',#12019,1.);
#12019 = DIRECTION('',(-1.,-2.767254436278E-17));
#12020 = ( GEOMETRIC_REPRESENTATION_CONTEXT(2) 
PARAMETRIC_REPRESENTATION_CONTEXT() REPRESENTATION_CONTEXT('2D SPACE',''
  ) );
#12021 = PCURVE('',#11892,#12022);
#12022 = DEFINITIONAL_REPRESENTATION('',(#12023),#12027);
#12023 = LINE('',#12024,#12025);
#12024 = CARTESIAN_POINT('',(2.342231856176,0.));
#12025 = VECTOR('',#12026,1.);
#12026 = DIRECTION('',(-2.193033135062E-16,1.));
#12027 = ( GEOMETRIC_REPRESENTATION_CONTEXT(2) 
PARAMETRIC_REPRESENTATION_CONTEXT() REPRESENTATION_CONTEXT('2D SPACE',''
  ) );
#12028 = ORIENTED_EDGE('',*,*,#12029,.T.);
#12029 = EDGE_CURVE('',#12007,#7023,#12030,.T.);
#12030 = SURFACE_CURVE('',#12031,(#12035,#12042),.PCURVE_S1.);
#12031 = LINE('',#12032,#12033);
#12032 = CARTESIAN_POINT('',(23.511887929294,53.217072181809,
    18.326460521712));
#12033 = VECTOR('',#12034,1.);
#12034 = DIRECTION('',(-0.620763158764,-2.981088393788E-03,
    -0.783992483276));
#12035 = PCURVE('',#7065,#12036);
#12036 = DEFINITIONAL_REPRESENTATION('',(#12037),#12041);
#12037 = LINE('',#12038,#12039);
#12038 = CARTESIAN_POINT('',(13.964761515876,-5.73090520557E-14));
#12039 = VECTOR('',#12040,1.);
#12040 = DIRECTION('',(5.899755862658E-16,-1.));
#12041 = ( GEOMETRIC_REPRESENTATION_CONTEXT(2) 
PARAMETRIC_REPRESENTATION_CONTEXT() REPRESENTATION_CONTEXT('2D SPACE',''
  ) );
#12042 = PCURVE('',#7259,#12043);
#12043 = DEFINITIONAL_REPRESENTATION('',(#12044),#12048);
#12044 = LINE('',#12045,#12046);
#12045 = CARTESIAN_POINT('',(-0.305636469729,1.026956297778E-14));
#12046 = VECTOR('',#12047,1.);
#12047 = DIRECTION('',(-5.375477140686E-16,1.));
#12048 = ( GEOMETRIC_REPRESENTATION_CONTEXT(2) 
PARAMETRIC_REPRESENTATION_CONTEXT() REPRESENTATION_CONTEXT('2D SPACE',''
  ) );
#12049 = ORIENTED_EDGE('',*,*,#7051,.F.);
#12050 = ORIENTED_EDGE('',*,*,#11903,.F.);
#12051 = ADVANCED_FACE('',(#12052),#7259,.T.);
#12052 = FACE_BOUND('',#12053,.T.);
#12053 = EDGE_LOOP('',(#12054,#12122,#12123,#12124,#12125,#12147));
#12054 = ORIENTED_EDGE('',*,*,#12055,.F.);
#12055 = EDGE_CURVE('',#7244,#12056,#12058,.T.);
#12056 = VERTEX_POINT('',#12057);
#12057 = CARTESIAN_POINT('',(24.400119924641,54.269826343639,
    18.437726155482));
#12058 = SURFACE_CURVE('',#12059,(#12064,#12093),.PCURVE_S1.);
#12059 = B_SPLINE_CURVE_WITH_KNOTS('',3,(#12060,#12061,#12062,#12063),
  .UNSPECIFIED.,.F.,.F.,(4,4),(0.,0.125881901232),
  .PIECEWISE_BEZIER_KNOTS.);
#12060 = CARTESIAN_POINT('',(24.103592839259,54.411702954714,
    17.134741197274));
#12061 = CARTESIAN_POINT('',(24.198186411871,54.413384048616,
    17.543542748597));
#12062 = CARTESIAN_POINT('',(24.307811533632,54.371583284678,
    18.015880080872));
#12063 = CARTESIAN_POINT('',(24.400119924641,54.269826343639,
    18.437726155482));
#12064 = PCURVE('',#7259,#12065);
#12065 = DEFINITIONAL_REPRESENTATION('',(#12066),#12092);
#12066 = B_SPLINE_CURVE_WITH_KNOTS('',3,(#12067,#12068,#12069,#12070,
    #12071,#12072,#12073,#12074,#12075,#12076,#12077,#12078,#12079,
    #12080,#12081,#12082,#12083,#12084,#12085,#12086,#12087,#12088,
    #12089,#12090,#12091),.UNSPECIFIED.,.F.,.F.,(4,1,1,1,1,1,1,1,1,1,1,1
    ,1,1,1,1,1,1,1,1,1,1,4),(0.,5.721904601463E-03,1.144380920293E-02,
    1.716571380439E-02,2.288761840585E-02,2.860952300731E-02,
    3.433142760878E-02,4.005333221024E-02,4.57752368117E-02,
    5.149714141316E-02,5.721904601463E-02,6.294095061609E-02,
    6.866285521755E-02,7.438475981902E-02,8.010666442048E-02,
    8.582856902194E-02,9.15504736234E-02,9.727237822487E-02,
    0.102994282826,0.108716187428,0.114438092029,0.120159996631,
    0.125881901232),.QUASI_UNIFORM_KNOTS.);
#12067 = CARTESIAN_POINT('',(1.265159857066,0.563429083637));
#12068 = CARTESIAN_POINT('',(1.258356449855,0.546191694555));
#12069 = CARTESIAN_POINT('',(1.244654863264,0.511473061087));
#12070 = CARTESIAN_POINT('',(1.223828861913,0.458725261395));
#12071 = CARTESIAN_POINT('',(1.202739946354,0.405369328634));
#12072 = CARTESIAN_POINT('',(1.181398781072,0.351466979223));
#12073 = CARTESIAN_POINT('',(1.159815945745,0.297079929582));
#12074 = CARTESIAN_POINT('',(1.138001883986,0.24226989613));
#12075 = CARTESIAN_POINT('',(1.115966849465,0.187098595288));
#12076 = CARTESIAN_POINT('',(1.093720848297,0.131627743474));
#12077 = CARTESIAN_POINT('',(1.071273578731,7.591905711E-02));
#12078 = CARTESIAN_POINT('',(1.048634368577,2.003425261441E-02));
#12079 = CARTESIAN_POINT('',(1.025812111027,-3.596495359266E-02));
#12080 = CARTESIAN_POINT('',(1.002815199423,-9.201684509142E-02));
#12081 = CARTESIAN_POINT('',(0.979651461566,-0.148059705462));
#12082 = CARTESIAN_POINT('',(0.956328094093,-0.204031818285));
#12083 = CARTESIAN_POINT('',(0.932851597516,-0.25987146714));
#12084 = CARTESIAN_POINT('',(0.909227712087,-0.315516935608));
#12085 = CARTESIAN_POINT('',(0.885461356103,-0.370906507268));
#12086 = CARTESIAN_POINT('',(0.861556562559,-0.425978465702));
#12087 = CARTESIAN_POINT('',(0.837516431119,-0.480671094489));
#12088 = CARTESIAN_POINT('',(0.813343033505,-0.534922677209));
#12089 = CARTESIAN_POINT('',(0.789037504469,-0.588671497442));
#12090 = CARTESIAN_POINT('',(0.772745469986,-0.624127724994));
#12091 = CARTESIAN_POINT('',(0.764577373086,-0.641751472882));
#12092 = ( GEOMETRIC_REPRESENTATION_CONTEXT(2) 
PARAMETRIC_REPRESENTATION_CONTEXT() REPRESENTATION_CONTEXT('2D SPACE',''
  ) );
#12093 = PCURVE('',#7287,#12094);
#12094 = DEFINITIONAL_REPRESENTATION('',(#12095),#12121);
#12095 = B_SPLINE_CURVE_WITH_KNOTS('',3,(#12096,#12097,#12098,#12099,
    #12100,#12101,#12102,#12103,#12104,#12105,#12106,#12107,#12108,
    #12109,#12110,#12111,#12112,#12113,#12114,#12115,#12116,#12117,
    #12118,#12119,#12120),.UNSPECIFIED.,.F.,.F.,(4,1,1,1,1,1,1,1,1,1,1,1
    ,1,1,1,1,1,1,1,1,1,1,4),(0.,5.721904601463E-03,1.144380920293E-02,
    1.716571380439E-02,2.288761840585E-02,2.860952300731E-02,
    3.433142760878E-02,4.005333221024E-02,4.57752368117E-02,
    5.149714141316E-02,5.721904601463E-02,6.294095061609E-02,
    6.866285521755E-02,7.438475981902E-02,8.010666442048E-02,
    8.582856902194E-02,9.15504736234E-02,9.727237822487E-02,
    0.102994282826,0.108716187428,0.114438092029,0.120159996631,
    0.125881901232),.QUASI_UNIFORM_KNOTS.);
#12096 = CARTESIAN_POINT('',(5.497787143782,2.153220407339));
#12097 = CARTESIAN_POINT('',(5.506119581047,2.135350179968));
#12098 = CARTESIAN_POINT('',(5.522903877183,2.099358184914));
#12099 = CARTESIAN_POINT('',(5.548425157107,2.0446769674));
#12100 = CARTESIAN_POINT('',(5.574277822802,1.989363920964));
#12101 = CARTESIAN_POINT('',(5.60044849731,1.933480441614));
#12102 = CARTESIAN_POINT('',(5.626923978621,1.877087925357));
#12103 = CARTESIAN_POINT('',(5.653691350441,1.820247768203));
#12104 = CARTESIAN_POINT('',(5.680738099932,1.76302136616));
#12105 = CARTESIAN_POINT('',(5.708052241129,1.705470115236));
#12106 = CARTESIAN_POINT('',(5.735622442544,1.647655411441));
#12107 = CARTESIAN_POINT('',(5.763438157423,1.589638650781));
#12108 = CARTESIAN_POINT('',(5.791489755169,1.531481229266));
#12109 = CARTESIAN_POINT('',(5.819768652437,1.473244542905));
#12110 = CARTESIAN_POINT('',(5.848267442488,1.414989987705));
#12111 = CARTESIAN_POINT('',(5.876980021505,1.356778959675));
#12112 = CARTESIAN_POINT('',(5.905901710501,1.298672854824));
#12113 = CARTESIAN_POINT('',(5.935029372315,1.240733069159));
#12114 = CARTESIAN_POINT('',(5.964361520492,1.18302099869));
#12115 = CARTESIAN_POINT('',(5.993898427539,1.125598039425));
#12116 = CARTESIAN_POINT('',(6.023642200704,1.068525587373));
#12117 = CARTESIAN_POINT('',(6.053596940754,1.011865038541));
#12118 = CARTESIAN_POINT('',(6.083768549867,0.955677788938));
#12119 = CARTESIAN_POINT('',(6.104033386692,0.918576086028));
#12120 = CARTESIAN_POINT('',(6.114204738737,0.900124583114));
#12121 = ( GEOMETRIC_REPRESENTATION_CONTEXT(2) 
PARAMETRIC_REPRESENTATION_CONTEXT() REPRESENTATION_CONTEXT('2D SPACE',''
  ) );
#12122 = ORIENTED_EDGE('',*,*,#7243,.T.);
#12123 = ORIENTED_EDGE('',*,*,#11980,.T.);
#12124 = ORIENTED_EDGE('',*,*,#12029,.F.);
#12125 = ORIENTED_EDGE('',*,*,#12126,.F.);
#12126 = EDGE_CURVE('',#12127,#12007,#12129,.T.);
#12127 = VERTEX_POINT('',#12128);
#12128 = CARTESIAN_POINT('',(23.548441729763,53.463633832121,
    18.330163076779));
#12129 = SURFACE_CURVE('',#12130,(#12135,#12141),.PCURVE_S1.);
#12130 = B_SPLINE_CURVE_WITH_KNOTS('',3,(#12131,#12132,#12133,#12134),
  .UNSPECIFIED.,.F.,.F.,(4,4),(0.53984005057,0.570497477943),
  .PIECEWISE_BEZIER_KNOTS.);
#12131 = CARTESIAN_POINT('',(23.548441729763,53.463633832121,
    18.330163076779));
#12132 = CARTESIAN_POINT('',(23.492415078473,53.379593202795,
    18.288191850257));
#12133 = CARTESIAN_POINT('',(23.443762862572,53.295901228366,
    18.240031104472));
#12134 = CARTESIAN_POINT('',(23.403598229326,53.216552142623,
    18.18969610586));
#12135 = PCURVE('',#7259,#12136);
#12136 = DEFINITIONAL_REPRESENTATION('',(#12137),#12140);
#12137 = B_SPLINE_CURVE_WITH_KNOTS('',1,(#12138,#12139),.UNSPECIFIED.,
  .F.,.F.,(2,2),(0.53984005057,0.570497477943),
  .PIECEWISE_BEZIER_KNOTS.);
#12138 = CARTESIAN_POINT('',(-9.869262119413E-02,-2.632905005925E-02));
#12139 = CARTESIAN_POINT('',(-0.305636469729,0.174446080504));
#12140 = ( GEOMETRIC_REPRESENTATION_CONTEXT(2) 
PARAMETRIC_REPRESENTATION_CONTEXT() REPRESENTATION_CONTEXT('2D SPACE',''
  ) );
#12141 = PCURVE('',#11892,#12142);
#12142 = DEFINITIONAL_REPRESENTATION('',(#12143),#12146);
#12143 = B_SPLINE_CURVE_WITH_KNOTS('',1,(#12144,#12145),.UNSPECIFIED.,
  .F.,.F.,(2,2),(0.53984005057,0.570497477943),
  .PIECEWISE_BEZIER_KNOTS.);
#12144 = CARTESIAN_POINT('',(2.088550782302,-9.053546575265));
#12145 = CARTESIAN_POINT('',(2.342231856176,-8.806982670818));
#12146 = ( GEOMETRIC_REPRESENTATION_CONTEXT(2) 
PARAMETRIC_REPRESENTATION_CONTEXT() REPRESENTATION_CONTEXT('2D SPACE',''
  ) );
#12147 = ORIENTED_EDGE('',*,*,#12148,.F.);
#12148 = EDGE_CURVE('',#12056,#12127,#12149,.T.);
#12149 = SURFACE_CURVE('',#12150,(#12155,#12184),.PCURVE_S1.);
#12150 = ELLIPSE('',#12151,1.721256550402,1.2);
#12151 = AXIS2_PLACEMENT_3D('',#12152,#12153,#12154);
#12152 = CARTESIAN_POINT('',(25.218699193898,53.217072181809,
    18.548990113721));
#12153 = DIRECTION('',(-0.129282039652,4.276014937613E-03,0.991598643565
    ));
#12154 = DIRECTION('',(-0.991607709035,-8.105994923402E-17,
    -0.129283221584));
#12155 = PCURVE('',#7259,#12156);
#12156 = DEFINITIONAL_REPRESENTATION('',(#12157),#12183);
#12157 = B_SPLINE_CURVE_WITH_KNOTS('',3,(#12158,#12159,#12160,#12161,
    #12162,#12163,#12164,#12165,#12166,#12167,#12168,#12169,#12170,
    #12171,#12172,#12173,#12174,#12175,#12176,#12177,#12178,#12179,
    #12180,#12181,#12182),.UNSPECIFIED.,.F.,.F.,(4,1,1,1,1,1,1,1,1,1,1,1
    ,1,1,1,1,1,1,1,1,1,1,4),(5.212971464365,5.25221100956,5.291450554754
    ,5.330690099949,5.369929645143,5.409169190338,5.448408735532,
    5.487648280727,5.526887825921,5.566127371116,5.605366916311,
    5.644606461505,5.6838460067,5.723085551894,5.762325097089,
    5.801564642283,5.840804187478,5.880043732672,5.919283277867,
    5.958522823061,5.997762368256,6.037001913451,6.076241458645),
  .QUASI_UNIFORM_KNOTS.);
#12158 = CARTESIAN_POINT('',(0.764577373086,-0.641751472882));
#12159 = CARTESIAN_POINT('',(0.751497524688,-0.627591353761));
#12160 = CARTESIAN_POINT('',(0.725337827891,-0.599575558166));
#12161 = CARTESIAN_POINT('',(0.686098282697,-0.558528215591));
#12162 = CARTESIAN_POINT('',(0.646858737502,-0.518520866709));
#12163 = CARTESIAN_POINT('',(0.607619192308,-0.479614984387));
#12164 = CARTESIAN_POINT('',(0.568379647113,-0.441870498169));
#12165 = CARTESIAN_POINT('',(0.529140101919,-0.405345508734));
#12166 = CARTESIAN_POINT('',(0.489900556724,-0.370096250237));
#12167 = CARTESIAN_POINT('',(0.45066101153,-0.336176989854));
#12168 = CARTESIAN_POINT('',(0.411421466335,-0.303639947957));
#12169 = CARTESIAN_POINT('',(0.37218192114,-0.27253521672));
#12170 = CARTESIAN_POINT('',(0.332942375946,-0.24291068327));
#12171 = CARTESIAN_POINT('',(0.293702830751,-0.214811955884));
#12172 = CARTESIAN_POINT('',(0.254463285557,-0.188282293806));
#12173 = CARTESIAN_POINT('',(0.215223740362,-0.163362540605));
#12174 = CARTESIAN_POINT('',(0.175984195168,-0.14009106143));
#12175 = CARTESIAN_POINT('',(0.136744649973,-0.118503683445));
#12176 = CARTESIAN_POINT('',(9.750510477861E-02,-9.86336425277E-02));
#12177 = CARTESIAN_POINT('',(5.826555958408E-02,-8.051152519438E-02));
#12178 = CARTESIAN_POINT('',(1.902601438951E-02,-6.416524726685E-02));
#12179 = CARTESIAN_POINT('',(-2.021353080504E-02,-4.961991478403E-02));
#12180 = CARTESIAN_POINT('',(-5.945307599959E-02,-3.689814403569E-02));
#12181 = CARTESIAN_POINT('',(-8.561277279595E-02,-2.96451734197E-02));
#12182 = CARTESIAN_POINT('',(-9.869262119414E-02,-2.63290500593E-02));
#12183 = ( GEOMETRIC_REPRESENTATION_CONTEXT(2) 
PARAMETRIC_REPRESENTATION_CONTEXT() REPRESENTATION_CONTEXT('2D SPACE',''
  ) );
#12184 = PCURVE('',#11806,#12185);
#12185 = DEFINITIONAL_REPRESENTATION('',(#12186),#12194);
#12186 = ( BOUNDED_CURVE() B_SPLINE_CURVE(2,(#12187,#12188,#12189,#12190
    ,#12191,#12192,#12193),.UNSPECIFIED.,.T.,.F.) 
B_SPLINE_CURVE_WITH_KNOTS((1,2,2,2,2,1),(-2.094395102393,0.,
    2.094395102393,4.188790204786,6.28318530718,8.377580409573),
.UNSPECIFIED.) CURVE() GEOMETRIC_REPRESENTATION_ITEM() 
RATIONAL_B_SPLINE_CURVE((1.,0.5,1.,0.5,1.,0.5,1.)) REPRESENTATION_ITEM(
  '') );
#12187 = CARTESIAN_POINT('',(13.964761515876,-1.332669836707));
#12188 = CARTESIAN_POINT('',(11.886300546793,-1.332669836707));
#12189 = CARTESIAN_POINT('',(12.925531031335,1.249214988895));
#12190 = CARTESIAN_POINT('',(13.964761515876,3.831099814498));
#12191 = CARTESIAN_POINT('',(15.003992000417,1.249214988895));
#12192 = CARTESIAN_POINT('',(16.043222484959,-1.332669836707));
#12193 = CARTESIAN_POINT('',(13.964761515876,-1.332669836707));
#12194 = ( GEOMETRIC_REPRESENTATION_CONTEXT(2) 
PARAMETRIC_REPRESENTATION_CONTEXT() REPRESENTATION_CONTEXT('2D SPACE',''
  ) );
#12195 = ADVANCED_FACE('',(#12196),#7287,.T.);
#12196 = FACE_BOUND('',#12197,.T.);
#12197 = EDGE_LOOP('',(#12198,#12199,#12227,#12250,#12294));
#12198 = ORIENTED_EDGE('',*,*,#12055,.T.);
#12199 = ORIENTED_EDGE('',*,*,#12200,.F.);
#12200 = EDGE_CURVE('',#12201,#12056,#12203,.T.);
#12201 = VERTEX_POINT('',#12202);
#12202 = CARTESIAN_POINT('',(24.734433968862,53.617068524932,
    18.484127997601));
#12203 = SURFACE_CURVE('',#12204,(#12209,#12216),.PCURVE_S1.);
#12204 = CIRCLE('',#12205,0.8);
#12205 = AXIS2_PLACEMENT_3D('',#12206,#12207,#12208);
#12206 = CARTESIAN_POINT('',(23.941147801634,53.617068524932,
    18.380701420334));
#12207 = DIRECTION('',(-0.129282039652,4.276014937613E-03,0.991598643565
    ));
#12208 = DIRECTION('',(0.701563435975,0.707100316679,8.841881844092E-02)
  );
#12209 = PCURVE('',#7287,#12210);
#12210 = DEFINITIONAL_REPRESENTATION('',(#12211),#12215);
#12211 = LINE('',#12212,#12213);
#12212 = CARTESIAN_POINT('',(12.566370614359,0.900124583114));
#12213 = VECTOR('',#12214,1.);
#12214 = DIRECTION('',(-1.,0.));
#12215 = ( GEOMETRIC_REPRESENTATION_CONTEXT(2) 
PARAMETRIC_REPRESENTATION_CONTEXT() REPRESENTATION_CONTEXT('2D SPACE',''
  ) );
#12216 = PCURVE('',#11806,#12217);
#12217 = DEFINITIONAL_REPRESENTATION('',(#12218),#12226);
#12218 = ( BOUNDED_CURVE() B_SPLINE_CURVE(2,(#12219,#12220,#12221,#12222
    ,#12223,#12224,#12225),.UNSPECIFIED.,.T.,.F.) 
B_SPLINE_CURVE_WITH_KNOTS((1,2,2,2,2,1),(-2.094395102393,0.,
    2.094395102393,4.188790204786,6.28318530718,8.377580409573),
.UNSPECIFIED.) CURVE() GEOMETRIC_REPRESENTATION_ITEM() 
RATIONAL_B_SPLINE_CURVE((1.,0.5,1.,0.5,1.,0.5,1.)) REPRESENTATION_ITEM(
  '') );
#12219 = CARTESIAN_POINT('',(14.930446940825,-0.334314575051));
#12220 = CARTESIAN_POINT('',(15.910242837939,-1.314110472164));
#12221 = CARTESIAN_POINT('',(14.571816751958,-1.672740661031));
#12222 = CARTESIAN_POINT('',(13.233390665978,-2.031370849898));
#12223 = CARTESIAN_POINT('',(13.592020854845,-0.692944763918));
#12224 = CARTESIAN_POINT('',(13.950651043712,0.645481322062));
#12225 = CARTESIAN_POINT('',(14.930446940825,-0.334314575051));
#12226 = ( GEOMETRIC_REPRESENTATION_CONTEXT(2) 
PARAMETRIC_REPRESENTATION_CONTEXT() REPRESENTATION_CONTEXT('2D SPACE',''
  ) );
#12227 = ORIENTED_EDGE('',*,*,#12228,.T.);
#12228 = EDGE_CURVE('',#12201,#12229,#12231,.T.);
#12229 = VERTEX_POINT('',#12230);
#12230 = CARTESIAN_POINT('',(25.291089060763,53.598657108354,
    14.214560194146));
#12231 = SURFACE_CURVE('',#12232,(#12236,#12243),.PCURVE_S1.);
#12232 = LINE('',#12233,#12234);
#12233 = CARTESIAN_POINT('',(24.618064026816,53.620917471095,
    19.376690313256));
#12234 = VECTOR('',#12235,1.);
#12235 = DIRECTION('',(0.129282039652,-4.276014937613E-03,
    -0.991598643565));
#12236 = PCURVE('',#7287,#12237);
#12237 = DEFINITIONAL_REPRESENTATION('',(#12238),#12242);
#12238 = LINE('',#12239,#12240);
#12239 = CARTESIAN_POINT('',(7.068583470577,-8.659739592076E-15));
#12240 = VECTOR('',#12241,1.);
#12241 = DIRECTION('',(-5.15694185431E-15,1.));
#12242 = ( GEOMETRIC_REPRESENTATION_CONTEXT(2) 
PARAMETRIC_REPRESENTATION_CONTEXT() REPRESENTATION_CONTEXT('2D SPACE',''
  ) );
#12243 = PCURVE('',#11779,#12244);
#12244 = DEFINITIONAL_REPRESENTATION('',(#12245),#12249);
#12245 = LINE('',#12246,#12247);
#12246 = CARTESIAN_POINT('',(9.206982670818,6.005866458784));
#12247 = VECTOR('',#12248,1.);
#12248 = DIRECTION('',(8.306940540777E-16,1.));
#12249 = ( GEOMETRIC_REPRESENTATION_CONTEXT(2) 
PARAMETRIC_REPRESENTATION_CONTEXT() REPRESENTATION_CONTEXT('2D SPACE',''
  ) );
#12250 = ORIENTED_EDGE('',*,*,#12251,.T.);
#12251 = EDGE_CURVE('',#12229,#7272,#12252,.T.);
#12252 = SURFACE_CURVE('',#12253,(#12258,#12265),.PCURVE_S1.);
#12253 = CIRCLE('',#12254,0.8);
#12254 = AXIS2_PLACEMENT_3D('',#12255,#12256,#12257);
#12255 = CARTESIAN_POINT('',(24.497802893536,53.598657108354,
    14.111133616878));
#12256 = DIRECTION('',(-0.129282039652,4.276014937612E-03,0.991598643565
    ));
#12257 = DIRECTION('',(0.991607709035,7.051868151287E-19,0.129283221584)
  );
#12258 = PCURVE('',#7287,#12259);
#12259 = DEFINITIONAL_REPRESENTATION('',(#12260),#12264);
#12260 = LINE('',#12261,#12262);
#12261 = CARTESIAN_POINT('',(7.068583470577,5.205866458784));
#12262 = VECTOR('',#12263,1.);
#12263 = DIRECTION('',(-1.,-1.130863886743E-15));
#12264 = ( GEOMETRIC_REPRESENTATION_CONTEXT(2) 
PARAMETRIC_REPRESENTATION_CONTEXT() REPRESENTATION_CONTEXT('2D SPACE',''
  ) );
#12265 = PCURVE('',#7342,#12266);
#12266 = DEFINITIONAL_REPRESENTATION('',(#12267),#12293);
#12267 = B_SPLINE_CURVE_WITH_KNOTS('',3,(#12268,#12269,#12270,#12271,
    #12272,#12273,#12274,#12275,#12276,#12277,#12278,#12279,#12280,
    #12281,#12282,#12283,#12284,#12285,#12286,#12287,#12288,#12289,
    #12290,#12291,#12292),.UNSPECIFIED.,.F.,.F.,(4,1,1,1,1,1,1,1,1,1,1,1
    ,1,1,1,1,1,1,1,1,1,1,4),(0.,7.139983303613E-02,0.142799666072,
    0.214199499108,0.285599332145,0.356999165181,0.428398998217,
    0.499798831253,0.571198664289,0.642598497325,0.713998330361,
    0.785398163397,0.856797996434,0.92819782947,0.999597662506,
    1.070997495542,1.142397328578,1.213797161614,1.28519699465,
    1.356596827687,1.427996660723,1.499396493759,1.570796326795),
  .QUASI_UNIFORM_KNOTS.);
#12268 = CARTESIAN_POINT('',(0.887117624303,0.417670786666));
#12269 = CARTESIAN_POINT('',(0.875417719165,0.396409658279));
#12270 = CARTESIAN_POINT('',(0.852663786267,0.353739304215));
#12271 = CARTESIAN_POINT('',(0.820120146948,0.289370872458));
#12272 = CARTESIAN_POINT('',(0.788796406603,0.224725229908));
#12273 = CARTESIAN_POINT('',(0.758384665476,0.159873021131));
#12274 = CARTESIAN_POINT('',(0.728601139942,9.487892452681E-02));
#12275 = CARTESIAN_POINT('',(0.699183088223,2.980241797676E-02));
#12276 = CARTESIAN_POINT('',(0.669878659829,-3.529968713164E-02));
#12277 = CARTESIAN_POINT('',(0.640439575276,-0.100371453582));
#12278 = CARTESIAN_POINT('',(0.610613411992,-0.165355930775));
#12279 = CARTESIAN_POINT('',(0.580135817113,-0.230193242139));
#12280 = CARTESIAN_POINT('',(0.548722005152,-0.294818469693));
#12281 = CARTESIAN_POINT('',(0.516057102946,-0.359159203085));
#12282 = CARTESIAN_POINT('',(0.481784757006,-0.42313256986));
#12283 = CARTESIAN_POINT('',(0.445493316011,-0.486641509925));
#12284 = CARTESIAN_POINT('',(0.406698783284,-0.549569993068));
#12285 = CARTESIAN_POINT('',(0.36482349739,-0.611776701919));
#12286 = CARTESIAN_POINT('',(0.319169784003,-0.67308677753));
#12287 = CARTESIAN_POINT('',(0.26888660944,-0.733280140394));
#12288 = CARTESIAN_POINT('',(0.212933030385,-0.792077893006));
#12289 = CARTESIAN_POINT('',(0.150025393448,-0.849115890338));
#12290 = CARTESIAN_POINT('',(7.863046083985E-02,-0.903939772858));
#12291 = CARTESIAN_POINT('',(2.408635044504E-02,-0.938571213719));
#12292 = CARTESIAN_POINT('',(-5.225818872319E-03,-0.955306962728));
#12293 = ( GEOMETRIC_REPRESENTATION_CONTEXT(2) 
PARAMETRIC_REPRESENTATION_CONTEXT() REPRESENTATION_CONTEXT('2D SPACE',''
  ) );
#12294 = ORIENTED_EDGE('',*,*,#7271,.T.);
#12295 = ADVANCED_FACE('',(#12296),#7342,.T.);
#12296 = FACE_BOUND('',#12297,.T.);
#12297 = EDGE_LOOP('',(#12298,#12342,#12343));
#12298 = ORIENTED_EDGE('',*,*,#12299,.F.);
#12299 = EDGE_CURVE('',#7326,#12229,#12300,.T.);
#12300 = SURFACE_CURVE('',#12301,(#12306,#12335),.PCURVE_S1.);
#12301 = CIRCLE('',#12302,0.8);
#12302 = AXIS2_PLACEMENT_3D('',#12303,#12304,#12305);
#12303 = CARTESIAN_POINT('',(24.497802893536,53.598657108354,
    14.111133616878));
#12304 = DIRECTION('',(-5.528169866765E-04,-0.999990857806,
    4.240129376081E-03));
#12305 = DIRECTION('',(0.129282039652,-4.27601493761E-03,-0.991598643565
    ));
#12306 = PCURVE('',#7342,#12307);
#12307 = DEFINITIONAL_REPRESENTATION('',(#12308),#12334);
#12308 = B_SPLINE_CURVE_WITH_KNOTS('',3,(#12309,#12310,#12311,#12312,
    #12313,#12314,#12315,#12316,#12317,#12318,#12319,#12320,#12321,
    #12322,#12323,#12324,#12325,#12326,#12327,#12328,#12329,#12330,
    #12331,#12332,#12333),.UNSPECIFIED.,.F.,.F.,(4,1,1,1,1,1,1,1,1,1,1,1
    ,1,1,1,1,1,1,1,1,1,1,4),(0.,7.139983303613E-02,0.142799666072,
    0.214199499108,0.285599332145,0.356999165181,0.428398998217,
    0.499798831253,0.571198664289,0.642598497325,0.713998330361,
    0.785398163397,0.856797996434,0.92819782947,0.999597662506,
    1.070997495542,1.142397328578,1.213797161614,1.28519699465,
    1.356596827687,1.427996660723,1.499396493759,1.570796326795),
  .QUASI_UNIFORM_KNOTS.);
#12309 = CARTESIAN_POINT('',(-0.885027257935,0.423395441223));
#12310 = CARTESIAN_POINT('',(-0.861651869624,0.433984137429));
#12311 = CARTESIAN_POINT('',(-0.814218582149,0.454548759824));
#12312 = CARTESIAN_POINT('',(-0.74097293589,0.483340178134));
#12313 = CARTESIAN_POINT('',(-0.665564709366,0.50985980783));
#12314 = CARTESIAN_POINT('',(-0.587992426895,0.533888113908));
#12315 = CARTESIAN_POINT('',(-0.508308759718,0.555208806949));
#12316 = CARTESIAN_POINT('',(-0.426633325921,0.573613915045));
#12317 = CARTESIAN_POINT('',(-0.343155957175,0.588910496568));
#12318 = CARTESIAN_POINT('',(-0.258137729382,0.600927777126));
#12319 = CARTESIAN_POINT('',(-0.17190631577,0.609524416764));
#12320 = CARTESIAN_POINT('',(-8.484570704039E-02,0.6145951787));
#12321 = CARTESIAN_POINT('',(2.619615775287E-03,0.616076299167));
#12322 = CARTESIAN_POINT('',(9.004480759142E-02,0.613948910315));
#12323 = CARTESIAN_POINT('',(0.176987060291,0.608240078032));
#12324 = CARTESIAN_POINT('',(0.263027773282,0.599021316764));
#12325 = CARTESIAN_POINT('',(0.347792036682,0.586404777949));
#12326 = CARTESIAN_POINT('',(0.430963531028,0.570537595317));
#12327 = CARTESIAN_POINT('',(0.512293766547,0.5515950588));
#12328 = CARTESIAN_POINT('',(0.591605733536,0.529773314664));
#12329 = CARTESIAN_POINT('',(0.668792064547,0.505282308538));
#12330 = CARTESIAN_POINT('',(0.743811125134,0.478339205797));
#12331 = CARTESIAN_POINT('',(0.81667407518,0.449163580299));
#12332 = CARTESIAN_POINT('',(0.863861502232,0.428368437088));
#12333 = CARTESIAN_POINT('',(0.887117624303,0.417670786666));
#12334 = ( GEOMETRIC_REPRESENTATION_CONTEXT(2) 
PARAMETRIC_REPRESENTATION_CONTEXT() REPRESENTATION_CONTEXT('2D SPACE',''
  ) );
#12335 = PCURVE('',#7416,#12336);
#12336 = DEFINITIONAL_REPRESENTATION('',(#12337),#12341);
#12337 = LINE('',#12338,#12339);
#12338 = CARTESIAN_POINT('',(7.068583470577,9.453491335409));
#12339 = VECTOR('',#12340,1.);
#12340 = DIRECTION('',(-1.,-4.52345554697E-15));
#12341 = ( GEOMETRIC_REPRESENTATION_CONTEXT(2) 
PARAMETRIC_REPRESENTATION_CONTEXT() REPRESENTATION_CONTEXT('2D SPACE',''
  ) );
#12342 = ORIENTED_EDGE('',*,*,#7325,.T.);
#12343 = ORIENTED_EDGE('',*,*,#12251,.F.);
#12344 = ADVANCED_FACE('',(#12345),#7416,.T.);
#12345 = FACE_BOUND('',#12346,.T.);
#12346 = EDGE_LOOP('',(#12347,#12348,#12349,#12350));
#12347 = ORIENTED_EDGE('',*,*,#11646,.T.);
#12348 = ORIENTED_EDGE('',*,*,#7402,.T.);
#12349 = ORIENTED_EDGE('',*,*,#12299,.T.);
#12350 = ORIENTED_EDGE('',*,*,#12351,.T.);
#12351 = EDGE_CURVE('',#12229,#11600,#12352,.T.);
#12352 = SURFACE_CURVE('',#12353,(#12357,#12364),.PCURVE_S1.);
#12353 = LINE('',#12354,#12355);
#12354 = CARTESIAN_POINT('',(25.28586301017,44.145252198594,
    14.254644220463));
#12355 = VECTOR('',#12356,1.);
#12356 = DIRECTION('',(-5.528169866772E-04,-0.999990857806,
    4.240129376086E-03));
#12357 = PCURVE('',#7416,#12358);
#12358 = DEFINITIONAL_REPRESENTATION('',(#12359),#12363);
#12359 = LINE('',#12360,#12361);
#12360 = CARTESIAN_POINT('',(5.497787143782,1.7763568394E-15));
#12361 = VECTOR('',#12362,1.);
#12362 = DIRECTION('',(-3.991813122248E-16,-1.));
#12363 = ( GEOMETRIC_REPRESENTATION_CONTEXT(2) 
PARAMETRIC_REPRESENTATION_CONTEXT() REPRESENTATION_CONTEXT('2D SPACE',''
  ) );
#12364 = PCURVE('',#11779,#12365);
#12365 = DEFINITIONAL_REPRESENTATION('',(#12366),#12370);
#12366 = LINE('',#12367,#12368);
#12367 = CARTESIAN_POINT('',(-0.246508664591,11.211732917569));
#12368 = VECTOR('',#12369,1.);
#12369 = DIRECTION('',(-1.,-8.272772717422E-16));
#12370 = ( GEOMETRIC_REPRESENTATION_CONTEXT(2) 
PARAMETRIC_REPRESENTATION_CONTEXT() REPRESENTATION_CONTEXT('2D SPACE',''
  ) );
#12371 = ADVANCED_FACE('',(#12372),#7475,.T.);
#12372 = FACE_BOUND('',#12373,.T.);
#12373 = EDGE_LOOP('',(#12374,#12375,#12376,#12377));
#12374 = ORIENTED_EDGE('',*,*,#7459,.T.);
#12375 = ORIENTED_EDGE('',*,*,#10795,.F.);
#12376 = ORIENTED_EDGE('',*,*,#10618,.T.);
#12377 = ORIENTED_EDGE('',*,*,#12378,.T.);
#12378 = EDGE_CURVE('',#10619,#7460,#12379,.T.);
#12379 = SURFACE_CURVE('',#12380,(#12385,#12392),.PCURVE_S1.);
#12380 = CIRCLE('',#12381,1.);
#12381 = AXIS2_PLACEMENT_3D('',#12382,#12383,#12384);
#12382 = CARTESIAN_POINT('',(-11.12837984781,39.1,58.4));
#12383 = DIRECTION('',(1.,0.,0.));
#12384 = DIRECTION('',(0.,0.,-1.));
#12385 = PCURVE('',#7475,#12386);
#12386 = DEFINITIONAL_REPRESENTATION('',(#12387),#12391);
#12387 = LINE('',#12388,#12389);
#12388 = CARTESIAN_POINT('',(9.424777960769,11.12837984781));
#12389 = VECTOR('',#12390,1.);
#12390 = DIRECTION('',(-1.,0.));
#12391 = ( GEOMETRIC_REPRESENTATION_CONTEXT(2) 
PARAMETRIC_REPRESENTATION_CONTEXT() REPRESENTATION_CONTEXT('2D SPACE',''
  ) );
#12392 = PCURVE('',#7508,#12393);
#12393 = DEFINITIONAL_REPRESENTATION('',(#12394),#12398);
#12394 = LINE('',#12395,#12396);
#12395 = CARTESIAN_POINT('',(3.14159265359,-3.14159265359));
#12396 = VECTOR('',#12397,1.);
#12397 = DIRECTION('',(0.,1.));
#12398 = ( GEOMETRIC_REPRESENTATION_CONTEXT(2) 
PARAMETRIC_REPRESENTATION_CONTEXT() REPRESENTATION_CONTEXT('2D SPACE',''
  ) );
#12399 = ADVANCED_FACE('',(#12400),#7508,.T.);
#12400 = FACE_BOUND('',#12401,.T.);
#12401 = EDGE_LOOP('',(#12402,#12403,#12425,#12447));
#12402 = ORIENTED_EDGE('',*,*,#12378,.F.);
#12403 = ORIENTED_EDGE('',*,*,#12404,.F.);
#12404 = EDGE_CURVE('',#8181,#10619,#12405,.T.);
#12405 = SURFACE_CURVE('',#12406,(#12411,#12418),.PCURVE_S1.);
#12406 = CIRCLE('',#12407,5.);
#12407 = AXIS2_PLACEMENT_3D('',#12408,#12409,#12410);
#12408 = CARTESIAN_POINT('',(-11.12837984781,39.1,54.4));
#12409 = DIRECTION('',(0.,1.,0.));
#12410 = DIRECTION('',(0.,0.,-1.));
#12411 = PCURVE('',#7508,#12412);
#12412 = DEFINITIONAL_REPRESENTATION('',(#12413),#12417);
#12413 = LINE('',#12414,#12415);
#12414 = CARTESIAN_POINT('',(6.28318530718,0.));
#12415 = VECTOR('',#12416,1.);
#12416 = DIRECTION('',(-1.,0.));
#12417 = ( GEOMETRIC_REPRESENTATION_CONTEXT(2) 
PARAMETRIC_REPRESENTATION_CONTEXT() REPRESENTATION_CONTEXT('2D SPACE',''
  ) );
#12418 = PCURVE('',#8219,#12419);
#12419 = DEFINITIONAL_REPRESENTATION('',(#12420),#12424);
#12420 = LINE('',#12421,#12422);
#12421 = CARTESIAN_POINT('',(4.440892098501E-16,-19.));
#12422 = VECTOR('',#12423,1.);
#12423 = DIRECTION('',(1.,0.));
#12424 = ( GEOMETRIC_REPRESENTATION_CONTEXT(2) 
PARAMETRIC_REPRESENTATION_CONTEXT() REPRESENTATION_CONTEXT('2D SPACE',''
  ) );
#12425 = ORIENTED_EDGE('',*,*,#12426,.T.);
#12426 = EDGE_CURVE('',#8181,#7488,#12427,.T.);
#12427 = SURFACE_CURVE('',#12428,(#12433,#12440),.PCURVE_S1.);
#12428 = CIRCLE('',#12429,1.);
#12429 = AXIS2_PLACEMENT_3D('',#12430,#12431,#12432);
#12430 = CARTESIAN_POINT('',(-15.09481068394,39.1,54.917132886337));
#12431 = DIRECTION('',(0.129283221584,0.,0.991607709035));
#12432 = DIRECTION('',(0.991607709035,0.,-0.129283221584));
#12433 = PCURVE('',#7508,#12434);
#12434 = DEFINITIONAL_REPRESENTATION('',(#12435),#12439);
#12435 = LINE('',#12436,#12437);
#12436 = CARTESIAN_POINT('',(4.582742879548,-3.14159265359));
#12437 = VECTOR('',#12438,1.);
#12438 = DIRECTION('',(0.,1.));
#12439 = ( GEOMETRIC_REPRESENTATION_CONTEXT(2) 
PARAMETRIC_REPRESENTATION_CONTEXT() REPRESENTATION_CONTEXT('2D SPACE',''
  ) );
#12440 = PCURVE('',#7536,#12441);
#12441 = DEFINITIONAL_REPRESENTATION('',(#12442),#12446);
#12442 = LINE('',#12443,#12444);
#12443 = CARTESIAN_POINT('',(9.424777960769,-52.50474657374));
#12444 = VECTOR('',#12445,1.);
#12445 = DIRECTION('',(-1.,-4.52345554697E-15));
#12446 = ( GEOMETRIC_REPRESENTATION_CONTEXT(2) 
PARAMETRIC_REPRESENTATION_CONTEXT() REPRESENTATION_CONTEXT('2D SPACE',''
  ) );
#12447 = ORIENTED_EDGE('',*,*,#7487,.T.);
#12448 = ADVANCED_FACE('',(#12449),#7536,.T.);
#12449 = FACE_BOUND('',#12450,.T.);
#12450 = EDGE_LOOP('',(#12451,#12452,#12453,#12454));
#12451 = ORIENTED_EDGE('',*,*,#12426,.F.);
#12452 = ORIENTED_EDGE('',*,*,#8180,.F.);
#12453 = ORIENTED_EDGE('',*,*,#8109,.T.);
#12454 = ORIENTED_EDGE('',*,*,#7520,.T.);
#12455 = ADVANCED_FACE('',(#12456),#7589,.T.);
#12456 = FACE_BOUND('',#12457,.T.);
#12457 = EDGE_LOOP('',(#12458,#12526,#12560,#12626));
#12458 = ORIENTED_EDGE('',*,*,#12459,.T.);
#12459 = EDGE_CURVE('',#7574,#12460,#12462,.T.);
#12460 = VERTEX_POINT('',#12461);
#12461 = CARTESIAN_POINT('',(-9.441352306113,38.664454469581,
    55.499833298254));
#12462 = SURFACE_CURVE('',#12463,(#12468,#12497),.PCURVE_S1.);
#12463 = ELLIPSE('',#12464,1.082392200292,1.);
#12464 = AXIS2_PLACEMENT_3D('',#12465,#12466,#12467);
#12465 = CARTESIAN_POINT('',(-9.814213562373,39.1,56.4));
#12466 = DIRECTION('',(0.923879532511,0.,0.382683432365));
#12467 = DIRECTION('',(0.382683432365,0.,-0.923879532511));
#12468 = PCURVE('',#7589,#12469);
#12469 = DEFINITIONAL_REPRESENTATION('',(#12470),#12496);
#12470 = B_SPLINE_CURVE_WITH_KNOTS('',3,(#12471,#12472,#12473,#12474,
    #12475,#12476,#12477,#12478,#12479,#12480,#12481,#12482,#12483,
    #12484,#12485,#12486,#12487,#12488,#12489,#12490,#12491,#12492,
    #12493,#12494,#12495),.UNSPECIFIED.,.F.,.F.,(4,1,1,1,1,1,1,1,1,1,1,1
    ,1,1,1,1,1,1,1,1,1,1,4),(4.712388980385,4.783788813421,
    4.855188646457,4.926588479493,4.997988312529,5.069388145565,
    5.140787978601,5.212187811638,5.283587644674,5.35498747771,
    5.426387310746,5.497787143782,5.569186976818,5.640586809854,
    5.711986642891,5.783386475927,5.854786308963,5.926186141999,
    5.997585975035,6.068985808071,6.140385641107,6.211785474143,
    6.28318530718),.QUASI_UNIFORM_KNOTS.);
#12471 = CARTESIAN_POINT('',(4.712388980385,-9.814213562373));
#12472 = CARTESIAN_POINT('',(4.73618892473,-9.80435522592));
#12473 = CARTESIAN_POINT('',(4.783788813421,-9.784638823719));
#12474 = CARTESIAN_POINT('',(4.855188646457,-9.755214709085));
#12475 = CARTESIAN_POINT('',(4.926588479493,-9.726091297342));
#12476 = CARTESIAN_POINT('',(4.997988312529,-9.697416920851));
#12477 = CARTESIAN_POINT('',(5.069388145565,-9.669337717457));
#12478 = CARTESIAN_POINT('',(5.140787978601,-9.641996767039));
#12479 = CARTESIAN_POINT('',(5.212187811638,-9.615533394234));
#12480 = CARTESIAN_POINT('',(5.283587644674,-9.590082449945));
#12481 = CARTESIAN_POINT('',(5.35498747771,-9.56577362645));
#12482 = CARTESIAN_POINT('',(5.426387310746,-9.542730795916));
#12483 = CARTESIAN_POINT('',(5.497787143782,-9.521071379332));
#12484 = CARTESIAN_POINT('',(5.569186976818,-9.500905748114));
#12485 = CARTESIAN_POINT('',(5.640586809854,-9.482336661719));
#12486 = CARTESIAN_POINT('',(5.711986642891,-9.46545874387));
#12487 = CARTESIAN_POINT('',(5.783386475927,-9.450358000881));
#12488 = CARTESIAN_POINT('',(5.854786308963,-9.437111381511));
#12489 = CARTESIAN_POINT('',(5.926186141999,-9.425786391848));
#12490 = CARTESIAN_POINT('',(5.997585975035,-9.416440725198));
#12491 = CARTESIAN_POINT('',(6.068985808071,-9.409122065562));
#12492 = CARTESIAN_POINT('',(6.140385641107,-9.4038674809));
#12493 = CARTESIAN_POINT('',(6.211785474143,-9.400704591747));
#12494 = CARTESIAN_POINT('',(6.259385362834,-9.399999106726));
#12495 = CARTESIAN_POINT('',(6.28318530718,-9.4));
#12496 = ( GEOMETRIC_REPRESENTATION_CONTEXT(2) 
PARAMETRIC_REPRESENTATION_CONTEXT() REPRESENTATION_CONTEXT('2D SPACE',''
  ) );
#12497 = PCURVE('',#7988,#12498);
#12498 = DEFINITIONAL_REPRESENTATION('',(#12499),#12525);
#12499 = B_SPLINE_CURVE_WITH_KNOTS('',3,(#12500,#12501,#12502,#12503,
    #12504,#12505,#12506,#12507,#12508,#12509,#12510,#12511,#12512,
    #12513,#12514,#12515,#12516,#12517,#12518,#12519,#12520,#12521,
    #12522,#12523,#12524),.UNSPECIFIED.,.F.,.F.,(4,1,1,1,1,1,1,1,1,1,1,1
    ,1,1,1,1,1,1,1,1,1,1,4),(4.712388980385,4.783788813421,
    4.855188646457,4.926588479493,4.997988312529,5.069388145565,
    5.140787978601,5.212187811638,5.283587644674,5.35498747771,
    5.426387310746,5.497787143782,5.569186976818,5.640586809854,
    5.711986642891,5.783386475927,5.854786308963,5.926186141999,
    5.997585975035,6.068985808071,6.140385641107,6.211785474143,
    6.28318530718),.QUASI_UNIFORM_KNOTS.);
#12500 = CARTESIAN_POINT('',(4.712388980385,32.941125496954));
#12501 = CARTESIAN_POINT('',(4.73618892473,32.931267160501));
#12502 = CARTESIAN_POINT('',(4.783788813421,32.9115507583));
#12503 = CARTESIAN_POINT('',(4.855188646457,32.882126643666));
#12504 = CARTESIAN_POINT('',(4.926588479493,32.853003231923));
#12505 = CARTESIAN_POINT('',(4.997988312529,32.824328855432));
#12506 = CARTESIAN_POINT('',(5.069388145565,32.796249652038));
#12507 = CARTESIAN_POINT('',(5.140787978601,32.76890870162));
#12508 = CARTESIAN_POINT('',(5.212187811638,32.742445328815));
#12509 = CARTESIAN_POINT('',(5.283587644674,32.716994384526));
#12510 = CARTESIAN_POINT('',(5.35498747771,32.692685561031));
#12511 = CARTESIAN_POINT('',(5.426387310746,32.669642730497));
#12512 = CARTESIAN_POINT('',(5.497787143782,32.647983313913));
#12513 = CARTESIAN_POINT('',(5.569186976818,32.627817682695));
#12514 = CARTESIAN_POINT('',(5.640586809854,32.6092485963));
#12515 = CARTESIAN_POINT('',(5.711986642891,32.592370678451));
#12516 = CARTESIAN_POINT('',(5.783386475927,32.577269935462));
#12517 = CARTESIAN_POINT('',(5.854786308963,32.564023316092));
#12518 = CARTESIAN_POINT('',(5.926186141999,32.552698326428));
#12519 = CARTESIAN_POINT('',(5.997585975035,32.543352659779));
#12520 = CARTESIAN_POINT('',(6.068985808071,32.536034000143));
#12521 = CARTESIAN_POINT('',(6.140385641107,32.530779415481));
#12522 = CARTESIAN_POINT('',(6.211785474143,32.527616526328));
#12523 = CARTESIAN_POINT('',(6.259385362834,32.526911041307));
#12524 = CARTESIAN_POINT('',(6.28318530718,32.526911934581));
#12525 = ( GEOMETRIC_REPRESENTATION_CONTEXT(2) 
PARAMETRIC_REPRESENTATION_CONTEXT() REPRESENTATION_CONTEXT('2D SPACE',''
  ) );
#12526 = ORIENTED_EDGE('',*,*,#12527,.T.);
#12527 = EDGE_CURVE('',#12460,#12528,#12530,.T.);
#12528 = VERTEX_POINT('',#12529);
#12529 = CARTESIAN_POINT('',(9.441381036247,38.664311147028,
    55.499902658933));
#12530 = SURFACE_CURVE('',#12531,(#12537,#12546),.PCURVE_S1.);
#12531 = B_SPLINE_CURVE_WITH_KNOTS('',4,(#12532,#12533,#12534,#12535,
    #12536),.UNSPECIFIED.,.F.,.F.,(5,5),(0.,1.),
  .PIECEWISE_BEZIER_KNOTS.);
#12532 = CARTESIAN_POINT('',(-9.814214161642,38.66445730024,
    55.499831928645));
#12533 = CARTESIAN_POINT('',(-4.907107080622,38.664420046758,
    55.499849953593));
#12534 = CARTESIAN_POINT('',(-4.683542442763E-11,38.664382798519,
    55.499867978541));
#12535 = CARTESIAN_POINT('',(4.907107080747,38.66434555552,
    55.499886003488));
#12536 = CARTESIAN_POINT('',(9.814214161766,38.664308317759,
    55.499904028436));
#12537 = PCURVE('',#7589,#12538);
#12538 = DEFINITIONAL_REPRESENTATION('',(#12539),#12545);
#12539 = B_SPLINE_CURVE_WITH_KNOTS('',4,(#12540,#12541,#12542,#12543,
    #12544),.UNSPECIFIED.,.F.,.F.,(5,5),(0.,1.),
  .PIECEWISE_BEZIER_KNOTS.);
#12540 = CARTESIAN_POINT('',(5.832544231133,-9.814214162373));
#12541 = CARTESIAN_POINT('',(5.832502846103,-4.907107081354));
#12542 = CARTESIAN_POINT('',(5.832461465793,1.091517987106E-10));
#12543 = CARTESIAN_POINT('',(5.8324200902,4.907107081354));
#12544 = CARTESIAN_POINT('',(5.832378719322,9.814214162373));
#12545 = ( GEOMETRIC_REPRESENTATION_CONTEXT(2) 
PARAMETRIC_REPRESENTATION_CONTEXT() REPRESENTATION_CONTEXT('2D SPACE',''
  ) );
#12546 = PCURVE('',#12547,#12552);
#12547 = PLANE('',#12548);
#12548 = AXIS2_PLACEMENT_3D('',#12549,#12550,#12551);
#12549 = CARTESIAN_POINT('',(-10.20077143942,17.300203862666,
    55.499908984026));
#12550 = DIRECTION('',(-3.673205102084E-06,3.673205103194E-06,
    0.999999999987));
#12551 = DIRECTION('',(2.498001805407E-15,0.999999999993,
    -3.673205103416E-06));
#12552 = DEFINITIONAL_REPRESENTATION('',(#12553),#12559);
#12553 = B_SPLINE_CURVE_WITH_KNOTS('',4,(#12554,#12555,#12556,#12557,
    #12558),.UNSPECIFIED.,.F.,.F.,(5,5),(0.,1.),
  .PIECEWISE_BEZIER_KNOTS.);
#12554 = CARTESIAN_POINT('',(21.364253437714,-0.386557277782));
#12555 = CARTESIAN_POINT('',(21.364216184165,-5.293664358834));
#12556 = CARTESIAN_POINT('',(21.364178935859,-10.20077143944));
#12557 = CARTESIAN_POINT('',(21.364141692795,-15.10787852027));
#12558 = CARTESIAN_POINT('',(21.364104454967,-20.01498560132));
#12559 = ( GEOMETRIC_REPRESENTATION_CONTEXT(2) 
PARAMETRIC_REPRESENTATION_CONTEXT() REPRESENTATION_CONTEXT('2D SPACE',''
  ) );
#12560 = ORIENTED_EDGE('',*,*,#12561,.F.);
#12561 = EDGE_CURVE('',#7572,#12528,#12562,.T.);
#12562 = SURFACE_CURVE('',#12563,(#12568,#12597),.PCURVE_S1.);
#12563 = ELLIPSE('',#12564,1.082392200292,1.);
#12564 = AXIS2_PLACEMENT_3D('',#12565,#12566,#12567);
#12565 = CARTESIAN_POINT('',(9.814213562373,39.1,56.4));
#12566 = DIRECTION('',(0.923879532511,0.,-0.382683432365));
#12567 = DIRECTION('',(-0.382683432365,0.,-0.923879532511));
#12568 = PCURVE('',#7589,#12569);
#12569 = DEFINITIONAL_REPRESENTATION('',(#12570),#12596);
#12570 = B_SPLINE_CURVE_WITH_KNOTS('',3,(#12571,#12572,#12573,#12574,
    #12575,#12576,#12577,#12578,#12579,#12580,#12581,#12582,#12583,
    #12584,#12585,#12586,#12587,#12588,#12589,#12590,#12591,#12592,
    #12593,#12594,#12595),.UNSPECIFIED.,.F.,.F.,(4,1,1,1,1,1,1,1,1,1,1,1
    ,1,1,1,1,1,1,1,1,1,1,4),(4.712388980385,4.783788813421,
    4.855188646457,4.926588479493,4.997988312529,5.069388145565,
    5.140787978601,5.212187811638,5.283587644674,5.35498747771,
    5.426387310746,5.497787143782,5.569186976818,5.640586809854,
    5.711986642891,5.783386475927,5.854786308963,5.926186141999,
    5.997585975035,6.068985808071,6.140385641107,6.211785474143,
    6.28318530718),.QUASI_UNIFORM_KNOTS.);
#12571 = CARTESIAN_POINT('',(4.712388980385,9.814213562373));
#12572 = CARTESIAN_POINT('',(4.73618892473,9.80435522592));
#12573 = CARTESIAN_POINT('',(4.783788813421,9.784638823719));
#12574 = CARTESIAN_POINT('',(4.855188646457,9.755214709085));
#12575 = CARTESIAN_POINT('',(4.926588479493,9.726091297342));
#12576 = CARTESIAN_POINT('',(4.997988312529,9.697416920851));
#12577 = CARTESIAN_POINT('',(5.069388145565,9.669337717457));
#12578 = CARTESIAN_POINT('',(5.140787978601,9.641996767039));
#12579 = CARTESIAN_POINT('',(5.212187811638,9.615533394234));
#12580 = CARTESIAN_POINT('',(5.283587644674,9.590082449945));
#12581 = CARTESIAN_POINT('',(5.35498747771,9.56577362645));
#12582 = CARTESIAN_POINT('',(5.426387310746,9.542730795916));
#12583 = CARTESIAN_POINT('',(5.497787143782,9.521071379332));
#12584 = CARTESIAN_POINT('',(5.569186976818,9.500905748114));
#12585 = CARTESIAN_POINT('',(5.640586809854,9.482336661719));
#12586 = CARTESIAN_POINT('',(5.711986642891,9.46545874387));
#12587 = CARTESIAN_POINT('',(5.783386475927,9.450358000881));
#12588 = CARTESIAN_POINT('',(5.854786308963,9.437111381511));
#12589 = CARTESIAN_POINT('',(5.926186141999,9.425786391848));
#12590 = CARTESIAN_POINT('',(5.997585975035,9.416440725198));
#12591 = CARTESIAN_POINT('',(6.068985808071,9.409122065562));
#12592 = CARTESIAN_POINT('',(6.140385641107,9.4038674809));
#12593 = CARTESIAN_POINT('',(6.211785474143,9.400704591747));
#12594 = CARTESIAN_POINT('',(6.259385362834,9.399999106726));
#12595 = CARTESIAN_POINT('',(6.28318530718,9.4));
#12596 = ( GEOMETRIC_REPRESENTATION_CONTEXT(2) 
PARAMETRIC_REPRESENTATION_CONTEXT() REPRESENTATION_CONTEXT('2D SPACE',''
  ) );
#12597 = PCURVE('',#7617,#12598);
#12598 = DEFINITIONAL_REPRESENTATION('',(#12599),#12625);
#12599 = B_SPLINE_CURVE_WITH_KNOTS('',3,(#12600,#12601,#12602,#12603,
    #12604,#12605,#12606,#12607,#12608,#12609,#12610,#12611,#12612,
    #12613,#12614,#12615,#12616,#12617,#12618,#12619,#12620,#12621,
    #12622,#12623,#12624),.UNSPECIFIED.,.F.,.F.,(4,1,1,1,1,1,1,1,1,1,1,1
    ,1,1,1,1,1,1,1,1,1,1,4),(4.712388980385,4.783788813421,
    4.855188646457,4.926588479493,4.997988312529,5.069388145565,
    5.140787978601,5.212187811638,5.283587644674,5.35498747771,
    5.426387310746,5.497787143782,5.569186976818,5.640586809854,
    5.711986642891,5.783386475927,5.854786308963,5.926186141999,
    5.997585975035,6.068985808071,6.140385641107,6.211785474143,
    6.28318530718),.QUASI_UNIFORM_KNOTS.);
#12600 = CARTESIAN_POINT('',(4.712388980385,-32.94112549695));
#12601 = CARTESIAN_POINT('',(4.73618892473,-32.9312671605));
#12602 = CARTESIAN_POINT('',(4.783788813421,-32.9115507583));
#12603 = CARTESIAN_POINT('',(4.855188646457,-32.88212664366));
#12604 = CARTESIAN_POINT('',(4.926588479493,-32.85300323192));
#12605 = CARTESIAN_POINT('',(4.997988312529,-32.82432885543));
#12606 = CARTESIAN_POINT('',(5.069388145565,-32.79624965203));
#12607 = CARTESIAN_POINT('',(5.140787978601,-32.76890870162));
#12608 = CARTESIAN_POINT('',(5.212187811638,-32.74244532881));
#12609 = CARTESIAN_POINT('',(5.283587644674,-32.71699438452));
#12610 = CARTESIAN_POINT('',(5.35498747771,-32.69268556103));
#12611 = CARTESIAN_POINT('',(5.426387310746,-32.66964273049));
#12612 = CARTESIAN_POINT('',(5.497787143782,-32.64798331391));
#12613 = CARTESIAN_POINT('',(5.569186976818,-32.62781768269));
#12614 = CARTESIAN_POINT('',(5.640586809854,-32.6092485963));
#12615 = CARTESIAN_POINT('',(5.711986642891,-32.59237067845));
#12616 = CARTESIAN_POINT('',(5.783386475927,-32.57726993546));
#12617 = CARTESIAN_POINT('',(5.854786308963,-32.56402331609));
#12618 = CARTESIAN_POINT('',(5.926186141999,-32.55269832642));
#12619 = CARTESIAN_POINT('',(5.997585975035,-32.54335265977));
#12620 = CARTESIAN_POINT('',(6.068985808071,-32.53603400014));
#12621 = CARTESIAN_POINT('',(6.140385641107,-32.53077941548));
#12622 = CARTESIAN_POINT('',(6.211785474143,-32.52761652632));
#12623 = CARTESIAN_POINT('',(6.259385362834,-32.5269110413));
#12624 = CARTESIAN_POINT('',(6.28318530718,-32.52691193458));
#12625 = ( GEOMETRIC_REPRESENTATION_CONTEXT(2) 
PARAMETRIC_REPRESENTATION_CONTEXT() REPRESENTATION_CONTEXT('2D SPACE',''
  ) );
#12626 = ORIENTED_EDGE('',*,*,#7571,.T.);
#12627 = ADVANCED_FACE('',(#12628),#7617,.T.);
#12628 = FACE_BOUND('',#12629,.T.);
#12629 = EDGE_LOOP('',(#12630,#12631,#12632,#12661,#12690,#12718));
#12630 = ORIENTED_EDGE('',*,*,#7601,.F.);
#12631 = ORIENTED_EDGE('',*,*,#12561,.T.);
#12632 = ORIENTED_EDGE('',*,*,#12633,.T.);
#12633 = EDGE_CURVE('',#12528,#12634,#12636,.T.);
#12634 = VERTEX_POINT('',#12635);
#12635 = CARTESIAN_POINT('',(10.39922856044,38.125134218906,
    55.499908157811));
#12636 = SURFACE_CURVE('',#12637,(#12642,#12654),.PCURVE_S1.);
#12637 = ELLIPSE('',#12638,1.414208367715,1.);
#12638 = AXIS2_PLACEMENT_3D('',#12639,#12640,#12641);
#12639 = CARTESIAN_POINT('',(10.714307828094,39.1,55.49990573428));
#12640 = DIRECTION('',(-3.673205102084E-06,3.673205103194E-06,
    0.999999999987));
#12641 = DIRECTION('',(0.999999999987,3.673232088115E-06,
    3.673191609549E-06));
#12642 = PCURVE('',#7617,#12643);
#12643 = DEFINITIONAL_REPRESENTATION('',(#12644),#12653);
#12644 = B_SPLINE_CURVE_WITH_KNOTS('',7,(#12645,#12646,#12647,#12648,
    #12649,#12650,#12651,#12652),.UNSPECIFIED.,.F.,.F.,(8,8),(
    3.141587458874,4.712383785669),.PIECEWISE_BEZIER_KNOTS.);
#12645 = CARTESIAN_POINT('',(6.28318530718,-32.66819263257));
#12646 = CARTESIAN_POINT('',(6.058785831923,-32.66819379825));
#12647 = CARTESIAN_POINT('',(5.834386356667,-32.60944672292));
#12648 = CARTESIAN_POINT('',(5.60998688141,-32.49195983309));
#12649 = CARTESIAN_POINT('',(5.385587406154,-32.3229462739));
#12650 = CARTESIAN_POINT('',(5.161187930897,-32.11699961072));
#12651 = CARTESIAN_POINT('',(4.936788455641,-31.89260300036));
#12652 = CARTESIAN_POINT('',(4.712388980385,-31.66820517363));
#12653 = ( GEOMETRIC_REPRESENTATION_CONTEXT(2) 
PARAMETRIC_REPRESENTATION_CONTEXT() REPRESENTATION_CONTEXT('2D SPACE',''
  ) );
#12654 = PCURVE('',#12547,#12655);
#12655 = DEFINITIONAL_REPRESENTATION('',(#12656),#12660);
#12656 = ELLIPSE('',#12657,1.414208367715,1.);
#12657 = AXIS2_PLACEMENT_2D('',#12658,#12659);
#12658 = CARTESIAN_POINT('',(21.799796137199,-20.91507926765));
#12659 = DIRECTION('',(3.673218598202E-06,-0.999999999993));
#12660 = ( GEOMETRIC_REPRESENTATION_CONTEXT(2) 
PARAMETRIC_REPRESENTATION_CONTEXT() REPRESENTATION_CONTEXT('2D SPACE',''
  ) );
#12661 = ORIENTED_EDGE('',*,*,#12662,.T.);
#12662 = EDGE_CURVE('',#12634,#12663,#12665,.T.);
#12663 = VERTEX_POINT('',#12664);
#12664 = CARTESIAN_POINT('',(10.399232597796,39.1,54.400767402204));
#12665 = SURFACE_CURVE('',#12666,(#12671,#12683),.PCURVE_S1.);
#12666 = ELLIPSE('',#12667,1.414218757098,1.);
#12667 = AXIS2_PLACEMENT_3D('',#12668,#12669,#12670);
#12668 = CARTESIAN_POINT('',(10.399227403081,39.1,55.814986159292));
#12669 = DIRECTION('',(0.999999999993,1.348965383841E-11,
    3.673205101862E-06));
#12670 = DIRECTION('',(3.673205101862E-06,-1.348955473824E-11,
    -0.999999999993));
#12671 = PCURVE('',#7617,#12672);
#12672 = DEFINITIONAL_REPRESENTATION('',(#12673),#12682);
#12673 = B_SPLINE_CURVE_WITH_KNOTS('',7,(#12674,#12675,#12676,#12677,
    #12678,#12679,#12680,#12681),.UNSPECIFIED.,.F.,.F.,(8,8),(
    4.712388980404,6.283185307199),.PIECEWISE_BEZIER_KNOTS.);
#12674 = CARTESIAN_POINT('',(4.712388980385,-32.11379098923));
#12675 = CARTESIAN_POINT('',(4.936788455641,-31.88938986543));
#12676 = CARTESIAN_POINT('',(5.161187930897,-31.66498965285));
#12677 = CARTESIAN_POINT('',(5.385587406154,-31.45903935339));
#12678 = CARTESIAN_POINT('',(5.60998688141,-31.2900224329));
#12679 = CARTESIAN_POINT('',(5.834386356667,-31.172532747));
#12680 = CARTESIAN_POINT('',(6.058785831923,-31.1137836428));
#12681 = CARTESIAN_POINT('',(6.28318530718,-31.11378364281));
#12682 = ( GEOMETRIC_REPRESENTATION_CONTEXT(2) 
PARAMETRIC_REPRESENTATION_CONTEXT() REPRESENTATION_CONTEXT('2D SPACE',''
  ) );
#12683 = PCURVE('',#10781,#12684);
#12684 = DEFINITIONAL_REPRESENTATION('',(#12685),#12689);
#12685 = ELLIPSE('',#12686,1.414218757098,1.);
#12686 = AXIS2_PLACEMENT_2D('',#12687,#12688);
#12687 = CARTESIAN_POINT('',(21.799794979844,41.815081582364));
#12688 = DIRECTION('',(3.673191613837E-06,-0.999999999993));
#12689 = ( GEOMETRIC_REPRESENTATION_CONTEXT(2) 
PARAMETRIC_REPRESENTATION_CONTEXT() REPRESENTATION_CONTEXT('2D SPACE',''
  ) );
#12690 = ORIENTED_EDGE('',*,*,#12691,.T.);
#12691 = EDGE_CURVE('',#12663,#12692,#12694,.T.);
#12692 = VERTEX_POINT('',#12693);
#12693 = CARTESIAN_POINT('',(12.4,39.1,52.4));
#12694 = SURFACE_CURVE('',#12695,(#12699,#12706),.PCURVE_S1.);
#12695 = LINE('',#12696,#12697);
#12696 = CARTESIAN_POINT('',(9.4,39.1,55.4));
#12697 = VECTOR('',#12698,1.);
#12698 = DIRECTION('',(0.707106781187,0.,-0.707106781187));
#12699 = PCURVE('',#7617,#12700);
#12700 = DEFINITIONAL_REPRESENTATION('',(#12701),#12705);
#12701 = LINE('',#12702,#12703);
#12702 = CARTESIAN_POINT('',(6.28318530718,-32.52691193458));
#12703 = VECTOR('',#12704,1.);
#12704 = DIRECTION('',(0.,1.));
#12705 = ( GEOMETRIC_REPRESENTATION_CONTEXT(2) 
PARAMETRIC_REPRESENTATION_CONTEXT() REPRESENTATION_CONTEXT('2D SPACE',''
  ) );
#12706 = PCURVE('',#12707,#12712);
#12707 = PLANE('',#12708);
#12708 = AXIS2_PLACEMENT_3D('',#12709,#12710,#12711);
#12709 = CARTESIAN_POINT('',(9.4,58.1,55.4));
#12710 = DIRECTION('',(-0.707106781187,0.,-0.707106781187));
#12711 = DIRECTION('',(-0.707106781187,0.,0.707106781187));
#12712 = DEFINITIONAL_REPRESENTATION('',(#12713),#12717);
#12713 = LINE('',#12714,#12715);
#12714 = CARTESIAN_POINT('',(0.,-19.));
#12715 = VECTOR('',#12716,1.);
#12716 = DIRECTION('',(-1.,0.));
#12717 = ( GEOMETRIC_REPRESENTATION_CONTEXT(2) 
PARAMETRIC_REPRESENTATION_CONTEXT() REPRESENTATION_CONTEXT('2D SPACE',''
  ) );
#12718 = ORIENTED_EDGE('',*,*,#12719,.F.);
#12719 = EDGE_CURVE('',#7602,#12692,#12720,.T.);
#12720 = SURFACE_CURVE('',#12721,(#12726,#12755),.PCURVE_S1.);
#12721 = ELLIPSE('',#12722,1.056069822856,1.);
#12722 = AXIS2_PLACEMENT_3D('',#12723,#12724,#12725);
#12723 = CARTESIAN_POINT('',(13.347193714136,39.1,52.867019848237));
#12724 = DIRECTION('',(0.442224404229,0.,-0.89690444101));
#12725 = DIRECTION('',(-0.89690444101,0.,-0.442224404229));
#12726 = PCURVE('',#7617,#12727);
#12727 = DEFINITIONAL_REPRESENTATION('',(#12728),#12754);
#12728 = B_SPLINE_CURVE_WITH_KNOTS('',3,(#12729,#12730,#12731,#12732,
    #12733,#12734,#12735,#12736,#12737,#12738,#12739,#12740,#12741,
    #12742,#12743,#12744,#12745,#12746,#12747,#12748,#12749,#12750,
    #12751,#12752,#12753),.UNSPECIFIED.,.F.,.F.,(4,1,1,1,1,1,1,1,1,1,1,1
    ,1,1,1,1,1,1,1,1,1,1,4),(4.712388980385,4.783788813421,
    4.855188646457,4.926588479493,4.997988312529,5.069388145565,
    5.140787978601,5.212187811638,5.283587644674,5.35498747771,
    5.426387310746,5.497787143782,5.569186976818,5.640586809854,
    5.711986642891,5.783386475927,5.854786308963,5.926186141999,
    5.997585975035,6.068985808071,6.140385641107,6.211785474143,
    6.28318530718),.QUASI_UNIFORM_KNOTS.);
#12729 = CARTESIAN_POINT('',(4.712388980385,-27.94473705073));
#12730 = CARTESIAN_POINT('',(4.73618892473,-27.95281800861));
#12731 = CARTESIAN_POINT('',(4.783788813421,-27.96897970246));
#12732 = CARTESIAN_POINT('',(4.855188646457,-27.99309888646));
#12733 = CARTESIAN_POINT('',(4.926588479493,-28.01697158187));
#12734 = CARTESIAN_POINT('',(4.997988312529,-28.04047619947));
#12735 = CARTESIAN_POINT('',(5.069388145565,-28.06349294889));
#12736 = CARTESIAN_POINT('',(5.140787978601,-28.08590454639));
#12737 = CARTESIAN_POINT('',(5.212187811638,-28.10759678644));
#12738 = CARTESIAN_POINT('',(5.283587644674,-28.12845913067));
#12739 = CARTESIAN_POINT('',(5.35498747771,-28.14838526929));
#12740 = CARTESIAN_POINT('',(5.426387310746,-28.16727366326));
#12741 = CARTESIAN_POINT('',(5.497787143782,-28.18502806167));
#12742 = CARTESIAN_POINT('',(5.569186976818,-28.20155799216));
#12743 = CARTESIAN_POINT('',(5.640586809854,-28.216779222));
#12744 = CARTESIAN_POINT('',(5.711986642891,-28.23061418734));
#12745 = CARTESIAN_POINT('',(5.783386475927,-28.24299238812));
#12746 = CARTESIAN_POINT('',(5.854786308963,-28.25385074882));
#12747 = CARTESIAN_POINT('',(5.926186141999,-28.26313393415));
#12748 = CARTESIAN_POINT('',(5.997585975035,-28.27079465246));
#12749 = CARTESIAN_POINT('',(6.068985808071,-28.27679381677));
#12750 = CARTESIAN_POINT('',(6.140385641107,-28.28110104218));
#12751 = CARTESIAN_POINT('',(6.211785474143,-28.28369368792));
#12752 = CARTESIAN_POINT('',(6.259385362834,-28.28427197968));
#12753 = CARTESIAN_POINT('',(6.28318530718,-28.28427124746));
#12754 = ( GEOMETRIC_REPRESENTATION_CONTEXT(2) 
PARAMETRIC_REPRESENTATION_CONTEXT() REPRESENTATION_CONTEXT('2D SPACE',''
  ) );
#12755 = PCURVE('',#7645,#12756);
#12756 = DEFINITIONAL_REPRESENTATION('',(#12757),#12783);
#12757 = B_SPLINE_CURVE_WITH_KNOTS('',3,(#12758,#12759,#12760,#12761,
    #12762,#12763,#12764,#12765,#12766,#12767,#12768,#12769,#12770,
    #12771,#12772,#12773,#12774,#12775,#12776,#12777,#12778,#12779,
    #12780,#12781,#12782),.UNSPECIFIED.,.F.,.F.,(4,1,1,1,1,1,1,1,1,1,1,1
    ,1,1,1,1,1,1,1,1,1,1,4),(4.712388980385,4.783788813421,
    4.855188646457,4.926588479493,4.997988312529,5.069388145565,
    5.140787978601,5.212187811638,5.283587644674,5.35498747771,
    5.426387310746,5.497787143782,5.569186976818,5.640586809854,
    5.711986642891,5.783386475927,5.854786308963,5.926186141999,
    5.997585975035,6.068985808071,6.140385641107,6.211785474143,
    6.28318530718),.QUASI_UNIFORM_KNOTS.);
#12758 = CARTESIAN_POINT('',(4.712388980385,-50.6754624816));
#12759 = CARTESIAN_POINT('',(4.73618892473,-50.66738152373));
#12760 = CARTESIAN_POINT('',(4.783788813421,-50.65121982988));
#12761 = CARTESIAN_POINT('',(4.855188646457,-50.62710064588));
#12762 = CARTESIAN_POINT('',(4.926588479493,-50.60322795046));
#12763 = CARTESIAN_POINT('',(4.997988312529,-50.57972333286));
#12764 = CARTESIAN_POINT('',(5.069388145565,-50.55670658345));
#12765 = CARTESIAN_POINT('',(5.140787978601,-50.53429498595));
#12766 = CARTESIAN_POINT('',(5.212187811638,-50.5126027459));
#12767 = CARTESIAN_POINT('',(5.283587644674,-50.49174040166));
#12768 = CARTESIAN_POINT('',(5.35498747771,-50.47181426305));
#12769 = CARTESIAN_POINT('',(5.426387310746,-50.45292586907));
#12770 = CARTESIAN_POINT('',(5.497787143782,-50.43517147067));
#12771 = CARTESIAN_POINT('',(5.569186976818,-50.41864154017));
#12772 = CARTESIAN_POINT('',(5.640586809854,-50.40342031034));
#12773 = CARTESIAN_POINT('',(5.711986642891,-50.389585345));
#12774 = CARTESIAN_POINT('',(5.783386475927,-50.37720714422));
#12775 = CARTESIAN_POINT('',(5.854786308963,-50.36634878352));
#12776 = CARTESIAN_POINT('',(5.926186141999,-50.35706559818));
#12777 = CARTESIAN_POINT('',(5.997585975035,-50.34940487988));
#12778 = CARTESIAN_POINT('',(6.068985808071,-50.34340571557));
#12779 = CARTESIAN_POINT('',(6.140385641107,-50.33909849015));
#12780 = CARTESIAN_POINT('',(6.211785474143,-50.33650584441));
#12781 = CARTESIAN_POINT('',(6.259385362834,-50.33592755265));
#12782 = CARTESIAN_POINT('',(6.28318530718,-50.33592828488));
#12783 = ( GEOMETRIC_REPRESENTATION_CONTEXT(2) 
PARAMETRIC_REPRESENTATION_CONTEXT() REPRESENTATION_CONTEXT('2D SPACE',''
  ) );
#12784 = ADVANCED_FACE('',(#12785),#7645,.T.);
#12785 = FACE_BOUND('',#12786,.T.);
#12786 = EDGE_LOOP('',(#12787,#12788,#12816,#12882));
#12787 = ORIENTED_EDGE('',*,*,#12719,.T.);
#12788 = ORIENTED_EDGE('',*,*,#12789,.T.);
#12789 = EDGE_CURVE('',#12692,#12790,#12792,.T.);
#12790 = VERTEX_POINT('',#12791);
#12791 = CARTESIAN_POINT('',(14.347764535211,39.1,37.588852788417));
#12792 = SURFACE_CURVE('',#12793,(#12797,#12804),.PCURVE_S1.);
#12793 = LINE('',#12794,#12795);
#12794 = CARTESIAN_POINT('',(12.4,39.1,52.4));
#12795 = VECTOR('',#12796,1.);
#12796 = DIRECTION('',(0.130384063942,0.,-0.991463562553));
#12797 = PCURVE('',#7645,#12798);
#12798 = DEFINITIONAL_REPRESENTATION('',(#12799),#12803);
#12799 = LINE('',#12800,#12801);
#12800 = CARTESIAN_POINT('',(6.28318530718,-50.33592828488));
#12801 = VECTOR('',#12802,1.);
#12802 = DIRECTION('',(0.,1.));
#12803 = ( GEOMETRIC_REPRESENTATION_CONTEXT(2) 
PARAMETRIC_REPRESENTATION_CONTEXT() REPRESENTATION_CONTEXT('2D SPACE',''
  ) );
#12804 = PCURVE('',#12805,#12810);
#12805 = PLANE('',#12806);
#12806 = AXIS2_PLACEMENT_3D('',#12807,#12808,#12809);
#12807 = CARTESIAN_POINT('',(14.347764535211,58.1,37.588852788417));
#12808 = DIRECTION('',(-0.991463562553,0.,-0.130384063942));
#12809 = DIRECTION('',(-0.130384063942,0.,0.991463562553));
#12810 = DEFINITIONAL_REPRESENTATION('',(#12811),#12815);
#12811 = LINE('',#12812,#12813);
#12812 = CARTESIAN_POINT('',(14.938670235593,-19.));
#12813 = VECTOR('',#12814,1.);
#12814 = DIRECTION('',(-1.,0.));
#12815 = ( GEOMETRIC_REPRESENTATION_CONTEXT(2) 
PARAMETRIC_REPRESENTATION_CONTEXT() REPRESENTATION_CONTEXT('2D SPACE',''
  ) );
#12816 = ORIENTED_EDGE('',*,*,#12817,.F.);
#12817 = EDGE_CURVE('',#7630,#12790,#12818,.T.);
#12818 = SURFACE_CURVE('',#12819,(#12824,#12853),.PCURVE_S1.);
#12819 = ELLIPSE('',#12820,1.002140965386,1.);
#12820 = AXIS2_PLACEMENT_3D('',#12821,#12822,#12823);
#12821 = CARTESIAN_POINT('',(15.347764535211,39.1,37.654324266979));
#12822 = DIRECTION('',(6.533160585506E-02,0.,-0.997863608554));
#12823 = DIRECTION('',(-0.997863608554,0.,-6.533160585506E-02));
#12824 = PCURVE('',#7645,#12825);
#12825 = DEFINITIONAL_REPRESENTATION('',(#12826),#12852);
#12826 = B_SPLINE_CURVE_WITH_KNOTS('',3,(#12827,#12828,#12829,#12830,
    #12831,#12832,#12833,#12834,#12835,#12836,#12837,#12838,#12839,
    #12840,#12841,#12842,#12843,#12844,#12845,#12846,#12847,#12848,
    #12849,#12850,#12851),.UNSPECIFIED.,.F.,.F.,(4,1,1,1,1,1,1,1,1,1,1,1
    ,1,1,1,1,1,1,1,1,1,1,4),(4.712388980385,4.783788813421,
    4.855188646457,4.926588479493,4.997988312529,5.069388145565,
    5.140787978601,5.212187811638,5.283587644674,5.35498747771,
    5.426387310746,5.497787143782,5.569186976818,5.640586809854,
    5.711986642891,5.783386475927,5.854786308963,5.926186141999,
    5.997585975035,6.068985808071,6.140385641107,6.211785474143,
    6.28318530718),.QUASI_UNIFORM_KNOTS.);
#12827 = CARTESIAN_POINT('',(4.712388980385,-35.33178657072));
#12828 = CARTESIAN_POINT('',(4.73618892473,-35.33334480039));
#12829 = CARTESIAN_POINT('',(4.783788813421,-35.33646121695));
#12830 = CARTESIAN_POINT('',(4.855188646457,-35.34111205523));
#12831 = CARTESIAN_POINT('',(4.926588479493,-35.34571536376));
#12832 = CARTESIAN_POINT('',(4.997988312529,-35.35024769683));
#12833 = CARTESIAN_POINT('',(5.069388145565,-35.35468595557));
#12834 = CARTESIAN_POINT('',(5.140787978601,-35.35900752447));
#12835 = CARTESIAN_POINT('',(5.212187811638,-35.36319038158));
#12836 = CARTESIAN_POINT('',(5.283587644674,-35.36721321209));
#12837 = CARTESIAN_POINT('',(5.35498747771,-35.37105551654));
#12838 = CARTESIAN_POINT('',(5.426387310746,-35.37469771545));
#12839 = CARTESIAN_POINT('',(5.497787143782,-35.378121249));
#12840 = CARTESIAN_POINT('',(5.569186976818,-35.38130867166));
#12841 = CARTESIAN_POINT('',(5.640586809854,-35.38424374103));
#12842 = CARTESIAN_POINT('',(5.711986642891,-35.3869115007));
#12843 = CARTESIAN_POINT('',(5.783386475927,-35.38929835633));
#12844 = CARTESIAN_POINT('',(5.854786308963,-35.39139214522));
#12845 = CARTESIAN_POINT('',(5.926186141999,-35.39318219722));
#12846 = CARTESIAN_POINT('',(5.997585975035,-35.39465939322));
#12847 = CARTESIAN_POINT('',(6.068985808071,-35.39581619616));
#12848 = CARTESIAN_POINT('',(6.140385641107,-35.39664674701));
#12849 = CARTESIAN_POINT('',(6.211785474143,-35.39714668001));
#12850 = CARTESIAN_POINT('',(6.259385362834,-35.39725819048));
#12851 = CARTESIAN_POINT('',(6.28318530718,-35.39725804928));
#12852 = ( GEOMETRIC_REPRESENTATION_CONTEXT(2) 
PARAMETRIC_REPRESENTATION_CONTEXT() REPRESENTATION_CONTEXT('2D SPACE',''
  ) );
#12853 = PCURVE('',#7673,#12854);
#12854 = DEFINITIONAL_REPRESENTATION('',(#12855),#12881);
#12855 = B_SPLINE_CURVE_WITH_KNOTS('',3,(#12856,#12857,#12858,#12859,
    #12860,#12861,#12862,#12863,#12864,#12865,#12866,#12867,#12868,
    #12869,#12870,#12871,#12872,#12873,#12874,#12875,#12876,#12877,
    #12878,#12879,#12880),.UNSPECIFIED.,.F.,.F.,(4,1,1,1,1,1,1,1,1,1,1,1
    ,1,1,1,1,1,1,1,1,1,1,4),(4.712388980385,4.783788813421,
    4.855188646457,4.926588479493,4.997988312529,5.069388145565,
    5.140787978601,5.212187811638,5.283587644674,5.35498747771,
    5.426387310746,5.497787143782,5.569186976818,5.640586809854,
    5.711986642891,5.783386475927,5.854786308963,5.926186141999,
    5.997585975035,6.068985808071,6.140385641107,6.211785474143,
    6.28318530718),.QUASI_UNIFORM_KNOTS.);
#12856 = CARTESIAN_POINT('',(4.712388980385,-37.65432426697));
#12857 = CARTESIAN_POINT('',(4.73618892473,-37.6527660373));
#12858 = CARTESIAN_POINT('',(4.783788813421,-37.64964962074));
#12859 = CARTESIAN_POINT('',(4.855188646457,-37.64499878247));
#12860 = CARTESIAN_POINT('',(4.926588479493,-37.64039547393));
#12861 = CARTESIAN_POINT('',(4.997988312529,-37.63586314086));
#12862 = CARTESIAN_POINT('',(5.069388145565,-37.63142488213));
#12863 = CARTESIAN_POINT('',(5.140787978601,-37.62710331322));
#12864 = CARTESIAN_POINT('',(5.212187811638,-37.62292045611));
#12865 = CARTESIAN_POINT('',(5.283587644674,-37.61889762561));
#12866 = CARTESIAN_POINT('',(5.35498747771,-37.61505532115));
#12867 = CARTESIAN_POINT('',(5.426387310746,-37.61141312224));
#12868 = CARTESIAN_POINT('',(5.497787143782,-37.60798958869));
#12869 = CARTESIAN_POINT('',(5.569186976818,-37.60480216604));
#12870 = CARTESIAN_POINT('',(5.640586809854,-37.60186709666));
#12871 = CARTESIAN_POINT('',(5.711986642891,-37.59919933699));
#12872 = CARTESIAN_POINT('',(5.783386475927,-37.59681248137));
#12873 = CARTESIAN_POINT('',(5.854786308963,-37.59471869248));
#12874 = CARTESIAN_POINT('',(5.926186141999,-37.59292864047));
#12875 = CARTESIAN_POINT('',(5.997585975035,-37.59145144448));
#12876 = CARTESIAN_POINT('',(6.068985808071,-37.59029464154));
#12877 = CARTESIAN_POINT('',(6.140385641107,-37.58946409069));
#12878 = CARTESIAN_POINT('',(6.211785474143,-37.58896415769));
#12879 = CARTESIAN_POINT('',(6.259385362834,-37.58885264722));
#12880 = CARTESIAN_POINT('',(6.28318530718,-37.58885278841));
#12881 = ( GEOMETRIC_REPRESENTATION_CONTEXT(2) 
PARAMETRIC_REPRESENTATION_CONTEXT() REPRESENTATION_CONTEXT('2D SPACE',''
  ) );
#12882 = ORIENTED_EDGE('',*,*,#7629,.F.);
#12883 = ADVANCED_FACE('',(#12884),#7673,.T.);
#12884 = FACE_BOUND('',#12885,.T.);
#12885 = EDGE_LOOP('',(#12886,#12887,#12915,#12981));
#12886 = ORIENTED_EDGE('',*,*,#12817,.T.);
#12887 = ORIENTED_EDGE('',*,*,#12888,.T.);
#12888 = EDGE_CURVE('',#12790,#12889,#12891,.T.);
#12889 = VERTEX_POINT('',#12890);
#12890 = CARTESIAN_POINT('',(14.347764535211,39.1,18.432860213597));
#12891 = SURFACE_CURVE('',#12892,(#12896,#12903),.PCURVE_S1.);
#12892 = LINE('',#12893,#12894);
#12893 = CARTESIAN_POINT('',(14.347764535211,39.1,37.588852788417));
#12894 = VECTOR('',#12895,1.);
#12895 = DIRECTION('',(0.,0.,-1.));
#12896 = PCURVE('',#7673,#12897);
#12897 = DEFINITIONAL_REPRESENTATION('',(#12898),#12902);
#12898 = LINE('',#12899,#12900);
#12899 = CARTESIAN_POINT('',(6.28318530718,-37.58885278841));
#12900 = VECTOR('',#12901,1.);
#12901 = DIRECTION('',(0.,1.));
#12902 = ( GEOMETRIC_REPRESENTATION_CONTEXT(2) 
PARAMETRIC_REPRESENTATION_CONTEXT() REPRESENTATION_CONTEXT('2D SPACE',''
  ) );
#12903 = PCURVE('',#12904,#12909);
#12904 = PLANE('',#12905);
#12905 = AXIS2_PLACEMENT_3D('',#12906,#12907,#12908);
#12906 = CARTESIAN_POINT('',(14.347764535211,58.1,18.432860213597));
#12907 = DIRECTION('',(-1.,0.,0.));
#12908 = DIRECTION('',(0.,0.,1.));
#12909 = DEFINITIONAL_REPRESENTATION('',(#12910),#12914);
#12910 = LINE('',#12911,#12912);
#12911 = CARTESIAN_POINT('',(19.15599257482,-19.));
#12912 = VECTOR('',#12913,1.);
#12913 = DIRECTION('',(-1.,0.));
#12914 = ( GEOMETRIC_REPRESENTATION_CONTEXT(2) 
PARAMETRIC_REPRESENTATION_CONTEXT() REPRESENTATION_CONTEXT('2D SPACE',''
  ) );
#12915 = ORIENTED_EDGE('',*,*,#12916,.F.);
#12916 = EDGE_CURVE('',#7658,#12889,#12917,.T.);
#12917 = SURFACE_CURVE('',#12918,(#12923,#12952),.PCURVE_S1.);
#12918 = ELLIPSE('',#12919,1.480187232922,1.);
#12919 = AXIS2_PLACEMENT_3D('',#12920,#12921,#12922);
#12920 = CARTESIAN_POINT('',(15.347764535211,39.1,19.524168714667));
#12921 = DIRECTION('',(0.73727733681,0.,-0.675590207616));
#12922 = DIRECTION('',(-0.675590207616,0.,-0.73727733681));
#12923 = PCURVE('',#7673,#12924);
#12924 = DEFINITIONAL_REPRESENTATION('',(#12925),#12951);
#12925 = B_SPLINE_CURVE_WITH_KNOTS('',3,(#12926,#12927,#12928,#12929,
    #12930,#12931,#12932,#12933,#12934,#12935,#12936,#12937,#12938,
    #12939,#12940,#12941,#12942,#12943,#12944,#12945,#12946,#12947,
    #12948,#12949,#12950),.UNSPECIFIED.,.F.,.F.,(4,1,1,1,1,1,1,1,1,1,1,1
    ,1,1,1,1,1,1,1,1,1,1,4),(4.712388980385,4.783788813421,
    4.855188646457,4.926588479493,4.997988312529,5.069388145565,
    5.140787978601,5.212187811638,5.283587644674,5.35498747771,
    5.426387310746,5.497787143782,5.569186976818,5.640586809854,
    5.711986642891,5.783386475927,5.854786308963,5.926186141999,
    5.997585975035,6.068985808071,6.140385641107,6.211785474143,
    6.28318530718),.QUASI_UNIFORM_KNOTS.);
#12926 = CARTESIAN_POINT('',(4.712388980385,-19.52416871466));
#12927 = CARTESIAN_POINT('',(4.73618892473,-19.49819543094));
#12928 = CARTESIAN_POINT('',(4.783788813421,-19.4462495767));
#12929 = CARTESIAN_POINT('',(4.855188646457,-19.36872728059));
#12930 = CARTESIAN_POINT('',(4.926588479493,-19.29199723189));
#12931 = CARTESIAN_POINT('',(4.997988312529,-19.21645023471));
#12932 = CARTESIAN_POINT('',(5.069388145565,-19.14247131139));
#12933 = CARTESIAN_POINT('',(5.140787978601,-19.0704374276));
#12934 = CARTESIAN_POINT('',(5.212187811638,-19.00071565523));
#12935 = CARTESIAN_POINT('',(5.283587644674,-18.93366127945));
#12936 = CARTESIAN_POINT('',(5.35498747771,-18.86961599426));
#12937 = CARTESIAN_POINT('',(5.426387310746,-18.80890615969));
#12938 = CARTESIAN_POINT('',(5.497787143782,-18.75184113914));
#12939 = CARTESIAN_POINT('',(5.569186976818,-18.69871172288));
#12940 = CARTESIAN_POINT('',(5.640586809854,-18.64978864628));
#12941 = CARTESIAN_POINT('',(5.711986642891,-18.60532120991));
#12942 = CARTESIAN_POINT('',(5.783386475927,-18.56553601045));
#12943 = CARTESIAN_POINT('',(5.854786308963,-18.5306357811));
#12944 = CARTESIAN_POINT('',(5.926186141999,-18.50079837688));
#12945 = CARTESIAN_POINT('',(5.997585975035,-18.47617579957));
#12946 = CARTESIAN_POINT('',(6.068985808071,-18.4568936799));
#12947 = CARTESIAN_POINT('',(6.140385641107,-18.44304967905));
#12948 = CARTESIAN_POINT('',(6.211785474143,-18.4347165675));
#12949 = CARTESIAN_POINT('',(6.259385362834,-18.43285786013));
#12950 = CARTESIAN_POINT('',(6.28318530718,-18.43286021359));
#12951 = ( GEOMETRIC_REPRESENTATION_CONTEXT(2) 
PARAMETRIC_REPRESENTATION_CONTEXT() REPRESENTATION_CONTEXT('2D SPACE',''
  ) );
#12952 = PCURVE('',#7701,#12953);
#12953 = DEFINITIONAL_REPRESENTATION('',(#12954),#12980);
#12954 = B_SPLINE_CURVE_WITH_KNOTS('',3,(#12955,#12956,#12957,#12958,
    #12959,#12960,#12961,#12962,#12963,#12964,#12965,#12966,#12967,
    #12968,#12969,#12970,#12971,#12972,#12973,#12974,#12975,#12976,
    #12977,#12978,#12979),.UNSPECIFIED.,.F.,.F.,(4,1,1,1,1,1,1,1,1,1,1,1
    ,1,1,1,1,1,1,1,1,1,1,4),(4.712388980385,4.783788813421,
    4.855188646457,4.926588479493,4.997988312529,5.069388145565,
    5.140787978601,5.212187811638,5.283587644674,5.35498747771,
    5.426387310746,5.497787143782,5.569186976818,5.640586809854,
    5.711986642891,5.783386475927,5.854786308963,5.926186141999,
    5.997585975035,6.068985808071,6.140385641107,6.211785474143,
    6.28318530718),.QUASI_UNIFORM_KNOTS.);
#12955 = CARTESIAN_POINT('',(4.712388980385,16.991005083395));
#12956 = CARTESIAN_POINT('',(4.73618892473,16.96503179967));
#12957 = CARTESIAN_POINT('',(4.783788813421,16.913085945438));
#12958 = CARTESIAN_POINT('',(4.855188646457,16.835563649325));
#12959 = CARTESIAN_POINT('',(4.926588479493,16.758833600619));
#12960 = CARTESIAN_POINT('',(4.997988312529,16.683286603443));
#12961 = CARTESIAN_POINT('',(5.069388145565,16.609307680126));
#12962 = CARTESIAN_POINT('',(5.140787978601,16.53727379633));
#12963 = CARTESIAN_POINT('',(5.212187811638,16.46755202396));
#12964 = CARTESIAN_POINT('',(5.283587644674,16.400497648182));
#12965 = CARTESIAN_POINT('',(5.35498747771,16.336452362995));
#12966 = CARTESIAN_POINT('',(5.426387310746,16.275742528418));
#12967 = CARTESIAN_POINT('',(5.497787143782,16.218677507876));
#12968 = CARTESIAN_POINT('',(5.569186976818,16.165548091612));
#12969 = CARTESIAN_POINT('',(5.640586809854,16.116625015013));
#12970 = CARTESIAN_POINT('',(5.711986642891,16.072157578643));
#12971 = CARTESIAN_POINT('',(5.783386475927,16.032372379187));
#12972 = CARTESIAN_POINT('',(5.854786308963,15.997472149831));
#12973 = CARTESIAN_POINT('',(5.926186141999,15.96763474561));
#12974 = CARTESIAN_POINT('',(5.997585975035,15.9430121683));
#12975 = CARTESIAN_POINT('',(6.068985808071,15.923730048632));
#12976 = CARTESIAN_POINT('',(6.140385641107,15.90988604778));
#12977 = CARTESIAN_POINT('',(6.211785474143,15.901552936229));
#12978 = CARTESIAN_POINT('',(6.259385362834,15.899694228858));
#12979 = CARTESIAN_POINT('',(6.28318530718,15.899696582326));
#12980 = ( GEOMETRIC_REPRESENTATION_CONTEXT(2) 
PARAMETRIC_REPRESENTATION_CONTEXT() REPRESENTATION_CONTEXT('2D SPACE',''
  ) );
#12981 = ORIENTED_EDGE('',*,*,#7657,.F.);
#12982 = ADVANCED_FACE('',(#12983),#7701,.T.);
#12983 = FACE_BOUND('',#12984,.T.);
#12984 = EDGE_LOOP('',(#12985,#12986,#13007,#13073));
#12985 = ORIENTED_EDGE('',*,*,#12916,.T.);
#12986 = ORIENTED_EDGE('',*,*,#12987,.T.);
#12987 = EDGE_CURVE('',#12889,#9732,#12988,.T.);
#12988 = SURFACE_CURVE('',#12989,(#12993,#13000),.PCURVE_S1.);
#12989 = LINE('',#12990,#12991);
#12990 = CARTESIAN_POINT('',(14.347764535211,39.1,18.432860213597));
#12991 = VECTOR('',#12992,1.);
#12992 = DIRECTION('',(0.996194698092,0.,8.715574274766E-02));
#12993 = PCURVE('',#7701,#12994);
#12994 = DEFINITIONAL_REPRESENTATION('',(#12995),#12999);
#12995 = LINE('',#12996,#12997);
#12996 = CARTESIAN_POINT('',(6.28318530718,15.899696582326));
#12997 = VECTOR('',#12998,1.);
#12998 = DIRECTION('',(0.,1.));
#12999 = ( GEOMETRIC_REPRESENTATION_CONTEXT(2) 
PARAMETRIC_REPRESENTATION_CONTEXT() REPRESENTATION_CONTEXT('2D SPACE',''
  ) );
#13000 = PCURVE('',#9768,#13001);
#13001 = DEFINITIONAL_REPRESENTATION('',(#13002),#13006);
#13002 = LINE('',#13003,#13004);
#13003 = CARTESIAN_POINT('',(2.5,-19.));
#13004 = VECTOR('',#13005,1.);
#13005 = DIRECTION('',(-1.,0.));
#13006 = ( GEOMETRIC_REPRESENTATION_CONTEXT(2) 
PARAMETRIC_REPRESENTATION_CONTEXT() REPRESENTATION_CONTEXT('2D SPACE',''
  ) );
#13007 = ORIENTED_EDGE('',*,*,#13008,.F.);
#13008 = EDGE_CURVE('',#7686,#9732,#13009,.T.);
#13009 = SURFACE_CURVE('',#13010,(#13015,#13044),.PCURVE_S1.);
#13010 = ELLIPSE('',#13011,1.384438697513,1.);
#13011 = AXIS2_PLACEMENT_3D('',#13012,#13013,#13014);
#13012 = CARTESIAN_POINT('',(17.704881344252,39.1,19.730389714064));
#13013 = DIRECTION('',(0.779839616978,0.,-0.625979370101));
#13014 = DIRECTION('',(-0.625979370101,0.,-0.779839616978));
#13015 = PCURVE('',#7701,#13016);
#13016 = DEFINITIONAL_REPRESENTATION('',(#13017),#13043);
#13017 = B_SPLINE_CURVE_WITH_KNOTS('',3,(#13018,#13019,#13020,#13021,
    #13022,#13023,#13024,#13025,#13026,#13027,#13028,#13029,#13030,
    #13031,#13032,#13033,#13034,#13035,#13036,#13037,#13038,#13039,
    #13040,#13041,#13042),.UNSPECIFIED.,.F.,.F.,(4,1,1,1,1,1,1,1,1,1,1,1
    ,1,1,1,1,1,1,1,1,1,1,4),(4.712388980385,4.783788813421,
    4.855188646457,4.926588479493,4.997988312529,5.069388145565,
    5.140787978601,5.212187811638,5.283587644674,5.35498747771,
    5.426387310746,5.497787143782,5.569186976818,5.640586809854,
    5.711986642891,5.783386475927,5.854786308963,5.926186141999,
    5.997585975035,6.068985808071,6.140385641107,6.211785474143,
    6.28318530718),.QUASI_UNIFORM_KNOTS.);
#13018 = CARTESIAN_POINT('',(4.712388980385,19.357125695718));
#13019 = CARTESIAN_POINT('',(4.73618892473,19.334338758766));
#13020 = CARTESIAN_POINT('',(4.783788813421,19.288765510584));
#13021 = CARTESIAN_POINT('',(4.855188646457,19.220753483588));
#13022 = CARTESIAN_POINT('',(4.926588479493,19.153436512786));
#13023 = CARTESIAN_POINT('',(4.997988312529,19.087157459288));
#13024 = CARTESIAN_POINT('',(5.069388145565,19.022254111708));
#13025 = CARTESIAN_POINT('',(5.140787978601,18.959057190371));
#13026 = CARTESIAN_POINT('',(5.212187811638,18.897888735586));
#13027 = CARTESIAN_POINT('',(5.283587644674,18.839060446897));
#13028 = CARTESIAN_POINT('',(5.35498747771,18.782872100014));
#13029 = CARTESIAN_POINT('',(5.426387310746,18.729610017811));
#13030 = CARTESIAN_POINT('',(5.497787143782,18.679545611669));
#13031 = CARTESIAN_POINT('',(5.569186976818,18.632933998309));
#13032 = CARTESIAN_POINT('',(5.640586809854,18.59001269988));
#13033 = CARTESIAN_POINT('',(5.711986642891,18.551000433287));
#13034 = CARTESIAN_POINT('',(5.783386475927,18.516095996821));
#13035 = CARTESIAN_POINT('',(5.854786308963,18.485477252792));
#13036 = CARTESIAN_POINT('',(5.926186141999,18.459300237364));
#13037 = CARTESIAN_POINT('',(5.997585975035,18.43769830506));
#13038 = CARTESIAN_POINT('',(6.068985808071,18.420781674501));
#13039 = CARTESIAN_POINT('',(6.140385641107,18.408636025999));
#13040 = CARTESIAN_POINT('',(6.211785474143,18.401325202711));
#13041 = CARTESIAN_POINT('',(6.259385362834,18.399694517577));
#13042 = CARTESIAN_POINT('',(6.28318530718,18.399696582326));
#13043 = ( GEOMETRIC_REPRESENTATION_CONTEXT(2) 
PARAMETRIC_REPRESENTATION_CONTEXT() REPRESENTATION_CONTEXT('2D SPACE',''
  ) );
#13044 = PCURVE('',#7729,#13045);
#13045 = DEFINITIONAL_REPRESENTATION('',(#13046),#13072);
#13046 = B_SPLINE_CURVE_WITH_KNOTS('',3,(#13047,#13048,#13049,#13050,
    #13051,#13052,#13053,#13054,#13055,#13056,#13057,#13058,#13059,
    #13060,#13061,#13062,#13063,#13064,#13065,#13066,#13067,#13068,
    #13069,#13070,#13071),.UNSPECIFIED.,.F.,.F.,(4,1,1,1,1,1,1,1,1,1,1,1
    ,1,1,1,1,1,1,1,1,1,1,4),(4.712388980385,4.783788813421,
    4.855188646457,4.926588479493,4.997988312529,5.069388145565,
    5.140787978601,5.212187811638,5.283587644674,5.35498747771,
    5.426387310746,5.497787143782,5.569186976818,5.640586809854,
    5.711986642891,5.783386475927,5.854786308963,5.926186141999,
    5.997585975035,6.068985808071,6.140385641107,6.211785474143,
    6.28318530718),.QUASI_UNIFORM_KNOTS.);
#13047 = CARTESIAN_POINT('',(4.712388980385,-17.25352809518));
#13048 = CARTESIAN_POINT('',(4.73618892473,-17.23074115822));
#13049 = CARTESIAN_POINT('',(4.783788813421,-17.18516791004));
#13050 = CARTESIAN_POINT('',(4.855188646457,-17.11715588305));
#13051 = CARTESIAN_POINT('',(4.926588479493,-17.04983891224));
#13052 = CARTESIAN_POINT('',(4.997988312529,-16.98355985875));
#13053 = CARTESIAN_POINT('',(5.069388145565,-16.91865651117));
#13054 = CARTESIAN_POINT('',(5.140787978601,-16.85545958983));
#13055 = CARTESIAN_POINT('',(5.212187811638,-16.79429113504));
#13056 = CARTESIAN_POINT('',(5.283587644674,-16.73546284636));
#13057 = CARTESIAN_POINT('',(5.35498747771,-16.67927449947));
#13058 = CARTESIAN_POINT('',(5.426387310746,-16.62601241727));
#13059 = CARTESIAN_POINT('',(5.497787143782,-16.57594801113));
#13060 = CARTESIAN_POINT('',(5.569186976818,-16.52933639777));
#13061 = CARTESIAN_POINT('',(5.640586809854,-16.48641509934));
#13062 = CARTESIAN_POINT('',(5.711986642891,-16.44740283275));
#13063 = CARTESIAN_POINT('',(5.783386475927,-16.41249839628));
#13064 = CARTESIAN_POINT('',(5.854786308963,-16.38187965225));
#13065 = CARTESIAN_POINT('',(5.926186141999,-16.35570263682));
#13066 = CARTESIAN_POINT('',(5.997585975035,-16.33410070452));
#13067 = CARTESIAN_POINT('',(6.068985808071,-16.31718407396));
#13068 = CARTESIAN_POINT('',(6.140385641107,-16.30503842546));
#13069 = CARTESIAN_POINT('',(6.211785474143,-16.29772760217));
#13070 = CARTESIAN_POINT('',(6.259385362834,-16.29609691704));
#13071 = CARTESIAN_POINT('',(6.28318530718,-16.29609898178));
#13072 = ( GEOMETRIC_REPRESENTATION_CONTEXT(2) 
PARAMETRIC_REPRESENTATION_CONTEXT() REPRESENTATION_CONTEXT('2D SPACE',''
  ) );
#13073 = ORIENTED_EDGE('',*,*,#7685,.F.);
#13074 = ADVANCED_FACE('',(#13075),#7729,.T.);
#13075 = FACE_BOUND('',#13076,.T.);
#13076 = EDGE_LOOP('',(#13077,#13078,#13079,#13080));
#13077 = ORIENTED_EDGE('',*,*,#13008,.T.);
#13078 = ORIENTED_EDGE('',*,*,#9731,.T.);
#13079 = ORIENTED_EDGE('',*,*,#9607,.F.);
#13080 = ORIENTED_EDGE('',*,*,#7713,.F.);
#13081 = ADVANCED_FACE('',(#13082),#7878,.T.);
#13082 = FACE_BOUND('',#13083,.T.);
#13083 = EDGE_LOOP('',(#13084,#13150,#13151,#13152));
#13084 = ORIENTED_EDGE('',*,*,#13085,.F.);
#13085 = EDGE_CURVE('',#7863,#9179,#13086,.T.);
#13086 = SURFACE_CURVE('',#13087,(#13092,#13121),.PCURVE_S1.);
#13087 = ELLIPSE('',#13088,1.384438697513,1.);
#13088 = AXIS2_PLACEMENT_3D('',#13089,#13090,#13091);
#13089 = CARTESIAN_POINT('',(-17.70488134425,39.1,19.730389714064));
#13090 = DIRECTION('',(0.779839616978,0.,0.625979370101));
#13091 = DIRECTION('',(0.625979370101,0.,-0.779839616978));
#13092 = PCURVE('',#7878,#13093);
#13093 = DEFINITIONAL_REPRESENTATION('',(#13094),#13120);
#13094 = B_SPLINE_CURVE_WITH_KNOTS('',3,(#13095,#13096,#13097,#13098,
    #13099,#13100,#13101,#13102,#13103,#13104,#13105,#13106,#13107,
    #13108,#13109,#13110,#13111,#13112,#13113,#13114,#13115,#13116,
    #13117,#13118,#13119),.UNSPECIFIED.,.F.,.F.,(4,1,1,1,1,1,1,1,1,1,1,1
    ,1,1,1,1,1,1,1,1,1,1,4),(4.712388980385,4.783788813421,
    4.855188646457,4.926588479493,4.997988312529,5.069388145565,
    5.140787978601,5.212187811638,5.283587644674,5.35498747771,
    5.426387310746,5.497787143782,5.569186976818,5.640586809854,
    5.711986642891,5.783386475927,5.854786308963,5.926186141999,
    5.997585975035,6.068985808071,6.140385641107,6.211785474143,
    6.28318530718),.QUASI_UNIFORM_KNOTS.);
#13095 = CARTESIAN_POINT('',(4.712388980385,17.253528095181));
#13096 = CARTESIAN_POINT('',(4.73618892473,17.230741158229));
#13097 = CARTESIAN_POINT('',(4.783788813421,17.185167910047));
#13098 = CARTESIAN_POINT('',(4.855188646457,17.117155883051));
#13099 = CARTESIAN_POINT('',(4.926588479493,17.049838912249));
#13100 = CARTESIAN_POINT('',(4.997988312529,16.983559858751));
#13101 = CARTESIAN_POINT('',(5.069388145565,16.918656511171));
#13102 = CARTESIAN_POINT('',(5.140787978601,16.855459589834));
#13103 = CARTESIAN_POINT('',(5.212187811638,16.794291135049));
#13104 = CARTESIAN_POINT('',(5.283587644674,16.73546284636));
#13105 = CARTESIAN_POINT('',(5.35498747771,16.679274499477));
#13106 = CARTESIAN_POINT('',(5.426387310746,16.626012417274));
#13107 = CARTESIAN_POINT('',(5.497787143782,16.575948011132));
#13108 = CARTESIAN_POINT('',(5.569186976818,16.529336397772));
#13109 = CARTESIAN_POINT('',(5.640586809854,16.486415099343));
#13110 = CARTESIAN_POINT('',(5.711986642891,16.44740283275));
#13111 = CARTESIAN_POINT('',(5.783386475927,16.412498396284));
#13112 = CARTESIAN_POINT('',(5.854786308963,16.381879652256));
#13113 = CARTESIAN_POINT('',(5.926186141999,16.355702636828));
#13114 = CARTESIAN_POINT('',(5.997585975035,16.334100704523));
#13115 = CARTESIAN_POINT('',(6.068985808071,16.317184073964));
#13116 = CARTESIAN_POINT('',(6.140385641107,16.305038425462));
#13117 = CARTESIAN_POINT('',(6.211785474143,16.297727602174));
#13118 = CARTESIAN_POINT('',(6.259385362834,16.29609691704));
#13119 = CARTESIAN_POINT('',(6.28318530718,16.296098981789));
#13120 = ( GEOMETRIC_REPRESENTATION_CONTEXT(2) 
PARAMETRIC_REPRESENTATION_CONTEXT() REPRESENTATION_CONTEXT('2D SPACE',''
  ) );
#13121 = PCURVE('',#7906,#13122);
#13122 = DEFINITIONAL_REPRESENTATION('',(#13123),#13149);
#13123 = B_SPLINE_CURVE_WITH_KNOTS('',3,(#13124,#13125,#13126,#13127,
    #13128,#13129,#13130,#13131,#13132,#13133,#13134,#13135,#13136,
    #13137,#13138,#13139,#13140,#13141,#13142,#13143,#13144,#13145,
    #13146,#13147,#13148),.UNSPECIFIED.,.F.,.F.,(4,1,1,1,1,1,1,1,1,1,1,1
    ,1,1,1,1,1,1,1,1,1,1,4),(4.712388980385,4.783788813421,
    4.855188646457,4.926588479493,4.997988312529,5.069388145565,
    5.140787978601,5.212187811638,5.283587644674,5.35498747771,
    5.426387310746,5.497787143782,5.569186976818,5.640586809854,
    5.711986642891,5.783386475927,5.854786308963,5.926186141999,
    5.997585975035,6.068985808071,6.140385641107,6.211785474143,
    6.28318530718),.QUASI_UNIFORM_KNOTS.);
#13124 = CARTESIAN_POINT('',(4.712388980385,-19.35712569571));
#13125 = CARTESIAN_POINT('',(4.73618892473,-19.33433875876));
#13126 = CARTESIAN_POINT('',(4.783788813421,-19.28876551058));
#13127 = CARTESIAN_POINT('',(4.855188646457,-19.22075348358));
#13128 = CARTESIAN_POINT('',(4.926588479493,-19.15343651278));
#13129 = CARTESIAN_POINT('',(4.997988312529,-19.08715745928));
#13130 = CARTESIAN_POINT('',(5.069388145565,-19.0222541117));
#13131 = CARTESIAN_POINT('',(5.140787978601,-18.95905719037));
#13132 = CARTESIAN_POINT('',(5.212187811638,-18.89788873558));
#13133 = CARTESIAN_POINT('',(5.283587644674,-18.83906044689));
#13134 = CARTESIAN_POINT('',(5.35498747771,-18.78287210001));
#13135 = CARTESIAN_POINT('',(5.426387310746,-18.72961001781));
#13136 = CARTESIAN_POINT('',(5.497787143782,-18.67954561166));
#13137 = CARTESIAN_POINT('',(5.569186976818,-18.6329339983));
#13138 = CARTESIAN_POINT('',(5.640586809854,-18.59001269988));
#13139 = CARTESIAN_POINT('',(5.711986642891,-18.55100043328));
#13140 = CARTESIAN_POINT('',(5.783386475927,-18.51609599682));
#13141 = CARTESIAN_POINT('',(5.854786308963,-18.48547725279));
#13142 = CARTESIAN_POINT('',(5.926186141999,-18.45930023736));
#13143 = CARTESIAN_POINT('',(5.997585975035,-18.43769830506));
#13144 = CARTESIAN_POINT('',(6.068985808071,-18.4207816745));
#13145 = CARTESIAN_POINT('',(6.140385641107,-18.40863602599));
#13146 = CARTESIAN_POINT('',(6.211785474143,-18.40132520271));
#13147 = CARTESIAN_POINT('',(6.259385362834,-18.39969451757));
#13148 = CARTESIAN_POINT('',(6.28318530718,-18.39969658232));
#13149 = ( GEOMETRIC_REPRESENTATION_CONTEXT(2) 
PARAMETRIC_REPRESENTATION_CONTEXT() REPRESENTATION_CONTEXT('2D SPACE',''
  ) );
#13150 = ORIENTED_EDGE('',*,*,#7862,.T.);
#13151 = ORIENTED_EDGE('',*,*,#9232,.T.);
#13152 = ORIENTED_EDGE('',*,*,#9206,.F.);
#13153 = ADVANCED_FACE('',(#13154),#7906,.T.);
#13154 = FACE_BOUND('',#13155,.T.);
#13155 = EDGE_LOOP('',(#13156,#13224,#13225,#13226));
#13156 = ORIENTED_EDGE('',*,*,#13157,.F.);
#13157 = EDGE_CURVE('',#7891,#13158,#13160,.T.);
#13158 = VERTEX_POINT('',#13159);
#13159 = CARTESIAN_POINT('',(-14.34776453521,39.1,18.432860213597));
#13160 = SURFACE_CURVE('',#13161,(#13166,#13195),.PCURVE_S1.);
#13161 = ELLIPSE('',#13162,1.480187232922,1.);
#13162 = AXIS2_PLACEMENT_3D('',#13163,#13164,#13165);
#13163 = CARTESIAN_POINT('',(-15.34776453521,39.1,19.524168714667));
#13164 = DIRECTION('',(0.73727733681,0.,0.675590207616));
#13165 = DIRECTION('',(0.675590207616,0.,-0.73727733681));
#13166 = PCURVE('',#7906,#13167);
#13167 = DEFINITIONAL_REPRESENTATION('',(#13168),#13194);
#13168 = B_SPLINE_CURVE_WITH_KNOTS('',3,(#13169,#13170,#13171,#13172,
    #13173,#13174,#13175,#13176,#13177,#13178,#13179,#13180,#13181,
    #13182,#13183,#13184,#13185,#13186,#13187,#13188,#13189,#13190,
    #13191,#13192,#13193),.UNSPECIFIED.,.F.,.F.,(4,1,1,1,1,1,1,1,1,1,1,1
    ,1,1,1,1,1,1,1,1,1,1,4),(4.712388980385,4.783788813421,
    4.855188646457,4.926588479493,4.997988312529,5.069388145565,
    5.140787978601,5.212187811638,5.283587644674,5.35498747771,
    5.426387310746,5.497787143782,5.569186976818,5.640586809854,
    5.711986642891,5.783386475927,5.854786308963,5.926186141999,
    5.997585975035,6.068985808071,6.140385641107,6.211785474143,
    6.28318530718),.QUASI_UNIFORM_KNOTS.);
#13169 = CARTESIAN_POINT('',(4.712388980385,-16.99100508339));
#13170 = CARTESIAN_POINT('',(4.73618892473,-16.96503179967));
#13171 = CARTESIAN_POINT('',(4.783788813421,-16.91308594543));
#13172 = CARTESIAN_POINT('',(4.855188646457,-16.83556364932));
#13173 = CARTESIAN_POINT('',(4.926588479493,-16.75883360061));
#13174 = CARTESIAN_POINT('',(4.997988312529,-16.68328660344));
#13175 = CARTESIAN_POINT('',(5.069388145565,-16.60930768012));
#13176 = CARTESIAN_POINT('',(5.140787978601,-16.53727379633));
#13177 = CARTESIAN_POINT('',(5.212187811638,-16.46755202396));
#13178 = CARTESIAN_POINT('',(5.283587644674,-16.40049764818));
#13179 = CARTESIAN_POINT('',(5.35498747771,-16.33645236299));
#13180 = CARTESIAN_POINT('',(5.426387310746,-16.27574252841));
#13181 = CARTESIAN_POINT('',(5.497787143782,-16.21867750787));
#13182 = CARTESIAN_POINT('',(5.569186976818,-16.16554809161));
#13183 = CARTESIAN_POINT('',(5.640586809854,-16.11662501501));
#13184 = CARTESIAN_POINT('',(5.711986642891,-16.07215757864));
#13185 = CARTESIAN_POINT('',(5.783386475927,-16.03237237918));
#13186 = CARTESIAN_POINT('',(5.854786308963,-15.99747214983));
#13187 = CARTESIAN_POINT('',(5.926186141999,-15.96763474561));
#13188 = CARTESIAN_POINT('',(5.997585975035,-15.9430121683));
#13189 = CARTESIAN_POINT('',(6.068985808071,-15.92373004863));
#13190 = CARTESIAN_POINT('',(6.140385641107,-15.90988604778));
#13191 = CARTESIAN_POINT('',(6.211785474143,-15.90155293622));
#13192 = CARTESIAN_POINT('',(6.259385362834,-15.89969422885));
#13193 = CARTESIAN_POINT('',(6.28318530718,-15.89969658232));
#13194 = ( GEOMETRIC_REPRESENTATION_CONTEXT(2) 
PARAMETRIC_REPRESENTATION_CONTEXT() REPRESENTATION_CONTEXT('2D SPACE',''
  ) );
#13195 = PCURVE('',#7934,#13196);
#13196 = DEFINITIONAL_REPRESENTATION('',(#13197),#13223);
#13197 = B_SPLINE_CURVE_WITH_KNOTS('',3,(#13198,#13199,#13200,#13201,
    #13202,#13203,#13204,#13205,#13206,#13207,#13208,#13209,#13210,
    #13211,#13212,#13213,#13214,#13215,#13216,#13217,#13218,#13219,
    #13220,#13221,#13222),.UNSPECIFIED.,.F.,.F.,(4,1,1,1,1,1,1,1,1,1,1,1
    ,1,1,1,1,1,1,1,1,1,1,4),(4.712388980385,4.783788813421,
    4.855188646457,4.926588479493,4.997988312529,5.069388145565,
    5.140787978601,5.212187811638,5.283587644674,5.35498747771,
    5.426387310746,5.497787143782,5.569186976818,5.640586809854,
    5.711986642891,5.783386475927,5.854786308963,5.926186141999,
    5.997585975035,6.068985808071,6.140385641107,6.211785474143,
    6.28318530718),.QUASI_UNIFORM_KNOTS.);
#13198 = CARTESIAN_POINT('',(4.712388980385,19.524168714667));
#13199 = CARTESIAN_POINT('',(4.73618892473,19.498195430942));
#13200 = CARTESIAN_POINT('',(4.783788813421,19.446249576709));
#13201 = CARTESIAN_POINT('',(4.855188646457,19.368727280596));
#13202 = CARTESIAN_POINT('',(4.926588479493,19.29199723189));
#13203 = CARTESIAN_POINT('',(4.997988312529,19.216450234715));
#13204 = CARTESIAN_POINT('',(5.069388145565,19.142471311397));
#13205 = CARTESIAN_POINT('',(5.140787978601,19.070437427602));
#13206 = CARTESIAN_POINT('',(5.212187811638,19.000715655231));
#13207 = CARTESIAN_POINT('',(5.283587644674,18.933661279454));
#13208 = CARTESIAN_POINT('',(5.35498747771,18.869615994267));
#13209 = CARTESIAN_POINT('',(5.426387310746,18.80890615969));
#13210 = CARTESIAN_POINT('',(5.497787143782,18.751841139148));
#13211 = CARTESIAN_POINT('',(5.569186976818,18.698711722884));
#13212 = CARTESIAN_POINT('',(5.640586809854,18.649788646285));
#13213 = CARTESIAN_POINT('',(5.711986642891,18.605321209914));
#13214 = CARTESIAN_POINT('',(5.783386475927,18.565536010459));
#13215 = CARTESIAN_POINT('',(5.854786308963,18.530635781102));
#13216 = CARTESIAN_POINT('',(5.926186141999,18.500798376881));
#13217 = CARTESIAN_POINT('',(5.997585975035,18.476175799571));
#13218 = CARTESIAN_POINT('',(6.068985808071,18.456893679903));
#13219 = CARTESIAN_POINT('',(6.140385641107,18.443049679051));
#13220 = CARTESIAN_POINT('',(6.211785474143,18.4347165675));
#13221 = CARTESIAN_POINT('',(6.259385362834,18.43285786013));
#13222 = CARTESIAN_POINT('',(6.28318530718,18.432860213597));
#13223 = ( GEOMETRIC_REPRESENTATION_CONTEXT(2) 
PARAMETRIC_REPRESENTATION_CONTEXT() REPRESENTATION_CONTEXT('2D SPACE',''
  ) );
#13224 = ORIENTED_EDGE('',*,*,#7890,.T.);
#13225 = ORIENTED_EDGE('',*,*,#13085,.T.);
#13226 = ORIENTED_EDGE('',*,*,#13227,.F.);
#13227 = EDGE_CURVE('',#13158,#9179,#13228,.T.);
#13228 = SURFACE_CURVE('',#13229,(#13233,#13240),.PCURVE_S1.);
#13229 = LINE('',#13230,#13231);
#13230 = CARTESIAN_POINT('',(-14.34776453521,39.1,18.432860213597));
#13231 = VECTOR('',#13232,1.);
#13232 = DIRECTION('',(-0.996194698092,0.,8.715574274766E-02));
#13233 = PCURVE('',#7906,#13234);
#13234 = DEFINITIONAL_REPRESENTATION('',(#13235),#13239);
#13235 = LINE('',#13236,#13237);
#13236 = CARTESIAN_POINT('',(6.28318530718,-15.89969658232));
#13237 = VECTOR('',#13238,1.);
#13238 = DIRECTION('',(0.,-1.));
#13239 = ( GEOMETRIC_REPRESENTATION_CONTEXT(2) 
PARAMETRIC_REPRESENTATION_CONTEXT() REPRESENTATION_CONTEXT('2D SPACE',''
  ) );
#13240 = PCURVE('',#9194,#13241);
#13241 = DEFINITIONAL_REPRESENTATION('',(#13242),#13246);
#13242 = LINE('',#13243,#13244);
#13243 = CARTESIAN_POINT('',(2.5,-19.));
#13244 = VECTOR('',#13245,1.);
#13245 = DIRECTION('',(-1.,0.));
#13246 = ( GEOMETRIC_REPRESENTATION_CONTEXT(2) 
PARAMETRIC_REPRESENTATION_CONTEXT() REPRESENTATION_CONTEXT('2D SPACE',''
  ) );
#13247 = ADVANCED_FACE('',(#13248),#7934,.T.);
#13248 = FACE_BOUND('',#13249,.T.);
#13249 = EDGE_LOOP('',(#13250,#13318,#13319,#13320));
#13250 = ORIENTED_EDGE('',*,*,#13251,.F.);
#13251 = EDGE_CURVE('',#7919,#13252,#13254,.T.);
#13252 = VERTEX_POINT('',#13253);
#13253 = CARTESIAN_POINT('',(-14.34776453521,39.1,37.588852788417));
#13254 = SURFACE_CURVE('',#13255,(#13260,#13289),.PCURVE_S1.);
#13255 = ELLIPSE('',#13256,1.002140965386,1.);
#13256 = AXIS2_PLACEMENT_3D('',#13257,#13258,#13259);
#13257 = CARTESIAN_POINT('',(-15.34776453521,39.1,37.654324266979));
#13258 = DIRECTION('',(6.533160585506E-02,0.,0.997863608554));
#13259 = DIRECTION('',(0.997863608554,0.,-6.533160585506E-02));
#13260 = PCURVE('',#7934,#13261);
#13261 = DEFINITIONAL_REPRESENTATION('',(#13262),#13288);
#13262 = B_SPLINE_CURVE_WITH_KNOTS('',3,(#13263,#13264,#13265,#13266,
    #13267,#13268,#13269,#13270,#13271,#13272,#13273,#13274,#13275,
    #13276,#13277,#13278,#13279,#13280,#13281,#13282,#13283,#13284,
    #13285,#13286,#13287),.UNSPECIFIED.,.F.,.F.,(4,1,1,1,1,1,1,1,1,1,1,1
    ,1,1,1,1,1,1,1,1,1,1,4),(4.712388980385,4.783788813421,
    4.855188646457,4.926588479493,4.997988312529,5.069388145565,
    5.140787978601,5.212187811638,5.283587644674,5.35498747771,
    5.426387310746,5.497787143782,5.569186976818,5.640586809854,
    5.711986642891,5.783386475927,5.854786308963,5.926186141999,
    5.997585975035,6.068985808071,6.140385641107,6.211785474143,
    6.28318530718),.QUASI_UNIFORM_KNOTS.);
#13263 = CARTESIAN_POINT('',(4.712388980385,37.654324266979));
#13264 = CARTESIAN_POINT('',(4.73618892473,37.652766037306));
#13265 = CARTESIAN_POINT('',(4.783788813421,37.649649620749));
#13266 = CARTESIAN_POINT('',(4.855188646457,37.644998782472));
#13267 = CARTESIAN_POINT('',(4.926588479493,37.640395473936));
#13268 = CARTESIAN_POINT('',(4.997988312529,37.635863140869));
#13269 = CARTESIAN_POINT('',(5.069388145565,37.63142488213));
#13270 = CARTESIAN_POINT('',(5.140787978601,37.627103313229));
#13271 = CARTESIAN_POINT('',(5.212187811638,37.622920456117));
#13272 = CARTESIAN_POINT('',(5.283587644674,37.618897625615));
#13273 = CARTESIAN_POINT('',(5.35498747771,37.615055321159));
#13274 = CARTESIAN_POINT('',(5.426387310746,37.611413122249));
#13275 = CARTESIAN_POINT('',(5.497787143782,37.607989588697));
#13276 = CARTESIAN_POINT('',(5.569186976818,37.604802166044));
#13277 = CARTESIAN_POINT('',(5.640586809854,37.601867096668));
#13278 = CARTESIAN_POINT('',(5.711986642891,37.599199336998));
#13279 = CARTESIAN_POINT('',(5.783386475927,37.596812481374));
#13280 = CARTESIAN_POINT('',(5.854786308963,37.594718692481));
#13281 = CARTESIAN_POINT('',(5.926186141999,37.592928640476));
#13282 = CARTESIAN_POINT('',(5.997585975035,37.591451444485));
#13283 = CARTESIAN_POINT('',(6.068985808071,37.590294641543));
#13284 = CARTESIAN_POINT('',(6.140385641107,37.589464090692));
#13285 = CARTESIAN_POINT('',(6.211785474143,37.58896415769));
#13286 = CARTESIAN_POINT('',(6.259385362834,37.588852647224));
#13287 = CARTESIAN_POINT('',(6.28318530718,37.588852788417));
#13288 = ( GEOMETRIC_REPRESENTATION_CONTEXT(2) 
PARAMETRIC_REPRESENTATION_CONTEXT() REPRESENTATION_CONTEXT('2D SPACE',''
  ) );
#13289 = PCURVE('',#7962,#13290);
#13290 = DEFINITIONAL_REPRESENTATION('',(#13291),#13317);
#13291 = B_SPLINE_CURVE_WITH_KNOTS('',3,(#13292,#13293,#13294,#13295,
    #13296,#13297,#13298,#13299,#13300,#13301,#13302,#13303,#13304,
    #13305,#13306,#13307,#13308,#13309,#13310,#13311,#13312,#13313,
    #13314,#13315,#13316),.UNSPECIFIED.,.F.,.F.,(4,1,1,1,1,1,1,1,1,1,1,1
    ,1,1,1,1,1,1,1,1,1,1,4),(4.712388980385,4.783788813421,
    4.855188646457,4.926588479493,4.997988312529,5.069388145565,
    5.140787978601,5.212187811638,5.283587644674,5.35498747771,
    5.426387310746,5.497787143782,5.569186976818,5.640586809854,
    5.711986642891,5.783386475927,5.854786308963,5.926186141999,
    5.997585975035,6.068985808071,6.140385641107,6.211785474143,
    6.28318530718),.QUASI_UNIFORM_KNOTS.);
#13292 = CARTESIAN_POINT('',(4.712388980385,35.331786570726));
#13293 = CARTESIAN_POINT('',(4.73618892473,35.333344800399));
#13294 = CARTESIAN_POINT('',(4.783788813421,35.336461216956));
#13295 = CARTESIAN_POINT('',(4.855188646457,35.341112055233));
#13296 = CARTESIAN_POINT('',(4.926588479493,35.345715363769));
#13297 = CARTESIAN_POINT('',(4.997988312529,35.350247696836));
#13298 = CARTESIAN_POINT('',(5.069388145565,35.354685955576));
#13299 = CARTESIAN_POINT('',(5.140787978601,35.359007524476));
#13300 = CARTESIAN_POINT('',(5.212187811638,35.363190381588));
#13301 = CARTESIAN_POINT('',(5.283587644674,35.367213212091));
#13302 = CARTESIAN_POINT('',(5.35498747771,35.371055516546));
#13303 = CARTESIAN_POINT('',(5.426387310746,35.374697715456));
#13304 = CARTESIAN_POINT('',(5.497787143782,35.378121249008));
#13305 = CARTESIAN_POINT('',(5.569186976818,35.381308671661));
#13306 = CARTESIAN_POINT('',(5.640586809854,35.384243741037));
#13307 = CARTESIAN_POINT('',(5.711986642891,35.386911500707));
#13308 = CARTESIAN_POINT('',(5.783386475927,35.389298356331));
#13309 = CARTESIAN_POINT('',(5.854786308963,35.391392145224));
#13310 = CARTESIAN_POINT('',(5.926186141999,35.393182197229));
#13311 = CARTESIAN_POINT('',(5.997585975035,35.39465939322));
#13312 = CARTESIAN_POINT('',(6.068985808071,35.395816196162));
#13313 = CARTESIAN_POINT('',(6.140385641107,35.396646747014));
#13314 = CARTESIAN_POINT('',(6.211785474143,35.397146680015));
#13315 = CARTESIAN_POINT('',(6.259385362834,35.397258190481));
#13316 = CARTESIAN_POINT('',(6.28318530718,35.397258049288));
#13317 = ( GEOMETRIC_REPRESENTATION_CONTEXT(2) 
PARAMETRIC_REPRESENTATION_CONTEXT() REPRESENTATION_CONTEXT('2D SPACE',''
  ) );
#13318 = ORIENTED_EDGE('',*,*,#7918,.T.);
#13319 = ORIENTED_EDGE('',*,*,#13157,.T.);
#13320 = ORIENTED_EDGE('',*,*,#13321,.F.);
#13321 = EDGE_CURVE('',#13252,#13158,#13322,.T.);
#13322 = SURFACE_CURVE('',#13323,(#13327,#13334),.PCURVE_S1.);
#13323 = LINE('',#13324,#13325);
#13324 = CARTESIAN_POINT('',(-14.34776453521,39.1,37.588852788417));
#13325 = VECTOR('',#13326,1.);
#13326 = DIRECTION('',(0.,0.,-1.));
#13327 = PCURVE('',#7934,#13328);
#13328 = DEFINITIONAL_REPRESENTATION('',(#13329),#13333);
#13329 = LINE('',#13330,#13331);
#13330 = CARTESIAN_POINT('',(6.28318530718,37.588852788417));
#13331 = VECTOR('',#13332,1.);
#13332 = DIRECTION('',(0.,-1.));
#13333 = ( GEOMETRIC_REPRESENTATION_CONTEXT(2) 
PARAMETRIC_REPRESENTATION_CONTEXT() REPRESENTATION_CONTEXT('2D SPACE',''
  ) );
#13334 = PCURVE('',#13335,#13340);
#13335 = PLANE('',#13336);
#13336 = AXIS2_PLACEMENT_3D('',#13337,#13338,#13339);
#13337 = CARTESIAN_POINT('',(-14.34776453521,58.1,18.432860213597));
#13338 = DIRECTION('',(-1.,0.,0.));
#13339 = DIRECTION('',(0.,0.,1.));
#13340 = DEFINITIONAL_REPRESENTATION('',(#13341),#13345);
#13341 = LINE('',#13342,#13343);
#13342 = CARTESIAN_POINT('',(19.15599257482,-19.));
#13343 = VECTOR('',#13344,1.);
#13344 = DIRECTION('',(-1.,0.));
#13345 = ( GEOMETRIC_REPRESENTATION_CONTEXT(2) 
PARAMETRIC_REPRESENTATION_CONTEXT() REPRESENTATION_CONTEXT('2D SPACE',''
  ) );
#13346 = ADVANCED_FACE('',(#13347),#7962,.T.);
#13347 = FACE_BOUND('',#13348,.T.);
#13348 = EDGE_LOOP('',(#13349,#13417,#13418,#13419));
#13349 = ORIENTED_EDGE('',*,*,#13350,.F.);
#13350 = EDGE_CURVE('',#7947,#13351,#13353,.T.);
#13351 = VERTEX_POINT('',#13352);
#13352 = CARTESIAN_POINT('',(-12.4,39.1,52.4));
#13353 = SURFACE_CURVE('',#13354,(#13359,#13388),.PCURVE_S1.);
#13354 = ELLIPSE('',#13355,1.056069822856,1.);
#13355 = AXIS2_PLACEMENT_3D('',#13356,#13357,#13358);
#13356 = CARTESIAN_POINT('',(-13.34719371413,39.1,52.867019848237));
#13357 = DIRECTION('',(0.442224404229,0.,0.89690444101));
#13358 = DIRECTION('',(0.89690444101,0.,-0.442224404229));
#13359 = PCURVE('',#7962,#13360);
#13360 = DEFINITIONAL_REPRESENTATION('',(#13361),#13387);
#13361 = B_SPLINE_CURVE_WITH_KNOTS('',3,(#13362,#13363,#13364,#13365,
    #13366,#13367,#13368,#13369,#13370,#13371,#13372,#13373,#13374,
    #13375,#13376,#13377,#13378,#13379,#13380,#13381,#13382,#13383,
    #13384,#13385,#13386),.UNSPECIFIED.,.F.,.F.,(4,1,1,1,1,1,1,1,1,1,1,1
    ,1,1,1,1,1,1,1,1,1,1,4),(4.712388980385,4.783788813421,
    4.855188646457,4.926588479493,4.997988312529,5.069388145565,
    5.140787978601,5.212187811638,5.283587644674,5.35498747771,
    5.426387310746,5.497787143782,5.569186976818,5.640586809854,
    5.711986642891,5.783386475927,5.854786308963,5.926186141999,
    5.997585975035,6.068985808071,6.140385641107,6.211785474143,
    6.28318530718),.QUASI_UNIFORM_KNOTS.);
#13362 = CARTESIAN_POINT('',(4.712388980385,50.675462481608));
#13363 = CARTESIAN_POINT('',(4.73618892473,50.667381523733));
#13364 = CARTESIAN_POINT('',(4.783788813421,50.651219829883));
#13365 = CARTESIAN_POINT('',(4.855188646457,50.627100645882));
#13366 = CARTESIAN_POINT('',(4.926588479493,50.603227950465));
#13367 = CARTESIAN_POINT('',(4.997988312529,50.579723332865));
#13368 = CARTESIAN_POINT('',(5.069388145565,50.55670658345));
#13369 = CARTESIAN_POINT('',(5.140787978601,50.534294985953));
#13370 = CARTESIAN_POINT('',(5.212187811638,50.512602745901));
#13371 = CARTESIAN_POINT('',(5.283587644674,50.491740401665));
#13372 = CARTESIAN_POINT('',(5.35498747771,50.471814263054));
#13373 = CARTESIAN_POINT('',(5.426387310746,50.452925869079));
#13374 = CARTESIAN_POINT('',(5.497787143782,50.435171470673));
#13375 = CARTESIAN_POINT('',(5.569186976818,50.418641540176));
#13376 = CARTESIAN_POINT('',(5.640586809854,50.403420310342));
#13377 = CARTESIAN_POINT('',(5.711986642891,50.389585345001));
#13378 = CARTESIAN_POINT('',(5.783386475927,50.377207144222));
#13379 = CARTESIAN_POINT('',(5.854786308963,50.366348783521));
#13380 = CARTESIAN_POINT('',(5.926186141999,50.357065598185));
#13381 = CARTESIAN_POINT('',(5.997585975035,50.349404879882));
#13382 = CARTESIAN_POINT('',(6.068985808071,50.34340571557));
#13383 = CARTESIAN_POINT('',(6.140385641107,50.339098490158));
#13384 = CARTESIAN_POINT('',(6.211785474143,50.336505844418));
#13385 = CARTESIAN_POINT('',(6.259385362834,50.335927552657));
#13386 = CARTESIAN_POINT('',(6.28318530718,50.335928284882));
#13387 = ( GEOMETRIC_REPRESENTATION_CONTEXT(2) 
PARAMETRIC_REPRESENTATION_CONTEXT() REPRESENTATION_CONTEXT('2D SPACE',''
  ) );
#13388 = PCURVE('',#7988,#13389);
#13389 = DEFINITIONAL_REPRESENTATION('',(#13390),#13416);
#13390 = B_SPLINE_CURVE_WITH_KNOTS('',3,(#13391,#13392,#13393,#13394,
    #13395,#13396,#13397,#13398,#13399,#13400,#13401,#13402,#13403,
    #13404,#13405,#13406,#13407,#13408,#13409,#13410,#13411,#13412,
    #13413,#13414,#13415),.UNSPECIFIED.,.F.,.F.,(4,1,1,1,1,1,1,1,1,1,1,1
    ,1,1,1,1,1,1,1,1,1,1,4),(4.712388980385,4.783788813421,
    4.855188646457,4.926588479493,4.997988312529,5.069388145565,
    5.140787978601,5.212187811638,5.283587644674,5.35498747771,
    5.426387310746,5.497787143782,5.569186976818,5.640586809854,
    5.711986642891,5.783386475927,5.854786308963,5.926186141999,
    5.997585975035,6.068985808071,6.140385641107,6.211785474143,
    6.28318530718),.QUASI_UNIFORM_KNOTS.);
#13391 = CARTESIAN_POINT('',(4.712388980385,27.944737050736));
#13392 = CARTESIAN_POINT('',(4.73618892473,27.952818008611));
#13393 = CARTESIAN_POINT('',(4.783788813421,27.968979702461));
#13394 = CARTESIAN_POINT('',(4.855188646457,27.993098886462));
#13395 = CARTESIAN_POINT('',(4.926588479493,28.016971581879));
#13396 = CARTESIAN_POINT('',(4.997988312529,28.040476199479));
#13397 = CARTESIAN_POINT('',(5.069388145565,28.063492948893));
#13398 = CARTESIAN_POINT('',(5.140787978601,28.085904546391));
#13399 = CARTESIAN_POINT('',(5.212187811638,28.107596786443));
#13400 = CARTESIAN_POINT('',(5.283587644674,28.128459130679));
#13401 = CARTESIAN_POINT('',(5.35498747771,28.14838526929));
#13402 = CARTESIAN_POINT('',(5.426387310746,28.167273663265));
#13403 = CARTESIAN_POINT('',(5.497787143782,28.18502806167));
#13404 = CARTESIAN_POINT('',(5.569186976818,28.201557992167));
#13405 = CARTESIAN_POINT('',(5.640586809854,28.216779222001));
#13406 = CARTESIAN_POINT('',(5.711986642891,28.230614187342));
#13407 = CARTESIAN_POINT('',(5.783386475927,28.242992388122));
#13408 = CARTESIAN_POINT('',(5.854786308963,28.253850748822));
#13409 = CARTESIAN_POINT('',(5.926186141999,28.263133934159));
#13410 = CARTESIAN_POINT('',(5.997585975035,28.270794652462));
#13411 = CARTESIAN_POINT('',(6.068985808071,28.276793816773));
#13412 = CARTESIAN_POINT('',(6.140385641107,28.281101042186));
#13413 = CARTESIAN_POINT('',(6.211785474143,28.283693687926));
#13414 = CARTESIAN_POINT('',(6.259385362834,28.284271979686));
#13415 = CARTESIAN_POINT('',(6.28318530718,28.284271247462));
#13416 = ( GEOMETRIC_REPRESENTATION_CONTEXT(2) 
PARAMETRIC_REPRESENTATION_CONTEXT() REPRESENTATION_CONTEXT('2D SPACE',''
  ) );
#13417 = ORIENTED_EDGE('',*,*,#7946,.T.);
#13418 = ORIENTED_EDGE('',*,*,#13251,.T.);
#13419 = ORIENTED_EDGE('',*,*,#13420,.F.);
#13420 = EDGE_CURVE('',#13351,#13252,#13421,.T.);
#13421 = SURFACE_CURVE('',#13422,(#13426,#13433),.PCURVE_S1.);
#13422 = LINE('',#13423,#13424);
#13423 = CARTESIAN_POINT('',(-12.4,39.1,52.4));
#13424 = VECTOR('',#13425,1.);
#13425 = DIRECTION('',(-0.130384063942,0.,-0.991463562553));
#13426 = PCURVE('',#7962,#13427);
#13427 = DEFINITIONAL_REPRESENTATION('',(#13428),#13432);
#13428 = LINE('',#13429,#13430);
#13429 = CARTESIAN_POINT('',(6.28318530718,50.335928284882));
#13430 = VECTOR('',#13431,1.);
#13431 = DIRECTION('',(0.,-1.));
#13432 = ( GEOMETRIC_REPRESENTATION_CONTEXT(2) 
PARAMETRIC_REPRESENTATION_CONTEXT() REPRESENTATION_CONTEXT('2D SPACE',''
  ) );
#13433 = PCURVE('',#13434,#13439);
#13434 = PLANE('',#13435);
#13435 = AXIS2_PLACEMENT_3D('',#13436,#13437,#13438);
#13436 = CARTESIAN_POINT('',(-14.34776453521,58.1,37.588852788417));
#13437 = DIRECTION('',(-0.991463562553,0.,0.130384063942));
#13438 = DIRECTION('',(0.130384063942,0.,0.991463562553));
#13439 = DEFINITIONAL_REPRESENTATION('',(#13440),#13444);
#13440 = LINE('',#13441,#13442);
#13441 = CARTESIAN_POINT('',(14.938670235593,-19.));
#13442 = VECTOR('',#13443,1.);
#13443 = DIRECTION('',(-1.,0.));
#13444 = ( GEOMETRIC_REPRESENTATION_CONTEXT(2) 
PARAMETRIC_REPRESENTATION_CONTEXT() REPRESENTATION_CONTEXT('2D SPACE',''
  ) );
#13445 = ADVANCED_FACE('',(#13446),#7988,.T.);
#13446 = FACE_BOUND('',#13447,.T.);
#13447 = EDGE_LOOP('',(#13448,#13449,#13450,#13451,#13479,#13508));
#13448 = ORIENTED_EDGE('',*,*,#12459,.F.);
#13449 = ORIENTED_EDGE('',*,*,#7974,.T.);
#13450 = ORIENTED_EDGE('',*,*,#13350,.T.);
#13451 = ORIENTED_EDGE('',*,*,#13452,.F.);
#13452 = EDGE_CURVE('',#13453,#13351,#13455,.T.);
#13453 = VERTEX_POINT('',#13454);
#13454 = CARTESIAN_POINT('',(-10.20076813134,39.1,54.599231868657));
#13455 = SURFACE_CURVE('',#13456,(#13460,#13467),.PCURVE_S1.);
#13456 = LINE('',#13457,#13458);
#13457 = CARTESIAN_POINT('',(-9.4,39.1,55.4));
#13458 = VECTOR('',#13459,1.);
#13459 = DIRECTION('',(-0.707106781187,0.,-0.707106781187));
#13460 = PCURVE('',#7988,#13461);
#13461 = DEFINITIONAL_REPRESENTATION('',(#13462),#13466);
#13462 = LINE('',#13463,#13464);
#13463 = CARTESIAN_POINT('',(6.28318530718,32.526911934581));
#13464 = VECTOR('',#13465,1.);
#13465 = DIRECTION('',(0.,-1.));
#13466 = ( GEOMETRIC_REPRESENTATION_CONTEXT(2) 
PARAMETRIC_REPRESENTATION_CONTEXT() REPRESENTATION_CONTEXT('2D SPACE',''
  ) );
#13467 = PCURVE('',#13468,#13473);
#13468 = PLANE('',#13469);
#13469 = AXIS2_PLACEMENT_3D('',#13470,#13471,#13472);
#13470 = CARTESIAN_POINT('',(-9.4,58.1,55.4));
#13471 = DIRECTION('',(-0.707106781187,0.,0.707106781187));
#13472 = DIRECTION('',(0.707106781187,0.,0.707106781187));
#13473 = DEFINITIONAL_REPRESENTATION('',(#13474),#13478);
#13474 = LINE('',#13475,#13476);
#13475 = CARTESIAN_POINT('',(0.,-19.));
#13476 = VECTOR('',#13477,1.);
#13477 = DIRECTION('',(-1.,0.));
#13478 = ( GEOMETRIC_REPRESENTATION_CONTEXT(2) 
PARAMETRIC_REPRESENTATION_CONTEXT() REPRESENTATION_CONTEXT('2D SPACE',''
  ) );
#13479 = ORIENTED_EDGE('',*,*,#13480,.F.);
#13480 = EDGE_CURVE('',#13481,#13453,#13483,.T.);
#13481 = VERTEX_POINT('',#13482);
#13482 = CARTESIAN_POINT('',(-10.20077143942,38.168279821534,
    55.499832331303));
#13483 = SURFACE_CURVE('',#13484,(#13489,#13501),.PCURVE_S1.);
#13484 = ELLIPSE('',#13485,1.414208367705,1.);
#13485 = AXIS2_PLACEMENT_3D('',#13486,#13487,#13488);
#13486 = CARTESIAN_POINT('',(-10.20077332602,39.1,56.013440236352));
#13487 = DIRECTION('',(0.999999999993,1.348965383841E-11,
    3.673205101862E-06));
#13488 = DIRECTION('',(-3.673205101862E-06,-1.34897529393E-11,
    0.999999999993));
#13489 = PCURVE('',#7988,#13490);
#13490 = DEFINITIONAL_REPRESENTATION('',(#13491),#13500);
#13491 = B_SPLINE_CURVE_WITH_KNOTS('',7,(#13492,#13493,#13494,#13495,
    #13496,#13497,#13498,#13499),.UNSPECIFIED.,.F.,.F.,(8,8),(
    1.570796326776,3.141592653571),.PIECEWISE_BEZIER_KNOTS.);
#13492 = CARTESIAN_POINT('',(4.712388980385,32.394447436555));
#13493 = CARTESIAN_POINT('',(4.936788455641,32.170049609823));
#13494 = CARTESIAN_POINT('',(5.161187930897,31.945652694274));
#13495 = CARTESIAN_POINT('',(5.385587406154,31.739705420805));
#13496 = CARTESIAN_POINT('',(5.60998688141,31.570690983595));
#13497 = CARTESIAN_POINT('',(5.834386356667,31.453203023951));
#13498 = CARTESIAN_POINT('',(6.058785831923,31.394454782924));
#13499 = CARTESIAN_POINT('',(6.28318530718,31.394454782919));
#13500 = ( GEOMETRIC_REPRESENTATION_CONTEXT(2) 
PARAMETRIC_REPRESENTATION_CONTEXT() REPRESENTATION_CONTEXT('2D SPACE',''
  ) );
#13501 = PCURVE('',#10731,#13502);
#13502 = DEFINITIONAL_REPRESENTATION('',(#13503),#13507);
#13503 = ELLIPSE('',#13504,1.414208367705,1.);
#13504 = AXIS2_PLACEMENT_2D('',#13505,#13506);
#13505 = CARTESIAN_POINT('',(21.799794250882,42.013611327449));
#13506 = DIRECTION('',(-3.673218593144E-06,0.999999999993));
#13507 = ( GEOMETRIC_REPRESENTATION_CONTEXT(2) 
PARAMETRIC_REPRESENTATION_CONTEXT() REPRESENTATION_CONTEXT('2D SPACE',''
  ) );
#13508 = ORIENTED_EDGE('',*,*,#13509,.T.);
#13509 = EDGE_CURVE('',#13481,#12460,#13510,.T.);
#13510 = SURFACE_CURVE('',#13511,(#13516,#13528),.PCURVE_S1.);
#13511 = ELLIPSE('',#13512,1.414218757108,1.);
#13512 = AXIS2_PLACEMENT_3D('',#13513,#13514,#13515);
#13513 = CARTESIAN_POINT('',(-10.71438654008,39.1,55.49982702229));
#13514 = DIRECTION('',(-3.673205102084E-06,3.673205103194E-06,
    0.999999999987));
#13515 = DIRECTION('',(0.999999999987,-3.673178118372E-06,
    3.67321859442E-06));
#13516 = PCURVE('',#7988,#13517);
#13517 = DEFINITIONAL_REPRESENTATION('',(#13518),#13527);
#13518 = B_SPLINE_CURVE_WITH_KNOTS('',7,(#13519,#13520,#13521,#13522,
    #13523,#13524,#13525,#13526),.UNSPECIFIED.,.F.,.F.,(8,8),(
    4.712394175062,6.283190501857),.PIECEWISE_BEZIER_KNOTS.);
#13519 = CARTESIAN_POINT('',(4.712388980385,31.668093858111));
#13520 = CARTESIAN_POINT('',(4.936788455641,31.892494981904));
#13521 = CARTESIAN_POINT('',(5.161187930897,32.116894889318));
#13522 = CARTESIAN_POINT('',(5.385587406154,32.322844578421));
#13523 = CARTESIAN_POINT('',(5.60998688141,32.491860620981));
#13524 = CARTESIAN_POINT('',(5.834386356667,32.609349237001));
#13525 = CARTESIAN_POINT('',(6.058785831923,32.668097175524));
#13526 = CARTESIAN_POINT('',(6.28318530718,32.668096009832));
#13527 = ( GEOMETRIC_REPRESENTATION_CONTEXT(2) 
PARAMETRIC_REPRESENTATION_CONTEXT() REPRESENTATION_CONTEXT('2D SPACE',''
  ) );
#13528 = PCURVE('',#12547,#13529);
#13529 = DEFINITIONAL_REPRESENTATION('',(#13530),#13534);
#13530 = ELLIPSE('',#13531,1.414218757108,1.);
#13531 = AXIS2_PLACEMENT_2D('',#13532,#13533);
#13532 = CARTESIAN_POINT('',(21.799796137488,0.513615100666));
#13533 = DIRECTION('',(-3.673191608335E-06,-0.999999999993));
#13534 = ( GEOMETRIC_REPRESENTATION_CONTEXT(2) 
PARAMETRIC_REPRESENTATION_CONTEXT() REPRESENTATION_CONTEXT('2D SPACE',''
  ) );
#13535 = ADVANCED_FACE('',(#13536),#8219,.T.);
#13536 = FACE_BOUND('',#13537,.T.);
#13537 = EDGE_LOOP('',(#13538,#13539,#13540,#13541));
#13538 = ORIENTED_EDGE('',*,*,#8203,.T.);
#13539 = ORIENTED_EDGE('',*,*,#12404,.T.);
#13540 = ORIENTED_EDGE('',*,*,#10665,.F.);
#13541 = ORIENTED_EDGE('',*,*,#13542,.T.);
#13542 = EDGE_CURVE('',#10643,#8204,#13543,.T.);
#13543 = SURFACE_CURVE('',#13544,(#13549,#13556),.PCURVE_S1.);
#13544 = CIRCLE('',#13545,5.);
#13545 = AXIS2_PLACEMENT_3D('',#13546,#13547,#13548);
#13546 = CARTESIAN_POINT('',(-11.12837984781,57.1,54.4));
#13547 = DIRECTION('',(0.,-1.,0.));
#13548 = DIRECTION('',(0.,0.,1.));
#13549 = PCURVE('',#8219,#13550);
#13550 = DEFINITIONAL_REPRESENTATION('',(#13551),#13555);
#13551 = LINE('',#13552,#13553);
#13552 = CARTESIAN_POINT('',(3.14159265359,-1.));
#13553 = VECTOR('',#13554,1.);
#13554 = DIRECTION('',(-1.,0.));
#13555 = ( GEOMETRIC_REPRESENTATION_CONTEXT(2) 
PARAMETRIC_REPRESENTATION_CONTEXT() REPRESENTATION_CONTEXT('2D SPACE',''
  ) );
#13556 = PCURVE('',#10575,#13557);
#13557 = DEFINITIONAL_REPRESENTATION('',(#13558),#13562);
#13558 = LINE('',#13559,#13560);
#13559 = CARTESIAN_POINT('',(6.28318530718,0.));
#13560 = VECTOR('',#13561,1.);
#13561 = DIRECTION('',(-1.,0.));
#13562 = ( GEOMETRIC_REPRESENTATION_CONTEXT(2) 
PARAMETRIC_REPRESENTATION_CONTEXT() REPRESENTATION_CONTEXT('2D SPACE',''
  ) );
#13563 = ADVANCED_FACE('',(#13564),#8247,.T.);
#13564 = FACE_BOUND('',#13565,.T.);
#13565 = EDGE_LOOP('',(#13566,#13588,#13589,#13633));
#13566 = ORIENTED_EDGE('',*,*,#13567,.F.);
#13567 = EDGE_CURVE('',#10534,#8204,#13568,.T.);
#13568 = SURFACE_CURVE('',#13569,(#13574,#13581),.PCURVE_S1.);
#13569 = CIRCLE('',#13570,1.);
#13570 = AXIS2_PLACEMENT_3D('',#13571,#13572,#13573);
#13571 = CARTESIAN_POINT('',(-15.09481068394,57.1,54.917132886337));
#13572 = DIRECTION('',(0.129283221584,0.,0.991607709035));
#13573 = DIRECTION('',(0.991607709035,0.,-0.129283221584));
#13574 = PCURVE('',#8247,#13575);
#13575 = DEFINITIONAL_REPRESENTATION('',(#13576),#13580);
#13576 = LINE('',#13577,#13578);
#13577 = CARTESIAN_POINT('',(3.14159265359,-7.105427357601E-15));
#13578 = VECTOR('',#13579,1.);
#13579 = DIRECTION('',(-1.,4.52345554697E-15));
#13580 = ( GEOMETRIC_REPRESENTATION_CONTEXT(2) 
PARAMETRIC_REPRESENTATION_CONTEXT() REPRESENTATION_CONTEXT('2D SPACE',''
  ) );
#13581 = PCURVE('',#10575,#13582);
#13582 = DEFINITIONAL_REPRESENTATION('',(#13583),#13587);
#13583 = LINE('',#13584,#13585);
#13584 = CARTESIAN_POINT('',(4.842035081221,3.14159265359));
#13585 = VECTOR('',#13586,1.);
#13586 = DIRECTION('',(0.,-1.));
#13587 = ( GEOMETRIC_REPRESENTATION_CONTEXT(2) 
PARAMETRIC_REPRESENTATION_CONTEXT() REPRESENTATION_CONTEXT('2D SPACE',''
  ) );
#13588 = ORIENTED_EDGE('',*,*,#10533,.F.);
#13589 = ORIENTED_EDGE('',*,*,#13590,.T.);
#13590 = EDGE_CURVE('',#8653,#8232,#13591,.T.);
#13591 = SURFACE_CURVE('',#13592,(#13597,#13604),.PCURVE_S1.);
#13592 = CIRCLE('',#13593,1.);
#13593 = AXIS2_PLACEMENT_3D('',#13594,#13595,#13596);
#13594 = CARTESIAN_POINT('',(-20.55217232294,57.1,13.058941189766));
#13595 = DIRECTION('',(0.129283221584,0.,0.991607709035));
#13596 = DIRECTION('',(0.991607709035,0.,-0.129283221584));
#13597 = PCURVE('',#8247,#13598);
#13598 = DEFINITIONAL_REPRESENTATION('',(#13599),#13603);
#13599 = LINE('',#13600,#13601);
#13600 = CARTESIAN_POINT('',(3.14159265359,42.212450866607));
#13601 = VECTOR('',#13602,1.);
#13602 = DIRECTION('',(-1.,0.));
#13603 = ( GEOMETRIC_REPRESENTATION_CONTEXT(2) 
PARAMETRIC_REPRESENTATION_CONTEXT() REPRESENTATION_CONTEXT('2D SPACE',''
  ) );
#13604 = PCURVE('',#8276,#13605);
#13605 = DEFINITIONAL_REPRESENTATION('',(#13606),#13632);
#13606 = B_SPLINE_CURVE_WITH_KNOTS('',3,(#13607,#13608,#13609,#13610,
    #13611,#13612,#13613,#13614,#13615,#13616,#13617,#13618,#13619,
    #13620,#13621,#13622,#13623,#13624,#13625,#13626,#13627,#13628,
    #13629,#13630,#13631),.UNSPECIFIED.,.F.,.F.,(4,1,1,1,1,1,1,1,1,1,1,1
    ,1,1,1,1,1,1,1,1,1,1,4),(1.570796326795,1.642196159831,
    1.713595992867,1.784995825903,1.856395658939,1.927795491976,
    1.999195325012,2.070595158048,2.141994991084,2.21339482412,
    2.284794657156,2.356194490192,2.427594323228,2.498994156265,
    2.570393989301,2.641793822337,2.713193655373,2.784593488409,
    2.855993321445,2.927393154481,2.998792987518,3.070192820554,
    3.14159265359),.QUASI_UNIFORM_KNOTS.);
#13607 = CARTESIAN_POINT('',(1.570796326795,1.));
#13608 = CARTESIAN_POINT('',(1.570796326795,0.983172198663));
#13609 = CARTESIAN_POINT('',(1.570796326795,0.950009297011));
#13610 = CARTESIAN_POINT('',(1.570796326795,0.901574474096));
#13611 = CARTESIAN_POINT('',(1.570796326795,0.854275086925));
#13612 = CARTESIAN_POINT('',(1.570796326795,0.807956362777));
#13613 = CARTESIAN_POINT('',(1.570796326795,0.762473275577));
#13614 = CARTESIAN_POINT('',(1.570796326795,0.717690577461));
#13615 = CARTESIAN_POINT('',(1.570796326795,0.673480563786));
#13616 = CARTESIAN_POINT('',(1.570796326795,0.629721689409));
#13617 = CARTESIAN_POINT('',(1.570796326795,0.586297147708));
#13618 = CARTESIAN_POINT('',(1.570796326795,0.543093605115));
#13619 = CARTESIAN_POINT('',(1.570796326795,0.5));
#13620 = CARTESIAN_POINT('',(1.570796326795,0.456906394885));
#13621 = CARTESIAN_POINT('',(1.570796326795,0.413702852292));
#13622 = CARTESIAN_POINT('',(1.570796326795,0.370278310591));
#13623 = CARTESIAN_POINT('',(1.570796326795,0.326519436214));
#13624 = CARTESIAN_POINT('',(1.570796326795,0.282309422539));
#13625 = CARTESIAN_POINT('',(1.570796326795,0.237526724423));
#13626 = CARTESIAN_POINT('',(1.570796326795,0.192043637223));
#13627 = CARTESIAN_POINT('',(1.570796326795,0.145724913075));
#13628 = CARTESIAN_POINT('',(1.570796326795,9.842552590406E-02));
#13629 = CARTESIAN_POINT('',(1.570796326795,4.999070298882E-02));
#13630 = CARTESIAN_POINT('',(1.570796326795,1.682780133707E-02));
#13631 = CARTESIAN_POINT('',(1.570796326795,2.492647974845E-14));
#13632 = ( GEOMETRIC_REPRESENTATION_CONTEXT(2) 
PARAMETRIC_REPRESENTATION_CONTEXT() REPRESENTATION_CONTEXT('2D SPACE',''
  ) );
#13633 = ORIENTED_EDGE('',*,*,#8231,.T.);
#13634 = ADVANCED_FACE('',(#13635),#8276,.F.);
#13635 = FACE_BOUND('',#13636,.F.);
#13636 = EDGE_LOOP('',(#13637,#13638,#13639,#13640));
#13637 = ORIENTED_EDGE('',*,*,#8259,.T.);
#13638 = ORIENTED_EDGE('',*,*,#8421,.T.);
#13639 = ORIENTED_EDGE('',*,*,#8675,.T.);
#13640 = ORIENTED_EDGE('',*,*,#13590,.T.);
#13641 = ADVANCED_FACE('',(#13642,#13647),#8492,.F.);
#13642 = FACE_BOUND('',#13643,.T.);
#13643 = EDGE_LOOP('',(#13644,#13645,#13646));
#13644 = ORIENTED_EDGE('',*,*,#8578,.F.);
#13645 = ORIENTED_EDGE('',*,*,#8530,.F.);
#13646 = ORIENTED_EDGE('',*,*,#8476,.F.);
#13647 = FACE_BOUND('',#13648,.T.);
#13648 = EDGE_LOOP('',(#13649,#13650,#13651));
#13649 = ORIENTED_EDGE('',*,*,#9325,.T.);
#13650 = ORIENTED_EDGE('',*,*,#9449,.T.);
#13651 = ORIENTED_EDGE('',*,*,#9422,.T.);
#13652 = ADVANCED_FACE('',(#13653),#9140,.T.);
#13653 = FACE_BOUND('',#13654,.T.);
#13654 = EDGE_LOOP('',(#13655,#13721,#13722,#13723));
#13655 = ORIENTED_EDGE('',*,*,#13656,.F.);
#13656 = EDGE_CURVE('',#9156,#10484,#13657,.T.);
#13657 = SURFACE_CURVE('',#13658,(#13663,#13692),.PCURVE_S1.);
#13658 = ELLIPSE('',#13659,1.384438697513,1.);
#13659 = AXIS2_PLACEMENT_3D('',#13660,#13661,#13662);
#13660 = CARTESIAN_POINT('',(-17.70488134425,57.1,19.730389714064));
#13661 = DIRECTION('',(0.779839616978,0.,0.625979370101));
#13662 = DIRECTION('',(-0.625979370101,0.,0.779839616978));
#13663 = PCURVE('',#9140,#13664);
#13664 = DEFINITIONAL_REPRESENTATION('',(#13665),#13691);
#13665 = B_SPLINE_CURVE_WITH_KNOTS('',3,(#13666,#13667,#13668,#13669,
    #13670,#13671,#13672,#13673,#13674,#13675,#13676,#13677,#13678,
    #13679,#13680,#13681,#13682,#13683,#13684,#13685,#13686,#13687,
    #13688,#13689,#13690),.UNSPECIFIED.,.F.,.F.,(4,1,1,1,1,1,1,1,1,1,1,1
    ,1,1,1,1,1,1,1,1,1,1,4),(3.14159265359,3.212992486626,3.284392319662
    ,3.355792152698,3.427191985734,3.49859181877,3.569991651807,
    3.641391484843,3.712791317879,3.784191150915,3.855590983951,
    3.926990816987,3.998390650023,4.06979048306,4.141190316096,
    4.212590149132,4.283989982168,4.355389815204,4.42678964824,
    4.498189481276,4.569589314312,4.640989147349,4.712388980385),
  .QUASI_UNIFORM_KNOTS.);
#13666 = CARTESIAN_POINT('',(0.,4.687545171358));
#13667 = CARTESIAN_POINT('',(2.379994434538E-02,4.687543106609));
#13668 = CARTESIAN_POINT('',(7.139983303614E-02,4.689173791743));
#13669 = CARTESIAN_POINT('',(0.142799666072,4.696484615031));
#13670 = CARTESIAN_POINT('',(0.214199499108,4.708630263533));
#13671 = CARTESIAN_POINT('',(0.285599332145,4.725546894092));
#13672 = CARTESIAN_POINT('',(0.356999165181,4.747148826396));
#13673 = CARTESIAN_POINT('',(0.428398998217,4.773325841824));
#13674 = CARTESIAN_POINT('',(0.499798831253,4.803944585852));
#13675 = CARTESIAN_POINT('',(0.571198664289,4.838849022319));
#13676 = CARTESIAN_POINT('',(0.642598497325,4.877861288912));
#13677 = CARTESIAN_POINT('',(0.713998330361,4.920782587341));
#13678 = CARTESIAN_POINT('',(0.785398163397,4.967394200701));
#13679 = CARTESIAN_POINT('',(0.856797996434,5.017458606843));
#13680 = CARTESIAN_POINT('',(0.92819782947,5.070720689046));
#13681 = CARTESIAN_POINT('',(0.999597662506,5.126909035928));
#13682 = CARTESIAN_POINT('',(1.070997495542,5.185737324618));
#13683 = CARTESIAN_POINT('',(1.142397328578,5.246905779403));
#13684 = CARTESIAN_POINT('',(1.213797161614,5.31010270074));
#13685 = CARTESIAN_POINT('',(1.28519699465,5.37500604832));
#13686 = CARTESIAN_POINT('',(1.356596827686,5.441285101818));
#13687 = CARTESIAN_POINT('',(1.427996660723,5.50860207262));
#13688 = CARTESIAN_POINT('',(1.499396493759,5.576614099616));
#13689 = CARTESIAN_POINT('',(1.54699638245,5.622187347798));
#13690 = CARTESIAN_POINT('',(1.570796326795,5.64497428475));
#13691 = ( GEOMETRIC_REPRESENTATION_CONTEXT(2) 
PARAMETRIC_REPRESENTATION_CONTEXT() REPRESENTATION_CONTEXT('2D SPACE',''
  ) );
#13692 = PCURVE('',#10499,#13693);
#13693 = DEFINITIONAL_REPRESENTATION('',(#13694),#13720);
#13694 = B_SPLINE_CURVE_WITH_KNOTS('',3,(#13695,#13696,#13697,#13698,
    #13699,#13700,#13701,#13702,#13703,#13704,#13705,#13706,#13707,
    #13708,#13709,#13710,#13711,#13712,#13713,#13714,#13715,#13716,
    #13717,#13718,#13719),.UNSPECIFIED.,.F.,.F.,(4,1,1,1,1,1,1,1,1,1,1,1
    ,1,1,1,1,1,1,1,1,1,1,4),(3.14159265359,3.212992486626,3.284392319662
    ,3.355792152698,3.427191985734,3.49859181877,3.569991651807,
    3.641391484843,3.712791317879,3.784191150915,3.855590983951,
    3.926990816987,3.998390650023,4.06979048306,4.141190316096,
    4.212590149132,4.283989982168,4.355389815204,4.42678964824,
    4.498189481276,4.569589314312,4.640989147349,4.712388980385),
  .QUASI_UNIFORM_KNOTS.);
#13695 = CARTESIAN_POINT('',(0.,1.092722299142E-14));
#13696 = CARTESIAN_POINT('',(2.379994434538E-02,2.064749002002E-06));
#13697 = CARTESIAN_POINT('',(7.139983303614E-02,-1.628620385341E-03));
#13698 = CARTESIAN_POINT('',(0.142799666072,-8.93944367312E-03));
#13699 = CARTESIAN_POINT('',(0.214199499108,-2.108509217537E-02));
#13700 = CARTESIAN_POINT('',(0.285599332145,-3.800172273409E-02));
#13701 = CARTESIAN_POINT('',(0.356999165181,-5.960365503868E-02));
#13702 = CARTESIAN_POINT('',(0.428398998217,-8.57806704667E-02));
#13703 = CARTESIAN_POINT('',(0.499798831253,-0.116399414495));
#13704 = CARTESIAN_POINT('',(0.571198664289,-0.151303850961));
#13705 = CARTESIAN_POINT('',(0.642598497325,-0.190316117554));
#13706 = CARTESIAN_POINT('',(0.713998330361,-0.233237415983));
#13707 = CARTESIAN_POINT('',(0.785398163397,-0.279849029344));
#13708 = CARTESIAN_POINT('',(0.856797996434,-0.329913435485));
#13709 = CARTESIAN_POINT('',(0.92819782947,-0.383175517689));
#13710 = CARTESIAN_POINT('',(0.999597662506,-0.439363864571));
#13711 = CARTESIAN_POINT('',(1.070997495542,-0.49819215326));
#13712 = CARTESIAN_POINT('',(1.142397328578,-0.559360608045));
#13713 = CARTESIAN_POINT('',(1.213797161614,-0.622557529382));
#13714 = CARTESIAN_POINT('',(1.28519699465,-0.687460876962));
#13715 = CARTESIAN_POINT('',(1.356596827686,-0.75373993046));
#13716 = CARTESIAN_POINT('',(1.427996660723,-0.821056901263));
#13717 = CARTESIAN_POINT('',(1.499396493759,-0.889068928259));
#13718 = CARTESIAN_POINT('',(1.54699638245,-0.934642176441));
#13719 = CARTESIAN_POINT('',(1.570796326795,-0.957429113392));
#13720 = ( GEOMETRIC_REPRESENTATION_CONTEXT(2) 
PARAMETRIC_REPRESENTATION_CONTEXT() REPRESENTATION_CONTEXT('2D SPACE',''
  ) );
#13721 = ORIENTED_EDGE('',*,*,#9155,.T.);
#13722 = ORIENTED_EDGE('',*,*,#9103,.T.);
#13723 = ORIENTED_EDGE('',*,*,#10511,.F.);
#13724 = ADVANCED_FACE('',(#13725),#9194,.F.);
#13725 = FACE_BOUND('',#13726,.T.);
#13726 = EDGE_LOOP('',(#13727,#13750,#13751,#13752));
#13727 = ORIENTED_EDGE('',*,*,#13728,.T.);
#13728 = EDGE_CURVE('',#13729,#13158,#13731,.T.);
#13729 = VERTEX_POINT('',#13730);
#13730 = CARTESIAN_POINT('',(-14.34776453521,57.1,18.432860213597));
#13731 = SURFACE_CURVE('',#13732,(#13736,#13743),.PCURVE_S1.);
#13732 = LINE('',#13733,#13734);
#13733 = CARTESIAN_POINT('',(-14.34776453521,57.1,18.432860213597));
#13734 = VECTOR('',#13735,1.);
#13735 = DIRECTION('',(0.,-1.,0.));
#13736 = PCURVE('',#9194,#13737);
#13737 = DEFINITIONAL_REPRESENTATION('',(#13738),#13742);
#13738 = LINE('',#13739,#13740);
#13739 = CARTESIAN_POINT('',(2.5,-1.));
#13740 = VECTOR('',#13741,1.);
#13741 = DIRECTION('',(0.,-1.));
#13742 = ( GEOMETRIC_REPRESENTATION_CONTEXT(2) 
PARAMETRIC_REPRESENTATION_CONTEXT() REPRESENTATION_CONTEXT('2D SPACE',''
  ) );
#13743 = PCURVE('',#13335,#13744);
#13744 = DEFINITIONAL_REPRESENTATION('',(#13745),#13749);
#13745 = LINE('',#13746,#13747);
#13746 = CARTESIAN_POINT('',(0.,-1.));
#13747 = VECTOR('',#13748,1.);
#13748 = DIRECTION('',(0.,-1.));
#13749 = ( GEOMETRIC_REPRESENTATION_CONTEXT(2) 
PARAMETRIC_REPRESENTATION_CONTEXT() REPRESENTATION_CONTEXT('2D SPACE',''
  ) );
#13750 = ORIENTED_EDGE('',*,*,#13227,.T.);
#13751 = ORIENTED_EDGE('',*,*,#9178,.F.);
#13752 = ORIENTED_EDGE('',*,*,#13753,.F.);
#13753 = EDGE_CURVE('',#13729,#9156,#13754,.T.);
#13754 = SURFACE_CURVE('',#13755,(#13759,#13766),.PCURVE_S1.);
#13755 = LINE('',#13756,#13757);
#13756 = CARTESIAN_POINT('',(-14.34776453521,57.1,18.432860213597));
#13757 = VECTOR('',#13758,1.);
#13758 = DIRECTION('',(-0.996194698092,0.,8.715574274766E-02));
#13759 = PCURVE('',#9194,#13760);
#13760 = DEFINITIONAL_REPRESENTATION('',(#13761),#13765);
#13761 = LINE('',#13762,#13763);
#13762 = CARTESIAN_POINT('',(2.5,-1.));
#13763 = VECTOR('',#13764,1.);
#13764 = DIRECTION('',(-1.,0.));
#13765 = ( GEOMETRIC_REPRESENTATION_CONTEXT(2) 
PARAMETRIC_REPRESENTATION_CONTEXT() REPRESENTATION_CONTEXT('2D SPACE',''
  ) );
#13766 = PCURVE('',#10499,#13767);
#13767 = DEFINITIONAL_REPRESENTATION('',(#13768),#13772);
#13768 = LINE('',#13769,#13770);
#13769 = CARTESIAN_POINT('',(0.,2.5));
#13770 = VECTOR('',#13771,1.);
#13771 = DIRECTION('',(0.,-1.));
#13772 = ( GEOMETRIC_REPRESENTATION_CONTEXT(2) 
PARAMETRIC_REPRESENTATION_CONTEXT() REPRESENTATION_CONTEXT('2D SPACE',''
  ) );
#13773 = ADVANCED_FACE('',(#13774),#9697,.T.);
#13774 = FACE_BOUND('',#13775,.T.);
#13775 = EDGE_LOOP('',(#13776,#13842,#13843,#13844));
#13776 = ORIENTED_EDGE('',*,*,#13777,.T.);
#13777 = EDGE_CURVE('',#9680,#10237,#13778,.T.);
#13778 = SURFACE_CURVE('',#13779,(#13784,#13813),.PCURVE_S1.);
#13779 = ELLIPSE('',#13780,1.384438697513,1.);
#13780 = AXIS2_PLACEMENT_3D('',#13781,#13782,#13783);
#13781 = CARTESIAN_POINT('',(17.704881344252,57.1,19.730389714064));
#13782 = DIRECTION('',(0.779839616978,0.,-0.625979370101));
#13783 = DIRECTION('',(0.625979370101,0.,0.779839616978));
#13784 = PCURVE('',#9697,#13785);
#13785 = DEFINITIONAL_REPRESENTATION('',(#13786),#13812);
#13786 = B_SPLINE_CURVE_WITH_KNOTS('',3,(#13787,#13788,#13789,#13790,
    #13791,#13792,#13793,#13794,#13795,#13796,#13797,#13798,#13799,
    #13800,#13801,#13802,#13803,#13804,#13805,#13806,#13807,#13808,
    #13809,#13810,#13811),.UNSPECIFIED.,.F.,.F.,(4,1,1,1,1,1,1,1,1,1,1,1
    ,1,1,1,1,1,1,1,1,1,1,4),(3.14159265359,3.212992486626,3.284392319662
    ,3.355792152698,3.427191985734,3.49859181877,3.569991651807,
    3.641391484843,3.712791317879,3.784191150915,3.855590983951,
    3.926990816987,3.998390650023,4.06979048306,4.141190316096,
    4.212590149132,4.283989982168,4.355389815204,4.42678964824,
    4.498189481276,4.569589314312,4.640989147349,4.712388980385),
  .QUASI_UNIFORM_KNOTS.);
#13787 = CARTESIAN_POINT('',(0.,-4.687545171358));
#13788 = CARTESIAN_POINT('',(2.379994434538E-02,-4.687543106609));
#13789 = CARTESIAN_POINT('',(7.139983303614E-02,-4.689173791743));
#13790 = CARTESIAN_POINT('',(0.142799666072,-4.696484615031));
#13791 = CARTESIAN_POINT('',(0.214199499108,-4.708630263533));
#13792 = CARTESIAN_POINT('',(0.285599332145,-4.725546894092));
#13793 = CARTESIAN_POINT('',(0.356999165181,-4.747148826396));
#13794 = CARTESIAN_POINT('',(0.428398998217,-4.773325841824));
#13795 = CARTESIAN_POINT('',(0.499798831253,-4.803944585852));
#13796 = CARTESIAN_POINT('',(0.571198664289,-4.838849022319));
#13797 = CARTESIAN_POINT('',(0.642598497325,-4.877861288912));
#13798 = CARTESIAN_POINT('',(0.713998330361,-4.920782587341));
#13799 = CARTESIAN_POINT('',(0.785398163397,-4.967394200701));
#13800 = CARTESIAN_POINT('',(0.856797996434,-5.017458606843));
#13801 = CARTESIAN_POINT('',(0.92819782947,-5.070720689046));
#13802 = CARTESIAN_POINT('',(0.999597662506,-5.126909035928));
#13803 = CARTESIAN_POINT('',(1.070997495542,-5.185737324618));
#13804 = CARTESIAN_POINT('',(1.142397328578,-5.246905779403));
#13805 = CARTESIAN_POINT('',(1.213797161614,-5.31010270074));
#13806 = CARTESIAN_POINT('',(1.28519699465,-5.37500604832));
#13807 = CARTESIAN_POINT('',(1.356596827686,-5.441285101818));
#13808 = CARTESIAN_POINT('',(1.427996660723,-5.50860207262));
#13809 = CARTESIAN_POINT('',(1.499396493759,-5.576614099616));
#13810 = CARTESIAN_POINT('',(1.54699638245,-5.622187347798));
#13811 = CARTESIAN_POINT('',(1.570796326795,-5.64497428475));
#13812 = ( GEOMETRIC_REPRESENTATION_CONTEXT(2) 
PARAMETRIC_REPRESENTATION_CONTEXT() REPRESENTATION_CONTEXT('2D SPACE',''
  ) );
#13813 = PCURVE('',#10275,#13814);
#13814 = DEFINITIONAL_REPRESENTATION('',(#13815),#13841);
#13815 = B_SPLINE_CURVE_WITH_KNOTS('',3,(#13816,#13817,#13818,#13819,
    #13820,#13821,#13822,#13823,#13824,#13825,#13826,#13827,#13828,
    #13829,#13830,#13831,#13832,#13833,#13834,#13835,#13836,#13837,
    #13838,#13839,#13840),.UNSPECIFIED.,.F.,.F.,(4,1,1,1,1,1,1,1,1,1,1,1
    ,1,1,1,1,1,1,1,1,1,1,4),(3.14159265359,3.212992486626,3.284392319662
    ,3.355792152698,3.427191985734,3.49859181877,3.569991651807,
    3.641391484843,3.712791317879,3.784191150915,3.855590983951,
    3.926990816987,3.998390650023,4.06979048306,4.141190316096,
    4.212590149132,4.283989982168,4.355389815204,4.42678964824,
    4.498189481276,4.569589314312,4.640989147349,4.712388980385),
  .QUASI_UNIFORM_KNOTS.);
#13816 = CARTESIAN_POINT('',(0.,-1.092722299142E-14));
#13817 = CARTESIAN_POINT('',(2.379994434538E-02,-2.064749002002E-06));
#13818 = CARTESIAN_POINT('',(7.139983303614E-02,1.628620385341E-03));
#13819 = CARTESIAN_POINT('',(0.142799666072,8.93944367312E-03));
#13820 = CARTESIAN_POINT('',(0.214199499108,2.108509217537E-02));
#13821 = CARTESIAN_POINT('',(0.285599332145,3.800172273409E-02));
#13822 = CARTESIAN_POINT('',(0.356999165181,5.960365503868E-02));
#13823 = CARTESIAN_POINT('',(0.428398998217,8.57806704667E-02));
#13824 = CARTESIAN_POINT('',(0.499798831253,0.116399414495));
#13825 = CARTESIAN_POINT('',(0.571198664289,0.151303850961));
#13826 = CARTESIAN_POINT('',(0.642598497325,0.190316117554));
#13827 = CARTESIAN_POINT('',(0.713998330361,0.233237415983));
#13828 = CARTESIAN_POINT('',(0.785398163397,0.279849029344));
#13829 = CARTESIAN_POINT('',(0.856797996434,0.329913435485));
#13830 = CARTESIAN_POINT('',(0.92819782947,0.383175517689));
#13831 = CARTESIAN_POINT('',(0.999597662506,0.439363864571));
#13832 = CARTESIAN_POINT('',(1.070997495542,0.49819215326));
#13833 = CARTESIAN_POINT('',(1.142397328578,0.559360608045));
#13834 = CARTESIAN_POINT('',(1.213797161614,0.622557529382));
#13835 = CARTESIAN_POINT('',(1.28519699465,0.687460876962));
#13836 = CARTESIAN_POINT('',(1.356596827686,0.75373993046));
#13837 = CARTESIAN_POINT('',(1.427996660723,0.821056901263));
#13838 = CARTESIAN_POINT('',(1.499396493759,0.889068928259));
#13839 = CARTESIAN_POINT('',(1.54699638245,0.934642176441));
#13840 = CARTESIAN_POINT('',(1.570796326795,0.957429113392));
#13841 = ( GEOMETRIC_REPRESENTATION_CONTEXT(2) 
PARAMETRIC_REPRESENTATION_CONTEXT() REPRESENTATION_CONTEXT('2D SPACE',''
  ) );
#13842 = ORIENTED_EDGE('',*,*,#10236,.T.);
#13843 = ORIENTED_EDGE('',*,*,#9783,.F.);
#13844 = ORIENTED_EDGE('',*,*,#9679,.F.);
#13845 = ADVANCED_FACE('',(#13846),#9768,.T.);
#13846 = FACE_BOUND('',#13847,.T.);
#13847 = EDGE_LOOP('',(#13848,#13871,#13892,#13893));
#13848 = ORIENTED_EDGE('',*,*,#13849,.F.);
#13849 = EDGE_CURVE('',#13850,#12889,#13852,.T.);
#13850 = VERTEX_POINT('',#13851);
#13851 = CARTESIAN_POINT('',(14.347764535211,57.1,18.432860213597));
#13852 = SURFACE_CURVE('',#13853,(#13857,#13864),.PCURVE_S1.);
#13853 = LINE('',#13854,#13855);
#13854 = CARTESIAN_POINT('',(14.347764535211,57.1,18.432860213597));
#13855 = VECTOR('',#13856,1.);
#13856 = DIRECTION('',(0.,-1.,0.));
#13857 = PCURVE('',#9768,#13858);
#13858 = DEFINITIONAL_REPRESENTATION('',(#13859),#13863);
#13859 = LINE('',#13860,#13861);
#13860 = CARTESIAN_POINT('',(2.5,-1.));
#13861 = VECTOR('',#13862,1.);
#13862 = DIRECTION('',(-0.,-1.));
#13863 = ( GEOMETRIC_REPRESENTATION_CONTEXT(2) 
PARAMETRIC_REPRESENTATION_CONTEXT() REPRESENTATION_CONTEXT('2D SPACE',''
  ) );
#13864 = PCURVE('',#12904,#13865);
#13865 = DEFINITIONAL_REPRESENTATION('',(#13866),#13870);
#13866 = LINE('',#13867,#13868);
#13867 = CARTESIAN_POINT('',(0.,-1.));
#13868 = VECTOR('',#13869,1.);
#13869 = DIRECTION('',(0.,-1.));
#13870 = ( GEOMETRIC_REPRESENTATION_CONTEXT(2) 
PARAMETRIC_REPRESENTATION_CONTEXT() REPRESENTATION_CONTEXT('2D SPACE',''
  ) );
#13871 = ORIENTED_EDGE('',*,*,#13872,.T.);
#13872 = EDGE_CURVE('',#13850,#9680,#13873,.T.);
#13873 = SURFACE_CURVE('',#13874,(#13878,#13885),.PCURVE_S1.);
#13874 = LINE('',#13875,#13876);
#13875 = CARTESIAN_POINT('',(14.347764535211,57.1,18.432860213597));
#13876 = VECTOR('',#13877,1.);
#13877 = DIRECTION('',(0.996194698092,0.,8.715574274766E-02));
#13878 = PCURVE('',#9768,#13879);
#13879 = DEFINITIONAL_REPRESENTATION('',(#13880),#13884);
#13880 = LINE('',#13881,#13882);
#13881 = CARTESIAN_POINT('',(2.5,-1.));
#13882 = VECTOR('',#13883,1.);
#13883 = DIRECTION('',(-1.,0.));
#13884 = ( GEOMETRIC_REPRESENTATION_CONTEXT(2) 
PARAMETRIC_REPRESENTATION_CONTEXT() REPRESENTATION_CONTEXT('2D SPACE',''
  ) );
#13885 = PCURVE('',#10275,#13886);
#13886 = DEFINITIONAL_REPRESENTATION('',(#13887),#13891);
#13887 = LINE('',#13888,#13889);
#13888 = CARTESIAN_POINT('',(0.,-2.5));
#13889 = VECTOR('',#13890,1.);
#13890 = DIRECTION('',(0.,1.));
#13891 = ( GEOMETRIC_REPRESENTATION_CONTEXT(2) 
PARAMETRIC_REPRESENTATION_CONTEXT() REPRESENTATION_CONTEXT('2D SPACE',''
  ) );
#13892 = ORIENTED_EDGE('',*,*,#9754,.T.);
#13893 = ORIENTED_EDGE('',*,*,#12987,.F.);
#13894 = ADVANCED_FACE('',(#13895),#10200,.T.);
#13895 = FACE_BOUND('',#13896,.T.);
#13896 = EDGE_LOOP('',(#13897,#13898,#13899,#13900));
#13897 = ORIENTED_EDGE('',*,*,#10642,.T.);
#13898 = ORIENTED_EDGE('',*,*,#10590,.F.);
#13899 = ORIENTED_EDGE('',*,*,#10182,.T.);
#13900 = ORIENTED_EDGE('',*,*,#13901,.T.);
#13901 = EDGE_CURVE('',#10185,#10643,#13902,.T.);
#13902 = SURFACE_CURVE('',#13903,(#13908,#13915),.PCURVE_S1.);
#13903 = CIRCLE('',#13904,1.);
#13904 = AXIS2_PLACEMENT_3D('',#13905,#13906,#13907);
#13905 = CARTESIAN_POINT('',(-11.12837984781,57.1,58.4));
#13906 = DIRECTION('',(1.,0.,0.));
#13907 = DIRECTION('',(0.,0.,-1.));
#13908 = PCURVE('',#10200,#13909);
#13909 = DEFINITIONAL_REPRESENTATION('',(#13910),#13914);
#13910 = LINE('',#13911,#13912);
#13911 = CARTESIAN_POINT('',(3.14159265359,11.12837984781));
#13912 = VECTOR('',#13913,1.);
#13913 = DIRECTION('',(-1.,0.));
#13914 = ( GEOMETRIC_REPRESENTATION_CONTEXT(2) 
PARAMETRIC_REPRESENTATION_CONTEXT() REPRESENTATION_CONTEXT('2D SPACE',''
  ) );
#13915 = PCURVE('',#10575,#13916);
#13916 = DEFINITIONAL_REPRESENTATION('',(#13917),#13921);
#13917 = LINE('',#13918,#13919);
#13918 = CARTESIAN_POINT('',(6.28318530718,3.14159265359));
#13919 = VECTOR('',#13920,1.);
#13920 = DIRECTION('',(0.,-1.));
#13921 = ( GEOMETRIC_REPRESENTATION_CONTEXT(2) 
PARAMETRIC_REPRESENTATION_CONTEXT() REPRESENTATION_CONTEXT('2D SPACE',''
  ) );
#13922 = ADVANCED_FACE('',(#13923),#10275,.T.);
#13923 = FACE_BOUND('',#13924,.T.);
#13924 = EDGE_LOOP('',(#13925,#13991,#13992,#13993));
#13925 = ORIENTED_EDGE('',*,*,#13926,.T.);
#13926 = EDGE_CURVE('',#13850,#10260,#13927,.T.);
#13927 = SURFACE_CURVE('',#13928,(#13933,#13962),.PCURVE_S1.);
#13928 = ELLIPSE('',#13929,1.480187232922,1.);
#13929 = AXIS2_PLACEMENT_3D('',#13930,#13931,#13932);
#13930 = CARTESIAN_POINT('',(15.347764535211,57.1,19.524168714667));
#13931 = DIRECTION('',(0.73727733681,0.,-0.675590207616));
#13932 = DIRECTION('',(0.675590207616,0.,0.73727733681));
#13933 = PCURVE('',#10275,#13934);
#13934 = DEFINITIONAL_REPRESENTATION('',(#13935),#13961);
#13935 = B_SPLINE_CURVE_WITH_KNOTS('',3,(#13936,#13937,#13938,#13939,
    #13940,#13941,#13942,#13943,#13944,#13945,#13946,#13947,#13948,
    #13949,#13950,#13951,#13952,#13953,#13954,#13955,#13956,#13957,
    #13958,#13959,#13960),.UNSPECIFIED.,.F.,.F.,(4,1,1,1,1,1,1,1,1,1,1,1
    ,1,1,1,1,1,1,1,1,1,1,4),(3.14159265359,3.212992486626,3.284392319662
    ,3.355792152698,3.427191985734,3.49859181877,3.569991651807,
    3.641391484843,3.712791317879,3.784191150915,3.855590983951,
    3.926990816987,3.998390650023,4.06979048306,4.141190316096,
    4.212590149132,4.283989982168,4.355389815204,4.42678964824,
    4.498189481276,4.569589314312,4.640989147349,4.712388980385),
  .QUASI_UNIFORM_KNOTS.);
#13936 = CARTESIAN_POINT('',(0.,-2.5));
#13937 = CARTESIAN_POINT('',(2.379994434538E-02,-2.500002353467));
#13938 = CARTESIAN_POINT('',(7.139983303614E-02,-2.498143646097));
#13939 = CARTESIAN_POINT('',(0.142799666072,-2.489810534546));
#13940 = CARTESIAN_POINT('',(0.214199499108,-2.475966533694));
#13941 = CARTESIAN_POINT('',(0.285599332145,-2.456684414026));
#13942 = CARTESIAN_POINT('',(0.356999165181,-2.432061836716));
#13943 = CARTESIAN_POINT('',(0.428398998217,-2.402224432495));
#13944 = CARTESIAN_POINT('',(0.499798831253,-2.367324203139));
#13945 = CARTESIAN_POINT('',(0.571198664289,-2.327539003683));
#13946 = CARTESIAN_POINT('',(0.642598497325,-2.283071567313));
#13947 = CARTESIAN_POINT('',(0.713998330361,-2.234148490714));
#13948 = CARTESIAN_POINT('',(0.785398163397,-2.18101907445));
#13949 = CARTESIAN_POINT('',(0.856797996434,-2.123954053907));
#13950 = CARTESIAN_POINT('',(0.92819782947,-2.063244219331));
#13951 = CARTESIAN_POINT('',(0.999597662506,-1.999198934143));
#13952 = CARTESIAN_POINT('',(1.070997495542,-1.932144558366));
#13953 = CARTESIAN_POINT('',(1.142397328578,-1.862422785996));
#13954 = CARTESIAN_POINT('',(1.213797161614,-1.7903889022));
#13955 = CARTESIAN_POINT('',(1.28519699465,-1.716409978883));
#13956 = CARTESIAN_POINT('',(1.356596827687,-1.640862981707));
#13957 = CARTESIAN_POINT('',(1.427996660723,-1.564132933001));
#13958 = CARTESIAN_POINT('',(1.499396493759,-1.486610636888));
#13959 = CARTESIAN_POINT('',(1.54699638245,-1.434664782655));
#13960 = CARTESIAN_POINT('',(1.570796326795,-1.408691498931));
#13961 = ( GEOMETRIC_REPRESENTATION_CONTEXT(2) 
PARAMETRIC_REPRESENTATION_CONTEXT() REPRESENTATION_CONTEXT('2D SPACE',''
  ) );
#13962 = PCURVE('',#10303,#13963);
#13963 = DEFINITIONAL_REPRESENTATION('',(#13964),#13990);
#13964 = B_SPLINE_CURVE_WITH_KNOTS('',3,(#13965,#13966,#13967,#13968,
    #13969,#13970,#13971,#13972,#13973,#13974,#13975,#13976,#13977,
    #13978,#13979,#13980,#13981,#13982,#13983,#13984,#13985,#13986,
    #13987,#13988,#13989),.UNSPECIFIED.,.F.,.F.,(4,1,1,1,1,1,1,1,1,1,1,1
    ,1,1,1,1,1,1,1,1,1,1,4),(3.14159265359,3.212992486626,3.284392319662
    ,3.355792152698,3.427191985734,3.49859181877,3.569991651807,
    3.641391484843,3.712791317879,3.784191150915,3.855590983951,
    3.926990816987,3.998390650023,4.06979048306,4.141190316096,
    4.212590149132,4.283989982168,4.355389815204,4.42678964824,
    4.498189481276,4.569589314312,4.640989147349,4.712388980385),
  .QUASI_UNIFORM_KNOTS.);
#13965 = CARTESIAN_POINT('',(0.,-2.84217094304E-14));
#13966 = CARTESIAN_POINT('',(2.379994434538E-02,2.353467290285E-06));
#13967 = CARTESIAN_POINT('',(7.139983303614E-02,-1.856353903089E-03));
#13968 = CARTESIAN_POINT('',(0.142799666072,-1.018946545379E-02));
#13969 = CARTESIAN_POINT('',(0.214199499108,-2.403346630574E-02));
#13970 = CARTESIAN_POINT('',(0.285599332145,-4.33155859739E-02));
#13971 = CARTESIAN_POINT('',(0.356999165181,-6.793816328408E-02));
#13972 = CARTESIAN_POINT('',(0.428398998217,-9.777556750507E-02));
#13973 = CARTESIAN_POINT('',(0.499798831253,-0.132675796861));
#13974 = CARTESIAN_POINT('',(0.571198664289,-0.172460996317));
#13975 = CARTESIAN_POINT('',(0.642598497325,-0.216928432687));
#13976 = CARTESIAN_POINT('',(0.713998330361,-0.265851509286));
#13977 = CARTESIAN_POINT('',(0.785398163397,-0.31898092555));
#13978 = CARTESIAN_POINT('',(0.856797996434,-0.376045946093));
#13979 = CARTESIAN_POINT('',(0.92819782947,-0.436755780669));
#13980 = CARTESIAN_POINT('',(0.999597662506,-0.500801065857));
#13981 = CARTESIAN_POINT('',(1.070997495542,-0.567855441634));
#13982 = CARTESIAN_POINT('',(1.142397328578,-0.637577214004));
#13983 = CARTESIAN_POINT('',(1.213797161614,-0.7096110978));
#13984 = CARTESIAN_POINT('',(1.28519699465,-0.783590021117));
#13985 = CARTESIAN_POINT('',(1.356596827687,-0.859137018293));
#13986 = CARTESIAN_POINT('',(1.427996660723,-0.935867066999));
#13987 = CARTESIAN_POINT('',(1.499396493759,-1.013389363112));
#13988 = CARTESIAN_POINT('',(1.54699638245,-1.065335217345));
#13989 = CARTESIAN_POINT('',(1.570796326795,-1.091308501069));
#13990 = ( GEOMETRIC_REPRESENTATION_CONTEXT(2) 
PARAMETRIC_REPRESENTATION_CONTEXT() REPRESENTATION_CONTEXT('2D SPACE',''
  ) );
#13991 = ORIENTED_EDGE('',*,*,#10259,.T.);
#13992 = ORIENTED_EDGE('',*,*,#13777,.F.);
#13993 = ORIENTED_EDGE('',*,*,#13872,.F.);
#13994 = ADVANCED_FACE('',(#13995),#10303,.T.);
#13995 = FACE_BOUND('',#13996,.T.);
#13996 = EDGE_LOOP('',(#13997,#14065,#14066,#14067));
#13997 = ORIENTED_EDGE('',*,*,#13998,.T.);
#13998 = EDGE_CURVE('',#13999,#10288,#14001,.T.);
#13999 = VERTEX_POINT('',#14000);
#14000 = CARTESIAN_POINT('',(14.347764535211,57.1,37.588852788417));
#14001 = SURFACE_CURVE('',#14002,(#14007,#14036),.PCURVE_S1.);
#14002 = ELLIPSE('',#14003,1.002140965386,1.);
#14003 = AXIS2_PLACEMENT_3D('',#14004,#14005,#14006);
#14004 = CARTESIAN_POINT('',(15.347764535211,57.1,37.654324266979));
#14005 = DIRECTION('',(6.533160585506E-02,0.,-0.997863608554));
#14006 = DIRECTION('',(0.997863608554,0.,6.533160585506E-02));
#14007 = PCURVE('',#10303,#14008);
#14008 = DEFINITIONAL_REPRESENTATION('',(#14009),#14035);
#14009 = B_SPLINE_CURVE_WITH_KNOTS('',3,(#14010,#14011,#14012,#14013,
    #14014,#14015,#14016,#14017,#14018,#14019,#14020,#14021,#14022,
    #14023,#14024,#14025,#14026,#14027,#14028,#14029,#14030,#14031,
    #14032,#14033,#14034),.UNSPECIFIED.,.F.,.F.,(4,1,1,1,1,1,1,1,1,1,1,1
    ,1,1,1,1,1,1,1,1,1,1,4),(3.14159265359,3.212992486626,3.284392319662
    ,3.355792152698,3.427191985734,3.49859181877,3.569991651807,
    3.641391484843,3.712791317879,3.784191150915,3.855590983951,
    3.926990816987,3.998390650023,4.06979048306,4.141190316096,
    4.212590149132,4.283989982168,4.355389815204,4.42678964824,
    4.498189481276,4.569589314312,4.640989147349,4.712388980385),
  .QUASI_UNIFORM_KNOTS.);
#14010 = CARTESIAN_POINT('',(0.,-19.15599257482));
#14011 = CARTESIAN_POINT('',(2.379994434538E-02,-19.15599243362));
#14012 = CARTESIAN_POINT('',(7.139983303614E-02,-19.15610394409));
#14013 = CARTESIAN_POINT('',(0.142799666072,-19.15660387709));
#14014 = CARTESIAN_POINT('',(0.214199499108,-19.15743442794));
#14015 = CARTESIAN_POINT('',(0.285599332145,-19.15859123088));
#14016 = CARTESIAN_POINT('',(0.356999165181,-19.16006842687));
#14017 = CARTESIAN_POINT('',(0.428398998217,-19.16185847888));
#14018 = CARTESIAN_POINT('',(0.499798831253,-19.16395226777));
#14019 = CARTESIAN_POINT('',(0.571198664289,-19.1663391234));
#14020 = CARTESIAN_POINT('',(0.642598497325,-19.16900688307));
#14021 = CARTESIAN_POINT('',(0.713998330361,-19.17194195244));
#14022 = CARTESIAN_POINT('',(0.785398163397,-19.1751293751));
#14023 = CARTESIAN_POINT('',(0.856797996434,-19.17855290865));
#14024 = CARTESIAN_POINT('',(0.92819782947,-19.18219510756));
#14025 = CARTESIAN_POINT('',(0.999597662506,-19.18603741201));
#14026 = CARTESIAN_POINT('',(1.070997495542,-19.19006024252));
#14027 = CARTESIAN_POINT('',(1.142397328578,-19.19424309963));
#14028 = CARTESIAN_POINT('',(1.213797161614,-19.19856466853));
#14029 = CARTESIAN_POINT('',(1.28519699465,-19.20300292727));
#14030 = CARTESIAN_POINT('',(1.356596827687,-19.20753526033));
#14031 = CARTESIAN_POINT('',(1.427996660723,-19.21213856887));
#14032 = CARTESIAN_POINT('',(1.499396493759,-19.21678940715));
#14033 = CARTESIAN_POINT('',(1.54699638245,-19.2199058237));
#14034 = CARTESIAN_POINT('',(1.570796326795,-19.22146405338));
#14035 = ( GEOMETRIC_REPRESENTATION_CONTEXT(2) 
PARAMETRIC_REPRESENTATION_CONTEXT() REPRESENTATION_CONTEXT('2D SPACE',''
  ) );
#14036 = PCURVE('',#10331,#14037);
#14037 = DEFINITIONAL_REPRESENTATION('',(#14038),#14064);
#14038 = B_SPLINE_CURVE_WITH_KNOTS('',3,(#14039,#14040,#14041,#14042,
    #14043,#14044,#14045,#14046,#14047,#14048,#14049,#14050,#14051,
    #14052,#14053,#14054,#14055,#14056,#14057,#14058,#14059,#14060,
    #14061,#14062,#14063),.UNSPECIFIED.,.F.,.F.,(4,1,1,1,1,1,1,1,1,1,1,1
    ,1,1,1,1,1,1,1,1,1,1,4),(3.14159265359,3.212992486626,3.284392319662
    ,3.355792152698,3.427191985734,3.49859181877,3.569991651807,
    3.641391484843,3.712791317879,3.784191150915,3.855590983951,
    3.926990816987,3.998390650023,4.06979048306,4.141190316096,
    4.212590149132,4.283989982168,4.355389815204,4.42678964824,
    4.498189481276,4.569589314312,4.640989147349,4.712388980385),
  .QUASI_UNIFORM_KNOTS.);
#14039 = CARTESIAN_POINT('',(0.,-9.839520387625E-14));
#14040 = CARTESIAN_POINT('',(2.379994434538E-02,-1.411929709684E-07));
#14041 = CARTESIAN_POINT('',(7.139983303614E-02,1.113692732566E-04));
#14042 = CARTESIAN_POINT('',(0.142799666072,6.113022745129E-04));
#14043 = CARTESIAN_POINT('',(0.214199499108,1.441853126185E-03));
#14044 = CARTESIAN_POINT('',(0.285599332145,2.598656068009E-03));
#14045 = CARTESIAN_POINT('',(0.356999165181,4.075852058802E-03));
#14046 = CARTESIAN_POINT('',(0.428398998217,5.865904064155E-03));
#14047 = CARTESIAN_POINT('',(0.499798831253,7.959692956904E-03));
#14048 = CARTESIAN_POINT('',(0.571198664289,1.034654858084E-02));
#14049 = CARTESIAN_POINT('',(0.642598497325,1.301430825116E-02));
#14050 = CARTESIAN_POINT('',(0.713998330361,1.594937762667E-02));
#14051 = CARTESIAN_POINT('',(0.785398163397,1.913680027986E-02));
#14052 = CARTESIAN_POINT('',(0.856797996434,2.256033383193E-02));
#14053 = CARTESIAN_POINT('',(0.92819782947,2.620253274187E-02));
#14054 = CARTESIAN_POINT('',(0.999597662506,3.004483719748E-02));
#14055 = CARTESIAN_POINT('',(1.070997495542,3.40676677004E-02));
#14056 = CARTESIAN_POINT('',(1.142397328578,3.825052481235E-02));
#14057 = CARTESIAN_POINT('',(1.213797161614,4.257209371247E-02));
#14058 = CARTESIAN_POINT('',(1.28519699465,4.701035245163E-02));
#14059 = CARTESIAN_POINT('',(1.356596827687,5.15426855189E-02));
#14060 = CARTESIAN_POINT('',(1.427996660723,5.614599405538E-02));
#14061 = CARTESIAN_POINT('',(1.499396493759,6.079683233168E-02));
#14062 = CARTESIAN_POINT('',(1.54699638245,6.391324888891E-02));
#14063 = CARTESIAN_POINT('',(1.570796326795,6.547147856172E-02));
#14064 = ( GEOMETRIC_REPRESENTATION_CONTEXT(2) 
PARAMETRIC_REPRESENTATION_CONTEXT() REPRESENTATION_CONTEXT('2D SPACE',''
  ) );
#14065 = ORIENTED_EDGE('',*,*,#10287,.T.);
#14066 = ORIENTED_EDGE('',*,*,#13926,.F.);
#14067 = ORIENTED_EDGE('',*,*,#14068,.F.);
#14068 = EDGE_CURVE('',#13999,#13850,#14069,.T.);
#14069 = SURFACE_CURVE('',#14070,(#14074,#14081),.PCURVE_S1.);
#14070 = LINE('',#14071,#14072);
#14071 = CARTESIAN_POINT('',(14.347764535211,57.1,37.588852788417));
#14072 = VECTOR('',#14073,1.);
#14073 = DIRECTION('',(0.,0.,-1.));
#14074 = PCURVE('',#10303,#14075);
#14075 = DEFINITIONAL_REPRESENTATION('',(#14076),#14080);
#14076 = LINE('',#14077,#14078);
#14077 = CARTESIAN_POINT('',(0.,-19.15599257482));
#14078 = VECTOR('',#14079,1.);
#14079 = DIRECTION('',(0.,1.));
#14080 = ( GEOMETRIC_REPRESENTATION_CONTEXT(2) 
PARAMETRIC_REPRESENTATION_CONTEXT() REPRESENTATION_CONTEXT('2D SPACE',''
  ) );
#14081 = PCURVE('',#12904,#14082);
#14082 = DEFINITIONAL_REPRESENTATION('',(#14083),#14087);
#14083 = LINE('',#14084,#14085);
#14084 = CARTESIAN_POINT('',(19.15599257482,-1.));
#14085 = VECTOR('',#14086,1.);
#14086 = DIRECTION('',(-1.,0.));
#14087 = ( GEOMETRIC_REPRESENTATION_CONTEXT(2) 
PARAMETRIC_REPRESENTATION_CONTEXT() REPRESENTATION_CONTEXT('2D SPACE',''
  ) );
#14088 = ADVANCED_FACE('',(#14089),#10331,.T.);
#14089 = FACE_BOUND('',#14090,.T.);
#14090 = EDGE_LOOP('',(#14091,#14159,#14160,#14161));
#14091 = ORIENTED_EDGE('',*,*,#14092,.T.);
#14092 = EDGE_CURVE('',#14093,#10316,#14095,.T.);
#14093 = VERTEX_POINT('',#14094);
#14094 = CARTESIAN_POINT('',(12.4,57.1,52.4));
#14095 = SURFACE_CURVE('',#14096,(#14101,#14130),.PCURVE_S1.);
#14096 = ELLIPSE('',#14097,1.056069822856,1.);
#14097 = AXIS2_PLACEMENT_3D('',#14098,#14099,#14100);
#14098 = CARTESIAN_POINT('',(13.347193714136,57.1,52.867019848237));
#14099 = DIRECTION('',(0.442224404229,0.,-0.89690444101));
#14100 = DIRECTION('',(0.89690444101,0.,0.442224404229));
#14101 = PCURVE('',#10331,#14102);
#14102 = DEFINITIONAL_REPRESENTATION('',(#14103),#14129);
#14103 = B_SPLINE_CURVE_WITH_KNOTS('',3,(#14104,#14105,#14106,#14107,
    #14108,#14109,#14110,#14111,#14112,#14113,#14114,#14115,#14116,
    #14117,#14118,#14119,#14120,#14121,#14122,#14123,#14124,#14125,
    #14126,#14127,#14128),.UNSPECIFIED.,.F.,.F.,(4,1,1,1,1,1,1,1,1,1,1,1
    ,1,1,1,1,1,1,1,1,1,1,4),(3.14159265359,3.212992486626,3.284392319662
    ,3.355792152698,3.427191985734,3.49859181877,3.569991651807,
    3.641391484843,3.712791317879,3.784191150915,3.855590983951,
    3.926990816987,3.998390650023,4.06979048306,4.141190316096,
    4.212590149132,4.283989982168,4.355389815204,4.42678964824,
    4.498189481276,4.569589314312,4.640989147349,4.712388980385),
  .QUASI_UNIFORM_KNOTS.);
#14104 = CARTESIAN_POINT('',(0.,-14.93867023559));
#14105 = CARTESIAN_POINT('',(2.379994434538E-02,-14.93866950336));
#14106 = CARTESIAN_POINT('',(7.139983303614E-02,-14.93924779512));
#14107 = CARTESIAN_POINT('',(0.142799666072,-14.94184044087));
#14108 = CARTESIAN_POINT('',(0.214199499108,-14.94614766628));
#14109 = CARTESIAN_POINT('',(0.285599332145,-14.95214683059));
#14110 = CARTESIAN_POINT('',(0.356999165181,-14.95980754889));
#14111 = CARTESIAN_POINT('',(0.428398998217,-14.96909073423));
#14112 = CARTESIAN_POINT('',(0.499798831253,-14.97994909493));
#14113 = CARTESIAN_POINT('',(0.571198664289,-14.99232729571));
#14114 = CARTESIAN_POINT('',(0.642598497325,-15.00616226105));
#14115 = CARTESIAN_POINT('',(0.713998330361,-15.02138349088));
#14116 = CARTESIAN_POINT('',(0.785398163397,-15.03791342138));
#14117 = CARTESIAN_POINT('',(0.856797996434,-15.05566781979));
#14118 = CARTESIAN_POINT('',(0.92819782947,-15.07455621376));
#14119 = CARTESIAN_POINT('',(0.999597662506,-15.09448235237));
#14120 = CARTESIAN_POINT('',(1.070997495542,-15.11534469661));
#14121 = CARTESIAN_POINT('',(1.142397328578,-15.13703693666));
#14122 = CARTESIAN_POINT('',(1.213797161614,-15.15944853416));
#14123 = CARTESIAN_POINT('',(1.28519699465,-15.18246528357));
#14124 = CARTESIAN_POINT('',(1.356596827687,-15.20596990117));
#14125 = CARTESIAN_POINT('',(1.427996660723,-15.22984259659));
#14126 = CARTESIAN_POINT('',(1.499396493759,-15.25396178059));
#14127 = CARTESIAN_POINT('',(1.54699638245,-15.27012347444));
#14128 = CARTESIAN_POINT('',(1.570796326795,-15.27820443232));
#14129 = ( GEOMETRIC_REPRESENTATION_CONTEXT(2) 
PARAMETRIC_REPRESENTATION_CONTEXT() REPRESENTATION_CONTEXT('2D SPACE',''
  ) );
#14130 = PCURVE('',#10359,#14131);
#14131 = DEFINITIONAL_REPRESENTATION('',(#14132),#14158);
#14132 = B_SPLINE_CURVE_WITH_KNOTS('',3,(#14133,#14134,#14135,#14136,
    #14137,#14138,#14139,#14140,#14141,#14142,#14143,#14144,#14145,
    #14146,#14147,#14148,#14149,#14150,#14151,#14152,#14153,#14154,
    #14155,#14156,#14157),.UNSPECIFIED.,.F.,.F.,(4,1,1,1,1,1,1,1,1,1,1,1
    ,1,1,1,1,1,1,1,1,1,1,4),(3.14159265359,3.212992486626,3.284392319662
    ,3.355792152698,3.427191985734,3.49859181877,3.569991651807,
    3.641391484843,3.712791317879,3.784191150915,3.855590983951,
    3.926990816987,3.998390650023,4.06979048306,4.141190316096,
    4.212590149132,4.283989982168,4.355389815204,4.42678964824,
    4.498189481276,4.569589314312,4.640989147349,4.712388980385),
  .QUASI_UNIFORM_KNOTS.);
#14133 = CARTESIAN_POINT('',(0.,4.242640687119));
#14134 = CARTESIAN_POINT('',(2.379994434538E-02,4.242639954895));
#14135 = CARTESIAN_POINT('',(7.139983303614E-02,4.243218246655));
#14136 = CARTESIAN_POINT('',(0.142799666072,4.245810892395));
#14137 = CARTESIAN_POINT('',(0.214199499108,4.250118117808));
#14138 = CARTESIAN_POINT('',(0.285599332145,4.25611728212));
#14139 = CARTESIAN_POINT('',(0.356999165181,4.263778000423));
#14140 = CARTESIAN_POINT('',(0.428398998217,4.273061185759));
#14141 = CARTESIAN_POINT('',(0.499798831253,4.283919546459));
#14142 = CARTESIAN_POINT('',(0.571198664289,4.296297747239));
#14143 = CARTESIAN_POINT('',(0.642598497325,4.31013271258));
#14144 = CARTESIAN_POINT('',(0.713998330361,4.325353942414));
#14145 = CARTESIAN_POINT('',(0.785398163397,4.341883872911));
#14146 = CARTESIAN_POINT('',(0.856797996434,4.359638271316));
#14147 = CARTESIAN_POINT('',(0.92819782947,4.378526665291));
#14148 = CARTESIAN_POINT('',(0.999597662506,4.398452803902));
#14149 = CARTESIAN_POINT('',(1.070997495542,4.419315148138));
#14150 = CARTESIAN_POINT('',(1.142397328578,4.44100738819));
#14151 = CARTESIAN_POINT('',(1.213797161614,4.463418985688));
#14152 = CARTESIAN_POINT('',(1.28519699465,4.486435735102));
#14153 = CARTESIAN_POINT('',(1.356596827687,4.509940352702));
#14154 = CARTESIAN_POINT('',(1.427996660723,4.533813048119));
#14155 = CARTESIAN_POINT('',(1.499396493759,4.55793223212));
#14156 = CARTESIAN_POINT('',(1.54699638245,4.57409392597));
#14157 = CARTESIAN_POINT('',(1.570796326795,4.582174883845));
#14158 = ( GEOMETRIC_REPRESENTATION_CONTEXT(2) 
PARAMETRIC_REPRESENTATION_CONTEXT() REPRESENTATION_CONTEXT('2D SPACE',''
  ) );
#14159 = ORIENTED_EDGE('',*,*,#10315,.T.);
#14160 = ORIENTED_EDGE('',*,*,#13998,.F.);
#14161 = ORIENTED_EDGE('',*,*,#14162,.F.);
#14162 = EDGE_CURVE('',#14093,#13999,#14163,.T.);
#14163 = SURFACE_CURVE('',#14164,(#14168,#14175),.PCURVE_S1.);
#14164 = LINE('',#14165,#14166);
#14165 = CARTESIAN_POINT('',(12.4,57.1,52.4));
#14166 = VECTOR('',#14167,1.);
#14167 = DIRECTION('',(0.130384063942,0.,-0.991463562553));
#14168 = PCURVE('',#10331,#14169);
#14169 = DEFINITIONAL_REPRESENTATION('',(#14170),#14174);
#14170 = LINE('',#14171,#14172);
#14171 = CARTESIAN_POINT('',(0.,-14.93867023559));
#14172 = VECTOR('',#14173,1.);
#14173 = DIRECTION('',(0.,1.));
#14174 = ( GEOMETRIC_REPRESENTATION_CONTEXT(2) 
PARAMETRIC_REPRESENTATION_CONTEXT() REPRESENTATION_CONTEXT('2D SPACE',''
  ) );
#14175 = PCURVE('',#12805,#14176);
#14176 = DEFINITIONAL_REPRESENTATION('',(#14177),#14181);
#14177 = LINE('',#14178,#14179);
#14178 = CARTESIAN_POINT('',(14.938670235593,-1.));
#14179 = VECTOR('',#14180,1.);
#14180 = DIRECTION('',(-1.,0.));
#14181 = ( GEOMETRIC_REPRESENTATION_CONTEXT(2) 
PARAMETRIC_REPRESENTATION_CONTEXT() REPRESENTATION_CONTEXT('2D SPACE',''
  ) );
#14182 = ADVANCED_FACE('',(#14183),#10359,.T.);
#14183 = FACE_BOUND('',#14184,.T.);
#14184 = EDGE_LOOP('',(#14185,#14253,#14254,#14255));
#14185 = ORIENTED_EDGE('',*,*,#14186,.T.);
#14186 = EDGE_CURVE('',#14187,#10344,#14189,.T.);
#14187 = VERTEX_POINT('',#14188);
#14188 = CARTESIAN_POINT('',(9.4,57.1,55.4));
#14189 = SURFACE_CURVE('',#14190,(#14195,#14224),.PCURVE_S1.);
#14190 = ELLIPSE('',#14191,1.082392200292,1.);
#14191 = AXIS2_PLACEMENT_3D('',#14192,#14193,#14194);
#14192 = CARTESIAN_POINT('',(9.814213562373,57.1,56.4));
#14193 = DIRECTION('',(0.923879532511,0.,-0.382683432365));
#14194 = DIRECTION('',(0.382683432365,0.,0.923879532511));
#14195 = PCURVE('',#10359,#14196);
#14196 = DEFINITIONAL_REPRESENTATION('',(#14197),#14223);
#14197 = B_SPLINE_CURVE_WITH_KNOTS('',3,(#14198,#14199,#14200,#14201,
    #14202,#14203,#14204,#14205,#14206,#14207,#14208,#14209,#14210,
    #14211,#14212,#14213,#14214,#14215,#14216,#14217,#14218,#14219,
    #14220,#14221,#14222),.UNSPECIFIED.,.F.,.F.,(4,1,1,1,1,1,1,1,1,1,1,1
    ,1,1,1,1,1,1,1,1,1,1,4),(3.14159265359,3.212992486626,3.284392319662
    ,3.355792152698,3.427191985734,3.49859181877,3.569991651807,
    3.641391484843,3.712791317879,3.784191150915,3.855590983951,
    3.926990816987,3.998390650023,4.06979048306,4.141190316096,
    4.212590149132,4.283989982168,4.355389815204,4.42678964824,
    4.498189481276,4.569589314312,4.640989147349,4.712388980385),
  .QUASI_UNIFORM_KNOTS.);
#14198 = CARTESIAN_POINT('',(0.,1.758503553726E-14));
#14199 = CARTESIAN_POINT('',(2.379994434538E-02,8.932745436473E-07));
#14200 = CARTESIAN_POINT('',(7.139983303613E-02,-7.04591746914E-04));
#14201 = CARTESIAN_POINT('',(0.142799666072,-3.867480900336E-03));
#14202 = CARTESIAN_POINT('',(0.214199499108,-9.122065561565E-03));
#14203 = CARTESIAN_POINT('',(0.285599332145,-1.644072519815E-02));
#14204 = CARTESIAN_POINT('',(0.356999165181,-2.578639184739E-02));
#14205 = CARTESIAN_POINT('',(0.428398998217,-3.711138151092E-02));
#14206 = CARTESIAN_POINT('',(0.499798831253,-5.035800088134E-02));
#14207 = CARTESIAN_POINT('',(0.571198664289,-6.545874387016E-02));
#14208 = CARTESIAN_POINT('',(0.642598497325,-8.233666171877E-02));
#14209 = CARTESIAN_POINT('',(0.713998330361,-0.100905748114));
#14210 = CARTESIAN_POINT('',(0.785398163397,-0.121071379332));
#14211 = CARTESIAN_POINT('',(0.856797996434,-0.142730795915));
#14212 = CARTESIAN_POINT('',(0.92819782947,-0.16577362645));
#14213 = CARTESIAN_POINT('',(0.999597662506,-0.190082449945));
#14214 = CARTESIAN_POINT('',(1.070997495542,-0.215533394234));
#14215 = CARTESIAN_POINT('',(1.142397328578,-0.241996767039));
#14216 = CARTESIAN_POINT('',(1.213797161614,-0.269337717457));
#14217 = CARTESIAN_POINT('',(1.28519699465,-0.297416920851));
#14218 = CARTESIAN_POINT('',(1.356596827686,-0.326091297342));
#14219 = CARTESIAN_POINT('',(1.427996660723,-0.355214709085));
#14220 = CARTESIAN_POINT('',(1.499396493759,-0.384638823719));
#14221 = CARTESIAN_POINT('',(1.546996382449,-0.40435522592));
#14222 = CARTESIAN_POINT('',(1.570796326795,-0.414213562373));
#14223 = ( GEOMETRIC_REPRESENTATION_CONTEXT(2) 
PARAMETRIC_REPRESENTATION_CONTEXT() REPRESENTATION_CONTEXT('2D SPACE',''
  ) );
#14224 = PCURVE('',#10387,#14225);
#14225 = DEFINITIONAL_REPRESENTATION('',(#14226),#14252);
#14226 = B_SPLINE_CURVE_WITH_KNOTS('',3,(#14227,#14228,#14229,#14230,
    #14231,#14232,#14233,#14234,#14235,#14236,#14237,#14238,#14239,
    #14240,#14241,#14242,#14243,#14244,#14245,#14246,#14247,#14248,
    #14249,#14250,#14251),.UNSPECIFIED.,.F.,.F.,(4,1,1,1,1,1,1,1,1,1,1,1
    ,1,1,1,1,1,1,1,1,1,1,4),(3.14159265359,3.212992486626,3.284392319662
    ,3.355792152698,3.427191985734,3.49859181877,3.569991651807,
    3.641391484843,3.712791317879,3.784191150915,3.855590983951,
    3.926990816987,3.998390650023,4.06979048306,4.141190316096,
    4.212590149132,4.283989982168,4.355389815204,4.42678964824,
    4.498189481276,4.569589314312,4.640989147349,4.712388980385),
  .QUASI_UNIFORM_KNOTS.);
#14227 = CARTESIAN_POINT('',(0.,-3.552713678801E-15));
#14228 = CARTESIAN_POINT('',(2.379994434538E-02,-8.932745266439E-07));
#14229 = CARTESIAN_POINT('',(7.139983303614E-02,7.045917469311E-04));
#14230 = CARTESIAN_POINT('',(0.142799666072,3.867480900347E-03));
#14231 = CARTESIAN_POINT('',(0.214199499108,9.12206556158E-03));
#14232 = CARTESIAN_POINT('',(0.285599332145,1.644072519817E-02));
#14233 = CARTESIAN_POINT('',(0.356999165181,2.57863918474E-02));
#14234 = CARTESIAN_POINT('',(0.428398998217,3.711138151094E-02));
#14235 = CARTESIAN_POINT('',(0.499798831253,5.035800088135E-02));
#14236 = CARTESIAN_POINT('',(0.571198664289,6.545874387017E-02));
#14237 = CARTESIAN_POINT('',(0.642598497325,8.233666171879E-02));
#14238 = CARTESIAN_POINT('',(0.713998330361,0.100905748114));
#14239 = CARTESIAN_POINT('',(0.785398163397,0.121071379332));
#14240 = CARTESIAN_POINT('',(0.856797996434,0.142730795915));
#14241 = CARTESIAN_POINT('',(0.92819782947,0.16577362645));
#14242 = CARTESIAN_POINT('',(0.999597662506,0.190082449945));
#14243 = CARTESIAN_POINT('',(1.070997495542,0.215533394234));
#14244 = CARTESIAN_POINT('',(1.142397328578,0.241996767039));
#14245 = CARTESIAN_POINT('',(1.213797161614,0.269337717457));
#14246 = CARTESIAN_POINT('',(1.28519699465,0.297416920851));
#14247 = CARTESIAN_POINT('',(1.356596827687,0.326091297342));
#14248 = CARTESIAN_POINT('',(1.427996660723,0.355214709085));
#14249 = CARTESIAN_POINT('',(1.499396493759,0.384638823719));
#14250 = CARTESIAN_POINT('',(1.54699638245,0.40435522592));
#14251 = CARTESIAN_POINT('',(1.570796326795,0.414213562373));
#14252 = ( GEOMETRIC_REPRESENTATION_CONTEXT(2) 
PARAMETRIC_REPRESENTATION_CONTEXT() REPRESENTATION_CONTEXT('2D SPACE',''
  ) );
#14253 = ORIENTED_EDGE('',*,*,#10343,.T.);
#14254 = ORIENTED_EDGE('',*,*,#14092,.F.);
#14255 = ORIENTED_EDGE('',*,*,#14256,.F.);
#14256 = EDGE_CURVE('',#14187,#14093,#14257,.T.);
#14257 = SURFACE_CURVE('',#14258,(#14262,#14269),.PCURVE_S1.);
#14258 = LINE('',#14259,#14260);
#14259 = CARTESIAN_POINT('',(9.4,57.1,55.4));
#14260 = VECTOR('',#14261,1.);
#14261 = DIRECTION('',(0.707106781187,0.,-0.707106781187));
#14262 = PCURVE('',#10359,#14263);
#14263 = DEFINITIONAL_REPRESENTATION('',(#14264),#14268);
#14264 = LINE('',#14265,#14266);
#14265 = CARTESIAN_POINT('',(0.,2.13162820728E-14));
#14266 = VECTOR('',#14267,1.);
#14267 = DIRECTION('',(0.,1.));
#14268 = ( GEOMETRIC_REPRESENTATION_CONTEXT(2) 
PARAMETRIC_REPRESENTATION_CONTEXT() REPRESENTATION_CONTEXT('2D SPACE',''
  ) );
#14269 = PCURVE('',#12707,#14270);
#14270 = DEFINITIONAL_REPRESENTATION('',(#14271),#14275);
#14271 = LINE('',#14272,#14273);
#14272 = CARTESIAN_POINT('',(0.,-1.));
#14273 = VECTOR('',#14274,1.);
#14274 = DIRECTION('',(-1.,0.));
#14275 = ( GEOMETRIC_REPRESENTATION_CONTEXT(2) 
PARAMETRIC_REPRESENTATION_CONTEXT() REPRESENTATION_CONTEXT('2D SPACE',''
  ) );
#14276 = ADVANCED_FACE('',(#14277),#10387,.T.);
#14277 = FACE_BOUND('',#14278,.T.);
#14278 = EDGE_LOOP('',(#14279,#14280,#14281,#14309));
#14279 = ORIENTED_EDGE('',*,*,#10371,.T.);
#14280 = ORIENTED_EDGE('',*,*,#14186,.F.);
#14281 = ORIENTED_EDGE('',*,*,#14282,.F.);
#14282 = EDGE_CURVE('',#14283,#14187,#14285,.T.);
#14283 = VERTEX_POINT('',#14284);
#14284 = CARTESIAN_POINT('',(-9.4,57.1,55.4));
#14285 = SURFACE_CURVE('',#14286,(#14290,#14297),.PCURVE_S1.);
#14286 = LINE('',#14287,#14288);
#14287 = CARTESIAN_POINT('',(-9.4,57.1,55.4));
#14288 = VECTOR('',#14289,1.);
#14289 = DIRECTION('',(1.,0.,0.));
#14290 = PCURVE('',#10387,#14291);
#14291 = DEFINITIONAL_REPRESENTATION('',(#14292),#14296);
#14292 = LINE('',#14293,#14294);
#14293 = CARTESIAN_POINT('',(0.,-18.8));
#14294 = VECTOR('',#14295,1.);
#14295 = DIRECTION('',(0.,1.));
#14296 = ( GEOMETRIC_REPRESENTATION_CONTEXT(2) 
PARAMETRIC_REPRESENTATION_CONTEXT() REPRESENTATION_CONTEXT('2D SPACE',''
  ) );
#14297 = PCURVE('',#14298,#14303);
#14298 = PLANE('',#14299);
#14299 = AXIS2_PLACEMENT_3D('',#14300,#14301,#14302);
#14300 = CARTESIAN_POINT('',(9.4,58.1,55.4));
#14301 = DIRECTION('',(0.,0.,-1.));
#14302 = DIRECTION('',(-1.,0.,0.));
#14303 = DEFINITIONAL_REPRESENTATION('',(#14304),#14308);
#14304 = LINE('',#14305,#14306);
#14305 = CARTESIAN_POINT('',(18.8,-1.));
#14306 = VECTOR('',#14307,1.);
#14307 = DIRECTION('',(-1.,0.));
#14308 = ( GEOMETRIC_REPRESENTATION_CONTEXT(2) 
PARAMETRIC_REPRESENTATION_CONTEXT() REPRESENTATION_CONTEXT('2D SPACE',''
  ) );
#14309 = ORIENTED_EDGE('',*,*,#14310,.T.);
#14310 = EDGE_CURVE('',#14283,#10372,#14311,.T.);
#14311 = SURFACE_CURVE('',#14312,(#14317,#14346),.PCURVE_S1.);
#14312 = ELLIPSE('',#14313,1.082392200292,1.);
#14313 = AXIS2_PLACEMENT_3D('',#14314,#14315,#14316);
#14314 = CARTESIAN_POINT('',(-9.814213562373,57.1,56.4));
#14315 = DIRECTION('',(0.923879532511,0.,0.382683432365));
#14316 = DIRECTION('',(-0.382683432365,0.,0.923879532511));
#14317 = PCURVE('',#10387,#14318);
#14318 = DEFINITIONAL_REPRESENTATION('',(#14319),#14345);
#14319 = B_SPLINE_CURVE_WITH_KNOTS('',3,(#14320,#14321,#14322,#14323,
    #14324,#14325,#14326,#14327,#14328,#14329,#14330,#14331,#14332,
    #14333,#14334,#14335,#14336,#14337,#14338,#14339,#14340,#14341,
    #14342,#14343,#14344),.UNSPECIFIED.,.F.,.F.,(4,1,1,1,1,1,1,1,1,1,1,1
    ,1,1,1,1,1,1,1,1,1,1,4),(3.14159265359,3.212992486626,3.284392319662
    ,3.355792152698,3.427191985734,3.49859181877,3.569991651807,
    3.641391484843,3.712791317879,3.784191150915,3.855590983951,
    3.926990816987,3.998390650023,4.06979048306,4.141190316096,
    4.212590149132,4.283989982168,4.355389815204,4.42678964824,
    4.498189481276,4.569589314312,4.640989147349,4.712388980385),
  .QUASI_UNIFORM_KNOTS.);
#14320 = CARTESIAN_POINT('',(0.,-18.8));
#14321 = CARTESIAN_POINT('',(2.379994434538E-02,-18.79999910672));
#14322 = CARTESIAN_POINT('',(7.139983303614E-02,-18.80070459174));
#14323 = CARTESIAN_POINT('',(0.142799666072,-18.8038674809));
#14324 = CARTESIAN_POINT('',(0.214199499108,-18.80912206556));
#14325 = CARTESIAN_POINT('',(0.285599332145,-18.81644072519));
#14326 = CARTESIAN_POINT('',(0.356999165181,-18.82578639184));
#14327 = CARTESIAN_POINT('',(0.428398998217,-18.83711138151));
#14328 = CARTESIAN_POINT('',(0.499798831253,-18.85035800088));
#14329 = CARTESIAN_POINT('',(0.571198664289,-18.86545874387));
#14330 = CARTESIAN_POINT('',(0.642598497325,-18.88233666171));
#14331 = CARTESIAN_POINT('',(0.713998330361,-18.90090574811));
#14332 = CARTESIAN_POINT('',(0.785398163397,-18.92107137933));
#14333 = CARTESIAN_POINT('',(0.856797996434,-18.94273079591));
#14334 = CARTESIAN_POINT('',(0.92819782947,-18.96577362645));
#14335 = CARTESIAN_POINT('',(0.999597662506,-18.99008244994));
#14336 = CARTESIAN_POINT('',(1.070997495542,-19.01553339423));
#14337 = CARTESIAN_POINT('',(1.142397328578,-19.04199676703));
#14338 = CARTESIAN_POINT('',(1.213797161614,-19.06933771745));
#14339 = CARTESIAN_POINT('',(1.28519699465,-19.09741692085));
#14340 = CARTESIAN_POINT('',(1.356596827687,-19.12609129734));
#14341 = CARTESIAN_POINT('',(1.427996660723,-19.15521470908));
#14342 = CARTESIAN_POINT('',(1.499396493759,-19.18463882371));
#14343 = CARTESIAN_POINT('',(1.54699638245,-19.20435522592));
#14344 = CARTESIAN_POINT('',(1.570796326795,-19.21421356237));
#14345 = ( GEOMETRIC_REPRESENTATION_CONTEXT(2) 
PARAMETRIC_REPRESENTATION_CONTEXT() REPRESENTATION_CONTEXT('2D SPACE',''
  ) );
#14346 = PCURVE('',#10415,#14347);
#14347 = DEFINITIONAL_REPRESENTATION('',(#14348),#14374);
#14348 = B_SPLINE_CURVE_WITH_KNOTS('',3,(#14349,#14350,#14351,#14352,
    #14353,#14354,#14355,#14356,#14357,#14358,#14359,#14360,#14361,
    #14362,#14363,#14364,#14365,#14366,#14367,#14368,#14369,#14370,
    #14371,#14372,#14373),.UNSPECIFIED.,.F.,.F.,(4,1,1,1,1,1,1,1,1,1,1,1
    ,1,1,1,1,1,1,1,1,1,1,4),(3.14159265359,3.212992486626,3.284392319662
    ,3.355792152698,3.427191985734,3.49859181877,3.569991651807,
    3.641391484843,3.712791317879,3.784191150915,3.855590983951,
    3.926990816987,3.998390650023,4.06979048306,4.141190316096,
    4.212590149132,4.283989982168,4.355389815204,4.42678964824,
    4.498189481276,4.569589314312,4.640989147349,4.712388980385),
  .QUASI_UNIFORM_KNOTS.);
#14349 = CARTESIAN_POINT('',(0.,-1.758503553726E-14));
#14350 = CARTESIAN_POINT('',(2.379994434538E-02,-8.932745436473E-07));
#14351 = CARTESIAN_POINT('',(7.139983303613E-02,7.04591746914E-04));
#14352 = CARTESIAN_POINT('',(0.142799666072,3.867480900336E-03));
#14353 = CARTESIAN_POINT('',(0.214199499108,9.122065561565E-03));
#14354 = CARTESIAN_POINT('',(0.285599332145,1.644072519815E-02));
#14355 = CARTESIAN_POINT('',(0.356999165181,2.578639184739E-02));
#14356 = CARTESIAN_POINT('',(0.428398998217,3.711138151092E-02));
#14357 = CARTESIAN_POINT('',(0.499798831253,5.035800088134E-02));
#14358 = CARTESIAN_POINT('',(0.571198664289,6.545874387016E-02));
#14359 = CARTESIAN_POINT('',(0.642598497325,8.233666171877E-02));
#14360 = CARTESIAN_POINT('',(0.713998330361,0.100905748114));
#14361 = CARTESIAN_POINT('',(0.785398163397,0.121071379332));
#14362 = CARTESIAN_POINT('',(0.856797996434,0.142730795915));
#14363 = CARTESIAN_POINT('',(0.92819782947,0.16577362645));
#14364 = CARTESIAN_POINT('',(0.999597662506,0.190082449945));
#14365 = CARTESIAN_POINT('',(1.070997495542,0.215533394234));
#14366 = CARTESIAN_POINT('',(1.142397328578,0.241996767039));
#14367 = CARTESIAN_POINT('',(1.213797161614,0.269337717457));
#14368 = CARTESIAN_POINT('',(1.28519699465,0.297416920851));
#14369 = CARTESIAN_POINT('',(1.356596827686,0.326091297342));
#14370 = CARTESIAN_POINT('',(1.427996660723,0.355214709085));
#14371 = CARTESIAN_POINT('',(1.499396493759,0.384638823719));
#14372 = CARTESIAN_POINT('',(1.546996382449,0.40435522592));
#14373 = CARTESIAN_POINT('',(1.570796326795,0.414213562373));
#14374 = ( GEOMETRIC_REPRESENTATION_CONTEXT(2) 
PARAMETRIC_REPRESENTATION_CONTEXT() REPRESENTATION_CONTEXT('2D SPACE',''
  ) );
#14375 = ADVANCED_FACE('',(#14376),#10415,.T.);
#14376 = FACE_BOUND('',#14377,.T.);
#14377 = EDGE_LOOP('',(#14378,#14379,#14402,#14468));
#14378 = ORIENTED_EDGE('',*,*,#14310,.F.);
#14379 = ORIENTED_EDGE('',*,*,#14380,.T.);
#14380 = EDGE_CURVE('',#14283,#14381,#14383,.T.);
#14381 = VERTEX_POINT('',#14382);
#14382 = CARTESIAN_POINT('',(-12.4,57.1,52.4));
#14383 = SURFACE_CURVE('',#14384,(#14388,#14395),.PCURVE_S1.);
#14384 = LINE('',#14385,#14386);
#14385 = CARTESIAN_POINT('',(-9.4,57.1,55.4));
#14386 = VECTOR('',#14387,1.);
#14387 = DIRECTION('',(-0.707106781187,0.,-0.707106781187));
#14388 = PCURVE('',#10415,#14389);
#14389 = DEFINITIONAL_REPRESENTATION('',(#14390),#14394);
#14390 = LINE('',#14391,#14392);
#14391 = CARTESIAN_POINT('',(0.,-2.13162820728E-14));
#14392 = VECTOR('',#14393,1.);
#14393 = DIRECTION('',(0.,-1.));
#14394 = ( GEOMETRIC_REPRESENTATION_CONTEXT(2) 
PARAMETRIC_REPRESENTATION_CONTEXT() REPRESENTATION_CONTEXT('2D SPACE',''
  ) );
#14395 = PCURVE('',#13468,#14396);
#14396 = DEFINITIONAL_REPRESENTATION('',(#14397),#14401);
#14397 = LINE('',#14398,#14399);
#14398 = CARTESIAN_POINT('',(0.,-1.));
#14399 = VECTOR('',#14400,1.);
#14400 = DIRECTION('',(-1.,0.));
#14401 = ( GEOMETRIC_REPRESENTATION_CONTEXT(2) 
PARAMETRIC_REPRESENTATION_CONTEXT() REPRESENTATION_CONTEXT('2D SPACE',''
  ) );
#14402 = ORIENTED_EDGE('',*,*,#14403,.T.);
#14403 = EDGE_CURVE('',#14381,#10400,#14404,.T.);
#14404 = SURFACE_CURVE('',#14405,(#14410,#14439),.PCURVE_S1.);
#14405 = ELLIPSE('',#14406,1.056069822856,1.);
#14406 = AXIS2_PLACEMENT_3D('',#14407,#14408,#14409);
#14407 = CARTESIAN_POINT('',(-13.34719371413,57.1,52.867019848237));
#14408 = DIRECTION('',(0.442224404229,0.,0.89690444101));
#14409 = DIRECTION('',(-0.89690444101,0.,0.442224404229));
#14410 = PCURVE('',#10415,#14411);
#14411 = DEFINITIONAL_REPRESENTATION('',(#14412),#14438);
#14412 = B_SPLINE_CURVE_WITH_KNOTS('',3,(#14413,#14414,#14415,#14416,
    #14417,#14418,#14419,#14420,#14421,#14422,#14423,#14424,#14425,
    #14426,#14427,#14428,#14429,#14430,#14431,#14432,#14433,#14434,
    #14435,#14436,#14437),.UNSPECIFIED.,.F.,.F.,(4,1,1,1,1,1,1,1,1,1,1,1
    ,1,1,1,1,1,1,1,1,1,1,4),(3.14159265359,3.212992486626,3.284392319662
    ,3.355792152698,3.427191985734,3.49859181877,3.569991651807,
    3.641391484843,3.712791317879,3.784191150915,3.855590983951,
    3.926990816987,3.998390650023,4.06979048306,4.141190316096,
    4.212590149132,4.283989982168,4.355389815204,4.42678964824,
    4.498189481276,4.569589314312,4.640989147349,4.712388980385),
  .QUASI_UNIFORM_KNOTS.);
#14413 = CARTESIAN_POINT('',(0.,-4.242640687119));
#14414 = CARTESIAN_POINT('',(2.379994434538E-02,-4.242639954895));
#14415 = CARTESIAN_POINT('',(7.139983303614E-02,-4.243218246655));
#14416 = CARTESIAN_POINT('',(0.142799666072,-4.245810892395));
#14417 = CARTESIAN_POINT('',(0.214199499108,-4.250118117808));
#14418 = CARTESIAN_POINT('',(0.285599332145,-4.25611728212));
#14419 = CARTESIAN_POINT('',(0.356999165181,-4.263778000423));
#14420 = CARTESIAN_POINT('',(0.428398998217,-4.273061185759));
#14421 = CARTESIAN_POINT('',(0.499798831253,-4.283919546459));
#14422 = CARTESIAN_POINT('',(0.571198664289,-4.296297747239));
#14423 = CARTESIAN_POINT('',(0.642598497325,-4.31013271258));
#14424 = CARTESIAN_POINT('',(0.713998330361,-4.325353942414));
#14425 = CARTESIAN_POINT('',(0.785398163397,-4.341883872911));
#14426 = CARTESIAN_POINT('',(0.856797996434,-4.359638271316));
#14427 = CARTESIAN_POINT('',(0.92819782947,-4.378526665291));
#14428 = CARTESIAN_POINT('',(0.999597662506,-4.398452803902));
#14429 = CARTESIAN_POINT('',(1.070997495542,-4.419315148138));
#14430 = CARTESIAN_POINT('',(1.142397328578,-4.44100738819));
#14431 = CARTESIAN_POINT('',(1.213797161614,-4.463418985688));
#14432 = CARTESIAN_POINT('',(1.28519699465,-4.486435735102));
#14433 = CARTESIAN_POINT('',(1.356596827687,-4.509940352702));
#14434 = CARTESIAN_POINT('',(1.427996660723,-4.533813048119));
#14435 = CARTESIAN_POINT('',(1.499396493759,-4.55793223212));
#14436 = CARTESIAN_POINT('',(1.54699638245,-4.57409392597));
#14437 = CARTESIAN_POINT('',(1.570796326795,-4.582174883845));
#14438 = ( GEOMETRIC_REPRESENTATION_CONTEXT(2) 
PARAMETRIC_REPRESENTATION_CONTEXT() REPRESENTATION_CONTEXT('2D SPACE',''
  ) );
#14439 = PCURVE('',#10443,#14440);
#14440 = DEFINITIONAL_REPRESENTATION('',(#14441),#14467);
#14441 = B_SPLINE_CURVE_WITH_KNOTS('',3,(#14442,#14443,#14444,#14445,
    #14446,#14447,#14448,#14449,#14450,#14451,#14452,#14453,#14454,
    #14455,#14456,#14457,#14458,#14459,#14460,#14461,#14462,#14463,
    #14464,#14465,#14466),.UNSPECIFIED.,.F.,.F.,(4,1,1,1,1,1,1,1,1,1,1,1
    ,1,1,1,1,1,1,1,1,1,1,4),(3.14159265359,3.212992486626,3.284392319662
    ,3.355792152698,3.427191985734,3.49859181877,3.569991651807,
    3.641391484843,3.712791317879,3.784191150915,3.855590983951,
    3.926990816987,3.998390650023,4.06979048306,4.141190316096,
    4.212590149132,4.283989982168,4.355389815204,4.42678964824,
    4.498189481276,4.569589314312,4.640989147349,4.712388980385),
  .QUASI_UNIFORM_KNOTS.);
#14442 = CARTESIAN_POINT('',(0.,14.938670235594));
#14443 = CARTESIAN_POINT('',(2.379994434538E-02,14.938669503369));
#14444 = CARTESIAN_POINT('',(7.139983303614E-02,14.939247795129));
#14445 = CARTESIAN_POINT('',(0.142799666072,14.94184044087));
#14446 = CARTESIAN_POINT('',(0.214199499108,14.946147666282));
#14447 = CARTESIAN_POINT('',(0.285599332145,14.952146830594));
#14448 = CARTESIAN_POINT('',(0.356999165181,14.959807548897));
#14449 = CARTESIAN_POINT('',(0.428398998217,14.969090734233));
#14450 = CARTESIAN_POINT('',(0.499798831253,14.979949094934));
#14451 = CARTESIAN_POINT('',(0.571198664289,14.992327295713));
#14452 = CARTESIAN_POINT('',(0.642598497325,15.006162261054));
#14453 = CARTESIAN_POINT('',(0.713998330361,15.021383490888));
#14454 = CARTESIAN_POINT('',(0.785398163397,15.037913421385));
#14455 = CARTESIAN_POINT('',(0.856797996434,15.05566781979));
#14456 = CARTESIAN_POINT('',(0.92819782947,15.074556213765));
#14457 = CARTESIAN_POINT('',(0.999597662506,15.094482352377));
#14458 = CARTESIAN_POINT('',(1.070997495542,15.115344696612));
#14459 = CARTESIAN_POINT('',(1.142397328578,15.137036936664));
#14460 = CARTESIAN_POINT('',(1.213797161614,15.159448534162));
#14461 = CARTESIAN_POINT('',(1.28519699465,15.182465283577));
#14462 = CARTESIAN_POINT('',(1.356596827687,15.205969901176));
#14463 = CARTESIAN_POINT('',(1.427996660723,15.229842596594));
#14464 = CARTESIAN_POINT('',(1.499396493759,15.253961780595));
#14465 = CARTESIAN_POINT('',(1.54699638245,15.270123474445));
#14466 = CARTESIAN_POINT('',(1.570796326795,15.27820443232));
#14467 = ( GEOMETRIC_REPRESENTATION_CONTEXT(2) 
PARAMETRIC_REPRESENTATION_CONTEXT() REPRESENTATION_CONTEXT('2D SPACE',''
  ) );
#14468 = ORIENTED_EDGE('',*,*,#10399,.F.);
#14469 = ADVANCED_FACE('',(#14470),#10443,.T.);
#14470 = FACE_BOUND('',#14471,.T.);
#14471 = EDGE_LOOP('',(#14472,#14473,#14496,#14562));
#14472 = ORIENTED_EDGE('',*,*,#14403,.F.);
#14473 = ORIENTED_EDGE('',*,*,#14474,.T.);
#14474 = EDGE_CURVE('',#14381,#14475,#14477,.T.);
#14475 = VERTEX_POINT('',#14476);
#14476 = CARTESIAN_POINT('',(-14.34776453521,57.1,37.588852788417));
#14477 = SURFACE_CURVE('',#14478,(#14482,#14489),.PCURVE_S1.);
#14478 = LINE('',#14479,#14480);
#14479 = CARTESIAN_POINT('',(-12.4,57.1,52.4));
#14480 = VECTOR('',#14481,1.);
#14481 = DIRECTION('',(-0.130384063942,0.,-0.991463562553));
#14482 = PCURVE('',#10443,#14483);
#14483 = DEFINITIONAL_REPRESENTATION('',(#14484),#14488);
#14484 = LINE('',#14485,#14486);
#14485 = CARTESIAN_POINT('',(0.,14.938670235593));
#14486 = VECTOR('',#14487,1.);
#14487 = DIRECTION('',(0.,-1.));
#14488 = ( GEOMETRIC_REPRESENTATION_CONTEXT(2) 
PARAMETRIC_REPRESENTATION_CONTEXT() REPRESENTATION_CONTEXT('2D SPACE',''
  ) );
#14489 = PCURVE('',#13434,#14490);
#14490 = DEFINITIONAL_REPRESENTATION('',(#14491),#14495);
#14491 = LINE('',#14492,#14493);
#14492 = CARTESIAN_POINT('',(14.938670235593,-1.));
#14493 = VECTOR('',#14494,1.);
#14494 = DIRECTION('',(-1.,0.));
#14495 = ( GEOMETRIC_REPRESENTATION_CONTEXT(2) 
PARAMETRIC_REPRESENTATION_CONTEXT() REPRESENTATION_CONTEXT('2D SPACE',''
  ) );
#14496 = ORIENTED_EDGE('',*,*,#14497,.T.);
#14497 = EDGE_CURVE('',#14475,#10428,#14498,.T.);
#14498 = SURFACE_CURVE('',#14499,(#14504,#14533),.PCURVE_S1.);
#14499 = ELLIPSE('',#14500,1.002140965386,1.);
#14500 = AXIS2_PLACEMENT_3D('',#14501,#14502,#14503);
#14501 = CARTESIAN_POINT('',(-15.34776453521,57.1,37.654324266979));
#14502 = DIRECTION('',(6.533160585506E-02,0.,0.997863608554));
#14503 = DIRECTION('',(-0.997863608554,0.,6.533160585506E-02));
#14504 = PCURVE('',#10443,#14505);
#14505 = DEFINITIONAL_REPRESENTATION('',(#14506),#14532);
#14506 = B_SPLINE_CURVE_WITH_KNOTS('',3,(#14507,#14508,#14509,#14510,
    #14511,#14512,#14513,#14514,#14515,#14516,#14517,#14518,#14519,
    #14520,#14521,#14522,#14523,#14524,#14525,#14526,#14527,#14528,
    #14529,#14530,#14531),.UNSPECIFIED.,.F.,.F.,(4,1,1,1,1,1,1,1,1,1,1,1
    ,1,1,1,1,1,1,1,1,1,1,4),(3.14159265359,3.212992486626,3.284392319662
    ,3.355792152698,3.427191985734,3.49859181877,3.569991651807,
    3.641391484843,3.712791317879,3.784191150915,3.855590983951,
    3.926990816987,3.998390650023,4.06979048306,4.141190316096,
    4.212590149132,4.283989982168,4.355389815204,4.42678964824,
    4.498189481276,4.569589314312,4.640989147349,4.712388980385),
  .QUASI_UNIFORM_KNOTS.);
#14507 = CARTESIAN_POINT('',(0.,9.839520387625E-14));
#14508 = CARTESIAN_POINT('',(2.379994434538E-02,1.411929709684E-07));
#14509 = CARTESIAN_POINT('',(7.139983303614E-02,-1.113692732566E-04));
#14510 = CARTESIAN_POINT('',(0.142799666072,-6.113022745129E-04));
#14511 = CARTESIAN_POINT('',(0.214199499108,-1.441853126185E-03));
#14512 = CARTESIAN_POINT('',(0.285599332145,-2.598656068009E-03));
#14513 = CARTESIAN_POINT('',(0.356999165181,-4.075852058802E-03));
#14514 = CARTESIAN_POINT('',(0.428398998217,-5.865904064155E-03));
#14515 = CARTESIAN_POINT('',(0.499798831253,-7.959692956904E-03));
#14516 = CARTESIAN_POINT('',(0.571198664289,-1.034654858084E-02));
#14517 = CARTESIAN_POINT('',(0.642598497325,-1.301430825116E-02));
#14518 = CARTESIAN_POINT('',(0.713998330361,-1.594937762667E-02));
#14519 = CARTESIAN_POINT('',(0.785398163397,-1.913680027986E-02));
#14520 = CARTESIAN_POINT('',(0.856797996434,-2.256033383193E-02));
#14521 = CARTESIAN_POINT('',(0.92819782947,-2.620253274187E-02));
#14522 = CARTESIAN_POINT('',(0.999597662506,-3.004483719748E-02));
#14523 = CARTESIAN_POINT('',(1.070997495542,-3.40676677004E-02));
#14524 = CARTESIAN_POINT('',(1.142397328578,-3.825052481235E-02));
#14525 = CARTESIAN_POINT('',(1.213797161614,-4.257209371247E-02));
#14526 = CARTESIAN_POINT('',(1.28519699465,-4.701035245163E-02));
#14527 = CARTESIAN_POINT('',(1.356596827687,-5.15426855189E-02));
#14528 = CARTESIAN_POINT('',(1.427996660723,-5.614599405538E-02));
#14529 = CARTESIAN_POINT('',(1.499396493759,-6.079683233168E-02));
#14530 = CARTESIAN_POINT('',(1.54699638245,-6.391324888891E-02));
#14531 = CARTESIAN_POINT('',(1.570796326795,-6.547147856172E-02));
#14532 = ( GEOMETRIC_REPRESENTATION_CONTEXT(2) 
PARAMETRIC_REPRESENTATION_CONTEXT() REPRESENTATION_CONTEXT('2D SPACE',''
  ) );
#14533 = PCURVE('',#10471,#14534);
#14534 = DEFINITIONAL_REPRESENTATION('',(#14535),#14561);
#14535 = B_SPLINE_CURVE_WITH_KNOTS('',3,(#14536,#14537,#14538,#14539,
    #14540,#14541,#14542,#14543,#14544,#14545,#14546,#14547,#14548,
    #14549,#14550,#14551,#14552,#14553,#14554,#14555,#14556,#14557,
    #14558,#14559,#14560),.UNSPECIFIED.,.F.,.F.,(4,1,1,1,1,1,1,1,1,1,1,1
    ,1,1,1,1,1,1,1,1,1,1,4),(3.14159265359,3.212992486626,3.284392319662
    ,3.355792152698,3.427191985734,3.49859181877,3.569991651807,
    3.641391484843,3.712791317879,3.784191150915,3.855590983951,
    3.926990816987,3.998390650023,4.06979048306,4.141190316096,
    4.212590149132,4.283989982168,4.355389815204,4.42678964824,
    4.498189481276,4.569589314312,4.640989147349,4.712388980385),
  .QUASI_UNIFORM_KNOTS.);
#14536 = CARTESIAN_POINT('',(0.,19.15599257482));
#14537 = CARTESIAN_POINT('',(2.379994434538E-02,19.155992433627));
#14538 = CARTESIAN_POINT('',(7.139983303614E-02,19.156103944093));
#14539 = CARTESIAN_POINT('',(0.142799666072,19.156603877094));
#14540 = CARTESIAN_POINT('',(0.214199499108,19.157434427946));
#14541 = CARTESIAN_POINT('',(0.285599332145,19.158591230888));
#14542 = CARTESIAN_POINT('',(0.356999165181,19.160068426879));
#14543 = CARTESIAN_POINT('',(0.428398998217,19.161858478884));
#14544 = CARTESIAN_POINT('',(0.499798831253,19.163952267777));
#14545 = CARTESIAN_POINT('',(0.571198664289,19.166339123401));
#14546 = CARTESIAN_POINT('',(0.642598497325,19.169006883071));
#14547 = CARTESIAN_POINT('',(0.713998330361,19.171941952446));
#14548 = CARTESIAN_POINT('',(0.785398163397,19.1751293751));
#14549 = CARTESIAN_POINT('',(0.856797996434,19.178552908652));
#14550 = CARTESIAN_POINT('',(0.92819782947,19.182195107562));
#14551 = CARTESIAN_POINT('',(0.999597662506,19.186037412017));
#14552 = CARTESIAN_POINT('',(1.070997495542,19.19006024252));
#14553 = CARTESIAN_POINT('',(1.142397328578,19.194243099632));
#14554 = CARTESIAN_POINT('',(1.213797161614,19.198564668532));
#14555 = CARTESIAN_POINT('',(1.28519699465,19.203002927271));
#14556 = CARTESIAN_POINT('',(1.356596827687,19.207535260339));
#14557 = CARTESIAN_POINT('',(1.427996660723,19.212138568875));
#14558 = CARTESIAN_POINT('',(1.499396493759,19.216789407151));
#14559 = CARTESIAN_POINT('',(1.54699638245,19.219905823709));
#14560 = CARTESIAN_POINT('',(1.570796326795,19.221464053381));
#14561 = ( GEOMETRIC_REPRESENTATION_CONTEXT(2) 
PARAMETRIC_REPRESENTATION_CONTEXT() REPRESENTATION_CONTEXT('2D SPACE',''
  ) );
#14562 = ORIENTED_EDGE('',*,*,#10427,.F.);
#14563 = ADVANCED_FACE('',(#14564),#10471,.T.);
#14564 = FACE_BOUND('',#14565,.T.);
#14565 = EDGE_LOOP('',(#14566,#14567,#14588,#14654));
#14566 = ORIENTED_EDGE('',*,*,#14497,.F.);
#14567 = ORIENTED_EDGE('',*,*,#14568,.T.);
#14568 = EDGE_CURVE('',#14475,#13729,#14569,.T.);
#14569 = SURFACE_CURVE('',#14570,(#14574,#14581),.PCURVE_S1.);
#14570 = LINE('',#14571,#14572);
#14571 = CARTESIAN_POINT('',(-14.34776453521,57.1,37.588852788417));
#14572 = VECTOR('',#14573,1.);
#14573 = DIRECTION('',(0.,0.,-1.));
#14574 = PCURVE('',#10471,#14575);
#14575 = DEFINITIONAL_REPRESENTATION('',(#14576),#14580);
#14576 = LINE('',#14577,#14578);
#14577 = CARTESIAN_POINT('',(0.,19.15599257482));
#14578 = VECTOR('',#14579,1.);
#14579 = DIRECTION('',(0.,-1.));
#14580 = ( GEOMETRIC_REPRESENTATION_CONTEXT(2) 
PARAMETRIC_REPRESENTATION_CONTEXT() REPRESENTATION_CONTEXT('2D SPACE',''
  ) );
#14581 = PCURVE('',#13335,#14582);
#14582 = DEFINITIONAL_REPRESENTATION('',(#14583),#14587);
#14583 = LINE('',#14584,#14585);
#14584 = CARTESIAN_POINT('',(19.15599257482,-1.));
#14585 = VECTOR('',#14586,1.);
#14586 = DIRECTION('',(-1.,0.));
#14587 = ( GEOMETRIC_REPRESENTATION_CONTEXT(2) 
PARAMETRIC_REPRESENTATION_CONTEXT() REPRESENTATION_CONTEXT('2D SPACE',''
  ) );
#14588 = ORIENTED_EDGE('',*,*,#14589,.T.);
#14589 = EDGE_CURVE('',#13729,#10456,#14590,.T.);
#14590 = SURFACE_CURVE('',#14591,(#14596,#14625),.PCURVE_S1.);
#14591 = ELLIPSE('',#14592,1.480187232922,1.);
#14592 = AXIS2_PLACEMENT_3D('',#14593,#14594,#14595);
#14593 = CARTESIAN_POINT('',(-15.34776453521,57.1,19.524168714667));
#14594 = DIRECTION('',(0.73727733681,0.,0.675590207616));
#14595 = DIRECTION('',(-0.675590207616,0.,0.73727733681));
#14596 = PCURVE('',#10471,#14597);
#14597 = DEFINITIONAL_REPRESENTATION('',(#14598),#14624);
#14598 = B_SPLINE_CURVE_WITH_KNOTS('',3,(#14599,#14600,#14601,#14602,
    #14603,#14604,#14605,#14606,#14607,#14608,#14609,#14610,#14611,
    #14612,#14613,#14614,#14615,#14616,#14617,#14618,#14619,#14620,
    #14621,#14622,#14623),.UNSPECIFIED.,.F.,.F.,(4,1,1,1,1,1,1,1,1,1,1,1
    ,1,1,1,1,1,1,1,1,1,1,4),(3.14159265359,3.212992486626,3.284392319662
    ,3.355792152698,3.427191985734,3.49859181877,3.569991651807,
    3.641391484843,3.712791317879,3.784191150915,3.855590983951,
    3.926990816987,3.998390650023,4.06979048306,4.141190316096,
    4.212590149132,4.283989982168,4.355389815204,4.42678964824,
    4.498189481276,4.569589314312,4.640989147349,4.712388980385),
  .QUASI_UNIFORM_KNOTS.);
#14599 = CARTESIAN_POINT('',(0.,2.84217094304E-14));
#14600 = CARTESIAN_POINT('',(2.379994434538E-02,-2.353467290285E-06));
#14601 = CARTESIAN_POINT('',(7.139983303614E-02,1.856353903089E-03));
#14602 = CARTESIAN_POINT('',(0.142799666072,1.018946545379E-02));
#14603 = CARTESIAN_POINT('',(0.214199499108,2.403346630574E-02));
#14604 = CARTESIAN_POINT('',(0.285599332145,4.33155859739E-02));
#14605 = CARTESIAN_POINT('',(0.356999165181,6.793816328408E-02));
#14606 = CARTESIAN_POINT('',(0.428398998217,9.777556750507E-02));
#14607 = CARTESIAN_POINT('',(0.499798831253,0.132675796861));
#14608 = CARTESIAN_POINT('',(0.571198664289,0.172460996317));
#14609 = CARTESIAN_POINT('',(0.642598497325,0.216928432687));
#14610 = CARTESIAN_POINT('',(0.713998330361,0.265851509286));
#14611 = CARTESIAN_POINT('',(0.785398163397,0.31898092555));
#14612 = CARTESIAN_POINT('',(0.856797996434,0.376045946093));
#14613 = CARTESIAN_POINT('',(0.92819782947,0.436755780669));
#14614 = CARTESIAN_POINT('',(0.999597662506,0.500801065857));
#14615 = CARTESIAN_POINT('',(1.070997495542,0.567855441634));
#14616 = CARTESIAN_POINT('',(1.142397328578,0.637577214004));
#14617 = CARTESIAN_POINT('',(1.213797161614,0.7096110978));
#14618 = CARTESIAN_POINT('',(1.28519699465,0.783590021117));
#14619 = CARTESIAN_POINT('',(1.356596827687,0.859137018293));
#14620 = CARTESIAN_POINT('',(1.427996660723,0.935867066999));
#14621 = CARTESIAN_POINT('',(1.499396493759,1.013389363112));
#14622 = CARTESIAN_POINT('',(1.54699638245,1.065335217345));
#14623 = CARTESIAN_POINT('',(1.570796326795,1.091308501069));
#14624 = ( GEOMETRIC_REPRESENTATION_CONTEXT(2) 
PARAMETRIC_REPRESENTATION_CONTEXT() REPRESENTATION_CONTEXT('2D SPACE',''
  ) );
#14625 = PCURVE('',#10499,#14626);
#14626 = DEFINITIONAL_REPRESENTATION('',(#14627),#14653);
#14627 = B_SPLINE_CURVE_WITH_KNOTS('',3,(#14628,#14629,#14630,#14631,
    #14632,#14633,#14634,#14635,#14636,#14637,#14638,#14639,#14640,
    #14641,#14642,#14643,#14644,#14645,#14646,#14647,#14648,#14649,
    #14650,#14651,#14652),.UNSPECIFIED.,.F.,.F.,(4,1,1,1,1,1,1,1,1,1,1,1
    ,1,1,1,1,1,1,1,1,1,1,4),(3.14159265359,3.212992486626,3.284392319662
    ,3.355792152698,3.427191985734,3.49859181877,3.569991651807,
    3.641391484843,3.712791317879,3.784191150915,3.855590983951,
    3.926990816987,3.998390650023,4.06979048306,4.141190316096,
    4.212590149132,4.283989982168,4.355389815204,4.42678964824,
    4.498189481276,4.569589314312,4.640989147349,4.712388980385),
  .QUASI_UNIFORM_KNOTS.);
#14628 = CARTESIAN_POINT('',(0.,2.5));
#14629 = CARTESIAN_POINT('',(2.379994434538E-02,2.500002353467));
#14630 = CARTESIAN_POINT('',(7.139983303614E-02,2.498143646097));
#14631 = CARTESIAN_POINT('',(0.142799666072,2.489810534546));
#14632 = CARTESIAN_POINT('',(0.214199499108,2.475966533694));
#14633 = CARTESIAN_POINT('',(0.285599332145,2.456684414026));
#14634 = CARTESIAN_POINT('',(0.356999165181,2.432061836716));
#14635 = CARTESIAN_POINT('',(0.428398998217,2.402224432495));
#14636 = CARTESIAN_POINT('',(0.499798831253,2.367324203139));
#14637 = CARTESIAN_POINT('',(0.571198664289,2.327539003683));
#14638 = CARTESIAN_POINT('',(0.642598497325,2.283071567313));
#14639 = CARTESIAN_POINT('',(0.713998330361,2.234148490714));
#14640 = CARTESIAN_POINT('',(0.785398163397,2.18101907445));
#14641 = CARTESIAN_POINT('',(0.856797996434,2.123954053907));
#14642 = CARTESIAN_POINT('',(0.92819782947,2.063244219331));
#14643 = CARTESIAN_POINT('',(0.999597662506,1.999198934143));
#14644 = CARTESIAN_POINT('',(1.070997495542,1.932144558366));
#14645 = CARTESIAN_POINT('',(1.142397328578,1.862422785996));
#14646 = CARTESIAN_POINT('',(1.213797161614,1.7903889022));
#14647 = CARTESIAN_POINT('',(1.28519699465,1.716409978883));
#14648 = CARTESIAN_POINT('',(1.356596827687,1.640862981707));
#14649 = CARTESIAN_POINT('',(1.427996660723,1.564132933001));
#14650 = CARTESIAN_POINT('',(1.499396493759,1.486610636888));
#14651 = CARTESIAN_POINT('',(1.54699638245,1.434664782655));
#14652 = CARTESIAN_POINT('',(1.570796326795,1.408691498931));
#14653 = ( GEOMETRIC_REPRESENTATION_CONTEXT(2) 
PARAMETRIC_REPRESENTATION_CONTEXT() REPRESENTATION_CONTEXT('2D SPACE',''
  ) );
#14654 = ORIENTED_EDGE('',*,*,#10455,.F.);
#14655 = ADVANCED_FACE('',(#14656),#10499,.T.);
#14656 = FACE_BOUND('',#14657,.T.);
#14657 = EDGE_LOOP('',(#14658,#14659,#14660,#14661));
#14658 = ORIENTED_EDGE('',*,*,#14589,.F.);
#14659 = ORIENTED_EDGE('',*,*,#13753,.T.);
#14660 = ORIENTED_EDGE('',*,*,#13656,.T.);
#14661 = ORIENTED_EDGE('',*,*,#10483,.F.);
#14662 = ADVANCED_FACE('',(#14663),#10575,.T.);
#14663 = FACE_BOUND('',#14664,.T.);
#14664 = EDGE_LOOP('',(#14665,#14666,#14667,#14668));
#14665 = ORIENTED_EDGE('',*,*,#13901,.F.);
#14666 = ORIENTED_EDGE('',*,*,#10556,.T.);
#14667 = ORIENTED_EDGE('',*,*,#13567,.T.);
#14668 = ORIENTED_EDGE('',*,*,#13542,.F.);
#14669 = ADVANCED_FACE('',(#14670),#10705,.T.);
#14670 = FACE_BOUND('',#14671,.T.);
#14671 = EDGE_LOOP('',(#14672,#14695,#14718,#14739));
#14672 = ORIENTED_EDGE('',*,*,#14673,.F.);
#14673 = EDGE_CURVE('',#14674,#10689,#14676,.T.);
#14674 = VERTEX_POINT('',#14675);
#14675 = CARTESIAN_POINT('',(10.39922856044,44.100203862763,
    55.499886210154));
#14676 = SURFACE_CURVE('',#14677,(#14681,#14688),.PCURVE_S1.);
#14677 = LINE('',#14678,#14679);
#14678 = CARTESIAN_POINT('',(10.399405057945,44.100027365258,
    7.449886210803));
#14679 = VECTOR('',#14680,1.);
#14680 = DIRECTION('',(-3.673205102084E-06,3.673205103194E-06,
    0.999999999987));
#14681 = PCURVE('',#10705,#14682);
#14682 = DEFINITIONAL_REPRESENTATION('',(#14683),#14687);
#14683 = LINE('',#14684,#14685);
#14684 = CARTESIAN_POINT('',(-1.576929511945E-15,20.6));
#14685 = VECTOR('',#14686,1.);
#14686 = DIRECTION('',(1.,-1.972745518742E-16));
#14687 = ( GEOMETRIC_REPRESENTATION_CONTEXT(2) 
PARAMETRIC_REPRESENTATION_CONTEXT() REPRESENTATION_CONTEXT('2D SPACE',''
  ) );
#14688 = PCURVE('',#10781,#14689);
#14689 = DEFINITIONAL_REPRESENTATION('',(#14690),#14694);
#14690 = LINE('',#14691,#14692);
#14691 = CARTESIAN_POINT('',(26.8,-6.55));
#14692 = VECTOR('',#14693,1.);
#14693 = DIRECTION('',(-1.972738184523E-16,1.));
#14694 = ( GEOMETRIC_REPRESENTATION_CONTEXT(2) 
PARAMETRIC_REPRESENTATION_CONTEXT() REPRESENTATION_CONTEXT('2D SPACE',''
  ) );
#14695 = ORIENTED_EDGE('',*,*,#14696,.T.);
#14696 = EDGE_CURVE('',#14674,#14697,#14699,.T.);
#14697 = VERTEX_POINT('',#14698);
#14698 = CARTESIAN_POINT('',(-10.20077143942,44.100203862485,
    55.499810542129));
#14699 = SURFACE_CURVE('',#14700,(#14704,#14711),.PCURVE_S1.);
#14700 = LINE('',#14701,#14702);
#14701 = CARTESIAN_POINT('',(-10.20077143942,44.100203862485,
    55.499810542129));
#14702 = VECTOR('',#14703,1.);
#14703 = DIRECTION('',(-0.999999999993,-1.348965383841E-11,
    -3.673205101862E-06));
#14704 = PCURVE('',#10705,#14705);
#14705 = DEFINITIONAL_REPRESENTATION('',(#14706),#14710);
#14706 = LINE('',#14707,#14708);
#14707 = CARTESIAN_POINT('',(48.05,-9.37910533793E-15));
#14708 = VECTOR('',#14709,1.);
#14709 = DIRECTION('',(1.972741283578E-16,-1.));
#14710 = ( GEOMETRIC_REPRESENTATION_CONTEXT(2) 
PARAMETRIC_REPRESENTATION_CONTEXT() REPRESENTATION_CONTEXT('2D SPACE',''
  ) );
#14711 = PCURVE('',#12547,#14712);
#14712 = DEFINITIONAL_REPRESENTATION('',(#14713),#14717);
#14713 = LINE('',#14714,#14715);
#14714 = CARTESIAN_POINT('',(26.8,7.05301680126E-15));
#14715 = VECTOR('',#14716,1.);
#14716 = DIRECTION('',(2.838859326331E-16,1.));
#14717 = ( GEOMETRIC_REPRESENTATION_CONTEXT(2) 
PARAMETRIC_REPRESENTATION_CONTEXT() REPRESENTATION_CONTEXT('2D SPACE',''
  ) );
#14718 = ORIENTED_EDGE('',*,*,#14719,.T.);
#14719 = EDGE_CURVE('',#14697,#10691,#14720,.T.);
#14720 = SURFACE_CURVE('',#14721,(#14725,#14732),.PCURVE_S1.);
#14721 = LINE('',#14722,#14723);
#14722 = CARTESIAN_POINT('',(-10.20059494191,44.10002736498,
    7.449810542778));
#14723 = VECTOR('',#14724,1.);
#14724 = DIRECTION('',(-3.673205102084E-06,3.673205103194E-06,
    0.999999999987));
#14725 = PCURVE('',#10705,#14726);
#14726 = DEFINITIONAL_REPRESENTATION('',(#14727),#14731);
#14727 = LINE('',#14728,#14729);
#14728 = CARTESIAN_POINT('',(0.,0.));
#14729 = VECTOR('',#14730,1.);
#14730 = DIRECTION('',(1.,-1.972745518742E-16));
#14731 = ( GEOMETRIC_REPRESENTATION_CONTEXT(2) 
PARAMETRIC_REPRESENTATION_CONTEXT() REPRESENTATION_CONTEXT('2D SPACE',''
  ) );
#14732 = PCURVE('',#10731,#14733);
#14733 = DEFINITIONAL_REPRESENTATION('',(#14734),#14738);
#14734 = LINE('',#14735,#14736);
#14735 = CARTESIAN_POINT('',(26.8,-6.55));
#14736 = VECTOR('',#14737,1.);
#14737 = DIRECTION('',(-1.972738184523E-16,1.));
#14738 = ( GEOMETRIC_REPRESENTATION_CONTEXT(2) 
PARAMETRIC_REPRESENTATION_CONTEXT() REPRESENTATION_CONTEXT('2D SPACE',''
  ) );
#14739 = ORIENTED_EDGE('',*,*,#10688,.F.);
#14740 = ADVANCED_FACE('',(#14741),#10781,.F.);
#14741 = FACE_BOUND('',#14742,.F.);
#14742 = EDGE_LOOP('',(#14743,#14764,#14765,#14786,#14814,#14842,#14863,
    #14864));
#14743 = ORIENTED_EDGE('',*,*,#14744,.F.);
#14744 = EDGE_CURVE('',#12634,#14674,#14745,.T.);
#14745 = SURFACE_CURVE('',#14746,(#14750,#14757),.PCURVE_S1.);
#14746 = LINE('',#14747,#14748);
#14747 = CARTESIAN_POINT('',(10.39922856044,17.300203862944,
    55.499984652051));
#14748 = VECTOR('',#14749,1.);
#14749 = DIRECTION('',(2.498001805407E-15,0.999999999993,
    -3.673205103416E-06));
#14750 = PCURVE('',#10781,#14751);
#14751 = DEFINITIONAL_REPRESENTATION('',(#14752),#14756);
#14752 = LINE('',#14753,#14754);
#14753 = CARTESIAN_POINT('',(-9.297076277012E-15,41.5));
#14754 = VECTOR('',#14755,1.);
#14755 = DIRECTION('',(1.,-1.972738184523E-16));
#14756 = ( GEOMETRIC_REPRESENTATION_CONTEXT(2) 
PARAMETRIC_REPRESENTATION_CONTEXT() REPRESENTATION_CONTEXT('2D SPACE',''
  ) );
#14757 = PCURVE('',#12547,#14758);
#14758 = DEFINITIONAL_REPRESENTATION('',(#14759),#14763);
#14759 = LINE('',#14760,#14761);
#14760 = CARTESIAN_POINT('',(-6.558615132764E-15,-20.6));
#14761 = VECTOR('',#14762,1.);
#14762 = DIRECTION('',(1.,2.838859326336E-16));
#14763 = ( GEOMETRIC_REPRESENTATION_CONTEXT(2) 
PARAMETRIC_REPRESENTATION_CONTEXT() REPRESENTATION_CONTEXT('2D SPACE',''
  ) );
#14764 = ORIENTED_EDGE('',*,*,#12662,.T.);
#14765 = ORIENTED_EDGE('',*,*,#14766,.F.);
#14766 = EDGE_CURVE('',#14767,#12663,#14769,.T.);
#14767 = VERTEX_POINT('',#14768);
#14768 = CARTESIAN_POINT('',(10.399232597583,54.900199825547,
    54.400767402417));
#14769 = SURFACE_CURVE('',#14770,(#14774,#14780),.PCURVE_S1.);
#14770 = LINE('',#14771,#14772);
#14771 = CARTESIAN_POINT('',(10.399232597815,37.700025712207,
    54.400767402185));
#14772 = VECTOR('',#14773,1.);
#14773 = DIRECTION('',(1.348970338894E-11,-1.,-1.348970338894E-11));
#14774 = PCURVE('',#10781,#14775);
#14775 = DEFINITIONAL_REPRESENTATION('',(#14776),#14779);
#14776 = B_SPLINE_CURVE_WITH_KNOTS('',1,(#14777,#14778),.UNSPECIFIED.,
  .F.,.F.,(2,2),(-17.20017411334,-1.399974287793),
  .PIECEWISE_BEZIER_KNOTS.);
#14777 = CARTESIAN_POINT('',(37.6,40.400920862863));
#14778 = CARTESIAN_POINT('',(21.79980017456,40.400862825275));
#14779 = ( GEOMETRIC_REPRESENTATION_CONTEXT(2) 
PARAMETRIC_REPRESENTATION_CONTEXT() REPRESENTATION_CONTEXT('2D SPACE',''
  ) );
#14780 = PCURVE('',#12707,#14781);
#14781 = DEFINITIONAL_REPRESENTATION('',(#14782),#14785);
#14782 = B_SPLINE_CURVE_WITH_KNOTS('',1,(#14783,#14784),.UNSPECIFIED.,
  .F.,.F.,(2,2),(-17.20017411334,-1.399974287793),
  .PIECEWISE_BEZIER_KNOTS.);
#14783 = CARTESIAN_POINT('',(-1.413128291467,-3.199800174453));
#14784 = CARTESIAN_POINT('',(-1.413128291769,-19.));
#14785 = ( GEOMETRIC_REPRESENTATION_CONTEXT(2) 
PARAMETRIC_REPRESENTATION_CONTEXT() REPRESENTATION_CONTEXT('2D SPACE',''
  ) );
#14786 = ORIENTED_EDGE('',*,*,#14787,.T.);
#14787 = EDGE_CURVE('',#14767,#14788,#14790,.T.);
#14788 = VERTEX_POINT('',#14789);
#14789 = CARTESIAN_POINT('',(10.39922856044,54.90020386269,
    55.499846539539));
#14790 = SURFACE_CURVE('',#14791,(#14795,#14802),.PCURVE_S1.);
#14791 = LINE('',#14792,#14793);
#14792 = CARTESIAN_POINT('',(10.399380998452,54.900051424678,
    13.999846540099));
#14793 = VECTOR('',#14794,1.);
#14794 = DIRECTION('',(-3.673205102084E-06,3.673205103194E-06,
    0.999999999987));
#14795 = PCURVE('',#10781,#14796);
#14796 = DEFINITIONAL_REPRESENTATION('',(#14797),#14801);
#14797 = LINE('',#14798,#14799);
#14798 = CARTESIAN_POINT('',(37.6,-6.529351035437E-15));
#14799 = VECTOR('',#14800,1.);
#14800 = DIRECTION('',(-1.972738184523E-16,1.));
#14801 = ( GEOMETRIC_REPRESENTATION_CONTEXT(2) 
PARAMETRIC_REPRESENTATION_CONTEXT() REPRESENTATION_CONTEXT('2D SPACE',''
  ) );
#14802 = PCURVE('',#14803,#14808);
#14803 = PLANE('',#14804);
#14804 = AXIS2_PLACEMENT_3D('',#14805,#14806,#14807);
#14805 = CARTESIAN_POINT('',(-10.2006190014,54.9000514244,
    13.999770872074));
#14806 = DIRECTION('',(2.498001805407E-15,0.999999999993,
    -3.673205103416E-06));
#14807 = DIRECTION('',(-3.673205102084E-06,3.673205103194E-06,
    0.999999999987));
#14808 = DEFINITIONAL_REPRESENTATION('',(#14809),#14813);
#14809 = LINE('',#14810,#14811);
#14810 = CARTESIAN_POINT('',(-5.129643190697E-15,20.6));
#14811 = VECTOR('',#14812,1.);
#14812 = DIRECTION('',(1.,-1.972745518742E-16));
#14813 = ( GEOMETRIC_REPRESENTATION_CONTEXT(2) 
PARAMETRIC_REPRESENTATION_CONTEXT() REPRESENTATION_CONTEXT('2D SPACE',''
  ) );
#14814 = ORIENTED_EDGE('',*,*,#14815,.F.);
#14815 = EDGE_CURVE('',#14816,#14788,#14818,.T.);
#14816 = VERTEX_POINT('',#14817);
#14817 = CARTESIAN_POINT('',(10.39922856044,47.300203862741,
    55.499874455898));
#14818 = SURFACE_CURVE('',#14819,(#14823,#14830),.PCURVE_S1.);
#14819 = LINE('',#14820,#14821);
#14820 = CARTESIAN_POINT('',(10.39922856044,17.300203862944,
    55.499984652051));
#14821 = VECTOR('',#14822,1.);
#14822 = DIRECTION('',(2.498001805407E-15,0.999999999993,
    -3.673205103416E-06));
#14823 = PCURVE('',#10781,#14824);
#14824 = DEFINITIONAL_REPRESENTATION('',(#14825),#14829);
#14825 = LINE('',#14826,#14827);
#14826 = CARTESIAN_POINT('',(-9.297076277012E-15,41.5));
#14827 = VECTOR('',#14828,1.);
#14828 = DIRECTION('',(1.,-1.972738184523E-16));
#14829 = ( GEOMETRIC_REPRESENTATION_CONTEXT(2) 
PARAMETRIC_REPRESENTATION_CONTEXT() REPRESENTATION_CONTEXT('2D SPACE',''
  ) );
#14830 = PCURVE('',#14831,#14836);
#14831 = PLANE('',#14832);
#14832 = AXIS2_PLACEMENT_3D('',#14833,#14834,#14835);
#14833 = CARTESIAN_POINT('',(-10.20077143942,17.300203862666,
    55.499908984026));
#14834 = DIRECTION('',(-3.673205102084E-06,3.673205103194E-06,
    0.999999999987));
#14835 = DIRECTION('',(2.498001805407E-15,0.999999999993,
    -3.673205103416E-06));
#14836 = DEFINITIONAL_REPRESENTATION('',(#14837),#14841);
#14837 = LINE('',#14838,#14839);
#14838 = CARTESIAN_POINT('',(-6.558615132764E-15,-20.6));
#14839 = VECTOR('',#14840,1.);
#14840 = DIRECTION('',(1.,2.838859326336E-16));
#14841 = ( GEOMETRIC_REPRESENTATION_CONTEXT(2) 
PARAMETRIC_REPRESENTATION_CONTEXT() REPRESENTATION_CONTEXT('2D SPACE',''
  ) );
#14842 = ORIENTED_EDGE('',*,*,#14843,.T.);
#14843 = EDGE_CURVE('',#14816,#10743,#14844,.T.);
#14844 = SURFACE_CURVE('',#14845,(#14849,#14856),.PCURVE_S1.);
#14845 = LINE('',#14846,#14847);
#14846 = CARTESIAN_POINT('',(10.399405057945,47.300027365236,
    7.449874456546));
#14847 = VECTOR('',#14848,1.);
#14848 = DIRECTION('',(-3.673205102084E-06,3.673205103194E-06,
    0.999999999987));
#14849 = PCURVE('',#10781,#14850);
#14850 = DEFINITIONAL_REPRESENTATION('',(#14851),#14855);
#14851 = LINE('',#14852,#14853);
#14852 = CARTESIAN_POINT('',(30.,-6.55));
#14853 = VECTOR('',#14854,1.);
#14854 = DIRECTION('',(-1.972738184523E-16,1.));
#14855 = ( GEOMETRIC_REPRESENTATION_CONTEXT(2) 
PARAMETRIC_REPRESENTATION_CONTEXT() REPRESENTATION_CONTEXT('2D SPACE',''
  ) );
#14856 = PCURVE('',#10757,#14857);
#14857 = DEFINITIONAL_REPRESENTATION('',(#14858),#14862);
#14858 = LINE('',#14859,#14860);
#14859 = CARTESIAN_POINT('',(-1.576929511945E-15,20.6));
#14860 = VECTOR('',#14861,1.);
#14861 = DIRECTION('',(1.,-1.972745518742E-16));
#14862 = ( GEOMETRIC_REPRESENTATION_CONTEXT(2) 
PARAMETRIC_REPRESENTATION_CONTEXT() REPRESENTATION_CONTEXT('2D SPACE',''
  ) );
#14863 = ORIENTED_EDGE('',*,*,#10768,.F.);
#14864 = ORIENTED_EDGE('',*,*,#14673,.F.);
#14865 = ADVANCED_FACE('',(#14866),#10757,.F.);
#14866 = FACE_BOUND('',#14867,.F.);
#14867 = EDGE_LOOP('',(#14868,#14869,#14892,#14913));
#14868 = ORIENTED_EDGE('',*,*,#14843,.F.);
#14869 = ORIENTED_EDGE('',*,*,#14870,.T.);
#14870 = EDGE_CURVE('',#14816,#14871,#14873,.T.);
#14871 = VERTEX_POINT('',#14872);
#14872 = CARTESIAN_POINT('',(-10.20077143942,47.300203862463,
    55.499798787873));
#14873 = SURFACE_CURVE('',#14874,(#14878,#14885),.PCURVE_S1.);
#14874 = LINE('',#14875,#14876);
#14875 = CARTESIAN_POINT('',(-10.20077143942,47.300203862463,
    55.499798787873));
#14876 = VECTOR('',#14877,1.);
#14877 = DIRECTION('',(-0.999999999993,-1.348965383841E-11,
    -3.673205101862E-06));
#14878 = PCURVE('',#10757,#14879);
#14879 = DEFINITIONAL_REPRESENTATION('',(#14880),#14884);
#14880 = LINE('',#14881,#14882);
#14881 = CARTESIAN_POINT('',(48.05,-9.379079238238E-15));
#14882 = VECTOR('',#14883,1.);
#14883 = DIRECTION('',(1.972741283578E-16,-1.));
#14884 = ( GEOMETRIC_REPRESENTATION_CONTEXT(2) 
PARAMETRIC_REPRESENTATION_CONTEXT() REPRESENTATION_CONTEXT('2D SPACE',''
  ) );
#14885 = PCURVE('',#14831,#14886);
#14886 = DEFINITIONAL_REPRESENTATION('',(#14887),#14891);
#14887 = LINE('',#14888,#14889);
#14888 = CARTESIAN_POINT('',(30.,7.073260316119E-15));
#14889 = VECTOR('',#14890,1.);
#14890 = DIRECTION('',(2.838859326331E-16,1.));
#14891 = ( GEOMETRIC_REPRESENTATION_CONTEXT(2) 
PARAMETRIC_REPRESENTATION_CONTEXT() REPRESENTATION_CONTEXT('2D SPACE',''
  ) );
#14892 = ORIENTED_EDGE('',*,*,#14893,.T.);
#14893 = EDGE_CURVE('',#14871,#10717,#14894,.T.);
#14894 = SURFACE_CURVE('',#14895,(#14899,#14906),.PCURVE_S1.);
#14895 = LINE('',#14896,#14897);
#14896 = CARTESIAN_POINT('',(-10.20059494191,47.300027364958,
    7.449798788521));
#14897 = VECTOR('',#14898,1.);
#14898 = DIRECTION('',(-3.673205102084E-06,3.673205103194E-06,
    0.999999999987));
#14899 = PCURVE('',#10757,#14900);
#14900 = DEFINITIONAL_REPRESENTATION('',(#14901),#14905);
#14901 = LINE('',#14902,#14903);
#14902 = CARTESIAN_POINT('',(0.,0.));
#14903 = VECTOR('',#14904,1.);
#14904 = DIRECTION('',(1.,-1.972745518742E-16));
#14905 = ( GEOMETRIC_REPRESENTATION_CONTEXT(2) 
PARAMETRIC_REPRESENTATION_CONTEXT() REPRESENTATION_CONTEXT('2D SPACE',''
  ) );
#14906 = PCURVE('',#10731,#14907);
#14907 = DEFINITIONAL_REPRESENTATION('',(#14908),#14912);
#14908 = LINE('',#14909,#14910);
#14909 = CARTESIAN_POINT('',(30.,-6.55));
#14910 = VECTOR('',#14911,1.);
#14911 = DIRECTION('',(-1.972738184523E-16,1.));
#14912 = ( GEOMETRIC_REPRESENTATION_CONTEXT(2) 
PARAMETRIC_REPRESENTATION_CONTEXT() REPRESENTATION_CONTEXT('2D SPACE',''
  ) );
#14913 = ORIENTED_EDGE('',*,*,#10742,.F.);
#14914 = ADVANCED_FACE('',(#14915),#10731,.T.);
#14915 = FACE_BOUND('',#14916,.T.);
#14916 = EDGE_LOOP('',(#14917,#14938,#14939,#14960,#14983,#15004,#15005,
    #15006));
#14917 = ORIENTED_EDGE('',*,*,#14918,.F.);
#14918 = EDGE_CURVE('',#13481,#14697,#14919,.T.);
#14919 = SURFACE_CURVE('',#14920,(#14924,#14931),.PCURVE_S1.);
#14920 = LINE('',#14921,#14922);
#14921 = CARTESIAN_POINT('',(-10.20077143942,17.300203862666,
    55.499908984026));
#14922 = VECTOR('',#14923,1.);
#14923 = DIRECTION('',(2.498001805407E-15,0.999999999993,
    -3.673205103416E-06));
#14924 = PCURVE('',#10731,#14925);
#14925 = DEFINITIONAL_REPRESENTATION('',(#14926),#14930);
#14926 = LINE('',#14927,#14928);
#14927 = CARTESIAN_POINT('',(-5.744362598212E-15,41.5));
#14928 = VECTOR('',#14929,1.);
#14929 = DIRECTION('',(1.,-1.972738184523E-16));
#14930 = ( GEOMETRIC_REPRESENTATION_CONTEXT(2) 
PARAMETRIC_REPRESENTATION_CONTEXT() REPRESENTATION_CONTEXT('2D SPACE',''
  ) );
#14931 = PCURVE('',#12547,#14932);
#14932 = DEFINITIONAL_REPRESENTATION('',(#14933),#14937);
#14933 = LINE('',#14934,#14935);
#14934 = CARTESIAN_POINT('',(0.,-0.));
#14935 = VECTOR('',#14936,1.);
#14936 = DIRECTION('',(1.,2.838859326336E-16));
#14937 = ( GEOMETRIC_REPRESENTATION_CONTEXT(2) 
PARAMETRIC_REPRESENTATION_CONTEXT() REPRESENTATION_CONTEXT('2D SPACE',''
  ) );
#14938 = ORIENTED_EDGE('',*,*,#13480,.T.);
#14939 = ORIENTED_EDGE('',*,*,#14940,.T.);
#14940 = EDGE_CURVE('',#13453,#14941,#14943,.T.);
#14941 = VERTEX_POINT('',#14942);
#14942 = CARTESIAN_POINT('',(-10.20076813155,54.900200554548,
    54.599231868443));
#14943 = SURFACE_CURVE('',#14944,(#14948,#14954),.PCURVE_S1.);
#14944 = LINE('',#14945,#14946);
#14945 = CARTESIAN_POINT('',(-10.20076813132,37.70002571259,
    54.599231868676));
#14946 = VECTOR('',#14947,1.);
#14947 = DIRECTION('',(-1.348960428841E-11,1.,-1.348960428841E-11));
#14948 = PCURVE('',#10731,#14949);
#14949 = DEFINITIONAL_REPRESENTATION('',(#14950),#14953);
#14950 = B_SPLINE_CURVE_WITH_KNOTS('',1,(#14951,#14952),.UNSPECIFIED.,
  .F.,.F.,(2,2),(1.39997428741,17.200174841958),
  .PIECEWISE_BEZIER_KNOTS.);
#14951 = CARTESIAN_POINT('',(21.799799445559,40.599402959753));
#14952 = CARTESIAN_POINT('',(37.6,40.599460996917));
#14953 = ( GEOMETRIC_REPRESENTATION_CONTEXT(2) 
PARAMETRIC_REPRESENTATION_CONTEXT() REPRESENTATION_CONTEXT('2D SPACE',''
  ) );
#14954 = PCURVE('',#13468,#14955);
#14955 = DEFINITIONAL_REPRESENTATION('',(#14956),#14959);
#14956 = B_SPLINE_CURVE_WITH_KNOTS('',1,(#14957,#14958),.UNSPECIFIED.,
  .F.,.F.,(2,2),(1.39997428741,17.200174841958),
  .PIECEWISE_BEZIER_KNOTS.);
#14957 = CARTESIAN_POINT('',(-1.132457151662,-19.));
#14958 = CARTESIAN_POINT('',(-1.132457151963,-3.199799445452));
#14959 = ( GEOMETRIC_REPRESENTATION_CONTEXT(2) 
PARAMETRIC_REPRESENTATION_CONTEXT() REPRESENTATION_CONTEXT('2D SPACE',''
  ) );
#14960 = ORIENTED_EDGE('',*,*,#14961,.T.);
#14961 = EDGE_CURVE('',#14941,#14962,#14964,.T.);
#14962 = VERTEX_POINT('',#14963);
#14963 = CARTESIAN_POINT('',(-10.20077143942,54.900203862412,
    55.499770871514));
#14964 = SURFACE_CURVE('',#14965,(#14969,#14976),.PCURVE_S1.);
#14965 = LINE('',#14966,#14967);
#14966 = CARTESIAN_POINT('',(-10.2006190014,54.9000514244,
    13.999770872074));
#14967 = VECTOR('',#14968,1.);
#14968 = DIRECTION('',(-3.673205102084E-06,3.673205103194E-06,
    0.999999999987));
#14969 = PCURVE('',#10731,#14970);
#14970 = DEFINITIONAL_REPRESENTATION('',(#14971),#14975);
#14971 = LINE('',#14972,#14973);
#14972 = CARTESIAN_POINT('',(37.6,-6.529323930383E-15));
#14973 = VECTOR('',#14974,1.);
#14974 = DIRECTION('',(-1.972738184523E-16,1.));
#14975 = ( GEOMETRIC_REPRESENTATION_CONTEXT(2) 
PARAMETRIC_REPRESENTATION_CONTEXT() REPRESENTATION_CONTEXT('2D SPACE',''
  ) );
#14976 = PCURVE('',#14803,#14977);
#14977 = DEFINITIONAL_REPRESENTATION('',(#14978),#14982);
#14978 = LINE('',#14979,#14980);
#14979 = CARTESIAN_POINT('',(0.,0.));
#14980 = VECTOR('',#14981,1.);
#14981 = DIRECTION('',(1.,-1.972745518742E-16));
#14982 = ( GEOMETRIC_REPRESENTATION_CONTEXT(2) 
PARAMETRIC_REPRESENTATION_CONTEXT() REPRESENTATION_CONTEXT('2D SPACE',''
  ) );
#14983 = ORIENTED_EDGE('',*,*,#14984,.F.);
#14984 = EDGE_CURVE('',#14871,#14962,#14985,.T.);
#14985 = SURFACE_CURVE('',#14986,(#14990,#14997),.PCURVE_S1.);
#14986 = LINE('',#14987,#14988);
#14987 = CARTESIAN_POINT('',(-10.20077143942,17.300203862666,
    55.499908984026));
#14988 = VECTOR('',#14989,1.);
#14989 = DIRECTION('',(2.498001805407E-15,0.999999999993,
    -3.673205103416E-06));
#14990 = PCURVE('',#10731,#14991);
#14991 = DEFINITIONAL_REPRESENTATION('',(#14992),#14996);
#14992 = LINE('',#14993,#14994);
#14993 = CARTESIAN_POINT('',(-5.744362598212E-15,41.5));
#14994 = VECTOR('',#14995,1.);
#14995 = DIRECTION('',(1.,-1.972738184523E-16));
#14996 = ( GEOMETRIC_REPRESENTATION_CONTEXT(2) 
PARAMETRIC_REPRESENTATION_CONTEXT() REPRESENTATION_CONTEXT('2D SPACE',''
  ) );
#14997 = PCURVE('',#14831,#14998);
#14998 = DEFINITIONAL_REPRESENTATION('',(#14999),#15003);
#14999 = LINE('',#15000,#15001);
#15000 = CARTESIAN_POINT('',(0.,-0.));
#15001 = VECTOR('',#15002,1.);
#15002 = DIRECTION('',(1.,2.838859326336E-16));
#15003 = ( GEOMETRIC_REPRESENTATION_CONTEXT(2) 
PARAMETRIC_REPRESENTATION_CONTEXT() REPRESENTATION_CONTEXT('2D SPACE',''
  ) );
#15004 = ORIENTED_EDGE('',*,*,#14893,.T.);
#15005 = ORIENTED_EDGE('',*,*,#10716,.F.);
#15006 = ORIENTED_EDGE('',*,*,#14719,.F.);
#15007 = ADVANCED_FACE('',(#15008),#11003,.F.);
#15008 = FACE_BOUND('',#15009,.T.);
#15009 = EDGE_LOOP('',(#15010,#15031,#15032,#15033));
#15010 = ORIENTED_EDGE('',*,*,#15011,.F.);
#15011 = EDGE_CURVE('',#10988,#11425,#15012,.T.);
#15012 = SURFACE_CURVE('',#15013,(#15017,#15024),.PCURVE_S1.);
#15013 = LINE('',#15014,#15015);
#15014 = CARTESIAN_POINT('',(24.495952320298,56.549166640082,
    20.548296378692));
#15015 = VECTOR('',#15016,1.);
#15016 = DIRECTION('',(-5.528169866786E-04,-0.999990857806,
    4.240129376088E-03));
#15017 = PCURVE('',#11003,#15018);
#15018 = DEFINITIONAL_REPRESENTATION('',(#15019),#15023);
#15019 = LINE('',#15020,#15021);
#15020 = CARTESIAN_POINT('',(-2.578889422529,6.905991041898));
#15021 = VECTOR('',#15022,1.);
#15022 = DIRECTION('',(1.,-8.870436506649E-16));
#15023 = ( GEOMETRIC_REPRESENTATION_CONTEXT(2) 
PARAMETRIC_REPRESENTATION_CONTEXT() REPRESENTATION_CONTEXT('2D SPACE',''
  ) );
#15024 = PCURVE('',#11030,#15025);
#15025 = DEFINITIONAL_REPRESENTATION('',(#15026),#15030);
#15026 = LINE('',#15027,#15028);
#15027 = CARTESIAN_POINT('',(2.578889422529,-9.999999999991E-02));
#15028 = VECTOR('',#15029,1.);
#15029 = DIRECTION('',(1.,3.573803065938E-19));
#15030 = ( GEOMETRIC_REPRESENTATION_CONTEXT(2) 
PARAMETRIC_REPRESENTATION_CONTEXT() REPRESENTATION_CONTEXT('2D SPACE',''
  ) );
#15031 = ORIENTED_EDGE('',*,*,#10987,.F.);
#15032 = ORIENTED_EDGE('',*,*,#11575,.F.);
#15033 = ORIENTED_EDGE('',*,*,#11452,.F.);
#15034 = ADVANCED_FACE('',(#15035),#11030,.F.);
#15035 = FACE_BOUND('',#15036,.T.);
#15036 = EDGE_LOOP('',(#15037,#15038,#15059,#15060,#15061,#15062));
#15037 = ORIENTED_EDGE('',*,*,#11372,.T.);
#15038 = ORIENTED_EDGE('',*,*,#15039,.F.);
#15039 = EDGE_CURVE('',#11051,#11351,#15040,.T.);
#15040 = SURFACE_CURVE('',#15041,(#15045,#15052),.PCURVE_S1.);
#15041 = LINE('',#15042,#15043);
#15042 = CARTESIAN_POINT('',(23.308619249399,53.97030079426,
    20.404615693772));
#15043 = VECTOR('',#15044,1.);
#15044 = DIRECTION('',(-5.528169866786E-04,-0.999990857806,
    4.240129376088E-03));
#15045 = PCURVE('',#11030,#15046);
#15046 = DEFINITIONAL_REPRESENTATION('',(#15047),#15051);
#15047 = LINE('',#15048,#15049);
#15048 = CARTESIAN_POINT('',(5.157778845058,-1.295944128121));
#15049 = VECTOR('',#15050,1.);
#15050 = DIRECTION('',(1.,-8.00156649179E-20));
#15051 = ( GEOMETRIC_REPRESENTATION_CONTEXT(2) 
PARAMETRIC_REPRESENTATION_CONTEXT() REPRESENTATION_CONTEXT('2D SPACE',''
  ) );
#15052 = PCURVE('',#11116,#15053);
#15053 = DEFINITIONAL_REPRESENTATION('',(#15054),#15058);
#15054 = LINE('',#15055,#15056);
#15055 = CARTESIAN_POINT('',(2.088550782302,2.542410726392E-14));
#15056 = VECTOR('',#15057,1.);
#15057 = DIRECTION('',(-4.651161925596E-16,-1.));
#15058 = ( GEOMETRIC_REPRESENTATION_CONTEXT(2) 
PARAMETRIC_REPRESENTATION_CONTEXT() REPRESENTATION_CONTEXT('2D SPACE',''
  ) );
#15059 = ORIENTED_EDGE('',*,*,#11050,.T.);
#15060 = ORIENTED_EDGE('',*,*,#11015,.T.);
#15061 = ORIENTED_EDGE('',*,*,#15011,.T.);
#15062 = ORIENTED_EDGE('',*,*,#11424,.T.);
#15063 = ADVANCED_FACE('',(#15064),#11116,.T.);
#15064 = FACE_BOUND('',#15065,.T.);
#15065 = EDGE_LOOP('',(#15066,#15067,#15068,#15069));
#15066 = ORIENTED_EDGE('',*,*,#15039,.T.);
#15067 = ORIENTED_EDGE('',*,*,#11350,.T.);
#15068 = ORIENTED_EDGE('',*,*,#11230,.T.);
#15069 = ORIENTED_EDGE('',*,*,#11100,.T.);
#15070 = ADVANCED_FACE('',(#15071),#11779,.F.);
#15071 = FACE_BOUND('',#15072,.T.);
#15072 = EDGE_LOOP('',(#15073,#15094,#15095,#15096));
#15073 = ORIENTED_EDGE('',*,*,#15074,.F.);
#15074 = EDGE_CURVE('',#11764,#12201,#15075,.T.);
#15075 = SURFACE_CURVE('',#15076,(#15080,#15087),.PCURVE_S1.);
#15076 = LINE('',#15077,#15078);
#15077 = CARTESIAN_POINT('',(24.727918538566,41.83130418031,
    18.534101620087));
#15078 = VECTOR('',#15079,1.);
#15079 = DIRECTION('',(5.52816986677E-04,0.999990857806,
    -4.240129376084E-03));
#15080 = PCURVE('',#11779,#15081);
#15081 = DEFINITIONAL_REPRESENTATION('',(#15082),#15086);
#15082 = LINE('',#15083,#15084);
#15083 = CARTESIAN_POINT('',(-2.578889422529,6.905991041898));
#15084 = VECTOR('',#15085,1.);
#15085 = DIRECTION('',(1.,-8.870921224354E-16));
#15086 = ( GEOMETRIC_REPRESENTATION_CONTEXT(2) 
PARAMETRIC_REPRESENTATION_CONTEXT() REPRESENTATION_CONTEXT('2D SPACE',''
  ) );
#15087 = PCURVE('',#11806,#15088);
#15088 = DEFINITIONAL_REPRESENTATION('',(#15089),#15093);
#15089 = LINE('',#15090,#15091);
#15090 = CARTESIAN_POINT('',(2.578889422529,-9.999999999997E-02));
#15091 = VECTOR('',#15092,1.);
#15092 = DIRECTION('',(1.,8.428542130444E-20));
#15093 = ( GEOMETRIC_REPRESENTATION_CONTEXT(2) 
PARAMETRIC_REPRESENTATION_CONTEXT() REPRESENTATION_CONTEXT('2D SPACE',''
  ) );
#15094 = ORIENTED_EDGE('',*,*,#11763,.F.);
#15095 = ORIENTED_EDGE('',*,*,#12351,.F.);
#15096 = ORIENTED_EDGE('',*,*,#12228,.F.);
#15097 = ADVANCED_FACE('',(#15098),#11806,.F.);
#15098 = FACE_BOUND('',#15099,.T.);
#15099 = EDGE_LOOP('',(#15100,#15101,#15122,#15123,#15124,#15125));
#15100 = ORIENTED_EDGE('',*,*,#12148,.T.);
#15101 = ORIENTED_EDGE('',*,*,#15102,.F.);
#15102 = EDGE_CURVE('',#11827,#12127,#15103,.T.);
#15103 = SURFACE_CURVE('',#15104,(#15108,#15115),.PCURVE_S1.);
#15104 = LINE('',#15105,#15106);
#15105 = CARTESIAN_POINT('',(23.543436775426,44.410170026132,
    18.368551285571));
#15106 = VECTOR('',#15107,1.);
#15107 = DIRECTION('',(5.52816986677E-04,0.999990857806,
    -4.240129376084E-03));
#15108 = PCURVE('',#11806,#15109);
#15109 = DEFINITIONAL_REPRESENTATION('',(#15110),#15114);
#15110 = LINE('',#15111,#15112);
#15111 = CARTESIAN_POINT('',(5.157778845058,-1.295944128121));
#15112 = VECTOR('',#15113,1.);
#15113 = DIRECTION('',(1.,7.348067247957E-19));
#15114 = ( GEOMETRIC_REPRESENTATION_CONTEXT(2) 
PARAMETRIC_REPRESENTATION_CONTEXT() REPRESENTATION_CONTEXT('2D SPACE',''
  ) );
#15115 = PCURVE('',#11892,#15116);
#15116 = DEFINITIONAL_REPRESENTATION('',(#15117),#15121);
#15117 = LINE('',#15118,#15119);
#15118 = CARTESIAN_POINT('',(2.088550782302,3.291811268014E-14));
#15119 = VECTOR('',#15120,1.);
#15120 = DIRECTION('',(-1.033591539021E-16,-1.));
#15121 = ( GEOMETRIC_REPRESENTATION_CONTEXT(2) 
PARAMETRIC_REPRESENTATION_CONTEXT() REPRESENTATION_CONTEXT('2D SPACE',''
  ) );
#15122 = ORIENTED_EDGE('',*,*,#11826,.T.);
#15123 = ORIENTED_EDGE('',*,*,#11791,.T.);
#15124 = ORIENTED_EDGE('',*,*,#15074,.T.);
#15125 = ORIENTED_EDGE('',*,*,#12200,.T.);
#15126 = ADVANCED_FACE('',(#15127),#11892,.T.);
#15127 = FACE_BOUND('',#15128,.T.);
#15128 = EDGE_LOOP('',(#15129,#15130,#15131,#15132));
#15129 = ORIENTED_EDGE('',*,*,#15102,.T.);
#15130 = ORIENTED_EDGE('',*,*,#12126,.T.);
#15131 = ORIENTED_EDGE('',*,*,#12006,.T.);
#15132 = ORIENTED_EDGE('',*,*,#11876,.T.);
#15133 = ADVANCED_FACE('',(#15134),#12547,.F.);
#15134 = FACE_BOUND('',#15135,.F.);
#15135 = EDGE_LOOP('',(#15136,#15137,#15138,#15139,#15140,#15141));
#15136 = ORIENTED_EDGE('',*,*,#14918,.F.);
#15137 = ORIENTED_EDGE('',*,*,#13509,.T.);
#15138 = ORIENTED_EDGE('',*,*,#12527,.T.);
#15139 = ORIENTED_EDGE('',*,*,#12633,.T.);
#15140 = ORIENTED_EDGE('',*,*,#14744,.T.);
#15141 = ORIENTED_EDGE('',*,*,#14696,.T.);
#15142 = ADVANCED_FACE('',(#15143),#12707,.T.);
#15143 = FACE_BOUND('',#15144,.T.);
#15144 = EDGE_LOOP('',(#15145,#15168,#15169,#15190,#15191,#15192));
#15145 = ORIENTED_EDGE('',*,*,#15146,.F.);
#15146 = EDGE_CURVE('',#14187,#15147,#15149,.T.);
#15147 = VERTEX_POINT('',#15148);
#15148 = CARTESIAN_POINT('',(9.4,54.900203495933,55.4));
#15149 = SURFACE_CURVE('',#15150,(#15154,#15161),.PCURVE_S1.);
#15150 = LINE('',#15151,#15152);
#15151 = CARTESIAN_POINT('',(9.4,57.1,55.4));
#15152 = VECTOR('',#15153,1.);
#15153 = DIRECTION('',(0.,-1.,0.));
#15154 = PCURVE('',#12707,#15155);
#15155 = DEFINITIONAL_REPRESENTATION('',(#15156),#15160);
#15156 = LINE('',#15157,#15158);
#15157 = CARTESIAN_POINT('',(0.,-1.));
#15158 = VECTOR('',#15159,1.);
#15159 = DIRECTION('',(0.,-1.));
#15160 = ( GEOMETRIC_REPRESENTATION_CONTEXT(2) 
PARAMETRIC_REPRESENTATION_CONTEXT() REPRESENTATION_CONTEXT('2D SPACE',''
  ) );
#15161 = PCURVE('',#14298,#15162);
#15162 = DEFINITIONAL_REPRESENTATION('',(#15163),#15167);
#15163 = LINE('',#15164,#15165);
#15164 = CARTESIAN_POINT('',(0.,-1.));
#15165 = VECTOR('',#15166,1.);
#15166 = DIRECTION('',(0.,-1.));
#15167 = ( GEOMETRIC_REPRESENTATION_CONTEXT(2) 
PARAMETRIC_REPRESENTATION_CONTEXT() REPRESENTATION_CONTEXT('2D SPACE',''
  ) );
#15168 = ORIENTED_EDGE('',*,*,#14256,.T.);
#15169 = ORIENTED_EDGE('',*,*,#15170,.T.);
#15170 = EDGE_CURVE('',#14093,#12692,#15171,.T.);
#15171 = SURFACE_CURVE('',#15172,(#15176,#15183),.PCURVE_S1.);
#15172 = LINE('',#15173,#15174);
#15173 = CARTESIAN_POINT('',(12.4,57.1,52.4));
#15174 = VECTOR('',#15175,1.);
#15175 = DIRECTION('',(0.,-1.,0.));
#15176 = PCURVE('',#12707,#15177);
#15177 = DEFINITIONAL_REPRESENTATION('',(#15178),#15182);
#15178 = LINE('',#15179,#15180);
#15179 = CARTESIAN_POINT('',(-4.242640687119,-1.));
#15180 = VECTOR('',#15181,1.);
#15181 = DIRECTION('',(0.,-1.));
#15182 = ( GEOMETRIC_REPRESENTATION_CONTEXT(2) 
PARAMETRIC_REPRESENTATION_CONTEXT() REPRESENTATION_CONTEXT('2D SPACE',''
  ) );
#15183 = PCURVE('',#12805,#15184);
#15184 = DEFINITIONAL_REPRESENTATION('',(#15185),#15189);
#15185 = LINE('',#15186,#15187);
#15186 = CARTESIAN_POINT('',(14.938670235593,-1.));
#15187 = VECTOR('',#15188,1.);
#15188 = DIRECTION('',(0.,-1.));
#15189 = ( GEOMETRIC_REPRESENTATION_CONTEXT(2) 
PARAMETRIC_REPRESENTATION_CONTEXT() REPRESENTATION_CONTEXT('2D SPACE',''
  ) );
#15190 = ORIENTED_EDGE('',*,*,#12691,.F.);
#15191 = ORIENTED_EDGE('',*,*,#14766,.F.);
#15192 = ORIENTED_EDGE('',*,*,#15193,.F.);
#15193 = EDGE_CURVE('',#15147,#14767,#15194,.T.);
#15194 = SURFACE_CURVE('',#15195,(#15199,#15205),.PCURVE_S1.);
#15195 = LINE('',#15196,#15197);
#15196 = CARTESIAN_POINT('',(14.849899593355,54.900183477334,
    49.950100406645));
#15197 = VECTOR('',#15198,1.);
#15198 = DIRECTION('',(0.707106781184,-2.59734823909E-06,-0.707106781184
    ));
#15199 = PCURVE('',#12707,#15200);
#15200 = DEFINITIONAL_REPRESENTATION('',(#15201),#15204);
#15201 = B_SPLINE_CURVE_WITH_KNOTS('',1,(#15202,#15203),.UNSPECIFIED.,
  .F.,.F.,(2,2),(-7.70732191852,-6.294193627048),
  .PIECEWISE_BEZIER_KNOTS.);
#15202 = CARTESIAN_POINT('',(4.602397937482E-16,-3.199796504067));
#15203 = CARTESIAN_POINT('',(-1.413128291467,-3.199800174453));
#15204 = ( GEOMETRIC_REPRESENTATION_CONTEXT(2) 
PARAMETRIC_REPRESENTATION_CONTEXT() REPRESENTATION_CONTEXT('2D SPACE',''
  ) );
#15205 = PCURVE('',#14803,#15206);
#15206 = DEFINITIONAL_REPRESENTATION('',(#15207),#15210);
#15207 = B_SPLINE_CURVE_WITH_KNOTS('',1,(#15208,#15209),.UNSPECIFIED.,
  .F.,.F.,(2,2),(-7.70732191852,-6.294193627048),
  .PIECEWISE_BEZIER_KNOTS.);
#15208 = CARTESIAN_POINT('',(41.400157130832,19.60077107281));
#15209 = CARTESIAN_POINT('',(40.400920862863,20.6));
#15210 = ( GEOMETRIC_REPRESENTATION_CONTEXT(2) 
PARAMETRIC_REPRESENTATION_CONTEXT() REPRESENTATION_CONTEXT('2D SPACE',''
  ) );
#15211 = ADVANCED_FACE('',(#15212),#12805,.T.);
#15212 = FACE_BOUND('',#15213,.T.);
#15213 = EDGE_LOOP('',(#15214,#15215,#15216,#15237));
#15214 = ORIENTED_EDGE('',*,*,#15170,.F.);
#15215 = ORIENTED_EDGE('',*,*,#14162,.T.);
#15216 = ORIENTED_EDGE('',*,*,#15217,.T.);
#15217 = EDGE_CURVE('',#13999,#12790,#15218,.T.);
#15218 = SURFACE_CURVE('',#15219,(#15223,#15230),.PCURVE_S1.);
#15219 = LINE('',#15220,#15221);
#15220 = CARTESIAN_POINT('',(14.347764535211,57.1,37.588852788417));
#15221 = VECTOR('',#15222,1.);
#15222 = DIRECTION('',(0.,-1.,0.));
#15223 = PCURVE('',#12805,#15224);
#15224 = DEFINITIONAL_REPRESENTATION('',(#15225),#15229);
#15225 = LINE('',#15226,#15227);
#15226 = CARTESIAN_POINT('',(0.,-1.));
#15227 = VECTOR('',#15228,1.);
#15228 = DIRECTION('',(0.,-1.));
#15229 = ( GEOMETRIC_REPRESENTATION_CONTEXT(2) 
PARAMETRIC_REPRESENTATION_CONTEXT() REPRESENTATION_CONTEXT('2D SPACE',''
  ) );
#15230 = PCURVE('',#12904,#15231);
#15231 = DEFINITIONAL_REPRESENTATION('',(#15232),#15236);
#15232 = LINE('',#15233,#15234);
#15233 = CARTESIAN_POINT('',(19.15599257482,-1.));
#15234 = VECTOR('',#15235,1.);
#15235 = DIRECTION('',(0.,-1.));
#15236 = ( GEOMETRIC_REPRESENTATION_CONTEXT(2) 
PARAMETRIC_REPRESENTATION_CONTEXT() REPRESENTATION_CONTEXT('2D SPACE',''
  ) );
#15237 = ORIENTED_EDGE('',*,*,#12789,.F.);
#15238 = ADVANCED_FACE('',(#15239),#12904,.T.);
#15239 = FACE_BOUND('',#15240,.T.);
#15240 = EDGE_LOOP('',(#15241,#15242,#15243,#15244));
#15241 = ORIENTED_EDGE('',*,*,#15217,.F.);
#15242 = ORIENTED_EDGE('',*,*,#14068,.T.);
#15243 = ORIENTED_EDGE('',*,*,#13849,.T.);
#15244 = ORIENTED_EDGE('',*,*,#12888,.F.);
#15245 = ADVANCED_FACE('',(#15246),#13335,.F.);
#15246 = FACE_BOUND('',#15247,.T.);
#15247 = EDGE_LOOP('',(#15248,#15269,#15270,#15271));
#15248 = ORIENTED_EDGE('',*,*,#15249,.T.);
#15249 = EDGE_CURVE('',#14475,#13252,#15250,.T.);
#15250 = SURFACE_CURVE('',#15251,(#15255,#15262),.PCURVE_S1.);
#15251 = LINE('',#15252,#15253);
#15252 = CARTESIAN_POINT('',(-14.34776453521,57.1,37.588852788417));
#15253 = VECTOR('',#15254,1.);
#15254 = DIRECTION('',(0.,-1.,0.));
#15255 = PCURVE('',#13335,#15256);
#15256 = DEFINITIONAL_REPRESENTATION('',(#15257),#15261);
#15257 = LINE('',#15258,#15259);
#15258 = CARTESIAN_POINT('',(19.15599257482,-1.));
#15259 = VECTOR('',#15260,1.);
#15260 = DIRECTION('',(0.,-1.));
#15261 = ( GEOMETRIC_REPRESENTATION_CONTEXT(2) 
PARAMETRIC_REPRESENTATION_CONTEXT() REPRESENTATION_CONTEXT('2D SPACE',''
  ) );
#15262 = PCURVE('',#13434,#15263);
#15263 = DEFINITIONAL_REPRESENTATION('',(#15264),#15268);
#15264 = LINE('',#15265,#15266);
#15265 = CARTESIAN_POINT('',(0.,-1.));
#15266 = VECTOR('',#15267,1.);
#15267 = DIRECTION('',(0.,-1.));
#15268 = ( GEOMETRIC_REPRESENTATION_CONTEXT(2) 
PARAMETRIC_REPRESENTATION_CONTEXT() REPRESENTATION_CONTEXT('2D SPACE',''
  ) );
#15269 = ORIENTED_EDGE('',*,*,#13321,.T.);
#15270 = ORIENTED_EDGE('',*,*,#13728,.F.);
#15271 = ORIENTED_EDGE('',*,*,#14568,.F.);
#15272 = ADVANCED_FACE('',(#15273),#13434,.F.);
#15273 = FACE_BOUND('',#15274,.T.);
#15274 = EDGE_LOOP('',(#15275,#15296,#15297,#15298));
#15275 = ORIENTED_EDGE('',*,*,#15276,.T.);
#15276 = EDGE_CURVE('',#14381,#13351,#15277,.T.);
#15277 = SURFACE_CURVE('',#15278,(#15282,#15289),.PCURVE_S1.);
#15278 = LINE('',#15279,#15280);
#15279 = CARTESIAN_POINT('',(-12.4,57.1,52.4));
#15280 = VECTOR('',#15281,1.);
#15281 = DIRECTION('',(0.,-1.,0.));
#15282 = PCURVE('',#13434,#15283);
#15283 = DEFINITIONAL_REPRESENTATION('',(#15284),#15288);
#15284 = LINE('',#15285,#15286);
#15285 = CARTESIAN_POINT('',(14.938670235593,-1.));
#15286 = VECTOR('',#15287,1.);
#15287 = DIRECTION('',(0.,-1.));
#15288 = ( GEOMETRIC_REPRESENTATION_CONTEXT(2) 
PARAMETRIC_REPRESENTATION_CONTEXT() REPRESENTATION_CONTEXT('2D SPACE',''
  ) );
#15289 = PCURVE('',#13468,#15290);
#15290 = DEFINITIONAL_REPRESENTATION('',(#15291),#15295);
#15291 = LINE('',#15292,#15293);
#15292 = CARTESIAN_POINT('',(-4.242640687119,-1.));
#15293 = VECTOR('',#15294,1.);
#15294 = DIRECTION('',(0.,-1.));
#15295 = ( GEOMETRIC_REPRESENTATION_CONTEXT(2) 
PARAMETRIC_REPRESENTATION_CONTEXT() REPRESENTATION_CONTEXT('2D SPACE',''
  ) );
#15296 = ORIENTED_EDGE('',*,*,#13420,.T.);
#15297 = ORIENTED_EDGE('',*,*,#15249,.F.);
#15298 = ORIENTED_EDGE('',*,*,#14474,.F.);
#15299 = ADVANCED_FACE('',(#15300),#13468,.F.);
#15300 = FACE_BOUND('',#15301,.F.);
#15301 = EDGE_LOOP('',(#15302,#15325,#15326,#15327,#15328,#15329));
#15302 = ORIENTED_EDGE('',*,*,#15303,.F.);
#15303 = EDGE_CURVE('',#14283,#15304,#15306,.T.);
#15304 = VERTEX_POINT('',#15305);
#15305 = CARTESIAN_POINT('',(-9.4,54.900203495933,55.4));
#15306 = SURFACE_CURVE('',#15307,(#15311,#15318),.PCURVE_S1.);
#15307 = LINE('',#15308,#15309);
#15308 = CARTESIAN_POINT('',(-9.4,57.1,55.4));
#15309 = VECTOR('',#15310,1.);
#15310 = DIRECTION('',(0.,-1.,0.));
#15311 = PCURVE('',#13468,#15312);
#15312 = DEFINITIONAL_REPRESENTATION('',(#15313),#15317);
#15313 = LINE('',#15314,#15315);
#15314 = CARTESIAN_POINT('',(0.,-1.));
#15315 = VECTOR('',#15316,1.);
#15316 = DIRECTION('',(0.,-1.));
#15317 = ( GEOMETRIC_REPRESENTATION_CONTEXT(2) 
PARAMETRIC_REPRESENTATION_CONTEXT() REPRESENTATION_CONTEXT('2D SPACE',''
  ) );
#15318 = PCURVE('',#14298,#15319);
#15319 = DEFINITIONAL_REPRESENTATION('',(#15320),#15324);
#15320 = LINE('',#15321,#15322);
#15321 = CARTESIAN_POINT('',(18.8,-1.));
#15322 = VECTOR('',#15323,1.);
#15323 = DIRECTION('',(0.,-1.));
#15324 = ( GEOMETRIC_REPRESENTATION_CONTEXT(2) 
PARAMETRIC_REPRESENTATION_CONTEXT() REPRESENTATION_CONTEXT('2D SPACE',''
  ) );
#15325 = ORIENTED_EDGE('',*,*,#14380,.T.);
#15326 = ORIENTED_EDGE('',*,*,#15276,.T.);
#15327 = ORIENTED_EDGE('',*,*,#13452,.F.);
#15328 = ORIENTED_EDGE('',*,*,#14940,.T.);
#15329 = ORIENTED_EDGE('',*,*,#15330,.F.);
#15330 = EDGE_CURVE('',#15304,#14941,#15331,.T.);
#15331 = SURFACE_CURVE('',#15332,(#15336,#15342),.PCURVE_S1.);
#15332 = LINE('',#15333,#15334);
#15333 = CARTESIAN_POINT('',(-19.95020909402,54.900164742851,
    44.849790905975));
#15334 = VECTOR('',#15335,1.);
#15335 = DIRECTION('',(-0.707106781184,-2.597348235557E-06,
    -0.707106781184));
#15336 = PCURVE('',#13468,#15337);
#15337 = DEFINITIONAL_REPRESENTATION('',(#15338),#15341);
#15338 = B_SPLINE_CURVE_WITH_KNOTS('',1,(#15339,#15340),.UNSPECIFIED.,
  .F.,.F.,(2,2),(-14.92024878669,-13.78779163472),
  .PIECEWISE_BEZIER_KNOTS.);
#15339 = CARTESIAN_POINT('',(5.552628034623E-16,-3.199796504067));
#15340 = CARTESIAN_POINT('',(-1.132457151963,-3.199799445452));
#15341 = ( GEOMETRIC_REPRESENTATION_CONTEXT(2) 
PARAMETRIC_REPRESENTATION_CONTEXT() REPRESENTATION_CONTEXT('2D SPACE',''
  ) );
#15342 = PCURVE('',#14803,#15343);
#15343 = DEFINITIONAL_REPRESENTATION('',(#15344),#15347);
#15344 = B_SPLINE_CURVE_WITH_KNOTS('',1,(#15345,#15346),.UNSPECIFIED.,
  .F.,.F.,(2,2),(-14.92024878669,-13.78779163472),
  .PIECEWISE_BEZIER_KNOTS.);
#15345 = CARTESIAN_POINT('',(41.400226187088,0.800771072937));
#15346 = CARTESIAN_POINT('',(40.599460996917,-9.240488850621E-15));
#15347 = ( GEOMETRIC_REPRESENTATION_CONTEXT(2) 
PARAMETRIC_REPRESENTATION_CONTEXT() REPRESENTATION_CONTEXT('2D SPACE',''
  ) );
#15348 = ADVANCED_FACE('',(#15349),#14298,.T.);
#15349 = FACE_BOUND('',#15350,.T.);
#15350 = EDGE_LOOP('',(#15351,#15352,#15353,#15354));
#15351 = ORIENTED_EDGE('',*,*,#15303,.F.);
#15352 = ORIENTED_EDGE('',*,*,#14282,.T.);
#15353 = ORIENTED_EDGE('',*,*,#15146,.T.);
#15354 = ORIENTED_EDGE('',*,*,#15355,.F.);
#15355 = EDGE_CURVE('',#15304,#15147,#15356,.T.);
#15356 = SURFACE_CURVE('',#15357,(#15361,#15367),.PCURVE_S1.);
#15357 = LINE('',#15358,#15359);
#15358 = CARTESIAN_POINT('',(-0.400309500705,54.900203495933,55.4));
#15359 = VECTOR('',#15360,1.);
#15360 = DIRECTION('',(1.,-2.498001805423E-15,0.));
#15361 = PCURVE('',#14298,#15362);
#15362 = DEFINITIONAL_REPRESENTATION('',(#15363),#15366);
#15363 = B_SPLINE_CURVE_WITH_KNOTS('',1,(#15364,#15365),.UNSPECIFIED.,
  .F.,.F.,(2,2),(-8.999690499296,9.800309500705),
  .PIECEWISE_BEZIER_KNOTS.);
#15364 = CARTESIAN_POINT('',(18.8,-3.199796504067));
#15365 = CARTESIAN_POINT('',(0.,-3.199796504067));
#15366 = ( GEOMETRIC_REPRESENTATION_CONTEXT(2) 
PARAMETRIC_REPRESENTATION_CONTEXT() REPRESENTATION_CONTEXT('2D SPACE',''
  ) );
#15367 = PCURVE('',#14803,#15368);
#15368 = DEFINITIONAL_REPRESENTATION('',(#15369),#15372);
#15369 = B_SPLINE_CURVE_WITH_KNOTS('',1,(#15370,#15371),.UNSPECIFIED.,
  .F.,.F.,(2,2),(-8.999690499296,9.800309500705),
  .PIECEWISE_BEZIER_KNOTS.);
#15370 = CARTESIAN_POINT('',(41.400226187088,0.800771072937));
#15371 = CARTESIAN_POINT('',(41.400157130832,19.60077107281));
#15372 = ( GEOMETRIC_REPRESENTATION_CONTEXT(2) 
PARAMETRIC_REPRESENTATION_CONTEXT() REPRESENTATION_CONTEXT('2D SPACE',''
  ) );
#15373 = ADVANCED_FACE('',(#15374),#14831,.F.);
#15374 = FACE_BOUND('',#15375,.F.);
#15375 = EDGE_LOOP('',(#15376,#15377,#15378,#15379));
#15376 = ORIENTED_EDGE('',*,*,#14984,.F.);
#15377 = ORIENTED_EDGE('',*,*,#14870,.F.);
#15378 = ORIENTED_EDGE('',*,*,#14815,.T.);
#15379 = ORIENTED_EDGE('',*,*,#15380,.F.);
#15380 = EDGE_CURVE('',#14962,#14788,#15381,.T.);
#15381 = SURFACE_CURVE('',#15382,(#15386,#15393),.PCURVE_S1.);
#15382 = LINE('',#15383,#15384);
#15383 = CARTESIAN_POINT('',(-10.20077143942,54.900203862412,
    55.499770871514));
#15384 = VECTOR('',#15385,1.);
#15385 = DIRECTION('',(0.999999999993,1.348965383841E-11,
    3.673205101862E-06));
#15386 = PCURVE('',#14831,#15387);
#15387 = DEFINITIONAL_REPRESENTATION('',(#15388),#15392);
#15388 = LINE('',#15389,#15390);
#15389 = CARTESIAN_POINT('',(37.6,1.045205014988E-14));
#15390 = VECTOR('',#15391,1.);
#15391 = DIRECTION('',(-2.838859326331E-16,-1.));
#15392 = ( GEOMETRIC_REPRESENTATION_CONTEXT(2) 
PARAMETRIC_REPRESENTATION_CONTEXT() REPRESENTATION_CONTEXT('2D SPACE',''
  ) );
#15393 = PCURVE('',#14803,#15394);
#15394 = DEFINITIONAL_REPRESENTATION('',(#15395),#15399);
#15395 = LINE('',#15396,#15397);
#15396 = CARTESIAN_POINT('',(41.5,-8.741987888148E-15));
#15397 = VECTOR('',#15398,1.);
#15398 = DIRECTION('',(-1.972741283578E-16,1.));
#15399 = ( GEOMETRIC_REPRESENTATION_CONTEXT(2) 
PARAMETRIC_REPRESENTATION_CONTEXT() REPRESENTATION_CONTEXT('2D SPACE',''
  ) );
#15400 = ADVANCED_FACE('',(#15401),#14803,.F.);
#15401 = FACE_BOUND('',#15402,.F.);
#15402 = EDGE_LOOP('',(#15403,#15404,#15405,#15406,#15407,#15408));
#15403 = ORIENTED_EDGE('',*,*,#14787,.F.);
#15404 = ORIENTED_EDGE('',*,*,#15193,.F.);
#15405 = ORIENTED_EDGE('',*,*,#15355,.F.);
#15406 = ORIENTED_EDGE('',*,*,#15330,.T.);
#15407 = ORIENTED_EDGE('',*,*,#14961,.T.);
#15408 = ORIENTED_EDGE('',*,*,#15380,.T.);
#15409 = ( GEOMETRIC_REPRESENTATION_CONTEXT(3) 
GLOBAL_UNCERTAINTY_ASSIGNED_CONTEXT((#15413)) 
GLOBAL_UNIT_ASSIGNED_CONTEXT((#15410,#15411,#15412)) 
REPRESENTATION_CONTEXT('Context #1',
  '3D Context with UNIT and UNCERTAINTY') );
#15410 = ( LENGTH_UNIT() NAMED_UNIT(*) SI_UNIT(.MILLI.,.METRE.) );
#15411 = ( NAMED_UNIT(*) PLANE_ANGLE_UNIT() SI_UNIT($,.RADIAN.) );
#15412 = ( NAMED_UNIT(*) SI_UNIT($,.STERADIAN.) SOLID_ANGLE_UNIT() );
#15413 = UNCERTAINTY_MEASURE_WITH_UNIT(LENGTH_MEASURE(2.E-04),#15410,
  'distance_accuracy_value','confusion accuracy');
#15414 = PRODUCT_RELATED_PRODUCT_CATEGORY('part',$,(#7));
ENDSEC;
END-ISO-10303-21;
