solid 
facet normal -1.0 0.0 -0.0
outer loop
vertex -18.399999618530273 -10.0 8.5
vertex -18.399999618530273 10.0 8.5
vertex -18.399999618530273 -10.0 0.8999999761581421
endloop
endfacet
facet normal -1.0 0.0 0.0
outer loop
vertex -18.399999618530273 -10.0 0.8999999761581421
vertex -18.399999618530273 10.0 8.5
vertex -18.399999618530273 10.0 0.8999999761581421
endloop
endfacet
facet normal 1.0 0.0 0.0
outer loop
vertex 22.5 10.0 8.5
vertex 22.5 -10.0 8.5
vertex 22.5 10.0 0.8999999761581421
endloop
endfacet
facet normal 1.0 0.0 0.0
outer loop
vertex 22.5 10.0 0.8999999761581421
vertex 22.5 -10.0 8.5
vertex 22.5 -10.0 0.8999999761581421
endloop
endfacet
facet normal -1.0 -0.0 -0.0
outer loop
vertex -18.399999618530273 10.0 -1.7000000476837158
vertex -18.399999618530273 10.0 -28.5
vertex -18.399999618530273 -10.0 -1.7000000476837158
endloop
endfacet
facet normal -1.0 -0.0 -0.0
outer loop
vertex -18.399999618530273 -10.0 -1.7000000476837158
vertex -18.399999618530273 10.0 -28.5
vertex -18.399999618530273 -10.0 -28.5
endloop
endfacet
facet normal 0.0 -1.0 0.0
outer loop
vertex -18.399999618530273 -10.0 -1.7000000476837158
vertex -18.399999618530273 -10.0 -28.5
vertex 22.5 -10.0 -28.5
endloop
endfacet
facet normal 0.0 -0.9999999999999999 0.0
outer loop
vertex 22.5 -10.0 0.8999999761581421
vertex 22.5 -10.0 8.5
vertex -18.399999618530273 -10.0 8.5
endloop
endfacet
facet normal -0.0 -1.0 -0.0
outer loop
vertex -18.399999618530273 -10.0 0.8999999761581421
vertex -24.94999885559082 -10.0 0.8999999761581421
vertex -24.94999885559082 -10.0 -1.7000000476837158
endloop
endfacet
facet normal 0.0 -1.0 0.0
outer loop
vertex 22.5 -10.0 -1.7000000476837158
vertex 29.049999237060547 -10.0 -1.7000000476837158
vertex 29.049999237060547 -10.0 0.8999999761581421
endloop
endfacet
facet normal -0.0 -1.0 -0.0
outer loop
vertex 29.049999237060547 -10.0 0.8999999761581421
vertex 22.5 -10.0 0.8999999761581421
vertex 22.5 -10.0 -1.7000000476837158
endloop
endfacet
facet normal 0.0 -1.0 0.0
outer loop
vertex 22.5 -10.0 -1.7000000476837158
vertex 22.5 -10.0 0.8999999761581421
vertex -18.399999618530273 -10.0 8.5
endloop
endfacet
facet normal -0.0 -1.0 -0.0
outer loop
vertex 22.5 -10.0 -1.7000000476837158
vertex -18.399999618530273 -10.0 8.5
vertex 22.5 -10.0 -28.5
endloop
endfacet
facet normal -0.0 -0.9999999999999999 -0.0
outer loop
vertex 22.5 -10.0 -28.5
vertex -18.399999618530273 -10.0 8.5
vertex -18.399999618530273 -10.0 0.8999999761581421
endloop
endfacet
facet normal -0.0 -1.0 -0.0
outer loop
vertex 22.5 -10.0 -28.5
vertex -18.399999618530273 -10.0 0.8999999761581421
vertex -18.399999618530273 -10.0 -1.7000000476837158
endloop
endfacet
facet normal -0.0 -1.0 0.0
outer loop
vertex -18.399999618530273 -10.0 -1.7000000476837158
vertex -18.399999618530273 -10.0 0.8999999761581421
vertex -24.94999885559082 -10.0 -1.7000000476837158
endloop
endfacet
facet normal 1.0 -0.0 0.0
outer loop
vertex 22.5 -10.0 -1.7000000476837158
vertex 22.5 -10.0 -28.5
vertex 22.5 10.0 -1.7000000476837158
endloop
endfacet
facet normal 1.0 -0.0 0.0
outer loop
vertex 22.5 10.0 -1.7000000476837158
vertex 22.5 -10.0 -28.5
vertex 22.5 10.0 -28.5
endloop
endfacet
facet normal 0.0 1.0 0.0
outer loop
vertex 22.5 10.0 -1.7000000476837158
vertex 22.5 10.0 -28.5
vertex -18.399999618530273 10.0 -28.5
endloop
endfacet
facet normal 0.0 0.9999999999999999 0.0
outer loop
vertex -18.399999618530273 10.0 0.8999999761581421
vertex -18.399999618530273 10.0 8.5
vertex 22.5 10.0 8.5
endloop
endfacet
facet normal -0.0 1.0 0.0
outer loop
vertex 22.5 10.0 0.8999999761581421
vertex 29.049999237060547 10.0 0.8999999761581421
vertex 29.049999237060547 10.0 -1.7000000476837158
endloop
endfacet
facet normal 0.0 1.0 -0.0
outer loop
vertex -18.399999618530273 10.0 -1.7000000476837158
vertex -24.94999885559082 10.0 -1.7000000476837158
vertex -24.94999885559082 10.0 0.8999999761581421
endloop
endfacet
facet normal -0.0 1.0 0.0
outer loop
vertex -24.94999885559082 10.0 0.8999999761581421
vertex -18.399999618530273 10.0 0.8999999761581421
vertex -18.399999618530273 10.0 -1.7000000476837158
endloop
endfacet
facet normal 0.0 1.0 0.0
outer loop
vertex -18.399999618530273 10.0 -1.7000000476837158
vertex -18.399999618530273 10.0 0.8999999761581421
vertex 22.5 10.0 8.5
endloop
endfacet
facet normal -0.0 1.0 0.0
outer loop
vertex -18.399999618530273 10.0 -1.7000000476837158
vertex 22.5 10.0 8.5
vertex -18.399999618530273 10.0 -28.5
endloop
endfacet
facet normal -0.0 0.9999999999999999 0.0
outer loop
vertex -18.399999618530273 10.0 -28.5
vertex 22.5 10.0 8.5
vertex 22.5 10.0 0.8999999761581421
endloop
endfacet
facet normal -0.0 1.0 0.0
outer loop
vertex -18.399999618530273 10.0 -28.5
vertex 22.5 10.0 0.8999999761581421
vertex 22.5 10.0 -1.7000000476837158
endloop
endfacet
facet normal -0.0 1.0 0.0
outer loop
vertex 22.5 10.0 -1.7000000476837158
vertex 22.5 10.0 0.8999999761581421
vertex 29.049999237060547 10.0 -1.7000000476837158
endloop
endfacet
facet normal 0.0 0.0 1.0
outer loop
vertex 18.997089385986328 -0.1944505274295807 8.5
vertex 18.991918563842773 -0.32399824261665344 8.5
vertex 22.5 -10.0 8.5
endloop
endfacet
facet normal 0.0 0.0 1.0
outer loop
vertex 18.90679931640625 -1.096778392791748 8.5
vertex 18.883649826049805 -1.2243458032608032 8.5
vertex 22.5 -10.0 8.5
endloop
endfacet
facet normal 0.0 0.0 1.0
outer loop
vertex 18.960922241210938 -0.7116621136665344 8.5
vertex 18.945444107055664 -0.8403856158256531 8.5
vertex 22.5 -10.0 8.5
endloop
endfacet
facet normal 0.0 0.0 1.0
outer loop
vertex 22.5 -10.0 8.5
vertex 18.945444107055664 -0.8403856158256531 8.5
vertex 18.927400588989258 -0.9687747359275818 8.5
endloop
endfacet
facet normal 0.0 0.0 1.0
outer loop
vertex 22.5 -10.0 8.5
vertex 18.927400588989258 -0.9687747359275818 8.5
vertex 18.90679931640625 -1.096778392791748 8.5
endloop
endfacet
facet normal 0.0 0.0 0.9999999999999999
outer loop
vertex 18.883649826049805 -1.2243458032608032 8.5
vertex 18.857959747314453 -1.3514260053634644 8.5
vertex 22.5 -10.0 8.5
endloop
endfacet
facet normal 0.0 0.0 1.0
outer loop
vertex 22.5 -10.0 8.5
vertex 18.857959747314453 -1.3514260053634644 8.5
vertex 18.829740524291992 -1.4779685735702515 8.5
endloop
endfacet
facet normal 0.0 0.0 1.0
outer loop
vertex 22.5 -10.0 8.5
vertex 18.829740524291992 -1.4779685735702515 8.5
vertex 18.79900360107422 -1.6039230823516846 8.5
endloop
endfacet
facet normal -0.0 0.0 1.0
outer loop
vertex 18.177152633666992 3.1654274463653564 8.5
vertex 18.239158630371094 3.051565170288086 8.5
vertex 22.5 10.0 8.5
endloop
endfacet
facet normal -0.0 0.0 1.0
outer loop
vertex 18.997089385986328 0.1944505274295807 8.5
vertex 18.999677658081055 0.06482544541358948 8.5
vertex 22.5 10.0 8.5
endloop
endfacet
facet normal 0.0 0.0 1.0
outer loop
vertex 22.5 10.0 8.5
vertex 18.999677658081055 0.06482544541358948 8.5
vertex 19.0 2.388061375775967e-15 8.5
endloop
endfacet
facet normal 0.0 0.0 1.0
outer loop
vertex 22.5 10.0 8.5
vertex 19.0 2.388061375775967e-15 8.5
vertex 22.5 -10.0 8.5
endloop
endfacet
facet normal 0.0 0.0 1.0
outer loop
vertex 22.5 -10.0 8.5
vertex 19.0 2.388061375775967e-15 8.5
vertex 18.999677658081055 -0.06482544541358948 8.5
endloop
endfacet
facet normal 0.0 0.0 1.0
outer loop
vertex 22.5 -10.0 8.5
vertex 18.999677658081055 -0.06482544541358948 8.5
vertex 18.997089385986328 -0.1944505274295807 8.5
endloop
endfacet
facet normal 0.0 0.0 1.0
outer loop
vertex 18.991918563842773 -0.32399824261665344 8.5
vertex 18.984167098999023 -0.4534170627593994 8.5
vertex 22.5 -10.0 8.5
endloop
endfacet
facet normal 0.0 0.0 1.0
outer loop
vertex 22.5 -10.0 8.5
vertex 18.984167098999023 -0.4534170627593994 8.5
vertex 18.973833084106445 -0.5826554894447327 8.5
endloop
endfacet
facet normal 0.0 0.0 1.0
outer loop
vertex 22.5 -10.0 8.5
vertex 18.973833084106445 -0.5826554894447327 8.5
vertex 18.960922241210938 -0.7116621136665344 8.5
endloop
endfacet
facet normal 0.0 0.0 1.0
outer loop
vertex 18.79900360107422 -1.6039230823516846 8.5
vertex 18.765758514404297 -1.7292394638061523 8.5
vertex 22.5 -10.0 8.5
endloop
endfacet
facet normal 0.0 0.0 1.0
outer loop
vertex 22.5 -10.0 8.5
vertex 18.765758514404297 -1.7292394638061523 8.5
vertex 18.730022430419922 -1.8538678884506226 8.5
endloop
endfacet
facet normal 0.0 0.0 1.0
outer loop
vertex 22.5 -10.0 8.5
vertex 18.730022430419922 -1.8538678884506226 8.5
vertex 18.69180679321289 -1.977758765220642 8.5
endloop
endfacet
facet normal 0.0 -0.0 1.0
outer loop
vertex 18.177152633666992 3.1654274463653564 8.5
vertex 22.5 10.0 8.5
vertex 18.11288833618164 3.2780301570892334 8.5
endloop
endfacet
facet normal -0.0 0.0 1.0
outer loop
vertex 18.239158630371094 3.051565170288086 8.5
vertex 18.29888153076172 2.9364888668060303 8.5
vertex 22.5 10.0 8.5
endloop
endfacet
facet normal 0.0 0.0 0.9999999999999999
outer loop
vertex 22.5 10.0 8.5
vertex 18.29888153076172 2.9364888668060303 8.5
vertex 18.35629653930664 2.820244312286377 8.5
endloop
endfacet
facet normal 0.0 0.0 1.0
outer loop
vertex 22.5 10.0 8.5
vertex 18.35629653930664 2.820244312286377 8.5
vertex 18.4113826751709 2.7028775215148926 8.5
endloop
endfacet
facet normal -0.0 0.0 1.0
outer loop
vertex 18.4113826751709 2.7028775215148926 8.5
vertex 18.4641170501709 2.5844357013702393 8.5
vertex 22.5 10.0 8.5
endloop
endfacet
facet normal 0.0 0.0 0.9999999999999999
outer loop
vertex 22.5 10.0 8.5
vertex 18.4641170501709 2.5844357013702393 8.5
vertex 18.51447868347168 2.464965343475342 8.5
endloop
endfacet
facet normal 0.0 0.0 0.9999999999999999
outer loop
vertex 22.5 10.0 8.5
vertex 18.51447868347168 2.464965343475342 8.5
vertex 18.56244468688965 2.3445146083831787 8.5
endloop
endfacet
facet normal -0.0 0.0 1.0
outer loop
vertex 18.945444107055664 0.8403856158256531 8.5
vertex 18.960922241210938 0.7116621136665344 8.5
vertex 22.5 10.0 8.5
endloop
endfacet
facet normal 0.0 0.0 1.0
outer loop
vertex 22.5 10.0 8.5
vertex 18.960922241210938 0.7116621136665344 8.5
vertex 18.973833084106445 0.5826554894447327 8.5
endloop
endfacet
facet normal -0.0 0.0 1.0
outer loop
vertex 18.973833084106445 0.5826554894447327 8.5
vertex 18.984167098999023 0.4534170627593994 8.5
vertex 22.5 10.0 8.5
endloop
endfacet
facet normal 0.0 0.0 1.0
outer loop
vertex 22.5 10.0 8.5
vertex 18.984167098999023 0.4534170627593994 8.5
vertex 18.991918563842773 0.32399824261665344 8.5
endloop
endfacet
facet normal 0.0 0.0 1.0
outer loop
vertex 22.5 10.0 8.5
vertex 18.991918563842773 0.32399824261665344 8.5
vertex 18.997089385986328 0.1944505274295807 8.5
endloop
endfacet
facet normal 0.0 0.0 1.0
outer loop
vertex 18.69180679321289 -1.977758765220642 8.5
vertex 18.651126861572266 -2.100862741470337 8.5
vertex 22.5 -10.0 8.5
endloop
endfacet
facet normal 0.0 0.0 0.9999999999999999
outer loop
vertex 22.5 -10.0 8.5
vertex 18.651126861572266 -2.100862741470337 8.5
vertex 18.608001708984375 -2.223130941390991 8.5
endloop
endfacet
facet normal 0.0 0.0 1.0
outer loop
vertex 22.5 -10.0 8.5
vertex 18.608001708984375 -2.223130941390991 8.5
vertex 18.56244468688965 -2.3445146083831787 8.5
endloop
endfacet
facet normal 0.0 0.0 1.0
outer loop
vertex 22.5 -10.0 8.5
vertex 17.83376693725586 -3.7149596214294434 8.5
vertex 17.758609771728516 -3.820604085922241 8.5
endloop
endfacet
facet normal -0.0 0.0 1.0
outer loop
vertex 18.56244468688965 2.3445146083831787 8.5
vertex 18.608001708984375 2.223130941390991 8.5
vertex 22.5 10.0 8.5
endloop
endfacet
facet normal 0.0 0.0 0.9999999999999999
outer loop
vertex 22.5 10.0 8.5
vertex 18.608001708984375 2.223130941390991 8.5
vertex 18.651126861572266 2.100862741470337 8.5
endloop
endfacet
facet normal 0.0 0.0 1.0
outer loop
vertex 22.5 10.0 8.5
vertex 18.651126861572266 2.100862741470337 8.5
vertex 18.69180679321289 1.977758765220642 8.5
endloop
endfacet
facet normal -0.0 0.0 1.0
outer loop
vertex 18.69180679321289 1.977758765220642 8.5
vertex 18.730022430419922 1.8538678884506226 8.5
vertex 22.5 10.0 8.5
endloop
endfacet
facet normal 0.0 0.0 1.0
outer loop
vertex 22.5 10.0 8.5
vertex 18.730022430419922 1.8538678884506226 8.5
vertex 18.765758514404297 1.7292394638061523 8.5
endloop
endfacet
facet normal 0.0 0.0 1.0
outer loop
vertex 22.5 10.0 8.5
vertex 18.765758514404297 1.7292394638061523 8.5
vertex 18.79900360107422 1.6039230823516846 8.5
endloop
endfacet
facet normal -0.0 0.0 1.0
outer loop
vertex 18.883649826049805 1.2243458032608032 8.5
vertex 18.90679931640625 1.096778392791748 8.5
vertex 22.5 10.0 8.5
endloop
endfacet
facet normal 0.0 0.0 1.0
outer loop
vertex 22.5 10.0 8.5
vertex 18.90679931640625 1.096778392791748 8.5
vertex 18.927400588989258 0.9687747359275818 8.5
endloop
endfacet
facet normal 0.0 0.0 1.0
outer loop
vertex 22.5 10.0 8.5
vertex 18.927400588989258 0.9687747359275818 8.5
vertex 18.945444107055664 0.8403856158256531 8.5
endloop
endfacet
facet normal 0.0 0.0 0.9999999999999999
outer loop
vertex 18.56244468688965 -2.3445146083831787 8.5
vertex 18.51447868347168 -2.464965343475342 8.5
vertex 22.5 -10.0 8.5
endloop
endfacet
facet normal 0.0 0.0 0.9999999999999999
outer loop
vertex 22.5 -10.0 8.5
vertex 18.51447868347168 -2.464965343475342 8.5
vertex 18.4641170501709 -2.5844357013702393 8.5
endloop
endfacet
facet normal 0.0 0.0 1.0
outer loop
vertex 22.5 -10.0 8.5
vertex 18.4641170501709 -2.5844357013702393 8.5
vertex 18.4113826751709 -2.7028775215148926 8.5
endloop
endfacet
facet normal 0.0 0.0 1.0
outer loop
vertex 18.4113826751709 -2.7028775215148926 8.5
vertex 18.35629653930664 -2.820244312286377 8.5
vertex 22.5 -10.0 8.5
endloop
endfacet
facet normal 0.0 0.0 0.9999999999999999
outer loop
vertex 22.5 -10.0 8.5
vertex 18.35629653930664 -2.820244312286377 8.5
vertex 18.29888153076172 -2.9364888668060303 8.5
endloop
endfacet
facet normal 0.0 0.0 1.0
outer loop
vertex 22.5 -10.0 8.5
vertex 18.29888153076172 -2.9364888668060303 8.5
vertex 18.239158630371094 -3.051565170288086 8.5
endloop
endfacet
facet normal 0.0 0.0 1.0
outer loop
vertex 18.239158630371094 -3.051565170288086 8.5
vertex 18.177152633666992 -3.1654274463653564 8.5
vertex 22.5 -10.0 8.5
endloop
endfacet
facet normal 0.0 0.0 1.0
outer loop
vertex 22.5 -10.0 8.5
vertex 18.177152633666992 -3.1654274463653564 8.5
vertex 18.11288833618164 -3.2780301570892334 8.5
endloop
endfacet
facet normal 0.0 0.0 0.9999999999999999
outer loop
vertex 22.5 -10.0 8.5
vertex 18.11288833618164 -3.2780301570892334 8.5
vertex 18.046390533447266 -3.389328718185425 8.5
endloop
endfacet
facet normal -0.0 0.0 1.0
outer loop
vertex 18.79900360107422 1.6039230823516846 8.5
vertex 18.829740524291992 1.4779685735702515 8.5
vertex 22.5 10.0 8.5
endloop
endfacet
facet normal 0.0 0.0 1.0
outer loop
vertex 22.5 10.0 8.5
vertex 18.829740524291992 1.4779685735702515 8.5
vertex 18.857959747314453 1.3514260053634644 8.5
endloop
endfacet
facet normal 0.0 0.0 0.9999999999999999
outer loop
vertex 22.5 10.0 8.5
vertex 18.857959747314453 1.3514260053634644 8.5
vertex 18.883649826049805 1.2243458032608032 8.5
endloop
endfacet
facet normal 0.0 0.0 1.0
outer loop
vertex 18.046390533447266 -3.389328718185425 8.5
vertex 17.977685928344727 -3.499279022216797 8.5
vertex 22.5 -10.0 8.5
endloop
endfacet
facet normal 0.0 0.0 0.9999999999999999
outer loop
vertex 22.5 -10.0 8.5
vertex 17.977685928344727 -3.499279022216797 8.5
vertex 17.906801223754883 -3.607836961746216 8.5
endloop
endfacet
facet normal 0.0 0.0 1.0
outer loop
vertex 22.5 -10.0 8.5
vertex 17.906801223754883 -3.607836961746216 8.5
vertex 17.83376693725586 -3.7149596214294434 8.5
endloop
endfacet
facet normal 0.0 0.0 1.0
outer loop
vertex 17.758609771728516 -3.820604085922241 8.5
vertex 17.68136215209961 -3.9247288703918457 8.5
vertex 22.5 -10.0 8.5
endloop
endfacet
facet normal 0.0 0.0 1.0
outer loop
vertex 22.5 -10.0 8.5
vertex 17.68136215209961 -3.9247288703918457 8.5
vertex 17.60205078125 -4.027291774749756 8.5
endloop
endfacet
facet normal 0.0 0.0 0.9999999999999999
outer loop
vertex 22.5 -10.0 8.5
vertex 17.60205078125 -4.027291774749756 8.5
vertex 17.520709991455078 -4.1282525062561035 8.5
endloop
endfacet
facet normal 0.0 0.0 0.9999999999999999
outer loop
vertex 17.520709991455078 -4.1282525062561035 8.5
vertex 17.4373722076416 -4.227570533752441 8.5
vertex 22.5 -10.0 8.5
endloop
endfacet
facet normal 0.0 0.0 0.9999999999999999
outer loop
vertex 22.5 -10.0 8.5
vertex 17.4373722076416 -4.227570533752441 8.5
vertex 17.352069854736328 -4.325207233428955 8.5
endloop
endfacet
facet normal 0.0 0.0 0.9999999999999999
outer loop
vertex 22.5 -10.0 8.5
vertex 17.352069854736328 -4.325207233428955 8.5
vertex 17.26483726501465 -4.421123027801514 8.5
endloop
endfacet
facet normal 0.0 0.0 1.0
outer loop
vertex 16.398841857910156 -5.200868129730225 8.5
vertex 16.294334411621094 -5.277596950531006 8.5
vertex 22.5 -10.0 8.5
endloop
endfacet
facet normal 0.0 0.0 0.9999999999999999
outer loop
vertex 22.5 -10.0 8.5
vertex 16.294334411621094 -5.277596950531006 8.5
vertex 16.188316345214844 -5.352226257324219 8.5
endloop
endfacet
facet normal 0.0 0.0 1.0
outer loop
vertex 22.5 -10.0 8.5
vertex 16.188316345214844 -5.352226257324219 8.5
vertex 16.080829620361328 -5.424726486206055 8.5
endloop
endfacet
facet normal 0.0 0.0 1.0
outer loop
vertex 8.150650978088379 -4.830441474914551 8.5
vertex 8.055171966552734 -4.74273157119751 8.5
vertex -18.399999618530273 -10.0 8.5
endloop
endfacet
facet normal 0.0 0.0 0.9999999999999999
outer loop
vertex 17.26483726501465 -4.421123027801514 8.5
vertex 17.175708770751953 -4.515279769897461 8.5
vertex 22.5 -10.0 8.5
endloop
endfacet
facet normal 0.0 0.0 1.0
outer loop
vertex 22.5 -10.0 8.5
vertex 17.175708770751953 -4.515279769897461 8.5
vertex 17.084718704223633 -4.607639789581299 8.5
endloop
endfacet
facet normal 0.0 0.0 1.0
outer loop
vertex 22.5 -10.0 8.5
vertex 17.084718704223633 -4.607639789581299 8.5
vertex 16.991907119750977 -4.698166847229004 8.5
endloop
endfacet
facet normal 0.0 -0.0 1.0
outer loop
vertex -18.399999618530273 -10.0 8.5
vertex 9.53463077545166 -5.7841668128967285 8.5
vertex 9.419854164123535 -5.723870754241943 8.5
endloop
endfacet
facet normal 0.0 0.0 1.0
outer loop
vertex 9.419854164123535 -5.723870754241943 8.5
vertex 9.306302070617676 -5.6612982749938965 8.5
vertex -18.399999618530273 -10.0 8.5
endloop
endfacet
facet normal 0.0 -0.0 1.0
outer loop
vertex -18.399999618530273 -10.0 8.5
vertex 9.306302070617676 -5.6612982749938965 8.5
vertex 9.194021224975586 -5.596472263336182 8.5
endloop
endfacet
facet normal 0.0 -0.0 1.0
outer loop
vertex -18.399999618530273 -10.0 8.5
vertex 9.194021224975586 -5.596472263336182 8.5
vertex 9.08305549621582 -5.529420375823975 8.5
endloop
endfacet
facet normal -0.0 0.0 0.9999999999999999
outer loop
vertex 17.906801223754883 3.607836961746216 8.5
vertex 17.977685928344727 3.499279022216797 8.5
vertex 22.5 10.0 8.5
endloop
endfacet
facet normal 0.0 0.0 1.0
outer loop
vertex 22.5 10.0 8.5
vertex 17.977685928344727 3.499279022216797 8.5
vertex 18.046390533447266 3.389328718185425 8.5
endloop
endfacet
facet normal 0.0 0.0 0.9999999999999999
outer loop
vertex 22.5 10.0 8.5
vertex 18.046390533447266 3.389328718185425 8.5
vertex 18.11288833618164 3.2780301570892334 8.5
endloop
endfacet
facet normal 0.0 0.0 1.0
outer loop
vertex 16.991907119750977 -4.698166847229004 8.5
vertex 16.897308349609375 -4.7868242263793945 8.5
vertex 22.5 -10.0 8.5
endloop
endfacet
facet normal 0.0 0.0 1.0
outer loop
vertex 22.5 -10.0 8.5
vertex 16.897308349609375 -4.7868242263793945 8.5
vertex 16.80095863342285 -4.873578071594238 8.5
endloop
endfacet
facet normal 0.0 0.0 0.9999999999999999
outer loop
vertex 22.5 -10.0 8.5
vertex 16.80095863342285 -4.873578071594238 8.5
vertex 16.702898025512695 -4.958392143249512 8.5
endloop
endfacet
facet normal 0.0 0.0 1.0
outer loop
vertex 16.080829620361328 -5.424726486206055 8.5
vertex 15.971919059753418 -5.495067596435547 8.5
vertex 22.5 -10.0 8.5
endloop
endfacet
facet normal 0.0 0.0 1.0
outer loop
vertex 22.5 -10.0 8.5
vertex 15.971919059753418 -5.495067596435547 8.5
vertex 15.861628532409668 -5.563223361968994 8.5
endloop
endfacet
facet normal 0.0 0.0 0.9999999999999999
outer loop
vertex 22.5 -10.0 8.5
vertex 15.861628532409668 -5.563223361968994 8.5
vertex 15.75 -5.629165172576904 8.5
endloop
endfacet
facet normal 0.0 0.0 1.0
outer loop
vertex 9.885855674743652 -5.951155662536621 8.5
vertex 9.767677307128906 -5.897831439971924 8.5
vertex -18.399999618530273 -10.0 8.5
endloop
endfacet
facet normal 0.0 -0.0 1.0
outer loop
vertex -18.399999618530273 -10.0 8.5
vertex 9.767677307128906 -5.897831439971924 8.5
vertex 9.65058708190918 -5.842161178588867 8.5
endloop
endfacet
facet normal 0.0 -0.0 1.0
outer loop
vertex -18.399999618530273 -10.0 8.5
vertex 9.65058708190918 -5.842161178588867 8.5
vertex 9.53463077545166 -5.7841668128967285 8.5
endloop
endfacet
facet normal 0.0 0.0 1.0
outer loop
vertex 9.08305549621582 -5.529420375823975 8.5
vertex 8.97344970703125 -5.460168838500977 8.5
vertex -18.399999618530273 -10.0 8.5
endloop
endfacet
facet normal 0.0 -0.0 1.0
outer loop
vertex -18.399999618530273 -10.0 8.5
vertex 8.97344970703125 -5.460168838500977 8.5
vertex 8.865246772766113 -5.388744354248047 8.5
endloop
endfacet
facet normal 0.0 -0.0 1.0
outer loop
vertex -18.399999618530273 -10.0 8.5
vertex 8.865246772766113 -5.388744354248047 8.5
vertex 8.758488655090332 -5.315176010131836 8.5
endloop
endfacet
facet normal 0.0 0.0 1.0
outer loop
vertex 8.758488655090332 -5.315176010131836 8.5
vertex 8.653221130371094 -5.239493370056152 8.5
vertex -18.399999618530273 -10.0 8.5
endloop
endfacet
facet normal 0.0 -0.0 0.9999999999999999
outer loop
vertex -18.399999618530273 -10.0 8.5
vertex 8.653221130371094 -5.239493370056152 8.5
vertex 8.549482345581055 -5.161725997924805 8.5
endloop
endfacet
facet normal 0.0 -0.0 1.0
outer loop
vertex -18.399999618530273 -10.0 8.5
vertex 8.549482345581055 -5.161725997924805 8.5
vertex 8.44731616973877 -5.081904411315918 8.5
endloop
endfacet
facet normal 0.0 0.0 0.9999999999999999
outer loop
vertex 8.44731616973877 -5.081904411315918 8.5
vertex 8.346762657165527 -5.000061988830566 8.5
vertex -18.399999618530273 -10.0 8.5
endloop
endfacet
facet normal 0.0 -0.0 1.0
outer loop
vertex -18.399999618530273 -10.0 8.5
vertex 8.346762657165527 -5.000061988830566 8.5
vertex 8.2478609085083 -4.916229248046875 8.5
endloop
endfacet
facet normal 0.0 -0.0 1.0
outer loop
vertex -18.399999618530273 -10.0 8.5
vertex 8.2478609085083 -4.916229248046875 8.5
vertex 8.150650978088379 -4.830441474914551 8.5
endloop
endfacet
facet normal 0.0 0.0 1.0
outer loop
vertex 6.104457855224609 -1.1606197357177734 8.5
vertex 6.082581043243408 -1.0328278541564941 8.5
vertex -18.399999618530273 -10.0 8.5
endloop
endfacet
facet normal 0.0 -0.0 1.0
outer loop
vertex 6.011634349822998 0.38872700929641724 8.5
vertex 6.0206780433654785 0.5180620551109314 8.5
vertex -18.399999618530273 10.0 8.5
endloop
endfacet
facet normal -0.0 0.0 1.0
outer loop
vertex 17.084718704223633 4.607639789581299 8.5
vertex 17.175708770751953 4.515279769897461 8.5
vertex 22.5 10.0 8.5
endloop
endfacet
facet normal 0.0 0.0 1.0
outer loop
vertex 16.702898025512695 -4.958392143249512 8.5
vertex 16.603164672851562 -5.041233539581299 8.5
vertex 22.5 -10.0 8.5
endloop
endfacet
facet normal 0.0 0.0 1.0
outer loop
vertex 22.5 -10.0 8.5
vertex 16.603164672851562 -5.041233539581299 8.5
vertex 16.501798629760742 -5.122069835662842 8.5
endloop
endfacet
facet normal 0.0 0.0 0.9999999999999999
outer loop
vertex 22.5 -10.0 8.5
vertex 16.501798629760742 -5.122069835662842 8.5
vertex 16.398841857910156 -5.200868129730225 8.5
endloop
endfacet
facet normal 0.0 0.0 1.0
outer loop
vertex 15.054662704467773 -5.976930618286133 8.5
vertex 14.934943199157715 -6.026695251464844 8.5
vertex 22.5 -10.0 8.5
endloop
endfacet
facet normal 0.0 0.0 0.9999999999999999
outer loop
vertex 22.5 -10.0 8.5
vertex 14.934943199157715 -6.026695251464844 8.5
vertex 14.814253807067871 -6.074061393737793 8.5
endloop
endfacet
facet normal 0.0 0.0 1.0
outer loop
vertex 22.5 -10.0 8.5
vertex 14.814253807067871 -6.074061393737793 8.5
vertex 14.692644119262695 -6.119011878967285 8.5
endloop
endfacet
facet normal 0.0 0.0 1.0
outer loop
vertex 7.779492378234863 -4.468423366546631 8.5
vertex 7.691307544708252 -4.373382091522217 8.5
vertex -18.399999618530273 -10.0 8.5
endloop
endfacet
facet normal 0.0 -0.0 1.0
outer loop
vertex -18.399999618530273 -10.0 8.5
vertex 7.691307544708252 -4.373382091522217 8.5
vertex 7.605035305023193 -4.276601791381836 8.5
endloop
endfacet
facet normal 0.0 -0.0 1.0
outer loop
vertex -18.399999618530273 -10.0 8.5
vertex 7.605035305023193 -4.276601791381836 8.5
vertex 7.5207109451293945 -4.17811918258667 8.5
endloop
endfacet
facet normal 0.0 0.0 1.0
outer loop
vertex 7.5207109451293945 -4.17811918258667 8.5
vertex 7.43836784362793 -4.077974796295166 8.5
vertex -18.399999618530273 -10.0 8.5
endloop
endfacet
facet normal 0.0 -0.0 1.0
outer loop
vertex -18.399999618530273 -10.0 8.5
vertex 7.43836784362793 -4.077974796295166 8.5
vertex 7.358038425445557 -3.976208209991455 8.5
endloop
endfacet
facet normal 0.0 -0.0 1.0
outer loop
vertex -18.399999618530273 -10.0 8.5
vertex 7.358038425445557 -3.976208209991455 8.5
vertex 7.279754638671875 -3.872859001159668 8.5
endloop
endfacet
facet normal -0.0 0.0 1.0
outer loop
vertex -18.399999618530273 10.0 8.5
vertex 8.055171966552734 4.74273157119751 8.5
vertex 8.150650978088379 4.830441474914551 8.5
endloop
endfacet
facet normal -0.0 0.0 1.0
outer loop
vertex 14.32277774810791 6.239189147949219 8.5
vertex 14.446858406066895 6.201592445373535 8.5
vertex 22.5 10.0 8.5
endloop
endfacet
facet normal -0.0 0.0 1.0
outer loop
vertex 14.446858406066895 6.201592445373535 8.5
vertex 14.57016372680664 6.161527633666992 8.5
vertex 22.5 10.0 8.5
endloop
endfacet
facet normal 0.0 0.0 1.0
outer loop
vertex 22.5 10.0 8.5
vertex 14.57016372680664 6.161527633666992 8.5
vertex 14.692644119262695 6.119011878967285 8.5
endloop
endfacet
facet normal 0.0 0.0 1.0
outer loop
vertex 22.5 10.0 8.5
vertex 14.692644119262695 6.119011878967285 8.5
vertex 14.814253807067871 6.074061393737793 8.5
endloop
endfacet
facet normal 0.0 0.0 1.0
outer loop
vertex 8.055171966552734 -4.74273157119751 8.5
vertex 7.961460590362549 -4.653134346008301 8.5
vertex -18.399999618530273 -10.0 8.5
endloop
endfacet
facet normal 0.0 -0.0 1.0
outer loop
vertex -18.399999618530273 -10.0 8.5
vertex 7.961460590362549 -4.653134346008301 8.5
vertex 7.869555473327637 -4.5616865158081055 8.5
endloop
endfacet
facet normal 0.0 -0.0 1.0
outer loop
vertex -18.399999618530273 -10.0 8.5
vertex 7.869555473327637 -4.5616865158081055 8.5
vertex 7.779492378234863 -4.468423366546631 8.5
endloop
endfacet
facet normal -0.0 0.0 0.9999999999999999
outer loop
vertex 6.104457855224609 -1.1606197357177734 8.5
vertex -18.399999618530273 -10.0 8.5
vertex 6.128878593444824 -1.2879499197006226 8.5
endloop
endfacet
facet normal 0.0 0.0 1.0
outer loop
vertex 6.032299995422363 -0.6471909880638123 8.5
vertex 6.0206780433654785 -0.5180620551109314 8.5
vertex -18.399999618530273 -10.0 8.5
endloop
endfacet
facet normal 0.0 -0.0 1.0
outer loop
vertex -18.399999618530273 -10.0 8.5
vertex 6.0206780433654785 -0.5180620551109314 8.5
vertex 6.011634349822998 -0.38872700929641724 8.5
endloop
endfacet
facet normal 0.0 -0.0 1.0
outer loop
vertex -18.399999618530273 -10.0 8.5
vertex 6.011634349822998 -0.38872700929641724 8.5
vertex 6.005171775817871 -0.25923728942871094 8.5
endloop
endfacet
facet normal 0.0 0.0 1.0
outer loop
vertex 6.011634349822998 0.38872700929641724 8.5
vertex -18.399999618530273 10.0 8.5
vertex 6.005171775817871 0.25923728942871094 8.5
endloop
endfacet
facet normal -0.0 0.0 0.9999999999999999
outer loop
vertex 16.188316345214844 5.352226257324219 8.5
vertex 16.294334411621094 5.277596950531006 8.5
vertex 22.5 10.0 8.5
endloop
endfacet
facet normal 0.0 0.0 1.0
outer loop
vertex 22.5 10.0 8.5
vertex 16.294334411621094 5.277596950531006 8.5
vertex 16.398841857910156 5.200868129730225 8.5
endloop
endfacet
facet normal 0.0 0.0 0.9999999999999999
outer loop
vertex 22.5 10.0 8.5
vertex 16.398841857910156 5.200868129730225 8.5
vertex 16.501798629760742 5.122069835662842 8.5
endloop
endfacet
facet normal -0.0 0.0 0.9999999999999999
outer loop
vertex 17.175708770751953 4.515279769897461 8.5
vertex 17.26483726501465 4.421123027801514 8.5
vertex 22.5 10.0 8.5
endloop
endfacet
facet normal 0.0 0.0 0.9999999999999999
outer loop
vertex 22.5 10.0 8.5
vertex 17.26483726501465 4.421123027801514 8.5
vertex 17.352069854736328 4.325207233428955 8.5
endloop
endfacet
facet normal 0.0 0.0 0.9999999999999999
outer loop
vertex 22.5 10.0 8.5
vertex 17.352069854736328 4.325207233428955 8.5
vertex 17.4373722076416 4.227570533752441 8.5
endloop
endfacet
facet normal -0.0 0.0 1.0
outer loop
vertex 17.68136215209961 3.9247288703918457 8.5
vertex 17.758609771728516 3.820604085922241 8.5
vertex 22.5 10.0 8.5
endloop
endfacet
facet normal 0.0 0.0 1.0
outer loop
vertex 22.5 10.0 8.5
vertex 17.758609771728516 3.820604085922241 8.5
vertex 17.83376693725586 3.7149596214294434 8.5
endloop
endfacet
facet normal 0.0 0.0 1.0
outer loop
vertex 22.5 10.0 8.5
vertex 17.83376693725586 3.7149596214294434 8.5
vertex 17.906801223754883 3.607836961746216 8.5
endloop
endfacet
facet normal 0.0 0.0 0.9999999999999999
outer loop
vertex 15.75 -5.629165172576904 8.5
vertex 15.637077331542969 -5.692867755889893 8.5
vertex 22.5 -10.0 8.5
endloop
endfacet
facet normal 0.0 0.0 0.9999999999999999
outer loop
vertex 22.5 -10.0 8.5
vertex 15.637077331542969 -5.692867755889893 8.5
vertex 15.522908210754395 -5.754304885864258 8.5
endloop
endfacet
facet normal 0.0 0.0 1.0
outer loop
vertex 22.5 -10.0 8.5
vertex 15.522908210754395 -5.754304885864258 8.5
vertex 15.407535552978516 -5.813453197479248 8.5
endloop
endfacet
facet normal 0.0 0.0 0.9999999999999999
outer loop
vertex 15.407535552978516 -5.813453197479248 8.5
vertex 15.291006088256836 -5.870288372039795 8.5
vertex 22.5 -10.0 8.5
endloop
endfacet
facet normal 0.0 0.0 1.0
outer loop
vertex 22.5 -10.0 8.5
vertex 15.291006088256836 -5.870288372039795 8.5
vertex 15.17336654663086 -5.924787998199463 8.5
endloop
endfacet
facet normal 0.0 0.0 1.0
outer loop
vertex 22.5 -10.0 8.5
vertex 15.17336654663086 -5.924787998199463 8.5
vertex 15.054662704467773 -5.976930618286133 8.5
endloop
endfacet
facet normal 0.0 0.0 1.0
outer loop
vertex 13.946386337280273 -6.337031364440918 8.5
vertex 13.81970500946045 -6.364619255065918 8.5
vertex 22.5 -10.0 8.5
endloop
endfacet
facet normal 0.0 0.0 1.0
outer loop
vertex 22.5 -10.0 8.5
vertex 13.81970500946045 -6.364619255065918 8.5
vertex 13.692497253417969 -6.389675140380859 8.5
endloop
endfacet
facet normal 0.0 0.0 0.9999999999999999
outer loop
vertex 6.005171775817871 -0.25923728942871094 8.5
vertex 6.001293182373047 -0.12964443862438202 8.5
vertex -18.399999618530273 -10.0 8.5
endloop
endfacet
facet normal 0.0 -0.0 1.0
outer loop
vertex -18.399999618530273 -10.0 8.5
vertex 6.001293182373047 -0.12964443862438202 8.5
vertex 6.0 0.0 8.5
endloop
endfacet
facet normal 0.0 -0.0 0.9999999999999999
outer loop
vertex -18.399999618530273 -10.0 8.5
vertex 6.0 0.0 8.5
vertex -18.399999618530273 10.0 8.5
endloop
endfacet
facet normal -0.0 0.0 1.0
outer loop
vertex -18.399999618530273 10.0 8.5
vertex 6.0 0.0 8.5
vertex 6.001293182373047 0.12964443862438202 8.5
endloop
endfacet
facet normal -0.0 0.0 0.9999999999999999
outer loop
vertex -18.399999618530273 10.0 8.5
vertex 6.001293182373047 0.12964443862438202 8.5
vertex 6.005171775817871 0.25923728942871094 8.5
endloop
endfacet
facet normal -0.0 0.0 1.0
outer loop
vertex -18.399999618530273 10.0 8.5
vertex 8.758488655090332 5.315176010131836 8.5
vertex 8.865246772766113 5.388744354248047 8.5
endloop
endfacet
facet normal 0.0 -0.0 1.0
outer loop
vertex 8.865246772766113 5.388744354248047 8.5
vertex 8.97344970703125 5.460168838500977 8.5
vertex -18.399999618530273 10.0 8.5
endloop
endfacet
facet normal -0.0 0.0 1.0
outer loop
vertex -18.399999618530273 10.0 8.5
vertex 8.97344970703125 5.460168838500977 8.5
vertex 9.08305549621582 5.529420375823975 8.5
endloop
endfacet
facet normal -0.0 0.0 1.0
outer loop
vertex -18.399999618530273 10.0 8.5
vertex 9.08305549621582 5.529420375823975 8.5
vertex 9.194021224975586 5.596472263336182 8.5
endloop
endfacet
facet normal 0.0 -0.0 1.0
outer loop
vertex 9.194021224975586 5.596472263336182 8.5
vertex 9.306302070617676 5.6612982749938965 8.5
vertex -18.399999618530273 10.0 8.5
endloop
endfacet
facet normal -0.0 0.0 1.0
outer loop
vertex -18.399999618530273 10.0 8.5
vertex 9.306302070617676 5.6612982749938965 8.5
vertex 9.419854164123535 5.723870754241943 8.5
endloop
endfacet
facet normal -0.0 0.0 1.0
outer loop
vertex -18.399999618530273 10.0 8.5
vertex 9.419854164123535 5.723870754241943 8.5
vertex 9.53463077545166 5.7841668128967285 8.5
endloop
endfacet
facet normal 0.0 -0.0 1.0
outer loop
vertex 9.53463077545166 5.7841668128967285 8.5
vertex 9.65058708190918 5.842161178588867 8.5
vertex -18.399999618530273 10.0 8.5
endloop
endfacet
facet normal -0.0 0.0 1.0
outer loop
vertex -18.399999618530273 10.0 8.5
vertex 9.65058708190918 5.842161178588867 8.5
vertex 9.767677307128906 5.897831439971924 8.5
endloop
endfacet
facet normal -0.0 0.0 1.0
outer loop
vertex -18.399999618530273 10.0 8.5
vertex 9.767677307128906 5.897831439971924 8.5
vertex 9.885855674743652 5.951155662536621 8.5
endloop
endfacet
facet normal 0.0 -0.0 1.0
outer loop
vertex 9.885855674743652 5.951155662536621 8.5
vertex 10.005072593688965 6.002111434936523 8.5
vertex -18.399999618530273 10.0 8.5
endloop
endfacet
facet normal -0.0 0.0 0.9999999999999999
outer loop
vertex -18.399999618530273 10.0 8.5
vertex 10.005072593688965 6.002111434936523 8.5
vertex 10.125283241271973 6.0506792068481445 8.5
endloop
endfacet
facet normal -0.0 0.0 1.0
outer loop
vertex -18.399999618530273 10.0 8.5
vertex 10.125283241271973 6.0506792068481445 8.5
vertex 10.246438026428223 6.0968403816223145 8.5
endloop
endfacet
facet normal 0.0 -0.0 1.0
outer loop
vertex 10.246438026428223 6.0968403816223145 8.5
vertex 10.368489265441895 6.140575408935547 8.5
vertex -18.399999618530273 10.0 8.5
endloop
endfacet
facet normal -0.0 0.0 1.0
outer loop
vertex -18.399999618530273 10.0 8.5
vertex 10.368489265441895 6.140575408935547 8.5
vertex 10.491390228271484 6.1818671226501465 8.5
endloop
endfacet
facet normal -0.0 0.0 1.0
outer loop
vertex -18.399999618530273 10.0 8.5
vertex 10.491390228271484 6.1818671226501465 8.5
vertex 10.61508846282959 6.220699787139893 8.5
endloop
endfacet
facet normal -0.0 0.0 0.9999999999999999
outer loop
vertex 13.179435729980469 6.464392185211182 8.5
vertex 13.308234214782715 6.449554920196533 8.5
vertex 22.5 10.0 8.5
endloop
endfacet
facet normal -0.0 0.0 1.0
outer loop
vertex 13.692497253417969 6.389675140380859 8.5
vertex 13.81970500946045 6.364619255065918 8.5
vertex 22.5 10.0 8.5
endloop
endfacet
facet normal 0.0 0.0 1.0
outer loop
vertex 22.5 10.0 8.5
vertex 13.81970500946045 6.364619255065918 8.5
vertex 13.946386337280273 6.337031364440918 8.5
endloop
endfacet
facet normal -0.0 0.0 1.0
outer loop
vertex 16.501798629760742 5.122069835662842 8.5
vertex 16.603164672851562 5.041233539581299 8.5
vertex 22.5 10.0 8.5
endloop
endfacet
facet normal 0.0 0.0 1.0
outer loop
vertex 22.5 10.0 8.5
vertex 16.603164672851562 5.041233539581299 8.5
vertex 16.702898025512695 4.958392143249512 8.5
endloop
endfacet
facet normal 0.0 0.0 0.9999999999999999
outer loop
vertex 22.5 10.0 8.5
vertex 16.702898025512695 4.958392143249512 8.5
vertex 16.80095863342285 4.873578071594238 8.5
endloop
endfacet
facet normal -0.0 0.0 1.0
outer loop
vertex 16.80095863342285 4.873578071594238 8.5
vertex 16.897308349609375 4.7868242263793945 8.5
vertex 22.5 10.0 8.5
endloop
endfacet
facet normal 0.0 0.0 1.0
outer loop
vertex 22.5 10.0 8.5
vertex 16.897308349609375 4.7868242263793945 8.5
vertex 16.991907119750977 4.698166847229004 8.5
endloop
endfacet
facet normal 0.0 0.0 1.0
outer loop
vertex 22.5 10.0 8.5
vertex 16.991907119750977 4.698166847229004 8.5
vertex 17.084718704223633 4.607639789581299 8.5
endloop
endfacet
facet normal -0.0 0.0 0.9999999999999999
outer loop
vertex 17.4373722076416 4.227570533752441 8.5
vertex 17.520709991455078 4.1282525062561035 8.5
vertex 22.5 10.0 8.5
endloop
endfacet
facet normal 0.0 0.0 0.9999999999999999
outer loop
vertex 22.5 10.0 8.5
vertex 17.520709991455078 4.1282525062561035 8.5
vertex 17.60205078125 4.027291774749756 8.5
endloop
endfacet
facet normal 0.0 0.0 1.0
outer loop
vertex 22.5 10.0 8.5
vertex 17.60205078125 4.027291774749756 8.5
vertex 17.68136215209961 3.9247288703918457 8.5
endloop
endfacet
facet normal 0.0 0.0 0.9999999999999999
outer loop
vertex 12.532413482666016 -6.4999189376831055 8.5
vertex 12.402763366699219 -6.49927282333374 8.5
vertex 22.5 -10.0 8.5
endloop
endfacet
facet normal 0.0 0.0 1.0
outer loop
vertex 22.5 -10.0 8.5
vertex 12.402763366699219 -6.49927282333374 8.5
vertex 12.273153305053711 -6.496040344238281 8.5
endloop
endfacet
facet normal 0.0 0.0 1.0
outer loop
vertex 22.5 -10.0 8.5
vertex 12.273153305053711 -6.496040344238281 8.5
vertex 12.143632888793945 -6.490223407745361 8.5
endloop
endfacet
facet normal 0.0 0.0 1.0
outer loop
vertex 12.143632888793945 -6.490223407745361 8.5
vertex 12.014253616333008 -6.48182487487793 8.5
vertex 22.5 -10.0 8.5
endloop
endfacet
facet normal 0.0 0.0 1.0
outer loop
vertex 22.5 -10.0 8.5
vertex 12.014253616333008 -6.48182487487793 8.5
vertex 11.885068893432617 -6.470847129821777 8.5
endloop
endfacet
facet normal 0.0 0.0 1.0
outer loop
vertex 22.5 -10.0 8.5
vertex 11.885068893432617 -6.470847129821777 8.5
vertex -18.399999618530273 -10.0 8.5
endloop
endfacet
facet normal 0.0 -0.0 1.0
outer loop
vertex -18.399999618530273 -10.0 8.5
vertex 11.885068893432617 -6.470847129821777 8.5
vertex 11.756128311157227 -6.457294940948486 8.5
endloop
endfacet
facet normal 0.0 0.0 0.9999999999999999
outer loop
vertex 11.756128311157227 -6.457294940948486 8.5
vertex 11.627484321594238 -6.441173553466797 8.5
vertex -18.399999618530273 -10.0 8.5
endloop
endfacet
facet normal 0.0 -0.0 1.0
outer loop
vertex -18.399999618530273 -10.0 8.5
vertex 11.627484321594238 -6.441173553466797 8.5
vertex 11.499186515808105 -6.422489643096924 8.5
endloop
endfacet
facet normal 0.0 -0.0 1.0
outer loop
vertex -18.399999618530273 -10.0 8.5
vertex 11.499186515808105 -6.422489643096924 8.5
vertex 11.371286392211914 -6.401250839233398 8.5
endloop
endfacet
facet normal 0.0 0.0 1.0
outer loop
vertex 11.371286392211914 -6.401250839233398 8.5
vertex 11.243837356567383 -6.377464771270752 8.5
vertex -18.399999618530273 -10.0 8.5
endloop
endfacet
facet normal 0.0 -0.0 1.0
outer loop
vertex -18.399999618530273 -10.0 8.5
vertex 11.243837356567383 -6.377464771270752 8.5
vertex 11.1168851852417 -6.351141452789307 8.5
endloop
endfacet
facet normal 0.0 -0.0 1.0
outer loop
vertex -18.399999618530273 -10.0 8.5
vertex 11.1168851852417 -6.351141452789307 8.5
vertex 10.990485191345215 -6.322291374206543 8.5
endloop
endfacet
facet normal 0.0 0.0 1.0
outer loop
vertex 10.990485191345215 -6.322291374206543 8.5
vertex 10.864686012268066 -6.2909255027771 8.5
vertex -18.399999618530273 -10.0 8.5
endloop
endfacet
facet normal 0.0 -0.0 1.0
outer loop
vertex -18.399999618530273 -10.0 8.5
vertex 10.864686012268066 -6.2909255027771 8.5
vertex 10.739537239074707 -6.2570576667785645 8.5
endloop
endfacet
facet normal 0.0 -0.0 1.0
outer loop
vertex -18.399999618530273 -10.0 8.5
vertex 10.739537239074707 -6.2570576667785645 8.5
vertex 10.61508846282959 -6.220699787139893 8.5
endloop
endfacet
facet normal 0.0 0.0 1.0
outer loop
vertex 10.61508846282959 -6.220699787139893 8.5
vertex 10.491390228271484 -6.1818671226501465 8.5
vertex -18.399999618530273 -10.0 8.5
endloop
endfacet
facet normal 0.0 -0.0 1.0
outer loop
vertex -18.399999618530273 -10.0 8.5
vertex 10.491390228271484 -6.1818671226501465 8.5
vertex 10.368489265441895 -6.140575408935547 8.5
endloop
endfacet
facet normal 0.0 -0.0 1.0
outer loop
vertex -18.399999618530273 -10.0 8.5
vertex 10.368489265441895 -6.140575408935547 8.5
vertex 10.246438026428223 -6.0968403816223145 8.5
endloop
endfacet
facet normal 0.0 0.0 1.0
outer loop
vertex 6.082581043243408 -1.0328278541564941 8.5
vertex 6.063257217407227 -0.9046251773834229 8.5
vertex -18.399999618530273 -10.0 8.5
endloop
endfacet
facet normal 0.0 -0.0 1.0
outer loop
vertex -18.399999618530273 -10.0 8.5
vertex 6.063257217407227 -0.9046251773834229 8.5
vertex 6.046494960784912 -0.7760624885559082 8.5
endloop
endfacet
facet normal 0.0 -0.0 1.0
outer loop
vertex -18.399999618530273 -10.0 8.5
vertex 6.046494960784912 -0.7760624885559082 8.5
vertex 6.032299995422363 -0.6471909880638123 8.5
endloop
endfacet
facet normal 0.0 -0.0 1.0
outer loop
vertex 6.0206780433654785 0.5180620551109314 8.5
vertex 6.032299995422363 0.6471909880638123 8.5
vertex -18.399999618530273 10.0 8.5
endloop
endfacet
facet normal -0.0 0.0 1.0
outer loop
vertex -18.399999618530273 10.0 8.5
vertex 6.032299995422363 0.6471909880638123 8.5
vertex 6.046494960784912 0.7760624885559082 8.5
endloop
endfacet
facet normal -0.0 0.0 1.0
outer loop
vertex -18.399999618530273 10.0 8.5
vertex 6.046494960784912 0.7760624885559082 8.5
vertex 6.063257217407227 0.9046251773834229 8.5
endloop
endfacet
facet normal 0.0 -0.0 1.0
outer loop
vertex 7.691307544708252 4.373382091522217 8.5
vertex 7.779492378234863 4.468423366546631 8.5
vertex -18.399999618530273 10.0 8.5
endloop
endfacet
facet normal 0.0 -0.0 1.0
outer loop
vertex 8.150650978088379 4.830441474914551 8.5
vertex 8.2478609085083 4.916229248046875 8.5
vertex -18.399999618530273 10.0 8.5
endloop
endfacet
facet normal -0.0 0.0 1.0
outer loop
vertex -18.399999618530273 10.0 8.5
vertex 8.2478609085083 4.916229248046875 8.5
vertex 8.346762657165527 5.000061988830566 8.5
endloop
endfacet
facet normal -0.0 0.0 0.9999999999999999
outer loop
vertex -18.399999618530273 10.0 8.5
vertex 8.346762657165527 5.000061988830566 8.5
vertex 8.44731616973877 5.081904411315918 8.5
endloop
endfacet
facet normal -0.0 0.0 1.0
outer loop
vertex 13.308234214782715 6.449554920196533 8.5
vertex 13.436711311340332 6.4321513175964355 8.5
vertex 22.5 10.0 8.5
endloop
endfacet
facet normal 0.0 0.0 1.0
outer loop
vertex 22.5 10.0 8.5
vertex 13.436711311340332 6.4321513175964355 8.5
vertex 13.56481647491455 6.41218900680542 8.5
endloop
endfacet
facet normal 0.0 0.0 1.0
outer loop
vertex 22.5 10.0 8.5
vertex 13.56481647491455 6.41218900680542 8.5
vertex 13.692497253417969 6.389675140380859 8.5
endloop
endfacet
facet normal -0.0 0.0 1.0
outer loop
vertex 13.946386337280273 6.337031364440918 8.5
vertex 14.072492599487305 6.30692195892334 8.5
vertex 22.5 10.0 8.5
endloop
endfacet
facet normal 0.0 0.0 1.0
outer loop
vertex 22.5 10.0 8.5
vertex 14.072492599487305 6.30692195892334 8.5
vertex 14.197972297668457 6.274303913116455 8.5
endloop
endfacet
facet normal 0.0 0.0 1.0
outer loop
vertex 22.5 10.0 8.5
vertex 14.197972297668457 6.274303913116455 8.5
vertex 14.32277774810791 6.239189147949219 8.5
endloop
endfacet
facet normal -0.0 0.0 0.9999999999999999
outer loop
vertex 14.814253807067871 6.074061393737793 8.5
vertex 14.934943199157715 6.026695251464844 8.5
vertex 22.5 10.0 8.5
endloop
endfacet
facet normal 0.0 0.0 1.0
outer loop
vertex 22.5 10.0 8.5
vertex 14.934943199157715 6.026695251464844 8.5
vertex 15.054662704467773 5.976930618286133 8.5
endloop
endfacet
facet normal 0.0 0.0 1.0
outer loop
vertex 22.5 10.0 8.5
vertex 15.054662704467773 5.976930618286133 8.5
vertex 15.17336654663086 5.924787998199463 8.5
endloop
endfacet
facet normal -0.0 0.0 1.0
outer loop
vertex 15.861628532409668 5.563223361968994 8.5
vertex 15.971919059753418 5.495067596435547 8.5
vertex 22.5 10.0 8.5
endloop
endfacet
facet normal 0.0 0.0 1.0
outer loop
vertex 22.5 10.0 8.5
vertex 15.971919059753418 5.495067596435547 8.5
vertex 16.080829620361328 5.424726486206055 8.5
endloop
endfacet
facet normal 0.0 0.0 1.0
outer loop
vertex 22.5 10.0 8.5
vertex 16.080829620361328 5.424726486206055 8.5
vertex 16.188316345214844 5.352226257324219 8.5
endloop
endfacet
facet normal 0.0 0.0 1.0
outer loop
vertex 14.692644119262695 -6.119011878967285 8.5
vertex 14.57016372680664 -6.161527633666992 8.5
vertex 22.5 -10.0 8.5
endloop
endfacet
facet normal 0.0 0.0 1.0
outer loop
vertex 22.5 -10.0 8.5
vertex 14.57016372680664 -6.161527633666992 8.5
vertex 14.446858406066895 -6.201592445373535 8.5
endloop
endfacet
facet normal 0.0 0.0 1.0
outer loop
vertex 22.5 -10.0 8.5
vertex 14.446858406066895 -6.201592445373535 8.5
vertex 14.32277774810791 -6.239189147949219 8.5
endloop
endfacet
facet normal 0.0 0.0 1.0
outer loop
vertex 13.692497253417969 -6.389675140380859 8.5
vertex 13.56481647491455 -6.41218900680542 8.5
vertex 22.5 -10.0 8.5
endloop
endfacet
facet normal 0.0 0.0 1.0
outer loop
vertex 22.5 -10.0 8.5
vertex 13.56481647491455 -6.41218900680542 8.5
vertex 13.436711311340332 -6.4321513175964355 8.5
endloop
endfacet
facet normal 0.0 0.0 1.0
outer loop
vertex 22.5 -10.0 8.5
vertex 13.436711311340332 -6.4321513175964355 8.5
vertex 13.308234214782715 -6.449554920196533 8.5
endloop
endfacet
facet normal 0.0 0.0 0.9999999999999999
outer loop
vertex 13.308234214782715 -6.449554920196533 8.5
vertex 13.179435729980469 -6.464392185211182 8.5
vertex 22.5 -10.0 8.5
endloop
endfacet
facet normal 0.0 0.0 1.0
outer loop
vertex 22.5 -10.0 8.5
vertex 13.179435729980469 -6.464392185211182 8.5
vertex 13.050365447998047 -6.476657867431641 8.5
endloop
endfacet
facet normal 0.0 0.0 1.0
outer loop
vertex 22.5 -10.0 8.5
vertex 13.050365447998047 -6.476657867431641 8.5
vertex 12.921076774597168 -6.48634672164917 8.5
endloop
endfacet
facet normal 0.0 0.0 1.0
outer loop
vertex 12.921076774597168 -6.48634672164917 8.5
vertex 12.791621208190918 -6.493454933166504 8.5
vertex 22.5 -10.0 8.5
endloop
endfacet
facet normal 0.0 0.0 0.9999999999999999
outer loop
vertex 22.5 -10.0 8.5
vertex 12.791621208190918 -6.493454933166504 8.5
vertex 12.662049293518066 -6.497979640960693 8.5
endloop
endfacet
facet normal 0.0 0.0 1.0
outer loop
vertex 22.5 -10.0 8.5
vertex 12.662049293518066 -6.497979640960693 8.5
vertex 12.532413482666016 -6.4999189376831055 8.5
endloop
endfacet
facet normal 0.0 0.0 1.0
outer loop
vertex 10.246438026428223 -6.0968403816223145 8.5
vertex 10.125283241271973 -6.0506792068481445 8.5
vertex -18.399999618530273 -10.0 8.5
endloop
endfacet
facet normal 0.0 -0.0 0.9999999999999999
outer loop
vertex -18.399999618530273 -10.0 8.5
vertex 10.125283241271973 -6.0506792068481445 8.5
vertex 10.005072593688965 -6.002111434936523 8.5
endloop
endfacet
facet normal 0.0 -0.0 1.0
outer loop
vertex -18.399999618530273 -10.0 8.5
vertex 10.005072593688965 -6.002111434936523 8.5
vertex 9.885855674743652 -5.951155662536621 8.5
endloop
endfacet
facet normal 0.0 0.0 1.0
outer loop
vertex 6.672120094299316 -2.878509759902954 8.5
vertex 6.6158671379089355 -2.7616982460021973 8.5
vertex -18.399999618530273 -10.0 8.5
endloop
endfacet
facet normal 0.0 0.0 1.0
outer loop
vertex 6.46123743057251 -2.404859781265259 8.5
vertex 6.414473533630371 -2.2839362621307373 8.5
vertex -18.399999618530273 -10.0 8.5
endloop
endfacet
facet normal 0.0 -0.0 1.0
outer loop
vertex -18.399999618530273 -10.0 8.5
vertex 6.414473533630371 -2.2839362621307373 8.5
vertex 6.3701300621032715 -2.162104368209839 8.5
endloop
endfacet
facet normal 0.0 -0.0 1.0
outer loop
vertex -18.399999618530273 -10.0 8.5
vertex 6.3701300621032715 -2.162104368209839 8.5
vertex 6.328225612640381 -2.039412260055542 8.5
endloop
endfacet
facet normal 0.0 0.0 1.0
outer loop
vertex 6.328225612640381 -2.039412260055542 8.5
vertex 6.288776874542236 -1.915908694267273 8.5
vertex -18.399999618530273 -10.0 8.5
endloop
endfacet
facet normal 0.0 -0.0 1.0
outer loop
vertex -18.399999618530273 -10.0 8.5
vertex 6.288776874542236 -1.915908694267273 8.5
vertex 6.2517991065979 -1.7916429042816162 8.5
endloop
endfacet
facet normal 0.0 -0.0 0.9999999999999999
outer loop
vertex -18.399999618530273 -10.0 8.5
vertex 6.2517991065979 -1.7916429042816162 8.5
vertex 6.217307090759277 -1.6666641235351562 8.5
endloop
endfacet
facet normal 0.0 0.0 1.0
outer loop
vertex 6.217307090759277 -1.6666641235351562 8.5
vertex 6.185314655303955 -1.5410224199295044 8.5
vertex -18.399999618530273 -10.0 8.5
endloop
endfacet
facet normal 0.0 -0.0 1.0
outer loop
vertex -18.399999618530273 -10.0 8.5
vertex 6.185314655303955 -1.5410224199295044 8.5
vertex 6.155834674835205 -1.4147676229476929 8.5
endloop
endfacet
facet normal 0.0 -0.0 1.0
outer loop
vertex -18.399999618530273 -10.0 8.5
vertex 6.155834674835205 -1.4147676229476929 8.5
vertex 6.128878593444824 -1.2879499197006226 8.5
endloop
endfacet
facet normal 0.0 -0.0 1.0
outer loop
vertex 7.779492378234863 4.468423366546631 8.5
vertex 7.869555473327637 4.5616865158081055 8.5
vertex -18.399999618530273 10.0 8.5
endloop
endfacet
facet normal -0.0 0.0 1.0
outer loop
vertex -18.399999618530273 10.0 8.5
vertex 7.869555473327637 4.5616865158081055 8.5
vertex 7.961460590362549 4.653134346008301 8.5
endloop
endfacet
facet normal -0.0 0.0 1.0
outer loop
vertex -18.399999618530273 10.0 8.5
vertex 7.961460590362549 4.653134346008301 8.5
vertex 8.055171966552734 4.74273157119751 8.5
endloop
endfacet
facet normal 0.0 -0.0 1.0
outer loop
vertex 8.44731616973877 5.081904411315918 8.5
vertex 8.549482345581055 5.161725997924805 8.5
vertex -18.399999618530273 10.0 8.5
endloop
endfacet
facet normal -0.0 0.0 0.9999999999999999
outer loop
vertex -18.399999618530273 10.0 8.5
vertex 8.549482345581055 5.161725997924805 8.5
vertex 8.653221130371094 5.239493370056152 8.5
endloop
endfacet
facet normal -0.0 0.0 1.0
outer loop
vertex -18.399999618530273 10.0 8.5
vertex 8.653221130371094 5.239493370056152 8.5
vertex 8.758488655090332 5.315176010131836 8.5
endloop
endfacet
facet normal 0.0 0.0 1.0
outer loop
vertex 14.32277774810791 -6.239189147949219 8.5
vertex 14.197972297668457 -6.274303913116455 8.5
vertex 22.5 -10.0 8.5
endloop
endfacet
facet normal 0.0 0.0 1.0
outer loop
vertex 22.5 -10.0 8.5
vertex 14.197972297668457 -6.274303913116455 8.5
vertex 14.072492599487305 -6.30692195892334 8.5
endloop
endfacet
facet normal 0.0 0.0 1.0
outer loop
vertex 22.5 -10.0 8.5
vertex 14.072492599487305 -6.30692195892334 8.5
vertex 13.946386337280273 -6.337031364440918 8.5
endloop
endfacet
facet normal 0.0 0.0 1.0
outer loop
vertex 7.279754638671875 -3.872859001159668 8.5
vertex 7.203547954559326 -3.7679693698883057 8.5
vertex -18.399999618530273 -10.0 8.5
endloop
endfacet
facet normal 0.0 -0.0 1.0
outer loop
vertex -18.399999618530273 -10.0 8.5
vertex 7.203547954559326 -3.7679693698883057 8.5
vertex 7.129447937011719 -3.6615803241729736 8.5
endloop
endfacet
facet normal 0.0 -0.0 1.0
outer loop
vertex -18.399999618530273 -10.0 8.5
vertex 7.129447937011719 -3.6615803241729736 8.5
vertex 7.057485103607178 -3.553734540939331 8.5
endloop
endfacet
facet normal 0.0 0.0 1.0
outer loop
vertex 6.6158671379089355 -2.7616982460021973 8.5
vertex 6.561954498291016 -2.6437883377075195 8.5
vertex -18.399999618530273 -10.0 8.5
endloop
endfacet
facet normal 0.0 -0.0 0.9999999999999999
outer loop
vertex -18.399999618530273 -10.0 8.5
vertex 6.561954498291016 -2.6437883377075195 8.5
vertex 6.510404586791992 -2.5248262882232666 8.5
endloop
endfacet
facet normal 0.0 -0.0 0.9999999999999999
outer loop
vertex -18.399999618530273 -10.0 8.5
vertex 6.510404586791992 -2.5248262882232666 8.5
vertex 6.46123743057251 -2.404859781265259 8.5
endloop
endfacet
facet normal 0.0 0.0 1.0
outer loop
vertex 6.414473533630371 2.2839362621307373 8.5
vertex -18.399999618530273 10.0 8.5
vertex 6.3701300621032715 2.162104368209839 8.5
endloop
endfacet
facet normal 0.0 0.0 1.0
outer loop
vertex 6.3701300621032715 2.162104368209839 8.5
vertex -18.399999618530273 10.0 8.5
vertex 6.328225612640381 2.039412260055542 8.5
endloop
endfacet
facet normal 0.0 0.0 1.0
outer loop
vertex 6.854698657989502 3.221889019012451 8.5
vertex -18.399999618530273 10.0 8.5
vertex 6.791560173034668 3.1086509227752686 8.5
endloop
endfacet
facet normal 0.0 0.0 1.0
outer loop
vertex 6.791560173034668 3.1086509227752686 8.5
vertex -18.399999618530273 10.0 8.5
vertex 6.730692386627197 2.994175910949707 8.5
endloop
endfacet
facet normal 0.0 -0.0 1.0
outer loop
vertex 7.057485103607178 3.553734540939331 8.5
vertex 7.129447937011719 3.6615803241729736 8.5
vertex -18.399999618530273 10.0 8.5
endloop
endfacet
facet normal -0.0 0.0 1.0
outer loop
vertex -18.399999618530273 10.0 8.5
vertex 7.129447937011719 3.6615803241729736 8.5
vertex 7.203547954559326 3.7679693698883057 8.5
endloop
endfacet
facet normal 0.0 0.0 1.0
outer loop
vertex 12.014253616333008 6.48182487487793 8.5
vertex 12.143632888793945 6.490223407745361 8.5
vertex 22.5 10.0 8.5
endloop
endfacet
facet normal -0.0 0.0 1.0
outer loop
vertex 22.5 10.0 8.5
vertex 12.143632888793945 6.490223407745361 8.5
vertex 12.273153305053711 6.496040344238281 8.5
endloop
endfacet
facet normal -0.0 0.0 1.0
outer loop
vertex 22.5 10.0 8.5
vertex 12.273153305053711 6.496040344238281 8.5
vertex 12.402763366699219 6.49927282333374 8.5
endloop
endfacet
facet normal -0.0 0.0 1.0
outer loop
vertex 12.791621208190918 6.493454933166504 8.5
vertex 12.921076774597168 6.48634672164917 8.5
vertex 22.5 10.0 8.5
endloop
endfacet
facet normal 0.0 0.0 1.0
outer loop
vertex 22.5 10.0 8.5
vertex 12.921076774597168 6.48634672164917 8.5
vertex 13.050365447998047 6.476657867431641 8.5
endloop
endfacet
facet normal 0.0 0.0 1.0
outer loop
vertex 22.5 10.0 8.5
vertex 13.050365447998047 6.476657867431641 8.5
vertex 13.179435729980469 6.464392185211182 8.5
endloop
endfacet
facet normal -0.0 0.0 1.0
outer loop
vertex 15.17336654663086 5.924787998199463 8.5
vertex 15.291006088256836 5.870288372039795 8.5
vertex 22.5 10.0 8.5
endloop
endfacet
facet normal 0.0 0.0 0.9999999999999999
outer loop
vertex 22.5 10.0 8.5
vertex 15.291006088256836 5.870288372039795 8.5
vertex 15.407535552978516 5.813453197479248 8.5
endloop
endfacet
facet normal 0.0 0.0 1.0
outer loop
vertex 22.5 10.0 8.5
vertex 15.407535552978516 5.813453197479248 8.5
vertex 15.522908210754395 5.754304885864258 8.5
endloop
endfacet
facet normal -0.0 0.0 0.9999999999999999
outer loop
vertex 15.522908210754395 5.754304885864258 8.5
vertex 15.637077331542969 5.692867755889893 8.5
vertex 22.5 10.0 8.5
endloop
endfacet
facet normal 0.0 0.0 0.9999999999999999
outer loop
vertex 22.5 10.0 8.5
vertex 15.637077331542969 5.692867755889893 8.5
vertex 15.75 5.629165172576904 8.5
endloop
endfacet
facet normal 0.0 0.0 0.9999999999999999
outer loop
vertex 22.5 10.0 8.5
vertex 15.75 5.629165172576904 8.5
vertex 15.861628532409668 5.563223361968994 8.5
endloop
endfacet
facet normal 0.0 0.0 1.0
outer loop
vertex 7.057485103607178 -3.553734540939331 8.5
vertex 6.987687110900879 -3.4444751739501953 8.5
vertex -18.399999618530273 -10.0 8.5
endloop
endfacet
facet normal 0.0 -0.0 1.0
outer loop
vertex -18.399999618530273 -10.0 8.5
vertex 6.987687110900879 -3.4444751739501953 8.5
vertex 6.920083045959473 -3.333845376968384 8.5
endloop
endfacet
facet normal 0.0 -0.0 1.0
outer loop
vertex -18.399999618530273 -10.0 8.5
vertex 6.920083045959473 -3.333845376968384 8.5
vertex 6.854698657989502 -3.221889019012451 8.5
endloop
endfacet
facet normal 0.0 0.0 1.0
outer loop
vertex 6.854698657989502 -3.221889019012451 8.5
vertex 6.791560173034668 -3.1086509227752686 8.5
vertex -18.399999618530273 -10.0 8.5
endloop
endfacet
facet normal 0.0 -0.0 1.0
outer loop
vertex -18.399999618530273 -10.0 8.5
vertex 6.791560173034668 -3.1086509227752686 8.5
vertex 6.730692386627197 -2.994175910949707 8.5
endloop
endfacet
facet normal 0.0 -0.0 0.9999999999999999
outer loop
vertex -18.399999618530273 -10.0 8.5
vertex 6.730692386627197 -2.994175910949707 8.5
vertex 6.672120094299316 -2.878509759902954 8.5
endloop
endfacet
facet normal 0.0 -0.0 1.0
outer loop
vertex 6.063257217407227 0.9046251773834229 8.5
vertex 6.082581043243408 1.0328278541564941 8.5
vertex -18.399999618530273 10.0 8.5
endloop
endfacet
facet normal -0.0 0.0 1.0
outer loop
vertex -18.399999618530273 10.0 8.5
vertex 6.082581043243408 1.0328278541564941 8.5
vertex 6.104457855224609 1.1606197357177734 8.5
endloop
endfacet
facet normal -0.0 0.0 0.9999999999999999
outer loop
vertex -18.399999618530273 10.0 8.5
vertex 6.104457855224609 1.1606197357177734 8.5
vertex 6.128878593444824 1.2879499197006226 8.5
endloop
endfacet
facet normal 0.0 -0.0 1.0
outer loop
vertex 6.128878593444824 1.2879499197006226 8.5
vertex 6.155834674835205 1.4147676229476929 8.5
vertex -18.399999618530273 10.0 8.5
endloop
endfacet
facet normal -0.0 0.0 1.0
outer loop
vertex -18.399999618530273 10.0 8.5
vertex 6.155834674835205 1.4147676229476929 8.5
vertex 6.185314655303955 1.5410224199295044 8.5
endloop
endfacet
facet normal -0.0 0.0 1.0
outer loop
vertex -18.399999618530273 10.0 8.5
vertex 6.185314655303955 1.5410224199295044 8.5
vertex 6.217307090759277 1.6666641235351562 8.5
endloop
endfacet
facet normal 0.0 -0.0 0.9999999999999999
outer loop
vertex 6.217307090759277 1.6666641235351562 8.5
vertex 6.2517991065979 1.7916429042816162 8.5
vertex -18.399999618530273 10.0 8.5
endloop
endfacet
facet normal -0.0 0.0 1.0
outer loop
vertex -18.399999618530273 10.0 8.5
vertex 6.2517991065979 1.7916429042816162 8.5
vertex 6.288776874542236 1.915908694267273 8.5
endloop
endfacet
facet normal -0.0 0.0 1.0
outer loop
vertex -18.399999618530273 10.0 8.5
vertex 6.288776874542236 1.915908694267273 8.5
vertex 6.328225612640381 2.039412260055542 8.5
endloop
endfacet
facet normal 0.0 -0.0 1.0
outer loop
vertex 6.414473533630371 2.2839362621307373 8.5
vertex 6.46123743057251 2.404859781265259 8.5
vertex -18.399999618530273 10.0 8.5
endloop
endfacet
facet normal -0.0 0.0 0.9999999999999999
outer loop
vertex -18.399999618530273 10.0 8.5
vertex 6.46123743057251 2.404859781265259 8.5
vertex 6.510404586791992 2.5248262882232666 8.5
endloop
endfacet
facet normal -0.0 0.0 0.9999999999999999
outer loop
vertex -18.399999618530273 10.0 8.5
vertex 6.510404586791992 2.5248262882232666 8.5
vertex 6.561954498291016 2.6437883377075195 8.5
endloop
endfacet
facet normal 0.0 -0.0 1.0
outer loop
vertex 6.561954498291016 2.6437883377075195 8.5
vertex 6.6158671379089355 2.7616982460021973 8.5
vertex -18.399999618530273 10.0 8.5
endloop
endfacet
facet normal -0.0 0.0 1.0
outer loop
vertex -18.399999618530273 10.0 8.5
vertex 6.6158671379089355 2.7616982460021973 8.5
vertex 6.672120094299316 2.878509759902954 8.5
endloop
endfacet
facet normal -0.0 0.0 0.9999999999999999
outer loop
vertex -18.399999618530273 10.0 8.5
vertex 6.672120094299316 2.878509759902954 8.5
vertex 6.730692386627197 2.994175910949707 8.5
endloop
endfacet
facet normal 0.0 -0.0 1.0
outer loop
vertex 6.854698657989502 3.221889019012451 8.5
vertex 6.920083045959473 3.333845376968384 8.5
vertex -18.399999618530273 10.0 8.5
endloop
endfacet
facet normal -0.0 0.0 1.0
outer loop
vertex -18.399999618530273 10.0 8.5
vertex 6.920083045959473 3.333845376968384 8.5
vertex 6.987687110900879 3.4444751739501953 8.5
endloop
endfacet
facet normal -0.0 0.0 1.0
outer loop
vertex -18.399999618530273 10.0 8.5
vertex 6.987687110900879 3.4444751739501953 8.5
vertex 7.057485103607178 3.553734540939331 8.5
endloop
endfacet
facet normal 0.0 -0.0 1.0
outer loop
vertex 7.203547954559326 3.7679693698883057 8.5
vertex 7.279754638671875 3.872859001159668 8.5
vertex -18.399999618530273 10.0 8.5
endloop
endfacet
facet normal -0.0 0.0 1.0
outer loop
vertex -18.399999618530273 10.0 8.5
vertex 7.279754638671875 3.872859001159668 8.5
vertex 7.358038425445557 3.976208209991455 8.5
endloop
endfacet
facet normal -0.0 0.0 1.0
outer loop
vertex -18.399999618530273 10.0 8.5
vertex 7.358038425445557 3.976208209991455 8.5
vertex 7.43836784362793 4.077974796295166 8.5
endloop
endfacet
facet normal 0.0 -0.0 1.0
outer loop
vertex 7.43836784362793 4.077974796295166 8.5
vertex 7.5207109451293945 4.17811918258667 8.5
vertex -18.399999618530273 10.0 8.5
endloop
endfacet
facet normal -0.0 0.0 1.0
outer loop
vertex -18.399999618530273 10.0 8.5
vertex 7.5207109451293945 4.17811918258667 8.5
vertex 7.605035305023193 4.276601791381836 8.5
endloop
endfacet
facet normal -0.0 0.0 1.0
outer loop
vertex -18.399999618530273 10.0 8.5
vertex 7.605035305023193 4.276601791381836 8.5
vertex 7.691307544708252 4.373382091522217 8.5
endloop
endfacet
facet normal 0.0 0.0 1.0
outer loop
vertex 11.1168851852417 6.351141452789307 8.5
vertex 11.243837356567383 6.377464771270752 8.5
vertex 22.5 10.0 8.5
endloop
endfacet
facet normal 0.0 0.0 1.0
outer loop
vertex 11.243837356567383 6.377464771270752 8.5
vertex 11.371286392211914 6.401250839233398 8.5
vertex 22.5 10.0 8.5
endloop
endfacet
facet normal -0.0 0.0 1.0
outer loop
vertex 22.5 10.0 8.5
vertex 11.371286392211914 6.401250839233398 8.5
vertex 11.499186515808105 6.422489643096924 8.5
endloop
endfacet
facet normal -0.0 0.0 1.0
outer loop
vertex 22.5 10.0 8.5
vertex 11.499186515808105 6.422489643096924 8.5
vertex 11.627484321594238 6.441173553466797 8.5
endloop
endfacet
facet normal 0.0 0.0 0.9999999999999999
outer loop
vertex 12.402763366699219 6.49927282333374 8.5
vertex 12.532413482666016 6.4999189376831055 8.5
vertex 22.5 10.0 8.5
endloop
endfacet
facet normal 0.0 0.0 1.0
outer loop
vertex 22.5 10.0 8.5
vertex 12.532413482666016 6.4999189376831055 8.5
vertex 12.662049293518066 6.497979640960693 8.5
endloop
endfacet
facet normal 0.0 0.0 0.9999999999999999
outer loop
vertex 22.5 10.0 8.5
vertex 12.662049293518066 6.497979640960693 8.5
vertex 12.791621208190918 6.493454933166504 8.5
endloop
endfacet
facet normal 0.0 -0.0 1.0
outer loop
vertex 10.61508846282959 6.220699787139893 8.5
vertex 10.739537239074707 6.2570576667785645 8.5
vertex -18.399999618530273 10.0 8.5
endloop
endfacet
facet normal -0.0 0.0 1.0
outer loop
vertex -18.399999618530273 10.0 8.5
vertex 10.739537239074707 6.2570576667785645 8.5
vertex 10.864686012268066 6.2909255027771 8.5
endloop
endfacet
facet normal -0.0 0.0 1.0
outer loop
vertex -18.399999618530273 10.0 8.5
vertex 10.864686012268066 6.2909255027771 8.5
vertex 22.5 10.0 8.5
endloop
endfacet
facet normal -0.0 0.0 1.0
outer loop
vertex 22.5 10.0 8.5
vertex 10.864686012268066 6.2909255027771 8.5
vertex 10.990485191345215 6.322291374206543 8.5
endloop
endfacet
facet normal -0.0 0.0 1.0
outer loop
vertex 22.5 10.0 8.5
vertex 10.990485191345215 6.322291374206543 8.5
vertex 11.1168851852417 6.351141452789307 8.5
endloop
endfacet
facet normal 0.0 0.0 1.0
outer loop
vertex 11.627484321594238 6.441173553466797 8.5
vertex 11.756128311157227 6.457294940948486 8.5
vertex 22.5 10.0 8.5
endloop
endfacet
facet normal -0.0 0.0 1.0
outer loop
vertex 22.5 10.0 8.5
vertex 11.756128311157227 6.457294940948486 8.5
vertex 11.885068893432617 6.470847129821777 8.5
endloop
endfacet
facet normal -0.0 0.0 1.0
outer loop
vertex 22.5 10.0 8.5
vertex 11.885068893432617 6.470847129821777 8.5
vertex 12.014253616333008 6.48182487487793 8.5
endloop
endfacet
facet normal -0.0 -0.0 -1.0
outer loop
vertex 22.5 10.0 -28.5
vertex 22.5 -10.0 -28.5
vertex -18.399999618530273 10.0 -28.5
endloop
endfacet
facet normal -0.0 -0.0 -1.0
outer loop
vertex -18.399999618530273 10.0 -28.5
vertex 22.5 -10.0 -28.5
vertex -18.399999618530273 -10.0 -28.5
endloop
endfacet
facet normal 1.0 0.0 0.0
outer loop
vertex 29.049999237060547 10.0 0.8999999761581421
vertex 29.049999237060547 -10.0 0.8999999761581421
vertex 29.049999237060547 10.0 -1.7000000476837158
endloop
endfacet
facet normal 1.0 0.0 0.0
outer loop
vertex 29.049999237060547 10.0 -1.7000000476837158
vertex 29.049999237060547 -10.0 0.8999999761581421
vertex 29.049999237060547 -10.0 -1.7000000476837158
endloop
endfacet
facet normal -0.0 -0.0 -1.0
outer loop
vertex 29.049999237060547 10.0 -1.7000000476837158
vertex 29.049999237060547 -10.0 -1.7000000476837158
vertex 22.5 10.0 -1.7000000476837158
endloop
endfacet
facet normal -0.0 -0.0 -1.0
outer loop
vertex 22.5 10.0 -1.7000000476837158
vertex 29.049999237060547 -10.0 -1.7000000476837158
vertex 22.5 -10.0 -1.7000000476837158
endloop
endfacet
facet normal 0.0 -0.0 1.0
outer loop
vertex 22.5 -10.0 0.8999999761581421
vertex 29.049999237060547 -10.0 0.8999999761581421
vertex 22.5 10.0 0.8999999761581421
endloop
endfacet
facet normal -0.0 0.0 1.0
outer loop
vertex 22.5 10.0 0.8999999761581421
vertex 29.049999237060547 -10.0 0.8999999761581421
vertex 29.049999237060547 10.0 0.8999999761581421
endloop
endfacet
facet normal 0.0 0.0 1.0
outer loop
vertex -18.399999618530273 10.0 0.8999999761581421
vertex -24.94999885559082 10.0 0.8999999761581421
vertex -18.399999618530273 -10.0 0.8999999761581421
endloop
endfacet
facet normal 0.0 0.0 1.0
outer loop
vertex -18.399999618530273 -10.0 0.8999999761581421
vertex -24.94999885559082 10.0 0.8999999761581421
vertex -24.94999885559082 -10.0 0.8999999761581421
endloop
endfacet
facet normal 0.0 0.0 -1.0
outer loop
vertex -24.94999885559082 -10.0 -1.7000000476837158
vertex -24.94999885559082 10.0 -1.7000000476837158
vertex -18.399999618530273 -10.0 -1.7000000476837158
endloop
endfacet
facet normal 0.0 0.0 -1.0
outer loop
vertex -18.399999618530273 -10.0 -1.7000000476837158
vertex -24.94999885559082 10.0 -1.7000000476837158
vertex -18.399999618530273 10.0 -1.7000000476837158
endloop
endfacet
facet normal -1.0 0.0 -0.0
outer loop
vertex -24.94999885559082 -10.0 0.8999999761581421
vertex -24.94999885559082 10.0 0.8999999761581421
vertex -24.94999885559082 -10.0 -1.7000000476837158
endloop
endfacet
facet normal -1.0 0.0 0.0
outer loop
vertex -24.94999885559082 -10.0 -1.7000000476837158
vertex -24.94999885559082 10.0 0.8999999761581421
vertex -24.94999885559082 10.0 -1.7000000476837158
endloop
endfacet
facet normal 0.826241309617675 -0.5633163394410547 0.0
outer loop
vertex 17.83376693725586 -3.7149596214294434 11.5
vertex 17.906801223754883 -3.607836961746216 8.5
vertex 17.906801223754883 -3.607836961746216 11.5
endloop
endfacet
facet normal 0.8373067893317172 -0.5467333358585439 0.0
outer loop
vertex 17.906801223754883 -3.607836961746216 11.5
vertex 17.906801223754883 -3.607836961746216 8.5
vertex 17.977685928344727 -3.499279022216797 8.5
endloop
endfacet
facet normal 0.8373067893317172 -0.5467333358585439 0.0
outer loop
vertex 17.906801223754883 -3.607836961746216 11.5
vertex 17.977685928344727 -3.499279022216797 8.5
vertex 17.977685928344727 -3.499279022216797 11.5
endloop
endfacet
facet normal 0.8480479925854483 -0.5299194299813808 0.0
outer loop
vertex 17.977685928344727 -3.499279022216797 11.5
vertex 17.977685928344727 -3.499279022216797 8.5
vertex 18.046390533447266 -3.389328718185425 8.5
endloop
endfacet
facet normal 0.8480479925854483 -0.5299194299813808 0.0
outer loop
vertex 17.977685928344727 -3.499279022216797 11.5
vertex 18.046390533447266 -3.389328718185425 8.5
vertex 18.046390533447266 -3.389328718185425 11.5
endloop
endfacet
facet normal 0.8584487660208084 -0.5128993235688183 0.0
outer loop
vertex 18.046390533447266 -3.389328718185425 11.5
vertex 18.046390533447266 -3.389328718185425 8.5
vertex 18.11288833618164 -3.2780301570892334 8.5
endloop
endfacet
facet normal 0.8584487660208084 -0.5128993235688183 0.0
outer loop
vertex 18.046390533447266 -3.389328718185425 11.5
vertex 18.11288833618164 -3.2780301570892334 8.5
vertex 18.11288833618164 -3.2780301570892334 11.5
endloop
endfacet
facet normal 0.8685091813683365 -0.4956730796390923 0.0
outer loop
vertex 18.11288833618164 -3.2780301570892334 11.5
vertex 18.11288833618164 -3.2780301570892334 8.5
vertex 18.177152633666992 -3.1654274463653564 8.5
endloop
endfacet
facet normal 0.8685091813683365 -0.4956730796390923 0.0
outer loop
vertex 18.11288833618164 -3.2780301570892334 11.5
vertex 18.177152633666992 -3.1654274463653564 8.5
vertex 18.177152633666992 -3.1654274463653564 11.5
endloop
endfacet
facet normal 0.878221877934214 -0.47825341934763255 0.0
outer loop
vertex 18.177152633666992 -3.1654274463653564 11.5
vertex 18.177152633666992 -3.1654274463653564 8.5
vertex 18.239158630371094 -3.051565170288086 8.5
endloop
endfacet
facet normal 0.878221877934214 -0.47825341934763255 0.0
outer loop
vertex 18.177152633666992 -3.1654274463653564 11.5
vertex 18.239158630371094 -3.051565170288086 8.5
vertex 18.239158630371094 -3.051565170288086 11.5
endloop
endfacet
facet normal 0.8875851948095349 -0.46064359536947835 0.0
outer loop
vertex 18.239158630371094 -3.051565170288086 11.5
vertex 18.239158630371094 -3.051565170288086 8.5
vertex 18.29888153076172 -2.9364888668060303 8.5
endloop
endfacet
facet normal 0.8875851948095349 -0.46064359536947835 0.0
outer loop
vertex 18.239158630371094 -3.051565170288086 11.5
vertex 18.29888153076172 -2.9364888668060303 8.5
vertex 18.29888153076172 -2.9364888668060303 11.5
endloop
endfacet
facet normal 0.8965986200744442 -0.4428441198442205 0.0
outer loop
vertex 18.29888153076172 -2.9364888668060303 11.5
vertex 18.29888153076172 -2.9364888668060303 8.5
vertex 18.35629653930664 -2.820244312286377 8.5
endloop
endfacet
facet normal 0.8965986200744442 -0.4428441198442205 0.0
outer loop
vertex 18.29888153076172 -2.9364888668060303 11.5
vertex 18.35629653930664 -2.820244312286377 8.5
vertex 18.35629653930664 -2.820244312286377 11.5
endloop
endfacet
facet normal 0.9052499930911518 -0.4248793358219124 0.0
outer loop
vertex 18.35629653930664 -2.820244312286377 11.5
vertex 18.35629653930664 -2.820244312286377 8.5
vertex 18.4113826751709 -2.7028775215148926 8.5
endloop
endfacet
facet normal 0.9052499930911518 -0.4248793358219124 0.0
outer loop
vertex 18.35629653930664 -2.820244312286377 11.5
vertex 18.4113826751709 -2.7028775215148926 8.5
vertex 18.4113826751709 -2.7028775215148926 11.5
endloop
endfacet
facet normal 0.9135435112797765 -0.40674101465012974 0.0
outer loop
vertex 18.4113826751709 -2.7028775215148926 11.5
vertex 18.4113826751709 -2.7028775215148926 8.5
vertex 18.4641170501709 -2.5844357013702393 8.5
endloop
endfacet
facet normal 0.9135435112797765 -0.40674101465012974 0.0
outer loop
vertex 18.4113826751709 -2.7028775215148926 11.5
vertex 18.4641170501709 -2.5844357013702393 8.5
vertex 18.4641170501709 -2.5844357013702393 11.5
endloop
endfacet
facet normal 0.9214744054310796 -0.38843908162727186 0.0
outer loop
vertex 18.4641170501709 -2.5844357013702393 11.5
vertex 18.4641170501709 -2.5844357013702393 8.5
vertex 18.51447868347168 -2.464965343475342 8.5
endloop
endfacet
facet normal 0.9214744054310796 -0.38843908162727186 0.0
outer loop
vertex 18.4641170501709 -2.5844357013702393 11.5
vertex 18.51447868347168 -2.464965343475342 8.5
vertex 18.51447868347168 -2.464965343475342 11.5
endloop
endfacet
facet normal 0.9290455422598123 -0.3699653773087033 0.0
outer loop
vertex 18.51447868347168 -2.464965343475342 11.5
vertex 18.51447868347168 -2.464965343475342 8.5
vertex 18.56244468688965 -2.3445146083831787 8.5
endloop
endfacet
facet normal 0.9290455422598123 -0.3699653773087033 0.0
outer loop
vertex 18.51447868347168 -2.464965343475342 11.5
vertex 18.56244468688965 -2.3445146083831787 8.5
vertex 18.56244468688965 -2.3445146083831787 11.5
endloop
endfacet
facet normal 0.9362324096558886 -0.3513813812795553 0.0
outer loop
vertex 18.56244468688965 -2.3445146083831787 11.5
vertex 18.56244468688965 -2.3445146083831787 8.5
vertex 18.608001708984375 -2.223130941390991 8.5
endloop
endfacet
facet normal 0.9362324096558886 -0.3513813812795553 0.0
outer loop
vertex 18.56244468688965 -2.3445146083831787 11.5
vertex 18.608001708984375 -2.223130941390991 8.5
vertex 18.608001708984375 -2.223130941390991 11.5
endloop
endfacet
facet normal 0.9430588915384797 -0.3326258064104678 0.0
outer loop
vertex 18.608001708984375 -2.223130941390991 11.5
vertex 18.608001708984375 -2.223130941390991 8.5
vertex 18.651126861572266 -2.100862741470337 8.5
endloop
endfacet
facet normal 0.9430588915384797 -0.3326258064104678 0.0
outer loop
vertex 18.608001708984375 -2.223130941390991 11.5
vertex 18.651126861572266 -2.100862741470337 8.5
vertex 18.651126861572266 -2.100862741470337 11.5
endloop
endfacet
facet normal 0.9495009053253635 -0.31376429176424014 0.0
outer loop
vertex 18.651126861572266 -2.100862741470337 11.5
vertex 18.651126861572266 -2.100862741470337 8.5
vertex 18.69180679321289 -1.977758765220642 8.5
endloop
endfacet
facet normal 0.9495009053253635 -0.31376429176424014 0.0
outer loop
vertex 18.651126861572266 -2.100862741470337 11.5
vertex 18.69180679321289 -1.977758765220642 8.5
vertex 18.69180679321289 -1.977758765220642 11.5
endloop
endfacet
facet normal 0.9555720176215707 -0.29475772956555424 0.0
outer loop
vertex 18.69180679321289 -1.977758765220642 11.5
vertex 18.69180679321289 -1.977758765220642 8.5
vertex 18.730022430419922 -1.8538678884506226 8.5
endloop
endfacet
facet normal 0.9555720176215707 -0.29475772956555424 0.0
outer loop
vertex 18.69180679321289 -1.977758765220642 11.5
vertex 18.730022430419922 -1.8538678884506226 8.5
vertex 18.730022430419922 -1.8538678884506226 11.5
endloop
endfacet
facet normal 0.9612628030056103 -0.27563349498527423 0.0
outer loop
vertex 18.730022430419922 -1.8538678884506226 11.5
vertex 18.730022430419922 -1.8538678884506226 8.5
vertex 18.765758514404297 -1.7292394638061523 8.5
endloop
endfacet
facet normal 0.9612628030056103 -0.27563349498527423 0.0
outer loop
vertex 18.730022430419922 -1.8538678884506226 11.5
vertex 18.765758514404297 -1.7292394638061523 8.5
vertex 18.765758514404297 -1.7292394638061523 11.5
endloop
endfacet
facet normal 0.9665656040879653 -0.2564194473788341 0.0
outer loop
vertex 18.765758514404297 -1.7292394638061523 11.5
vertex 18.765758514404297 -1.7292394638061523 8.5
vertex 18.79900360107422 -1.6039230823516846 8.5
endloop
endfacet
facet normal 0.9665656040879653 -0.2564194473788341 0.0
outer loop
vertex 18.765758514404297 -1.7292394638061523 11.5
vertex 18.79900360107422 -1.6039230823516846 8.5
vertex 18.79900360107422 -1.6039230823516846 11.5
endloop
endfacet
facet normal 0.971491369144692 -0.2370749241851018 0.0
outer loop
vertex 18.79900360107422 -1.6039230823516846 11.5
vertex 18.79900360107422 -1.6039230823516846 8.5
vertex 18.829740524291992 -1.4779685735702515 8.5
endloop
endfacet
facet normal 0.971491369144692 -0.2370749241851018 0.0
outer loop
vertex 18.79900360107422 -1.6039230823516846 11.5
vertex 18.829740524291992 -1.4779685735702515 8.5
vertex 18.829740524291992 -1.4779685735702515 11.5
endloop
endfacet
facet normal 0.9760256575392386 -0.2176554980355346 0.0
outer loop
vertex 18.829740524291992 -1.4779685735702515 11.5
vertex 18.829740524291992 -1.4779685735702515 8.5
vertex 18.857959747314453 -1.3514260053634644 8.5
endloop
endfacet
facet normal 0.9760256575392386 -0.2176554980355346 0.0
outer loop
vertex 18.829740524291992 -1.4779685735702515 11.5
vertex 18.857959747314453 -1.3514260053634644 8.5
vertex 18.857959747314453 -1.3514260053634644 11.5
endloop
endfacet
facet normal 0.9801720958922865 -0.19814808208540063 0.0
outer loop
vertex 18.857959747314453 -1.3514260053634644 11.5
vertex 18.857959747314453 -1.3514260053634644 8.5
vertex 18.883649826049805 -1.2243458032608032 8.5
endloop
endfacet
facet normal 0.9801720958922865 -0.19814808208540063 0.0
outer loop
vertex 18.857959747314453 -1.3514260053634644 11.5
vertex 18.883649826049805 -1.2243458032608032 8.5
vertex 18.883649826049805 -1.2243458032608032 11.5
endloop
endfacet
facet normal 0.9839303765867476 -0.1785525525716758 0.0
outer loop
vertex 18.883649826049805 -1.2243458032608032 11.5
vertex 18.883649826049805 -1.2243458032608032 8.5
vertex 18.90679931640625 -1.096778392791748 8.5
endloop
endfacet
facet normal 0.9839303765867476 -0.1785525525716758 0.0
outer loop
vertex 18.883649826049805 -1.2243458032608032 11.5
vertex 18.90679931640625 -1.096778392791748 8.5
vertex 18.90679931640625 -1.096778392791748 11.5
endloop
endfacet
facet normal 0.9872949940017914 -0.1588980642393185 0.0
outer loop
vertex 18.90679931640625 -1.096778392791748 11.5
vertex 18.90679931640625 -1.096778392791748 8.5
vertex 18.927400588989258 -0.9687747359275818 8.5
endloop
endfacet
facet normal 0.9872949940017914 -0.1588980642393185 0.0
outer loop
vertex 18.90679931640625 -1.096778392791748 11.5
vertex 18.927400588989258 -0.9687747359275818 8.5
vertex 18.927400588989258 -0.9687747359275818 11.5
endloop
endfacet
facet normal 0.990268489726514 -0.1391701054636698 0.0
outer loop
vertex 18.927400588989258 -0.9687747359275818 11.5
vertex 18.927400588989258 -0.9687747359275818 8.5
vertex 18.945444107055664 -0.8403856158256531 8.5
endloop
endfacet
facet normal 0.990268489726514 -0.1391701054636698 0.0
outer loop
vertex 18.927400588989258 -0.9687747359275818 11.5
vertex 18.945444107055664 -0.8403856158256531 8.5
vertex 18.945444107055664 -0.8403856158256531 11.5
endloop
endfacet
facet normal 0.9928482383666389 -0.11938331362574042 0.0
outer loop
vertex 18.945444107055664 -0.8403856158256531 11.5
vertex 18.945444107055664 -0.8403856158256531 8.5
vertex 18.960922241210938 -0.7116621136665344 8.5
endloop
endfacet
facet normal 0.9928482383666389 -0.11938331362574042 0.0
outer loop
vertex 18.945444107055664 -0.8403856158256531 11.5
vertex 18.960922241210938 -0.7116621136665344 8.5
vertex 18.960922241210938 -0.7116621136665344 11.5
endloop
endfacet
facet normal 0.9950294127079544 -0.09958146336574517 0.0
outer loop
vertex 18.960922241210938 -0.7116621136665344 11.5
vertex 18.960922241210938 -0.7116621136665344 8.5
vertex 18.973833084106445 -0.5826554894447327 8.5
endloop
endfacet
facet normal 0.9950294127079544 -0.09958146336574517 0.0
outer loop
vertex 18.960922241210938 -0.7116621136665344 11.5
vertex 18.973833084106445 -0.5826554894447327 8.5
vertex 18.973833084106445 -0.5826554894447327 11.5
endloop
endfacet
facet normal 0.9968183796921284 -0.07970644834616425 0.0
outer loop
vertex 18.973833084106445 -0.5826554894447327 11.5
vertex 18.973833084106445 -0.5826554894447327 8.5
vertex 18.984167098999023 -0.4534170627593994 8.5
endloop
endfacet
facet normal 0.9968183796921284 -0.07970644834616425 0.0
outer loop
vertex 18.973833084106445 -0.5826554894447327 11.5
vertex 18.984167098999023 -0.4534170627593994 8.5
vertex 18.984167098999023 -0.4534170627593994 11.5
endloop
endfacet
facet normal 0.9982111408770601 -0.05978727480758762 0.0
outer loop
vertex 18.984167098999023 -0.4534170627593994 11.5
vertex 18.984167098999023 -0.4534170627593994 8.5
vertex 18.991918563842773 -0.32399824261665344 8.5
endloop
endfacet
facet normal 0.9982111408770601 -0.05978727480758762 0.0
outer loop
vertex 18.984167098999023 -0.4534170627593994 11.5
vertex 18.991918563842773 -0.32399824261665344 8.5
vertex 18.991918563842773 -0.32399824261665344 11.5
endloop
endfacet
facet normal 0.9992043700162301 -0.03988266466109089 0.0
outer loop
vertex 18.991918563842773 -0.32399824261665344 11.5
vertex 18.991918563842773 -0.32399824261665344 8.5
vertex 18.997089385986328 -0.1944505274295807 8.5
endloop
endfacet
facet normal 0.9992043700162301 -0.03988266466109089 0.0
outer loop
vertex 18.991918563842773 -0.32399824261665344 11.5
vertex 18.997089385986328 -0.1944505274295807 8.5
vertex 18.997089385986328 -0.1944505274295807 11.5
endloop
endfacet
facet normal 0.9998007116386387 -0.019963391667538605 0.0
outer loop
vertex 18.997089385986328 -0.1944505274295807 11.5
vertex 18.997089385986328 -0.1944505274295807 8.5
vertex 18.999677658081055 -0.06482544541358948 8.5
endloop
endfacet
facet normal 0.9998007116386387 -0.019963391667538605 0.0
outer loop
vertex 18.997089385986328 -0.1944505274295807 11.5
vertex 18.999677658081055 -0.06482544541358948 8.5
vertex 18.999677658081055 -0.06482544541358948 11.5
endloop
endfacet
facet normal 0.9999876375512011 -0.0049723982913391545 0.0
outer loop
vertex 18.999677658081055 -0.06482544541358948 11.5
vertex 18.999677658081055 -0.06482544541358948 8.5
vertex 19.0 2.388061375775967e-15 11.5
endloop
endfacet
facet normal 0.9999876375512011 -0.0049723982913391545 0.0
outer loop
vertex 19.0 2.388061375775967e-15 11.5
vertex 18.999677658081055 -0.06482544541358948 8.5
vertex 19.0 2.388061375775967e-15 8.5
endloop
endfacet
facet normal 0.9999876375512011 0.0049723982913395205 0.0
outer loop
vertex 19.0 2.388061375775967e-15 11.5
vertex 19.0 2.388061375775967e-15 8.5
vertex 18.999677658081055 0.06482544541358948 11.5
endloop
endfacet
facet normal 0.8373067893317172 0.5467333358585439 0.0
outer loop
vertex 17.906801223754883 3.607836961746216 8.5
vertex 17.977685928344727 3.499279022216797 11.5
vertex 17.977685928344727 3.499279022216797 8.5
endloop
endfacet
facet normal 0.8480479925854483 0.5299194299813808 -0.0
outer loop
vertex 17.977685928344727 3.499279022216797 8.5
vertex 17.977685928344727 3.499279022216797 11.5
vertex 18.046390533447266 3.389328718185425 11.5
endloop
endfacet
facet normal 0.8480479925854483 0.5299194299813808 0.0
outer loop
vertex 17.977685928344727 3.499279022216797 8.5
vertex 18.046390533447266 3.389328718185425 11.5
vertex 18.046390533447266 3.389328718185425 8.5
endloop
endfacet
facet normal 0.8584487660208084 0.5128993235688183 -0.0
outer loop
vertex 18.046390533447266 3.389328718185425 8.5
vertex 18.046390533447266 3.389328718185425 11.5
vertex 18.11288833618164 3.2780301570892334 11.5
endloop
endfacet
facet normal 0.8584487660208084 0.5128993235688183 0.0
outer loop
vertex 18.046390533447266 3.389328718185425 8.5
vertex 18.11288833618164 3.2780301570892334 11.5
vertex 18.11288833618164 3.2780301570892334 8.5
endloop
endfacet
facet normal 0.8685091813683365 0.4956730796390923 -0.0
outer loop
vertex 18.11288833618164 3.2780301570892334 8.5
vertex 18.11288833618164 3.2780301570892334 11.5
vertex 18.177152633666992 3.1654274463653564 11.5
endloop
endfacet
facet normal 0.8685091813683365 0.4956730796390923 0.0
outer loop
vertex 18.11288833618164 3.2780301570892334 8.5
vertex 18.177152633666992 3.1654274463653564 11.5
vertex 18.177152633666992 3.1654274463653564 8.5
endloop
endfacet
facet normal 0.878221877934214 0.47825341934763255 -0.0
outer loop
vertex 18.177152633666992 3.1654274463653564 8.5
vertex 18.177152633666992 3.1654274463653564 11.5
vertex 18.239158630371094 3.051565170288086 11.5
endloop
endfacet
facet normal 0.878221877934214 0.47825341934763255 0.0
outer loop
vertex 18.177152633666992 3.1654274463653564 8.5
vertex 18.239158630371094 3.051565170288086 11.5
vertex 18.239158630371094 3.051565170288086 8.5
endloop
endfacet
facet normal 0.8875851948095349 0.46064359536947835 -0.0
outer loop
vertex 18.239158630371094 3.051565170288086 8.5
vertex 18.239158630371094 3.051565170288086 11.5
vertex 18.29888153076172 2.9364888668060303 11.5
endloop
endfacet
facet normal 0.8875851948095349 0.46064359536947835 0.0
outer loop
vertex 18.239158630371094 3.051565170288086 8.5
vertex 18.29888153076172 2.9364888668060303 11.5
vertex 18.29888153076172 2.9364888668060303 8.5
endloop
endfacet
facet normal 0.8965986200744442 0.4428441198442205 -0.0
outer loop
vertex 18.29888153076172 2.9364888668060303 8.5
vertex 18.29888153076172 2.9364888668060303 11.5
vertex 18.35629653930664 2.820244312286377 11.5
endloop
endfacet
facet normal 0.8965986200744442 0.4428441198442205 0.0
outer loop
vertex 18.29888153076172 2.9364888668060303 8.5
vertex 18.35629653930664 2.820244312286377 11.5
vertex 18.35629653930664 2.820244312286377 8.5
endloop
endfacet
facet normal 0.9052499930911518 0.4248793358219124 -0.0
outer loop
vertex 18.35629653930664 2.820244312286377 8.5
vertex 18.35629653930664 2.820244312286377 11.5
vertex 18.4113826751709 2.7028775215148926 11.5
endloop
endfacet
facet normal 0.9052499930911518 0.4248793358219124 0.0
outer loop
vertex 18.35629653930664 2.820244312286377 8.5
vertex 18.4113826751709 2.7028775215148926 11.5
vertex 18.4113826751709 2.7028775215148926 8.5
endloop
endfacet
facet normal 0.9135435112797765 0.40674101465012974 -0.0
outer loop
vertex 18.4113826751709 2.7028775215148926 8.5
vertex 18.4113826751709 2.7028775215148926 11.5
vertex 18.4641170501709 2.5844357013702393 11.5
endloop
endfacet
facet normal 0.9135435112797765 0.40674101465012974 0.0
outer loop
vertex 18.4113826751709 2.7028775215148926 8.5
vertex 18.4641170501709 2.5844357013702393 11.5
vertex 18.4641170501709 2.5844357013702393 8.5
endloop
endfacet
facet normal 0.9214744054310796 0.38843908162727186 -0.0
outer loop
vertex 18.4641170501709 2.5844357013702393 8.5
vertex 18.4641170501709 2.5844357013702393 11.5
vertex 18.51447868347168 2.464965343475342 11.5
endloop
endfacet
facet normal 0.9214744054310796 0.38843908162727186 0.0
outer loop
vertex 18.4641170501709 2.5844357013702393 8.5
vertex 18.51447868347168 2.464965343475342 11.5
vertex 18.51447868347168 2.464965343475342 8.5
endloop
endfacet
facet normal 0.9290455422598123 0.3699653773087033 -0.0
outer loop
vertex 18.51447868347168 2.464965343475342 8.5
vertex 18.51447868347168 2.464965343475342 11.5
vertex 18.56244468688965 2.3445146083831787 11.5
endloop
endfacet
facet normal 0.9290455422598123 0.3699653773087033 0.0
outer loop
vertex 18.51447868347168 2.464965343475342 8.5
vertex 18.56244468688965 2.3445146083831787 11.5
vertex 18.56244468688965 2.3445146083831787 8.5
endloop
endfacet
facet normal 0.9362324096558886 0.3513813812795553 -0.0
outer loop
vertex 18.56244468688965 2.3445146083831787 8.5
vertex 18.56244468688965 2.3445146083831787 11.5
vertex 18.608001708984375 2.223130941390991 11.5
endloop
endfacet
facet normal 0.9362324096558886 0.3513813812795553 0.0
outer loop
vertex 18.56244468688965 2.3445146083831787 8.5
vertex 18.608001708984375 2.223130941390991 11.5
vertex 18.608001708984375 2.223130941390991 8.5
endloop
endfacet
facet normal 0.9430588915384797 0.3326258064104678 -0.0
outer loop
vertex 18.608001708984375 2.223130941390991 8.5
vertex 18.608001708984375 2.223130941390991 11.5
vertex 18.651126861572266 2.100862741470337 11.5
endloop
endfacet
facet normal 0.9430588915384797 0.3326258064104678 0.0
outer loop
vertex 18.608001708984375 2.223130941390991 8.5
vertex 18.651126861572266 2.100862741470337 11.5
vertex 18.651126861572266 2.100862741470337 8.5
endloop
endfacet
facet normal 0.9495009053253635 0.31376429176424014 -0.0
outer loop
vertex 18.651126861572266 2.100862741470337 8.5
vertex 18.651126861572266 2.100862741470337 11.5
vertex 18.69180679321289 1.977758765220642 11.5
endloop
endfacet
facet normal 0.9495009053253635 0.31376429176424014 0.0
outer loop
vertex 18.651126861572266 2.100862741470337 8.5
vertex 18.69180679321289 1.977758765220642 11.5
vertex 18.69180679321289 1.977758765220642 8.5
endloop
endfacet
facet normal 0.9555720176215707 0.29475772956555424 -0.0
outer loop
vertex 18.69180679321289 1.977758765220642 8.5
vertex 18.69180679321289 1.977758765220642 11.5
vertex 18.730022430419922 1.8538678884506226 11.5
endloop
endfacet
facet normal 0.9555720176215707 0.29475772956555424 0.0
outer loop
vertex 18.69180679321289 1.977758765220642 8.5
vertex 18.730022430419922 1.8538678884506226 11.5
vertex 18.730022430419922 1.8538678884506226 8.5
endloop
endfacet
facet normal 0.9612628030056103 0.27563349498527423 -0.0
outer loop
vertex 18.730022430419922 1.8538678884506226 8.5
vertex 18.730022430419922 1.8538678884506226 11.5
vertex 18.765758514404297 1.7292394638061523 11.5
endloop
endfacet
facet normal 0.9612628030056103 0.27563349498527423 0.0
outer loop
vertex 18.730022430419922 1.8538678884506226 8.5
vertex 18.765758514404297 1.7292394638061523 11.5
vertex 18.765758514404297 1.7292394638061523 8.5
endloop
endfacet
facet normal 0.9665656040879653 0.2564194473788341 -0.0
outer loop
vertex 18.765758514404297 1.7292394638061523 8.5
vertex 18.765758514404297 1.7292394638061523 11.5
vertex 18.79900360107422 1.6039230823516846 11.5
endloop
endfacet
facet normal 0.9665656040879653 0.2564194473788341 0.0
outer loop
vertex 18.765758514404297 1.7292394638061523 8.5
vertex 18.79900360107422 1.6039230823516846 11.5
vertex 18.79900360107422 1.6039230823516846 8.5
endloop
endfacet
facet normal 0.971491369144692 0.2370749241851018 -0.0
outer loop
vertex 18.79900360107422 1.6039230823516846 8.5
vertex 18.79900360107422 1.6039230823516846 11.5
vertex 18.829740524291992 1.4779685735702515 11.5
endloop
endfacet
facet normal 0.971491369144692 0.2370749241851018 0.0
outer loop
vertex 18.79900360107422 1.6039230823516846 8.5
vertex 18.829740524291992 1.4779685735702515 11.5
vertex 18.829740524291992 1.4779685735702515 8.5
endloop
endfacet
facet normal 0.9760256575392386 0.2176554980355346 -0.0
outer loop
vertex 18.829740524291992 1.4779685735702515 8.5
vertex 18.829740524291992 1.4779685735702515 11.5
vertex 18.857959747314453 1.3514260053634644 11.5
endloop
endfacet
facet normal 0.9760256575392386 0.2176554980355346 0.0
outer loop
vertex 18.829740524291992 1.4779685735702515 8.5
vertex 18.857959747314453 1.3514260053634644 11.5
vertex 18.857959747314453 1.3514260053634644 8.5
endloop
endfacet
facet normal 0.9801720958922865 0.19814808208540063 -0.0
outer loop
vertex 18.857959747314453 1.3514260053634644 8.5
vertex 18.857959747314453 1.3514260053634644 11.5
vertex 18.883649826049805 1.2243458032608032 11.5
endloop
endfacet
facet normal 0.9801720958922865 0.19814808208540063 0.0
outer loop
vertex 18.857959747314453 1.3514260053634644 8.5
vertex 18.883649826049805 1.2243458032608032 11.5
vertex 18.883649826049805 1.2243458032608032 8.5
endloop
endfacet
facet normal 0.9839303765867476 0.1785525525716758 -0.0
outer loop
vertex 18.883649826049805 1.2243458032608032 8.5
vertex 18.883649826049805 1.2243458032608032 11.5
vertex 18.90679931640625 1.096778392791748 11.5
endloop
endfacet
facet normal 0.9839303765867476 0.1785525525716758 0.0
outer loop
vertex 18.883649826049805 1.2243458032608032 8.5
vertex 18.90679931640625 1.096778392791748 11.5
vertex 18.90679931640625 1.096778392791748 8.5
endloop
endfacet
facet normal 0.9872949940017914 0.1588980642393185 -0.0
outer loop
vertex 18.90679931640625 1.096778392791748 8.5
vertex 18.90679931640625 1.096778392791748 11.5
vertex 18.927400588989258 0.9687747359275818 11.5
endloop
endfacet
facet normal 0.9872949940017914 0.1588980642393185 0.0
outer loop
vertex 18.90679931640625 1.096778392791748 8.5
vertex 18.927400588989258 0.9687747359275818 11.5
vertex 18.927400588989258 0.9687747359275818 8.5
endloop
endfacet
facet normal 0.990268489726514 0.1391701054636698 -0.0
outer loop
vertex 18.927400588989258 0.9687747359275818 8.5
vertex 18.927400588989258 0.9687747359275818 11.5
vertex 18.945444107055664 0.8403856158256531 11.5
endloop
endfacet
facet normal 0.990268489726514 0.1391701054636698 0.0
outer loop
vertex 18.927400588989258 0.9687747359275818 8.5
vertex 18.945444107055664 0.8403856158256531 11.5
vertex 18.945444107055664 0.8403856158256531 8.5
endloop
endfacet
facet normal 0.9928482383666389 0.11938331362574042 -0.0
outer loop
vertex 18.945444107055664 0.8403856158256531 8.5
vertex 18.945444107055664 0.8403856158256531 11.5
vertex 18.960922241210938 0.7116621136665344 11.5
endloop
endfacet
facet normal 0.9928482383666389 0.11938331362574042 0.0
outer loop
vertex 18.945444107055664 0.8403856158256531 8.5
vertex 18.960922241210938 0.7116621136665344 11.5
vertex 18.960922241210938 0.7116621136665344 8.5
endloop
endfacet
facet normal 0.9950294127079544 0.09958146336574517 -0.0
outer loop
vertex 18.960922241210938 0.7116621136665344 8.5
vertex 18.960922241210938 0.7116621136665344 11.5
vertex 18.973833084106445 0.5826554894447327 11.5
endloop
endfacet
facet normal 0.9950294127079544 0.09958146336574517 0.0
outer loop
vertex 18.960922241210938 0.7116621136665344 8.5
vertex 18.973833084106445 0.5826554894447327 11.5
vertex 18.973833084106445 0.5826554894447327 8.5
endloop
endfacet
facet normal 0.9968183796921284 0.07970644834616425 -0.0
outer loop
vertex 18.973833084106445 0.5826554894447327 8.5
vertex 18.973833084106445 0.5826554894447327 11.5
vertex 18.984167098999023 0.4534170627593994 11.5
endloop
endfacet
facet normal 0.9968183796921284 0.07970644834616425 0.0
outer loop
vertex 18.973833084106445 0.5826554894447327 8.5
vertex 18.984167098999023 0.4534170627593994 11.5
vertex 18.984167098999023 0.4534170627593994 8.5
endloop
endfacet
facet normal 0.9982111408770601 0.05978727480758762 -0.0
outer loop
vertex 18.984167098999023 0.4534170627593994 8.5
vertex 18.984167098999023 0.4534170627593994 11.5
vertex 18.991918563842773 0.32399824261665344 11.5
endloop
endfacet
facet normal 0.9982111408770601 0.05978727480758762 0.0
outer loop
vertex 18.984167098999023 0.4534170627593994 8.5
vertex 18.991918563842773 0.32399824261665344 11.5
vertex 18.991918563842773 0.32399824261665344 8.5
endloop
endfacet
facet normal 0.9992043700162301 0.03988266466109089 -0.0
outer loop
vertex 18.991918563842773 0.32399824261665344 8.5
vertex 18.991918563842773 0.32399824261665344 11.5
vertex 18.997089385986328 0.1944505274295807 11.5
endloop
endfacet
facet normal 0.9992043700162301 0.03988266466109089 0.0
outer loop
vertex 18.991918563842773 0.32399824261665344 8.5
vertex 18.997089385986328 0.1944505274295807 11.5
vertex 18.997089385986328 0.1944505274295807 8.5
endloop
endfacet
facet normal 0.9998007116386387 0.019963391667538605 -0.0
outer loop
vertex 18.997089385986328 0.1944505274295807 8.5
vertex 18.997089385986328 0.1944505274295807 11.5
vertex 18.999677658081055 0.06482544541358948 11.5
endloop
endfacet
facet normal 0.9998007116386387 0.019963391667538605 0.0
outer loop
vertex 18.997089385986328 0.1944505274295807 8.5
vertex 18.999677658081055 0.06482544541358948 11.5
vertex 18.999677658081055 0.06482544541358948 8.5
endloop
endfacet
facet normal 0.9999876375512011 0.0049723982913395205 -0.0
outer loop
vertex 18.999677658081055 0.06482544541358948 8.5
vertex 18.999677658081055 0.06482544541358948 11.5
vertex 19.0 2.388061375775967e-15 8.5
endloop
endfacet
facet normal -0.9999502550078226 0.009974342574357442 0.0
outer loop
vertex 6.001293182373047 0.12964443862438202 11.5
vertex 6.0 0.0 8.5
vertex 6.0 0.0 11.5
endloop
endfacet
facet normal -0.9999502550078226 -0.009974342574357442 -0.0
outer loop
vertex 6.0 0.0 11.5
vertex 6.0 0.0 8.5
vertex 6.001293182373047 -0.12964443862438202 8.5
endloop
endfacet
facet normal -0.9999502550078226 -0.009974342574357442 0.0
outer loop
vertex 6.0 0.0 11.5
vertex 6.001293182373047 -0.12964443862438202 8.5
vertex 6.001293182373047 -0.12964443862438202 11.5
endloop
endfacet
facet normal -0.9995524260610192 -0.029915674077824295 -0.0
outer loop
vertex 6.001293182373047 -0.12964443862438202 11.5
vertex 6.001293182373047 -0.12964443862438202 8.5
vertex 6.005171775817871 -0.25923728942871094 8.5
endloop
endfacet
facet normal -0.9995524260610192 -0.029915674077824295 0.0
outer loop
vertex 6.001293182373047 -0.12964443862438202 11.5
vertex 6.005171775817871 -0.25923728942871094 8.5
vertex 6.005171775817871 -0.25923728942871094 11.5
endloop
endfacet
facet normal -0.9987569170875831 -0.04984596843985188 -0.0
outer loop
vertex 6.005171775817871 -0.25923728942871094 11.5
vertex 6.005171775817871 -0.25923728942871094 8.5
vertex 6.011634349822998 -0.38872700929641724 8.5
endloop
endfacet
facet normal -0.9987569170875831 -0.04984596843985188 0.0
outer loop
vertex 6.005171775817871 -0.25923728942871094 11.5
vertex 6.011634349822998 -0.38872700929641724 8.5
vertex 6.011634349822998 -0.38872700929641724 11.5
endloop
endfacet
facet normal -0.9975642079914258 -0.06975421804048472 -0.0
outer loop
vertex 6.011634349822998 -0.38872700929641724 11.5
vertex 6.011634349822998 -0.38872700929641724 8.5
vertex 6.0206780433654785 -0.5180620551109314 8.5
endloop
endfacet
facet normal -0.9975642079914258 -0.06975421804048472 0.0
outer loop
vertex 6.011634349822998 -0.38872700929641724 11.5
vertex 6.0206780433654785 -0.5180620551109314 8.5
vertex 6.0206780433654785 -0.5180620551109314 11.5
endloop
endfacet
facet normal -0.9959741991461047 -0.08964036275738456 -0.0
outer loop
vertex 6.0206780433654785 -0.5180620551109314 11.5
vertex 6.0206780433654785 -0.5180620551109314 8.5
vertex 6.032299995422363 -0.6471909880638123 8.5
endloop
endfacet
facet normal -0.9959741991461047 -0.08964036275738456 0.0
outer loop
vertex 6.0206780433654785 -0.5180620551109314 11.5
vertex 6.032299995422363 -0.6471909880638123 8.5
vertex 6.032299995422363 -0.6471909880638123 11.5
endloop
endfacet
facet normal -0.993988333703141 -0.10948603774935557 -0.0
outer loop
vertex 6.032299995422363 -0.6471909880638123 11.5
vertex 6.032299995422363 -0.6471909880638123 8.5
vertex 6.046494960784912 -0.7760624885559082 8.5
endloop
endfacet
facet normal -0.993988333703141 -0.10948603774935557 0.0
outer loop
vertex 6.032299995422363 -0.6471909880638123 11.5
vertex 6.046494960784912 -0.7760624885559082 8.5
vertex 6.046494960784912 -0.7760624885559082 11.5
endloop
endfacet
facet normal -0.9916071263808739 -0.12928769048391825 -0.0
outer loop
vertex 6.046494960784912 -0.7760624885559082 11.5
vertex 6.046494960784912 -0.7760624885559082 8.5
vertex 6.063257217407227 -0.9046251773834229 8.5
endloop
endfacet
facet normal -0.9916071263808739 -0.12928769048391825 0.0
outer loop
vertex 6.046494960784912 -0.7760624885559082 11.5
vertex 6.063257217407227 -0.9046251773834229 8.5
vertex 6.063257217407227 -0.9046251773834229 11.5
endloop
endfacet
facet normal -0.9888303926143884 -0.14904514296707064 -0.0
outer loop
vertex 6.063257217407227 -0.9046251773834229 11.5
vertex 6.063257217407227 -0.9046251773834229 8.5
vertex 6.082581043243408 -1.0328278541564941 8.5
endloop
endfacet
facet normal -0.9888303926143884 -0.14904514296707064 0.0
outer loop
vertex 6.063257217407227 -0.9046251773834229 11.5
vertex 6.082581043243408 -1.0328278541564941 8.5
vertex 6.082581043243408 -1.0328278541564941 11.5
endloop
endfacet
facet normal -0.9856612353854357 -0.16873627072581765 -0.0
outer loop
vertex 6.082581043243408 -1.0328278541564941 11.5
vertex 6.082581043243408 -1.0328278541564941 8.5
vertex 6.104457855224609 -1.1606197357177734 8.5
endloop
endfacet
facet normal -0.9856612353854357 -0.16873627072581765 0.0
outer loop
vertex 6.082581043243408 -1.0328278541564941 11.5
vertex 6.104457855224609 -1.1606197357177734 8.5
vertex 6.104457855224609 -1.1606197357177734 11.5
endloop
endfacet
facet normal -0.9821004945153401 -0.1883576881168503 -0.0
outer loop
vertex 6.104457855224609 -1.1606197357177734 11.5
vertex 6.104457855224609 -1.1606197357177734 8.5
vertex 6.128878593444824 -1.2879499197006226 8.5
endloop
endfacet
facet normal -0.9821004945153401 -0.1883576881168503 0.0
outer loop
vertex 6.104457855224609 -1.1606197357177734 11.5
vertex 6.128878593444824 -1.2879499197006226 8.5
vertex 6.128878593444824 -1.2879499197006226 11.5
endloop
endfacet
facet normal -0.9781473710465964 -0.2079127714081846 -0.0
outer loop
vertex 6.128878593444824 -1.2879499197006226 11.5
vertex 6.128878593444824 -1.2879499197006226 8.5
vertex 6.155834674835205 -1.4147676229476929 8.5
endloop
endfacet
facet normal -0.9781473710465964 -0.2079127714081846 0.0
outer loop
vertex 6.128878593444824 -1.2879499197006226 11.5
vertex 6.155834674835205 -1.4147676229476929 8.5
vertex 6.155834674835205 -1.4147676229476929 11.5
endloop
endfacet
facet normal -0.973806161645799 -0.22737976941820479 -0.0
outer loop
vertex 6.155834674835205 -1.4147676229476929 11.5
vertex 6.155834674835205 -1.4147676229476929 8.5
vertex 6.185314655303955 -1.5410224199295044 8.5
endloop
endfacet
facet normal -0.973806161645799 -0.22737976941820479 0.0
outer loop
vertex 6.155834674835205 -1.4147676229476929 11.5
vertex 6.185314655303955 -1.5410224199295044 8.5
vertex 6.185314655303955 -1.5410224199295044 11.5
endloop
endfacet
facet normal -0.9690770526856555 -0.24675831487121863 -0.0
outer loop
vertex 6.185314655303955 -1.5410224199295044 11.5
vertex 6.185314655303955 -1.5410224199295044 8.5
vertex 6.217307090759277 -1.6666641235351562 8.5
endloop
endfacet
facet normal -0.9690770526856555 -0.24675831487121863 0.0
outer loop
vertex 6.185314655303955 -1.5410224199295044 11.5
vertex 6.217307090759277 -1.6666641235351562 8.5
vertex 6.217307090759277 -1.6666641235351562 11.5
endloop
endfacet
facet normal -0.9639627341596556 -0.26603730405986536 -0.0
outer loop
vertex 6.217307090759277 -1.6666641235351562 11.5
vertex 6.217307090759277 -1.6666641235351562 8.5
vertex 6.2517991065979 -1.7916429042816162 8.5
endloop
endfacet
facet normal -0.9639627341596556 -0.26603730405986536 0.0
outer loop
vertex 6.217307090759277 -1.6666641235351562 11.5
vertex 6.2517991065979 -1.7916429042816162 8.5
vertex 6.2517991065979 -1.7916429042816162 11.5
endloop
endfacet
facet normal -0.958464936915807 -0.28521038673754173 -0.0
outer loop
vertex 6.2517991065979 -1.7916429042816162 11.5
vertex 6.2517991065979 -1.7916429042816162 8.5
vertex 6.288776874542236 -1.915908694267273 8.5
endloop
endfacet
facet normal -0.958464936915807 -0.28521038673754173 0.0
outer loop
vertex 6.2517991065979 -1.7916429042816162 11.5
vertex 6.288776874542236 -1.915908694267273 8.5
vertex 6.288776874542236 -1.915908694267273 11.5
endloop
endfacet
facet normal -0.9525861157650243 -0.30426911123494543 -0.0
outer loop
vertex 6.288776874542236 -1.915908694267273 11.5
vertex 6.288776874542236 -1.915908694267273 8.5
vertex 6.328225612640381 -2.039412260055542 8.5
endloop
endfacet
facet normal -0.9525861157650243 -0.30426911123494543 0.0
outer loop
vertex 6.288776874542236 -1.915908694267273 11.5
vertex 6.328225612640381 -2.039412260055542 8.5
vertex 6.328225612640381 -2.039412260055542 11.5
endloop
endfacet
facet normal -0.9463272497275194 -0.3232100500033206 -0.0
outer loop
vertex 6.328225612640381 -2.039412260055542 11.5
vertex 6.328225612640381 -2.039412260055542 8.5
vertex 6.3701300621032715 -2.162104368209839 8.5
endloop
endfacet
facet normal -0.9463272497275194 -0.3232100500033206 0.0
outer loop
vertex 6.328225612640381 -2.039412260055542 11.5
vertex 6.3701300621032715 -2.162104368209839 8.5
vertex 6.3701300621032715 -2.162104368209839 11.5
endloop
endfacet
facet normal -0.9396919054784243 -0.3420221086104347 -0.0
outer loop
vertex 6.3701300621032715 -2.162104368209839 11.5
vertex 6.3701300621032715 -2.162104368209839 8.5
vertex 6.414473533630371 -2.2839362621307373 8.5
endloop
endfacet
facet normal -0.9396919054784243 -0.3420221086104347 0.0
outer loop
vertex 6.3701300621032715 -2.162104368209839 11.5
vertex 6.414473533630371 -2.2839362621307373 8.5
vertex 6.414473533630371 -2.2839362621307373 11.5
endloop
endfacet
facet normal -0.9326854340944275 -0.3606908385696666 -0.0
outer loop
vertex 6.414473533630371 -2.2839362621307373 11.5
vertex 6.414473533630371 -2.2839362621307373 8.5
vertex 6.46123743057251 -2.404859781265259 8.5
endloop
endfacet
facet normal -0.9326854340944275 -0.3606908385696666 0.0
outer loop
vertex 6.414473533630371 -2.2839362621307373 11.5
vertex 6.46123743057251 -2.404859781265259 8.5
vertex 6.46123743057251 -2.404859781265259 11.5
endloop
endfacet
facet normal -0.9253036365391092 -0.3792270826398083 -0.0
outer loop
vertex 6.46123743057251 -2.404859781265259 11.5
vertex 6.46123743057251 -2.404859781265259 8.5
vertex 6.510404586791992 -2.5248262882232666 8.5
endloop
endfacet
facet normal -0.9253036365391092 -0.3792270826398083 0.0
outer loop
vertex 6.46123743057251 -2.404859781265259 11.5
vertex 6.510404586791992 -2.5248262882232666 8.5
vertex 6.510404586791992 -2.5248262882232666 11.5
endloop
endfacet
facet normal -0.9175564974648291 -0.39760542496308443 -0.0
outer loop
vertex 6.510404586791992 -2.5248262882232666 11.5
vertex 6.510404586791992 -2.5248262882232666 8.5
vertex 6.561954498291016 -2.6437883377075195 8.5
endloop
endfacet
facet normal -0.9175564974648291 -0.39760542496308443 0.0
outer loop
vertex 6.510404586791992 -2.5248262882232666 11.5
vertex 6.561954498291016 -2.6437883377075195 8.5
vertex 6.561954498291016 -2.6437883377075195 11.5
endloop
endfacet
facet normal -0.9094424871962576 -0.41582972775197846 -0.0
outer loop
vertex 6.561954498291016 -2.6437883377075195 11.5
vertex 6.561954498291016 -2.6437883377075195 8.5
vertex 6.6158671379089355 -2.7616982460021973 8.5
endloop
endfacet
facet normal -0.9094424871962576 -0.41582972775197846 0.0
outer loop
vertex 6.561954498291016 -2.6437883377075195 11.5
vertex 6.6158671379089355 -2.7616982460021973 8.5
vertex 6.6158671379089355 -2.7616982460021973 11.5
endloop
endfacet
facet normal -0.9009703871937824 -0.43388058426240483 -0.0
outer loop
vertex 6.6158671379089355 -2.7616982460021973 11.5
vertex 6.6158671379089355 -2.7616982460021973 8.5
vertex 6.672120094299316 -2.878509759902954 8.5
endloop
endfacet
facet normal -0.9009703871937824 -0.43388058426240483 0.0
outer loop
vertex 6.6158671379089355 -2.7616982460021973 11.5
vertex 6.672120094299316 -2.878509759902954 8.5
vertex 6.672120094299316 -2.878509759902954 11.5
endloop
endfacet
facet normal -0.8921349239124566 -0.4517690533178599 -0.0
outer loop
vertex 6.672120094299316 -2.878509759902954 11.5
vertex 6.672120094299316 -2.878509759902954 8.5
vertex 6.730692386627197 -2.994175910949707 8.5
endloop
endfacet
facet normal -0.8921349239124566 -0.4517690533178599 0.0
outer loop
vertex 6.672120094299316 -2.878509759902954 11.5
vertex 6.730692386627197 -2.994175910949707 8.5
vertex 6.730692386627197 -2.994175910949707 11.5
endloop
endfacet
facet normal -0.8829464964446772 -0.4694736248353786 -0.0
outer loop
vertex 6.730692386627197 -2.994175910949707 11.5
vertex 6.730692386627197 -2.994175910949707 8.5
vertex 6.791560173034668 -3.1086509227752686 8.5
endloop
endfacet
facet normal -0.8829464964446772 -0.4694736248353786 0.0
outer loop
vertex 6.730692386627197 -2.994175910949707 11.5
vertex 6.791560173034668 -3.1086509227752686 8.5
vertex 6.791560173034668 -3.1086509227752686 11.5
endloop
endfacet
facet normal -0.873408263834149 -0.4869887110254382 -0.0
outer loop
vertex 6.791560173034668 -3.1086509227752686 11.5
vertex 6.791560173034668 -3.1086509227752686 8.5
vertex 6.854698657989502 -3.221889019012451 8.5
endloop
endfacet
facet normal -0.873408263834149 -0.4869887110254382 0.0
outer loop
vertex 6.791560173034668 -3.1086509227752686 11.5
vertex 6.854698657989502 -3.221889019012451 8.5
vertex 6.854698657989502 -3.221889019012451 11.5
endloop
endfacet
facet normal -0.8635219390343111 -0.5043112737252892 -0.0
outer loop
vertex 6.854698657989502 -3.221889019012451 11.5
vertex 6.854698657989502 -3.221889019012451 8.5
vertex 6.920083045959473 -3.333845376968384 8.5
endloop
endfacet
facet normal -0.8635219390343111 -0.5043112737252892 0.0
outer loop
vertex 6.854698657989502 -3.221889019012451 11.5
vertex 6.920083045959473 -3.333845376968384 8.5
vertex 6.920083045959473 -3.333845376968384 11.5
endloop
endfacet
facet normal -0.8532922430793618 -0.5214329754633776 -0.0
outer loop
vertex 6.920083045959473 -3.333845376968384 11.5
vertex 6.920083045959473 -3.333845376968384 8.5
vertex 6.987687110900879 -3.4444751739501953 8.5
endloop
endfacet
facet normal -0.8532922430793618 -0.5214329754633776 0.0
outer loop
vertex 6.920083045959473 -3.333845376968384 11.5
vertex 6.987687110900879 -3.4444751739501953 8.5
vertex 6.987687110900879 -3.4444751739501953 11.5
endloop
endfacet
facet normal -0.8427193650225451 -0.5383531107145183 -0.0
outer loop
vertex 6.987687110900879 -3.4444751739501953 11.5
vertex 6.987687110900879 -3.4444751739501953 8.5
vertex 7.057485103607178 -3.553734540939331 8.5
endloop
endfacet
facet normal -0.8427193650225451 -0.5383531107145183 0.0
outer loop
vertex 6.987687110900879 -3.4444751739501953 11.5
vertex 7.057485103607178 -3.553734540939331 8.5
vertex 7.057485103607178 -3.553734540939331 11.5
endloop
endfacet
facet normal -0.8318165353247122 -0.5550506747679814 -0.0
outer loop
vertex 7.057485103607178 -3.553734540939331 11.5
vertex 7.057485103607178 -3.553734540939331 8.5
vertex 7.129447937011719 -3.6615803241729736 8.5
endloop
endfacet
facet normal -0.8318165353247122 -0.5550506747679814 0.0
outer loop
vertex 7.057485103607178 -3.553734540939331 11.5
vertex 7.129447937011719 -3.6615803241729736 8.5
vertex 7.129447937011719 -3.6615803241729736 11.5
endloop
endfacet
facet normal -0.8205787562237127 -0.5715334678164916 -0.0
outer loop
vertex 7.129447937011719 -3.6615803241729736 11.5
vertex 7.129447937011719 -3.6615803241729736 8.5
vertex 7.203547954559326 -3.7679693698883057 8.5
endloop
endfacet
facet normal -0.8205787562237127 -0.5715334678164916 0.0
outer loop
vertex 7.129447937011719 -3.6615803241729736 11.5
vertex 7.203547954559326 -3.7679693698883057 8.5
vertex 7.203547954559326 -3.7679693698883057 11.5
endloop
endfacet
facet normal -0.8090173382384809 -0.5877847790046316 -0.0
outer loop
vertex 7.203547954559326 -3.7679693698883057 11.5
vertex 7.203547954559326 -3.7679693698883057 8.5
vertex 7.279754638671875 -3.872859001159668 8.5
endloop
endfacet
facet normal -0.8090173382384809 -0.5877847790046316 0.0
outer loop
vertex 7.203547954559326 -3.7679693698883057 11.5
vertex 7.279754638671875 -3.872859001159668 8.5
vertex 7.279754638671875 -3.872859001159668 11.5
endloop
endfacet
facet normal -0.7971332377913506 -0.6038034458400168 -0.0
outer loop
vertex 7.279754638671875 -3.872859001159668 11.5
vertex 7.279754638671875 -3.872859001159668 8.5
vertex 7.358038425445557 -3.976208209991455 8.5
endloop
endfacet
facet normal -0.7971332377913506 -0.6038034458400168 0.0
outer loop
vertex 7.279754638671875 -3.872859001159668 11.5
vertex 7.358038425445557 -3.976208209991455 8.5
vertex 7.358038425445557 -3.976208209991455 11.5
endloop
endfacet
facet normal -0.784930117332605 -0.6195843049208257 -0.0
outer loop
vertex 7.358038425445557 -3.976208209991455 11.5
vertex 7.358038425445557 -3.976208209991455 8.5
vertex 7.43836784362793 -4.077974796295166 8.5
endloop
endfacet
facet normal -0.784930117332605 -0.6195843049208257 0.0
outer loop
vertex 7.358038425445557 -3.976208209991455 11.5
vertex 7.43836784362793 -4.077974796295166 8.5
vertex 7.43836784362793 -4.077974796295166 11.5
endloop
endfacet
facet normal -0.7724173066383228 -0.6351153473233028 -0.0
outer loop
vertex 7.43836784362793 -4.077974796295166 11.5
vertex 7.43836784362793 -4.077974796295166 8.5
vertex 7.5207109451293945 -4.17811918258667 8.5
endloop
endfacet
facet normal -0.7724173066383228 -0.6351153473233028 0.0
outer loop
vertex 7.43836784362793 -4.077974796295166 11.5
vertex 7.5207109451293945 -4.17811918258667 8.5
vertex 7.5207109451293945 -4.17811918258667 11.5
endloop
endfacet
facet normal -0.7595968508554903 -0.6503942067472789 -0.0
outer loop
vertex 7.5207109451293945 -4.17811918258667 11.5
vertex 7.5207109451293945 -4.17811918258667 8.5
vertex 7.605035305023193 -4.276601791381836 8.5
endloop
endfacet
facet normal -0.7595968508554903 -0.6503942067472789 0.0
outer loop
vertex 7.5207109451293945 -4.17811918258667 11.5
vertex 7.605035305023193 -4.276601791381836 8.5
vertex 7.605035305023193 -4.276601791381836 11.5
endloop
endfacet
facet normal -0.7464690688990384 -0.6654201147974135 -0.0
outer loop
vertex 7.605035305023193 -4.276601791381836 11.5
vertex 7.605035305023193 -4.276601791381836 8.5
vertex 7.691307544708252 -4.373382091522217 8.5
endloop
endfacet
facet normal -0.7464690688990384 -0.6654201147974135 0.0
outer loop
vertex 7.605035305023193 -4.276601791381836 11.5
vertex 7.691307544708252 -4.373382091522217 8.5
vertex 7.691307544708252 -4.373382091522217 11.5
endloop
endfacet
facet normal -0.7330541116862176 -0.6801703237718699 -0.0
outer loop
vertex 7.691307544708252 -4.373382091522217 11.5
vertex 7.691307544708252 -4.373382091522217 8.5
vertex 7.779492378234863 -4.468423366546631 8.5
endloop
endfacet
facet normal -0.7330541116862176 -0.6801703237718699 0.0
outer loop
vertex 7.691307544708252 -4.373382091522217 11.5
vertex 7.779492378234863 -4.468423366546631 8.5
vertex 7.779492378234863 -4.468423366546631 11.5
endloop
endfacet
facet normal -0.7193401134973905 -0.6946580461734835 -0.0
outer loop
vertex 7.779492378234863 -4.468423366546631 11.5
vertex 7.779492378234863 -4.468423366546631 8.5
vertex 7.869555473327637 -4.5616865158081055 8.5
endloop
endfacet
facet normal -0.7193401134973905 -0.6946580461734835 0.0
outer loop
vertex 7.779492378234863 -4.468423366546631 11.5
vertex 7.869555473327637 -4.5616865158081055 8.5
vertex 7.869555473327637 -4.5616865158081055 11.5
endloop
endfacet
facet normal -0.7053410455307945 -0.7088681185449984 -0.0
outer loop
vertex 7.869555473327637 -4.5616865158081055 11.5
vertex 7.869555473327637 -4.5616865158081055 8.5
vertex 7.961460590362549 -4.653134346008301 8.5
endloop
endfacet
facet normal -0.7053410455307945 -0.7088681185449984 0.0
outer loop
vertex 7.869555473327637 -4.5616865158081055 11.5
vertex 7.961460590362549 -4.653134346008301 8.5
vertex 7.961460590362549 -4.653134346008301 11.5
endloop
endfacet
facet normal -0.6910625503653198 -0.7227949581192301 -0.0
outer loop
vertex 7.961460590362549 -4.653134346008301 11.5
vertex 7.961460590362549 -4.653134346008301 8.5
vertex 8.055171966552734 -4.74273157119751 8.5
endloop
endfacet
facet normal -0.6910625503653198 -0.7227949581192301 0.0
outer loop
vertex 7.961460590362549 -4.653134346008301 11.5
vertex 8.055171966552734 -4.74273157119751 8.5
vertex 8.055171966552734 -4.74273157119751 11.5
endloop
endfacet
facet normal -0.6765100029517582 -0.7364334429574828 -0.0
outer loop
vertex 8.055171966552734 -4.74273157119751 11.5
vertex 8.055171966552734 -4.74273157119751 8.5
vertex 8.150650978088379 -4.830441474914551 8.5
endloop
endfacet
facet normal -0.6765100029517582 -0.7364334429574828 0.0
outer loop
vertex 8.055171966552734 -4.74273157119751 11.5
vertex 8.150650978088379 -4.830441474914551 8.5
vertex 8.150650978088379 -4.830441474914551 11.5
endloop
endfacet
facet normal -0.6616836718660218 -0.7497831142309748 -0.0
outer loop
vertex 8.150650978088379 -4.830441474914551 11.5
vertex 8.150650978088379 -4.830441474914551 8.5
vertex 8.2478609085083 -4.916229248046875 8.5
endloop
endfacet
facet normal -0.6616836718660218 -0.7497831142309748 0.0
outer loop
vertex 8.150650978088379 -4.830441474914551 11.5
vertex 8.2478609085083 -4.916229248046875 8.5
vertex 8.2478609085083 -4.916229248046875 11.5
endloop
endfacet
facet normal -0.646601145795383 -0.7628282626227859 -0.0
outer loop
vertex 8.2478609085083 -4.916229248046875 11.5
vertex 8.2478609085083 -4.916229248046875 8.5
vertex 8.346762657165527 -5.000061988830566 8.5
endloop
endfacet
facet normal -0.646601145795383 -0.7628282626227859 0.0
outer loop
vertex 8.2478609085083 -4.916229248046875 11.5
vertex 8.346762657165527 -5.000061988830566 8.5
vertex 8.346762657165527 -5.000061988830566 11.5
endloop
endfacet
facet normal -0.631255346725198 -0.7755750687269737 -0.0
outer loop
vertex 8.346762657165527 -5.000061988830566 11.5
vertex 8.346762657165527 -5.000061988830566 8.5
vertex 8.44731616973877 -5.081904411315918 8.5
endloop
endfacet
facet normal -0.631255346725198 -0.7755750687269737 0.0
outer loop
vertex 8.346762657165527 -5.000061988830566 11.5
vertex 8.44731616973877 -5.081904411315918 8.5
vertex 8.44731616973877 -5.081904411315918 11.5
endloop
endfacet
facet normal -0.6156644539354998 -0.7880084264525999 -0.0
outer loop
vertex 8.44731616973877 -5.081904411315918 11.5
vertex 8.44731616973877 -5.081904411315918 8.5
vertex 8.549482345581055 -5.161725997924805 8.5
endloop
endfacet
facet normal -0.6156644539354998 -0.7880084264525999 0.0
outer loop
vertex 8.44731616973877 -5.081904411315918 11.5
vertex 8.549482345581055 -5.161725997924805 8.5
vertex 8.549482345581055 -5.161725997924805 11.5
endloop
endfacet
facet normal -0.5998187407025359 -0.8001359123936532 -0.0
outer loop
vertex 8.549482345581055 -5.161725997924805 11.5
vertex 8.549482345581055 -5.161725997924805 8.5
vertex 8.653221130371094 -5.239493370056152 8.5
endloop
endfacet
facet normal -0.5998187407025359 -0.8001359123936532 0.0
outer loop
vertex 8.549482345581055 -5.161725997924805 11.5
vertex 8.653221130371094 -5.239493370056152 8.5
vertex 8.653221130371094 -5.239493370056152 11.5
endloop
endfacet
facet normal -0.5837459292747769 -0.8119363830098558 -0.0
outer loop
vertex 8.653221130371094 -5.239493370056152 11.5
vertex 8.653221130371094 -5.239493370056152 8.5
vertex 8.758488655090332 -5.315176010131836 8.5
endloop
endfacet
facet normal -0.5837459292747769 -0.8119363830098558 0.0
outer loop
vertex 8.653221130371094 -5.239493370056152 11.5
vertex 8.758488655090332 -5.315176010131836 8.5
vertex 8.758488655090332 -5.315176010131836 11.5
endloop
endfacet
facet normal -0.5674300492634036 -0.8234216047644921 -0.0
outer loop
vertex 8.758488655090332 -5.315176010131836 11.5
vertex 8.758488655090332 -5.315176010131836 8.5
vertex 8.865246772766113 -5.388744354248047 8.5
endloop
endfacet
facet normal -0.5674300492634036 -0.8234216047644921 0.0
outer loop
vertex 8.758488655090332 -5.315176010131836 11.5
vertex 8.865246772766113 -5.388744354248047 8.5
vertex 8.865246772766113 -5.388744354248047 11.5
endloop
endfacet
facet normal -0.5508988761899409 -0.8345720030127181 -0.0
outer loop
vertex 8.865246772766113 -5.388744354248047 11.5
vertex 8.865246772766113 -5.388744354248047 8.5
vertex 8.97344970703125 -5.460168838500977 8.5
endloop
endfacet
facet normal -0.5508988761899409 -0.8345720030127181 0.0
outer loop
vertex 8.865246772766113 -5.388744354248047 11.5
vertex 8.97344970703125 -5.460168838500977 8.5
vertex 8.97344970703125 -5.460168838500977 11.5
endloop
endfacet
facet normal -0.5341409064651085 -0.8453954648805685 -0.0
outer loop
vertex 8.97344970703125 -5.460168838500977 11.5
vertex 8.97344970703125 -5.460168838500977 8.5
vertex 9.08305549621582 -5.529420375823975 8.5
endloop
endfacet
facet normal -0.5341409064651085 -0.8453954648805685 0.0
outer loop
vertex 8.97344970703125 -5.460168838500977 11.5
vertex 9.08305549621582 -5.529420375823975 8.5
vertex 9.08305549621582 -5.529420375823975 11.5
endloop
endfacet
facet normal -0.517172669509534 -0.8558810839785994 -0.0
outer loop
vertex 9.08305549621582 -5.529420375823975 11.5
vertex 9.08305549621582 -5.529420375823975 8.5
vertex 9.194021224975586 -5.596472263336182 8.5
endloop
endfacet
facet normal -0.517172669509534 -0.8558810839785994 0.0
outer loop
vertex 9.08305549621582 -5.529420375823975 11.5
vertex 9.194021224975586 -5.596472263336182 8.5
vertex 9.194021224975586 -5.596472263336182 11.5
endloop
endfacet
facet normal -0.500003674481639 -0.8660232823110814 -0.0
outer loop
vertex 9.194021224975586 -5.596472263336182 11.5
vertex 9.194021224975586 -5.596472263336182 8.5
vertex 9.306302070617676 -5.6612982749938965 8.5
endloop
endfacet
facet normal -0.500003674481639 -0.8660232823110814 0.0
outer loop
vertex 9.194021224975586 -5.596472263336182 11.5
vertex 9.306302070617676 -5.6612982749938965 8.5
vertex 9.306302070617676 -5.6612982749938965 11.5
endloop
endfacet
facet normal -0.48262225682915455 -0.8758286117803721 -0.0
outer loop
vertex 9.306302070617676 -5.6612982749938965 11.5
vertex 9.306302070617676 -5.6612982749938965 8.5
vertex 9.419854164123535 -5.723870754241943 8.5
endloop
endfacet
facet normal -0.48262225682915455 -0.8758286117803721 0.0
outer loop
vertex 9.306302070617676 -5.6612982749938965 11.5
vertex 9.419854164123535 -5.723870754241943 8.5
vertex 9.419854164123535 -5.723870754241943 11.5
endloop
endfacet
facet normal -0.46506569109872165 -0.8852761732718599 -0.0
outer loop
vertex 9.419854164123535 -5.723870754241943 11.5
vertex 9.419854164123535 -5.723870754241943 8.5
vertex 9.53463077545166 -5.7841668128967285 8.5
endloop
endfacet
facet normal -0.46506569109872165 -0.8852761732718599 0.0
outer loop
vertex 9.419854164123535 -5.723870754241943 11.5
vertex 9.53463077545166 -5.7841668128967285 8.5
vertex 9.53463077545166 -5.7841668128967285 11.5
endloop
endfacet
facet normal -0.447313630777427 -0.8943771663681469 -0.0
outer loop
vertex 9.53463077545166 -5.7841668128967285 11.5
vertex 9.53463077545166 -5.7841668128967285 8.5
vertex 9.65058708190918 -5.842161178588867 8.5
endloop
endfacet
facet normal -0.447313630777427 -0.8943771663681469 0.0
outer loop
vertex 9.53463077545166 -5.7841668128967285 11.5
vertex 9.65058708190918 -5.842161178588867 8.5
vertex 9.65058708190918 -5.842161178588867 11.5
endloop
endfacet
facet normal -0.4293865743699534 -0.9031207946619524 -0.0
outer loop
vertex 9.65058708190918 -5.842161178588867 11.5
vertex 9.65058708190918 -5.842161178588867 8.5
vertex 9.767677307128906 -5.897831439971924 8.5
endloop
endfacet
facet normal -0.4293865743699534 -0.9031207946619524 0.0
outer loop
vertex 9.65058708190918 -5.842161178588867 11.5
vertex 9.767677307128906 -5.897831439971924 8.5
vertex 9.767677307128906 -5.897831439971924 11.5
endloop
endfacet
facet normal -0.41128782352779764 -0.9115055272557414 -0.0
outer loop
vertex 9.767677307128906 -5.897831439971924 11.5
vertex 9.767677307128906 -5.897831439971924 8.5
vertex 9.885855674743652 -5.951155662536621 8.5
endloop
endfacet
facet normal -0.41128782352779764 -0.9115055272557414 0.0
outer loop
vertex 9.767677307128906 -5.897831439971924 11.5
vertex 9.885855674743652 -5.951155662536621 8.5
vertex 9.885855674743652 -5.951155662536621 11.5
endloop
endfacet
facet normal -0.39302513485761903 -0.9195277284400674 -0.0
outer loop
vertex 9.885855674743652 -5.951155662536621 11.5
vertex 9.885855674743652 -5.951155662536621 8.5
vertex 10.005072593688965 -6.002111434936523 8.5
endloop
endfacet
facet normal -0.39302513485761903 -0.9195277284400674 0.0
outer loop
vertex 9.885855674743652 -5.951155662536621 11.5
vertex 10.005072593688965 -6.002111434936523 8.5
vertex 10.005072593688965 -6.002111434936523 11.5
endloop
endfacet
facet normal -0.3746033952151845 -0.9271851467173405 -0.0
outer loop
vertex 10.005072593688965 -6.002111434936523 11.5
vertex 10.005072593688965 -6.002111434936523 8.5
vertex 10.125283241271973 -6.0506792068481445 8.5
endloop
endfacet
facet normal -0.3746033952151845 -0.9271851467173405 0.0
outer loop
vertex 10.005072593688965 -6.002111434936523 11.5
vertex 10.125283241271973 -6.0506792068481445 8.5
vertex 10.125283241271973 -6.0506792068481445 11.5
endloop
endfacet
facet normal -0.3560422799001922 -0.9344698469846275 -0.0
outer loop
vertex 10.125283241271973 -6.0506792068481445 11.5
vertex 10.125283241271973 -6.0506792068481445 8.5
vertex 10.246438026428223 -6.0968403816223145 8.5
endloop
endfacet
facet normal -0.3560422799001922 -0.9344698469846275 0.0
outer loop
vertex 10.125283241271973 -6.0506792068481445 11.5
vertex 10.246438026428223 -6.0968403816223145 8.5
vertex 10.246438026428223 -6.0968403816223145 11.5
endloop
endfacet
facet normal -0.33733013198604084 -0.941386414844765 -0.0
outer loop
vertex 10.246438026428223 -6.0968403816223145 11.5
vertex 10.246438026428223 -6.0968403816223145 8.5
vertex 10.368489265441895 -6.140575408935547 8.5
endloop
endfacet
facet normal -0.33733013198604084 -0.941386414844765 0.0
outer loop
vertex 10.246438026428223 -6.0968403816223145 11.5
vertex 10.368489265441895 -6.140575408935547 8.5
vertex 10.368489265441895 -6.140575408935547 11.5
endloop
endfacet
facet normal -0.3184810105574275 -0.9479292409849586 -0.0
outer loop
vertex 10.368489265441895 -6.140575408935547 11.5
vertex 10.368489265441895 -6.140575408935547 8.5
vertex 10.491390228271484 -6.1818671226501465 8.5
endloop
endfacet
facet normal -0.3184810105574275 -0.9479292409849586 0.0
outer loop
vertex 10.368489265441895 -6.140575408935547 11.5
vertex 10.491390228271484 -6.1818671226501465 8.5
vertex 10.491390228271484 -6.1818671226501465 11.5
endloop
endfacet
facet normal -0.29951825219696093 -0.9540905704391369 -0.0
outer loop
vertex 10.491390228271484 -6.1818671226501465 11.5
vertex 10.491390228271484 -6.1818671226501465 8.5
vertex 10.61508846282959 -6.220699787139893 8.5
endloop
endfacet
facet normal -0.29951825219696093 -0.9540905704391369 0.0
outer loop
vertex 10.491390228271484 -6.1818671226501465 11.5
vertex 10.61508846282959 -6.220699787139893 8.5
vertex 10.61508846282959 -6.220699787139893 11.5
endloop
endfacet
facet normal -0.28042874470981133 -0.9598748455608572 -0.0
outer loop
vertex 10.61508846282959 -6.220699787139893 11.5
vertex 10.61508846282959 -6.220699787139893 8.5
vertex 10.739537239074707 -6.2570576667785645 8.5
endloop
endfacet
facet normal -0.28042874470981133 -0.9598748455608572 0.0
outer loop
vertex 10.61508846282959 -6.220699787139893 11.5
vertex 10.739537239074707 -6.2570576667785645 8.5
vertex 10.739537239074707 -6.2570576667785645 11.5
endloop
endfacet
facet normal -0.26122415609079747 -0.9652781673044567 -0.0
outer loop
vertex 10.739537239074707 -6.2570576667785645 11.5
vertex 10.739537239074707 -6.2570576667785645 8.5
vertex 10.864686012268066 -6.2909255027771 8.5
endloop
endfacet
facet normal -0.26122415609079747 -0.9652781673044567 0.0
outer loop
vertex 10.739537239074707 -6.2570576667785645 11.5
vertex 10.864686012268066 -6.2909255027771 8.5
vertex 10.864686012268066 -6.2909255027771 11.5
endloop
endfacet
facet normal -0.24192634952321088 -0.9702946157772768 -0.0
outer loop
vertex 10.864686012268066 -6.2909255027771 11.5
vertex 10.864686012268066 -6.2909255027771 8.5
vertex 10.990485191345215 -6.322291374206543 8.5
endloop
endfacet
facet normal -0.24192634952321088 -0.9702946157772768 0.0
outer loop
vertex 10.864686012268066 -6.2909255027771 11.5
vertex 10.990485191345215 -6.322291374206543 8.5
vertex 10.990485191345215 -6.322291374206543 11.5
endloop
endfacet
facet normal -0.2225217023525543 -0.9749277368000776 -0.0
outer loop
vertex 10.990485191345215 -6.322291374206543 11.5
vertex 10.990485191345215 -6.322291374206543 8.5
vertex 11.1168851852417 -6.351141452789307 8.5
endloop
endfacet
facet normal -0.2225217023525543 -0.9749277368000776 0.0
outer loop
vertex 10.990485191345215 -6.322291374206543 11.5
vertex 11.1168851852417 -6.351141452789307 8.5
vertex 11.1168851852417 -6.351141452789307 11.5
endloop
endfacet
facet normal -0.20302977859085197 -0.9791725634459686 -0.0
outer loop
vertex 11.1168851852417 -6.351141452789307 11.5
vertex 11.1168851852417 -6.351141452789307 8.5
vertex 11.243837356567383 -6.377464771270752 8.5
endloop
endfacet
facet normal -0.20302977859085197 -0.9791725634459686 0.0
outer loop
vertex 11.1168851852417 -6.351141452789307 11.5
vertex 11.243837356567383 -6.377464771270752 8.5
vertex 11.243837356567383 -6.377464771270752 11.5
endloop
endfacet
facet normal -0.18346417879481502 -0.9830263959320442 -0.0
outer loop
vertex 11.243837356567383 -6.377464771270752 11.5
vertex 11.243837356567383 -6.377464771270752 8.5
vertex 11.371286392211914 -6.401250839233398 8.5
endloop
endfacet
facet normal -0.18346417879481502 -0.9830263959320442 0.0
outer loop
vertex 11.243837356567383 -6.377464771270752 11.5
vertex 11.371286392211914 -6.401250839233398 8.5
vertex 11.371286392211914 -6.401250839233398 11.5
endloop
endfacet
facet normal -0.16381448076837524 -0.9864911636150562 -0.0
outer loop
vertex 11.371286392211914 -6.401250839233398 11.5
vertex 11.371286392211914 -6.401250839233398 8.5
vertex 11.499186515808105 -6.422489643096924 8.5
endloop
endfacet
facet normal -0.16381448076837524 -0.9864911636150562 0.0
outer loop
vertex 11.371286392211914 -6.401250839233398 11.5
vertex 11.499186515808105 -6.422489643096924 8.5
vertex 11.499186515808105 -6.422489643096924 11.5
endloop
endfacet
facet normal -0.14410912106038823 -0.9895618026314488 -0.0
outer loop
vertex 11.499186515808105 -6.422489643096924 11.5
vertex 11.499186515808105 -6.422489643096924 8.5
vertex 11.627484321594238 -6.441173553466797 8.5
endloop
endfacet
facet normal -0.14410912106038823 -0.9895618026314488 0.0
outer loop
vertex 11.499186515808105 -6.422489643096924 11.5
vertex 11.627484321594238 -6.441173553466797 8.5
vertex 11.627484321594238 -6.441173553466797 11.5
endloop
endfacet
facet normal -0.12434525427711564 -0.992239012405156 -0.0
outer loop
vertex 11.627484321594238 -6.441173553466797 11.5
vertex 11.627484321594238 -6.441173553466797 8.5
vertex 11.756128311157227 -6.457294940948486 8.5
endloop
endfacet
facet normal -0.12434525427711564 -0.992239012405156 0.0
outer loop
vertex 11.627484321594238 -6.441173553466797 11.5
vertex 11.756128311157227 -6.457294940948486 8.5
vertex 11.756128311157227 -6.457294940948486 11.5
endloop
endfacet
facet normal -0.10452836850731696 -0.9945219053279816 -0.0
outer loop
vertex 11.756128311157227 -6.457294940948486 11.5
vertex 11.756128311157227 -6.457294940948486 8.5
vertex 11.885068893432617 -6.470847129821777 8.5
endloop
endfacet
facet normal -0.10452836850731696 -0.9945219053279816 0.0
outer loop
vertex 11.756128311157227 -6.457294940948486 11.5
vertex 11.885068893432617 -6.470847129821777 8.5
vertex 11.885068893432617 -6.470847129821777 11.5
endloop
endfacet
facet normal -0.08467195218458934 -0.9964088821930737 -0.0
outer loop
vertex 11.885068893432617 -6.470847129821777 11.5
vertex 11.885068893432617 -6.470847129821777 8.5
vertex 12.014253616333008 -6.48182487487793 8.5
endloop
endfacet
facet normal -0.08467195218458934 -0.9964088821930737 0.0
outer loop
vertex 11.885068893432617 -6.470847129821777 11.5
vertex 12.014253616333008 -6.48182487487793 8.5
vertex 12.014253616333008 -6.48182487487793 11.5
endloop
endfacet
facet normal -0.06477771456556349 -0.9978997182561294 -0.0
outer loop
vertex 12.014253616333008 -6.48182487487793 11.5
vertex 12.014253616333008 -6.48182487487793 8.5
vertex 12.143632888793945 -6.490223407745361 8.5
endloop
endfacet
facet normal -0.06477771456556349 -0.9978997182561294 0.0
outer loop
vertex 12.014253616333008 -6.48182487487793 11.5
vertex 12.143632888793945 -6.490223407745361 8.5
vertex 12.143632888793945 -6.490223407745361 11.5
endloop
endfacet
facet normal -0.04486612269426404 -0.9989930085012523 -0.0
outer loop
vertex 12.143632888793945 -6.490223407745361 11.5
vertex 12.143632888793945 -6.490223407745361 8.5
vertex 12.273153305053711 -6.496040344238281 8.5
endloop
endfacet
facet normal -0.04486612269426404 -0.9989930085012523 0.0
outer loop
vertex 12.143632888793945 -6.490223407745361 11.5
vertex 12.273153305053711 -6.496040344238281 8.5
vertex 12.273153305053711 -6.496040344238281 11.5
endloop
endfacet
facet normal -0.02493227928269661 -0.9996891424086637 -0.0
outer loop
vertex 12.273153305053711 -6.496040344238281 11.5
vertex 12.273153305053711 -6.496040344238281 8.5
vertex 12.402763366699219 -6.49927282333374 8.5
endloop
endfacet
facet normal -0.02493227928269661 -0.9996891424086637 0.0
outer loop
vertex 12.273153305053711 -6.496040344238281 11.5
vertex 12.402763366699219 -6.49927282333374 8.5
vertex 12.402763366699219 -6.49927282333374 11.5
endloop
endfacet
facet normal -0.004983461228780088 -0.9999875824799933 -0.0
outer loop
vertex 12.402763366699219 -6.49927282333374 11.5
vertex 12.402763366699219 -6.49927282333374 8.5
vertex 12.532413482666016 -6.4999189376831055 8.5
endloop
endfacet
facet normal -0.004983461228780088 -0.9999875824799933 0.0
outer loop
vertex 12.402763366699219 -6.49927282333374 11.5
vertex 12.532413482666016 -6.4999189376831055 8.5
vertex 12.532413482666016 -6.4999189376831055 11.5
endloop
endfacet
facet normal 0.014957902060681807 -0.9998881243248882 0.0
outer loop
vertex 12.532413482666016 -6.4999189376831055 11.5
vertex 12.532413482666016 -6.4999189376831055 8.5
vertex 12.662049293518066 -6.497979640960693 8.5
endloop
endfacet
facet normal 0.014957902060681807 -0.9998881243248882 0.0
outer loop
vertex 12.532413482666016 -6.4999189376831055 11.5
vertex 12.662049293518066 -6.497979640960693 8.5
vertex 12.662049293518066 -6.497979640960693 11.5
endloop
endfacet
facet normal 0.03489916413151728 -0.999390838632675 0.0
outer loop
vertex 12.662049293518066 -6.497979640960693 11.5
vertex 12.662049293518066 -6.497979640960693 8.5
vertex 12.791621208190918 -6.493454933166504 8.5
endloop
endfacet
facet normal 0.03489916413151728 -0.999390838632675 0.0
outer loop
vertex 12.662049293518066 -6.497979640960693 11.5
vertex 12.791621208190918 -6.493454933166504 8.5
vertex 12.791621208190918 -6.493454933166504 11.5
endloop
endfacet
facet normal 0.05482591791302647 -0.9984959282465774 0.0
outer loop
vertex 12.791621208190918 -6.493454933166504 11.5
vertex 12.791621208190918 -6.493454933166504 8.5
vertex 12.921076774597168 -6.48634672164917 8.5
endloop
endfacet
facet normal 0.05482591791302647 -0.9984959282465774 0.0
outer loop
vertex 12.791621208190918 -6.493454933166504 11.5
vertex 12.921076774597168 -6.48634672164917 8.5
vertex 12.921076774597168 -6.48634672164917 11.5
endloop
endfacet
facet normal 0.07473015168092981 -0.9972037928275972 0.0
outer loop
vertex 12.921076774597168 -6.48634672164917 11.5
vertex 12.921076774597168 -6.48634672164917 8.5
vertex 13.050365447998047 -6.476657867431641 8.5
endloop
endfacet
facet normal 0.07473015168092981 -0.9972037928275972 0.0
outer loop
vertex 12.921076774597168 -6.48634672164917 11.5
vertex 13.050365447998047 -6.476657867431641 8.5
vertex 13.050365447998047 -6.476657867431641 11.5
endloop
endfacet
facet normal 0.09460480992759789 -0.9955149069394004 0.0
outer loop
vertex 13.050365447998047 -6.476657867431641 11.5
vertex 13.050365447998047 -6.476657867431641 8.5
vertex 13.179435729980469 -6.464392185211182 8.5
endloop
endfacet
facet normal 0.09460480992759789 -0.9955149069394004 0.0
outer loop
vertex 13.050365447998047 -6.476657867431641 11.5
vertex 13.179435729980469 -6.464392185211182 8.5
vertex 13.179435729980469 -6.464392185211182 11.5
endloop
endfacet
facet normal 0.11444067416405218 -0.9934300841513091 0.0
outer loop
vertex 13.179435729980469 -6.464392185211182 11.5
vertex 13.179435729980469 -6.464392185211182 8.5
vertex 13.308234214782715 -6.449554920196533 8.5
endloop
endfacet
facet normal 0.11444067416405218 -0.9934300841513091 0.0
outer loop
vertex 13.179435729980469 -6.464392185211182 11.5
vertex 13.308234214782715 -6.449554920196533 8.5
vertex 13.308234214782715 -6.449554920196533 11.5
endloop
endfacet
facet normal 0.13423476081048755 -0.9909495592562475 0.0
outer loop
vertex 13.308234214782715 -6.449554920196533 11.5
vertex 13.308234214782715 -6.449554920196533 8.5
vertex 13.436711311340332 -6.4321513175964355 8.5
endloop
endfacet
facet normal 0.13423476081048755 -0.9909495592562475 0.0
outer loop
vertex 13.308234214782715 -6.449554920196533 11.5
vertex 13.436711311340332 -6.4321513175964355 8.5
vertex 13.436711311340332 -6.4321513175964355 11.5
endloop
endfacet
facet normal 0.15396937994590446 -0.9880756195955215 0.0
outer loop
vertex 13.436711311340332 -6.4321513175964355 11.5
vertex 13.436711311340332 -6.4321513175964355 8.5
vertex 13.56481647491455 -6.41218900680542 8.5
endloop
endfacet
facet normal 0.15396937994590446 -0.9880756195955215 0.0
outer loop
vertex 13.436711311340332 -6.4321513175964355 11.5
vertex 13.56481647491455 -6.41218900680542 8.5
vertex 13.56481647491455 -6.41218900680542 11.5
endloop
endfacet
facet normal 0.1736504237255058 -0.98480735696884 0.0
outer loop
vertex 13.56481647491455 -6.41218900680542 11.5
vertex 13.56481647491455 -6.41218900680542 8.5
vertex 13.692497253417969 -6.389675140380859 8.5
endloop
endfacet
facet normal 0.1736504237255058 -0.98480735696884 0.0
outer loop
vertex 13.56481647491455 -6.41218900680542 11.5
vertex 13.692497253417969 -6.389675140380859 8.5
vertex 13.692497253417969 -6.389675140380859 11.5
endloop
endfacet
facet normal 0.1932550832946389 -0.9811485477647013 0.0
outer loop
vertex 13.692497253417969 -6.389675140380859 11.5
vertex 13.692497253417969 -6.389675140380859 8.5
vertex 13.81970500946045 -6.364619255065918 8.5
endloop
endfacet
facet normal 0.1932550832946389 -0.9811485477647013 0.0
outer loop
vertex 13.692497253417969 -6.389675140380859 11.5
vertex 13.81970500946045 -6.364619255065918 8.5
vertex 13.81970500946045 -6.364619255065918 11.5
endloop
endfacet
facet normal 0.21278662216338545 -0.97709869175447 0.0
outer loop
vertex 13.81970500946045 -6.364619255065918 11.5
vertex 13.81970500946045 -6.364619255065918 8.5
vertex 13.946386337280273 -6.337031364440918 8.5
endloop
endfacet
facet normal 0.21278662216338545 -0.97709869175447 0.0
outer loop
vertex 13.81970500946045 -6.364619255065918 11.5
vertex 13.946386337280273 -6.337031364440918 8.5
vertex 13.946386337280273 -6.337031364440918 11.5
endloop
endfacet
facet normal 0.2322343828131786 -0.9726598539260177 0.0
outer loop
vertex 13.946386337280273 -6.337031364440918 11.5
vertex 13.946386337280273 -6.337031364440918 8.5
vertex 14.072492599487305 -6.30692195892334 8.5
endloop
endfacet
facet normal 0.2322343828131786 -0.9726598539260177 0.0
outer loop
vertex 13.946386337280273 -6.337031364440918 11.5
vertex 14.072492599487305 -6.30692195892334 8.5
vertex 14.072492599487305 -6.30692195892334 11.5
endloop
endfacet
facet normal 0.25158562143271107 -0.9678350453916806 0.0
outer loop
vertex 14.072492599487305 -6.30692195892334 11.5
vertex 14.072492599487305 -6.30692195892334 8.5
vertex 14.197972297668457 -6.274303913116455 8.5
endloop
endfacet
facet normal 0.25158562143271107 -0.9678350453916806 0.0
outer loop
vertex 14.072492599487305 -6.30692195892334 11.5
vertex 14.197972297668457 -6.274303913116455 8.5
vertex 14.197972297668457 -6.274303913116455 11.5
endloop
endfacet
facet normal 0.27084015446429033 -0.9626243352054628 0.0
outer loop
vertex 14.197972297668457 -6.274303913116455 11.5
vertex 14.197972297668457 -6.274303913116455 8.5
vertex 14.32277774810791 -6.239189147949219 8.5
endloop
endfacet
facet normal 0.27084015446429033 -0.9626243352054628 0.0
outer loop
vertex 14.197972297668457 -6.274303913116455 11.5
vertex 14.32277774810791 -6.239189147949219 8.5
vertex 14.32277774810791 -6.239189147949219 11.5
endloop
endfacet
facet normal 0.2899826927456484 -0.9570318897027325 0.0
outer loop
vertex 14.32277774810791 -6.239189147949219 11.5
vertex 14.32277774810791 -6.239189147949219 8.5
vertex 14.446858406066895 -6.201592445373535 8.5
endloop
endfacet
facet normal 0.2899826927456484 -0.9570318897027325 0.0
outer loop
vertex 14.32277774810791 -6.239189147949219 11.5
vertex 14.446858406066895 -6.201592445373535 8.5
vertex 14.446858406066895 -6.201592445373535 11.5
endloop
endfacet
facet normal 0.30902037341868915 -0.9510554183706509 0.0
outer loop
vertex 14.446858406066895 -6.201592445373535 11.5
vertex 14.446858406066895 -6.201592445373535 8.5
vertex 14.57016372680664 -6.161527633666992 8.5
endloop
endfacet
facet normal 0.30902037341868915 -0.9510554183706509 0.0
outer loop
vertex 14.446858406066895 -6.201592445373535 11.5
vertex 14.57016372680664 -6.161527633666992 8.5
vertex 14.57016372680664 -6.161527633666992 11.5
endloop
endfacet
facet normal 0.32792799211042073 -0.9447027214899023 0.0
outer loop
vertex 14.57016372680664 -6.161527633666992 11.5
vertex 14.57016372680664 -6.161527633666992 8.5
vertex 14.692644119262695 -6.119011878967285 8.5
endloop
endfacet
facet normal 0.32792799211042073 -0.9447027214899023 0.0
outer loop
vertex 14.57016372680664 -6.161527633666992 11.5
vertex 14.692644119262695 -6.119011878967285 8.5
vertex 14.692644119262695 -6.119011878967285 11.5
endloop
endfacet
facet normal 0.3467028994009723 -0.937974999425336 0.0
outer loop
vertex 14.692644119262695 -6.119011878967285 11.5
vertex 14.692644119262695 -6.119011878967285 8.5
vertex 14.814253807067871 -6.074061393737793 8.5
endloop
endfacet
facet normal 0.3467028994009723 -0.937974999425336 0.0
outer loop
vertex 14.692644119262695 -6.119011878967285 11.5
vertex 14.814253807067871 -6.074061393737793 8.5
vertex 14.814253807067871 -6.074061393737793 11.5
endloop
endfacet
facet normal 0.3653346506881418 -0.9308762501034031 0.0
outer loop
vertex 14.814253807067871 -6.074061393737793 11.5
vertex 14.814253807067871 -6.074061393737793 8.5
vertex 14.934943199157715 -6.026695251464844 8.5
endloop
endfacet
facet normal 0.3653346506881418 -0.9308762501034031 0.0
outer loop
vertex 14.814253807067871 -6.074061393737793 11.5
vertex 14.934943199157715 -6.026695251464844 8.5
vertex 14.934943199157715 -6.026695251464844 11.5
endloop
endfacet
facet normal 0.3838364983284338 -0.9234010735054221 0.0
outer loop
vertex 14.934943199157715 -6.026695251464844 11.5
vertex 14.934943199157715 -6.026695251464844 8.5
vertex 15.054662704467773 -5.976930618286133 8.5
endloop
endfacet
facet normal 0.3838364983284338 -0.9234010735054221 0.0
outer loop
vertex 14.934943199157715 -6.026695251464844 11.5
vertex 15.054662704467773 -5.976930618286133 8.5
vertex 15.054662704467773 -5.976930618286133 11.5
endloop
endfacet
facet normal 0.4021758921738761 -0.9155624237342569 0.0
outer loop
vertex 15.054662704467773 -5.976930618286133 11.5
vertex 15.054662704467773 -5.976930618286133 8.5
vertex 15.17336654663086 -5.924787998199463 8.5
endloop
endfacet
facet normal 0.4021758921738761 -0.9155624237342569 0.0
outer loop
vertex 15.054662704467773 -5.976930618286133 11.5
vertex 15.17336654663086 -5.924787998199463 8.5
vertex 15.17336654663086 -5.924787998199463 11.5
endloop
endfacet
facet normal 0.42035777411618935 -0.9073584417087235 0.0
outer loop
vertex 15.17336654663086 -5.924787998199463 11.5
vertex 15.17336654663086 -5.924787998199463 8.5
vertex 15.291006088256836 -5.870288372039795 8.5
endloop
endfacet
facet normal 0.42035777411618935 -0.9073584417087235 0.0
outer loop
vertex 15.17336654663086 -5.924787998199463 11.5
vertex 15.291006088256836 -5.870288372039795 8.5
vertex 15.291006088256836 -5.870288372039795 11.5
endloop
endfacet
facet normal 0.4383708794101207 -0.8987941767085483 0.0
outer loop
vertex 15.291006088256836 -5.870288372039795 11.5
vertex 15.291006088256836 -5.870288372039795 8.5
vertex 15.407535552978516 -5.813453197479248 8.5
endloop
endfacet
facet normal 0.4383708794101207 -0.8987941767085483 0.0
outer loop
vertex 15.291006088256836 -5.870288372039795 11.5
vertex 15.407535552978516 -5.813453197479248 8.5
vertex 15.407535552978516 -5.813453197479248 11.5
endloop
endfacet
facet normal 0.456211885939516 -0.8898711789509255 0.0
outer loop
vertex 15.407535552978516 -5.813453197479248 11.5
vertex 15.407535552978516 -5.813453197479248 8.5
vertex 15.522908210754395 -5.754304885864258 8.5
endloop
endfacet
facet normal 0.456211885939516 -0.8898711789509255 0.0
outer loop
vertex 15.407535552978516 -5.813453197479248 11.5
vertex 15.522908210754395 -5.754304885864258 8.5
vertex 15.522908210754395 -5.754304885864258 11.5
endloop
endfacet
facet normal 0.4738692980894141 -0.8805951898166637 0.0
outer loop
vertex 15.522908210754395 -5.754304885864258 11.5
vertex 15.522908210754395 -5.754304885864258 8.5
vertex 15.637077331542969 -5.692867755889893 8.5
endloop
endfacet
facet normal 0.4738692980894141 -0.8805951898166637 0.0
outer loop
vertex 15.522908210754395 -5.754304885864258 11.5
vertex 15.637077331542969 -5.692867755889893 8.5
vertex 15.637077331542969 -5.692867755889893 11.5
endloop
endfacet
facet normal 0.4913364961821273 -0.8709698315782645 0.0
outer loop
vertex 15.637077331542969 -5.692867755889893 11.5
vertex 15.637077331542969 -5.692867755889893 8.5
vertex 15.75 -5.629165172576904 8.5
endloop
endfacet
facet normal 0.4913364961821273 -0.8709698315782645 0.0
outer loop
vertex 15.637077331542969 -5.692867755889893 11.5
vertex 15.75 -5.629165172576904 8.5
vertex 15.75 -5.629165172576904 11.5
endloop
endfacet
facet normal 0.5086120888091951 -0.8609957857720022 0.0
outer loop
vertex 15.75 -5.629165172576904 11.5
vertex 15.75 -5.629165172576904 8.5
vertex 15.861628532409668 -5.563223361968994 8.5
endloop
endfacet
facet normal 0.5086120888091951 -0.8609957857720022 0.0
outer loop
vertex 15.75 -5.629165172576904 11.5
vertex 15.861628532409668 -5.563223361968994 8.5
vertex 15.861628532409668 -5.563223361968994 11.5
endloop
endfacet
facet normal 0.5256890904738735 -0.8506767777227445 0.0
outer loop
vertex 15.861628532409668 -5.563223361968994 11.5
vertex 15.861628532409668 -5.563223361968994 8.5
vertex 15.971919059753418 -5.495067596435547 8.5
endloop
endfacet
facet normal 0.5256890904738735 -0.8506767777227445 0.0
outer loop
vertex 15.861628532409668 -5.563223361968994 11.5
vertex 15.971919059753418 -5.495067596435547 8.5
vertex 15.971919059753418 -5.495067596435547 11.5
endloop
endfacet
facet normal 0.5425419766342306 -0.8400286921229666 0.0
outer loop
vertex 15.971919059753418 -5.495067596435547 11.5
vertex 15.971919059753418 -5.495067596435547 8.5
vertex 16.080829620361328 -5.424726486206055 8.5
endloop
endfacet
facet normal 0.5425419766342306 -0.8400286921229666 0.0
outer loop
vertex 15.971919059753418 -5.495067596435547 11.5
vertex 16.080829620361328 -5.424726486206055 8.5
vertex 16.080829620361328 -5.424726486206055 11.5
endloop
endfacet
facet normal 0.5591903457807524 -0.8290392977329858 0.0
outer loop
vertex 16.080829620361328 -5.424726486206055 11.5
vertex 16.080829620361328 -5.424726486206055 8.5
vertex 16.188316345214844 -5.352226257324219 8.5
endloop
endfacet
facet normal 0.5591903457807524 -0.8290392977329858 0.0
outer loop
vertex 16.080829620361328 -5.424726486206055 11.5
vertex 16.188316345214844 -5.352226257324219 8.5
vertex 16.188316345214844 -5.352226257324219 11.5
endloop
endfacet
facet normal 0.5756172082830062 -0.8177192852858971 0.0
outer loop
vertex 16.188316345214844 -5.352226257324219 11.5
vertex 16.188316345214844 -5.352226257324219 8.5
vertex 16.294334411621094 -5.277596950531006 8.5
endloop
endfacet
facet normal 0.5756172082830062 -0.8177192852858971 0.0
outer loop
vertex 16.188316345214844 -5.352226257324219 11.5
vertex 16.294334411621094 -5.277596950531006 8.5
vertex 16.294334411621094 -5.277596950531006 11.5
endloop
endfacet
facet normal 0.591815121111404 -0.8060737326224532 0.0
outer loop
vertex 16.294334411621094 -5.277596950531006 11.5
vertex 16.294334411621094 -5.277596950531006 8.5
vertex 16.398841857910156 -5.200868129730225 8.5
endloop
endfacet
facet normal 0.591815121111404 -0.8060737326224532 0.0
outer loop
vertex 16.294334411621094 -5.277596950531006 11.5
vertex 16.398841857910156 -5.200868129730225 8.5
vertex 16.398841857910156 -5.200868129730225 11.5
endloop
endfacet
facet normal 0.6077744156440567 -0.7941097277382551 0.0
outer loop
vertex 16.398841857910156 -5.200868129730225 11.5
vertex 16.398841857910156 -5.200868129730225 8.5
vertex 16.501798629760742 -5.122069835662842 8.5
endloop
endfacet
facet normal 0.6077744156440567 -0.7941097277382551 0.0
outer loop
vertex 16.398841857910156 -5.200868129730225 11.5
vertex 16.501798629760742 -5.122069835662842 8.5
vertex 16.501798629760742 -5.122069835662842 11.5
endloop
endfacet
facet normal 0.6234877942732518 -0.7818330834598107 0.0
outer loop
vertex 16.501798629760742 -5.122069835662842 11.5
vertex 16.501798629760742 -5.122069835662842 8.5
vertex 16.603164672851562 -5.041233539581299 8.5
endloop
endfacet
facet normal 0.6234877942732518 -0.7818330834598107 0.0
outer loop
vertex 16.501798629760742 -5.122069835662842 11.5
vertex 16.603164672851562 -5.041233539581299 8.5
vertex 16.603164672851562 -5.041233539581299 11.5
endloop
endfacet
facet normal 0.6389557845488171 -0.7692434630151924 0.0
outer loop
vertex 16.603164672851562 -5.041233539581299 11.5
vertex 16.603164672851562 -5.041233539581299 8.5
vertex 16.702898025512695 -4.958392143249512 8.5
endloop
endfacet
facet normal 0.6389557845488171 -0.7692434630151924 0.0
outer loop
vertex 16.603164672851562 -5.041233539581299 11.5
vertex 16.702898025512695 -4.958392143249512 8.5
vertex 16.702898025512695 -4.958392143249512 11.5
endloop
endfacet
facet normal 0.6541735418191497 -0.7563444831449417 0.0
outer loop
vertex 16.702898025512695 -4.958392143249512 11.5
vertex 16.702898025512695 -4.958392143249512 8.5
vertex 16.80095863342285 -4.873578071594238 8.5
endloop
endfacet
facet normal 0.6541735418191497 -0.7563444831449417 0.0
outer loop
vertex 16.702898025512695 -4.958392143249512 11.5
vertex 16.80095863342285 -4.873578071594238 8.5
vertex 16.80095863342285 -4.873578071594238 11.5
endloop
endfacet
facet normal 0.6691313351498476 -0.743144169270393 0.0
outer loop
vertex 16.80095863342285 -4.873578071594238 11.5
vertex 16.80095863342285 -4.873578071594238 8.5
vertex 16.897308349609375 -4.7868242263793945 8.5
endloop
endfacet
facet normal 0.6691313351498476 -0.743144169270393 0.0
outer loop
vertex 16.80095863342285 -4.873578071594238 11.5
vertex 16.897308349609375 -4.7868242263793945 8.5
vertex 16.897308349609375 -4.7868242263793945 11.5
endloop
endfacet
facet normal 0.6838222039925774 -0.7296486780134216 0.0
outer loop
vertex 16.897308349609375 -4.7868242263793945 11.5
vertex 16.897308349609375 -4.7868242263793945 8.5
vertex 16.991907119750977 -4.698166847229004 8.5
endloop
endfacet
facet normal 0.6838222039925774 -0.7296486780134216 0.0
outer loop
vertex 16.897308349609375 -4.7868242263793945 11.5
vertex 16.991907119750977 -4.698166847229004 8.5
vertex 16.991907119750977 -4.698166847229004 11.5
endloop
endfacet
facet normal 0.6982415340509746 -0.715862249407064 0.0
outer loop
vertex 16.991907119750977 -4.698166847229004 11.5
vertex 16.991907119750977 -4.698166847229004 8.5
vertex 17.084718704223633 -4.607639789581299 8.5
endloop
endfacet
facet normal 0.6982415340509746 -0.715862249407064 0.0
outer loop
vertex 16.991907119750977 -4.698166847229004 11.5
vertex 17.084718704223633 -4.607639789581299 8.5
vertex 17.084718704223633 -4.607639789581299 11.5
endloop
endfacet
facet normal 0.7123702491550576 -0.7018038387745974 0.0
outer loop
vertex 17.084718704223633 -4.607639789581299 11.5
vertex 17.084718704223633 -4.607639789581299 8.5
vertex 17.175708770751953 -4.515279769897461 8.5
endloop
endfacet
facet normal 0.7123702491550576 -0.7018038387745974 0.0
outer loop
vertex 17.084718704223633 -4.607639789581299 11.5
vertex 17.175708770751953 -4.515279769897461 8.5
vertex 17.175708770751953 -4.515279769897461 11.5
endloop
endfacet
facet normal 0.726232312430988 -0.6874493642306609 0.0
outer loop
vertex 17.175708770751953 -4.515279769897461 11.5
vertex 17.175708770751953 -4.515279769897461 8.5
vertex 17.26483726501465 -4.421123027801514 8.5
endloop
endfacet
facet normal 0.726232312430988 -0.6874493642306609 0.0
outer loop
vertex 17.175708770751953 -4.515279769897461 11.5
vertex 17.26483726501465 -4.421123027801514 8.5
vertex 17.26483726501465 -4.421123027801514 11.5
endloop
endfacet
facet normal 0.7398002656947696 -0.6728265503663989 0.0
outer loop
vertex 17.26483726501465 -4.421123027801514 11.5
vertex 17.26483726501465 -4.421123027801514 8.5
vertex 17.352069854736328 -4.325207233428955 8.5
endloop
endfacet
facet normal 0.7398002656947696 -0.6728265503663989 0.0
outer loop
vertex 17.26483726501465 -4.421123027801514 11.5
vertex 17.352069854736328 -4.325207233428955 8.5
vertex 17.352069854736328 -4.325207233428955 11.5
endloop
endfacet
facet normal 0.7530724699490348 -0.6579375768299451 0.0
outer loop
vertex 17.352069854736328 -4.325207233428955 11.5
vertex 17.352069854736328 -4.325207233428955 8.5
vertex 17.4373722076416 -4.227570533752441 8.5
endloop
endfacet
facet normal 0.7530724699490348 -0.6579375768299451 0.0
outer loop
vertex 17.352069854736328 -4.325207233428955 11.5
vertex 17.4373722076416 -4.227570533752441 8.5
vertex 17.4373722076416 -4.227570533752441 11.5
endloop
endfacet
facet normal 0.7660442016766092 -0.6427878974262398 0.0
outer loop
vertex 17.4373722076416 -4.227570533752441 11.5
vertex 17.4373722076416 -4.227570533752441 8.5
vertex 17.520709991455078 -4.1282525062561035 8.5
endloop
endfacet
facet normal 0.7660442016766092 -0.6427878974262398 0.0
outer loop
vertex 17.4373722076416 -4.227570533752441 11.5
vertex 17.520709991455078 -4.1282525062561035 8.5
vertex 17.520709991455078 -4.1282525062561035 11.5
endloop
endfacet
facet normal 0.7787112841480993 -0.627382447905915 0.0
outer loop
vertex 17.520709991455078 -4.1282525062561035 11.5
vertex 17.520709991455078 -4.1282525062561035 8.5
vertex 17.60205078125 -4.027291774749756 8.5
endloop
endfacet
facet normal 0.7787112841480993 -0.627382447905915 0.0
outer loop
vertex 17.520709991455078 -4.1282525062561035 11.5
vertex 17.60205078125 -4.027291774749756 8.5
vertex 17.60205078125 -4.027291774749756 11.5
endloop
endfacet
facet normal 0.7910676969006595 -0.6117286154172341 0.0
outer loop
vertex 17.60205078125 -4.027291774749756 11.5
vertex 17.60205078125 -4.027291774749756 8.5
vertex 17.68136215209961 -3.9247288703918457 8.5
endloop
endfacet
facet normal 0.7910676969006595 -0.6117286154172341 0.0
outer loop
vertex 17.60205078125 -4.027291774749756 11.5
vertex 17.68136215209961 -3.9247288703918457 8.5
vertex 17.68136215209961 -3.9247288703918457 11.5
endloop
endfacet
facet normal 0.8031211056826123 -0.5958158185271171 0.0
outer loop
vertex 17.68136215209961 -3.9247288703918457 11.5
vertex 17.68136215209961 -3.9247288703918457 8.5
vertex 17.758609771728516 -3.820604085922241 8.5
endloop
endfacet
facet normal 0.8031211056826123 -0.5958158185271171 0.0
outer loop
vertex 17.68136215209961 -3.9247288703918457 11.5
vertex 17.758609771728516 -3.820604085922241 8.5
vertex 17.758609771728516 -3.820604085922241 11.5
endloop
endfacet
facet normal 0.8148379639031035 -0.5796887894226044 0.0
outer loop
vertex 17.758609771728516 -3.820604085922241 11.5
vertex 17.758609771728516 -3.820604085922241 8.5
vertex 17.83376693725586 -3.7149596214294434 8.5
endloop
endfacet
facet normal 0.8148379639031035 -0.5796887894226044 0.0
outer loop
vertex 17.758609771728516 -3.820604085922241 11.5
vertex 17.83376693725586 -3.7149596214294434 8.5
vertex 17.83376693725586 -3.7149596214294434 11.5
endloop
endfacet
facet normal 0.826241309617675 -0.5633163394410547 0.0
outer loop
vertex 17.83376693725586 -3.7149596214294434 11.5
vertex 17.83376693725586 -3.7149596214294434 8.5
vertex 17.906801223754883 -3.607836961746216 8.5
endloop
endfacet
facet normal 0.8373067893317172 0.5467333358585439 -0.0
outer loop
vertex 17.977685928344727 3.499279022216797 11.5
vertex 17.906801223754883 3.607836961746216 8.5
vertex 17.906801223754883 3.607836961746216 11.5
endloop
endfacet
facet normal 0.826241309617675 0.5633163394410547 0.0
outer loop
vertex 17.906801223754883 3.607836961746216 11.5
vertex 17.906801223754883 3.607836961746216 8.5
vertex 17.83376693725586 3.7149596214294434 8.5
endloop
endfacet
facet normal 0.826241309617675 0.5633163394410547 -0.0
outer loop
vertex 17.906801223754883 3.607836961746216 11.5
vertex 17.83376693725586 3.7149596214294434 8.5
vertex 17.83376693725586 3.7149596214294434 11.5
endloop
endfacet
facet normal 0.8148379639031035 0.5796887894226044 0.0
outer loop
vertex 17.83376693725586 3.7149596214294434 11.5
vertex 17.83376693725586 3.7149596214294434 8.5
vertex 17.758609771728516 3.820604085922241 8.5
endloop
endfacet
facet normal 0.8148379639031035 0.5796887894226044 -0.0
outer loop
vertex 17.83376693725586 3.7149596214294434 11.5
vertex 17.758609771728516 3.820604085922241 8.5
vertex 17.758609771728516 3.820604085922241 11.5
endloop
endfacet
facet normal 0.8031211056826123 0.5958158185271171 0.0
outer loop
vertex 17.758609771728516 3.820604085922241 11.5
vertex 17.758609771728516 3.820604085922241 8.5
vertex 17.68136215209961 3.9247288703918457 8.5
endloop
endfacet
facet normal 0.8031211056826123 0.5958158185271171 -0.0
outer loop
vertex 17.758609771728516 3.820604085922241 11.5
vertex 17.68136215209961 3.9247288703918457 8.5
vertex 17.68136215209961 3.9247288703918457 11.5
endloop
endfacet
facet normal 0.7910676969006595 0.6117286154172341 0.0
outer loop
vertex 17.68136215209961 3.9247288703918457 11.5
vertex 17.68136215209961 3.9247288703918457 8.5
vertex 17.60205078125 4.027291774749756 8.5
endloop
endfacet
facet normal 0.7910676969006595 0.6117286154172341 -0.0
outer loop
vertex 17.68136215209961 3.9247288703918457 11.5
vertex 17.60205078125 4.027291774749756 8.5
vertex 17.60205078125 4.027291774749756 11.5
endloop
endfacet
facet normal 0.7787112841480993 0.627382447905915 0.0
outer loop
vertex 17.60205078125 4.027291774749756 11.5
vertex 17.60205078125 4.027291774749756 8.5
vertex 17.520709991455078 4.1282525062561035 8.5
endloop
endfacet
facet normal 0.7787112841480993 0.627382447905915 -0.0
outer loop
vertex 17.60205078125 4.027291774749756 11.5
vertex 17.520709991455078 4.1282525062561035 8.5
vertex 17.520709991455078 4.1282525062561035 11.5
endloop
endfacet
facet normal 0.7660442016766092 0.6427878974262398 0.0
outer loop
vertex 17.520709991455078 4.1282525062561035 11.5
vertex 17.520709991455078 4.1282525062561035 8.5
vertex 17.4373722076416 4.227570533752441 8.5
endloop
endfacet
facet normal 0.7660442016766092 0.6427878974262398 -0.0
outer loop
vertex 17.520709991455078 4.1282525062561035 11.5
vertex 17.4373722076416 4.227570533752441 8.5
vertex 17.4373722076416 4.227570533752441 11.5
endloop
endfacet
facet normal 0.7530724699490348 0.6579375768299451 0.0
outer loop
vertex 17.4373722076416 4.227570533752441 11.5
vertex 17.4373722076416 4.227570533752441 8.5
vertex 17.352069854736328 4.325207233428955 8.5
endloop
endfacet
facet normal 0.7530724699490348 0.6579375768299451 -0.0
outer loop
vertex 17.4373722076416 4.227570533752441 11.5
vertex 17.352069854736328 4.325207233428955 8.5
vertex 17.352069854736328 4.325207233428955 11.5
endloop
endfacet
facet normal 0.7398002656947696 0.6728265503663989 0.0
outer loop
vertex 17.352069854736328 4.325207233428955 11.5
vertex 17.352069854736328 4.325207233428955 8.5
vertex 17.26483726501465 4.421123027801514 8.5
endloop
endfacet
facet normal 0.7398002656947696 0.6728265503663989 -0.0
outer loop
vertex 17.352069854736328 4.325207233428955 11.5
vertex 17.26483726501465 4.421123027801514 8.5
vertex 17.26483726501465 4.421123027801514 11.5
endloop
endfacet
facet normal 0.726232312430988 0.6874493642306609 0.0
outer loop
vertex 17.26483726501465 4.421123027801514 11.5
vertex 17.26483726501465 4.421123027801514 8.5
vertex 17.175708770751953 4.515279769897461 8.5
endloop
endfacet
facet normal 0.726232312430988 0.6874493642306609 -0.0
outer loop
vertex 17.26483726501465 4.421123027801514 11.5
vertex 17.175708770751953 4.515279769897461 8.5
vertex 17.175708770751953 4.515279769897461 11.5
endloop
endfacet
facet normal 0.7123702491550576 0.7018038387745974 0.0
outer loop
vertex 17.175708770751953 4.515279769897461 11.5
vertex 17.175708770751953 4.515279769897461 8.5
vertex 17.084718704223633 4.607639789581299 8.5
endloop
endfacet
facet normal 0.7123702491550576 0.7018038387745974 -0.0
outer loop
vertex 17.175708770751953 4.515279769897461 11.5
vertex 17.084718704223633 4.607639789581299 8.5
vertex 17.084718704223633 4.607639789581299 11.5
endloop
endfacet
facet normal 0.6982415340509746 0.715862249407064 0.0
outer loop
vertex 17.084718704223633 4.607639789581299 11.5
vertex 17.084718704223633 4.607639789581299 8.5
vertex 16.991907119750977 4.698166847229004 8.5
endloop
endfacet
facet normal 0.6982415340509746 0.715862249407064 -0.0
outer loop
vertex 17.084718704223633 4.607639789581299 11.5
vertex 16.991907119750977 4.698166847229004 8.5
vertex 16.991907119750977 4.698166847229004 11.5
endloop
endfacet
facet normal 0.6838222039925774 0.7296486780134216 0.0
outer loop
vertex 16.991907119750977 4.698166847229004 11.5
vertex 16.991907119750977 4.698166847229004 8.5
vertex 16.897308349609375 4.7868242263793945 8.5
endloop
endfacet
facet normal 0.6838222039925774 0.7296486780134216 -0.0
outer loop
vertex 16.991907119750977 4.698166847229004 11.5
vertex 16.897308349609375 4.7868242263793945 8.5
vertex 16.897308349609375 4.7868242263793945 11.5
endloop
endfacet
facet normal 0.6691313351498476 0.743144169270393 0.0
outer loop
vertex 16.897308349609375 4.7868242263793945 11.5
vertex 16.897308349609375 4.7868242263793945 8.5
vertex 16.80095863342285 4.873578071594238 8.5
endloop
endfacet
facet normal 0.6691313351498476 0.743144169270393 -0.0
outer loop
vertex 16.897308349609375 4.7868242263793945 11.5
vertex 16.80095863342285 4.873578071594238 8.5
vertex 16.80095863342285 4.873578071594238 11.5
endloop
endfacet
facet normal 0.6541735418191497 0.7563444831449417 0.0
outer loop
vertex 16.80095863342285 4.873578071594238 11.5
vertex 16.80095863342285 4.873578071594238 8.5
vertex 16.702898025512695 4.958392143249512 8.5
endloop
endfacet
facet normal 0.6541735418191497 0.7563444831449417 -0.0
outer loop
vertex 16.80095863342285 4.873578071594238 11.5
vertex 16.702898025512695 4.958392143249512 8.5
vertex 16.702898025512695 4.958392143249512 11.5
endloop
endfacet
facet normal 0.6389557845488171 0.7692434630151924 0.0
outer loop
vertex 16.702898025512695 4.958392143249512 11.5
vertex 16.702898025512695 4.958392143249512 8.5
vertex 16.603164672851562 5.041233539581299 8.5
endloop
endfacet
facet normal 0.6389557845488171 0.7692434630151924 -0.0
outer loop
vertex 16.702898025512695 4.958392143249512 11.5
vertex 16.603164672851562 5.041233539581299 8.5
vertex 16.603164672851562 5.041233539581299 11.5
endloop
endfacet
facet normal 0.6234877942732518 0.7818330834598107 0.0
outer loop
vertex 16.603164672851562 5.041233539581299 11.5
vertex 16.603164672851562 5.041233539581299 8.5
vertex 16.501798629760742 5.122069835662842 8.5
endloop
endfacet
facet normal 0.6234877942732518 0.7818330834598107 -0.0
outer loop
vertex 16.603164672851562 5.041233539581299 11.5
vertex 16.501798629760742 5.122069835662842 8.5
vertex 16.501798629760742 5.122069835662842 11.5
endloop
endfacet
facet normal 0.6077744156440567 0.7941097277382551 0.0
outer loop
vertex 16.501798629760742 5.122069835662842 11.5
vertex 16.501798629760742 5.122069835662842 8.5
vertex 16.398841857910156 5.200868129730225 8.5
endloop
endfacet
facet normal 0.6077744156440567 0.7941097277382551 -0.0
outer loop
vertex 16.501798629760742 5.122069835662842 11.5
vertex 16.398841857910156 5.200868129730225 8.5
vertex 16.398841857910156 5.200868129730225 11.5
endloop
endfacet
facet normal 0.591815121111404 0.8060737326224532 0.0
outer loop
vertex 16.398841857910156 5.200868129730225 11.5
vertex 16.398841857910156 5.200868129730225 8.5
vertex 16.294334411621094 5.277596950531006 8.5
endloop
endfacet
facet normal 0.591815121111404 0.8060737326224532 -0.0
outer loop
vertex 16.398841857910156 5.200868129730225 11.5
vertex 16.294334411621094 5.277596950531006 8.5
vertex 16.294334411621094 5.277596950531006 11.5
endloop
endfacet
facet normal 0.5756172082830062 0.8177192852858971 0.0
outer loop
vertex 16.294334411621094 5.277596950531006 11.5
vertex 16.294334411621094 5.277596950531006 8.5
vertex 16.188316345214844 5.352226257324219 8.5
endloop
endfacet
facet normal 0.5756172082830062 0.8177192852858971 -0.0
outer loop
vertex 16.294334411621094 5.277596950531006 11.5
vertex 16.188316345214844 5.352226257324219 8.5
vertex 16.188316345214844 5.352226257324219 11.5
endloop
endfacet
facet normal 0.5591903457807524 0.8290392977329858 0.0
outer loop
vertex 16.188316345214844 5.352226257324219 11.5
vertex 16.188316345214844 5.352226257324219 8.5
vertex 16.080829620361328 5.424726486206055 8.5
endloop
endfacet
facet normal 0.5591903457807524 0.8290392977329858 -0.0
outer loop
vertex 16.188316345214844 5.352226257324219 11.5
vertex 16.080829620361328 5.424726486206055 8.5
vertex 16.080829620361328 5.424726486206055 11.5
endloop
endfacet
facet normal 0.5425419766342306 0.8400286921229666 0.0
outer loop
vertex 16.080829620361328 5.424726486206055 11.5
vertex 16.080829620361328 5.424726486206055 8.5
vertex 15.971919059753418 5.495067596435547 8.5
endloop
endfacet
facet normal 0.5425419766342306 0.8400286921229666 -0.0
outer loop
vertex 16.080829620361328 5.424726486206055 11.5
vertex 15.971919059753418 5.495067596435547 8.5
vertex 15.971919059753418 5.495067596435547 11.5
endloop
endfacet
facet normal 0.5256890904738735 0.8506767777227445 0.0
outer loop
vertex 15.971919059753418 5.495067596435547 11.5
vertex 15.971919059753418 5.495067596435547 8.5
vertex 15.861628532409668 5.563223361968994 8.5
endloop
endfacet
facet normal 0.5256890904738735 0.8506767777227445 -0.0
outer loop
vertex 15.971919059753418 5.495067596435547 11.5
vertex 15.861628532409668 5.563223361968994 8.5
vertex 15.861628532409668 5.563223361968994 11.5
endloop
endfacet
facet normal 0.5086120888091951 0.8609957857720022 0.0
outer loop
vertex 15.861628532409668 5.563223361968994 11.5
vertex 15.861628532409668 5.563223361968994 8.5
vertex 15.75 5.629165172576904 8.5
endloop
endfacet
facet normal 0.5086120888091951 0.8609957857720022 -0.0
outer loop
vertex 15.861628532409668 5.563223361968994 11.5
vertex 15.75 5.629165172576904 8.5
vertex 15.75 5.629165172576904 11.5
endloop
endfacet
facet normal 0.4913364961821273 0.8709698315782645 0.0
outer loop
vertex 15.75 5.629165172576904 11.5
vertex 15.75 5.629165172576904 8.5
vertex 15.637077331542969 5.692867755889893 8.5
endloop
endfacet
facet normal 0.4913364961821273 0.8709698315782645 -0.0
outer loop
vertex 15.75 5.629165172576904 11.5
vertex 15.637077331542969 5.692867755889893 8.5
vertex 15.637077331542969 5.692867755889893 11.5
endloop
endfacet
facet normal 0.4738692980894141 0.8805951898166637 0.0
outer loop
vertex 15.637077331542969 5.692867755889893 11.5
vertex 15.637077331542969 5.692867755889893 8.5
vertex 15.522908210754395 5.754304885864258 8.5
endloop
endfacet
facet normal 0.4738692980894141 0.8805951898166637 -0.0
outer loop
vertex 15.637077331542969 5.692867755889893 11.5
vertex 15.522908210754395 5.754304885864258 8.5
vertex 15.522908210754395 5.754304885864258 11.5
endloop
endfacet
facet normal 0.456211885939516 0.8898711789509255 0.0
outer loop
vertex 15.522908210754395 5.754304885864258 11.5
vertex 15.522908210754395 5.754304885864258 8.5
vertex 15.407535552978516 5.813453197479248 8.5
endloop
endfacet
facet normal 0.456211885939516 0.8898711789509255 -0.0
outer loop
vertex 15.522908210754395 5.754304885864258 11.5
vertex 15.407535552978516 5.813453197479248 8.5
vertex 15.407535552978516 5.813453197479248 11.5
endloop
endfacet
facet normal 0.4383708794101207 0.8987941767085483 0.0
outer loop
vertex 15.407535552978516 5.813453197479248 11.5
vertex 15.407535552978516 5.813453197479248 8.5
vertex 15.291006088256836 5.870288372039795 8.5
endloop
endfacet
facet normal 0.4383708794101207 0.8987941767085483 -0.0
outer loop
vertex 15.407535552978516 5.813453197479248 11.5
vertex 15.291006088256836 5.870288372039795 8.5
vertex 15.291006088256836 5.870288372039795 11.5
endloop
endfacet
facet normal 0.42035777411618935 0.9073584417087235 0.0
outer loop
vertex 15.291006088256836 5.870288372039795 11.5
vertex 15.291006088256836 5.870288372039795 8.5
vertex 15.17336654663086 5.924787998199463 8.5
endloop
endfacet
facet normal 0.42035777411618935 0.9073584417087235 -0.0
outer loop
vertex 15.291006088256836 5.870288372039795 11.5
vertex 15.17336654663086 5.924787998199463 8.5
vertex 15.17336654663086 5.924787998199463 11.5
endloop
endfacet
facet normal 0.4021758921738761 0.9155624237342569 0.0
outer loop
vertex 15.17336654663086 5.924787998199463 11.5
vertex 15.17336654663086 5.924787998199463 8.5
vertex 15.054662704467773 5.976930618286133 8.5
endloop
endfacet
facet normal 0.4021758921738761 0.9155624237342569 -0.0
outer loop
vertex 15.17336654663086 5.924787998199463 11.5
vertex 15.054662704467773 5.976930618286133 8.5
vertex 15.054662704467773 5.976930618286133 11.5
endloop
endfacet
facet normal 0.3838364983284338 0.9234010735054221 0.0
outer loop
vertex 15.054662704467773 5.976930618286133 11.5
vertex 15.054662704467773 5.976930618286133 8.5
vertex 14.934943199157715 6.026695251464844 8.5
endloop
endfacet
facet normal 0.3838364983284338 0.9234010735054221 -0.0
outer loop
vertex 15.054662704467773 5.976930618286133 11.5
vertex 14.934943199157715 6.026695251464844 8.5
vertex 14.934943199157715 6.026695251464844 11.5
endloop
endfacet
facet normal 0.3653346506881418 0.9308762501034031 0.0
outer loop
vertex 14.934943199157715 6.026695251464844 11.5
vertex 14.934943199157715 6.026695251464844 8.5
vertex 14.814253807067871 6.074061393737793 8.5
endloop
endfacet
facet normal 0.3653346506881418 0.9308762501034031 -0.0
outer loop
vertex 14.934943199157715 6.026695251464844 11.5
vertex 14.814253807067871 6.074061393737793 8.5
vertex 14.814253807067871 6.074061393737793 11.5
endloop
endfacet
facet normal 0.3467028994009723 0.937974999425336 0.0
outer loop
vertex 14.814253807067871 6.074061393737793 11.5
vertex 14.814253807067871 6.074061393737793 8.5
vertex 14.692644119262695 6.119011878967285 8.5
endloop
endfacet
facet normal 0.3467028994009723 0.937974999425336 -0.0
outer loop
vertex 14.814253807067871 6.074061393737793 11.5
vertex 14.692644119262695 6.119011878967285 8.5
vertex 14.692644119262695 6.119011878967285 11.5
endloop
endfacet
facet normal 0.32792799211042073 0.9447027214899023 0.0
outer loop
vertex 14.692644119262695 6.119011878967285 11.5
vertex 14.692644119262695 6.119011878967285 8.5
vertex 14.57016372680664 6.161527633666992 8.5
endloop
endfacet
facet normal 0.32792799211042073 0.9447027214899023 -0.0
outer loop
vertex 14.692644119262695 6.119011878967285 11.5
vertex 14.57016372680664 6.161527633666992 8.5
vertex 14.57016372680664 6.161527633666992 11.5
endloop
endfacet
facet normal 0.30902037341868915 0.9510554183706509 0.0
outer loop
vertex 14.57016372680664 6.161527633666992 11.5
vertex 14.57016372680664 6.161527633666992 8.5
vertex 14.446858406066895 6.201592445373535 8.5
endloop
endfacet
facet normal 0.30902037341868915 0.9510554183706509 -0.0
outer loop
vertex 14.57016372680664 6.161527633666992 11.5
vertex 14.446858406066895 6.201592445373535 8.5
vertex 14.446858406066895 6.201592445373535 11.5
endloop
endfacet
facet normal 0.2899826927456484 0.9570318897027325 0.0
outer loop
vertex 14.446858406066895 6.201592445373535 11.5
vertex 14.446858406066895 6.201592445373535 8.5
vertex 14.32277774810791 6.239189147949219 8.5
endloop
endfacet
facet normal 0.2899826927456484 0.9570318897027325 -0.0
outer loop
vertex 14.446858406066895 6.201592445373535 11.5
vertex 14.32277774810791 6.239189147949219 8.5
vertex 14.32277774810791 6.239189147949219 11.5
endloop
endfacet
facet normal 0.27084015446429033 0.9626243352054628 0.0
outer loop
vertex 14.32277774810791 6.239189147949219 11.5
vertex 14.32277774810791 6.239189147949219 8.5
vertex 14.197972297668457 6.274303913116455 8.5
endloop
endfacet
facet normal 0.27084015446429033 0.9626243352054628 -0.0
outer loop
vertex 14.32277774810791 6.239189147949219 11.5
vertex 14.197972297668457 6.274303913116455 8.5
vertex 14.197972297668457 6.274303913116455 11.5
endloop
endfacet
facet normal 0.25158562143271107 0.9678350453916806 0.0
outer loop
vertex 14.197972297668457 6.274303913116455 11.5
vertex 14.197972297668457 6.274303913116455 8.5
vertex 14.072492599487305 6.30692195892334 8.5
endloop
endfacet
facet normal 0.25158562143271107 0.9678350453916806 -0.0
outer loop
vertex 14.197972297668457 6.274303913116455 11.5
vertex 14.072492599487305 6.30692195892334 8.5
vertex 14.072492599487305 6.30692195892334 11.5
endloop
endfacet
facet normal 0.2322343828131786 0.9726598539260177 0.0
outer loop
vertex 14.072492599487305 6.30692195892334 11.5
vertex 14.072492599487305 6.30692195892334 8.5
vertex 13.946386337280273 6.337031364440918 8.5
endloop
endfacet
facet normal 0.2322343828131786 0.9726598539260177 -0.0
outer loop
vertex 14.072492599487305 6.30692195892334 11.5
vertex 13.946386337280273 6.337031364440918 8.5
vertex 13.946386337280273 6.337031364440918 11.5
endloop
endfacet
facet normal 0.21278662216338545 0.97709869175447 0.0
outer loop
vertex 13.946386337280273 6.337031364440918 11.5
vertex 13.946386337280273 6.337031364440918 8.5
vertex 13.81970500946045 6.364619255065918 8.5
endloop
endfacet
facet normal 0.21278662216338545 0.97709869175447 -0.0
outer loop
vertex 13.946386337280273 6.337031364440918 11.5
vertex 13.81970500946045 6.364619255065918 8.5
vertex 13.81970500946045 6.364619255065918 11.5
endloop
endfacet
facet normal 0.1932550832946389 0.9811485477647013 0.0
outer loop
vertex 13.81970500946045 6.364619255065918 11.5
vertex 13.81970500946045 6.364619255065918 8.5
vertex 13.692497253417969 6.389675140380859 8.5
endloop
endfacet
facet normal 0.1932550832946389 0.9811485477647013 -0.0
outer loop
vertex 13.81970500946045 6.364619255065918 11.5
vertex 13.692497253417969 6.389675140380859 8.5
vertex 13.692497253417969 6.389675140380859 11.5
endloop
endfacet
facet normal 0.1736504237255058 0.98480735696884 0.0
outer loop
vertex 13.692497253417969 6.389675140380859 11.5
vertex 13.692497253417969 6.389675140380859 8.5
vertex 13.56481647491455 6.41218900680542 8.5
endloop
endfacet
facet normal 0.1736504237255058 0.98480735696884 -0.0
outer loop
vertex 13.692497253417969 6.389675140380859 11.5
vertex 13.56481647491455 6.41218900680542 8.5
vertex 13.56481647491455 6.41218900680542 11.5
endloop
endfacet
facet normal 0.15396937994590446 0.9880756195955215 0.0
outer loop
vertex 13.56481647491455 6.41218900680542 11.5
vertex 13.56481647491455 6.41218900680542 8.5
vertex 13.436711311340332 6.4321513175964355 8.5
endloop
endfacet
facet normal 0.15396937994590446 0.9880756195955215 -0.0
outer loop
vertex 13.56481647491455 6.41218900680542 11.5
vertex 13.436711311340332 6.4321513175964355 8.5
vertex 13.436711311340332 6.4321513175964355 11.5
endloop
endfacet
facet normal 0.13423476081048755 0.9909495592562475 0.0
outer loop
vertex 13.436711311340332 6.4321513175964355 11.5
vertex 13.436711311340332 6.4321513175964355 8.5
vertex 13.308234214782715 6.449554920196533 8.5
endloop
endfacet
facet normal 0.13423476081048755 0.9909495592562475 -0.0
outer loop
vertex 13.436711311340332 6.4321513175964355 11.5
vertex 13.308234214782715 6.449554920196533 8.5
vertex 13.308234214782715 6.449554920196533 11.5
endloop
endfacet
facet normal 0.11444067416405218 0.9934300841513091 0.0
outer loop
vertex 13.308234214782715 6.449554920196533 11.5
vertex 13.308234214782715 6.449554920196533 8.5
vertex 13.179435729980469 6.464392185211182 8.5
endloop
endfacet
facet normal 0.11444067416405218 0.9934300841513091 -0.0
outer loop
vertex 13.308234214782715 6.449554920196533 11.5
vertex 13.179435729980469 6.464392185211182 8.5
vertex 13.179435729980469 6.464392185211182 11.5
endloop
endfacet
facet normal 0.09460480992759789 0.9955149069394004 0.0
outer loop
vertex 13.179435729980469 6.464392185211182 11.5
vertex 13.179435729980469 6.464392185211182 8.5
vertex 13.050365447998047 6.476657867431641 8.5
endloop
endfacet
facet normal 0.09460480992759789 0.9955149069394004 -0.0
outer loop
vertex 13.179435729980469 6.464392185211182 11.5
vertex 13.050365447998047 6.476657867431641 8.5
vertex 13.050365447998047 6.476657867431641 11.5
endloop
endfacet
facet normal 0.07473015168092981 0.9972037928275972 0.0
outer loop
vertex 13.050365447998047 6.476657867431641 11.5
vertex 13.050365447998047 6.476657867431641 8.5
vertex 12.921076774597168 6.48634672164917 8.5
endloop
endfacet
facet normal 0.07473015168092981 0.9972037928275972 -0.0
outer loop
vertex 13.050365447998047 6.476657867431641 11.5
vertex 12.921076774597168 6.48634672164917 8.5
vertex 12.921076774597168 6.48634672164917 11.5
endloop
endfacet
facet normal 0.05482591791302647 0.9984959282465774 0.0
outer loop
vertex 12.921076774597168 6.48634672164917 11.5
vertex 12.921076774597168 6.48634672164917 8.5
vertex 12.791621208190918 6.493454933166504 8.5
endloop
endfacet
facet normal 0.05482591791302647 0.9984959282465774 -0.0
outer loop
vertex 12.921076774597168 6.48634672164917 11.5
vertex 12.791621208190918 6.493454933166504 8.5
vertex 12.791621208190918 6.493454933166504 11.5
endloop
endfacet
facet normal 0.03489916413151728 0.999390838632675 0.0
outer loop
vertex 12.791621208190918 6.493454933166504 11.5
vertex 12.791621208190918 6.493454933166504 8.5
vertex 12.662049293518066 6.497979640960693 8.5
endloop
endfacet
facet normal 0.03489916413151728 0.999390838632675 -0.0
outer loop
vertex 12.791621208190918 6.493454933166504 11.5
vertex 12.662049293518066 6.497979640960693 8.5
vertex 12.662049293518066 6.497979640960693 11.5
endloop
endfacet
facet normal 0.014957902060681807 0.9998881243248882 0.0
outer loop
vertex 12.662049293518066 6.497979640960693 11.5
vertex 12.662049293518066 6.497979640960693 8.5
vertex 12.532413482666016 6.4999189376831055 8.5
endloop
endfacet
facet normal 0.014957902060681807 0.9998881243248882 -0.0
outer loop
vertex 12.662049293518066 6.497979640960693 11.5
vertex 12.532413482666016 6.4999189376831055 8.5
vertex 12.532413482666016 6.4999189376831055 11.5
endloop
endfacet
facet normal -0.004983461228780088 0.9999875824799933 0.0
outer loop
vertex 12.532413482666016 6.4999189376831055 11.5
vertex 12.532413482666016 6.4999189376831055 8.5
vertex 12.402763366699219 6.49927282333374 8.5
endloop
endfacet
facet normal -0.004983461228780088 0.9999875824799933 0.0
outer loop
vertex 12.532413482666016 6.4999189376831055 11.5
vertex 12.402763366699219 6.49927282333374 8.5
vertex 12.402763366699219 6.49927282333374 11.5
endloop
endfacet
facet normal -0.02493227928269661 0.9996891424086637 0.0
outer loop
vertex 12.402763366699219 6.49927282333374 11.5
vertex 12.402763366699219 6.49927282333374 8.5
vertex 12.273153305053711 6.496040344238281 8.5
endloop
endfacet
facet normal -0.02493227928269661 0.9996891424086637 0.0
outer loop
vertex 12.402763366699219 6.49927282333374 11.5
vertex 12.273153305053711 6.496040344238281 8.5
vertex 12.273153305053711 6.496040344238281 11.5
endloop
endfacet
facet normal -0.04486612269426404 0.9989930085012523 0.0
outer loop
vertex 12.273153305053711 6.496040344238281 11.5
vertex 12.273153305053711 6.496040344238281 8.5
vertex 12.143632888793945 6.490223407745361 8.5
endloop
endfacet
facet normal -0.04486612269426404 0.9989930085012523 0.0
outer loop
vertex 12.273153305053711 6.496040344238281 11.5
vertex 12.143632888793945 6.490223407745361 8.5
vertex 12.143632888793945 6.490223407745361 11.5
endloop
endfacet
facet normal -0.06477771456556349 0.9978997182561294 0.0
outer loop
vertex 12.143632888793945 6.490223407745361 11.5
vertex 12.143632888793945 6.490223407745361 8.5
vertex 12.014253616333008 6.48182487487793 8.5
endloop
endfacet
facet normal -0.06477771456556349 0.9978997182561294 0.0
outer loop
vertex 12.143632888793945 6.490223407745361 11.5
vertex 12.014253616333008 6.48182487487793 8.5
vertex 12.014253616333008 6.48182487487793 11.5
endloop
endfacet
facet normal -0.08467195218458934 0.9964088821930737 0.0
outer loop
vertex 12.014253616333008 6.48182487487793 11.5
vertex 12.014253616333008 6.48182487487793 8.5
vertex 11.885068893432617 6.470847129821777 8.5
endloop
endfacet
facet normal -0.08467195218458934 0.9964088821930737 0.0
outer loop
vertex 12.014253616333008 6.48182487487793 11.5
vertex 11.885068893432617 6.470847129821777 8.5
vertex 11.885068893432617 6.470847129821777 11.5
endloop
endfacet
facet normal -0.10452836850731696 0.9945219053279816 0.0
outer loop
vertex 11.885068893432617 6.470847129821777 11.5
vertex 11.885068893432617 6.470847129821777 8.5
vertex 11.756128311157227 6.457294940948486 8.5
endloop
endfacet
facet normal -0.10452836850731696 0.9945219053279816 0.0
outer loop
vertex 11.885068893432617 6.470847129821777 11.5
vertex 11.756128311157227 6.457294940948486 8.5
vertex 11.756128311157227 6.457294940948486 11.5
endloop
endfacet
facet normal -0.12434525427711564 0.992239012405156 0.0
outer loop
vertex 11.756128311157227 6.457294940948486 11.5
vertex 11.756128311157227 6.457294940948486 8.5
vertex 11.627484321594238 6.441173553466797 8.5
endloop
endfacet
facet normal -0.12434525427711564 0.992239012405156 0.0
outer loop
vertex 11.756128311157227 6.457294940948486 11.5
vertex 11.627484321594238 6.441173553466797 8.5
vertex 11.627484321594238 6.441173553466797 11.5
endloop
endfacet
facet normal -0.14410912106038823 0.9895618026314488 0.0
outer loop
vertex 11.627484321594238 6.441173553466797 11.5
vertex 11.627484321594238 6.441173553466797 8.5
vertex 11.499186515808105 6.422489643096924 8.5
endloop
endfacet
facet normal -0.14410912106038823 0.9895618026314488 0.0
outer loop
vertex 11.627484321594238 6.441173553466797 11.5
vertex 11.499186515808105 6.422489643096924 8.5
vertex 11.499186515808105 6.422489643096924 11.5
endloop
endfacet
facet normal -0.16381448076837524 0.9864911636150562 0.0
outer loop
vertex 11.499186515808105 6.422489643096924 11.5
vertex 11.499186515808105 6.422489643096924 8.5
vertex 11.371286392211914 6.401250839233398 8.5
endloop
endfacet
facet normal -0.16381448076837524 0.9864911636150562 0.0
outer loop
vertex 11.499186515808105 6.422489643096924 11.5
vertex 11.371286392211914 6.401250839233398 8.5
vertex 11.371286392211914 6.401250839233398 11.5
endloop
endfacet
facet normal -0.18346417879481502 0.9830263959320442 0.0
outer loop
vertex 11.371286392211914 6.401250839233398 11.5
vertex 11.371286392211914 6.401250839233398 8.5
vertex 11.243837356567383 6.377464771270752 8.5
endloop
endfacet
facet normal -0.18346417879481502 0.9830263959320442 0.0
outer loop
vertex 11.371286392211914 6.401250839233398 11.5
vertex 11.243837356567383 6.377464771270752 8.5
vertex 11.243837356567383 6.377464771270752 11.5
endloop
endfacet
facet normal -0.20302977859085197 0.9791725634459686 0.0
outer loop
vertex 11.243837356567383 6.377464771270752 11.5
vertex 11.243837356567383 6.377464771270752 8.5
vertex 11.1168851852417 6.351141452789307 8.5
endloop
endfacet
facet normal -0.20302977859085197 0.9791725634459686 0.0
outer loop
vertex 11.243837356567383 6.377464771270752 11.5
vertex 11.1168851852417 6.351141452789307 8.5
vertex 11.1168851852417 6.351141452789307 11.5
endloop
endfacet
facet normal -0.2225217023525543 0.9749277368000776 0.0
outer loop
vertex 11.1168851852417 6.351141452789307 11.5
vertex 11.1168851852417 6.351141452789307 8.5
vertex 10.990485191345215 6.322291374206543 8.5
endloop
endfacet
facet normal -0.2225217023525543 0.9749277368000776 0.0
outer loop
vertex 11.1168851852417 6.351141452789307 11.5
vertex 10.990485191345215 6.322291374206543 8.5
vertex 10.990485191345215 6.322291374206543 11.5
endloop
endfacet
facet normal -0.24192634952321088 0.9702946157772768 0.0
outer loop
vertex 10.990485191345215 6.322291374206543 11.5
vertex 10.990485191345215 6.322291374206543 8.5
vertex 10.864686012268066 6.2909255027771 8.5
endloop
endfacet
facet normal -0.24192634952321088 0.9702946157772768 0.0
outer loop
vertex 10.990485191345215 6.322291374206543 11.5
vertex 10.864686012268066 6.2909255027771 8.5
vertex 10.864686012268066 6.2909255027771 11.5
endloop
endfacet
facet normal -0.26122415609079747 0.9652781673044567 0.0
outer loop
vertex 10.864686012268066 6.2909255027771 11.5
vertex 10.864686012268066 6.2909255027771 8.5
vertex 10.739537239074707 6.2570576667785645 8.5
endloop
endfacet
facet normal -0.26122415609079747 0.9652781673044567 0.0
outer loop
vertex 10.864686012268066 6.2909255027771 11.5
vertex 10.739537239074707 6.2570576667785645 8.5
vertex 10.739537239074707 6.2570576667785645 11.5
endloop
endfacet
facet normal -0.28042874470981133 0.9598748455608572 0.0
outer loop
vertex 10.739537239074707 6.2570576667785645 11.5
vertex 10.739537239074707 6.2570576667785645 8.5
vertex 10.61508846282959 6.220699787139893 8.5
endloop
endfacet
facet normal -0.28042874470981133 0.9598748455608572 0.0
outer loop
vertex 10.739537239074707 6.2570576667785645 11.5
vertex 10.61508846282959 6.220699787139893 8.5
vertex 10.61508846282959 6.220699787139893 11.5
endloop
endfacet
facet normal -0.29951825219696093 0.9540905704391369 0.0
outer loop
vertex 10.61508846282959 6.220699787139893 11.5
vertex 10.61508846282959 6.220699787139893 8.5
vertex 10.491390228271484 6.1818671226501465 8.5
endloop
endfacet
facet normal -0.29951825219696093 0.9540905704391369 0.0
outer loop
vertex 10.61508846282959 6.220699787139893 11.5
vertex 10.491390228271484 6.1818671226501465 8.5
vertex 10.491390228271484 6.1818671226501465 11.5
endloop
endfacet
facet normal -0.3184810105574275 0.9479292409849586 0.0
outer loop
vertex 10.491390228271484 6.1818671226501465 11.5
vertex 10.491390228271484 6.1818671226501465 8.5
vertex 10.368489265441895 6.140575408935547 8.5
endloop
endfacet
facet normal -0.3184810105574275 0.9479292409849586 0.0
outer loop
vertex 10.491390228271484 6.1818671226501465 11.5
vertex 10.368489265441895 6.140575408935547 8.5
vertex 10.368489265441895 6.140575408935547 11.5
endloop
endfacet
facet normal -0.33733013198604084 0.941386414844765 0.0
outer loop
vertex 10.368489265441895 6.140575408935547 11.5
vertex 10.368489265441895 6.140575408935547 8.5
vertex 10.246438026428223 6.0968403816223145 8.5
endloop
endfacet
facet normal -0.33733013198604084 0.941386414844765 0.0
outer loop
vertex 10.368489265441895 6.140575408935547 11.5
vertex 10.246438026428223 6.0968403816223145 8.5
vertex 10.246438026428223 6.0968403816223145 11.5
endloop
endfacet
facet normal -0.3560422799001922 0.9344698469846275 0.0
outer loop
vertex 10.246438026428223 6.0968403816223145 11.5
vertex 10.246438026428223 6.0968403816223145 8.5
vertex 10.125283241271973 6.0506792068481445 8.5
endloop
endfacet
facet normal -0.3560422799001922 0.9344698469846275 0.0
outer loop
vertex 10.246438026428223 6.0968403816223145 11.5
vertex 10.125283241271973 6.0506792068481445 8.5
vertex 10.125283241271973 6.0506792068481445 11.5
endloop
endfacet
facet normal -0.3746033952151845 0.9271851467173405 0.0
outer loop
vertex 10.125283241271973 6.0506792068481445 11.5
vertex 10.125283241271973 6.0506792068481445 8.5
vertex 10.005072593688965 6.002111434936523 8.5
endloop
endfacet
facet normal -0.3746033952151845 0.9271851467173405 0.0
outer loop
vertex 10.125283241271973 6.0506792068481445 11.5
vertex 10.005072593688965 6.002111434936523 8.5
vertex 10.005072593688965 6.002111434936523 11.5
endloop
endfacet
facet normal -0.39302513485761903 0.9195277284400674 0.0
outer loop
vertex 10.005072593688965 6.002111434936523 11.5
vertex 10.005072593688965 6.002111434936523 8.5
vertex 9.885855674743652 5.951155662536621 8.5
endloop
endfacet
facet normal -0.39302513485761903 0.9195277284400674 0.0
outer loop
vertex 10.005072593688965 6.002111434936523 11.5
vertex 9.885855674743652 5.951155662536621 8.5
vertex 9.885855674743652 5.951155662536621 11.5
endloop
endfacet
facet normal -0.41128782352779764 0.9115055272557414 0.0
outer loop
vertex 9.885855674743652 5.951155662536621 11.5
vertex 9.885855674743652 5.951155662536621 8.5
vertex 9.767677307128906 5.897831439971924 8.5
endloop
endfacet
facet normal -0.41128782352779764 0.9115055272557414 0.0
outer loop
vertex 9.885855674743652 5.951155662536621 11.5
vertex 9.767677307128906 5.897831439971924 8.5
vertex 9.767677307128906 5.897831439971924 11.5
endloop
endfacet
facet normal -0.4293865743699534 0.9031207946619524 0.0
outer loop
vertex 9.767677307128906 5.897831439971924 11.5
vertex 9.767677307128906 5.897831439971924 8.5
vertex 9.65058708190918 5.842161178588867 8.5
endloop
endfacet
facet normal -0.4293865743699534 0.9031207946619524 0.0
outer loop
vertex 9.767677307128906 5.897831439971924 11.5
vertex 9.65058708190918 5.842161178588867 8.5
vertex 9.65058708190918 5.842161178588867 11.5
endloop
endfacet
facet normal -0.447313630777427 0.8943771663681469 0.0
outer loop
vertex 9.65058708190918 5.842161178588867 11.5
vertex 9.65058708190918 5.842161178588867 8.5
vertex 9.53463077545166 5.7841668128967285 8.5
endloop
endfacet
facet normal -0.447313630777427 0.8943771663681469 0.0
outer loop
vertex 9.65058708190918 5.842161178588867 11.5
vertex 9.53463077545166 5.7841668128967285 8.5
vertex 9.53463077545166 5.7841668128967285 11.5
endloop
endfacet
facet normal -0.46506569109872165 0.8852761732718599 0.0
outer loop
vertex 9.53463077545166 5.7841668128967285 11.5
vertex 9.53463077545166 5.7841668128967285 8.5
vertex 9.419854164123535 5.723870754241943 8.5
endloop
endfacet
facet normal -0.46506569109872165 0.8852761732718599 0.0
outer loop
vertex 9.53463077545166 5.7841668128967285 11.5
vertex 9.419854164123535 5.723870754241943 8.5
vertex 9.419854164123535 5.723870754241943 11.5
endloop
endfacet
facet normal -0.48262225682915455 0.8758286117803721 0.0
outer loop
vertex 9.419854164123535 5.723870754241943 11.5
vertex 9.419854164123535 5.723870754241943 8.5
vertex 9.306302070617676 5.6612982749938965 8.5
endloop
endfacet
facet normal -0.48262225682915455 0.8758286117803721 0.0
outer loop
vertex 9.419854164123535 5.723870754241943 11.5
vertex 9.306302070617676 5.6612982749938965 8.5
vertex 9.306302070617676 5.6612982749938965 11.5
endloop
endfacet
facet normal -0.500003674481639 0.8660232823110814 0.0
outer loop
vertex 9.306302070617676 5.6612982749938965 11.5
vertex 9.306302070617676 5.6612982749938965 8.5
vertex 9.194021224975586 5.596472263336182 8.5
endloop
endfacet
facet normal -0.500003674481639 0.8660232823110814 0.0
outer loop
vertex 9.306302070617676 5.6612982749938965 11.5
vertex 9.194021224975586 5.596472263336182 8.5
vertex 9.194021224975586 5.596472263336182 11.5
endloop
endfacet
facet normal -0.517172669509534 0.8558810839785994 0.0
outer loop
vertex 9.194021224975586 5.596472263336182 11.5
vertex 9.194021224975586 5.596472263336182 8.5
vertex 9.08305549621582 5.529420375823975 8.5
endloop
endfacet
facet normal -0.517172669509534 0.8558810839785994 0.0
outer loop
vertex 9.194021224975586 5.596472263336182 11.5
vertex 9.08305549621582 5.529420375823975 8.5
vertex 9.08305549621582 5.529420375823975 11.5
endloop
endfacet
facet normal -0.5341409064651085 0.8453954648805685 0.0
outer loop
vertex 9.08305549621582 5.529420375823975 11.5
vertex 9.08305549621582 5.529420375823975 8.5
vertex 8.97344970703125 5.460168838500977 8.5
endloop
endfacet
facet normal -0.5341409064651085 0.8453954648805685 0.0
outer loop
vertex 9.08305549621582 5.529420375823975 11.5
vertex 8.97344970703125 5.460168838500977 8.5
vertex 8.97344970703125 5.460168838500977 11.5
endloop
endfacet
facet normal -0.5508988761899409 0.8345720030127181 0.0
outer loop
vertex 8.97344970703125 5.460168838500977 11.5
vertex 8.97344970703125 5.460168838500977 8.5
vertex 8.865246772766113 5.388744354248047 8.5
endloop
endfacet
facet normal -0.5508988761899409 0.8345720030127181 0.0
outer loop
vertex 8.97344970703125 5.460168838500977 11.5
vertex 8.865246772766113 5.388744354248047 8.5
vertex 8.865246772766113 5.388744354248047 11.5
endloop
endfacet
facet normal -0.5674300492634036 0.8234216047644921 0.0
outer loop
vertex 8.865246772766113 5.388744354248047 11.5
vertex 8.865246772766113 5.388744354248047 8.5
vertex 8.758488655090332 5.315176010131836 8.5
endloop
endfacet
facet normal -0.5674300492634036 0.8234216047644921 0.0
outer loop
vertex 8.865246772766113 5.388744354248047 11.5
vertex 8.758488655090332 5.315176010131836 8.5
vertex 8.758488655090332 5.315176010131836 11.5
endloop
endfacet
facet normal -0.5837459292747769 0.8119363830098558 0.0
outer loop
vertex 8.758488655090332 5.315176010131836 11.5
vertex 8.758488655090332 5.315176010131836 8.5
vertex 8.653221130371094 5.239493370056152 8.5
endloop
endfacet
facet normal -0.5837459292747769 0.8119363830098558 0.0
outer loop
vertex 8.758488655090332 5.315176010131836 11.5
vertex 8.653221130371094 5.239493370056152 8.5
vertex 8.653221130371094 5.239493370056152 11.5
endloop
endfacet
facet normal -0.5998187407025359 0.8001359123936532 0.0
outer loop
vertex 8.653221130371094 5.239493370056152 11.5
vertex 8.653221130371094 5.239493370056152 8.5
vertex 8.549482345581055 5.161725997924805 8.5
endloop
endfacet
facet normal -0.5998187407025359 0.8001359123936532 0.0
outer loop
vertex 8.653221130371094 5.239493370056152 11.5
vertex 8.549482345581055 5.161725997924805 8.5
vertex 8.549482345581055 5.161725997924805 11.5
endloop
endfacet
facet normal -0.6156644539354998 0.7880084264525999 0.0
outer loop
vertex 8.549482345581055 5.161725997924805 11.5
vertex 8.549482345581055 5.161725997924805 8.5
vertex 8.44731616973877 5.081904411315918 8.5
endloop
endfacet
facet normal -0.6156644539354998 0.7880084264525999 0.0
outer loop
vertex 8.549482345581055 5.161725997924805 11.5
vertex 8.44731616973877 5.081904411315918 8.5
vertex 8.44731616973877 5.081904411315918 11.5
endloop
endfacet
facet normal -0.631255346725198 0.7755750687269737 0.0
outer loop
vertex 8.44731616973877 5.081904411315918 11.5
vertex 8.44731616973877 5.081904411315918 8.5
vertex 8.346762657165527 5.000061988830566 8.5
endloop
endfacet
facet normal -0.631255346725198 0.7755750687269737 0.0
outer loop
vertex 8.44731616973877 5.081904411315918 11.5
vertex 8.346762657165527 5.000061988830566 8.5
vertex 8.346762657165527 5.000061988830566 11.5
endloop
endfacet
facet normal -0.646601145795383 0.7628282626227859 0.0
outer loop
vertex 8.346762657165527 5.000061988830566 11.5
vertex 8.346762657165527 5.000061988830566 8.5
vertex 8.2478609085083 4.916229248046875 8.5
endloop
endfacet
facet normal -0.646601145795383 0.7628282626227859 0.0
outer loop
vertex 8.346762657165527 5.000061988830566 11.5
vertex 8.2478609085083 4.916229248046875 8.5
vertex 8.2478609085083 4.916229248046875 11.5
endloop
endfacet
facet normal -0.6616836718660218 0.7497831142309748 0.0
outer loop
vertex 8.2478609085083 4.916229248046875 11.5
vertex 8.2478609085083 4.916229248046875 8.5
vertex 8.150650978088379 4.830441474914551 8.5
endloop
endfacet
facet normal -0.6616836718660218 0.7497831142309748 0.0
outer loop
vertex 8.2478609085083 4.916229248046875 11.5
vertex 8.150650978088379 4.830441474914551 8.5
vertex 8.150650978088379 4.830441474914551 11.5
endloop
endfacet
facet normal -0.6765100029517582 0.7364334429574828 0.0
outer loop
vertex 8.150650978088379 4.830441474914551 11.5
vertex 8.150650978088379 4.830441474914551 8.5
vertex 8.055171966552734 4.74273157119751 8.5
endloop
endfacet
facet normal -0.6765100029517582 0.7364334429574828 0.0
outer loop
vertex 8.150650978088379 4.830441474914551 11.5
vertex 8.055171966552734 4.74273157119751 8.5
vertex 8.055171966552734 4.74273157119751 11.5
endloop
endfacet
facet normal -0.6910625503653198 0.7227949581192301 0.0
outer loop
vertex 8.055171966552734 4.74273157119751 11.5
vertex 8.055171966552734 4.74273157119751 8.5
vertex 7.961460590362549 4.653134346008301 8.5
endloop
endfacet
facet normal -0.6910625503653198 0.7227949581192301 0.0
outer loop
vertex 8.055171966552734 4.74273157119751 11.5
vertex 7.961460590362549 4.653134346008301 8.5
vertex 7.961460590362549 4.653134346008301 11.5
endloop
endfacet
facet normal -0.7053410455307945 0.7088681185449984 0.0
outer loop
vertex 7.961460590362549 4.653134346008301 11.5
vertex 7.961460590362549 4.653134346008301 8.5
vertex 7.869555473327637 4.5616865158081055 8.5
endloop
endfacet
facet normal -0.7053410455307945 0.7088681185449984 0.0
outer loop
vertex 7.961460590362549 4.653134346008301 11.5
vertex 7.869555473327637 4.5616865158081055 8.5
vertex 7.869555473327637 4.5616865158081055 11.5
endloop
endfacet
facet normal -0.7193401134973905 0.6946580461734835 0.0
outer loop
vertex 7.869555473327637 4.5616865158081055 11.5
vertex 7.869555473327637 4.5616865158081055 8.5
vertex 7.779492378234863 4.468423366546631 8.5
endloop
endfacet
facet normal -0.7193401134973905 0.6946580461734835 0.0
outer loop
vertex 7.869555473327637 4.5616865158081055 11.5
vertex 7.779492378234863 4.468423366546631 8.5
vertex 7.779492378234863 4.468423366546631 11.5
endloop
endfacet
facet normal -0.7330541116862176 0.6801703237718699 0.0
outer loop
vertex 7.779492378234863 4.468423366546631 11.5
vertex 7.779492378234863 4.468423366546631 8.5
vertex 7.691307544708252 4.373382091522217 8.5
endloop
endfacet
facet normal -0.7330541116862176 0.6801703237718699 0.0
outer loop
vertex 7.779492378234863 4.468423366546631 11.5
vertex 7.691307544708252 4.373382091522217 8.5
vertex 7.691307544708252 4.373382091522217 11.5
endloop
endfacet
facet normal -0.7464690688990384 0.6654201147974135 0.0
outer loop
vertex 7.691307544708252 4.373382091522217 11.5
vertex 7.691307544708252 4.373382091522217 8.5
vertex 7.605035305023193 4.276601791381836 8.5
endloop
endfacet
facet normal -0.7464690688990384 0.6654201147974135 0.0
outer loop
vertex 7.691307544708252 4.373382091522217 11.5
vertex 7.605035305023193 4.276601791381836 8.5
vertex 7.605035305023193 4.276601791381836 11.5
endloop
endfacet
facet normal -0.7595968508554903 0.6503942067472789 0.0
outer loop
vertex 7.605035305023193 4.276601791381836 11.5
vertex 7.605035305023193 4.276601791381836 8.5
vertex 7.5207109451293945 4.17811918258667 8.5
endloop
endfacet
facet normal -0.7595968508554903 0.6503942067472789 0.0
outer loop
vertex 7.605035305023193 4.276601791381836 11.5
vertex 7.5207109451293945 4.17811918258667 8.5
vertex 7.5207109451293945 4.17811918258667 11.5
endloop
endfacet
facet normal -0.7724173066383228 0.6351153473233028 0.0
outer loop
vertex 7.5207109451293945 4.17811918258667 11.5
vertex 7.5207109451293945 4.17811918258667 8.5
vertex 7.43836784362793 4.077974796295166 8.5
endloop
endfacet
facet normal -0.7724173066383228 0.6351153473233028 0.0
outer loop
vertex 7.5207109451293945 4.17811918258667 11.5
vertex 7.43836784362793 4.077974796295166 8.5
vertex 7.43836784362793 4.077974796295166 11.5
endloop
endfacet
facet normal -0.784930117332605 0.6195843049208257 0.0
outer loop
vertex 7.43836784362793 4.077974796295166 11.5
vertex 7.43836784362793 4.077974796295166 8.5
vertex 7.358038425445557 3.976208209991455 8.5
endloop
endfacet
facet normal -0.784930117332605 0.6195843049208257 0.0
outer loop
vertex 7.43836784362793 4.077974796295166 11.5
vertex 7.358038425445557 3.976208209991455 8.5
vertex 7.358038425445557 3.976208209991455 11.5
endloop
endfacet
facet normal -0.7971332377913506 0.6038034458400168 0.0
outer loop
vertex 7.358038425445557 3.976208209991455 11.5
vertex 7.358038425445557 3.976208209991455 8.5
vertex 7.279754638671875 3.872859001159668 8.5
endloop
endfacet
facet normal -0.7971332377913506 0.6038034458400168 0.0
outer loop
vertex 7.358038425445557 3.976208209991455 11.5
vertex 7.279754638671875 3.872859001159668 8.5
vertex 7.279754638671875 3.872859001159668 11.5
endloop
endfacet
facet normal -0.8090173382384809 0.5877847790046316 0.0
outer loop
vertex 7.279754638671875 3.872859001159668 11.5
vertex 7.279754638671875 3.872859001159668 8.5
vertex 7.203547954559326 3.7679693698883057 8.5
endloop
endfacet
facet normal -0.8090173382384809 0.5877847790046316 0.0
outer loop
vertex 7.279754638671875 3.872859001159668 11.5
vertex 7.203547954559326 3.7679693698883057 8.5
vertex 7.203547954559326 3.7679693698883057 11.5
endloop
endfacet
facet normal -0.8205787562237127 0.5715334678164916 0.0
outer loop
vertex 7.203547954559326 3.7679693698883057 11.5
vertex 7.203547954559326 3.7679693698883057 8.5
vertex 7.129447937011719 3.6615803241729736 8.5
endloop
endfacet
facet normal -0.8205787562237127 0.5715334678164916 0.0
outer loop
vertex 7.203547954559326 3.7679693698883057 11.5
vertex 7.129447937011719 3.6615803241729736 8.5
vertex 7.129447937011719 3.6615803241729736 11.5
endloop
endfacet
facet normal -0.8318165353247122 0.5550506747679814 0.0
outer loop
vertex 7.129447937011719 3.6615803241729736 11.5
vertex 7.129447937011719 3.6615803241729736 8.5
vertex 7.057485103607178 3.553734540939331 8.5
endloop
endfacet
facet normal -0.8318165353247122 0.5550506747679814 0.0
outer loop
vertex 7.129447937011719 3.6615803241729736 11.5
vertex 7.057485103607178 3.553734540939331 8.5
vertex 7.057485103607178 3.553734540939331 11.5
endloop
endfacet
facet normal -0.8427193650225451 0.5383531107145183 0.0
outer loop
vertex 7.057485103607178 3.553734540939331 11.5
vertex 7.057485103607178 3.553734540939331 8.5
vertex 6.987687110900879 3.4444751739501953 8.5
endloop
endfacet
facet normal -0.8427193650225451 0.5383531107145183 0.0
outer loop
vertex 7.057485103607178 3.553734540939331 11.5
vertex 6.987687110900879 3.4444751739501953 8.5
vertex 6.987687110900879 3.4444751739501953 11.5
endloop
endfacet
facet normal -0.8532922430793618 0.5214329754633776 0.0
outer loop
vertex 6.987687110900879 3.4444751739501953 11.5
vertex 6.987687110900879 3.4444751739501953 8.5
vertex 6.920083045959473 3.333845376968384 8.5
endloop
endfacet
facet normal -0.8532922430793618 0.5214329754633776 0.0
outer loop
vertex 6.987687110900879 3.4444751739501953 11.5
vertex 6.920083045959473 3.333845376968384 8.5
vertex 6.920083045959473 3.333845376968384 11.5
endloop
endfacet
facet normal -0.8635219390343111 0.5043112737252892 0.0
outer loop
vertex 6.920083045959473 3.333845376968384 11.5
vertex 6.920083045959473 3.333845376968384 8.5
vertex 6.854698657989502 3.221889019012451 8.5
endloop
endfacet
facet normal -0.8635219390343111 0.5043112737252892 0.0
outer loop
vertex 6.920083045959473 3.333845376968384 11.5
vertex 6.854698657989502 3.221889019012451 8.5
vertex 6.854698657989502 3.221889019012451 11.5
endloop
endfacet
facet normal -0.873408263834149 0.4869887110254382 0.0
outer loop
vertex 6.854698657989502 3.221889019012451 11.5
vertex 6.854698657989502 3.221889019012451 8.5
vertex 6.791560173034668 3.1086509227752686 8.5
endloop
endfacet
facet normal -0.873408263834149 0.4869887110254382 0.0
outer loop
vertex 6.854698657989502 3.221889019012451 11.5
vertex 6.791560173034668 3.1086509227752686 8.5
vertex 6.791560173034668 3.1086509227752686 11.5
endloop
endfacet
facet normal -0.8829464964446772 0.4694736248353786 0.0
outer loop
vertex 6.791560173034668 3.1086509227752686 11.5
vertex 6.791560173034668 3.1086509227752686 8.5
vertex 6.730692386627197 2.994175910949707 8.5
endloop
endfacet
facet normal -0.8829464964446772 0.4694736248353786 0.0
outer loop
vertex 6.791560173034668 3.1086509227752686 11.5
vertex 6.730692386627197 2.994175910949707 8.5
vertex 6.730692386627197 2.994175910949707 11.5
endloop
endfacet
facet normal -0.8921349239124566 0.4517690533178599 0.0
outer loop
vertex 6.730692386627197 2.994175910949707 11.5
vertex 6.730692386627197 2.994175910949707 8.5
vertex 6.672120094299316 2.878509759902954 8.5
endloop
endfacet
facet normal -0.8921349239124566 0.4517690533178599 0.0
outer loop
vertex 6.730692386627197 2.994175910949707 11.5
vertex 6.672120094299316 2.878509759902954 8.5
vertex 6.672120094299316 2.878509759902954 11.5
endloop
endfacet
facet normal -0.9009703871937824 0.43388058426240483 0.0
outer loop
vertex 6.672120094299316 2.878509759902954 11.5
vertex 6.672120094299316 2.878509759902954 8.5
vertex 6.6158671379089355 2.7616982460021973 8.5
endloop
endfacet
facet normal -0.9009703871937824 0.43388058426240483 0.0
outer loop
vertex 6.672120094299316 2.878509759902954 11.5
vertex 6.6158671379089355 2.7616982460021973 8.5
vertex 6.6158671379089355 2.7616982460021973 11.5
endloop
endfacet
facet normal -0.9094424871962576 0.41582972775197846 0.0
outer loop
vertex 6.6158671379089355 2.7616982460021973 11.5
vertex 6.6158671379089355 2.7616982460021973 8.5
vertex 6.561954498291016 2.6437883377075195 8.5
endloop
endfacet
facet normal -0.9094424871962576 0.41582972775197846 0.0
outer loop
vertex 6.6158671379089355 2.7616982460021973 11.5
vertex 6.561954498291016 2.6437883377075195 8.5
vertex 6.561954498291016 2.6437883377075195 11.5
endloop
endfacet
facet normal -0.9175564974648291 0.39760542496308443 0.0
outer loop
vertex 6.561954498291016 2.6437883377075195 11.5
vertex 6.561954498291016 2.6437883377075195 8.5
vertex 6.510404586791992 2.5248262882232666 8.5
endloop
endfacet
facet normal -0.9175564974648291 0.39760542496308443 0.0
outer loop
vertex 6.561954498291016 2.6437883377075195 11.5
vertex 6.510404586791992 2.5248262882232666 8.5
vertex 6.510404586791992 2.5248262882232666 11.5
endloop
endfacet
facet normal -0.9253036365391092 0.3792270826398083 0.0
outer loop
vertex 6.510404586791992 2.5248262882232666 11.5
vertex 6.510404586791992 2.5248262882232666 8.5
vertex 6.46123743057251 2.404859781265259 8.5
endloop
endfacet
facet normal -0.9253036365391092 0.3792270826398083 0.0
outer loop
vertex 6.510404586791992 2.5248262882232666 11.5
vertex 6.46123743057251 2.404859781265259 8.5
vertex 6.46123743057251 2.404859781265259 11.5
endloop
endfacet
facet normal -0.9326854340944275 0.3606908385696666 0.0
outer loop
vertex 6.46123743057251 2.404859781265259 11.5
vertex 6.46123743057251 2.404859781265259 8.5
vertex 6.414473533630371 2.2839362621307373 8.5
endloop
endfacet
facet normal -0.9326854340944275 0.3606908385696666 0.0
outer loop
vertex 6.46123743057251 2.404859781265259 11.5
vertex 6.414473533630371 2.2839362621307373 8.5
vertex 6.414473533630371 2.2839362621307373 11.5
endloop
endfacet
facet normal -0.9396919054784243 0.3420221086104347 0.0
outer loop
vertex 6.414473533630371 2.2839362621307373 11.5
vertex 6.414473533630371 2.2839362621307373 8.5
vertex 6.3701300621032715 2.162104368209839 8.5
endloop
endfacet
facet normal -0.9396919054784243 0.3420221086104347 0.0
outer loop
vertex 6.414473533630371 2.2839362621307373 11.5
vertex 6.3701300621032715 2.162104368209839 8.5
vertex 6.3701300621032715 2.162104368209839 11.5
endloop
endfacet
facet normal -0.9463272497275194 0.3232100500033206 0.0
outer loop
vertex 6.3701300621032715 2.162104368209839 11.5
vertex 6.3701300621032715 2.162104368209839 8.5
vertex 6.328225612640381 2.039412260055542 8.5
endloop
endfacet
facet normal -0.9463272497275194 0.3232100500033206 0.0
outer loop
vertex 6.3701300621032715 2.162104368209839 11.5
vertex 6.328225612640381 2.039412260055542 8.5
vertex 6.328225612640381 2.039412260055542 11.5
endloop
endfacet
facet normal -0.9525861157650243 0.30426911123494543 0.0
outer loop
vertex 6.328225612640381 2.039412260055542 11.5
vertex 6.328225612640381 2.039412260055542 8.5
vertex 6.288776874542236 1.915908694267273 8.5
endloop
endfacet
facet normal -0.9525861157650243 0.30426911123494543 0.0
outer loop
vertex 6.328225612640381 2.039412260055542 11.5
vertex 6.288776874542236 1.915908694267273 8.5
vertex 6.288776874542236 1.915908694267273 11.5
endloop
endfacet
facet normal -0.958464936915807 0.28521038673754173 0.0
outer loop
vertex 6.288776874542236 1.915908694267273 11.5
vertex 6.288776874542236 1.915908694267273 8.5
vertex 6.2517991065979 1.7916429042816162 8.5
endloop
endfacet
facet normal -0.958464936915807 0.28521038673754173 0.0
outer loop
vertex 6.288776874542236 1.915908694267273 11.5
vertex 6.2517991065979 1.7916429042816162 8.5
vertex 6.2517991065979 1.7916429042816162 11.5
endloop
endfacet
facet normal -0.9639627341596556 0.26603730405986536 0.0
outer loop
vertex 6.2517991065979 1.7916429042816162 11.5
vertex 6.2517991065979 1.7916429042816162 8.5
vertex 6.217307090759277 1.6666641235351562 8.5
endloop
endfacet
facet normal -0.9639627341596556 0.26603730405986536 0.0
outer loop
vertex 6.2517991065979 1.7916429042816162 11.5
vertex 6.217307090759277 1.6666641235351562 8.5
vertex 6.217307090759277 1.6666641235351562 11.5
endloop
endfacet
facet normal -0.9690770526856555 0.24675831487121863 0.0
outer loop
vertex 6.217307090759277 1.6666641235351562 11.5
vertex 6.217307090759277 1.6666641235351562 8.5
vertex 6.185314655303955 1.5410224199295044 8.5
endloop
endfacet
facet normal -0.9690770526856555 0.24675831487121863 0.0
outer loop
vertex 6.217307090759277 1.6666641235351562 11.5
vertex 6.185314655303955 1.5410224199295044 8.5
vertex 6.185314655303955 1.5410224199295044 11.5
endloop
endfacet
facet normal -0.973806161645799 0.22737976941820479 0.0
outer loop
vertex 6.185314655303955 1.5410224199295044 11.5
vertex 6.185314655303955 1.5410224199295044 8.5
vertex 6.155834674835205 1.4147676229476929 8.5
endloop
endfacet
facet normal -0.973806161645799 0.22737976941820479 0.0
outer loop
vertex 6.185314655303955 1.5410224199295044 11.5
vertex 6.155834674835205 1.4147676229476929 8.5
vertex 6.155834674835205 1.4147676229476929 11.5
endloop
endfacet
facet normal -0.9781473710465964 0.2079127714081846 0.0
outer loop
vertex 6.155834674835205 1.4147676229476929 11.5
vertex 6.155834674835205 1.4147676229476929 8.5
vertex 6.128878593444824 1.2879499197006226 8.5
endloop
endfacet
facet normal -0.9781473710465964 0.2079127714081846 0.0
outer loop
vertex 6.155834674835205 1.4147676229476929 11.5
vertex 6.128878593444824 1.2879499197006226 8.5
vertex 6.128878593444824 1.2879499197006226 11.5
endloop
endfacet
facet normal -0.9821004945153401 0.1883576881168503 0.0
outer loop
vertex 6.128878593444824 1.2879499197006226 11.5
vertex 6.128878593444824 1.2879499197006226 8.5
vertex 6.104457855224609 1.1606197357177734 8.5
endloop
endfacet
facet normal -0.9821004945153401 0.1883576881168503 0.0
outer loop
vertex 6.128878593444824 1.2879499197006226 11.5
vertex 6.104457855224609 1.1606197357177734 8.5
vertex 6.104457855224609 1.1606197357177734 11.5
endloop
endfacet
facet normal -0.9856612353854357 0.16873627072581765 0.0
outer loop
vertex 6.104457855224609 1.1606197357177734 11.5
vertex 6.104457855224609 1.1606197357177734 8.5
vertex 6.082581043243408 1.0328278541564941 8.5
endloop
endfacet
facet normal -0.9856612353854357 0.16873627072581765 0.0
outer loop
vertex 6.104457855224609 1.1606197357177734 11.5
vertex 6.082581043243408 1.0328278541564941 8.5
vertex 6.082581043243408 1.0328278541564941 11.5
endloop
endfacet
facet normal -0.9888303926143884 0.14904514296707064 0.0
outer loop
vertex 6.082581043243408 1.0328278541564941 11.5
vertex 6.082581043243408 1.0328278541564941 8.5
vertex 6.063257217407227 0.9046251773834229 8.5
endloop
endfacet
facet normal -0.9888303926143884 0.14904514296707064 0.0
outer loop
vertex 6.082581043243408 1.0328278541564941 11.5
vertex 6.063257217407227 0.9046251773834229 8.5
vertex 6.063257217407227 0.9046251773834229 11.5
endloop
endfacet
facet normal -0.9916071263808739 0.12928769048391825 0.0
outer loop
vertex 6.063257217407227 0.9046251773834229 11.5
vertex 6.063257217407227 0.9046251773834229 8.5
vertex 6.046494960784912 0.7760624885559082 8.5
endloop
endfacet
facet normal -0.9916071263808739 0.12928769048391825 0.0
outer loop
vertex 6.063257217407227 0.9046251773834229 11.5
vertex 6.046494960784912 0.7760624885559082 8.5
vertex 6.046494960784912 0.7760624885559082 11.5
endloop
endfacet
facet normal -0.993988333703141 0.10948603774935557 0.0
outer loop
vertex 6.046494960784912 0.7760624885559082 11.5
vertex 6.046494960784912 0.7760624885559082 8.5
vertex 6.032299995422363 0.6471909880638123 8.5
endloop
endfacet
facet normal -0.993988333703141 0.10948603774935557 0.0
outer loop
vertex 6.046494960784912 0.7760624885559082 11.5
vertex 6.032299995422363 0.6471909880638123 8.5
vertex 6.032299995422363 0.6471909880638123 11.5
endloop
endfacet
facet normal -0.9959741991461047 0.08964036275738456 0.0
outer loop
vertex 6.032299995422363 0.6471909880638123 11.5
vertex 6.032299995422363 0.6471909880638123 8.5
vertex 6.0206780433654785 0.5180620551109314 8.5
endloop
endfacet
facet normal -0.9959741991461047 0.08964036275738456 0.0
outer loop
vertex 6.032299995422363 0.6471909880638123 11.5
vertex 6.0206780433654785 0.5180620551109314 8.5
vertex 6.0206780433654785 0.5180620551109314 11.5
endloop
endfacet
facet normal -0.9975642079914258 0.06975421804048472 0.0
outer loop
vertex 6.0206780433654785 0.5180620551109314 11.5
vertex 6.0206780433654785 0.5180620551109314 8.5
vertex 6.011634349822998 0.38872700929641724 8.5
endloop
endfacet
facet normal -0.9975642079914258 0.06975421804048472 0.0
outer loop
vertex 6.0206780433654785 0.5180620551109314 11.5
vertex 6.011634349822998 0.38872700929641724 8.5
vertex 6.011634349822998 0.38872700929641724 11.5
endloop
endfacet
facet normal -0.9987569170875831 0.04984596843985188 0.0
outer loop
vertex 6.011634349822998 0.38872700929641724 11.5
vertex 6.011634349822998 0.38872700929641724 8.5
vertex 6.005171775817871 0.25923728942871094 8.5
endloop
endfacet
facet normal -0.9987569170875831 0.04984596843985188 0.0
outer loop
vertex 6.011634349822998 0.38872700929641724 11.5
vertex 6.005171775817871 0.25923728942871094 8.5
vertex 6.005171775817871 0.25923728942871094 11.5
endloop
endfacet
facet normal -0.9995524260610192 0.029915674077824295 0.0
outer loop
vertex 6.005171775817871 0.25923728942871094 11.5
vertex 6.005171775817871 0.25923728942871094 8.5
vertex 6.001293182373047 0.12964443862438202 8.5
endloop
endfacet
facet normal -0.9995524260610192 0.029915674077824295 0.0
outer loop
vertex 6.005171775817871 0.25923728942871094 11.5
vertex 6.001293182373047 0.12964443862438202 8.5
vertex 6.001293182373047 0.12964443862438202 11.5
endloop
endfacet
facet normal -0.9999502550078226 0.009974342574357442 0.0
outer loop
vertex 6.001293182373047 0.12964443862438202 11.5
vertex 6.001293182373047 0.12964443862438202 8.5
vertex 6.0 0.0 8.5
endloop
endfacet
facet normal -0.0 0.0 1.0
outer loop
vertex 9.894475936889648 -1.4870256185531616 11.5
vertex 6.854698657989502 -3.221889019012451 11.5
vertex 9.924654006958008 -1.5386978387832642 11.5
endloop
endfacet
facet normal 0.0 0.0 1.0
outer loop
vertex 9.924654006958008 -1.5386978387832642 11.5
vertex 6.854698657989502 -3.221889019012451 11.5
vertex 6.920083045959473 -3.333845376968384 11.5
endloop
endfacet
facet normal -0.0 0.0 1.0
outer loop
vertex 9.924654006958008 -1.5386978387832642 11.5
vertex 6.920083045959473 -3.333845376968384 11.5
vertex 9.955856323242188 -1.5897576808929443 11.5
endloop
endfacet
facet normal 0.0 0.0 1.0
outer loop
vertex 9.955856323242188 -1.5897576808929443 11.5
vertex 6.920083045959473 -3.333845376968384 11.5
vertex 6.987687110900879 -3.4444751739501953 11.5
endloop
endfacet
facet normal -0.0 0.0 1.0
outer loop
vertex 9.955856323242188 -1.5897576808929443 11.5
vertex 6.987687110900879 -3.4444751739501953 11.5
vertex 9.988070487976074 -1.6401852369308472 11.5
endloop
endfacet
facet normal 0.0 0.0 1.0
outer loop
vertex 9.988070487976074 -1.6401852369308472 11.5
vertex 6.987687110900879 -3.4444751739501953 11.5
vertex 7.057485103607178 -3.553734540939331 11.5
endloop
endfacet
facet normal -0.0 0.0 0.9999999999999999
outer loop
vertex 9.988070487976074 -1.6401852369308472 11.5
vertex 7.057485103607178 -3.553734540939331 11.5
vertex 10.021283149719238 -1.6899601221084595 11.5
endloop
endfacet
facet normal 0.0 0.0 1.0
outer loop
vertex 10.021283149719238 -1.6899601221084595 11.5
vertex 7.057485103607178 -3.553734540939331 11.5
vertex 7.129447937011719 -3.6615803241729736 11.5
endloop
endfacet
facet normal -0.0 0.0 0.9999999999999999
outer loop
vertex 10.021283149719238 -1.6899601221084595 11.5
vertex 7.129447937011719 -3.6615803241729736 11.5
vertex 10.055482864379883 -1.7390626668930054 11.5
endloop
endfacet
facet normal 0.0 0.0 1.0
outer loop
vertex 10.055482864379883 -1.7390626668930054 11.5
vertex 7.129447937011719 -3.6615803241729736 11.5
vertex 7.203547954559326 -3.7679693698883057 11.5
endloop
endfacet
facet normal -0.0 0.0 1.0
outer loop
vertex 10.055482864379883 -1.7390626668930054 11.5
vertex 7.203547954559326 -3.7679693698883057 11.5
vertex 10.090655326843262 -1.787473440170288 11.5
endloop
endfacet
facet normal 0.0 0.0 1.0
outer loop
vertex 10.090655326843262 -1.787473440170288 11.5
vertex 7.203547954559326 -3.7679693698883057 11.5
vertex 7.279754638671875 -3.872859001159668 11.5
endloop
endfacet
facet normal -0.0 0.0 1.0
outer loop
vertex 10.090655326843262 -1.787473440170288 11.5
vertex 7.279754638671875 -3.872859001159668 11.5
vertex 10.126787185668945 -1.8351728916168213 11.5
endloop
endfacet
facet normal 0.0 0.0 0.9999999999999999
outer loop
vertex 10.126787185668945 -1.8351728916168213 11.5
vertex 7.279754638671875 -3.872859001159668 11.5
vertex 7.358038425445557 -3.976208209991455 11.5
endloop
endfacet
facet normal -0.0 0.0 1.0
outer loop
vertex 10.126787185668945 -1.8351728916168213 11.5
vertex 7.358038425445557 -3.976208209991455 11.5
vertex 10.163862228393555 -1.8821423053741455 11.5
endloop
endfacet
facet normal 0.0 0.0 1.0
outer loop
vertex 10.163862228393555 -1.8821423053741455 11.5
vertex 7.358038425445557 -3.976208209991455 11.5
vertex 7.43836784362793 -4.077974796295166 11.5
endloop
endfacet
facet normal -0.0 0.0 1.0
outer loop
vertex 10.163862228393555 -1.8821423053741455 11.5
vertex 7.43836784362793 -4.077974796295166 11.5
vertex 10.20186710357666 -1.9283628463745117 11.5
endloop
endfacet
facet normal 0.0 0.0 0.9999999999999999
outer loop
vertex 10.20186710357666 -1.9283628463745117 11.5
vertex 7.43836784362793 -4.077974796295166 11.5
vertex 7.5207109451293945 -4.17811918258667 11.5
endloop
endfacet
facet normal -0.0 0.0 1.0
outer loop
vertex 10.20186710357666 -1.9283628463745117 11.5
vertex 7.5207109451293945 -4.17811918258667 11.5
vertex 10.240785598754883 -1.973816156387329 11.5
endloop
endfacet
facet normal 0.0 0.0 0.9999999999999999
outer loop
vertex 10.240785598754883 -1.973816156387329 11.5
vertex 7.5207109451293945 -4.17811918258667 11.5
vertex 7.605035305023193 -4.276601791381836 11.5
endloop
endfacet
facet normal -0.0 0.0 1.0
outer loop
vertex 10.240785598754883 -1.973816156387329 11.5
vertex 7.605035305023193 -4.276601791381836 11.5
vertex 10.280603408813477 -2.018484354019165 11.5
endloop
endfacet
facet normal 0.0 0.0 1.0
outer loop
vertex 10.280603408813477 -2.018484354019165 11.5
vertex 7.605035305023193 -4.276601791381836 11.5
vertex 7.691307544708252 -4.373382091522217 11.5
endloop
endfacet
facet normal -0.0 0.0 1.0
outer loop
vertex 10.280603408813477 -2.018484354019165 11.5
vertex 7.691307544708252 -4.373382091522217 11.5
vertex 10.321304321289062 -2.0623490810394287 11.5
endloop
endfacet
facet normal 0.0 0.0 1.0
outer loop
vertex 10.321304321289062 -2.0623490810394287 11.5
vertex 7.691307544708252 -4.373382091522217 11.5
vertex 7.779492378234863 -4.468423366546631 11.5
endloop
endfacet
facet normal -0.0 0.0 1.0
outer loop
vertex 10.321304321289062 -2.0623490810394287 11.5
vertex 7.779492378234863 -4.468423366546631 11.5
vertex 10.362872123718262 -2.105393648147583 11.5
endloop
endfacet
facet normal 0.0 0.0 1.0
outer loop
vertex 10.362872123718262 -2.105393648147583 11.5
vertex 7.779492378234863 -4.468423366546631 11.5
vertex 7.869555473327637 -4.5616865158081055 11.5
endloop
endfacet
facet normal -0.0 0.0 1.0
outer loop
vertex 10.362872123718262 -2.105393648147583 11.5
vertex 7.869555473327637 -4.5616865158081055 11.5
vertex 10.405289649963379 -2.1476004123687744 11.5
endloop
endfacet
facet normal 0.0 0.0 1.0
outer loop
vertex 10.405289649963379 -2.1476004123687744 11.5
vertex 7.869555473327637 -4.5616865158081055 11.5
vertex 7.961460590362549 -4.653134346008301 11.5
endloop
endfacet
facet normal -0.0 0.0 1.0
outer loop
vertex 10.405289649963379 -2.1476004123687744 11.5
vertex 7.961460590362549 -4.653134346008301 11.5
vertex 10.448540687561035 -2.188952922821045 11.5
endloop
endfacet
facet normal 0.0 0.0 1.0
outer loop
vertex 10.448540687561035 -2.188952922821045 11.5
vertex 7.961460590362549 -4.653134346008301 11.5
vertex 8.055171966552734 -4.74273157119751 11.5
endloop
endfacet
facet normal -0.0 0.0 1.0
outer loop
vertex 10.448540687561035 -2.188952922821045 11.5
vertex 8.055171966552734 -4.74273157119751 11.5
vertex 10.492608070373535 -2.2294344902038574 11.5
endloop
endfacet
facet normal 0.0 0.0 1.0
outer loop
vertex 10.492608070373535 -2.2294344902038574 11.5
vertex 8.055171966552734 -4.74273157119751 11.5
vertex 8.150650978088379 -4.830441474914551 11.5
endloop
endfacet
facet normal -0.0 0.0 0.9999999999999999
outer loop
vertex 10.492608070373535 -2.2294344902038574 11.5
vertex 8.150650978088379 -4.830441474914551 11.5
vertex 10.537474632263184 -2.269028902053833 11.5
endloop
endfacet
facet normal 0.0 0.0 1.0
outer loop
vertex 10.537474632263184 -2.269028902053833 11.5
vertex 8.150650978088379 -4.830441474914551 11.5
vertex 8.2478609085083 -4.916229248046875 11.5
endloop
endfacet
facet normal -0.0 0.0 0.9999999999999999
outer loop
vertex 10.537474632263184 -2.269028902053833 11.5
vertex 8.2478609085083 -4.916229248046875 11.5
vertex 10.583121299743652 -2.30772066116333 11.5
endloop
endfacet
facet normal 0.0 0.0 1.0
outer loop
vertex 10.583121299743652 -2.30772066116333 11.5
vertex 8.2478609085083 -4.916229248046875 11.5
vertex 8.346762657165527 -5.000061988830566 11.5
endloop
endfacet
facet normal -0.0 0.0 1.0
outer loop
vertex 10.583121299743652 -2.30772066116333 11.5
vertex 8.346762657165527 -5.000061988830566 11.5
vertex 10.629530906677246 -2.345494508743286 11.5
endloop
endfacet
facet normal 0.0 0.0 1.0
outer loop
vertex 10.629530906677246 -2.345494508743286 11.5
vertex 8.346762657165527 -5.000061988830566 11.5
vertex 8.44731616973877 -5.081904411315918 11.5
endloop
endfacet
facet normal -0.0 0.0 1.0
outer loop
vertex 10.629530906677246 -2.345494508743286 11.5
vertex 8.44731616973877 -5.081904411315918 11.5
vertex 10.67668342590332 -2.3823349475860596 11.5
endloop
endfacet
facet normal 0.0 0.0 1.0
outer loop
vertex 10.67668342590332 -2.3823349475860596 11.5
vertex 8.44731616973877 -5.081904411315918 11.5
vertex 8.549482345581055 -5.161725997924805 11.5
endloop
endfacet
facet normal -0.0 0.0 0.9999999999999999
outer loop
vertex 10.67668342590332 -2.3823349475860596 11.5
vertex 8.549482345581055 -5.161725997924805 11.5
vertex 10.724563598632812 -2.418227434158325 11.5
endloop
endfacet
facet normal 0.0 0.0 0.9999999999999999
outer loop
vertex 10.724563598632812 -2.418227434158325 11.5
vertex 8.549482345581055 -5.161725997924805 11.5
vertex 8.653221130371094 -5.239493370056152 11.5
endloop
endfacet
facet normal -0.0 0.0 1.0
outer loop
vertex 10.724563598632812 -2.418227434158325 11.5
vertex 8.653221130371094 -5.239493370056152 11.5
vertex 10.773148536682129 -2.453158140182495 11.5
endloop
endfacet
facet normal 0.0 0.0 1.0
outer loop
vertex 10.773148536682129 -2.453158140182495 11.5
vertex 8.653221130371094 -5.239493370056152 11.5
vertex 8.758488655090332 -5.315176010131836 11.5
endloop
endfacet
facet normal -0.0 0.0 1.0
outer loop
vertex 10.773148536682129 -2.453158140182495 11.5
vertex 8.758488655090332 -5.315176010131836 11.5
vertex 10.822421073913574 -2.4871127605438232 11.5
endloop
endfacet
facet normal 0.0 0.0 1.0
outer loop
vertex 10.822421073913574 -2.4871127605438232 11.5
vertex 8.758488655090332 -5.315176010131836 11.5
vertex 8.865246772766113 -5.388744354248047 11.5
endloop
endfacet
facet normal -0.0 0.0 0.9999999999999999
outer loop
vertex 10.822421073913574 -2.4871127605438232 11.5
vertex 8.865246772766113 -5.388744354248047 11.5
vertex 10.872361183166504 -2.52007794380188 11.5
endloop
endfacet
facet normal 0.0 0.0 1.0
outer loop
vertex 10.872361183166504 -2.52007794380188 11.5
vertex 8.865246772766113 -5.388744354248047 11.5
vertex 8.97344970703125 -5.460168838500977 11.5
endloop
endfacet
facet normal -0.0 0.0 0.9999999999999999
outer loop
vertex 10.872361183166504 -2.52007794380188 11.5
vertex 8.97344970703125 -5.460168838500977 11.5
vertex 10.922948837280273 -2.5520401000976562 11.5
endloop
endfacet
facet normal 0.0 0.0 1.0
outer loop
vertex 10.922948837280273 -2.5520401000976562 11.5
vertex 8.97344970703125 -5.460168838500977 11.5
vertex 9.08305549621582 -5.529420375823975 11.5
endloop
endfacet
facet normal -0.0 0.0 1.0
outer loop
vertex 10.922948837280273 -2.5520401000976562 11.5
vertex 9.08305549621582 -5.529420375823975 11.5
vertex 10.974163055419922 -2.5829873085021973 11.5
endloop
endfacet
facet normal 0.0 0.0 0.9999999999999999
outer loop
vertex 10.974163055419922 -2.5829873085021973 11.5
vertex 9.08305549621582 -5.529420375823975 11.5
vertex 9.194021224975586 -5.596472263336182 11.5
endloop
endfacet
facet normal -0.0 0.0 0.9999999999999999
outer loop
vertex 10.974163055419922 -2.5829873085021973 11.5
vertex 9.194021224975586 -5.596472263336182 11.5
vertex 11.025985717773438 -2.6129066944122314 11.5
endloop
endfacet
facet normal 0.0 0.0 1.0
outer loop
vertex 11.025985717773438 -2.6129066944122314 11.5
vertex 9.194021224975586 -5.596472263336182 11.5
vertex 9.306302070617676 -5.6612982749938965 11.5
endloop
endfacet
facet normal -0.0 0.0 0.9999999999999999
outer loop
vertex 11.025985717773438 -2.6129066944122314 11.5
vertex 9.306302070617676 -5.6612982749938965 11.5
vertex 11.078393936157227 -2.641786575317383 11.5
endloop
endfacet
facet normal 0.0 0.0 1.0
outer loop
vertex 11.078393936157227 -2.641786575317383 11.5
vertex 9.306302070617676 -5.6612982749938965 11.5
vertex 9.419854164123535 -5.723870754241943 11.5
endloop
endfacet
facet normal -0.0 0.0 1.0
outer loop
vertex 11.078393936157227 -2.641786575317383 11.5
vertex 9.419854164123535 -5.723870754241943 11.5
vertex 11.131367683410645 -2.6696155071258545 11.5
endloop
endfacet
facet normal 0.0 0.0 0.9999999999999999
outer loop
vertex 11.131367683410645 -2.6696155071258545 11.5
vertex 9.419854164123535 -5.723870754241943 11.5
vertex 9.53463077545166 -5.7841668128967285 11.5
endloop
endfacet
facet normal -0.0 0.0 1.0
outer loop
vertex 11.131367683410645 -2.6696155071258545 11.5
vertex 9.53463077545166 -5.7841668128967285 11.5
vertex 11.18488597869873 -2.6963820457458496 11.5
endloop
endfacet
facet normal 0.0 0.0 1.0
outer loop
vertex 11.18488597869873 -2.6963820457458496 11.5
vertex 9.53463077545166 -5.7841668128967285 11.5
vertex 9.65058708190918 -5.842161178588867 11.5
endloop
endfacet
facet normal -0.0 0.0 1.0
outer loop
vertex 11.18488597869873 -2.6963820457458496 11.5
vertex 9.65058708190918 -5.842161178588867 11.5
vertex 11.238927841186523 -2.722076177597046 11.5
endloop
endfacet
facet normal 0.0 0.0 1.0
outer loop
vertex 11.238927841186523 -2.722076177597046 11.5
vertex 9.65058708190918 -5.842161178588867 11.5
vertex 9.767677307128906 -5.897831439971924 11.5
endloop
endfacet
facet normal -0.0 0.0 1.0
outer loop
vertex 11.238927841186523 -2.722076177597046 11.5
vertex 9.767677307128906 -5.897831439971924 11.5
vertex 11.293471336364746 -2.7466869354248047 11.5
endloop
endfacet
facet normal 0.0 0.0 1.0
outer loop
vertex 11.293471336364746 -2.7466869354248047 11.5
vertex 9.767677307128906 -5.897831439971924 11.5
vertex 9.885855674743652 -5.951155662536621 11.5
endloop
endfacet
facet normal -0.0 0.0 0.9999999999999999
outer loop
vertex 11.293471336364746 -2.7466869354248047 11.5
vertex 9.885855674743652 -5.951155662536621 11.5
vertex 11.348495483398438 -2.77020525932312 11.5
endloop
endfacet
facet normal 0.0 0.0 1.0
outer loop
vertex 11.348495483398438 -2.77020525932312 11.5
vertex 9.885855674743652 -5.951155662536621 11.5
vertex 10.005072593688965 -6.002111434936523 11.5
endloop
endfacet
facet normal -0.0 0.0 1.0
outer loop
vertex 11.348495483398438 -2.77020525932312 11.5
vertex 10.005072593688965 -6.002111434936523 11.5
vertex 11.403977394104004 -2.792621374130249 11.5
endloop
endfacet
facet normal 0.0 0.0 0.9999999999999999
outer loop
vertex 11.403977394104004 -2.792621374130249 11.5
vertex 10.005072593688965 -6.002111434936523 11.5
vertex 10.125283241271973 -6.0506792068481445 11.5
endloop
endfacet
facet normal -0.0 0.0 1.0
outer loop
vertex 11.403977394104004 -2.792621374130249 11.5
vertex 10.125283241271973 -6.0506792068481445 11.5
vertex 11.459894180297852 -2.8139262199401855 11.5
endloop
endfacet
facet normal 0.0 0.0 1.0
outer loop
vertex 11.459894180297852 -2.8139262199401855 11.5
vertex 10.125283241271973 -6.0506792068481445 11.5
vertex 10.246438026428223 -6.0968403816223145 11.5
endloop
endfacet
facet normal -0.0 0.0 1.0
outer loop
vertex 11.459894180297852 -2.8139262199401855 11.5
vertex 10.246438026428223 -6.0968403816223145 11.5
vertex 11.516226768493652 -2.8341116905212402 11.5
endloop
endfacet
facet normal 0.0 0.0 1.0
outer loop
vertex 11.516226768493652 -2.8341116905212402 11.5
vertex 10.246438026428223 -6.0968403816223145 11.5
vertex 10.368489265441895 -6.140575408935547 11.5
endloop
endfacet
facet normal -0.0 0.0 1.0
outer loop
vertex 11.516226768493652 -2.8341116905212402 11.5
vertex 10.368489265441895 -6.140575408935547 11.5
vertex 11.572948455810547 -2.8531696796417236 11.5
endloop
endfacet
facet normal 0.0 0.0 0.9999999999999999
outer loop
vertex 11.572948455810547 -2.8531696796417236 11.5
vertex 10.368489265441895 -6.140575408935547 11.5
vertex 10.491390228271484 -6.1818671226501465 11.5
endloop
endfacet
facet normal -0.0 0.0 1.0
outer loop
vertex 11.572948455810547 -2.8531696796417236 11.5
vertex 10.491390228271484 -6.1818671226501465 11.5
vertex 11.630040168762207 -2.8710920810699463 11.5
endloop
endfacet
facet normal 0.0 0.0 1.0
outer loop
vertex 11.630040168762207 -2.8710920810699463 11.5
vertex 10.491390228271484 -6.1818671226501465 11.5
vertex 10.61508846282959 -6.220699787139893 11.5
endloop
endfacet
facet normal -0.0 0.0 1.0
outer loop
vertex 11.630040168762207 -2.8710920810699463 11.5
vertex 10.61508846282959 -6.220699787139893 11.5
vertex 11.687479019165039 -2.8878726959228516 11.5
endloop
endfacet
facet normal 0.0 0.0 1.0
outer loop
vertex 11.687479019165039 -2.8878726959228516 11.5
vertex 10.61508846282959 -6.220699787139893 11.5
vertex 10.739537239074707 -6.2570576667785645 11.5
endloop
endfacet
facet normal -0.0 0.0 1.0
outer loop
vertex 11.687479019165039 -2.8878726959228516 11.5
vertex 10.739537239074707 -6.2570576667785645 11.5
vertex 11.7452392578125 -2.9035043716430664 11.5
endloop
endfacet
facet normal 0.0 0.0 1.0
outer loop
vertex 11.7452392578125 -2.9035043716430664 11.5
vertex 10.739537239074707 -6.2570576667785645 11.5
vertex 10.864686012268066 -6.2909255027771 11.5
endloop
endfacet
facet normal -0.0 0.0 1.0
outer loop
vertex 11.7452392578125 -2.9035043716430664 11.5
vertex 10.864686012268066 -6.2909255027771 11.5
vertex 11.803300857543945 -2.917980432510376 11.5
endloop
endfacet
facet normal 0.0 0.0 1.0
outer loop
vertex 11.803300857543945 -2.917980432510376 11.5
vertex 10.864686012268066 -6.2909255027771 11.5
vertex 10.990485191345215 -6.322291374206543 11.5
endloop
endfacet
facet normal -0.0 0.0 1.0
outer loop
vertex 11.803300857543945 -2.917980432510376 11.5
vertex 10.990485191345215 -6.322291374206543 11.5
vertex 11.861639976501465 -2.931295871734619 11.5
endloop
endfacet
facet normal 0.0 0.0 1.0
outer loop
vertex 11.861639976501465 -2.931295871734619 11.5
vertex 10.990485191345215 -6.322291374206543 11.5
vertex 11.1168851852417 -6.351141452789307 11.5
endloop
endfacet
facet normal -0.0 0.0 1.0
outer loop
vertex 11.861639976501465 -2.931295871734619 11.5
vertex 11.1168851852417 -6.351141452789307 11.5
vertex 11.920232772827148 -2.9434452056884766 11.5
endloop
endfacet
facet normal 0.0 0.0 1.0
outer loop
vertex 11.920232772827148 -2.9434452056884766 11.5
vertex 11.1168851852417 -6.351141452789307 11.5
vertex 11.243837356567383 -6.377464771270752 11.5
endloop
endfacet
facet normal -0.0 0.0 1.0
outer loop
vertex 11.920232772827148 -2.9434452056884766 11.5
vertex 11.243837356567383 -6.377464771270752 11.5
vertex 11.979055404663086 -2.954423189163208 11.5
endloop
endfacet
facet normal 0.0 0.0 1.0
outer loop
vertex 11.979055404663086 -2.954423189163208 11.5
vertex 11.243837356567383 -6.377464771270752 11.5
vertex 11.371286392211914 -6.401250839233398 11.5
endloop
endfacet
facet normal -0.0 0.0 0.9999999999999999
outer loop
vertex 11.979055404663086 -2.954423189163208 11.5
vertex 11.371286392211914 -6.401250839233398 11.5
vertex 12.0380859375 -2.9642257690429688 11.5
endloop
endfacet
facet normal 0.0 0.0 1.0
outer loop
vertex 12.0380859375 -2.9642257690429688 11.5
vertex 11.371286392211914 -6.401250839233398 11.5
vertex 11.499186515808105 -6.422489643096924 11.5
endloop
endfacet
facet normal -0.0 0.0 0.9999999999999999
outer loop
vertex 12.0380859375 -2.9642257690429688 11.5
vertex 11.499186515808105 -6.422489643096924 11.5
vertex 12.097299575805664 -2.972849130630493 11.5
endloop
endfacet
facet normal 0.0 0.0 0.9999999999999999
outer loop
vertex 12.097299575805664 -2.972849130630493 11.5
vertex 11.499186515808105 -6.422489643096924 11.5
vertex 11.627484321594238 -6.441173553466797 11.5
endloop
endfacet
facet normal -0.0 0.0 1.0
outer loop
vertex 12.097299575805664 -2.972849130630493 11.5
vertex 11.627484321594238 -6.441173553466797 11.5
vertex 12.1566743850708 -2.980289936065674 11.5
endloop
endfacet
facet normal 0.0 0.0 1.0
outer loop
vertex 12.1566743850708 -2.980289936065674 11.5
vertex 11.627484321594238 -6.441173553466797 11.5
vertex 11.756128311157227 -6.457294940948486 11.5
endloop
endfacet
facet normal -0.0 0.0 1.0
outer loop
vertex 12.1566743850708 -2.980289936065674 11.5
vertex 11.756128311157227 -6.457294940948486 11.5
vertex 12.2161865234375 -2.9865448474884033 11.5
endloop
endfacet
facet normal 0.0 0.0 1.0
outer loop
vertex 12.2161865234375 -2.9865448474884033 11.5
vertex 11.756128311157227 -6.457294940948486 11.5
vertex 11.885068893432617 -6.470847129821777 11.5
endloop
endfacet
facet normal -0.0 0.0 1.0
outer loop
vertex 12.2161865234375 -2.9865448474884033 11.5
vertex 11.885068893432617 -6.470847129821777 11.5
vertex 12.275809288024902 -2.9916114807128906 11.5
endloop
endfacet
facet normal 0.0 0.0 1.0
outer loop
vertex 12.275809288024902 -2.9916114807128906 11.5
vertex 11.885068893432617 -6.470847129821777 11.5
vertex 12.014253616333008 -6.48182487487793 11.5
endloop
endfacet
facet normal -0.0 0.0 0.9999999999999999
outer loop
vertex 12.275809288024902 -2.9916114807128906 11.5
vertex 12.014253616333008 -6.48182487487793 11.5
vertex 12.335522651672363 -2.995487689971924 11.5
endloop
endfacet
facet normal 0.0 0.0 1.0
outer loop
vertex 12.335522651672363 -2.995487689971924 11.5
vertex 12.014253616333008 -6.48182487487793 11.5
vertex 12.143632888793945 -6.490223407745361 11.5
endloop
endfacet
facet normal -0.0 0.0 1.0
outer loop
vertex 12.335522651672363 -2.995487689971924 11.5
vertex 12.143632888793945 -6.490223407745361 11.5
vertex 12.395301818847656 -2.9981725215911865 11.5
endloop
endfacet
facet normal 0.0 0.0 1.0
outer loop
vertex 12.395301818847656 -2.9981725215911865 11.5
vertex 12.143632888793945 -6.490223407745361 11.5
vertex 12.273153305053711 -6.496040344238281 11.5
endloop
endfacet
facet normal -0.0 0.0 1.0
outer loop
vertex 12.395301818847656 -2.9981725215911865 11.5
vertex 12.273153305053711 -6.496040344238281 11.5
vertex 12.455121994018555 -2.999664306640625 11.5
endloop
endfacet
facet normal 0.0 0.0 1.0
outer loop
vertex 12.455121994018555 -2.999664306640625 11.5
vertex 12.273153305053711 -6.496040344238281 11.5
vertex 12.402763366699219 -6.49927282333374 11.5
endloop
endfacet
facet normal -0.0 0.0 1.0
outer loop
vertex 12.455121994018555 -2.999664306640625 11.5
vertex 12.402763366699219 -6.49927282333374 11.5
vertex 12.514960289001465 -2.99996280670166 11.5
endloop
endfacet
facet normal 0.0 0.0 1.0
outer loop
vertex 12.514960289001465 -2.99996280670166 11.5
vertex 12.402763366699219 -6.49927282333374 11.5
vertex 12.532413482666016 -6.4999189376831055 11.5
endloop
endfacet
facet normal -0.0 0.0 1.0
outer loop
vertex 12.514960289001465 -2.99996280670166 11.5
vertex 12.532413482666016 -6.4999189376831055 11.5
vertex 12.57479190826416 -2.999067544937134 11.5
endloop
endfacet
facet normal -0.0 0.0 1.0
outer loop
vertex 12.57479190826416 -2.999067544937134 11.5
vertex 12.532413482666016 -6.4999189376831055 11.5
vertex 12.662049293518066 -6.497979640960693 11.5
endloop
endfacet
facet normal -0.0 -0.0 0.9999999999999999
outer loop
vertex 12.57479190826416 -2.999067544937134 11.5
vertex 12.662049293518066 -6.497979640960693 11.5
vertex 12.634594917297363 -2.996979236602783 11.5
endloop
endfacet
facet normal -0.0 0.0 1.0
outer loop
vertex 12.634594917297363 -2.996979236602783 11.5
vertex 12.662049293518066 -6.497979640960693 11.5
vertex 12.791621208190918 -6.493454933166504 11.5
endloop
endfacet
facet normal -0.0 -0.0 0.9999999999999999
outer loop
vertex 12.634594917297363 -2.996979236602783 11.5
vertex 12.791621208190918 -6.493454933166504 11.5
vertex 12.694342613220215 -2.9936983585357666 11.5
endloop
endfacet
facet normal -0.0 0.0 1.0
outer loop
vertex 12.694342613220215 -2.9936983585357666 11.5
vertex 12.791621208190918 -6.493454933166504 11.5
vertex 12.921076774597168 -6.48634672164917 11.5
endloop
endfacet
facet normal -0.0 -0.0 1.0
outer loop
vertex 12.694342613220215 -2.9936983585357666 11.5
vertex 12.921076774597168 -6.48634672164917 11.5
vertex 12.75401496887207 -2.989226818084717 11.5
endloop
endfacet
facet normal -0.0 0.0 1.0
outer loop
vertex 12.75401496887207 -2.989226818084717 11.5
vertex 12.921076774597168 -6.48634672164917 11.5
vertex 13.050365447998047 -6.476657867431641 11.5
endloop
endfacet
facet normal -0.0 -0.0 0.9999999999999999
outer loop
vertex 12.75401496887207 -2.989226818084717 11.5
vertex 13.050365447998047 -6.476657867431641 11.5
vertex 12.813586235046387 -2.98356556892395 11.5
endloop
endfacet
facet normal -0.0 0.0 0.9999999999999999
outer loop
vertex 12.813586235046387 -2.98356556892395 11.5
vertex 13.050365447998047 -6.476657867431641 11.5
vertex 13.179435729980469 -6.464392185211182 11.5
endloop
endfacet
facet normal -0.0 -0.0 0.9999999999999999
outer loop
vertex 12.813586235046387 -2.98356556892395 11.5
vertex 13.179435729980469 -6.464392185211182 11.5
vertex 12.873031616210938 -2.976717710494995 11.5
endloop
endfacet
facet normal -0.0 0.0 1.0
outer loop
vertex 12.873031616210938 -2.976717710494995 11.5
vertex 13.179435729980469 -6.464392185211182 11.5
vertex 13.308234214782715 -6.449554920196533 11.5
endloop
endfacet
facet normal -0.0 -0.0 1.0
outer loop
vertex 12.873031616210938 -2.976717710494995 11.5
vertex 13.308234214782715 -6.449554920196533 11.5
vertex 12.932328224182129 -2.9686851501464844 11.5
endloop
endfacet
facet normal -0.0 0.0 1.0
outer loop
vertex 12.932328224182129 -2.9686851501464844 11.5
vertex 13.308234214782715 -6.449554920196533 11.5
vertex 13.436711311340332 -6.4321513175964355 11.5
endloop
endfacet
facet normal -0.0 0.0 1.0
outer loop
vertex 15.407535552978516 5.813453197479248 11.5
vertex 13.841938972473145 2.6831321716308594 11.5
vertex 15.522908210754395 5.754304885864258 11.5
endloop
endfacet
facet normal 0.0 0.0 1.0
outer loop
vertex 15.522908210754395 5.754304885864258 11.5
vertex 13.841938972473145 2.6831321716308594 11.5
vertex 13.895188331604004 2.6558330059051514 11.5
endloop
endfacet
facet normal -0.0 0.0 1.0
outer loop
vertex 15.522908210754395 5.754304885864258 11.5
vertex 13.895188331604004 2.6558330059051514 11.5
vertex 15.637077331542969 5.692867755889893 11.5
endloop
endfacet
facet normal 0.0 0.0 1.0
outer loop
vertex 15.637077331542969 5.692867755889893 11.5
vertex 13.895188331604004 2.6558330059051514 11.5
vertex 13.947881698608398 2.6274771690368652 11.5
endloop
endfacet
facet normal -0.0 0.0 1.0
outer loop
vertex 15.637077331542969 5.692867755889893 11.5
vertex 13.947881698608398 2.6274771690368652 11.5
vertex 15.75 5.629165172576904 11.5
endloop
endfacet
facet normal 0.0 0.0 1.0
outer loop
vertex 15.75 5.629165172576904 11.5
vertex 13.947881698608398 2.6274771690368652 11.5
vertex 14.0 2.598076105117798 11.5
endloop
endfacet
facet normal -0.0 0.0 0.9999999999999999
outer loop
vertex 15.75 5.629165172576904 11.5
vertex 14.0 2.598076105117798 11.5
vertex 15.861628532409668 5.563223361968994 11.5
endloop
endfacet
facet normal 0.0 0.0 1.0
outer loop
vertex 15.861628532409668 5.563223361968994 11.5
vertex 14.0 2.598076105117798 11.5
vertex 14.051521301269531 2.567641496658325 11.5
endloop
endfacet
facet normal -0.0 0.0 1.0
outer loop
vertex 15.861628532409668 5.563223361968994 11.5
vertex 14.051521301269531 2.567641496658325 11.5
vertex 15.971919059753418 5.495067596435547 11.5
endloop
endfacet
facet normal 0.0 0.0 1.0
outer loop
vertex 15.971919059753418 5.495067596435547 11.5
vertex 14.051521301269531 2.567641496658325 11.5
vertex 14.102424621582031 2.5361850261688232 11.5
endloop
endfacet
facet normal -0.0 0.0 0.9999999999999999
outer loop
vertex 15.971919059753418 5.495067596435547 11.5
vertex 14.102424621582031 2.5361850261688232 11.5
vertex 16.080829620361328 5.424726486206055 11.5
endloop
endfacet
facet normal 0.0 0.0 1.0
outer loop
vertex 16.080829620361328 5.424726486206055 11.5
vertex 14.102424621582031 2.5361850261688232 11.5
vertex 14.152690887451172 2.5037195682525635 11.5
endloop
endfacet
facet normal -0.0 0.0 1.0
outer loop
vertex 16.080829620361328 5.424726486206055 11.5
vertex 14.152690887451172 2.5037195682525635 11.5
vertex 16.188316345214844 5.352226257324219 11.5
endloop
endfacet
facet normal 0.0 0.0 1.0
outer loop
vertex 16.188316345214844 5.352226257324219 11.5
vertex 14.152690887451172 2.5037195682525635 11.5
vertex 14.202299118041992 2.4702584743499756 11.5
endloop
endfacet
facet normal -0.0 0.0 0.9999999999999999
outer loop
vertex 16.188316345214844 5.352226257324219 11.5
vertex 14.202299118041992 2.4702584743499756 11.5
vertex 16.294334411621094 5.277596950531006 11.5
endloop
endfacet
facet normal 0.0 0.0 1.0
outer loop
vertex 16.294334411621094 5.277596950531006 11.5
vertex 14.202299118041992 2.4702584743499756 11.5
vertex 14.25123119354248 2.435814142227173 11.5
endloop
endfacet
facet normal -0.0 0.0 1.0
outer loop
vertex 16.294334411621094 5.277596950531006 11.5
vertex 14.25123119354248 2.435814142227173 11.5
vertex 16.398841857910156 5.200868129730225 11.5
endloop
endfacet
facet normal 0.0 0.0 0.9999999999999999
outer loop
vertex 16.398841857910156 5.200868129730225 11.5
vertex 14.25123119354248 2.435814142227173 11.5
vertex 14.29946517944336 2.4004006385803223 11.5
endloop
endfacet
facet normal -0.0 0.0 1.0
outer loop
vertex 16.398841857910156 5.200868129730225 11.5
vertex 14.29946517944336 2.4004006385803223 11.5
vertex 16.501798629760742 5.122069835662842 11.5
endloop
endfacet
facet normal 0.0 0.0 1.0
outer loop
vertex 16.501798629760742 5.122069835662842 11.5
vertex 14.29946517944336 2.4004006385803223 11.5
vertex 14.346983909606934 2.36403226852417 11.5
endloop
endfacet
facet normal -0.0 0.0 1.0
outer loop
vertex 16.501798629760742 5.122069835662842 11.5
vertex 14.346983909606934 2.36403226852417 11.5
vertex 16.603164672851562 5.041233539581299 11.5
endloop
endfacet
facet normal 0.0 0.0 1.0
outer loop
vertex 16.603164672851562 5.041233539581299 11.5
vertex 14.346983909606934 2.36403226852417 11.5
vertex 14.393768310546875 2.326723337173462 11.5
endloop
endfacet
facet normal -0.0 0.0 1.0
outer loop
vertex 16.603164672851562 5.041233539581299 11.5
vertex 14.393768310546875 2.326723337173462 11.5
vertex 16.702898025512695 4.958392143249512 11.5
endloop
endfacet
facet normal 0.0 0.0 1.0
outer loop
vertex 16.702898025512695 4.958392143249512 11.5
vertex 14.393768310546875 2.326723337173462 11.5
vertex 14.439799308776855 2.2884886264801025 11.5
endloop
endfacet
facet normal -0.0 0.0 1.0
outer loop
vertex 16.702898025512695 4.958392143249512 11.5
vertex 14.439799308776855 2.2884886264801025 11.5
vertex 16.80095863342285 4.873578071594238 11.5
endloop
endfacet
facet normal 0.0 0.0 0.9999999999999999
outer loop
vertex 16.80095863342285 4.873578071594238 11.5
vertex 14.439799308776855 2.2884886264801025 11.5
vertex 14.485057830810547 2.2493436336517334 11.5
endloop
endfacet
facet normal -0.0 0.0 1.0
outer loop
vertex 16.80095863342285 4.873578071594238 11.5
vertex 14.485057830810547 2.2493436336517334 11.5
vertex 16.897308349609375 4.7868242263793945 11.5
endloop
endfacet
facet normal 0.0 0.0 1.0
outer loop
vertex 16.897308349609375 4.7868242263793945 11.5
vertex 14.485057830810547 2.2493436336517334 11.5
vertex 14.529525756835938 2.209303617477417 11.5
endloop
endfacet
facet normal -0.0 0.0 1.0
outer loop
vertex 16.897308349609375 4.7868242263793945 11.5
vertex 14.529525756835938 2.209303617477417 11.5
vertex 16.991907119750977 4.698166847229004 11.5
endloop
endfacet
facet normal 0.0 0.0 1.0
outer loop
vertex 16.991907119750977 4.698166847229004 11.5
vertex 14.529525756835938 2.209303617477417 11.5
vertex 14.573187828063965 2.168384552001953 11.5
endloop
endfacet
facet normal -0.0 0.0 1.0
outer loop
vertex 16.991907119750977 4.698166847229004 11.5
vertex 14.573187828063965 2.168384552001953 11.5
vertex 17.084718704223633 4.607639789581299 11.5
endloop
endfacet
facet normal 0.0 0.0 1.0
outer loop
vertex 17.084718704223633 4.607639789581299 11.5
vertex 14.573187828063965 2.168384552001953 11.5
vertex 14.6160249710083 2.1266028881073 11.5
endloop
endfacet
facet normal -0.0 0.0 1.0
outer loop
vertex 17.084718704223633 4.607639789581299 11.5
vertex 14.6160249710083 2.1266028881073 11.5
vertex 17.175708770751953 4.515279769897461 11.5
endloop
endfacet
facet normal 0.0 0.0 1.0
outer loop
vertex 17.175708770751953 4.515279769897461 11.5
vertex 14.6160249710083 2.1266028881073 11.5
vertex 14.658019065856934 2.083975076675415 11.5
endloop
endfacet
facet normal -0.0 0.0 1.0
outer loop
vertex 17.175708770751953 4.515279769897461 11.5
vertex 14.658019065856934 2.083975076675415 11.5
vertex 17.26483726501465 4.421123027801514 11.5
endloop
endfacet
facet normal 0.0 0.0 1.0
outer loop
vertex 17.26483726501465 4.421123027801514 11.5
vertex 14.658019065856934 2.083975076675415 11.5
vertex 14.699155807495117 2.040518283843994 11.5
endloop
endfacet
facet normal -0.0 0.0 0.9999999999999999
outer loop
vertex 17.26483726501465 4.421123027801514 11.5
vertex 14.699155807495117 2.040518283843994 11.5
vertex 17.352069854736328 4.325207233428955 11.5
endloop
endfacet
facet normal 0.0 0.0 1.0
outer loop
vertex 17.352069854736328 4.325207233428955 11.5
vertex 14.699155807495117 2.040518283843994 11.5
vertex 14.739416122436523 1.9962494373321533 11.5
endloop
endfacet
facet normal -0.0 0.0 1.0
outer loop
vertex 17.352069854736328 4.325207233428955 11.5
vertex 14.739416122436523 1.9962494373321533 11.5
vertex 17.4373722076416 4.227570533752441 11.5
endloop
endfacet
facet normal 0.0 0.0 0.9999999999999999
outer loop
vertex 17.4373722076416 4.227570533752441 11.5
vertex 14.739416122436523 1.9962494373321533 11.5
vertex 14.778787612915039 1.9511865377426147 11.5
endloop
endfacet
facet normal -0.0 0.0 1.0
outer loop
vertex 17.4373722076416 4.227570533752441 11.5
vertex 14.778787612915039 1.9511865377426147 11.5
vertex 17.520709991455078 4.1282525062561035 11.5
endloop
endfacet
facet normal 0.0 0.0 1.0
outer loop
vertex 17.520709991455078 4.1282525062561035 11.5
vertex 14.778787612915039 1.9511865377426147 11.5
vertex 14.817251205444336 1.9053473472595215 11.5
endloop
endfacet
facet normal -0.0 0.0 1.0
outer loop
vertex 17.520709991455078 4.1282525062561035 11.5
vertex 14.817251205444336 1.9053473472595215 11.5
vertex 17.60205078125 4.027291774749756 11.5
endloop
endfacet
facet normal 0.0 0.0 1.0
outer loop
vertex 17.60205078125 4.027291774749756 11.5
vertex 14.817251205444336 1.9053473472595215 11.5
vertex 14.854792594909668 1.8587499856948853 11.5
endloop
endfacet
facet normal -0.0 0.0 0.9999999999999999
outer loop
vertex 17.60205078125 4.027291774749756 11.5
vertex 14.854792594909668 1.8587499856948853 11.5
vertex 17.68136215209961 3.9247288703918457 11.5
endloop
endfacet
facet normal 0.0 0.0 1.0
outer loop
vertex 17.68136215209961 3.9247288703918457 11.5
vertex 14.854792594909668 1.8587499856948853 11.5
vertex 14.891397476196289 1.8114131689071655 11.5
endloop
endfacet
facet normal -0.0 0.0 1.0
outer loop
vertex 17.68136215209961 3.9247288703918457 11.5
vertex 14.891397476196289 1.8114131689071655 11.5
vertex 17.758609771728516 3.820604085922241 11.5
endloop
endfacet
facet normal 0.0 0.0 1.0
outer loop
vertex 17.758609771728516 3.820604085922241 11.5
vertex 14.891397476196289 1.8114131689071655 11.5
vertex 14.927050590515137 1.7633558511734009 11.5
endloop
endfacet
facet normal -0.0 0.0 1.0
outer loop
vertex 17.758609771728516 3.820604085922241 11.5
vertex 14.927050590515137 1.7633558511734009 11.5
vertex 17.83376693725586 3.7149596214294434 11.5
endloop
endfacet
facet normal 0.0 0.0 1.0
outer loop
vertex 17.83376693725586 3.7149596214294434 11.5
vertex 14.927050590515137 1.7633558511734009 11.5
vertex 14.961739540100098 1.7145967483520508 11.5
endloop
endfacet
facet normal -0.0 0.0 1.0
outer loop
vertex 17.83376693725586 3.7149596214294434 11.5
vertex 14.961739540100098 1.7145967483520508 11.5
vertex 17.906801223754883 3.607836961746216 11.5
endloop
endfacet
facet normal 0.0 0.0 1.0
outer loop
vertex 17.906801223754883 3.607836961746216 11.5
vertex 14.961739540100098 1.7145967483520508 11.5
vertex 14.995447158813477 1.6651555299758911 11.5
endloop
endfacet
facet normal -0.0 0.0 1.0
outer loop
vertex 17.906801223754883 3.607836961746216 11.5
vertex 14.995447158813477 1.6651555299758911 11.5
vertex 17.977685928344727 3.499279022216797 11.5
endloop
endfacet
facet normal 0.0 0.0 0.9999999999999999
outer loop
vertex 17.977685928344727 3.499279022216797 11.5
vertex 14.995447158813477 1.6651555299758911 11.5
vertex 15.028162956237793 1.6150518655776978 11.5
endloop
endfacet
facet normal -0.0 0.0 1.0
outer loop
vertex 17.977685928344727 3.499279022216797 11.5
vertex 15.028162956237793 1.6150518655776978 11.5
vertex 18.046390533447266 3.389328718185425 11.5
endloop
endfacet
facet normal 0.0 0.0 1.0
outer loop
vertex 18.046390533447266 3.389328718185425 11.5
vertex 15.028162956237793 1.6150518655776978 11.5
vertex 15.0598726272583 1.5643056631088257 11.5
endloop
endfacet
facet normal -0.0 0.0 1.0
outer loop
vertex 18.046390533447266 3.389328718185425 11.5
vertex 15.0598726272583 1.5643056631088257 11.5
vertex 18.11288833618164 3.2780301570892334 11.5
endloop
endfacet
facet normal 0.0 0.0 1.0
outer loop
vertex 18.11288833618164 3.2780301570892334 11.5
vertex 15.0598726272583 1.5643056631088257 11.5
vertex 15.090564727783203 1.512937068939209 11.5
endloop
endfacet
facet normal -0.0 0.0 1.0
outer loop
vertex 18.11288833618164 3.2780301570892334 11.5
vertex 15.090564727783203 1.512937068939209 11.5
vertex 18.177152633666992 3.1654274463653564 11.5
endloop
endfacet
facet normal 0.0 0.0 1.0
outer loop
vertex 18.177152633666992 3.1654274463653564 11.5
vertex 15.090564727783203 1.512937068939209 11.5
vertex 15.120224952697754 1.4609664678573608 11.5
endloop
endfacet
facet normal -0.0 0.0 1.0
outer loop
vertex 18.177152633666992 3.1654274463653564 11.5
vertex 15.120224952697754 1.4609664678573608 11.5
vertex 18.239158630371094 3.051565170288086 11.5
endloop
endfacet
facet normal 0.0 0.0 0.9999999999999999
outer loop
vertex 18.239158630371094 3.051565170288086 11.5
vertex 15.120224952697754 1.4609664678573608 11.5
vertex 15.148842811584473 1.4084147214889526 11.5
endloop
endfacet
facet normal -0.0 0.0 0.9999999999999999
outer loop
vertex 18.239158630371094 3.051565170288086 11.5
vertex 15.148842811584473 1.4084147214889526 11.5
vertex 18.29888153076172 2.9364888668060303 11.5
endloop
endfacet
facet normal 0.0 0.0 1.0
outer loop
vertex 18.29888153076172 2.9364888668060303 11.5
vertex 15.148842811584473 1.4084147214889526 11.5
vertex 15.176406860351562 1.3553025722503662 11.5
endloop
endfacet
facet normal -0.0 0.0 1.0
outer loop
vertex 18.29888153076172 2.9364888668060303 11.5
vertex 15.176406860351562 1.3553025722503662 11.5
vertex 18.35629653930664 2.820244312286377 11.5
endloop
endfacet
facet normal 0.0 0.0 0.9999999999999999
outer loop
vertex 18.35629653930664 2.820244312286377 11.5
vertex 15.176406860351562 1.3553025722503662 11.5
vertex 15.202906608581543 1.3016512393951416 11.5
endloop
endfacet
facet normal -0.0 0.0 1.0
outer loop
vertex 18.35629653930664 2.820244312286377 11.5
vertex 15.202906608581543 1.3016512393951416 11.5
vertex 18.4113826751709 2.7028775215148926 11.5
endloop
endfacet
facet normal 0.0 0.0 0.9999999999999999
outer loop
vertex 18.4113826751709 2.7028775215148926 11.5
vertex 15.202906608581543 1.3016512393951416 11.5
vertex 15.228330612182617 1.2474820613861084 11.5
endloop
endfacet
facet normal -0.0 0.0 1.0
outer loop
vertex 18.4113826751709 2.7028775215148926 11.5
vertex 15.228330612182617 1.2474820613861084 11.5
vertex 18.4641170501709 2.5844357013702393 11.5
endloop
endfacet
facet normal 0.0 0.0 1.0
outer loop
vertex 18.4641170501709 2.5844357013702393 11.5
vertex 15.228330612182617 1.2474820613861084 11.5
vertex 15.252669334411621 1.1928164958953857 11.5
endloop
endfacet
facet normal -0.0 0.0 1.0
outer loop
vertex 18.4641170501709 2.5844357013702393 11.5
vertex 15.252669334411621 1.1928164958953857 11.5
vertex 18.51447868347168 2.464965343475342 11.5
endloop
endfacet
facet normal 0.0 0.0 1.0
outer loop
vertex 18.51447868347168 2.464965343475342 11.5
vertex 15.252669334411621 1.1928164958953857 11.5
vertex 15.27591323852539 1.1376763582229614 11.5
endloop
endfacet
facet normal -0.0 0.0 0.9999999999999999
outer loop
vertex 18.51447868347168 2.464965343475342 11.5
vertex 15.27591323852539 1.1376763582229614 11.5
vertex 18.56244468688965 2.3445146083831787 11.5
endloop
endfacet
facet normal 0.0 0.0 1.0
outer loop
vertex 18.56244468688965 2.3445146083831787 11.5
vertex 15.27591323852539 1.1376763582229614 11.5
vertex 15.298051834106445 1.0820837020874023 11.5
endloop
endfacet
facet normal -0.0 0.0 0.9999999999999999
outer loop
vertex 18.56244468688965 2.3445146083831787 11.5
vertex 15.298051834106445 1.0820837020874023 11.5
vertex 18.608001708984375 2.223130941390991 11.5
endloop
endfacet
facet normal 0.0 0.0 0.9999999999999999
outer loop
vertex 18.608001708984375 2.223130941390991 11.5
vertex 15.298051834106445 1.0820837020874023 11.5
vertex 15.31907844543457 1.0260604619979858 11.5
endloop
endfacet
facet normal -0.0 0.0 1.0
outer loop
vertex 18.608001708984375 2.223130941390991 11.5
vertex 15.31907844543457 1.0260604619979858 11.5
vertex 18.651126861572266 2.100862741470337 11.5
endloop
endfacet
facet normal 0.0 0.0 1.0
outer loop
vertex 18.651126861572266 2.100862741470337 11.5
vertex 15.31907844543457 1.0260604619979858 11.5
vertex 15.338982582092285 0.9696289896965027 11.5
endloop
endfacet
facet normal -0.0 0.0 0.9999999999999999
outer loop
vertex 18.651126861572266 2.100862741470337 11.5
vertex 15.338982582092285 0.9696289896965027 11.5
vertex 18.69180679321289 1.977758765220642 11.5
endloop
endfacet
facet normal 0.0 0.0 1.0
outer loop
vertex 18.69180679321289 1.977758765220642 11.5
vertex 15.338982582092285 0.9696289896965027 11.5
vertex 15.357756614685059 0.9128116965293884 11.5
endloop
endfacet
facet normal -0.0 0.0 1.0
outer loop
vertex 18.69180679321289 1.977758765220642 11.5
vertex 15.357756614685059 0.9128116965293884 11.5
vertex 18.730022430419922 1.8538678884506226 11.5
endloop
endfacet
facet normal 0.0 0.0 1.0
outer loop
vertex 18.730022430419922 1.8538678884506226 11.5
vertex 15.357756614685059 0.9128116965293884 11.5
vertex 15.375394821166992 0.8556313514709473 11.5
endloop
endfacet
facet normal -0.0 0.0 1.0
outer loop
vertex 18.730022430419922 1.8538678884506226 11.5
vertex 15.375394821166992 0.8556313514709473 11.5
vertex 18.765758514404297 1.7292394638061523 11.5
endloop
endfacet
facet normal 0.0 0.0 1.0
outer loop
vertex 18.765758514404297 1.7292394638061523 11.5
vertex 15.375394821166992 0.8556313514709473 11.5
vertex 15.391888618469238 0.7981105446815491 11.5
endloop
endfacet
facet normal -0.0 0.0 1.0
outer loop
vertex 18.765758514404297 1.7292394638061523 11.5
vertex 15.391888618469238 0.7981105446815491 11.5
vertex 18.79900360107422 1.6039230823516846 11.5
endloop
endfacet
facet normal 0.0 0.0 1.0
outer loop
vertex 18.79900360107422 1.6039230823516846 11.5
vertex 15.391888618469238 0.7981105446815491 11.5
vertex 15.407231330871582 0.7402721643447876 11.5
endloop
endfacet
facet normal -0.0 0.0 1.0
outer loop
vertex 18.79900360107422 1.6039230823516846 11.5
vertex 15.407231330871582 0.7402721643447876 11.5
vertex 18.829740524291992 1.4779685735702515 11.5
endloop
endfacet
facet normal 0.0 0.0 1.0
outer loop
vertex 18.829740524291992 1.4779685735702515 11.5
vertex 15.407231330871582 0.7402721643447876 11.5
vertex 15.421418190002441 0.6821392774581909 11.5
endloop
endfacet
facet normal -0.0 0.0 1.0
outer loop
vertex 18.829740524291992 1.4779685735702515 11.5
vertex 15.421418190002441 0.6821392774581909 11.5
vertex 18.857959747314453 1.3514260053634644 11.5
endloop
endfacet
facet normal 0.0 0.0 0.9999999999999999
outer loop
vertex 18.857959747314453 1.3514260053634644 11.5
vertex 15.421418190002441 0.6821392774581909 11.5
vertex 15.434443473815918 0.6237350702285767 11.5
endloop
endfacet
facet normal -0.0 0.0 1.0
outer loop
vertex 18.857959747314453 1.3514260053634644 11.5
vertex 15.434443473815918 0.6237350702285767 11.5
vertex 18.883649826049805 1.2243458032608032 11.5
endloop
endfacet
facet normal 0.0 0.0 1.0
outer loop
vertex 18.883649826049805 1.2243458032608032 11.5
vertex 15.434443473815918 0.6237350702285767 11.5
vertex 15.44629955291748 0.5650826692581177 11.5
endloop
endfacet
facet normal -0.0 0.0 1.0
outer loop
vertex 18.883649826049805 1.2243458032608032 11.5
vertex 15.44629955291748 0.5650826692581177 11.5
vertex 18.90679931640625 1.096778392791748 11.5
endloop
endfacet
facet normal 0.0 0.0 0.9999999999999999
outer loop
vertex 18.90679931640625 1.096778392791748 11.5
vertex 15.44629955291748 0.5650826692581177 11.5
vertex 15.456984519958496 0.5062054395675659 11.5
endloop
endfacet
facet normal -0.0 0.0 0.9999999999999999
outer loop
vertex 18.90679931640625 1.096778392791748 11.5
vertex 15.456984519958496 0.5062054395675659 11.5
vertex 18.927400588989258 0.9687747359275818 11.5
endloop
endfacet
facet normal 0.0 0.0 1.0
outer loop
vertex 18.927400588989258 0.9687747359275818 11.5
vertex 15.456984519958496 0.5062054395675659 11.5
vertex 15.466492652893066 0.4471268057823181 11.5
endloop
endfacet
facet normal -0.0 0.0 1.0
outer loop
vertex 18.927400588989258 0.9687747359275818 11.5
vertex 15.466492652893066 0.4471268057823181 11.5
vertex 18.945444107055664 0.8403856158256531 11.5
endloop
endfacet
facet normal 0.0 0.0 0.9999999999999999
outer loop
vertex 18.945444107055664 0.8403856158256531 11.5
vertex 15.466492652893066 0.4471268057823181 11.5
vertex 15.474820137023926 0.38787028193473816 11.5
endloop
endfacet
facet normal -0.0 0.0 1.0
outer loop
vertex 18.945444107055664 0.8403856158256531 11.5
vertex 15.474820137023926 0.38787028193473816 11.5
vertex 18.960922241210938 0.7116621136665344 11.5
endloop
endfacet
facet normal 0.0 0.0 1.0
outer loop
vertex 18.960922241210938 0.7116621136665344 11.5
vertex 15.474820137023926 0.38787028193473816 11.5
vertex 15.481965065002441 0.3284594416618347 11.5
endloop
endfacet
facet normal -0.0 0.0 1.0
outer loop
vertex 18.960922241210938 0.7116621136665344 11.5
vertex 15.481965065002441 0.3284594416618347 11.5
vertex 18.973833084106445 0.5826554894447327 11.5
endloop
endfacet
facet normal 0.0 0.0 1.0
outer loop
vertex 18.973833084106445 0.5826554894447327 11.5
vertex 15.481965065002441 0.3284594416618347 11.5
vertex 15.487923622131348 0.2689179480075836 11.5
endloop
endfacet
facet normal -0.0 0.0 1.0
outer loop
vertex 18.973833084106445 0.5826554894447327 11.5
vertex 15.487923622131348 0.2689179480075836 11.5
vertex 18.984167098999023 0.4534170627593994 11.5
endloop
endfacet
facet normal 0.0 0.0 1.0
outer loop
vertex 18.984167098999023 0.4534170627593994 11.5
vertex 15.487923622131348 0.2689179480075836 11.5
vertex 15.492692947387695 0.2092694193124771 11.5
endloop
endfacet
facet normal -0.0 0.0 1.0
outer loop
vertex 18.984167098999023 0.4534170627593994 11.5
vertex 15.492692947387695 0.2092694193124771 11.5
vertex 18.991918563842773 0.32399824261665344 11.5
endloop
endfacet
facet normal 0.0 0.0 1.0
outer loop
vertex 18.991918563842773 0.32399824261665344 11.5
vertex 15.492692947387695 0.2092694193124771 11.5
vertex 15.496271133422852 0.14953766763210297 11.5
endloop
endfacet
facet normal -0.0 0.0 1.0
outer loop
vertex 18.991918563842773 0.32399824261665344 11.5
vertex 15.496271133422852 0.14953766763210297 11.5
vertex 18.997089385986328 0.1944505274295807 11.5
endloop
endfacet
facet normal 0.0 0.0 1.0
outer loop
vertex 18.997089385986328 0.1944505274295807 11.5
vertex 15.496271133422852 0.14953766763210297 11.5
vertex 15.498658180236816 0.0897464007139206 11.5
endloop
endfacet
facet normal 0.0 0.0 1.0
outer loop
vertex 18.997089385986328 0.1944505274295807 11.5
vertex 15.498658180236816 0.0897464007139206 11.5
vertex 18.999677658081055 0.06482544541358948 11.5
endloop
endfacet
facet normal 0.0 0.0 1.0
outer loop
vertex 18.999677658081055 0.06482544541358948 11.5
vertex 15.498658180236816 0.0897464007139206 11.5
vertex 15.499850273132324 0.02991943433880806 11.5
endloop
endfacet
facet normal 0.0 0.0 1.0
outer loop
vertex 18.999677658081055 0.06482544541358948 11.5
vertex 15.499850273132324 0.02991943433880806 11.5
vertex 19.0 2.388061375775967e-15 11.5
endloop
endfacet
facet normal 0.0 0.0 0.9999999999999999
outer loop
vertex 19.0 2.388061375775967e-15 11.5
vertex 15.499850273132324 0.02991943433880806 11.5
vertex 15.5 1.102182034977753e-15 11.5
endloop
endfacet
facet normal 0.0 0.0 1.0
outer loop
vertex 19.0 2.388061375775967e-15 11.5
vertex 15.5 1.102182034977753e-15 11.5
vertex 18.999677658081055 -0.06482544541358948 11.5
endloop
endfacet
facet normal 0.0 0.0 1.0
outer loop
vertex 18.999677658081055 -0.06482544541358948 11.5
vertex 15.5 1.102182034977753e-15 11.5
vertex 15.499850273132324 -0.02991943433880806 11.5
endloop
endfacet
facet normal 0.0 0.0 1.0
outer loop
vertex 18.999677658081055 -0.06482544541358948 11.5
vertex 15.499850273132324 -0.02991943433880806 11.5
vertex 18.997089385986328 -0.1944505274295807 11.5
endloop
endfacet
facet normal 0.0 0.0 1.0
outer loop
vertex 18.997089385986328 -0.1944505274295807 11.5
vertex 15.499850273132324 -0.02991943433880806 11.5
vertex 15.498658180236816 -0.0897464007139206 11.5
endloop
endfacet
facet normal 0.0 0.0 0.9999999999999999
outer loop
vertex 18.997089385986328 -0.1944505274295807 11.5
vertex 15.498658180236816 -0.0897464007139206 11.5
vertex 18.991918563842773 -0.32399824261665344 11.5
endloop
endfacet
facet normal 0.0 0.0 0.9999999999999999
outer loop
vertex 18.991918563842773 -0.32399824261665344 11.5
vertex 15.498658180236816 -0.0897464007139206 11.5
vertex 15.496271133422852 -0.14953766763210297 11.5
endloop
endfacet
facet normal 0.0 0.0 1.0
outer loop
vertex 18.991918563842773 -0.32399824261665344 11.5
vertex 15.496271133422852 -0.14953766763210297 11.5
vertex 18.984167098999023 -0.4534170627593994 11.5
endloop
endfacet
facet normal 0.0 0.0 1.0
outer loop
vertex 18.984167098999023 -0.4534170627593994 11.5
vertex 15.496271133422852 -0.14953766763210297 11.5
vertex 15.492692947387695 -0.2092694193124771 11.5
endloop
endfacet
facet normal 0.0 0.0 0.9999999999999999
outer loop
vertex 18.984167098999023 -0.4534170627593994 11.5
vertex 15.492692947387695 -0.2092694193124771 11.5
vertex 18.973833084106445 -0.5826554894447327 11.5
endloop
endfacet
facet normal 0.0 0.0 1.0
outer loop
vertex 18.973833084106445 -0.5826554894447327 11.5
vertex 15.492692947387695 -0.2092694193124771 11.5
vertex 15.487923622131348 -0.2689179480075836 11.5
endloop
endfacet
facet normal 0.0 0.0 1.0
outer loop
vertex 18.973833084106445 -0.5826554894447327 11.5
vertex 15.487923622131348 -0.2689179480075836 11.5
vertex 18.960922241210938 -0.7116621136665344 11.5
endloop
endfacet
facet normal 0.0 0.0 1.0
outer loop
vertex 18.960922241210938 -0.7116621136665344 11.5
vertex 15.487923622131348 -0.2689179480075836 11.5
vertex 15.481965065002441 -0.3284594416618347 11.5
endloop
endfacet
facet normal 0.0 0.0 0.9999999999999999
outer loop
vertex 18.960922241210938 -0.7116621136665344 11.5
vertex 15.481965065002441 -0.3284594416618347 11.5
vertex 18.945444107055664 -0.8403856158256531 11.5
endloop
endfacet
facet normal 0.0 0.0 1.0
outer loop
vertex 18.945444107055664 -0.8403856158256531 11.5
vertex 15.481965065002441 -0.3284594416618347 11.5
vertex 15.474820137023926 -0.38787028193473816 11.5
endloop
endfacet
facet normal 0.0 0.0 0.9999999999999999
outer loop
vertex 18.945444107055664 -0.8403856158256531 11.5
vertex 15.474820137023926 -0.38787028193473816 11.5
vertex 18.927400588989258 -0.9687747359275818 11.5
endloop
endfacet
facet normal 0.0 0.0 1.0
outer loop
vertex 18.927400588989258 -0.9687747359275818 11.5
vertex 15.474820137023926 -0.38787028193473816 11.5
vertex 15.466492652893066 -0.4471268057823181 11.5
endloop
endfacet
facet normal 0.0 0.0 1.0
outer loop
vertex 18.927400588989258 -0.9687747359275818 11.5
vertex 15.466492652893066 -0.4471268057823181 11.5
vertex 18.90679931640625 -1.096778392791748 11.5
endloop
endfacet
facet normal 0.0 0.0 1.0
outer loop
vertex 18.90679931640625 -1.096778392791748 11.5
vertex 15.466492652893066 -0.4471268057823181 11.5
vertex 15.456984519958496 -0.5062054395675659 11.5
endloop
endfacet
facet normal 0.0 0.0 0.9999999999999999
outer loop
vertex 18.90679931640625 -1.096778392791748 11.5
vertex 15.456984519958496 -0.5062054395675659 11.5
vertex 18.883649826049805 -1.2243458032608032 11.5
endloop
endfacet
facet normal 0.0 0.0 1.0
outer loop
vertex 18.883649826049805 -1.2243458032608032 11.5
vertex 15.456984519958496 -0.5062054395675659 11.5
vertex 15.44629955291748 -0.5650826692581177 11.5
endloop
endfacet
facet normal 0.0 0.0 1.0
outer loop
vertex 18.883649826049805 -1.2243458032608032 11.5
vertex 15.44629955291748 -0.5650826692581177 11.5
vertex 18.857959747314453 -1.3514260053634644 11.5
endloop
endfacet
facet normal 0.0 0.0 1.0
outer loop
vertex 18.857959747314453 -1.3514260053634644 11.5
vertex 15.44629955291748 -0.5650826692581177 11.5
vertex 15.434443473815918 -0.6237350702285767 11.5
endloop
endfacet
facet normal 0.0 0.0 0.9999999999999999
outer loop
vertex 18.857959747314453 -1.3514260053634644 11.5
vertex 15.434443473815918 -0.6237350702285767 11.5
vertex 18.829740524291992 -1.4779685735702515 11.5
endloop
endfacet
facet normal 0.0 0.0 1.0
outer loop
vertex 18.829740524291992 -1.4779685735702515 11.5
vertex 15.434443473815918 -0.6237350702285767 11.5
vertex 15.421418190002441 -0.6821392774581909 11.5
endloop
endfacet
facet normal 0.0 0.0 1.0
outer loop
vertex 18.829740524291992 -1.4779685735702515 11.5
vertex 15.421418190002441 -0.6821392774581909 11.5
vertex 18.79900360107422 -1.6039230823516846 11.5
endloop
endfacet
facet normal 0.0 0.0 1.0
outer loop
vertex 18.79900360107422 -1.6039230823516846 11.5
vertex 15.421418190002441 -0.6821392774581909 11.5
vertex 15.407231330871582 -0.7402721643447876 11.5
endloop
endfacet
facet normal 0.0 0.0 0.9999999999999999
outer loop
vertex 18.79900360107422 -1.6039230823516846 11.5
vertex 15.407231330871582 -0.7402721643447876 11.5
vertex 18.765758514404297 -1.7292394638061523 11.5
endloop
endfacet
facet normal 0.0 0.0 1.0
outer loop
vertex 18.765758514404297 -1.7292394638061523 11.5
vertex 15.407231330871582 -0.7402721643447876 11.5
vertex 15.391888618469238 -0.7981105446815491 11.5
endloop
endfacet
facet normal 0.0 0.0 1.0
outer loop
vertex 18.765758514404297 -1.7292394638061523 11.5
vertex 15.391888618469238 -0.7981105446815491 11.5
vertex 18.730022430419922 -1.8538678884506226 11.5
endloop
endfacet
facet normal 0.0 0.0 1.0
outer loop
vertex 18.730022430419922 -1.8538678884506226 11.5
vertex 15.391888618469238 -0.7981105446815491 11.5
vertex 15.375394821166992 -0.8556313514709473 11.5
endloop
endfacet
facet normal 0.0 0.0 0.9999999999999999
outer loop
vertex 18.730022430419922 -1.8538678884506226 11.5
vertex 15.375394821166992 -0.8556313514709473 11.5
vertex 18.69180679321289 -1.977758765220642 11.5
endloop
endfacet
facet normal 0.0 0.0 1.0
outer loop
vertex 18.69180679321289 -1.977758765220642 11.5
vertex 15.375394821166992 -0.8556313514709473 11.5
vertex 15.357756614685059 -0.9128116965293884 11.5
endloop
endfacet
facet normal 0.0 0.0 0.9999999999999999
outer loop
vertex 18.69180679321289 -1.977758765220642 11.5
vertex 15.357756614685059 -0.9128116965293884 11.5
vertex 18.651126861572266 -2.100862741470337 11.5
endloop
endfacet
facet normal 0.0 0.0 1.0
outer loop
vertex 18.651126861572266 -2.100862741470337 11.5
vertex 15.357756614685059 -0.9128116965293884 11.5
vertex 15.338982582092285 -0.9696289896965027 11.5
endloop
endfacet
facet normal 0.0 0.0 1.0
outer loop
vertex 18.651126861572266 -2.100862741470337 11.5
vertex 15.338982582092285 -0.9696289896965027 11.5
vertex 18.608001708984375 -2.223130941390991 11.5
endloop
endfacet
facet normal 0.0 0.0 0.9999999999999999
outer loop
vertex 18.608001708984375 -2.223130941390991 11.5
vertex 15.338982582092285 -0.9696289896965027 11.5
vertex 15.31907844543457 -1.0260604619979858 11.5
endloop
endfacet
facet normal 0.0 0.0 1.0
outer loop
vertex 18.608001708984375 -2.223130941390991 11.5
vertex 15.31907844543457 -1.0260604619979858 11.5
vertex 18.56244468688965 -2.3445146083831787 11.5
endloop
endfacet
facet normal 0.0 0.0 1.0
outer loop
vertex 18.56244468688965 -2.3445146083831787 11.5
vertex 15.31907844543457 -1.0260604619979858 11.5
vertex 15.298051834106445 -1.0820837020874023 11.5
endloop
endfacet
facet normal 0.0 0.0 1.0
outer loop
vertex 18.56244468688965 -2.3445146083831787 11.5
vertex 15.298051834106445 -1.0820837020874023 11.5
vertex 18.51447868347168 -2.464965343475342 11.5
endloop
endfacet
facet normal 0.0 0.0 1.0
outer loop
vertex 18.51447868347168 -2.464965343475342 11.5
vertex 15.298051834106445 -1.0820837020874023 11.5
vertex 15.27591323852539 -1.1376763582229614 11.5
endloop
endfacet
facet normal 0.0 0.0 1.0
outer loop
vertex 18.51447868347168 -2.464965343475342 11.5
vertex 15.27591323852539 -1.1376763582229614 11.5
vertex 18.4641170501709 -2.5844357013702393 11.5
endloop
endfacet
facet normal 0.0 0.0 1.0
outer loop
vertex 18.4641170501709 -2.5844357013702393 11.5
vertex 15.27591323852539 -1.1376763582229614 11.5
vertex 15.252669334411621 -1.1928164958953857 11.5
endloop
endfacet
facet normal 0.0 0.0 1.0
outer loop
vertex 18.4641170501709 -2.5844357013702393 11.5
vertex 15.252669334411621 -1.1928164958953857 11.5
vertex 18.4113826751709 -2.7028775215148926 11.5
endloop
endfacet
facet normal 0.0 0.0 1.0
outer loop
vertex 18.4113826751709 -2.7028775215148926 11.5
vertex 15.252669334411621 -1.1928164958953857 11.5
vertex 15.228330612182617 -1.2474820613861084 11.5
endloop
endfacet
facet normal 0.0 0.0 1.0
outer loop
vertex 18.4113826751709 -2.7028775215148926 11.5
vertex 15.228330612182617 -1.2474820613861084 11.5
vertex 18.35629653930664 -2.820244312286377 11.5
endloop
endfacet
facet normal 0.0 0.0 1.0
outer loop
vertex 18.35629653930664 -2.820244312286377 11.5
vertex 15.228330612182617 -1.2474820613861084 11.5
vertex 15.202906608581543 -1.3016512393951416 11.5
endloop
endfacet
facet normal 0.0 0.0 1.0
outer loop
vertex 18.35629653930664 -2.820244312286377 11.5
vertex 15.202906608581543 -1.3016512393951416 11.5
vertex 18.29888153076172 -2.9364888668060303 11.5
endloop
endfacet
facet normal 0.0 0.0 1.0
outer loop
vertex 18.29888153076172 -2.9364888668060303 11.5
vertex 15.202906608581543 -1.3016512393951416 11.5
vertex 15.176406860351562 -1.3553025722503662 11.5
endloop
endfacet
facet normal 0.0 0.0 0.9999999999999999
outer loop
vertex 18.29888153076172 -2.9364888668060303 11.5
vertex 15.176406860351562 -1.3553025722503662 11.5
vertex 18.239158630371094 -3.051565170288086 11.5
endloop
endfacet
facet normal 0.0 0.0 1.0
outer loop
vertex 18.239158630371094 -3.051565170288086 11.5
vertex 15.176406860351562 -1.3553025722503662 11.5
vertex 15.148842811584473 -1.4084147214889526 11.5
endloop
endfacet
facet normal 0.0 0.0 1.0
outer loop
vertex 18.239158630371094 -3.051565170288086 11.5
vertex 15.148842811584473 -1.4084147214889526 11.5
vertex 18.177152633666992 -3.1654274463653564 11.5
endloop
endfacet
facet normal 0.0 0.0 1.0
outer loop
vertex 18.177152633666992 -3.1654274463653564 11.5
vertex 15.148842811584473 -1.4084147214889526 11.5
vertex 15.120224952697754 -1.4609664678573608 11.5
endloop
endfacet
facet normal 0.0 0.0 1.0
outer loop
vertex 18.177152633666992 -3.1654274463653564 11.5
vertex 15.120224952697754 -1.4609664678573608 11.5
vertex 18.11288833618164 -3.2780301570892334 11.5
endloop
endfacet
facet normal 0.0 0.0 1.0
outer loop
vertex 18.11288833618164 -3.2780301570892334 11.5
vertex 15.120224952697754 -1.4609664678573608 11.5
vertex 15.090564727783203 -1.512937068939209 11.5
endloop
endfacet
facet normal 0.0 0.0 1.0
outer loop
vertex 18.11288833618164 -3.2780301570892334 11.5
vertex 15.090564727783203 -1.512937068939209 11.5
vertex 18.046390533447266 -3.389328718185425 11.5
endloop
endfacet
facet normal 0.0 0.0 1.0
outer loop
vertex 18.046390533447266 -3.389328718185425 11.5
vertex 15.090564727783203 -1.512937068939209 11.5
vertex 15.0598726272583 -1.5643056631088257 11.5
endloop
endfacet
facet normal 0.0 0.0 0.9999999999999999
outer loop
vertex 18.046390533447266 -3.389328718185425 11.5
vertex 15.0598726272583 -1.5643056631088257 11.5
vertex 17.977685928344727 -3.499279022216797 11.5
endloop
endfacet
facet normal 0.0 0.0 1.0
outer loop
vertex 17.977685928344727 -3.499279022216797 11.5
vertex 15.0598726272583 -1.5643056631088257 11.5
vertex 15.028162956237793 -1.6150518655776978 11.5
endloop
endfacet
facet normal 0.0 0.0 0.9999999999999999
outer loop
vertex 17.977685928344727 -3.499279022216797 11.5
vertex 15.028162956237793 -1.6150518655776978 11.5
vertex 17.906801223754883 -3.607836961746216 11.5
endloop
endfacet
facet normal 0.0 0.0 0.9999999999999999
outer loop
vertex 17.906801223754883 -3.607836961746216 11.5
vertex 15.028162956237793 -1.6150518655776978 11.5
vertex 14.995447158813477 -1.6651555299758911 11.5
endloop
endfacet
facet normal 0.0 0.0 1.0
outer loop
vertex 17.906801223754883 -3.607836961746216 11.5
vertex 14.995447158813477 -1.6651555299758911 11.5
vertex 17.83376693725586 -3.7149596214294434 11.5
endloop
endfacet
facet normal 0.0 0.0 1.0
outer loop
vertex 17.83376693725586 -3.7149596214294434 11.5
vertex 14.995447158813477 -1.6651555299758911 11.5
vertex 14.961739540100098 -1.7145967483520508 11.5
endloop
endfacet
facet normal 0.0 0.0 0.9999999999999999
outer loop
vertex 17.83376693725586 -3.7149596214294434 11.5
vertex 14.961739540100098 -1.7145967483520508 11.5
vertex 17.758609771728516 -3.820604085922241 11.5
endloop
endfacet
facet normal 0.0 0.0 1.0
outer loop
vertex 17.758609771728516 -3.820604085922241 11.5
vertex 14.961739540100098 -1.7145967483520508 11.5
vertex 14.927050590515137 -1.7633558511734009 11.5
endloop
endfacet
facet normal 0.0 0.0 1.0
outer loop
vertex 17.758609771728516 -3.820604085922241 11.5
vertex 14.927050590515137 -1.7633558511734009 11.5
vertex 17.68136215209961 -3.9247288703918457 11.5
endloop
endfacet
facet normal 0.0 0.0 1.0
outer loop
vertex 17.68136215209961 -3.9247288703918457 11.5
vertex 14.927050590515137 -1.7633558511734009 11.5
vertex 14.891397476196289 -1.8114131689071655 11.5
endloop
endfacet
facet normal 0.0 0.0 1.0
outer loop
vertex 17.68136215209961 -3.9247288703918457 11.5
vertex 14.891397476196289 -1.8114131689071655 11.5
vertex 17.60205078125 -4.027291774749756 11.5
endloop
endfacet
facet normal 0.0 0.0 0.9999999999999999
outer loop
vertex 17.60205078125 -4.027291774749756 11.5
vertex 14.891397476196289 -1.8114131689071655 11.5
vertex 14.854792594909668 -1.8587499856948853 11.5
endloop
endfacet
facet normal 0.0 0.0 0.9999999999999999
outer loop
vertex 17.60205078125 -4.027291774749756 11.5
vertex 14.854792594909668 -1.8587499856948853 11.5
vertex 17.520709991455078 -4.1282525062561035 11.5
endloop
endfacet
facet normal 0.0 0.0 1.0
outer loop
vertex 17.520709991455078 -4.1282525062561035 11.5
vertex 14.854792594909668 -1.8587499856948853 11.5
vertex 14.817251205444336 -1.9053473472595215 11.5
endloop
endfacet
facet normal 0.0 0.0 1.0
outer loop
vertex 17.520709991455078 -4.1282525062561035 11.5
vertex 14.817251205444336 -1.9053473472595215 11.5
vertex 17.4373722076416 -4.227570533752441 11.5
endloop
endfacet
facet normal 0.0 0.0 0.9999999999999999
outer loop
vertex 17.4373722076416 -4.227570533752441 11.5
vertex 14.817251205444336 -1.9053473472595215 11.5
vertex 14.778787612915039 -1.9511865377426147 11.5
endloop
endfacet
facet normal 0.0 0.0 0.9999999999999999
outer loop
vertex 17.4373722076416 -4.227570533752441 11.5
vertex 14.778787612915039 -1.9511865377426147 11.5
vertex 17.352069854736328 -4.325207233428955 11.5
endloop
endfacet
facet normal 0.0 0.0 1.0
outer loop
vertex 17.352069854736328 -4.325207233428955 11.5
vertex 14.778787612915039 -1.9511865377426147 11.5
vertex 14.739416122436523 -1.9962494373321533 11.5
endloop
endfacet
facet normal 0.0 0.0 0.9999999999999999
outer loop
vertex 17.352069854736328 -4.325207233428955 11.5
vertex 14.739416122436523 -1.9962494373321533 11.5
vertex 17.26483726501465 -4.421123027801514 11.5
endloop
endfacet
facet normal 0.0 0.0 1.0
outer loop
vertex 17.26483726501465 -4.421123027801514 11.5
vertex 14.739416122436523 -1.9962494373321533 11.5
vertex 14.699155807495117 -2.040518283843994 11.5
endloop
endfacet
facet normal 0.0 0.0 1.0
outer loop
vertex 17.26483726501465 -4.421123027801514 11.5
vertex 14.699155807495117 -2.040518283843994 11.5
vertex 17.175708770751953 -4.515279769897461 11.5
endloop
endfacet
facet normal 0.0 0.0 0.9999999999999999
outer loop
vertex 17.175708770751953 -4.515279769897461 11.5
vertex 14.699155807495117 -2.040518283843994 11.5
vertex 14.658019065856934 -2.083975076675415 11.5
endloop
endfacet
facet normal 0.0 0.0 1.0
outer loop
vertex 17.175708770751953 -4.515279769897461 11.5
vertex 14.658019065856934 -2.083975076675415 11.5
vertex 17.084718704223633 -4.607639789581299 11.5
endloop
endfacet
facet normal 0.0 0.0 1.0
outer loop
vertex 17.084718704223633 -4.607639789581299 11.5
vertex 14.658019065856934 -2.083975076675415 11.5
vertex 14.6160249710083 -2.1266028881073 11.5
endloop
endfacet
facet normal 0.0 0.0 0.9999999999999999
outer loop
vertex 17.084718704223633 -4.607639789581299 11.5
vertex 14.6160249710083 -2.1266028881073 11.5
vertex 16.991907119750977 -4.698166847229004 11.5
endloop
endfacet
facet normal 0.0 0.0 1.0
outer loop
vertex 16.991907119750977 -4.698166847229004 11.5
vertex 14.6160249710083 -2.1266028881073 11.5
vertex 14.573187828063965 -2.168384552001953 11.5
endloop
endfacet
facet normal 0.0 0.0 1.0
outer loop
vertex 16.991907119750977 -4.698166847229004 11.5
vertex 14.573187828063965 -2.168384552001953 11.5
vertex 16.897308349609375 -4.7868242263793945 11.5
endloop
endfacet
facet normal 0.0 0.0 1.0
outer loop
vertex 16.897308349609375 -4.7868242263793945 11.5
vertex 14.573187828063965 -2.168384552001953 11.5
vertex 14.529525756835938 -2.209303617477417 11.5
endloop
endfacet
facet normal 0.0 0.0 1.0
outer loop
vertex 16.897308349609375 -4.7868242263793945 11.5
vertex 14.529525756835938 -2.209303617477417 11.5
vertex 16.80095863342285 -4.873578071594238 11.5
endloop
endfacet
facet normal 0.0 0.0 1.0
outer loop
vertex 16.80095863342285 -4.873578071594238 11.5
vertex 14.529525756835938 -2.209303617477417 11.5
vertex 14.485057830810547 -2.2493436336517334 11.5
endloop
endfacet
facet normal 0.0 0.0 1.0
outer loop
vertex 16.80095863342285 -4.873578071594238 11.5
vertex 14.485057830810547 -2.2493436336517334 11.5
vertex 16.702898025512695 -4.958392143249512 11.5
endloop
endfacet
facet normal 0.0 0.0 1.0
outer loop
vertex 16.702898025512695 -4.958392143249512 11.5
vertex 14.485057830810547 -2.2493436336517334 11.5
vertex 14.439799308776855 -2.2884886264801025 11.5
endloop
endfacet
facet normal 0.0 0.0 1.0
outer loop
vertex 16.702898025512695 -4.958392143249512 11.5
vertex 14.439799308776855 -2.2884886264801025 11.5
vertex 16.603164672851562 -5.041233539581299 11.5
endloop
endfacet
facet normal 0.0 0.0 1.0
outer loop
vertex 16.603164672851562 -5.041233539581299 11.5
vertex 14.439799308776855 -2.2884886264801025 11.5
vertex 14.393768310546875 -2.326723337173462 11.5
endloop
endfacet
facet normal 0.0 0.0 1.0
outer loop
vertex 16.603164672851562 -5.041233539581299 11.5
vertex 14.393768310546875 -2.326723337173462 11.5
vertex 16.501798629760742 -5.122069835662842 11.5
endloop
endfacet
facet normal 0.0 0.0 0.9999999999999999
outer loop
vertex 16.501798629760742 -5.122069835662842 11.5
vertex 14.393768310546875 -2.326723337173462 11.5
vertex 14.346983909606934 -2.36403226852417 11.5
endloop
endfacet
facet normal 0.0 0.0 1.0
outer loop
vertex 16.501798629760742 -5.122069835662842 11.5
vertex 14.346983909606934 -2.36403226852417 11.5
vertex 16.398841857910156 -5.200868129730225 11.5
endloop
endfacet
facet normal 0.0 0.0 1.0
outer loop
vertex 16.398841857910156 -5.200868129730225 11.5
vertex 14.346983909606934 -2.36403226852417 11.5
vertex 14.29946517944336 -2.4004006385803223 11.5
endloop
endfacet
facet normal 0.0 0.0 1.0
outer loop
vertex 16.398841857910156 -5.200868129730225 11.5
vertex 14.29946517944336 -2.4004006385803223 11.5
vertex 16.294334411621094 -5.277596950531006 11.5
endloop
endfacet
facet normal 0.0 0.0 1.0
outer loop
vertex 16.294334411621094 -5.277596950531006 11.5
vertex 14.29946517944336 -2.4004006385803223 11.5
vertex 14.25123119354248 -2.435814142227173 11.5
endloop
endfacet
facet normal 0.0 0.0 1.0
outer loop
vertex 16.294334411621094 -5.277596950531006 11.5
vertex 14.25123119354248 -2.435814142227173 11.5
vertex 16.188316345214844 -5.352226257324219 11.5
endloop
endfacet
facet normal 0.0 0.0 1.0
outer loop
vertex 16.188316345214844 -5.352226257324219 11.5
vertex 14.25123119354248 -2.435814142227173 11.5
vertex 14.202299118041992 -2.4702584743499756 11.5
endloop
endfacet
facet normal 0.0 0.0 1.0
outer loop
vertex 16.188316345214844 -5.352226257324219 11.5
vertex 14.202299118041992 -2.4702584743499756 11.5
vertex 16.080829620361328 -5.424726486206055 11.5
endloop
endfacet
facet normal 0.0 0.0 1.0
outer loop
vertex 16.080829620361328 -5.424726486206055 11.5
vertex 14.202299118041992 -2.4702584743499756 11.5
vertex 14.152690887451172 -2.5037195682525635 11.5
endloop
endfacet
facet normal 0.0 0.0 0.9999999999999999
outer loop
vertex 16.080829620361328 -5.424726486206055 11.5
vertex 14.152690887451172 -2.5037195682525635 11.5
vertex 15.971919059753418 -5.495067596435547 11.5
endloop
endfacet
facet normal 0.0 0.0 1.0
outer loop
vertex 15.971919059753418 -5.495067596435547 11.5
vertex 14.152690887451172 -2.5037195682525635 11.5
vertex 14.102424621582031 -2.5361850261688232 11.5
endloop
endfacet
facet normal 0.0 0.0 1.0
outer loop
vertex 15.971919059753418 -5.495067596435547 11.5
vertex 14.102424621582031 -2.5361850261688232 11.5
vertex 15.861628532409668 -5.563223361968994 11.5
endloop
endfacet
facet normal 0.0 0.0 0.9999999999999999
outer loop
vertex 15.861628532409668 -5.563223361968994 11.5
vertex 14.102424621582031 -2.5361850261688232 11.5
vertex 14.051521301269531 -2.567641496658325 11.5
endloop
endfacet
facet normal 0.0 0.0 1.0
outer loop
vertex 15.861628532409668 -5.563223361968994 11.5
vertex 14.051521301269531 -2.567641496658325 11.5
vertex 15.75 -5.629165172576904 11.5
endloop
endfacet
facet normal 0.0 0.0 1.0
outer loop
vertex 15.75 -5.629165172576904 11.5
vertex 14.051521301269531 -2.567641496658325 11.5
vertex 14.0 -2.598076105117798 11.5
endloop
endfacet
facet normal 0.0 0.0 0.9999999999999999
outer loop
vertex 15.75 -5.629165172576904 11.5
vertex 14.0 -2.598076105117798 11.5
vertex 15.637077331542969 -5.692867755889893 11.5
endloop
endfacet
facet normal 0.0 0.0 0.9999999999999999
outer loop
vertex 15.637077331542969 -5.692867755889893 11.5
vertex 14.0 -2.598076105117798 11.5
vertex 13.947881698608398 -2.6274771690368652 11.5
endloop
endfacet
facet normal 0.0 0.0 1.0
outer loop
vertex 15.637077331542969 -5.692867755889893 11.5
vertex 13.947881698608398 -2.6274771690368652 11.5
vertex 15.522908210754395 -5.754304885864258 11.5
endloop
endfacet
facet normal 0.0 0.0 1.0
outer loop
vertex 15.522908210754395 -5.754304885864258 11.5
vertex 13.947881698608398 -2.6274771690368652 11.5
vertex 13.895188331604004 -2.6558330059051514 11.5
endloop
endfacet
facet normal 0.0 0.0 1.0
outer loop
vertex 15.522908210754395 -5.754304885864258 11.5
vertex 13.895188331604004 -2.6558330059051514 11.5
vertex 15.407535552978516 -5.813453197479248 11.5
endloop
endfacet
facet normal 0.0 0.0 1.0
outer loop
vertex 15.407535552978516 -5.813453197479248 11.5
vertex 13.895188331604004 -2.6558330059051514 11.5
vertex 13.841938972473145 -2.6831321716308594 11.5
endloop
endfacet
facet normal 0.0 0.0 0.9999999999999999
outer loop
vertex 15.407535552978516 -5.813453197479248 11.5
vertex 13.841938972473145 -2.6831321716308594 11.5
vertex 15.291006088256836 -5.870288372039795 11.5
endloop
endfacet
facet normal 0.0 0.0 0.9999999999999999
outer loop
vertex 15.291006088256836 -5.870288372039795 11.5
vertex 13.841938972473145 -2.6831321716308594 11.5
vertex 13.788156509399414 -2.7093639373779297 11.5
endloop
endfacet
facet normal 0.0 0.0 0.9999999999999999
outer loop
vertex 15.291006088256836 -5.870288372039795 11.5
vertex 13.788156509399414 -2.7093639373779297 11.5
vertex 15.17336654663086 -5.924787998199463 11.5
endloop
endfacet
facet normal 0.0 0.0 0.9999999999999999
outer loop
vertex 15.17336654663086 -5.924787998199463 11.5
vertex 13.788156509399414 -2.7093639373779297 11.5
vertex 13.733860969543457 -2.7345173358917236 11.5
endloop
endfacet
facet normal 0.0 0.0 1.0
outer loop
vertex 15.17336654663086 -5.924787998199463 11.5
vertex 13.733860969543457 -2.7345173358917236 11.5
vertex 15.054662704467773 -5.976930618286133 11.5
endloop
endfacet
facet normal 0.0 0.0 1.0
outer loop
vertex 15.054662704467773 -5.976930618286133 11.5
vertex 13.733860969543457 -2.7345173358917236 11.5
vertex 13.679075241088867 -2.7585833072662354 11.5
endloop
endfacet
facet normal 0.0 0.0 1.0
outer loop
vertex 15.054662704467773 -5.976930618286133 11.5
vertex 13.679075241088867 -2.7585833072662354 11.5
vertex 14.934943199157715 -6.026695251464844 11.5
endloop
endfacet
facet normal 0.0 0.0 1.0
outer loop
vertex 14.934943199157715 -6.026695251464844 11.5
vertex 13.679075241088867 -2.7585833072662354 11.5
vertex 13.623819351196289 -2.7815515995025635 11.5
endloop
endfacet
facet normal 0.0 0.0 1.0
outer loop
vertex 14.934943199157715 -6.026695251464844 11.5
vertex 13.623819351196289 -2.7815515995025635 11.5
vertex 14.814253807067871 -6.074061393737793 11.5
endloop
endfacet
facet normal 0.0 0.0 1.0
outer loop
vertex 14.814253807067871 -6.074061393737793 11.5
vertex 13.623819351196289 -2.7815515995025635 11.5
vertex 13.568117141723633 -2.803413152694702 11.5
endloop
endfacet
facet normal 0.0 0.0 0.9999999999999999
outer loop
vertex 14.814253807067871 -6.074061393737793 11.5
vertex 13.568117141723633 -2.803413152694702 11.5
vertex 14.692644119262695 -6.119011878967285 11.5
endloop
endfacet
facet normal 0.0 0.0 1.0
outer loop
vertex 14.692644119262695 -6.119011878967285 11.5
vertex 13.568117141723633 -2.803413152694702 11.5
vertex 13.511990547180176 -2.8241593837738037 11.5
endloop
endfacet
facet normal 0.0 0.0 1.0
outer loop
vertex 14.692644119262695 -6.119011878967285 11.5
vertex 13.511990547180176 -2.8241593837738037 11.5
vertex 14.57016372680664 -6.161527633666992 11.5
endloop
endfacet
facet normal 0.0 0.0 1.0
outer loop
vertex 14.57016372680664 -6.161527633666992 11.5
vertex 13.511990547180176 -2.8241593837738037 11.5
vertex 13.455459594726562 -2.8437821865081787 11.5
endloop
endfacet
facet normal 0.0 0.0 0.9999999999999999
outer loop
vertex 14.57016372680664 -6.161527633666992 11.5
vertex 13.455459594726562 -2.8437821865081787 11.5
vertex 14.446858406066895 -6.201592445373535 11.5
endloop
endfacet
facet normal 0.0 0.0 0.9999999999999999
outer loop
vertex 14.446858406066895 -6.201592445373535 11.5
vertex 13.455459594726562 -2.8437821865081787 11.5
vertex 13.39854907989502 -2.8622732162475586 11.5
endloop
endfacet
facet normal 0.0 0.0 1.0
outer loop
vertex 14.446858406066895 -6.201592445373535 11.5
vertex 13.39854907989502 -2.8622732162475586 11.5
vertex 14.32277774810791 -6.239189147949219 11.5
endloop
endfacet
facet normal 0.0 0.0 0.9999999999999999
outer loop
vertex 14.32277774810791 -6.239189147949219 11.5
vertex 13.39854907989502 -2.8622732162475586 11.5
vertex 13.341282844543457 -2.8796255588531494 11.5
endloop
endfacet
facet normal 0.0 0.0 1.0
outer loop
vertex 14.32277774810791 -6.239189147949219 11.5
vertex 13.341282844543457 -2.8796255588531494 11.5
vertex 14.197972297668457 -6.274303913116455 11.5
endloop
endfacet
facet normal 0.0 0.0 1.0
outer loop
vertex 14.197972297668457 -6.274303913116455 11.5
vertex 13.341282844543457 -2.8796255588531494 11.5
vertex 13.283679962158203 -2.8958325386047363 11.5
endloop
endfacet
facet normal 0.0 0.0 0.9999999999999999
outer loop
vertex 14.197972297668457 -6.274303913116455 11.5
vertex 13.283679962158203 -2.8958325386047363 11.5
vertex 14.072492599487305 -6.30692195892334 11.5
endloop
endfacet
facet normal 0.0 0.0 1.0
outer loop
vertex 14.072492599487305 -6.30692195892334 11.5
vertex 13.283679962158203 -2.8958325386047363 11.5
vertex 13.2257661819458 -2.9108872413635254 11.5
endloop
endfacet
facet normal 0.0 0.0 1.0
outer loop
vertex 14.072492599487305 -6.30692195892334 11.5
vertex 13.2257661819458 -2.9108872413635254 11.5
vertex 13.946386337280273 -6.337031364440918 11.5
endloop
endfacet
facet normal 0.0 0.0 1.0
outer loop
vertex 13.946386337280273 -6.337031364440918 11.5
vertex 13.2257661819458 -2.9108872413635254 11.5
vertex 13.167562484741211 -2.924783706665039 11.5
endloop
endfacet
facet normal 0.0 0.0 0.9999999999999999
outer loop
vertex 13.946386337280273 -6.337031364440918 11.5
vertex 13.167562484741211 -2.924783706665039 11.5
vertex 13.81970500946045 -6.364619255065918 11.5
endloop
endfacet
facet normal 0.0 0.0 0.9999999999999999
outer loop
vertex 13.81970500946045 -6.364619255065918 11.5
vertex 13.167562484741211 -2.924783706665039 11.5
vertex 13.109094619750977 -2.937516689300537 11.5
endloop
endfacet
facet normal 0.0 0.0 0.9999999999999999
outer loop
vertex 13.81970500946045 -6.364619255065918 11.5
vertex 13.109094619750977 -2.937516689300537 11.5
vertex 13.692497253417969 -6.389675140380859 11.5
endloop
endfacet
facet normal 0.0 0.0 1.0
outer loop
vertex 13.692497253417969 -6.389675140380859 11.5
vertex 13.109094619750977 -2.937516689300537 11.5
vertex 13.050383567810059 -2.9490809440612793 11.5
endloop
endfacet
facet normal 0.0 0.0 1.0
outer loop
vertex 13.692497253417969 -6.389675140380859 11.5
vertex 13.050383567810059 -2.9490809440612793 11.5
vertex 13.56481647491455 -6.41218900680542 11.5
endloop
endfacet
facet normal 0.0 0.0 1.0
outer loop
vertex 13.56481647491455 -6.41218900680542 11.5
vertex 13.050383567810059 -2.9490809440612793 11.5
vertex 12.991453170776367 -2.9594719409942627 11.5
endloop
endfacet
facet normal 0.0 0.0 1.0
outer loop
vertex 13.56481647491455 -6.41218900680542 11.5
vertex 12.991453170776367 -2.9594719409942627 11.5
vertex 13.436711311340332 -6.4321513175964355 11.5
endloop
endfacet
facet normal 0.0 0.0 1.0
outer loop
vertex 13.436711311340332 -6.4321513175964355 11.5
vertex 12.991453170776367 -2.9594719409942627 11.5
vertex 12.932328224182129 -2.9686851501464844 11.5
endloop
endfacet
facet normal 0.0 -0.0 0.9999999999999999
outer loop
vertex 6.854698657989502 -3.221889019012451 11.5
vertex 9.894475936889648 -1.4870256185531616 11.5
vertex 6.791560173034668 -3.1086509227752686 11.5
endloop
endfacet
facet normal 0.0 -0.0 1.0
outer loop
vertex 6.791560173034668 -3.1086509227752686 11.5
vertex 9.894475936889648 -1.4870256185531616 11.5
vertex 9.865335464477539 -1.434761881828308 11.5
endloop
endfacet
facet normal 0.0 -0.0 1.0
outer loop
vertex 6.791560173034668 -3.1086509227752686 11.5
vertex 9.865335464477539 -1.434761881828308 11.5
vertex 6.730692386627197 -2.994175910949707 11.5
endloop
endfacet
facet normal 0.0 -0.0 1.0
outer loop
vertex 6.730692386627197 -2.994175910949707 11.5
vertex 9.865335464477539 -1.434761881828308 11.5
vertex 9.83724308013916 -1.3819273710250854 11.5
endloop
endfacet
facet normal 0.0 -0.0 0.9999999999999999
outer loop
vertex 6.730692386627197 -2.994175910949707 11.5
vertex 9.83724308013916 -1.3819273710250854 11.5
vertex 6.672120094299316 -2.878509759902954 11.5
endloop
endfacet
facet normal 0.0 -0.0 0.9999999999999999
outer loop
vertex 6.672120094299316 -2.878509759902954 11.5
vertex 9.83724308013916 -1.3819273710250854 11.5
vertex 9.810209274291992 -1.328542947769165 11.5
endloop
endfacet
facet normal 0.0 -0.0 0.9999999999999999
outer loop
vertex 6.672120094299316 -2.878509759902954 11.5
vertex 9.810209274291992 -1.328542947769165 11.5
vertex 6.6158671379089355 -2.7616982460021973 11.5
endloop
endfacet
facet normal 0.0 -0.0 1.0
outer loop
vertex 6.6158671379089355 -2.7616982460021973 11.5
vertex 9.810209274291992 -1.328542947769165 11.5
vertex 9.784245491027832 -1.2746299505233765 11.5
endloop
endfacet
facet normal 0.0 -0.0 1.0
outer loop
vertex 6.6158671379089355 -2.7616982460021973 11.5
vertex 9.784245491027832 -1.2746299505233765 11.5
vertex 6.561954498291016 -2.6437883377075195 11.5
endloop
endfacet
facet normal 0.0 -0.0 0.9999999999999999
outer loop
vertex 6.561954498291016 -2.6437883377075195 11.5
vertex 9.784245491027832 -1.2746299505233765 11.5
vertex 9.759364128112793 -1.2202098369598389 11.5
endloop
endfacet
facet normal 0.0 -0.0 1.0
outer loop
vertex 6.561954498291016 -2.6437883377075195 11.5
vertex 9.759364128112793 -1.2202098369598389 11.5
vertex 6.510404586791992 -2.5248262882232666 11.5
endloop
endfacet
facet normal 0.0 -0.0 0.9999999999999999
outer loop
vertex 6.510404586791992 -2.5248262882232666 11.5
vertex 9.759364128112793 -1.2202098369598389 11.5
vertex 9.735570907592773 -1.1653043031692505 11.5
endloop
endfacet
facet normal 0.0 -0.0 0.9999999999999999
outer loop
vertex 6.510404586791992 -2.5248262882232666 11.5
vertex 9.735570907592773 -1.1653043031692505 11.5
vertex 6.46123743057251 -2.404859781265259 11.5
endloop
endfacet
facet normal 0.0 -0.0 1.0
outer loop
vertex 6.46123743057251 -2.404859781265259 11.5
vertex 9.735570907592773 -1.1653043031692505 11.5
vertex 9.712878227233887 -1.1099352836608887 11.5
endloop
endfacet
facet normal 0.0 -0.0 0.9999999999999999
outer loop
vertex 6.46123743057251 -2.404859781265259 11.5
vertex 9.712878227233887 -1.1099352836608887 11.5
vertex 6.414473533630371 -2.2839362621307373 11.5
endloop
endfacet
facet normal 0.0 -0.0 0.9999999999999999
outer loop
vertex 6.414473533630371 -2.2839362621307373 11.5
vertex 9.712878227233887 -1.1099352836608887 11.5
vertex 9.691295623779297 -1.0541244745254517 11.5
endloop
endfacet
facet normal 0.0 -0.0 1.0
outer loop
vertex 6.414473533630371 -2.2839362621307373 11.5
vertex 9.691295623779297 -1.0541244745254517 11.5
vertex 6.3701300621032715 -2.162104368209839 11.5
endloop
endfacet
facet normal 0.0 -0.0 1.0
outer loop
vertex 6.3701300621032715 -2.162104368209839 11.5
vertex 9.691295623779297 -1.0541244745254517 11.5
vertex 9.670829772949219 -0.9978943467140198 11.5
endloop
endfacet
facet normal 0.0 -0.0 0.9999999999999999
outer loop
vertex 6.3701300621032715 -2.162104368209839 11.5
vertex 9.670829772949219 -0.9978943467140198 11.5
vertex 6.328225612640381 -2.039412260055542 11.5
endloop
endfacet
facet normal 0.0 -0.0 1.0
outer loop
vertex 6.328225612640381 -2.039412260055542 11.5
vertex 9.670829772949219 -0.9978943467140198 11.5
vertex 9.651488304138184 -0.941267192363739 11.5
endloop
endfacet
facet normal 0.0 -0.0 1.0
outer loop
vertex 6.328225612640381 -2.039412260055542 11.5
vertex 9.651488304138184 -0.941267192363739 11.5
vertex 6.288776874542236 -1.915908694267273 11.5
endloop
endfacet
facet normal 0.0 -0.0 1.0
outer loop
vertex 6.288776874542236 -1.915908694267273 11.5
vertex 9.651488304138184 -0.941267192363739 11.5
vertex 9.633281707763672 -0.8842655420303345 11.5
endloop
endfacet
facet normal 0.0 -0.0 1.0
outer loop
vertex 6.288776874542236 -1.915908694267273 11.5
vertex 9.633281707763672 -0.8842655420303345 11.5
vertex 6.2517991065979 -1.7916429042816162 11.5
endloop
endfacet
facet normal 0.0 -0.0 0.9999999999999999
outer loop
vertex 6.2517991065979 -1.7916429042816162 11.5
vertex 9.633281707763672 -0.8842655420303345 11.5
vertex 9.616214752197266 -0.8269120454788208 11.5
endloop
endfacet
facet normal 0.0 -0.0 1.0
outer loop
vertex 6.2517991065979 -1.7916429042816162 11.5
vertex 9.616214752197266 -0.8269120454788208 11.5
vertex 6.217307090759277 -1.6666641235351562 11.5
endloop
endfacet
facet normal 0.0 -0.0 1.0
outer loop
vertex 6.217307090759277 -1.6666641235351562 11.5
vertex 9.616214752197266 -0.8269120454788208 11.5
vertex 9.600296020507812 -0.7692295908927917 11.5
endloop
endfacet
facet normal 0.0 -0.0 0.9999999999999999
outer loop
vertex 6.217307090759277 -1.6666641235351562 11.5
vertex 9.600296020507812 -0.7692295908927917 11.5
vertex 6.185314655303955 -1.5410224199295044 11.5
endloop
endfacet
facet normal 0.0 -0.0 0.9999999999999999
outer loop
vertex 6.185314655303955 -1.5410224199295044 11.5
vertex 9.600296020507812 -0.7692295908927917 11.5
vertex 9.585529327392578 -0.7112411260604858 11.5
endloop
endfacet
facet normal 0.0 -0.0 1.0
outer loop
vertex 6.185314655303955 -1.5410224199295044 11.5
vertex 9.585529327392578 -0.7112411260604858 11.5
vertex 6.155834674835205 -1.4147676229476929 11.5
endloop
endfacet
facet normal 0.0 -0.0 0.9999999999999999
outer loop
vertex 6.155834674835205 -1.4147676229476929 11.5
vertex 9.585529327392578 -0.7112411260604858 11.5
vertex 9.571924209594727 -0.6529697179794312 11.5
endloop
endfacet
facet normal 0.0 -0.0 1.0
outer loop
vertex 6.155834674835205 -1.4147676229476929 11.5
vertex 9.571924209594727 -0.6529697179794312 11.5
vertex 6.128878593444824 -1.2879499197006226 11.5
endloop
endfacet
facet normal 0.0 -0.0 1.0
outer loop
vertex 6.128878593444824 -1.2879499197006226 11.5
vertex 9.571924209594727 -0.6529697179794312 11.5
vertex 9.55948257446289 -0.594438374042511 11.5
endloop
endfacet
facet normal 0.0 -0.0 1.0
outer loop
vertex 6.128878593444824 -1.2879499197006226 11.5
vertex 9.55948257446289 -0.594438374042511 11.5
vertex 6.104457855224609 -1.1606197357177734 11.5
endloop
endfacet
facet normal 0.0 -0.0 1.0
outer loop
vertex 6.104457855224609 -1.1606197357177734 11.5
vertex 9.55948257446289 -0.594438374042511 11.5
vertex 9.548211097717285 -0.5356706380844116 11.5
endloop
endfacet
facet normal 0.0 -0.0 1.0
outer loop
vertex 6.104457855224609 -1.1606197357177734 11.5
vertex 9.548211097717285 -0.5356706380844116 11.5
vertex 6.082581043243408 -1.0328278541564941 11.5
endloop
endfacet
facet normal 0.0 -0.0 0.9999999999999999
outer loop
vertex 6.082581043243408 -1.0328278541564941 11.5
vertex 9.548211097717285 -0.5356706380844116 11.5
vertex 9.538114547729492 -0.4766898453235626 11.5
endloop
endfacet
facet normal 0.0 -0.0 1.0
outer loop
vertex 6.082581043243408 -1.0328278541564941 11.5
vertex 9.538114547729492 -0.4766898453235626 11.5
vertex 6.063257217407227 -0.9046251773834229 11.5
endloop
endfacet
facet normal 0.0 -0.0 1.0
outer loop
vertex 6.063257217407227 -0.9046251773834229 11.5
vertex 9.538114547729492 -0.4766898453235626 11.5
vertex 9.529195785522461 -0.41751930117607117 11.5
endloop
endfacet
facet normal 0.0 -0.0 1.0
outer loop
vertex 6.063257217407227 -0.9046251773834229 11.5
vertex 9.529195785522461 -0.41751930117607117 11.5
vertex 6.046494960784912 -0.7760624885559082 11.5
endloop
endfacet
facet normal 0.0 -0.0 1.0
outer loop
vertex 6.046494960784912 -0.7760624885559082 11.5
vertex 9.529195785522461 -0.41751930117607117 11.5
vertex 9.521459579467773 -0.3581826686859131 11.5
endloop
endfacet
facet normal 0.0 -0.0 0.9999999999999999
outer loop
vertex 6.046494960784912 -0.7760624885559082 11.5
vertex 9.521459579467773 -0.3581826686859131 11.5
vertex 6.032299995422363 -0.6471909880638123 11.5
endloop
endfacet
facet normal 0.0 -0.0 1.0
outer loop
vertex 6.032299995422363 -0.6471909880638123 11.5
vertex 9.521459579467773 -0.3581826686859131 11.5
vertex 9.514907836914062 -0.29870352149009705 11.5
endloop
endfacet
facet normal 0.0 -0.0 1.0
outer loop
vertex 6.032299995422363 -0.6471909880638123 11.5
vertex 9.514907836914062 -0.29870352149009705 11.5
vertex 6.0206780433654785 -0.5180620551109314 11.5
endloop
endfacet
facet normal 0.0 -0.0 1.0
outer loop
vertex 6.0206780433654785 -0.5180620551109314 11.5
vertex 9.514907836914062 -0.29870352149009705 11.5
vertex 9.509543418884277 -0.23910556733608246 11.5
endloop
endfacet
facet normal 0.0 -0.0 1.0
outer loop
vertex 6.0206780433654785 -0.5180620551109314 11.5
vertex 9.509543418884277 -0.23910556733608246 11.5
vertex 6.011634349822998 -0.38872700929641724 11.5
endloop
endfacet
facet normal 0.0 -0.0 1.0
outer loop
vertex 6.011634349822998 -0.38872700929641724 11.5
vertex 9.509543418884277 -0.23910556733608246 11.5
vertex 9.505370140075684 -0.17941245436668396 11.5
endloop
endfacet
facet normal 0.0 -0.0 0.9999999999999999
outer loop
vertex 6.011634349822998 -0.38872700929641724 11.5
vertex 9.505370140075684 -0.17941245436668396 11.5
vertex 6.005171775817871 -0.25923728942871094 11.5
endloop
endfacet
facet normal 0.0 -0.0 0.9999999999999999
outer loop
vertex 6.005171775817871 -0.25923728942871094 11.5
vertex 9.505370140075684 -0.17941245436668396 11.5
vertex 9.502387046813965 -0.11964797973632812 11.5
endloop
endfacet
facet normal 0.0 -0.0 1.0
outer loop
vertex 6.005171775817871 -0.25923728942871094 11.5
vertex 9.502387046813965 -0.11964797973632812 11.5
vertex 6.001293182373047 -0.12964443862438202 11.5
endloop
endfacet
facet normal 0.0 -0.0 1.0
outer loop
vertex 6.001293182373047 -0.12964443862438202 11.5
vertex 9.502387046813965 -0.11964797973632812 11.5
vertex 9.50059700012207 -0.05983589217066765 11.5
endloop
endfacet
facet normal 0.0 -0.0 1.0
outer loop
vertex 6.001293182373047 -0.12964443862438202 11.5
vertex 9.50059700012207 -0.05983589217066765 11.5
vertex 6.0 0.0 11.5
endloop
endfacet
facet normal -0.0 -0.0 1.0
outer loop
vertex 6.0 0.0 11.5
vertex 9.50059700012207 -0.05983589217066765 11.5
vertex 9.5 -7.347880586115415e-16 11.5
endloop
endfacet
facet normal -0.0 -0.0 1.0
outer loop
vertex 6.0 0.0 11.5
vertex 9.5 -7.347880586115415e-16 11.5
vertex 6.001293182373047 0.12964443862438202 11.5
endloop
endfacet
facet normal -0.0 0.0 1.0
outer loop
vertex 6.001293182373047 0.12964443862438202 11.5
vertex 9.5 -7.347880586115415e-16 11.5
vertex 9.50059700012207 0.05983589217066765 11.5
endloop
endfacet
facet normal -0.0 -0.0 0.9999999999999999
outer loop
vertex 6.001293182373047 0.12964443862438202 11.5
vertex 9.50059700012207 0.05983589217066765 11.5
vertex 6.005171775817871 0.25923728942871094 11.5
endloop
endfacet
facet normal -0.0 0.0 1.0
outer loop
vertex 6.005171775817871 0.25923728942871094 11.5
vertex 9.50059700012207 0.05983589217066765 11.5
vertex 9.502387046813965 0.11964797973632812 11.5
endloop
endfacet
facet normal -0.0 -0.0 1.0
outer loop
vertex 6.005171775817871 0.25923728942871094 11.5
vertex 9.502387046813965 0.11964797973632812 11.5
vertex 6.011634349822998 0.38872700929641724 11.5
endloop
endfacet
facet normal -0.0 0.0 1.0
outer loop
vertex 6.011634349822998 0.38872700929641724 11.5
vertex 9.502387046813965 0.11964797973632812 11.5
vertex 9.505370140075684 0.17941245436668396 11.5
endloop
endfacet
facet normal -0.0 -0.0 1.0
outer loop
vertex 6.011634349822998 0.38872700929641724 11.5
vertex 9.505370140075684 0.17941245436668396 11.5
vertex 6.0206780433654785 0.5180620551109314 11.5
endloop
endfacet
facet normal -0.0 0.0 1.0
outer loop
vertex 6.0206780433654785 0.5180620551109314 11.5
vertex 9.505370140075684 0.17941245436668396 11.5
vertex 9.509543418884277 0.23910556733608246 11.5
endloop
endfacet
facet normal -0.0 -0.0 0.9999999999999999
outer loop
vertex 6.0206780433654785 0.5180620551109314 11.5
vertex 9.509543418884277 0.23910556733608246 11.5
vertex 6.032299995422363 0.6471909880638123 11.5
endloop
endfacet
facet normal -0.0 0.0 0.9999999999999999
outer loop
vertex 6.032299995422363 0.6471909880638123 11.5
vertex 9.509543418884277 0.23910556733608246 11.5
vertex 9.514907836914062 0.29870352149009705 11.5
endloop
endfacet
facet normal -0.0 -0.0 1.0
outer loop
vertex 6.032299995422363 0.6471909880638123 11.5
vertex 9.514907836914062 0.29870352149009705 11.5
vertex 6.046494960784912 0.7760624885559082 11.5
endloop
endfacet
facet normal -0.0 0.0 1.0
outer loop
vertex 6.046494960784912 0.7760624885559082 11.5
vertex 9.514907836914062 0.29870352149009705 11.5
vertex 9.521459579467773 0.3581826686859131 11.5
endloop
endfacet
facet normal -0.0 -0.0 0.9999999999999999
outer loop
vertex 6.046494960784912 0.7760624885559082 11.5
vertex 9.521459579467773 0.3581826686859131 11.5
vertex 6.063257217407227 0.9046251773834229 11.5
endloop
endfacet
facet normal -0.0 0.0 0.9999999999999999
outer loop
vertex 6.063257217407227 0.9046251773834229 11.5
vertex 9.521459579467773 0.3581826686859131 11.5
vertex 9.529195785522461 0.41751930117607117 11.5
endloop
endfacet
facet normal -0.0 -0.0 1.0
outer loop
vertex 6.063257217407227 0.9046251773834229 11.5
vertex 9.529195785522461 0.41751930117607117 11.5
vertex 6.082581043243408 1.0328278541564941 11.5
endloop
endfacet
facet normal -0.0 0.0 1.0
outer loop
vertex 6.082581043243408 1.0328278541564941 11.5
vertex 9.529195785522461 0.41751930117607117 11.5
vertex 9.538114547729492 0.4766898453235626 11.5
endloop
endfacet
facet normal -0.0 -0.0 1.0
outer loop
vertex 6.082581043243408 1.0328278541564941 11.5
vertex 9.538114547729492 0.4766898453235626 11.5
vertex 6.104457855224609 1.1606197357177734 11.5
endloop
endfacet
facet normal -0.0 0.0 1.0
outer loop
vertex 6.104457855224609 1.1606197357177734 11.5
vertex 9.538114547729492 0.4766898453235626 11.5
vertex 9.548211097717285 0.5356706380844116 11.5
endloop
endfacet
facet normal -0.0 -0.0 1.0
outer loop
vertex 6.104457855224609 1.1606197357177734 11.5
vertex 9.548211097717285 0.5356706380844116 11.5
vertex 6.128878593444824 1.2879499197006226 11.5
endloop
endfacet
facet normal -0.0 0.0 1.0
outer loop
vertex 6.128878593444824 1.2879499197006226 11.5
vertex 9.548211097717285 0.5356706380844116 11.5
vertex 9.55948257446289 0.594438374042511 11.5
endloop
endfacet
facet normal -0.0 -0.0 1.0
outer loop
vertex 6.128878593444824 1.2879499197006226 11.5
vertex 9.55948257446289 0.594438374042511 11.5
vertex 6.155834674835205 1.4147676229476929 11.5
endloop
endfacet
facet normal -0.0 0.0 1.0
outer loop
vertex 6.155834674835205 1.4147676229476929 11.5
vertex 9.55948257446289 0.594438374042511 11.5
vertex 9.571924209594727 0.6529697179794312 11.5
endloop
endfacet
facet normal -0.0 -0.0 1.0
outer loop
vertex 6.155834674835205 1.4147676229476929 11.5
vertex 9.571924209594727 0.6529697179794312 11.5
vertex 6.185314655303955 1.5410224199295044 11.5
endloop
endfacet
facet normal -0.0 0.0 1.0
outer loop
vertex 6.185314655303955 1.5410224199295044 11.5
vertex 9.571924209594727 0.6529697179794312 11.5
vertex 9.585529327392578 0.7112411260604858 11.5
endloop
endfacet
facet normal -0.0 -0.0 1.0
outer loop
vertex 6.185314655303955 1.5410224199295044 11.5
vertex 9.585529327392578 0.7112411260604858 11.5
vertex 6.217307090759277 1.6666641235351562 11.5
endloop
endfacet
facet normal -0.0 0.0 0.9999999999999999
outer loop
vertex 6.217307090759277 1.6666641235351562 11.5
vertex 9.585529327392578 0.7112411260604858 11.5
vertex 9.600296020507812 0.7692295908927917 11.5
endloop
endfacet
facet normal -0.0 -0.0 1.0
outer loop
vertex 6.217307090759277 1.6666641235351562 11.5
vertex 9.600296020507812 0.7692295908927917 11.5
vertex 6.2517991065979 1.7916429042816162 11.5
endloop
endfacet
facet normal -0.0 0.0 1.0
outer loop
vertex 6.2517991065979 1.7916429042816162 11.5
vertex 9.600296020507812 0.7692295908927917 11.5
vertex 9.616214752197266 0.8269120454788208 11.5
endloop
endfacet
facet normal -0.0 -0.0 1.0
outer loop
vertex 6.2517991065979 1.7916429042816162 11.5
vertex 9.616214752197266 0.8269120454788208 11.5
vertex 6.288776874542236 1.915908694267273 11.5
endloop
endfacet
facet normal -0.0 0.0 0.9999999999999999
outer loop
vertex 6.288776874542236 1.915908694267273 11.5
vertex 9.616214752197266 0.8269120454788208 11.5
vertex 9.633281707763672 0.8842655420303345 11.5
endloop
endfacet
facet normal -0.0 -0.0 1.0
outer loop
vertex 6.288776874542236 1.915908694267273 11.5
vertex 9.633281707763672 0.8842655420303345 11.5
vertex 6.328225612640381 2.039412260055542 11.5
endloop
endfacet
facet normal -0.0 0.0 1.0
outer loop
vertex 6.328225612640381 2.039412260055542 11.5
vertex 9.633281707763672 0.8842655420303345 11.5
vertex 9.651488304138184 0.941267192363739 11.5
endloop
endfacet
facet normal -0.0 -0.0 1.0
outer loop
vertex 6.328225612640381 2.039412260055542 11.5
vertex 9.651488304138184 0.941267192363739 11.5
vertex 6.3701300621032715 2.162104368209839 11.5
endloop
endfacet
facet normal -0.0 0.0 1.0
outer loop
vertex 6.3701300621032715 2.162104368209839 11.5
vertex 9.651488304138184 0.941267192363739 11.5
vertex 9.670829772949219 0.9978943467140198 11.5
endloop
endfacet
facet normal -0.0 -0.0 1.0
outer loop
vertex 6.3701300621032715 2.162104368209839 11.5
vertex 9.670829772949219 0.9978943467140198 11.5
vertex 6.414473533630371 2.2839362621307373 11.5
endloop
endfacet
facet normal -0.0 0.0 1.0
outer loop
vertex 6.414473533630371 2.2839362621307373 11.5
vertex 9.670829772949219 0.9978943467140198 11.5
vertex 9.691295623779297 1.0541244745254517 11.5
endloop
endfacet
facet normal -0.0 -0.0 1.0
outer loop
vertex 6.414473533630371 2.2839362621307373 11.5
vertex 9.691295623779297 1.0541244745254517 11.5
vertex 6.46123743057251 2.404859781265259 11.5
endloop
endfacet
facet normal -0.0 0.0 1.0
outer loop
vertex 6.46123743057251 2.404859781265259 11.5
vertex 9.691295623779297 1.0541244745254517 11.5
vertex 9.712878227233887 1.1099352836608887 11.5
endloop
endfacet
facet normal -0.0 -0.0 1.0
outer loop
vertex 6.46123743057251 2.404859781265259 11.5
vertex 9.712878227233887 1.1099352836608887 11.5
vertex 6.510404586791992 2.5248262882232666 11.5
endloop
endfacet
facet normal -0.0 0.0 1.0
outer loop
vertex 6.510404586791992 2.5248262882232666 11.5
vertex 9.712878227233887 1.1099352836608887 11.5
vertex 9.735570907592773 1.1653043031692505 11.5
endloop
endfacet
facet normal -0.0 -0.0 1.0
outer loop
vertex 6.510404586791992 2.5248262882232666 11.5
vertex 9.735570907592773 1.1653043031692505 11.5
vertex 6.561954498291016 2.6437883377075195 11.5
endloop
endfacet
facet normal -0.0 0.0 1.0
outer loop
vertex 6.561954498291016 2.6437883377075195 11.5
vertex 9.735570907592773 1.1653043031692505 11.5
vertex 9.759364128112793 1.2202098369598389 11.5
endloop
endfacet
facet normal -0.0 -0.0 1.0
outer loop
vertex 6.561954498291016 2.6437883377075195 11.5
vertex 9.759364128112793 1.2202098369598389 11.5
vertex 6.6158671379089355 2.7616982460021973 11.5
endloop
endfacet
facet normal -0.0 0.0 0.9999999999999999
outer loop
vertex 6.6158671379089355 2.7616982460021973 11.5
vertex 9.759364128112793 1.2202098369598389 11.5
vertex 9.784245491027832 1.2746299505233765 11.5
endloop
endfacet
facet normal -0.0 -0.0 1.0
outer loop
vertex 6.6158671379089355 2.7616982460021973 11.5
vertex 9.784245491027832 1.2746299505233765 11.5
vertex 6.672120094299316 2.878509759902954 11.5
endloop
endfacet
facet normal -0.0 0.0 0.9999999999999999
outer loop
vertex 6.672120094299316 2.878509759902954 11.5
vertex 9.784245491027832 1.2746299505233765 11.5
vertex 9.810209274291992 1.328542947769165 11.5
endloop
endfacet
facet normal -0.0 -0.0 1.0
outer loop
vertex 6.672120094299316 2.878509759902954 11.5
vertex 9.810209274291992 1.328542947769165 11.5
vertex 6.730692386627197 2.994175910949707 11.5
endloop
endfacet
facet normal -0.0 0.0 1.0
outer loop
vertex 6.730692386627197 2.994175910949707 11.5
vertex 9.810209274291992 1.328542947769165 11.5
vertex 9.83724308013916 1.3819273710250854 11.5
endloop
endfacet
facet normal -0.0 -0.0 0.9999999999999999
outer loop
vertex 6.730692386627197 2.994175910949707 11.5
vertex 9.83724308013916 1.3819273710250854 11.5
vertex 6.791560173034668 3.1086509227752686 11.5
endloop
endfacet
facet normal -0.0 0.0 1.0
outer loop
vertex 6.791560173034668 3.1086509227752686 11.5
vertex 9.83724308013916 1.3819273710250854 11.5
vertex 9.865335464477539 1.434761881828308 11.5
endloop
endfacet
facet normal -0.0 -0.0 1.0
outer loop
vertex 6.791560173034668 3.1086509227752686 11.5
vertex 9.865335464477539 1.434761881828308 11.5
vertex 6.854698657989502 3.221889019012451 11.5
endloop
endfacet
facet normal -0.0 0.0 1.0
outer loop
vertex 6.854698657989502 3.221889019012451 11.5
vertex 9.865335464477539 1.434761881828308 11.5
vertex 9.894475936889648 1.4870256185531616 11.5
endloop
endfacet
facet normal -0.0 -0.0 0.9999999999999999
outer loop
vertex 6.854698657989502 3.221889019012451 11.5
vertex 9.894475936889648 1.4870256185531616 11.5
vertex 6.920083045959473 3.333845376968384 11.5
endloop
endfacet
facet normal -0.0 0.0 1.0
outer loop
vertex 6.920083045959473 3.333845376968384 11.5
vertex 9.894475936889648 1.4870256185531616 11.5
vertex 9.924654006958008 1.5386978387832642 11.5
endloop
endfacet
facet normal -0.0 -0.0 1.0
outer loop
vertex 6.920083045959473 3.333845376968384 11.5
vertex 9.924654006958008 1.5386978387832642 11.5
vertex 6.987687110900879 3.4444751739501953 11.5
endloop
endfacet
facet normal -0.0 0.0 1.0
outer loop
vertex 6.987687110900879 3.4444751739501953 11.5
vertex 9.924654006958008 1.5386978387832642 11.5
vertex 9.955856323242188 1.5897576808929443 11.5
endloop
endfacet
facet normal -0.0 -0.0 1.0
outer loop
vertex 6.987687110900879 3.4444751739501953 11.5
vertex 9.955856323242188 1.5897576808929443 11.5
vertex 7.057485103607178 3.553734540939331 11.5
endloop
endfacet
facet normal -0.0 0.0 1.0
outer loop
vertex 7.057485103607178 3.553734540939331 11.5
vertex 9.955856323242188 1.5897576808929443 11.5
vertex 9.988070487976074 1.6401852369308472 11.5
endloop
endfacet
facet normal -0.0 -0.0 0.9999999999999999
outer loop
vertex 7.057485103607178 3.553734540939331 11.5
vertex 9.988070487976074 1.6401852369308472 11.5
vertex 7.129447937011719 3.6615803241729736 11.5
endloop
endfacet
facet normal -0.0 0.0 1.0
outer loop
vertex 7.129447937011719 3.6615803241729736 11.5
vertex 9.988070487976074 1.6401852369308472 11.5
vertex 10.021283149719238 1.6899601221084595 11.5
endloop
endfacet
facet normal -0.0 -0.0 0.9999999999999999
outer loop
vertex 7.129447937011719 3.6615803241729736 11.5
vertex 10.021283149719238 1.6899601221084595 11.5
vertex 7.203547954559326 3.7679693698883057 11.5
endloop
endfacet
facet normal -0.0 0.0 1.0
outer loop
vertex 7.203547954559326 3.7679693698883057 11.5
vertex 10.021283149719238 1.6899601221084595 11.5
vertex 10.055482864379883 1.7390626668930054 11.5
endloop
endfacet
facet normal -0.0 -0.0 1.0
outer loop
vertex 7.203547954559326 3.7679693698883057 11.5
vertex 10.055482864379883 1.7390626668930054 11.5
vertex 7.279754638671875 3.872859001159668 11.5
endloop
endfacet
facet normal -0.0 0.0 1.0
outer loop
vertex 7.279754638671875 3.872859001159668 11.5
vertex 10.055482864379883 1.7390626668930054 11.5
vertex 10.090655326843262 1.787473440170288 11.5
endloop
endfacet
facet normal -0.0 -0.0 0.9999999999999999
outer loop
vertex 7.279754638671875 3.872859001159668 11.5
vertex 10.090655326843262 1.787473440170288 11.5
vertex 7.358038425445557 3.976208209991455 11.5
endloop
endfacet
facet normal -0.0 0.0 0.9999999999999999
outer loop
vertex 7.358038425445557 3.976208209991455 11.5
vertex 10.090655326843262 1.787473440170288 11.5
vertex 10.126787185668945 1.8351728916168213 11.5
endloop
endfacet
facet normal -0.0 -0.0 1.0
outer loop
vertex 7.358038425445557 3.976208209991455 11.5
vertex 10.126787185668945 1.8351728916168213 11.5
vertex 7.43836784362793 4.077974796295166 11.5
endloop
endfacet
facet normal -0.0 0.0 1.0
outer loop
vertex 7.43836784362793 4.077974796295166 11.5
vertex 10.126787185668945 1.8351728916168213 11.5
vertex 10.163862228393555 1.8821423053741455 11.5
endloop
endfacet
facet normal -0.0 -0.0 1.0
outer loop
vertex 7.43836784362793 4.077974796295166 11.5
vertex 10.163862228393555 1.8821423053741455 11.5
vertex 7.5207109451293945 4.17811918258667 11.5
endloop
endfacet
facet normal -0.0 0.0 0.9999999999999999
outer loop
vertex 7.5207109451293945 4.17811918258667 11.5
vertex 10.163862228393555 1.8821423053741455 11.5
vertex 10.20186710357666 1.9283628463745117 11.5
endloop
endfacet
facet normal -0.0 -0.0 1.0
outer loop
vertex 7.5207109451293945 4.17811918258667 11.5
vertex 10.20186710357666 1.9283628463745117 11.5
vertex 7.605035305023193 4.276601791381836 11.5
endloop
endfacet
facet normal -0.0 0.0 1.0
outer loop
vertex 7.605035305023193 4.276601791381836 11.5
vertex 10.20186710357666 1.9283628463745117 11.5
vertex 10.240785598754883 1.973816156387329 11.5
endloop
endfacet
facet normal -0.0 -0.0 1.0
outer loop
vertex 7.605035305023193 4.276601791381836 11.5
vertex 10.240785598754883 1.973816156387329 11.5
vertex 7.691307544708252 4.373382091522217 11.5
endloop
endfacet
facet normal -0.0 0.0 1.0
outer loop
vertex 7.691307544708252 4.373382091522217 11.5
vertex 10.240785598754883 1.973816156387329 11.5
vertex 10.280603408813477 2.018484354019165 11.5
endloop
endfacet
facet normal -0.0 -0.0 0.9999999999999999
outer loop
vertex 7.691307544708252 4.373382091522217 11.5
vertex 10.280603408813477 2.018484354019165 11.5
vertex 7.779492378234863 4.468423366546631 11.5
endloop
endfacet
facet normal -0.0 0.0 1.0
outer loop
vertex 7.779492378234863 4.468423366546631 11.5
vertex 10.280603408813477 2.018484354019165 11.5
vertex 10.321304321289062 2.0623490810394287 11.5
endloop
endfacet
facet normal -0.0 -0.0 1.0
outer loop
vertex 7.779492378234863 4.468423366546631 11.5
vertex 10.321304321289062 2.0623490810394287 11.5
vertex 7.869555473327637 4.5616865158081055 11.5
endloop
endfacet
facet normal -0.0 0.0 1.0
outer loop
vertex 7.869555473327637 4.5616865158081055 11.5
vertex 10.321304321289062 2.0623490810394287 11.5
vertex 10.362872123718262 2.105393648147583 11.5
endloop
endfacet
facet normal -0.0 -0.0 0.9999999999999999
outer loop
vertex 7.869555473327637 4.5616865158081055 11.5
vertex 10.362872123718262 2.105393648147583 11.5
vertex 7.961460590362549 4.653134346008301 11.5
endloop
endfacet
facet normal -0.0 0.0 1.0
outer loop
vertex 7.961460590362549 4.653134346008301 11.5
vertex 10.362872123718262 2.105393648147583 11.5
vertex 10.405289649963379 2.1476004123687744 11.5
endloop
endfacet
facet normal -0.0 -0.0 1.0
outer loop
vertex 7.961460590362549 4.653134346008301 11.5
vertex 10.405289649963379 2.1476004123687744 11.5
vertex 8.055171966552734 4.74273157119751 11.5
endloop
endfacet
facet normal -0.0 0.0 1.0
outer loop
vertex 8.055171966552734 4.74273157119751 11.5
vertex 10.405289649963379 2.1476004123687744 11.5
vertex 10.448540687561035 2.188952922821045 11.5
endloop
endfacet
facet normal -0.0 -0.0 1.0
outer loop
vertex 8.055171966552734 4.74273157119751 11.5
vertex 10.448540687561035 2.188952922821045 11.5
vertex 8.150650978088379 4.830441474914551 11.5
endloop
endfacet
facet normal -0.0 0.0 1.0
outer loop
vertex 8.150650978088379 4.830441474914551 11.5
vertex 10.448540687561035 2.188952922821045 11.5
vertex 10.492608070373535 2.2294344902038574 11.5
endloop
endfacet
facet normal -0.0 -0.0 1.0
outer loop
vertex 8.150650978088379 4.830441474914551 11.5
vertex 10.492608070373535 2.2294344902038574 11.5
vertex 8.2478609085083 4.916229248046875 11.5
endloop
endfacet
facet normal -0.0 0.0 1.0
outer loop
vertex 8.2478609085083 4.916229248046875 11.5
vertex 10.492608070373535 2.2294344902038574 11.5
vertex 10.537474632263184 2.269028902053833 11.5
endloop
endfacet
facet normal -0.0 -0.0 0.9999999999999999
outer loop
vertex 8.2478609085083 4.916229248046875 11.5
vertex 10.537474632263184 2.269028902053833 11.5
vertex 8.346762657165527 5.000061988830566 11.5
endloop
endfacet
facet normal -0.0 0.0 1.0
outer loop
vertex 8.346762657165527 5.000061988830566 11.5
vertex 10.537474632263184 2.269028902053833 11.5
vertex 10.583121299743652 2.30772066116333 11.5
endloop
endfacet
facet normal -0.0 -0.0 1.0
outer loop
vertex 8.346762657165527 5.000061988830566 11.5
vertex 10.583121299743652 2.30772066116333 11.5
vertex 8.44731616973877 5.081904411315918 11.5
endloop
endfacet
facet normal -0.0 0.0 1.0
outer loop
vertex 8.44731616973877 5.081904411315918 11.5
vertex 10.583121299743652 2.30772066116333 11.5
vertex 10.629530906677246 2.345494508743286 11.5
endloop
endfacet
facet normal -0.0 -0.0 0.9999999999999999
outer loop
vertex 8.44731616973877 5.081904411315918 11.5
vertex 10.629530906677246 2.345494508743286 11.5
vertex 8.549482345581055 5.161725997924805 11.5
endloop
endfacet
facet normal -0.0 0.0 1.0
outer loop
vertex 8.549482345581055 5.161725997924805 11.5
vertex 10.629530906677246 2.345494508743286 11.5
vertex 10.67668342590332 2.3823349475860596 11.5
endloop
endfacet
facet normal -0.0 -0.0 0.9999999999999999
outer loop
vertex 8.549482345581055 5.161725997924805 11.5
vertex 10.67668342590332 2.3823349475860596 11.5
vertex 8.653221130371094 5.239493370056152 11.5
endloop
endfacet
facet normal -0.0 0.0 1.0
outer loop
vertex 8.653221130371094 5.239493370056152 11.5
vertex 10.67668342590332 2.3823349475860596 11.5
vertex 10.724563598632812 2.418227434158325 11.5
endloop
endfacet
facet normal -0.0 -0.0 1.0
outer loop
vertex 8.653221130371094 5.239493370056152 11.5
vertex 10.724563598632812 2.418227434158325 11.5
vertex 8.758488655090332 5.315176010131836 11.5
endloop
endfacet
facet normal -0.0 0.0 1.0
outer loop
vertex 8.758488655090332 5.315176010131836 11.5
vertex 10.724563598632812 2.418227434158325 11.5
vertex 10.773148536682129 2.453158140182495 11.5
endloop
endfacet
facet normal -0.0 -0.0 1.0
outer loop
vertex 8.758488655090332 5.315176010131836 11.5
vertex 10.773148536682129 2.453158140182495 11.5
vertex 8.865246772766113 5.388744354248047 11.5
endloop
endfacet
facet normal -0.0 0.0 1.0
outer loop
vertex 8.865246772766113 5.388744354248047 11.5
vertex 10.773148536682129 2.453158140182495 11.5
vertex 10.822421073913574 2.4871127605438232 11.5
endloop
endfacet
facet normal -0.0 -0.0 1.0
outer loop
vertex 8.865246772766113 5.388744354248047 11.5
vertex 10.822421073913574 2.4871127605438232 11.5
vertex 8.97344970703125 5.460168838500977 11.5
endloop
endfacet
facet normal -0.0 0.0 1.0
outer loop
vertex 8.97344970703125 5.460168838500977 11.5
vertex 10.822421073913574 2.4871127605438232 11.5
vertex 10.872361183166504 2.52007794380188 11.5
endloop
endfacet
facet normal -0.0 -0.0 1.0
outer loop
vertex 8.97344970703125 5.460168838500977 11.5
vertex 10.872361183166504 2.52007794380188 11.5
vertex 9.08305549621582 5.529420375823975 11.5
endloop
endfacet
facet normal -0.0 0.0 1.0
outer loop
vertex 9.08305549621582 5.529420375823975 11.5
vertex 10.872361183166504 2.52007794380188 11.5
vertex 10.922948837280273 2.5520401000976562 11.5
endloop
endfacet
facet normal -0.0 -0.0 1.0
outer loop
vertex 9.08305549621582 5.529420375823975 11.5
vertex 10.922948837280273 2.5520401000976562 11.5
vertex 9.194021224975586 5.596472263336182 11.5
endloop
endfacet
facet normal -0.0 0.0 1.0
outer loop
vertex 9.194021224975586 5.596472263336182 11.5
vertex 10.922948837280273 2.5520401000976562 11.5
vertex 10.974163055419922 2.5829873085021973 11.5
endloop
endfacet
facet normal -0.0 -0.0 0.9999999999999999
outer loop
vertex 9.194021224975586 5.596472263336182 11.5
vertex 10.974163055419922 2.5829873085021973 11.5
vertex 9.306302070617676 5.6612982749938965 11.5
endloop
endfacet
facet normal -0.0 0.0 1.0
outer loop
vertex 9.306302070617676 5.6612982749938965 11.5
vertex 10.974163055419922 2.5829873085021973 11.5
vertex 11.025985717773438 2.6129066944122314 11.5
endloop
endfacet
facet normal -0.0 -0.0 0.9999999999999999
outer loop
vertex 9.306302070617676 5.6612982749938965 11.5
vertex 11.025985717773438 2.6129066944122314 11.5
vertex 9.419854164123535 5.723870754241943 11.5
endloop
endfacet
facet normal -0.0 0.0 1.0
outer loop
vertex 9.419854164123535 5.723870754241943 11.5
vertex 11.025985717773438 2.6129066944122314 11.5
vertex 11.078393936157227 2.641786575317383 11.5
endloop
endfacet
facet normal -0.0 -0.0 1.0
outer loop
vertex 9.419854164123535 5.723870754241943 11.5
vertex 11.078393936157227 2.641786575317383 11.5
vertex 9.53463077545166 5.7841668128967285 11.5
endloop
endfacet
facet normal -0.0 0.0 1.0
outer loop
vertex 9.53463077545166 5.7841668128967285 11.5
vertex 11.078393936157227 2.641786575317383 11.5
vertex 11.131367683410645 2.6696155071258545 11.5
endloop
endfacet
facet normal -0.0 -0.0 1.0
outer loop
vertex 9.53463077545166 5.7841668128967285 11.5
vertex 11.131367683410645 2.6696155071258545 11.5
vertex 9.65058708190918 5.842161178588867 11.5
endloop
endfacet
facet normal -0.0 0.0 0.9999999999999999
outer loop
vertex 9.65058708190918 5.842161178588867 11.5
vertex 11.131367683410645 2.6696155071258545 11.5
vertex 11.18488597869873 2.6963820457458496 11.5
endloop
endfacet
facet normal -0.0 -0.0 0.9999999999999999
outer loop
vertex 9.65058708190918 5.842161178588867 11.5
vertex 11.18488597869873 2.6963820457458496 11.5
vertex 9.767677307128906 5.897831439971924 11.5
endloop
endfacet
facet normal -0.0 0.0 1.0
outer loop
vertex 9.767677307128906 5.897831439971924 11.5
vertex 11.18488597869873 2.6963820457458496 11.5
vertex 11.238927841186523 2.722076177597046 11.5
endloop
endfacet
facet normal -0.0 -0.0 0.9999999999999999
outer loop
vertex 9.767677307128906 5.897831439971924 11.5
vertex 11.238927841186523 2.722076177597046 11.5
vertex 9.885855674743652 5.951155662536621 11.5
endloop
endfacet
facet normal -0.0 0.0 1.0
outer loop
vertex 9.885855674743652 5.951155662536621 11.5
vertex 11.238927841186523 2.722076177597046 11.5
vertex 11.293471336364746 2.7466869354248047 11.5
endloop
endfacet
facet normal -0.0 -0.0 1.0
outer loop
vertex 9.885855674743652 5.951155662536621 11.5
vertex 11.293471336364746 2.7466869354248047 11.5
vertex 10.005072593688965 6.002111434936523 11.5
endloop
endfacet
facet normal -0.0 0.0 0.9999999999999999
outer loop
vertex 10.005072593688965 6.002111434936523 11.5
vertex 11.293471336364746 2.7466869354248047 11.5
vertex 11.348495483398438 2.77020525932312 11.5
endloop
endfacet
facet normal -0.0 -0.0 1.0
outer loop
vertex 10.005072593688965 6.002111434936523 11.5
vertex 11.348495483398438 2.77020525932312 11.5
vertex 10.125283241271973 6.0506792068481445 11.5
endloop
endfacet
facet normal -0.0 0.0 1.0
outer loop
vertex 10.125283241271973 6.0506792068481445 11.5
vertex 11.348495483398438 2.77020525932312 11.5
vertex 11.403977394104004 2.792621374130249 11.5
endloop
endfacet
facet normal -0.0 -0.0 0.9999999999999999
outer loop
vertex 10.125283241271973 6.0506792068481445 11.5
vertex 11.403977394104004 2.792621374130249 11.5
vertex 10.246438026428223 6.0968403816223145 11.5
endloop
endfacet
facet normal -0.0 0.0 1.0
outer loop
vertex 10.246438026428223 6.0968403816223145 11.5
vertex 11.403977394104004 2.792621374130249 11.5
vertex 11.459894180297852 2.8139262199401855 11.5
endloop
endfacet
facet normal -0.0 -0.0 0.9999999999999999
outer loop
vertex 10.246438026428223 6.0968403816223145 11.5
vertex 11.459894180297852 2.8139262199401855 11.5
vertex 10.368489265441895 6.140575408935547 11.5
endloop
endfacet
facet normal -0.0 0.0 0.9999999999999999
outer loop
vertex 10.368489265441895 6.140575408935547 11.5
vertex 11.459894180297852 2.8139262199401855 11.5
vertex 11.516226768493652 2.8341116905212402 11.5
endloop
endfacet
facet normal -0.0 -0.0 0.9999999999999999
outer loop
vertex 10.368489265441895 6.140575408935547 11.5
vertex 11.516226768493652 2.8341116905212402 11.5
vertex 10.491390228271484 6.1818671226501465 11.5
endloop
endfacet
facet normal -0.0 0.0 0.9999999999999999
outer loop
vertex 10.491390228271484 6.1818671226501465 11.5
vertex 11.516226768493652 2.8341116905212402 11.5
vertex 11.572948455810547 2.8531696796417236 11.5
endloop
endfacet
facet normal -0.0 -0.0 0.9999999999999999
outer loop
vertex 10.491390228271484 6.1818671226501465 11.5
vertex 11.572948455810547 2.8531696796417236 11.5
vertex 10.61508846282959 6.220699787139893 11.5
endloop
endfacet
facet normal -0.0 0.0 1.0
outer loop
vertex 10.61508846282959 6.220699787139893 11.5
vertex 11.572948455810547 2.8531696796417236 11.5
vertex 11.630040168762207 2.8710920810699463 11.5
endloop
endfacet
facet normal -0.0 -0.0 1.0
outer loop
vertex 10.61508846282959 6.220699787139893 11.5
vertex 11.630040168762207 2.8710920810699463 11.5
vertex 10.739537239074707 6.2570576667785645 11.5
endloop
endfacet
facet normal -0.0 0.0 0.9999999999999999
outer loop
vertex 10.739537239074707 6.2570576667785645 11.5
vertex 11.630040168762207 2.8710920810699463 11.5
vertex 11.687479019165039 2.8878726959228516 11.5
endloop
endfacet
facet normal -0.0 -0.0 1.0
outer loop
vertex 10.739537239074707 6.2570576667785645 11.5
vertex 11.687479019165039 2.8878726959228516 11.5
vertex 10.864686012268066 6.2909255027771 11.5
endloop
endfacet
facet normal -0.0 0.0 1.0
outer loop
vertex 10.864686012268066 6.2909255027771 11.5
vertex 11.687479019165039 2.8878726959228516 11.5
vertex 11.7452392578125 2.9035043716430664 11.5
endloop
endfacet
facet normal -0.0 -0.0 1.0
outer loop
vertex 10.864686012268066 6.2909255027771 11.5
vertex 11.7452392578125 2.9035043716430664 11.5
vertex 10.990485191345215 6.322291374206543 11.5
endloop
endfacet
facet normal -0.0 0.0 1.0
outer loop
vertex 10.990485191345215 6.322291374206543 11.5
vertex 11.7452392578125 2.9035043716430664 11.5
vertex 11.803300857543945 2.917980432510376 11.5
endloop
endfacet
facet normal -0.0 -0.0 1.0
outer loop
vertex 10.990485191345215 6.322291374206543 11.5
vertex 11.803300857543945 2.917980432510376 11.5
vertex 11.1168851852417 6.351141452789307 11.5
endloop
endfacet
facet normal -0.0 0.0 1.0
outer loop
vertex 11.1168851852417 6.351141452789307 11.5
vertex 11.803300857543945 2.917980432510376 11.5
vertex 11.861639976501465 2.931295871734619 11.5
endloop
endfacet
facet normal -0.0 -0.0 1.0
outer loop
vertex 11.1168851852417 6.351141452789307 11.5
vertex 11.861639976501465 2.931295871734619 11.5
vertex 11.243837356567383 6.377464771270752 11.5
endloop
endfacet
facet normal -0.0 0.0 1.0
outer loop
vertex 11.243837356567383 6.377464771270752 11.5
vertex 11.861639976501465 2.931295871734619 11.5
vertex 11.920232772827148 2.9434452056884766 11.5
endloop
endfacet
facet normal -0.0 -0.0 1.0
outer loop
vertex 11.243837356567383 6.377464771270752 11.5
vertex 11.920232772827148 2.9434452056884766 11.5
vertex 11.371286392211914 6.401250839233398 11.5
endloop
endfacet
facet normal -0.0 0.0 1.0
outer loop
vertex 11.371286392211914 6.401250839233398 11.5
vertex 11.920232772827148 2.9434452056884766 11.5
vertex 11.979055404663086 2.954423189163208 11.5
endloop
endfacet
facet normal -0.0 -0.0 1.0
outer loop
vertex 11.371286392211914 6.401250839233398 11.5
vertex 11.979055404663086 2.954423189163208 11.5
vertex 11.499186515808105 6.422489643096924 11.5
endloop
endfacet
facet normal -0.0 0.0 1.0
outer loop
vertex 11.499186515808105 6.422489643096924 11.5
vertex 11.979055404663086 2.954423189163208 11.5
vertex 12.0380859375 2.9642257690429688 11.5
endloop
endfacet
facet normal -0.0 -0.0 1.0
outer loop
vertex 11.499186515808105 6.422489643096924 11.5
vertex 12.0380859375 2.9642257690429688 11.5
vertex 11.627484321594238 6.441173553466797 11.5
endloop
endfacet
facet normal -0.0 0.0 1.0
outer loop
vertex 11.627484321594238 6.441173553466797 11.5
vertex 12.0380859375 2.9642257690429688 11.5
vertex 12.097299575805664 2.972849130630493 11.5
endloop
endfacet
facet normal -0.0 -0.0 1.0
outer loop
vertex 11.627484321594238 6.441173553466797 11.5
vertex 12.097299575805664 2.972849130630493 11.5
vertex 11.756128311157227 6.457294940948486 11.5
endloop
endfacet
facet normal -0.0 0.0 1.0
outer loop
vertex 11.756128311157227 6.457294940948486 11.5
vertex 12.097299575805664 2.972849130630493 11.5
vertex 12.1566743850708 2.980289936065674 11.5
endloop
endfacet
facet normal -0.0 -0.0 1.0
outer loop
vertex 11.756128311157227 6.457294940948486 11.5
vertex 12.1566743850708 2.980289936065674 11.5
vertex 11.885068893432617 6.470847129821777 11.5
endloop
endfacet
facet normal -0.0 0.0 1.0
outer loop
vertex 11.885068893432617 6.470847129821777 11.5
vertex 12.1566743850708 2.980289936065674 11.5
vertex 12.2161865234375 2.9865448474884033 11.5
endloop
endfacet
facet normal -0.0 -0.0 0.9999999999999999
outer loop
vertex 11.885068893432617 6.470847129821777 11.5
vertex 12.2161865234375 2.9865448474884033 11.5
vertex 12.014253616333008 6.48182487487793 11.5
endloop
endfacet
facet normal -0.0 0.0 1.0
outer loop
vertex 12.014253616333008 6.48182487487793 11.5
vertex 12.2161865234375 2.9865448474884033 11.5
vertex 12.275809288024902 2.9916114807128906 11.5
endloop
endfacet
facet normal -0.0 -0.0 1.0
outer loop
vertex 12.014253616333008 6.48182487487793 11.5
vertex 12.275809288024902 2.9916114807128906 11.5
vertex 12.143632888793945 6.490223407745361 11.5
endloop
endfacet
facet normal -0.0 0.0 1.0
outer loop
vertex 12.143632888793945 6.490223407745361 11.5
vertex 12.275809288024902 2.9916114807128906 11.5
vertex 12.335522651672363 2.995487689971924 11.5
endloop
endfacet
facet normal -0.0 -0.0 1.0
outer loop
vertex 12.143632888793945 6.490223407745361 11.5
vertex 12.335522651672363 2.995487689971924 11.5
vertex 12.273153305053711 6.496040344238281 11.5
endloop
endfacet
facet normal -0.0 0.0 1.0
outer loop
vertex 12.273153305053711 6.496040344238281 11.5
vertex 12.335522651672363 2.995487689971924 11.5
vertex 12.395301818847656 2.9981725215911865 11.5
endloop
endfacet
facet normal -0.0 0.0 0.9999999999999999
outer loop
vertex 12.273153305053711 6.496040344238281 11.5
vertex 12.395301818847656 2.9981725215911865 11.5
vertex 12.402763366699219 6.49927282333374 11.5
endloop
endfacet
facet normal -0.0 0.0 1.0
outer loop
vertex 12.402763366699219 6.49927282333374 11.5
vertex 12.395301818847656 2.9981725215911865 11.5
vertex 12.455121994018555 2.999664306640625 11.5
endloop
endfacet
facet normal -0.0 0.0 1.0
outer loop
vertex 12.402763366699219 6.49927282333374 11.5
vertex 12.455121994018555 2.999664306640625 11.5
vertex 12.532413482666016 6.4999189376831055 11.5
endloop
endfacet
facet normal -0.0 0.0 1.0
outer loop
vertex 12.532413482666016 6.4999189376831055 11.5
vertex 12.455121994018555 2.999664306640625 11.5
vertex 12.514960289001465 2.99996280670166 11.5
endloop
endfacet
facet normal -0.0 0.0 1.0
outer loop
vertex 12.532413482666016 6.4999189376831055 11.5
vertex 12.514960289001465 2.99996280670166 11.5
vertex 12.662049293518066 6.497979640960693 11.5
endloop
endfacet
facet normal 0.0 0.0 1.0
outer loop
vertex 12.662049293518066 6.497979640960693 11.5
vertex 12.514960289001465 2.99996280670166 11.5
vertex 12.57479190826416 2.999067544937134 11.5
endloop
endfacet
facet normal -0.0 0.0 0.9999999999999999
outer loop
vertex 12.662049293518066 6.497979640960693 11.5
vertex 12.57479190826416 2.999067544937134 11.5
vertex 12.791621208190918 6.493454933166504 11.5
endloop
endfacet
facet normal 0.0 0.0 1.0
outer loop
vertex 12.791621208190918 6.493454933166504 11.5
vertex 12.57479190826416 2.999067544937134 11.5
vertex 12.634594917297363 2.996979236602783 11.5
endloop
endfacet
facet normal -0.0 0.0 1.0
outer loop
vertex 12.791621208190918 6.493454933166504 11.5
vertex 12.634594917297363 2.996979236602783 11.5
vertex 12.921076774597168 6.48634672164917 11.5
endloop
endfacet
facet normal 0.0 0.0 1.0
outer loop
vertex 12.921076774597168 6.48634672164917 11.5
vertex 12.634594917297363 2.996979236602783 11.5
vertex 12.694342613220215 2.9936983585357666 11.5
endloop
endfacet
facet normal -0.0 0.0 1.0
outer loop
vertex 12.921076774597168 6.48634672164917 11.5
vertex 12.694342613220215 2.9936983585357666 11.5
vertex 13.050365447998047 6.476657867431641 11.5
endloop
endfacet
facet normal 0.0 0.0 1.0
outer loop
vertex 13.050365447998047 6.476657867431641 11.5
vertex 12.694342613220215 2.9936983585357666 11.5
vertex 12.75401496887207 2.989226818084717 11.5
endloop
endfacet
facet normal -0.0 0.0 1.0
outer loop
vertex 13.050365447998047 6.476657867431641 11.5
vertex 12.75401496887207 2.989226818084717 11.5
vertex 13.179435729980469 6.464392185211182 11.5
endloop
endfacet
facet normal 0.0 0.0 1.0
outer loop
vertex 13.179435729980469 6.464392185211182 11.5
vertex 12.75401496887207 2.989226818084717 11.5
vertex 12.813586235046387 2.98356556892395 11.5
endloop
endfacet
facet normal -0.0 0.0 1.0
outer loop
vertex 13.179435729980469 6.464392185211182 11.5
vertex 12.813586235046387 2.98356556892395 11.5
vertex 13.308234214782715 6.449554920196533 11.5
endloop
endfacet
facet normal 0.0 0.0 1.0
outer loop
vertex 13.308234214782715 6.449554920196533 11.5
vertex 12.813586235046387 2.98356556892395 11.5
vertex 12.873031616210938 2.976717710494995 11.5
endloop
endfacet
facet normal -0.0 0.0 1.0
outer loop
vertex 13.308234214782715 6.449554920196533 11.5
vertex 12.873031616210938 2.976717710494995 11.5
vertex 13.436711311340332 6.4321513175964355 11.5
endloop
endfacet
facet normal 0.0 0.0 1.0
outer loop
vertex 13.436711311340332 6.4321513175964355 11.5
vertex 12.873031616210938 2.976717710494995 11.5
vertex 12.932328224182129 2.9686851501464844 11.5
endloop
endfacet
facet normal -0.0 0.0 1.0
outer loop
vertex 13.436711311340332 6.4321513175964355 11.5
vertex 12.932328224182129 2.9686851501464844 11.5
vertex 13.56481647491455 6.41218900680542 11.5
endloop
endfacet
facet normal 0.0 0.0 0.9999999999999999
outer loop
vertex 13.56481647491455 6.41218900680542 11.5
vertex 12.932328224182129 2.9686851501464844 11.5
vertex 12.991453170776367 2.9594719409942627 11.5
endloop
endfacet
facet normal -0.0 0.0 1.0
outer loop
vertex 13.56481647491455 6.41218900680542 11.5
vertex 12.991453170776367 2.9594719409942627 11.5
vertex 13.692497253417969 6.389675140380859 11.5
endloop
endfacet
facet normal 0.0 0.0 0.9999999999999999
outer loop
vertex 13.692497253417969 6.389675140380859 11.5
vertex 12.991453170776367 2.9594719409942627 11.5
vertex 13.050383567810059 2.9490809440612793 11.5
endloop
endfacet
facet normal -0.0 0.0 1.0
outer loop
vertex 13.692497253417969 6.389675140380859 11.5
vertex 13.050383567810059 2.9490809440612793 11.5
vertex 13.81970500946045 6.364619255065918 11.5
endloop
endfacet
facet normal 0.0 0.0 0.9999999999999999
outer loop
vertex 13.81970500946045 6.364619255065918 11.5
vertex 13.050383567810059 2.9490809440612793 11.5
vertex 13.109094619750977 2.937516689300537 11.5
endloop
endfacet
facet normal -0.0 0.0 0.9999999999999999
outer loop
vertex 13.81970500946045 6.364619255065918 11.5
vertex 13.109094619750977 2.937516689300537 11.5
vertex 13.946386337280273 6.337031364440918 11.5
endloop
endfacet
facet normal 0.0 0.0 1.0
outer loop
vertex 13.946386337280273 6.337031364440918 11.5
vertex 13.109094619750977 2.937516689300537 11.5
vertex 13.167562484741211 2.924783706665039 11.5
endloop
endfacet
facet normal -0.0 0.0 1.0
outer loop
vertex 13.946386337280273 6.337031364440918 11.5
vertex 13.167562484741211 2.924783706665039 11.5
vertex 14.072492599487305 6.30692195892334 11.5
endloop
endfacet
facet normal 0.0 0.0 0.9999999999999999
outer loop
vertex 14.072492599487305 6.30692195892334 11.5
vertex 13.167562484741211 2.924783706665039 11.5
vertex 13.2257661819458 2.9108872413635254 11.5
endloop
endfacet
facet normal -0.0 0.0 1.0
outer loop
vertex 14.072492599487305 6.30692195892334 11.5
vertex 13.2257661819458 2.9108872413635254 11.5
vertex 14.197972297668457 6.274303913116455 11.5
endloop
endfacet
facet normal 0.0 0.0 1.0
outer loop
vertex 14.197972297668457 6.274303913116455 11.5
vertex 13.2257661819458 2.9108872413635254 11.5
vertex 13.283679962158203 2.8958325386047363 11.5
endloop
endfacet
facet normal -0.0 0.0 1.0
outer loop
vertex 14.197972297668457 6.274303913116455 11.5
vertex 13.283679962158203 2.8958325386047363 11.5
vertex 14.32277774810791 6.239189147949219 11.5
endloop
endfacet
facet normal 0.0 0.0 1.0
outer loop
vertex 14.32277774810791 6.239189147949219 11.5
vertex 13.283679962158203 2.8958325386047363 11.5
vertex 13.341282844543457 2.8796255588531494 11.5
endloop
endfacet
facet normal -0.0 0.0 1.0
outer loop
vertex 14.32277774810791 6.239189147949219 11.5
vertex 13.341282844543457 2.8796255588531494 11.5
vertex 14.446858406066895 6.201592445373535 11.5
endloop
endfacet
facet normal 0.0 0.0 1.0
outer loop
vertex 14.446858406066895 6.201592445373535 11.5
vertex 13.341282844543457 2.8796255588531494 11.5
vertex 13.39854907989502 2.8622732162475586 11.5
endloop
endfacet
facet normal -0.0 0.0 1.0
outer loop
vertex 14.446858406066895 6.201592445373535 11.5
vertex 13.39854907989502 2.8622732162475586 11.5
vertex 14.57016372680664 6.161527633666992 11.5
endloop
endfacet
facet normal 0.0 0.0 1.0
outer loop
vertex 14.57016372680664 6.161527633666992 11.5
vertex 13.39854907989502 2.8622732162475586 11.5
vertex 13.455459594726562 2.8437821865081787 11.5
endloop
endfacet
facet normal -0.0 0.0 1.0
outer loop
vertex 14.57016372680664 6.161527633666992 11.5
vertex 13.455459594726562 2.8437821865081787 11.5
vertex 14.692644119262695 6.119011878967285 11.5
endloop
endfacet
facet normal 0.0 0.0 1.0
outer loop
vertex 14.692644119262695 6.119011878967285 11.5
vertex 13.455459594726562 2.8437821865081787 11.5
vertex 13.511990547180176 2.8241593837738037 11.5
endloop
endfacet
facet normal -0.0 0.0 1.0
outer loop
vertex 14.692644119262695 6.119011878967285 11.5
vertex 13.511990547180176 2.8241593837738037 11.5
vertex 14.814253807067871 6.074061393737793 11.5
endloop
endfacet
facet normal 0.0 0.0 1.0
outer loop
vertex 14.814253807067871 6.074061393737793 11.5
vertex 13.511990547180176 2.8241593837738037 11.5
vertex 13.568117141723633 2.803413152694702 11.5
endloop
endfacet
facet normal -0.0 0.0 0.9999999999999999
outer loop
vertex 14.814253807067871 6.074061393737793 11.5
vertex 13.568117141723633 2.803413152694702 11.5
vertex 14.934943199157715 6.026695251464844 11.5
endloop
endfacet
facet normal 0.0 0.0 1.0
outer loop
vertex 14.934943199157715 6.026695251464844 11.5
vertex 13.568117141723633 2.803413152694702 11.5
vertex 13.623819351196289 2.7815515995025635 11.5
endloop
endfacet
facet normal -0.0 0.0 1.0
outer loop
vertex 14.934943199157715 6.026695251464844 11.5
vertex 13.623819351196289 2.7815515995025635 11.5
vertex 15.054662704467773 5.976930618286133 11.5
endloop
endfacet
facet normal 0.0 0.0 1.0
outer loop
vertex 15.054662704467773 5.976930618286133 11.5
vertex 13.623819351196289 2.7815515995025635 11.5
vertex 13.679075241088867 2.7585833072662354 11.5
endloop
endfacet
facet normal -0.0 0.0 1.0
outer loop
vertex 15.054662704467773 5.976930618286133 11.5
vertex 13.679075241088867 2.7585833072662354 11.5
vertex 15.17336654663086 5.924787998199463 11.5
endloop
endfacet
facet normal 0.0 0.0 0.9999999999999999
outer loop
vertex 15.17336654663086 5.924787998199463 11.5
vertex 13.679075241088867 2.7585833072662354 11.5
vertex 13.733860969543457 2.7345173358917236 11.5
endloop
endfacet
facet normal -0.0 0.0 1.0
outer loop
vertex 15.17336654663086 5.924787998199463 11.5
vertex 13.733860969543457 2.7345173358917236 11.5
vertex 15.291006088256836 5.870288372039795 11.5
endloop
endfacet
facet normal 0.0 0.0 0.9999999999999999
outer loop
vertex 15.291006088256836 5.870288372039795 11.5
vertex 13.733860969543457 2.7345173358917236 11.5
vertex 13.788156509399414 2.7093639373779297 11.5
endloop
endfacet
facet normal -0.0 0.0 1.0
outer loop
vertex 15.291006088256836 5.870288372039795 11.5
vertex 13.788156509399414 2.7093639373779297 11.5
vertex 15.407535552978516 5.813453197479248 11.5
endloop
endfacet
facet normal 0.0 0.0 1.0
outer loop
vertex 15.407535552978516 5.813453197479248 11.5
vertex 13.788156509399414 2.7093639373779297 11.5
vertex 13.841938972473145 2.6831321716308594 11.5
endloop
endfacet
facet normal 0.8262452552059671 -0.5633105522264131 0.0
outer loop
vertex 14.961739540100098 -1.7145967483520508 14.199999809265137
vertex 14.995447158813477 -1.6651555299758911 11.5
vertex 14.995447158813477 -1.6651555299758911 14.199999809265137
endloop
endfacet
facet normal 0.837308472986812 -0.5467307573792546 0.0
outer loop
vertex 14.995447158813477 -1.6651555299758911 14.199999809265137
vertex 14.995447158813477 -1.6651555299758911 11.5
vertex 15.028162956237793 -1.6150518655776978 11.5
endloop
endfacet
facet normal 0.837308472986812 -0.5467307573792546 0.0
outer loop
vertex 14.995447158813477 -1.6651555299758911 14.199999809265137
vertex 15.028162956237793 -1.6150518655776978 11.5
vertex 15.028162956237793 -1.6150518655776978 14.199999809265137
endloop
endfacet
facet normal 0.8480486641325714 -0.5299183552802837 0.0
outer loop
vertex 15.028162956237793 -1.6150518655776978 14.199999809265137
vertex 15.028162956237793 -1.6150518655776978 11.5
vertex 15.0598726272583 -1.5643056631088257 11.5
endloop
endfacet
facet normal 0.8480486641325714 -0.5299183552802837 0.0
outer loop
vertex 15.028162956237793 -1.6150518655776978 14.199999809265137
vertex 15.0598726272583 -1.5643056631088257 11.5
vertex 15.0598726272583 -1.5643056631088257 14.199999809265137
endloop
endfacet
facet normal 0.8584429493216327 -0.5129090589568259 0.0
outer loop
vertex 15.0598726272583 -1.5643056631088257 14.199999809265137
vertex 15.0598726272583 -1.5643056631088257 11.5
vertex 15.090564727783203 -1.512937068939209 11.5
endloop
endfacet
facet normal 0.8584429493216327 -0.5129090589568259 0.0
outer loop
vertex 15.0598726272583 -1.5643056631088257 14.199999809265137
vertex 15.090564727783203 -1.512937068939209 11.5
vertex 15.090564727783203 -1.512937068939209 14.199999809265137
endloop
endfacet
facet normal 0.8685112541303203 -0.4956694477663294 0.0
outer loop
vertex 15.090564727783203 -1.512937068939209 14.199999809265137
vertex 15.090564727783203 -1.512937068939209 11.5
vertex 15.120224952697754 -1.4609664678573608 11.5
endloop
endfacet
facet normal 0.8685112541303203 -0.4956694477663294 0.0
outer loop
vertex 15.090564727783203 -1.512937068939209 14.199999809265137
vertex 15.120224952697754 -1.4609664678573608 11.5
vertex 15.120224952697754 -1.4609664678573608 14.199999809265137
endloop
endfacet
facet normal 0.8782236571869658 -0.4782501520722713 0.0
outer loop
vertex 15.120224952697754 -1.4609664678573608 14.199999809265137
vertex 15.120224952697754 -1.4609664678573608 11.5
vertex 15.148842811584473 -1.4084147214889526 11.5
endloop
endfacet
facet normal 0.8782236571869658 -0.4782501520722713 0.0
outer loop
vertex 15.120224952697754 -1.4609664678573608 14.199999809265137
vertex 15.148842811584473 -1.4084147214889526 11.5
vertex 15.148842811584473 -1.4084147214889526 14.199999809265137
endloop
endfacet
facet normal 0.8875877335336244 -0.4606387036286072 0.0
outer loop
vertex 15.148842811584473 -1.4084147214889526 14.199999809265137
vertex 15.148842811584473 -1.4084147214889526 11.5
vertex 15.176406860351562 -1.3553025722503662 11.5
endloop
endfacet
facet normal 0.8875877335336244 -0.4606387036286072 0.0
outer loop
vertex 15.148842811584473 -1.4084147214889526 14.199999809265137
vertex 15.176406860351562 -1.3553025722503662 11.5
vertex 15.176406860351562 -1.3553025722503662 14.199999809265137
endloop
endfacet
facet normal 0.896595212675333 -0.4428510185239209 0.0
outer loop
vertex 15.176406860351562 -1.3553025722503662 14.199999809265137
vertex 15.176406860351562 -1.3553025722503662 11.5
vertex 15.202906608581543 -1.3016512393951416 11.5
endloop
endfacet
facet normal 0.896595212675333 -0.4428510185239209 0.0
outer loop
vertex 15.176406860351562 -1.3553025722503662 14.199999809265137
vertex 15.202906608581543 -1.3016512393951416 11.5
vertex 15.202906608581543 -1.3016512393951416 14.199999809265137
endloop
endfacet
facet normal 0.9052520187561697 -0.42487501990335874 0.0
outer loop
vertex 15.202906608581543 -1.3016512393951416 14.199999809265137
vertex 15.202906608581543 -1.3016512393951416 11.5
vertex 15.228330612182617 -1.2474820613861084 11.5
endloop
endfacet
facet normal 0.9052520187561697 -0.42487501990335874 0.0
outer loop
vertex 15.202906608581543 -1.3016512393951416 14.199999809265137
vertex 15.228330612182617 -1.2474820613861084 11.5
vertex 15.228330612182617 -1.2474820613861084 14.199999809265137
endloop
endfacet
facet normal 0.9135451821006095 -0.40673726195268145 0.0
outer loop
vertex 15.228330612182617 -1.2474820613861084 14.199999809265137
vertex 15.228330612182617 -1.2474820613861084 11.5
vertex 15.252669334411621 -1.1928164958953857 11.5
endloop
endfacet
facet normal 0.9135451821006095 -0.40673726195268145 0.0
outer loop
vertex 15.228330612182617 -1.2474820613861084 14.199999809265137
vertex 15.252669334411621 -1.1928164958953857 11.5
vertex 15.252669334411621 -1.1928164958953857 14.199999809265137
endloop
endfacet
facet normal 0.9214738972522891 -0.38844028715193496 0.0
outer loop
vertex 15.252669334411621 -1.1928164958953857 14.199999809265137
vertex 15.252669334411621 -1.1928164958953857 11.5
vertex 15.27591323852539 -1.1376763582229614 11.5
endloop
endfacet
facet normal 0.9214738972522891 -0.38844028715193496 0.0
outer loop
vertex 15.252669334411621 -1.1928164958953857 14.199999809265137
vertex 15.27591323852539 -1.1376763582229614 11.5
vertex 15.27591323852539 -1.1376763582229614 14.199999809265137
endloop
endfacet
facet normal 0.9290430349377533 -0.36997167355575816 0.0
outer loop
vertex 15.27591323852539 -1.1376763582229614 14.199999809265137
vertex 15.27591323852539 -1.1376763582229614 11.5
vertex 15.298051834106445 -1.0820837020874023 11.5
endloop
endfacet
facet normal 0.9290430349377533 -0.36997167355575816 0.0
outer loop
vertex 15.27591323852539 -1.1376763582229614 14.199999809265137
vertex 15.298051834106445 -1.0820837020874023 11.5
vertex 15.298051834106445 -1.0820837020874023 14.199999809265137
endloop
endfacet
facet normal 0.9362308153460845 -0.3513856291831035 0.0
outer loop
vertex 15.298051834106445 -1.0820837020874023 14.199999809265137
vertex 15.298051834106445 -1.0820837020874023 11.5
vertex 15.31907844543457 -1.0260604619979858 11.5
endloop
endfacet
facet normal 0.9362308153460845 -0.3513856291831035 0.0
outer loop
vertex 15.298051834106445 -1.0820837020874023 14.199999809265137
vertex 15.31907844543457 -1.0260604619979858 11.5
vertex 15.31907844543457 -1.0260604619979858 14.199999809265137
endloop
endfacet
facet normal 0.9430577293639045 -0.33262910138320234 0.0
outer loop
vertex 15.31907844543457 -1.0260604619979858 14.199999809265137
vertex 15.31907844543457 -1.0260604619979858 11.5
vertex 15.338982582092285 -0.9696289896965027 11.5
endloop
endfacet
facet normal 0.9430577293639045 -0.33262910138320234 0.0
outer loop
vertex 15.31907844543457 -1.0260604619979858 14.199999809265137
vertex 15.338982582092285 -0.9696289896965027 11.5
vertex 15.338982582092285 -0.9696289896965027 14.199999809265137
endloop
endfacet
facet normal 0.9495076000495285 -0.3137440317331703 0.0
outer loop
vertex 15.338982582092285 -0.9696289896965027 14.199999809265137
vertex 15.338982582092285 -0.9696289896965027 11.5
vertex 15.357756614685059 -0.9128116965293884 11.5
endloop
endfacet
facet normal 0.9495076000495285 -0.3137440317331703 0.0
outer loop
vertex 15.338982582092285 -0.9696289896965027 14.199999809265137
vertex 15.357756614685059 -0.9128116965293884 11.5
vertex 15.357756614685059 -0.9128116965293884 14.199999809265137
endloop
endfacet
facet normal 0.9555708951609523 -0.2947613684343597 0.0
outer loop
vertex 15.357756614685059 -0.9128116965293884 14.199999809265137
vertex 15.357756614685059 -0.9128116965293884 11.5
vertex 15.375394821166992 -0.8556313514709473 11.5
endloop
endfacet
facet normal 0.9555708951609523 -0.2947613684343597 0.0
outer loop
vertex 15.357756614685059 -0.9128116965293884 14.199999809265137
vertex 15.375394821166992 -0.8556313514709473 11.5
vertex 15.375394821166992 -0.8556313514709473 14.199999809265137
endloop
endfacet
facet normal 0.9612618227074341 -0.27563691372017207 0.0
outer loop
vertex 15.375394821166992 -0.8556313514709473 14.199999809265137
vertex 15.375394821166992 -0.8556313514709473 11.5
vertex 15.391888618469238 -0.7981105446815491 11.5
endloop
endfacet
facet normal 0.9612618227074341 -0.27563691372017207 0.0
outer loop
vertex 15.375394821166992 -0.8556313514709473 14.199999809265137
vertex 15.391888618469238 -0.7981105446815491 11.5
vertex 15.391888618469238 -0.7981105446815491 14.199999809265137
endloop
endfacet
facet normal 0.9665705208967972 -0.2564009128948148 0.0
outer loop
vertex 15.391888618469238 -0.7981105446815491 14.199999809265137
vertex 15.391888618469238 -0.7981105446815491 11.5
vertex 15.407231330871582 -0.7402721643447876 11.5
endloop
endfacet
facet normal 0.9665705208967972 -0.2564009128948148 0.0
outer loop
vertex 15.391888618469238 -0.7981105446815491 14.199999809265137
vertex 15.407231330871582 -0.7402721643447876 11.5
vertex 15.407231330871582 -0.7402721643447876 14.199999809265137
endloop
endfacet
facet normal 0.9714891447041185 -0.23708403936591874 0.0
outer loop
vertex 15.407231330871582 -0.7402721643447876 14.199999809265137
vertex 15.407231330871582 -0.7402721643447876 11.5
vertex 15.421418190002441 -0.6821392774581909 11.5
endloop
endfacet
facet normal 0.9714891447041185 -0.23708403936591874 0.0
outer loop
vertex 15.407231330871582 -0.7402721643447876 14.199999809265137
vertex 15.421418190002441 -0.6821392774581909 11.5
vertex 15.421418190002441 -0.6821392774581909 14.199999809265137
endloop
endfacet
facet normal 0.9760219677192744 -0.21767204351821445 0.0
outer loop
vertex 15.421418190002441 -0.6821392774581909 14.199999809265137
vertex 15.421418190002441 -0.6821392774581909 11.5
vertex 15.434443473815918 -0.6237350702285767 11.5
endloop
endfacet
facet normal 0.9760219677192744 -0.21767204351821445 0.0
outer loop
vertex 15.421418190002441 -0.6821392774581909 14.199999809265137
vertex 15.434443473815918 -0.6237350702285767 11.5
vertex 15.434443473815918 -0.6237350702285767 14.199999809265137
endloop
endfacet
facet normal 0.9801749530387539 -0.19813394821553604 0.0
outer loop
vertex 15.434443473815918 -0.6237350702285767 14.199999809265137
vertex 15.434443473815918 -0.6237350702285767 11.5
vertex 15.44629955291748 -0.5650826692581177 11.5
endloop
endfacet
facet normal 0.9801749530387539 -0.19813394821553604 0.0
outer loop
vertex 15.434443473815918 -0.6237350702285767 14.199999809265137
vertex 15.44629955291748 -0.5650826692581177 11.5
vertex 15.44629955291748 -0.5650826692581177 14.199999809265137
endloop
endfacet
facet normal 0.9839286339654479 -0.17856215518101112 0.0
outer loop
vertex 15.44629955291748 -0.5650826692581177 14.199999809265137
vertex 15.44629955291748 -0.5650826692581177 11.5
vertex 15.456984519958496 -0.5062054395675659 11.5
endloop
endfacet
facet normal 0.9839286339654479 -0.17856215518101112 0.0
outer loop
vertex 15.44629955291748 -0.5650826692581177 14.199999809265137
vertex 15.456984519958496 -0.5062054395675659 11.5
vertex 15.456984519958496 -0.5062054395675659 14.199999809265137
endloop
endfacet
facet normal 0.987295388324573 -0.15889561414032424 0.0
outer loop
vertex 15.456984519958496 -0.5062054395675659 14.199999809265137
vertex 15.456984519958496 -0.5062054395675659 11.5
vertex 15.466492652893066 -0.4471268057823181 11.5
endloop
endfacet
facet normal 0.987295388324573 -0.15889561414032424 0.0
outer loop
vertex 15.456984519958496 -0.5062054395675659 14.199999809265137
vertex 15.466492652893066 -0.4471268057823181 11.5
vertex 15.466492652893066 -0.4471268057823181 14.199999809265137
endloop
endfacet
facet normal 0.9902691677634493 -0.13916528078901527 0.0
outer loop
vertex 15.466492652893066 -0.4471268057823181 14.199999809265137
vertex 15.466492652893066 -0.4471268057823181 11.5
vertex 15.474820137023926 -0.38787028193473816 11.5
endloop
endfacet
facet normal 0.9902691677634493 -0.13916528078901527 0.0
outer loop
vertex 15.466492652893066 -0.4471268057823181 14.199999809265137
vertex 15.474820137023926 -0.38787028193473816 11.5
vertex 15.474820137023926 -0.38787028193473816 14.199999809265137
endloop
endfacet
facet normal 0.9928459115592171 -0.1194026628687442 0.0
outer loop
vertex 15.474820137023926 -0.38787028193473816 14.199999809265137
vertex 15.474820137023926 -0.38787028193473816 11.5
vertex 15.481965065002441 -0.3284594416618347 11.5
endloop
endfacet
facet normal 0.9928459115592171 -0.1194026628687442 0.0
outer loop
vertex 15.474820137023926 -0.38787028193473816 14.199999809265137
vertex 15.481965065002441 -0.3284594416618347 11.5
vertex 15.481965065002441 -0.3284594416618347 14.199999809265137
endloop
endfacet
facet normal 0.995029894418038 -0.0995766499458 0.0
outer loop
vertex 15.481965065002441 -0.3284594416618347 14.199999809265137
vertex 15.481965065002441 -0.3284594416618347 11.5
vertex 15.487923622131348 -0.2689179480075836 11.5
endloop
endfacet
facet normal 0.995029894418038 -0.0995766499458 0.0
outer loop
vertex 15.481965065002441 -0.3284594416618347 14.199999809265137
vertex 15.487923622131348 -0.2689179480075836 11.5
vertex 15.487923622131348 -0.2689179480075836 14.199999809265137
endloop
endfacet
facet normal 0.9968186744568978 -0.07970276189689654 0.0
outer loop
vertex 15.487923622131348 -0.2689179480075836 14.199999809265137
vertex 15.487923622131348 -0.2689179480075836 11.5
vertex 15.492692947387695 -0.2092694193124771 11.5
endloop
endfacet
facet normal 0.9968186744568978 -0.07970276189689654 0.0
outer loop
vertex 15.487923622131348 -0.2689179480075836 14.199999809265137
vertex 15.492692947387695 -0.2092694193124771 11.5
vertex 15.492692947387695 -0.2092694193124771 14.199999809265137
endloop
endfacet
facet normal 0.9982105548224599 -0.05979705879921259 0.0
outer loop
vertex 15.492692947387695 -0.2092694193124771 14.199999809265137
vertex 15.492692947387695 -0.2092694193124771 11.5
vertex 15.496271133422852 -0.14953766763210297 11.5
endloop
endfacet
facet normal 0.9982105548224599 -0.05979705879921259 0.0
outer loop
vertex 15.492692947387695 -0.2092694193124771 14.199999809265137
vertex 15.496271133422852 -0.14953766763210297 11.5
vertex 15.496271133422852 -0.14953766763210297 14.199999809265137
endloop
endfacet
facet normal 0.9992040283581345 -0.03989122350688651 0.0
outer loop
vertex 15.496271133422852 -0.14953766763210297 14.199999809265137
vertex 15.496271133422852 -0.14953766763210297 11.5
vertex 15.498658180236816 -0.0897464007139206 11.5
endloop
endfacet
facet normal 0.9992040283581345 -0.03989122350688651 0.0
outer loop
vertex 15.496271133422852 -0.14953766763210297 14.199999809265137
vertex 15.498658180236816 -0.0897464007139206 11.5
vertex 15.498658180236816 -0.0897464007139206 14.199999809265137
endloop
endfacet
facet normal 0.9998015427624103 -0.01992172406957644 0.0
outer loop
vertex 15.498658180236816 -0.0897464007139206 14.199999809265137
vertex 15.498658180236816 -0.0897464007139206 11.5
vertex 15.499850273132324 -0.02991943433880806 11.5
endloop
endfacet
facet normal 0.9998015427624103 -0.01992172406957644 0.0
outer loop
vertex 15.498658180236816 -0.0897464007139206 14.199999809265137
vertex 15.499850273132324 -0.02991943433880806 11.5
vertex 15.499850273132324 -0.02991943433880806 14.199999809265137
endloop
endfacet
facet normal 0.9999874785515851 -0.005004272179180864 0.0
outer loop
vertex 15.499850273132324 -0.02991943433880806 14.199999809265137
vertex 15.499850273132324 -0.02991943433880806 11.5
vertex 15.5 1.102182034977753e-15 14.199999809265137
endloop
endfacet
facet normal 0.9999874785515851 -0.005004272179180864 0.0
outer loop
vertex 15.5 1.102182034977753e-15 14.199999809265137
vertex 15.499850273132324 -0.02991943433880806 11.5
vertex 15.5 1.102182034977753e-15 11.5
endloop
endfacet
facet normal 0.999987478551585 0.005004272179181234 0.0
outer loop
vertex 15.5 1.102182034977753e-15 14.199999809265137
vertex 15.5 1.102182034977753e-15 11.5
vertex 15.499850273132324 0.02991943433880806 14.199999809265137
endloop
endfacet
facet normal 0.837308472986812 0.5467307573792546 0.0
outer loop
vertex 14.995447158813477 1.6651555299758911 11.5
vertex 15.028162956237793 1.6150518655776978 14.199999809265137
vertex 15.028162956237793 1.6150518655776978 11.5
endloop
endfacet
facet normal 0.8480486641325714 0.5299183552802837 -0.0
outer loop
vertex 15.028162956237793 1.6150518655776978 11.5
vertex 15.028162956237793 1.6150518655776978 14.199999809265137
vertex 15.0598726272583 1.5643056631088257 14.199999809265137
endloop
endfacet
facet normal 0.8480486641325714 0.5299183552802837 0.0
outer loop
vertex 15.028162956237793 1.6150518655776978 11.5
vertex 15.0598726272583 1.5643056631088257 14.199999809265137
vertex 15.0598726272583 1.5643056631088257 11.5
endloop
endfacet
facet normal 0.8584429493216327 0.5129090589568259 -0.0
outer loop
vertex 15.0598726272583 1.5643056631088257 11.5
vertex 15.0598726272583 1.5643056631088257 14.199999809265137
vertex 15.090564727783203 1.512937068939209 14.199999809265137
endloop
endfacet
facet normal 0.8584429493216327 0.5129090589568259 0.0
outer loop
vertex 15.0598726272583 1.5643056631088257 11.5
vertex 15.090564727783203 1.512937068939209 14.199999809265137
vertex 15.090564727783203 1.512937068939209 11.5
endloop
endfacet
facet normal 0.8685112541303203 0.4956694477663294 -0.0
outer loop
vertex 15.090564727783203 1.512937068939209 11.5
vertex 15.090564727783203 1.512937068939209 14.199999809265137
vertex 15.120224952697754 1.4609664678573608 14.199999809265137
endloop
endfacet
facet normal 0.8685112541303203 0.4956694477663294 0.0
outer loop
vertex 15.090564727783203 1.512937068939209 11.5
vertex 15.120224952697754 1.4609664678573608 14.199999809265137
vertex 15.120224952697754 1.4609664678573608 11.5
endloop
endfacet
facet normal 0.8782236571869658 0.4782501520722713 -0.0
outer loop
vertex 15.120224952697754 1.4609664678573608 11.5
vertex 15.120224952697754 1.4609664678573608 14.199999809265137
vertex 15.148842811584473 1.4084147214889526 14.199999809265137
endloop
endfacet
facet normal 0.8782236571869658 0.4782501520722713 0.0
outer loop
vertex 15.120224952697754 1.4609664678573608 11.5
vertex 15.148842811584473 1.4084147214889526 14.199999809265137
vertex 15.148842811584473 1.4084147214889526 11.5
endloop
endfacet
facet normal 0.8875877335336244 0.4606387036286072 -0.0
outer loop
vertex 15.148842811584473 1.4084147214889526 11.5
vertex 15.148842811584473 1.4084147214889526 14.199999809265137
vertex 15.176406860351562 1.3553025722503662 14.199999809265137
endloop
endfacet
facet normal 0.8875877335336244 0.4606387036286072 0.0
outer loop
vertex 15.148842811584473 1.4084147214889526 11.5
vertex 15.176406860351562 1.3553025722503662 14.199999809265137
vertex 15.176406860351562 1.3553025722503662 11.5
endloop
endfacet
facet normal 0.896595212675333 0.4428510185239209 -0.0
outer loop
vertex 15.176406860351562 1.3553025722503662 11.5
vertex 15.176406860351562 1.3553025722503662 14.199999809265137
vertex 15.202906608581543 1.3016512393951416 14.199999809265137
endloop
endfacet
facet normal 0.896595212675333 0.4428510185239209 0.0
outer loop
vertex 15.176406860351562 1.3553025722503662 11.5
vertex 15.202906608581543 1.3016512393951416 14.199999809265137
vertex 15.202906608581543 1.3016512393951416 11.5
endloop
endfacet
facet normal 0.9052520187561697 0.42487501990335874 -0.0
outer loop
vertex 15.202906608581543 1.3016512393951416 11.5
vertex 15.202906608581543 1.3016512393951416 14.199999809265137
vertex 15.228330612182617 1.2474820613861084 14.199999809265137
endloop
endfacet
facet normal 0.9052520187561697 0.42487501990335874 0.0
outer loop
vertex 15.202906608581543 1.3016512393951416 11.5
vertex 15.228330612182617 1.2474820613861084 14.199999809265137
vertex 15.228330612182617 1.2474820613861084 11.5
endloop
endfacet
facet normal 0.9135451821006095 0.40673726195268145 -0.0
outer loop
vertex 15.228330612182617 1.2474820613861084 11.5
vertex 15.228330612182617 1.2474820613861084 14.199999809265137
vertex 15.252669334411621 1.1928164958953857 14.199999809265137
endloop
endfacet
facet normal 0.9135451821006095 0.40673726195268145 0.0
outer loop
vertex 15.228330612182617 1.2474820613861084 11.5
vertex 15.252669334411621 1.1928164958953857 14.199999809265137
vertex 15.252669334411621 1.1928164958953857 11.5
endloop
endfacet
facet normal 0.9214738972522891 0.38844028715193496 -0.0
outer loop
vertex 15.252669334411621 1.1928164958953857 11.5
vertex 15.252669334411621 1.1928164958953857 14.199999809265137
vertex 15.27591323852539 1.1376763582229614 14.199999809265137
endloop
endfacet
facet normal 0.9214738972522891 0.38844028715193496 0.0
outer loop
vertex 15.252669334411621 1.1928164958953857 11.5
vertex 15.27591323852539 1.1376763582229614 14.199999809265137
vertex 15.27591323852539 1.1376763582229614 11.5
endloop
endfacet
facet normal 0.9290430349377533 0.36997167355575816 -0.0
outer loop
vertex 15.27591323852539 1.1376763582229614 11.5
vertex 15.27591323852539 1.1376763582229614 14.199999809265137
vertex 15.298051834106445 1.0820837020874023 14.199999809265137
endloop
endfacet
facet normal 0.9290430349377533 0.36997167355575816 0.0
outer loop
vertex 15.27591323852539 1.1376763582229614 11.5
vertex 15.298051834106445 1.0820837020874023 14.199999809265137
vertex 15.298051834106445 1.0820837020874023 11.5
endloop
endfacet
facet normal 0.9362308153460845 0.3513856291831035 -0.0
outer loop
vertex 15.298051834106445 1.0820837020874023 11.5
vertex 15.298051834106445 1.0820837020874023 14.199999809265137
vertex 15.31907844543457 1.0260604619979858 14.199999809265137
endloop
endfacet
facet normal 0.9362308153460845 0.3513856291831035 0.0
outer loop
vertex 15.298051834106445 1.0820837020874023 11.5
vertex 15.31907844543457 1.0260604619979858 14.199999809265137
vertex 15.31907844543457 1.0260604619979858 11.5
endloop
endfacet
facet normal 0.9430577293639045 0.33262910138320234 -0.0
outer loop
vertex 15.31907844543457 1.0260604619979858 11.5
vertex 15.31907844543457 1.0260604619979858 14.199999809265137
vertex 15.338982582092285 0.9696289896965027 14.199999809265137
endloop
endfacet
facet normal 0.9430577293639045 0.33262910138320234 0.0
outer loop
vertex 15.31907844543457 1.0260604619979858 11.5
vertex 15.338982582092285 0.9696289896965027 14.199999809265137
vertex 15.338982582092285 0.9696289896965027 11.5
endloop
endfacet
facet normal 0.9495076000495285 0.3137440317331703 -0.0
outer loop
vertex 15.338982582092285 0.9696289896965027 11.5
vertex 15.338982582092285 0.9696289896965027 14.199999809265137
vertex 15.357756614685059 0.9128116965293884 14.199999809265137
endloop
endfacet
facet normal 0.9495076000495285 0.3137440317331703 0.0
outer loop
vertex 15.338982582092285 0.9696289896965027 11.5
vertex 15.357756614685059 0.9128116965293884 14.199999809265137
vertex 15.357756614685059 0.9128116965293884 11.5
endloop
endfacet
facet normal 0.9555708951609523 0.2947613684343597 -0.0
outer loop
vertex 15.357756614685059 0.9128116965293884 11.5
vertex 15.357756614685059 0.9128116965293884 14.199999809265137
vertex 15.375394821166992 0.8556313514709473 14.199999809265137
endloop
endfacet
facet normal 0.9555708951609523 0.2947613684343597 0.0
outer loop
vertex 15.357756614685059 0.9128116965293884 11.5
vertex 15.375394821166992 0.8556313514709473 14.199999809265137
vertex 15.375394821166992 0.8556313514709473 11.5
endloop
endfacet
facet normal 0.9612618227074341 0.27563691372017207 -0.0
outer loop
vertex 15.375394821166992 0.8556313514709473 11.5
vertex 15.375394821166992 0.8556313514709473 14.199999809265137
vertex 15.391888618469238 0.7981105446815491 14.199999809265137
endloop
endfacet
facet normal 0.9612618227074341 0.27563691372017207 0.0
outer loop
vertex 15.375394821166992 0.8556313514709473 11.5
vertex 15.391888618469238 0.7981105446815491 14.199999809265137
vertex 15.391888618469238 0.7981105446815491 11.5
endloop
endfacet
facet normal 0.9665705208967972 0.2564009128948148 -0.0
outer loop
vertex 15.391888618469238 0.7981105446815491 11.5
vertex 15.391888618469238 0.7981105446815491 14.199999809265137
vertex 15.407231330871582 0.7402721643447876 14.199999809265137
endloop
endfacet
facet normal 0.9665705208967972 0.2564009128948148 0.0
outer loop
vertex 15.391888618469238 0.7981105446815491 11.5
vertex 15.407231330871582 0.7402721643447876 14.199999809265137
vertex 15.407231330871582 0.7402721643447876 11.5
endloop
endfacet
facet normal 0.9714891447041185 0.23708403936591874 -0.0
outer loop
vertex 15.407231330871582 0.7402721643447876 11.5
vertex 15.407231330871582 0.7402721643447876 14.199999809265137
vertex 15.421418190002441 0.6821392774581909 14.199999809265137
endloop
endfacet
facet normal 0.9714891447041185 0.23708403936591874 0.0
outer loop
vertex 15.407231330871582 0.7402721643447876 11.5
vertex 15.421418190002441 0.6821392774581909 14.199999809265137
vertex 15.421418190002441 0.6821392774581909 11.5
endloop
endfacet
facet normal 0.9760219677192744 0.21767204351821445 -0.0
outer loop
vertex 15.421418190002441 0.6821392774581909 11.5
vertex 15.421418190002441 0.6821392774581909 14.199999809265137
vertex 15.434443473815918 0.6237350702285767 14.199999809265137
endloop
endfacet
facet normal 0.9760219677192744 0.21767204351821445 0.0
outer loop
vertex 15.421418190002441 0.6821392774581909 11.5
vertex 15.434443473815918 0.6237350702285767 14.199999809265137
vertex 15.434443473815918 0.6237350702285767 11.5
endloop
endfacet
facet normal 0.9801749530387539 0.19813394821553604 -0.0
outer loop
vertex 15.434443473815918 0.6237350702285767 11.5
vertex 15.434443473815918 0.6237350702285767 14.199999809265137
vertex 15.44629955291748 0.5650826692581177 14.199999809265137
endloop
endfacet
facet normal 0.9801749530387539 0.19813394821553604 0.0
outer loop
vertex 15.434443473815918 0.6237350702285767 11.5
vertex 15.44629955291748 0.5650826692581177 14.199999809265137
vertex 15.44629955291748 0.5650826692581177 11.5
endloop
endfacet
facet normal 0.9839286339654479 0.17856215518101112 -0.0
outer loop
vertex 15.44629955291748 0.5650826692581177 11.5
vertex 15.44629955291748 0.5650826692581177 14.199999809265137
vertex 15.456984519958496 0.5062054395675659 14.199999809265137
endloop
endfacet
facet normal 0.9839286339654479 0.17856215518101112 0.0
outer loop
vertex 15.44629955291748 0.5650826692581177 11.5
vertex 15.456984519958496 0.5062054395675659 14.199999809265137
vertex 15.456984519958496 0.5062054395675659 11.5
endloop
endfacet
facet normal 0.987295388324573 0.15889561414032424 -0.0
outer loop
vertex 15.456984519958496 0.5062054395675659 11.5
vertex 15.456984519958496 0.5062054395675659 14.199999809265137
vertex 15.466492652893066 0.4471268057823181 14.199999809265137
endloop
endfacet
facet normal 0.987295388324573 0.15889561414032424 0.0
outer loop
vertex 15.456984519958496 0.5062054395675659 11.5
vertex 15.466492652893066 0.4471268057823181 14.199999809265137
vertex 15.466492652893066 0.4471268057823181 11.5
endloop
endfacet
facet normal 0.9902691677634493 0.13916528078901527 -0.0
outer loop
vertex 15.466492652893066 0.4471268057823181 11.5
vertex 15.466492652893066 0.4471268057823181 14.199999809265137
vertex 15.474820137023926 0.38787028193473816 14.199999809265137
endloop
endfacet
facet normal 0.9902691677634493 0.13916528078901527 0.0
outer loop
vertex 15.466492652893066 0.4471268057823181 11.5
vertex 15.474820137023926 0.38787028193473816 14.199999809265137
vertex 15.474820137023926 0.38787028193473816 11.5
endloop
endfacet
facet normal 0.9928459115592171 0.1194026628687442 -0.0
outer loop
vertex 15.474820137023926 0.38787028193473816 11.5
vertex 15.474820137023926 0.38787028193473816 14.199999809265137
vertex 15.481965065002441 0.3284594416618347 14.199999809265137
endloop
endfacet
facet normal 0.9928459115592171 0.1194026628687442 0.0
outer loop
vertex 15.474820137023926 0.38787028193473816 11.5
vertex 15.481965065002441 0.3284594416618347 14.199999809265137
vertex 15.481965065002441 0.3284594416618347 11.5
endloop
endfacet
facet normal 0.995029894418038 0.0995766499458 -0.0
outer loop
vertex 15.481965065002441 0.3284594416618347 11.5
vertex 15.481965065002441 0.3284594416618347 14.199999809265137
vertex 15.487923622131348 0.2689179480075836 14.199999809265137
endloop
endfacet
facet normal 0.995029894418038 0.0995766499458 0.0
outer loop
vertex 15.481965065002441 0.3284594416618347 11.5
vertex 15.487923622131348 0.2689179480075836 14.199999809265137
vertex 15.487923622131348 0.2689179480075836 11.5
endloop
endfacet
facet normal 0.9968186744568978 0.07970276189689654 -0.0
outer loop
vertex 15.487923622131348 0.2689179480075836 11.5
vertex 15.487923622131348 0.2689179480075836 14.199999809265137
vertex 15.492692947387695 0.2092694193124771 14.199999809265137
endloop
endfacet
facet normal 0.9968186744568978 0.07970276189689654 0.0
outer loop
vertex 15.487923622131348 0.2689179480075836 11.5
vertex 15.492692947387695 0.2092694193124771 14.199999809265137
vertex 15.492692947387695 0.2092694193124771 11.5
endloop
endfacet
facet normal 0.9982105548224599 0.05979705879921259 -0.0
outer loop
vertex 15.492692947387695 0.2092694193124771 11.5
vertex 15.492692947387695 0.2092694193124771 14.199999809265137
vertex 15.496271133422852 0.14953766763210297 14.199999809265137
endloop
endfacet
facet normal 0.9982105548224599 0.05979705879921259 0.0
outer loop
vertex 15.492692947387695 0.2092694193124771 11.5
vertex 15.496271133422852 0.14953766763210297 14.199999809265137
vertex 15.496271133422852 0.14953766763210297 11.5
endloop
endfacet
facet normal 0.9992040283581345 0.03989122350688651 -0.0
outer loop
vertex 15.496271133422852 0.14953766763210297 11.5
vertex 15.496271133422852 0.14953766763210297 14.199999809265137
vertex 15.498658180236816 0.0897464007139206 14.199999809265137
endloop
endfacet
facet normal 0.9992040283581345 0.03989122350688651 0.0
outer loop
vertex 15.496271133422852 0.14953766763210297 11.5
vertex 15.498658180236816 0.0897464007139206 14.199999809265137
vertex 15.498658180236816 0.0897464007139206 11.5
endloop
endfacet
facet normal 0.9998015427624103 0.01992172406957644 -0.0
outer loop
vertex 15.498658180236816 0.0897464007139206 11.5
vertex 15.498658180236816 0.0897464007139206 14.199999809265137
vertex 15.499850273132324 0.02991943433880806 14.199999809265137
endloop
endfacet
facet normal 0.9998015427624103 0.01992172406957644 0.0
outer loop
vertex 15.498658180236816 0.0897464007139206 11.5
vertex 15.499850273132324 0.02991943433880806 14.199999809265137
vertex 15.499850273132324 0.02991943433880806 11.5
endloop
endfacet
facet normal 0.999987478551585 0.005004272179181234 -0.0
outer loop
vertex 15.499850273132324 0.02991943433880806 11.5
vertex 15.499850273132324 0.02991943433880806 14.199999809265137
vertex 15.5 1.102182034977753e-15 11.5
endloop
endfacet
facet normal -0.9999502305456209 0.009976794663598508 -2.7151222592222252e-18
outer loop
vertex 9.50059700012207 0.05983589217066765 14.199999809265137
vertex 9.5 -7.347880586115415e-16 11.5
vertex 9.5 0.0 14.199999809265137
endloop
endfacet
facet normal -0.999950230545621 -0.009976794663598633 2.7151222592222595e-18
outer loop
vertex 9.5 0.0 14.199999809265137
vertex 9.5 -7.347880586115415e-16 11.5
vertex 9.50059700012207 -0.05983589217066765 11.5
endloop
endfacet
facet normal -0.9999502305456209 -0.009976794663598508 0.0
outer loop
vertex 9.5 0.0 14.199999809265137
vertex 9.50059700012207 -0.05983589217066765 11.5
vertex 9.50059700012207 -0.05983589217066765 14.199999809265137
endloop
endfacet
facet normal -0.9995524627575966 -0.029914447934459243 -0.0
outer loop
vertex 9.50059700012207 -0.05983589217066765 14.199999809265137
vertex 9.50059700012207 -0.05983589217066765 11.5
vertex 9.502387046813965 -0.11964797973632812 11.5
endloop
endfacet
facet normal -0.9995524627575966 -0.029914447934459243 0.0
outer loop
vertex 9.50059700012207 -0.05983589217066765 14.199999809265137
vertex 9.502387046813965 -0.11964797973632812 11.5
vertex 9.502387046813965 -0.11964797973632812 14.199999809265137
endloop
endfacet
facet normal -0.9987566114289793 -0.04985209250275143 -0.0
outer loop
vertex 9.502387046813965 -0.11964797973632812 14.199999809265137
vertex 9.502387046813965 -0.11964797973632812 11.5
vertex 9.505370140075684 -0.17941245436668396 11.5
endloop
endfacet
facet normal -0.9987566114289793 -0.04985209250275143 0.0
outer loop
vertex 9.502387046813965 -0.11964797973632812 14.199999809265137
vertex 9.505370140075684 -0.17941245436668396 11.5
vertex 9.505370140075684 -0.17941245436668396 14.199999809265137
endloop
endfacet
facet normal -0.9975650621990533 -0.0697420008301967 -0.0
outer loop
vertex 9.505370140075684 -0.17941245436668396 14.199999809265137
vertex 9.505370140075684 -0.17941245436668396 11.5
vertex 9.509543418884277 -0.23910556733608246 11.5
endloop
endfacet
facet normal -0.9975650621990533 -0.0697420008301967 0.0
outer loop
vertex 9.505370140075684 -0.17941245436668396 14.199999809265137
vertex 9.509543418884277 -0.23910556733608246 11.5
vertex 9.509543418884277 -0.23910556733608246 14.199999809265137
endloop
endfacet
facet normal -0.9959735404044519 -0.089647681588659 -0.0
outer loop
vertex 9.509543418884277 -0.23910556733608246 14.199999809265137
vertex 9.509543418884277 -0.23910556733608246 11.5
vertex 9.514907836914062 -0.29870352149009705 11.5
endloop
endfacet
facet normal -0.9959735404044519 -0.089647681588659 0.0
outer loop
vertex 9.509543418884277 -0.23910556733608246 14.199999809265137
vertex 9.514907836914062 -0.29870352149009705 11.5
vertex 9.514907836914062 -0.29870352149009705 14.199999809265137
endloop
endfacet
facet normal -0.9939879320659161 -0.10948968402239465 -0.0
outer loop
vertex 9.514907836914062 -0.29870352149009705 14.199999809265137
vertex 9.514907836914062 -0.29870352149009705 11.5
vertex 9.521459579467773 -0.3581826686859131 11.5
endloop
endfacet
facet normal -0.9939879320659161 -0.10948968402239465 0.0
outer loop
vertex 9.514907836914062 -0.29870352149009705 14.199999809265137
vertex 9.521459579467773 -0.3581826686859131 11.5
vertex 9.521459579467773 -0.3581826686859131 14.199999809265137
endloop
endfacet
facet normal -0.9916075998062892 -0.1292840593670016 -0.0
outer loop
vertex 9.521459579467773 -0.3581826686859131 14.199999809265137
vertex 9.521459579467773 -0.3581826686859131 11.5
vertex 9.529195785522461 -0.41751930117607117 11.5
endloop
endfacet
facet normal -0.9916075998062892 -0.1292840593670016 0.0
outer loop
vertex 9.521459579467773 -0.3581826686859131 14.199999809265137
vertex 9.529195785522461 -0.41751930117607117 11.5
vertex 9.529195785522461 -0.41751930117607117 14.199999809265137
endloop
endfacet
facet normal -0.988830240868785 -0.1490461497100161 -0.0
outer loop
vertex 9.529195785522461 -0.41751930117607117 14.199999809265137
vertex 9.529195785522461 -0.41751930117607117 11.5
vertex 9.538114547729492 -0.4766898453235626 11.5
endloop
endfacet
facet normal -0.988830240868785 -0.1490461497100161 0.0
outer loop
vertex 9.529195785522461 -0.41751930117607117 14.199999809265137
vertex 9.538114547729492 -0.4766898453235626 11.5
vertex 9.538114547729492 -0.4766898453235626 14.199999809265137
endloop
endfacet
facet normal -0.9856624227458719 -0.1687293346953577 -0.0
outer loop
vertex 9.538114547729492 -0.4766898453235626 14.199999809265137
vertex 9.538114547729492 -0.4766898453235626 11.5
vertex 9.548211097717285 -0.5356706380844116 11.5
endloop
endfacet
facet normal -0.9856624227458719 -0.1687293346953577 0.0
outer loop
vertex 9.538114547729492 -0.4766898453235626 14.199999809265137
vertex 9.548211097717285 -0.5356706380844116 11.5
vertex 9.548211097717285 -0.5356706380844116 14.199999809265137
endloop
endfacet
facet normal -0.9820993361106366 -0.18836372796015435 -0.0
outer loop
vertex 9.548211097717285 -0.5356706380844116 14.199999809265137
vertex 9.548211097717285 -0.5356706380844116 11.5
vertex 9.55948257446289 -0.594438374042511 11.5
endloop
endfacet
facet normal -0.9820993361106366 -0.18836372796015435 0.0
outer loop
vertex 9.548211097717285 -0.5356706380844116 14.199999809265137
vertex 9.55948257446289 -0.594438374042511 11.5
vertex 9.55948257446289 -0.594438374042511 14.199999809265137
endloop
endfacet
facet normal -0.9781461939857687 -0.2079183089368391 -0.0
outer loop
vertex 9.55948257446289 -0.594438374042511 14.199999809265137
vertex 9.55948257446289 -0.594438374042511 11.5
vertex 9.571924209594727 -0.6529697179794312 11.5
endloop
endfacet
facet normal -0.9781461939857687 -0.2079183089368391 0.0
outer loop
vertex 9.55948257446289 -0.594438374042511 14.199999809265137
vertex 9.571924209594727 -0.6529697179794312 11.5
vertex 9.571924209594727 -0.6529697179794312 14.199999809265137
endloop
endfacet
facet normal -0.9738099302068417 -0.2273636290846585 -0.0
outer loop
vertex 9.571924209594727 -0.6529697179794312 14.199999809265137
vertex 9.571924209594727 -0.6529697179794312 11.5
vertex 9.585529327392578 -0.7112411260604858 11.5
endloop
endfacet
facet normal -0.9738099302068417 -0.2273636290846585 0.0
outer loop
vertex 9.571924209594727 -0.6529697179794312 14.199999809265137
vertex 9.585529327392578 -0.7112411260604858 11.5
vertex 9.585529327392578 -0.7112411260604858 14.199999809265137
endloop
endfacet
facet normal -0.9690732275181717 -0.24677333670296275 -0.0
outer loop
vertex 9.585529327392578 -0.7112411260604858 14.199999809265137
vertex 9.585529327392578 -0.7112411260604858 11.5
vertex 9.600296020507812 -0.7692295908927917 11.5
endloop
endfacet
facet normal -0.9690732275181717 -0.24677333670296275 0.0
outer loop
vertex 9.585529327392578 -0.7112411260604858 14.199999809265137
vertex 9.600296020507812 -0.7692295908927917 11.5
vertex 9.600296020507812 -0.7692295908927917 14.199999809265137
endloop
endfacet
facet normal -0.9639654931745157 -0.26602730681043396 -0.0
outer loop
vertex 9.600296020507812 -0.7692295908927917 14.199999809265137
vertex 9.600296020507812 -0.7692295908927917 11.5
vertex 9.616214752197266 -0.8269120454788208 11.5
endloop
endfacet
facet normal -0.9639654931745157 -0.26602730681043396 0.0
outer loop
vertex 9.600296020507812 -0.7692295908927917 14.199999809265137
vertex 9.616214752197266 -0.8269120454788208 11.5
vertex 9.616214752197266 -0.8269120454788208 14.199999809265137
endloop
endfacet
facet normal -0.9584636711776463 -0.285214640284591 -0.0
outer loop
vertex 9.616214752197266 -0.8269120454788208 14.199999809265137
vertex 9.616214752197266 -0.8269120454788208 11.5
vertex 9.633281707763672 -0.8842655420303345 11.5
endloop
endfacet
facet normal -0.9584636711776463 -0.285214640284591 0.0
outer loop
vertex 9.616214752197266 -0.8269120454788208 14.199999809265137
vertex 9.633281707763672 -0.8842655420303345 11.5
vertex 9.633281707763672 -0.8842655420303345 14.199999809265137
endloop
endfacet
facet normal -0.9525886101648894 -0.3042613018182304 -0.0
outer loop
vertex 9.633281707763672 -0.8842655420303345 14.199999809265137
vertex 9.633281707763672 -0.8842655420303345 11.5
vertex 9.651488304138184 -0.941267192363739 11.5
endloop
endfacet
facet normal -0.9525886101648894 -0.3042613018182304 0.0
outer loop
vertex 9.633281707763672 -0.8842655420303345 14.199999809265137
vertex 9.651488304138184 -0.941267192363739 11.5
vertex 9.651488304138184 -0.941267192363739 14.199999809265137
endloop
endfacet
facet normal -0.9463224230284693 -0.32322418175861606 -0.0
outer loop
vertex 9.651488304138184 -0.941267192363739 14.199999809265137
vertex 9.651488304138184 -0.941267192363739 11.5
vertex 9.670829772949219 -0.9978943467140198 11.5
endloop
endfacet
facet normal -0.9463224230284693 -0.32322418175861606 0.0
outer loop
vertex 9.651488304138184 -0.941267192363739 14.199999809265137
vertex 9.670829772949219 -0.9978943467140198 11.5
vertex 9.670829772949219 -0.9978943467140198 14.199999809265137
endloop
endfacet
facet normal -0.9396939203575498 -0.34201657276082226 -0.0
outer loop
vertex 9.670829772949219 -0.9978943467140198 14.199999809265137
vertex 9.670829772949219 -0.9978943467140198 11.5
vertex 9.691295623779297 -1.0541244745254517 11.5
endloop
endfacet
facet normal -0.9396939203575498 -0.34201657276082226 0.0
outer loop
vertex 9.670829772949219 -0.9978943467140198 14.199999809265137
vertex 9.691295623779297 -1.0541244745254517 11.5
vertex 9.691295623779297 -1.0541244745254517 14.199999809265137
endloop
endfacet
facet normal -0.932689458609967 -0.3606804316813527 -0.0
outer loop
vertex 9.691295623779297 -1.0541244745254517 14.199999809265137
vertex 9.691295623779297 -1.0541244745254517 11.5
vertex 9.712878227233887 -1.1099352836608887 11.5
endloop
endfacet
facet normal -0.932689458609967 -0.3606804316813527 0.0
outer loop
vertex 9.691295623779297 -1.0541244745254517 14.199999809265137
vertex 9.712878227233887 -1.1099352836608887 11.5
vertex 9.712878227233887 -1.1099352836608887 14.199999809265137
endloop
endfacet
facet normal -0.9253024455829434 -0.3792299885270472 -0.0
outer loop
vertex 9.712878227233887 -1.1099352836608887 14.199999809265137
vertex 9.712878227233887 -1.1099352836608887 11.5
vertex 9.735570907592773 -1.1653043031692505 11.5
endloop
endfacet
facet normal -0.9253024455829434 -0.3792299885270472 0.0
outer loop
vertex 9.712878227233887 -1.1099352836608887 14.199999809265137
vertex 9.735570907592773 -1.1653043031692505 11.5
vertex 9.735570907592773 -1.1653043031692505 14.199999809265137
endloop
endfacet
facet normal -0.9175506103632093 -0.3976190103882133 -0.0
outer loop
vertex 9.735570907592773 -1.1653043031692505 14.199999809265137
vertex 9.735570907592773 -1.1653043031692505 11.5
vertex 9.759364128112793 -1.2202098369598389 11.5
endloop
endfacet
facet normal -0.9175506103632093 -0.3976190103882133 0.0
outer loop
vertex 9.735570907592773 -1.1653043031692505 14.199999809265137
vertex 9.759364128112793 -1.2202098369598389 11.5
vertex 9.759364128112793 -1.2202098369598389 14.199999809265137
endloop
endfacet
facet normal -0.9094517463347466 -0.4158094769106158 -0.0
outer loop
vertex 9.759364128112793 -1.2202098369598389 14.199999809265137
vertex 9.759364128112793 -1.2202098369598389 11.5
vertex 9.784245491027832 -1.2746299505233765 11.5
endloop
endfacet
facet normal -0.9094517463347466 -0.4158094769106158 0.0
outer loop
vertex 9.759364128112793 -1.2202098369598389 14.199999809265137
vertex 9.784245491027832 -1.2746299505233765 11.5
vertex 9.784245491027832 -1.2746299505233765 14.199999809265137
endloop
endfacet
facet normal -0.9009646074031769 -0.4338925860242826 -0.0
outer loop
vertex 9.784245491027832 -1.2746299505233765 14.199999809265137
vertex 9.784245491027832 -1.2746299505233765 11.5
vertex 9.810209274291992 -1.328542947769165 11.5
endloop
endfacet
facet normal -0.9009646074031769 -0.4338925860242826 0.0
outer loop
vertex 9.784245491027832 -1.2746299505233765 14.199999809265137
vertex 9.810209274291992 -1.328542947769165 11.5
vertex 9.810209274291992 -1.328542947769165 14.199999809265137
endloop
endfacet
facet normal -0.8921321156523293 -0.45177459891155763 -0.0
outer loop
vertex 9.810209274291992 -1.328542947769165 14.199999809265137
vertex 9.810209274291992 -1.328542947769165 11.5
vertex 9.83724308013916 -1.3819273710250854 11.5
endloop
endfacet
facet normal -0.8921321156523293 -0.45177459891155763 0.0
outer loop
vertex 9.810209274291992 -1.328542947769165 14.199999809265137
vertex 9.83724308013916 -1.3819273710250854 11.5
vertex 9.83724308013916 -1.3819273710250854 14.199999809265137
endloop
endfacet
facet normal -0.8829491402189794 -0.4694686526133188 -0.0
outer loop
vertex 9.83724308013916 -1.3819273710250854 14.199999809265137
vertex 9.83724308013916 -1.3819273710250854 11.5
vertex 9.865335464477539 -1.434761881828308 11.5
endloop
endfacet
facet normal -0.8829491402189794 -0.4694686526133188 0.0
outer loop
vertex 9.83724308013916 -1.3819273710250854 14.199999809265137
vertex 9.865335464477539 -1.434761881828308 11.5
vertex 9.865335464477539 -1.434761881828308 14.199999809265137
endloop
endfacet
facet normal -0.8734108710619596 -0.4869840349649968 -0.0
outer loop
vertex 9.865335464477539 -1.434761881828308 14.199999809265137
vertex 9.865335464477539 -1.434761881828308 11.5
vertex 9.894475936889648 -1.4870256185531616 11.5
endloop
endfacet
facet normal -0.8734108710619596 -0.4869840349649968 0.0
outer loop
vertex 9.865335464477539 -1.434761881828308 14.199999809265137
vertex 9.894475936889648 -1.4870256185531616 11.5
vertex 9.894475936889648 -1.4870256185531616 14.199999809265137
endloop
endfacet
facet normal -0.8635173679345656 -0.5043191006449786 -0.0
outer loop
vertex 9.894475936889648 -1.4870256185531616 14.199999809265137
vertex 9.894475936889648 -1.4870256185531616 11.5
vertex 9.924654006958008 -1.5386978387832642 11.5
endloop
endfacet
facet normal -0.8635173679345656 -0.5043191006449786 0.0
outer loop
vertex 9.894475936889648 -1.4870256185531616 14.199999809265137
vertex 9.924654006958008 -1.5386978387832642 11.5
vertex 9.924654006958008 -1.5386978387832642 14.199999809265137
endloop
endfacet
facet normal -0.8532886785884922 -0.521438808483512 -0.0
outer loop
vertex 9.924654006958008 -1.5386978387832642 14.199999809265137
vertex 9.924654006958008 -1.5386978387832642 11.5
vertex 9.955856323242188 -1.5897576808929443 11.5
endloop
endfacet
facet normal -0.8532886785884922 -0.521438808483512 0.0
outer loop
vertex 9.924654006958008 -1.5386978387832642 14.199999809265137
vertex 9.955856323242188 -1.5897576808929443 11.5
vertex 9.955856323242188 -1.5897576808929443 14.199999809265137
endloop
endfacet
facet normal -0.8427223448057685 -0.5383484462363272 -0.0
outer loop
vertex 9.955856323242188 -1.5897576808929443 14.199999809265137
vertex 9.955856323242188 -1.5897576808929443 11.5
vertex 9.988070487976074 -1.6401852369308472 11.5
endloop
endfacet
facet normal -0.8427223448057685 -0.5383484462363272 0.0
outer loop
vertex 9.955856323242188 -1.5897576808929443 14.199999809265137
vertex 9.988070487976074 -1.6401852369308472 11.5
vertex 9.988070487976074 -1.6401852369308472 14.199999809265137
endloop
endfacet
facet normal -0.8318234215021415 -0.5550403547855512 -0.0
outer loop
vertex 9.988070487976074 -1.6401852369308472 14.199999809265137
vertex 9.988070487976074 -1.6401852369308472 11.5
vertex 10.021283149719238 -1.6899601221084595 11.5
endloop
endfacet
facet normal -0.8318234215021415 -0.5550403547855512 0.0
outer loop
vertex 9.988070487976074 -1.6401852369308472 14.199999809265137
vertex 10.021283149719238 -1.6899601221084595 11.5
vertex 10.021283149719238 -1.6899601221084595 14.199999809265137
endloop
endfacet
facet normal -0.8205805554775694 -0.5715308845304197 -0.0
outer loop
vertex 10.021283149719238 -1.6899601221084595 14.199999809265137
vertex 10.021283149719238 -1.6899601221084595 11.5
vertex 10.055482864379883 -1.7390626668930054 11.5
endloop
endfacet
facet normal -0.8205805554775694 -0.5715308845304197 0.0
outer loop
vertex 10.021283149719238 -1.6899601221084595 14.199999809265137
vertex 10.055482864379883 -1.7390626668930054 11.5
vertex 10.055482864379883 -1.7390626668930054 14.199999809265137
endloop
endfacet
facet normal -0.8090171782335047 -0.5877849992327957 -0.0
outer loop
vertex 10.055482864379883 -1.7390626668930054 14.199999809265137
vertex 10.055482864379883 -1.7390626668930054 11.5
vertex 10.090655326843262 -1.787473440170288 11.5
endloop
endfacet
facet normal -0.8090171782335047 -0.5877849992327957 0.0
outer loop
vertex 10.055482864379883 -1.7390626668930054 14.199999809265137
vertex 10.090655326843262 -1.787473440170288 11.5
vertex 10.090655326843262 -1.787473440170288 14.199999809265137
endloop
endfacet
facet normal -0.7971250396154944 -0.6038142688095376 -0.0
outer loop
vertex 10.090655326843262 -1.787473440170288 14.199999809265137
vertex 10.090655326843262 -1.787473440170288 11.5
vertex 10.126787185668945 -1.8351728916168213 11.5
endloop
endfacet
facet normal -0.7971250396154944 -0.6038142688095376 0.0
outer loop
vertex 10.090655326843262 -1.787473440170288 14.199999809265137
vertex 10.126787185668945 -1.8351728916168213 11.5
vertex 10.126787185668945 -1.8351728916168213 14.199999809265137
endloop
endfacet
facet normal -0.7849321254199478 -0.619581760935329 -0.0
outer loop
vertex 10.126787185668945 -1.8351728916168213 14.199999809265137
vertex 10.126787185668945 -1.8351728916168213 11.5
vertex 10.163862228393555 -1.8821423053741455 11.5
endloop
endfacet
facet normal -0.7849321254199478 -0.619581760935329 0.0
outer loop
vertex 10.126787185668945 -1.8351728916168213 14.199999809265137
vertex 10.163862228393555 -1.8821423053741455 11.5
vertex 10.163862228393555 -1.8821423053741455 14.199999809265137
endloop
endfacet
facet normal -0.7724146704233804 -0.6351185534329322 -0.0
outer loop
vertex 10.163862228393555 -1.8821423053741455 14.199999809265137
vertex 10.163862228393555 -1.8821423053741455 11.5
vertex 10.20186710357666 -1.9283628463745117 11.5
endloop
endfacet
facet normal -0.7724146704233804 -0.6351185534329322 0.0
outer loop
vertex 10.163862228393555 -1.8821423053741455 14.199999809265137
vertex 10.20186710357666 -1.9283628463745117 11.5
vertex 10.20186710357666 -1.9283628463745117 14.199999809265137
endloop
endfacet
facet normal -0.7595990587276921 -0.6503916281595298 -0.0
outer loop
vertex 10.20186710357666 -1.9283628463745117 14.199999809265137
vertex 10.20186710357666 -1.9283628463745117 11.5
vertex 10.240785598754883 -1.973816156387329 11.5
endloop
endfacet
facet normal -0.7595990587276921 -0.6503916281595298 0.0
outer loop
vertex 10.20186710357666 -1.9283628463745117 14.199999809265137
vertex 10.240785598754883 -1.973816156387329 11.5
vertex 10.240785598754883 -1.973816156387329 14.199999809265137
endloop
endfacet
facet normal -0.7464730009344605 -0.665415703809206 -0.0
outer loop
vertex 10.240785598754883 -1.973816156387329 14.199999809265137
vertex 10.240785598754883 -1.973816156387329 11.5
vertex 10.280603408813477 -2.018484354019165 11.5
endloop
endfacet
facet normal -0.7464730009344605 -0.665415703809206 0.0
outer loop
vertex 10.240785598754883 -1.973816156387329 14.199999809265137
vertex 10.280603408813477 -2.018484354019165 11.5
vertex 10.280603408813477 -2.018484354019165 14.199999809265137
endloop
endfacet
facet normal -0.7330485913019303 -0.6801762733220377 -0.0
outer loop
vertex 10.280603408813477 -2.018484354019165 14.199999809265137
vertex 10.280603408813477 -2.018484354019165 11.5
vertex 10.321304321289062 -2.0623490810394287 11.5
endloop
endfacet
facet normal -0.7330485913019303 -0.6801762733220377 0.0
outer loop
vertex 10.280603408813477 -2.018484354019165 14.199999809265137
vertex 10.321304321289062 -2.0623490810394287 11.5
vertex 10.321304321289062 -2.0623490810394287 14.199999809265137
endloop
endfacet
facet normal -0.7193385714854853 -0.6946596429714492 -0.0
outer loop
vertex 10.321304321289062 -2.0623490810394287 14.199999809265137
vertex 10.321304321289062 -2.0623490810394287 11.5
vertex 10.362872123718262 -2.105393648147583 11.5
endloop
endfacet
facet normal -0.7193385714854853 -0.6946596429714492 0.0
outer loop
vertex 10.321304321289062 -2.0623490810394287 14.199999809265137
vertex 10.362872123718262 -2.105393648147583 11.5
vertex 10.362872123718262 -2.105393648147583 14.199999809265137
endloop
endfacet
facet normal -0.7053435004758423 -0.7088656758064151 -0.0
outer loop
vertex 10.362872123718262 -2.105393648147583 14.199999809265137
vertex 10.362872123718262 -2.105393648147583 11.5
vertex 10.405289649963379 -2.1476004123687744 11.5
endloop
endfacet
facet normal -0.7053435004758423 -0.7088656758064151 0.0
outer loop
vertex 10.362872123718262 -2.105393648147583 14.199999809265137
vertex 10.405289649963379 -2.1476004123687744 11.5
vertex 10.405289649963379 -2.1476004123687744 14.199999809265137
endloop
endfacet
facet normal -0.691065131799013 -0.7227924900077566 -0.0
outer loop
vertex 10.405289649963379 -2.1476004123687744 14.199999809265137
vertex 10.405289649963379 -2.1476004123687744 11.5
vertex 10.448540687561035 -2.188952922821045 11.5
endloop
endfacet
facet normal -0.691065131799013 -0.7227924900077566 0.0
outer loop
vertex 10.405289649963379 -2.1476004123687744 14.199999809265137
vertex 10.448540687561035 -2.188952922821045 11.5
vertex 10.448540687561035 -2.188952922821045 14.199999809265137
endloop
endfacet
facet normal -0.6765094462776916 -0.7364339543347054 -0.0
outer loop
vertex 10.448540687561035 -2.188952922821045 14.199999809265137
vertex 10.448540687561035 -2.188952922821045 11.5
vertex 10.492608070373535 -2.2294344902038574 11.5
endloop
endfacet
facet normal -0.6765094462776916 -0.7364339543347054 0.0
outer loop
vertex 10.448540687561035 -2.188952922821045 14.199999809265137
vertex 10.492608070373535 -2.2294344902038574 11.5
vertex 10.492608070373535 -2.2294344902038574 14.199999809265137
endloop
endfacet
facet normal -0.6616805394657315 -0.7497858785628991 -0.0
outer loop
vertex 10.492608070373535 -2.2294344902038574 14.199999809265137
vertex 10.492608070373535 -2.2294344902038574 11.5
vertex 10.537474632263184 -2.269028902053833 11.5
endloop
endfacet
facet normal -0.6616805394657315 -0.7497858785628991 0.0
outer loop
vertex 10.492608070373535 -2.2294344902038574 14.199999809265137
vertex 10.537474632263184 -2.269028902053833 11.5
vertex 10.537474632263184 -2.269028902053833 14.199999809265137
endloop
endfacet
facet normal -0.6466008893640651 -0.7628284799832792 -0.0
outer loop
vertex 10.537474632263184 -2.269028902053833 14.199999809265137
vertex 10.537474632263184 -2.269028902053833 11.5
vertex 10.583121299743652 -2.30772066116333 11.5
endloop
endfacet
facet normal -0.6466008893640651 -0.7628284799832792 0.0
outer loop
vertex 10.537474632263184 -2.269028902053833 14.199999809265137
vertex 10.583121299743652 -2.30772066116333 11.5
vertex 10.583121299743652 -2.30772066116333 14.199999809265137
endloop
endfacet
facet normal -0.6312571861071303 -0.7755735716152968 -0.0
outer loop
vertex 10.583121299743652 -2.30772066116333 14.199999809265137
vertex 10.583121299743652 -2.30772066116333 11.5
vertex 10.629530906677246 -2.345494508743286 11.5
endloop
endfacet
facet normal -0.6312571861071303 -0.7755735716152968 0.0
outer loop
vertex 10.583121299743652 -2.30772066116333 14.199999809265137
vertex 10.629530906677246 -2.345494508743286 11.5
vertex 10.629530906677246 -2.345494508743286 14.199999809265137
endloop
endfacet
facet normal -0.6156703304904498 -0.7880038351136245 -0.0
outer loop
vertex 10.629530906677246 -2.345494508743286 14.199999809265137
vertex 10.629530906677246 -2.345494508743286 11.5
vertex 10.67668342590332 -2.3823349475860596 11.5
endloop
endfacet
facet normal -0.6156703304904498 -0.7880038351136245 0.0
outer loop
vertex 10.629530906677246 -2.345494508743286 14.199999809265137
vertex 10.67668342590332 -2.3823349475860596 11.5
vertex 10.67668342590332 -2.3823349475860596 14.199999809265137
endloop
endfacet
facet normal -0.5998112872302814 -0.8001414998055987 -0.0
outer loop
vertex 10.67668342590332 -2.3823349475860596 14.199999809265137
vertex 10.67668342590332 -2.3823349475860596 11.5
vertex 10.724563598632812 -2.418227434158325 11.5
endloop
endfacet
facet normal -0.5998112872302814 -0.8001414998055987 0.0
outer loop
vertex 10.67668342590332 -2.3823349475860596 14.199999809265137
vertex 10.724563598632812 -2.418227434158325 11.5
vertex 10.724563598632812 -2.418227434158325 14.199999809265137
endloop
endfacet
facet normal -0.5837493390365814 -0.8119339315328277 -0.0
outer loop
vertex 10.724563598632812 -2.418227434158325 14.199999809265137
vertex 10.724563598632812 -2.418227434158325 11.5
vertex 10.773148536682129 -2.453158140182495 11.5
endloop
endfacet
facet normal -0.5837493390365814 -0.8119339315328277 0.0
outer loop
vertex 10.724563598632812 -2.418227434158325 14.199999809265137
vertex 10.773148536682129 -2.453158140182495 11.5
vertex 10.773148536682129 -2.453158140182495 14.199999809265137
endloop
endfacet
facet normal -0.5674334860932492 -0.8234192363918046 -0.0
outer loop
vertex 10.773148536682129 -2.453158140182495 14.199999809265137
vertex 10.773148536682129 -2.453158140182495 11.5
vertex 10.822421073913574 -2.4871127605438232 11.5
endloop
endfacet
facet normal -0.5674334860932492 -0.8234192363918046 0.0
outer loop
vertex 10.773148536682129 -2.453158140182495 14.199999809265137
vertex 10.822421073913574 -2.4871127605438232 11.5
vertex 10.822421073913574 -2.4871127605438232 14.199999809265137
endloop
endfacet
facet normal -0.5508970485420912 -0.834573209435585 -0.0
outer loop
vertex 10.822421073913574 -2.4871127605438232 14.199999809265137
vertex 10.822421073913574 -2.4871127605438232 11.5
vertex 10.872361183166504 -2.52007794380188 11.5
endloop
endfacet
facet normal -0.5508970485420912 -0.834573209435585 0.0
outer loop
vertex 10.822421073913574 -2.4871127605438232 14.199999809265137
vertex 10.872361183166504 -2.52007794380188 11.5
vertex 10.872361183166504 -2.52007794380188 14.199999809265137
endloop
endfacet
facet normal -0.5341370432793056 -0.8453979057206383 -0.0
outer loop
vertex 10.872361183166504 -2.52007794380188 14.199999809265137
vertex 10.872361183166504 -2.52007794380188 11.5
vertex 10.922948837280273 -2.5520401000976562 11.5
endloop
endfacet
facet normal -0.5341370432793056 -0.8453979057206383 0.0
outer loop
vertex 10.872361183166504 -2.52007794380188 14.199999809265137
vertex 10.922948837280273 -2.5520401000976562 11.5
vertex 10.922948837280273 -2.5520401000976562 14.199999809265137
endloop
endfacet
facet normal -0.5171803412129726 -0.8558764482463771 -0.0
outer loop
vertex 10.922948837280273 -2.5520401000976562 14.199999809265137
vertex 10.922948837280273 -2.5520401000976562 11.5
vertex 10.974163055419922 -2.5829873085021973 11.5
endloop
endfacet
facet normal -0.5171803412129726 -0.8558764482463771 0.0
outer loop
vertex 10.922948837280273 -2.5520401000976562 14.199999809265137
vertex 10.974163055419922 -2.5829873085021973 11.5
vertex 10.974163055419922 -2.5829873085021973 14.199999809265137
endloop
endfacet
facet normal -0.49999445828606714 -0.8660286032708286 -0.0
outer loop
vertex 10.974163055419922 -2.5829873085021973 14.199999809265137
vertex 10.974163055419922 -2.5829873085021973 11.5
vertex 11.025985717773438 -2.6129066944122314 11.5
endloop
endfacet
facet normal -0.49999445828606714 -0.8660286032708286 0.0
outer loop
vertex 10.974163055419922 -2.5829873085021973 14.199999809265137
vertex 11.025985717773438 -2.6129066944122314 11.5
vertex 11.025985717773438 -2.6129066944122314 14.199999809265137
endloop
endfacet
facet normal -0.48262889254429653 -0.8758249551602569 -0.0
outer loop
vertex 11.025985717773438 -2.6129066944122314 14.199999809265137
vertex 11.025985717773438 -2.6129066944122314 11.5
vertex 11.078393936157227 -2.641786575317383 11.5
endloop
endfacet
facet normal -0.48262889254429653 -0.8758249551602569 0.0
outer loop
vertex 11.025985717773438 -2.6129066944122314 14.199999809265137
vertex 11.078393936157227 -2.641786575317383 11.5
vertex 11.078393936157227 -2.641786575317383 14.199999809265137
endloop
endfacet
facet normal -0.4650659556392033 -0.885276034299695 -0.0
outer loop
vertex 11.078393936157227 -2.641786575317383 14.199999809265137
vertex 11.078393936157227 -2.641786575317383 11.5
vertex 11.131367683410645 -2.6696155071258545 11.5
endloop
endfacet
facet normal -0.4650659556392033 -0.885276034299695 0.0
outer loop
vertex 11.078393936157227 -2.641786575317383 14.199999809265137
vertex 11.131367683410645 -2.6696155071258545 11.5
vertex 11.131367683410645 -2.6696155071258545 14.199999809265137
endloop
endfacet
facet normal -0.44731240495649877 -0.8943777794489493 -0.0
outer loop
vertex 11.131367683410645 -2.6696155071258545 14.199999809265137
vertex 11.131367683410645 -2.6696155071258545 11.5
vertex 11.18488597869873 -2.6963820457458496 11.5
endloop
endfacet
facet normal -0.44731240495649877 -0.8943777794489493 0.0
outer loop
vertex 11.131367683410645 -2.6696155071258545 14.199999809265137
vertex 11.18488597869873 -2.6963820457458496 11.5
vertex 11.18488597869873 -2.6963820457458496 14.199999809265137
endloop
endfacet
facet normal -0.42938739795838854 -0.9031204030883837 -0.0
outer loop
vertex 11.18488597869873 -2.6963820457458496 14.199999809265137
vertex 11.18488597869873 -2.6963820457458496 11.5
vertex 11.238927841186523 -2.722076177597046 11.5
endloop
endfacet
facet normal -0.42938739795838854 -0.9031204030883837 0.0
outer loop
vertex 11.18488597869873 -2.6963820457458496 14.199999809265137
vertex 11.238927841186523 -2.722076177597046 11.5
vertex 11.238927841186523 -2.722076177597046 14.199999809265137
endloop
endfacet
facet normal -0.411284264720541 -0.9115071330457507 -0.0
outer loop
vertex 11.238927841186523 -2.722076177597046 14.199999809265137
vertex 11.238927841186523 -2.722076177597046 11.5
vertex 11.293471336364746 -2.7466869354248047 11.5
endloop
endfacet
facet normal -0.411284264720541 -0.9115071330457507 0.0
outer loop
vertex 11.238927841186523 -2.722076177597046 14.199999809265137
vertex 11.293471336364746 -2.7466869354248047 11.5
vertex 11.293471336364746 -2.7466869354248047 14.199999809265137
endloop
endfacet
facet normal -0.3930232623273877 -0.9195285287958918 -0.0
outer loop
vertex 11.293471336364746 -2.7466869354248047 14.199999809265137
vertex 11.293471336364746 -2.7466869354248047 11.5
vertex 11.348495483398438 -2.77020525932312 11.5
endloop
endfacet
facet normal -0.3930232623273877 -0.9195285287958918 0.0
outer loop
vertex 11.293471336364746 -2.7466869354248047 14.199999809265137
vertex 11.348495483398438 -2.77020525932312 11.5
vertex 11.348495483398438 -2.77020525932312 14.199999809265137
endloop
endfacet
facet normal -0.3746061311447829 -0.9271840413363129 -0.0
outer loop
vertex 11.348495483398438 -2.77020525932312 14.199999809265137
vertex 11.348495483398438 -2.77020525932312 11.5
vertex 11.403977394104004 -2.792621374130249 11.5
endloop
endfacet
facet normal -0.3746061311447829 -0.9271840413363129 0.0
outer loop
vertex 11.348495483398438 -2.77020525932312 14.199999809265137
vertex 11.403977394104004 -2.792621374130249 11.5
vertex 11.403977394104004 -2.792621374130249 14.199999809265137
endloop
endfacet
facet normal -0.3560422168540349 -0.9344698710058362 -0.0
outer loop
vertex 11.403977394104004 -2.792621374130249 14.199999809265137
vertex 11.403977394104004 -2.792621374130249 11.5
vertex 11.459894180297852 -2.8139262199401855 11.5
endloop
endfacet
facet normal -0.3560422168540349 -0.9344698710058362 0.0
outer loop
vertex 11.403977394104004 -2.792621374130249 14.199999809265137
vertex 11.459894180297852 -2.8139262199401855 11.5
vertex 11.459894180297852 -2.8139262199401855 14.199999809265137
endloop
endfacet
facet normal -0.3373246002411284 -0.9413883970350192 -0.0
outer loop
vertex 11.459894180297852 -2.8139262199401855 14.199999809265137
vertex 11.459894180297852 -2.8139262199401855 11.5
vertex 11.516226768493652 -2.8341116905212402 11.5
endloop
endfacet
facet normal -0.3373246002411284 -0.9413883970350192 0.0
outer loop
vertex 11.459894180297852 -2.8139262199401855 14.199999809265137
vertex 11.516226768493652 -2.8341116905212402 11.5
vertex 11.516226768493652 -2.8341116905212402 14.199999809265137
endloop
endfacet
facet normal -0.3184943945798839 -0.9479247441760307 -0.0
outer loop
vertex 11.516226768493652 -2.8341116905212402 14.199999809265137
vertex 11.516226768493652 -2.8341116905212402 11.5
vertex 11.572948455810547 -2.8531696796417236 11.5
endloop
endfacet
facet normal -0.3184943945798839 -0.9479247441760307 0.0
outer loop
vertex 11.516226768493652 -2.8341116905212402 14.199999809265137
vertex 11.572948455810547 -2.8531696796417236 11.5
vertex 11.572948455810547 -2.8531696796417236 14.199999809265137
endloop
endfacet
facet normal -0.2995116213145063 -0.954092652050919 -0.0
outer loop
vertex 11.572948455810547 -2.8531696796417236 14.199999809265137
vertex 11.572948455810547 -2.8531696796417236 11.5
vertex 11.630040168762207 -2.8710920810699463 11.5
endloop
endfacet
facet normal -0.2995116213145063 -0.954092652050919 0.0
outer loop
vertex 11.572948455810547 -2.8531696796417236 14.199999809265137
vertex 11.630040168762207 -2.8710920810699463 11.5
vertex 11.630040168762207 -2.8710920810699463 14.199999809265137
endloop
endfacet
facet normal -0.2804253019567467 -0.9598758513591575 -0.0
outer loop
vertex 11.630040168762207 -2.8710920810699463 14.199999809265137
vertex 11.630040168762207 -2.8710920810699463 11.5
vertex 11.687479019165039 -2.8878726959228516 11.5
endloop
endfacet
facet normal -0.2804253019567467 -0.9598758513591575 0.0
outer loop
vertex 11.630040168762207 -2.8710920810699463 14.199999809265137
vertex 11.687479019165039 -2.8878726959228516 11.5
vertex 11.687479019165039 -2.8878726959228516 14.199999809265137
endloop
endfacet
facet normal -0.26123295895924786 -0.9652757850238427 -0.0
outer loop
vertex 11.687479019165039 -2.8878726959228516 14.199999809265137
vertex 11.687479019165039 -2.8878726959228516 11.5
vertex 11.7452392578125 -2.9035043716430664 11.5
endloop
endfacet
facet normal -0.26123295895924786 -0.9652757850238427 0.0
outer loop
vertex 11.687479019165039 -2.8878726959228516 14.199999809265137
vertex 11.7452392578125 -2.9035043716430664 11.5
vertex 11.7452392578125 -2.9035043716430664 14.199999809265137
endloop
endfacet
facet normal -0.2419168320123465 -0.9702969887560768 -0.0
outer loop
vertex 11.7452392578125 -2.9035043716430664 14.199999809265137
vertex 11.7452392578125 -2.9035043716430664 11.5
vertex 11.803300857543945 -2.917980432510376 11.5
endloop
endfacet
facet normal -0.2419168320123465 -0.9702969887560768 0.0
outer loop
vertex 11.7452392578125 -2.9035043716430664 14.199999809265137
vertex 11.803300857543945 -2.917980432510376 11.5
vertex 11.803300857543945 -2.917980432510376 14.199999809265137
endloop
endfacet
facet normal -0.22251960003246088 -0.9749282166402785 -0.0
outer loop
vertex 11.803300857543945 -2.917980432510376 14.199999809265137
vertex 11.803300857543945 -2.917980432510376 11.5
vertex 11.861639976501465 -2.931295871734619 11.5
endloop
endfacet
facet normal -0.22251960003246088 -0.9749282166402785 0.0
outer loop
vertex 11.803300857543945 -2.917980432510376 14.199999809265137
vertex 11.861639976501465 -2.931295871734619 11.5
vertex 11.861639976501465 -2.931295871734619 14.199999809265137
endloop
endfacet
facet normal -0.20303324774366668 -0.9791718441165774 -0.0
outer loop
vertex 11.861639976501465 -2.931295871734619 14.199999809265137
vertex 11.861639976501465 -2.931295871734619 11.5
vertex 11.920232772827148 -2.9434452056884766 11.5
endloop
endfacet
facet normal -0.20303324774366668 -0.9791718441165774 0.0
outer loop
vertex 11.861639976501465 -2.931295871734619 14.199999809265137
vertex 11.920232772827148 -2.9434452056884766 11.5
vertex 11.920232772827148 -2.9434452056884766 14.199999809265137
endloop
endfacet
facet normal -0.1834609208710473 -0.9830270039592744 -0.0
outer loop
vertex 11.920232772827148 -2.9434452056884766 14.199999809265137
vertex 11.920232772827148 -2.9434452056884766 11.5
vertex 11.979055404663086 -2.954423189163208 11.5
endloop
endfacet
facet normal -0.1834609208710473 -0.9830270039592744 0.0
outer loop
vertex 11.920232772827148 -2.9434452056884766 14.199999809265137
vertex 11.979055404663086 -2.954423189163208 11.5
vertex 11.979055404663086 -2.954423189163208 14.199999809265137
endloop
endfacet
facet normal -0.16381616801966756 -0.9864908834324584 -0.0
outer loop
vertex 11.979055404663086 -2.954423189163208 14.199999809265137
vertex 11.979055404663086 -2.954423189163208 11.5
vertex 12.0380859375 -2.9642257690429688 11.5
endloop
endfacet
facet normal -0.16381616801966756 -0.9864908834324584 0.0
outer loop
vertex 11.979055404663086 -2.954423189163208 14.199999809265137
vertex 12.0380859375 -2.9642257690429688 11.5
vertex 12.0380859375 -2.9642257690429688 14.199999809265137
endloop
endfacet
facet normal -0.14411116947085206 -0.9895615043208499 -0.0
outer loop
vertex 12.0380859375 -2.9642257690429688 14.199999809265137
vertex 12.0380859375 -2.9642257690429688 11.5
vertex 12.097299575805664 -2.972849130630493 11.5
endloop
endfacet
facet normal -0.14411116947085206 -0.9895615043208499 0.0
outer loop
vertex 12.0380859375 -2.9642257690429688 14.199999809265137
vertex 12.097299575805664 -2.972849130630493 11.5
vertex 12.097299575805664 -2.972849130630493 14.199999809265137
endloop
endfacet
facet normal -0.1243466086869605 -0.992238842672495 -0.0
outer loop
vertex 12.097299575805664 -2.972849130630493 14.199999809265137
vertex 12.097299575805664 -2.972849130630493 11.5
vertex 12.1566743850708 -2.980289936065674 11.5
endloop
endfacet
facet normal -0.1243466086869605 -0.992238842672495 0.0
outer loop
vertex 12.097299575805664 -2.972849130630493 14.199999809265137
vertex 12.1566743850708 -2.980289936065674 11.5
vertex 12.1566743850708 -2.980289936065674 14.199999809265137
endloop
endfacet
facet normal -0.10452736627180385 -0.9945220106665715 -0.0
outer loop
vertex 12.1566743850708 -2.980289936065674 14.199999809265137
vertex 12.1566743850708 -2.980289936065674 11.5
vertex 12.2161865234375 -2.9865448474884033 11.5
endloop
endfacet
facet normal -0.10452736627180385 -0.9945220106665715 0.0
outer loop
vertex 12.1566743850708 -2.980289936065674 14.199999809265137
vertex 12.2161865234375 -2.9865448474884033 11.5
vertex 12.2161865234375 -2.9865448474884033 14.199999809265137
endloop
endfacet
facet normal -0.08467299251743352 -0.996408793788043 -0.0
outer loop
vertex 12.2161865234375 -2.9865448474884033 14.199999809265137
vertex 12.2161865234375 -2.9865448474884033 11.5
vertex 12.275809288024902 -2.9916114807128906 11.5
endloop
endfacet
facet normal -0.08467299251743352 -0.996408793788043 0.0
outer loop
vertex 12.2161865234375 -2.9865448474884033 14.199999809265137
vertex 12.275809288024902 -2.9916114807128906 11.5
vertex 12.275809288024902 -2.9916114807128906 14.199999809265137
endloop
endfacet
facet normal -0.06477726265825973 -0.9978997475911611 -0.0
outer loop
vertex 12.275809288024902 -2.9916114807128906 14.199999809265137
vertex 12.275809288024902 -2.9916114807128906 11.5
vertex 12.335522651672363 -2.995487689971924 11.5
endloop
endfacet
facet normal -0.06477726265825973 -0.9978997475911611 0.0
outer loop
vertex 12.275809288024902 -2.9916114807128906 14.199999809265137
vertex 12.335522651672363 -2.995487689971924 11.5
vertex 12.335522651672363 -2.995487689971924 14.199999809265137
endloop
endfacet
facet normal -0.044867267400227936 -0.9989929570903073 -0.0
outer loop
vertex 12.335522651672363 -2.995487689971924 14.199999809265137
vertex 12.335522651672363 -2.995487689971924 11.5
vertex 12.395301818847656 -2.9981725215911865 11.5
endloop
endfacet
facet normal -0.044867267400227936 -0.9989929570903073 0.0
outer loop
vertex 12.335522651672363 -2.995487689971924 14.199999809265137
vertex 12.395301818847656 -2.9981725215911865 11.5
vertex 12.395301818847656 -2.9981725215911865 14.199999809265137
endloop
endfacet
facet normal -0.024930074084735358 -0.999689197403938 -0.0
outer loop
vertex 12.395301818847656 -2.9981725215911865 14.199999809265137
vertex 12.395301818847656 -2.9981725215911865 11.5
vertex 12.455121994018555 -2.999664306640625 11.5
endloop
endfacet
facet normal -0.024930074084735358 -0.999689197403938 0.0
outer loop
vertex 12.395301818847656 -2.9981725215911865 14.199999809265137
vertex 12.455121994018555 -2.999664306640625 11.5
vertex 12.455121994018555 -2.999664306640625 14.199999809265137
endloop
endfacet
facet normal -0.004988383227905041 -0.9999875579389833 -0.0
outer loop
vertex 12.455121994018555 -2.999664306640625 14.199999809265137
vertex 12.455121994018555 -2.999664306640625 11.5
vertex 12.514960289001465 -2.99996280670166 11.5
endloop
endfacet
facet normal -0.004988383227905041 -0.9999875579389833 0.0
outer loop
vertex 12.455121994018555 -2.999664306640625 14.199999809265137
vertex 12.514960289001465 -2.99996280670166 11.5
vertex 12.514960289001465 -2.99996280670166 14.199999809265137
endloop
endfacet
facet normal 0.014961346047681968 -0.9998880727983716 0.0
outer loop
vertex 12.514960289001465 -2.99996280670166 14.199999809265137
vertex 12.514960289001465 -2.99996280670166 11.5
vertex 12.57479190826416 -2.999067544937134 11.5
endloop
endfacet
facet normal 0.014961346047681968 -0.9998880727983716 0.0
outer loop
vertex 12.514960289001465 -2.99996280670166 14.199999809265137
vertex 12.57479190826416 -2.999067544937134 11.5
vertex 12.57479190826416 -2.999067544937134 14.199999809265137
endloop
endfacet
facet normal 0.03489851595425825 -0.9993908612670972 0.0
outer loop
vertex 12.57479190826416 -2.999067544937134 14.199999809265137
vertex 12.57479190826416 -2.999067544937134 11.5
vertex 12.634594917297363 -2.996979236602783 11.5
endloop
endfacet
facet normal 0.03489851595425825 -0.9993908612670972 0.0
outer loop
vertex 12.57479190826416 -2.999067544937134 14.199999809265137
vertex 12.634594917297363 -2.996979236602783 11.5
vertex 12.634594917297363 -2.996979236602783 14.199999809265137
endloop
endfacet
facet normal 0.05482960766379251 -0.9984957256410438 0.0
outer loop
vertex 12.634594917297363 -2.996979236602783 14.199999809265137
vertex 12.634594917297363 -2.996979236602783 11.5
vertex 12.694342613220215 -2.9936983585357666 11.5
endloop
endfacet
facet normal 0.05482960766379251 -0.9984957256410438 0.0
outer loop
vertex 12.634594917297363 -2.996979236602783 14.199999809265137
vertex 12.694342613220215 -2.9936983585357666 11.5
vertex 12.694342613220215 -2.9936983585357666 14.199999809265137
endloop
endfacet
facet normal 0.07472536741669476 -0.9972041513473758 0.0
outer loop
vertex 12.694342613220215 -2.9936983585357666 14.199999809265137
vertex 12.694342613220215 -2.9936983585357666 11.5
vertex 12.75401496887207 -2.989226818084717 11.5
endloop
endfacet
facet normal 0.07472536741669476 -0.9972041513473758 0.0
outer loop
vertex 12.694342613220215 -2.9936983585357666 14.199999809265137
vertex 12.75401496887207 -2.989226818084717 11.5
vertex 12.75401496887207 -2.989226818084717 14.199999809265137
endloop
endfacet
facet normal 0.09460696629850136 -0.9955147020148895 0.0
outer loop
vertex 12.75401496887207 -2.989226818084717 14.199999809265137
vertex 12.75401496887207 -2.989226818084717 11.5
vertex 12.813586235046387 -2.98356556892395 11.5
endloop
endfacet
facet normal 0.09460696629850136 -0.9955147020148895 0.0
outer loop
vertex 12.75401496887207 -2.989226818084717 14.199999809265137
vertex 12.813586235046387 -2.98356556892395 11.5
vertex 12.813586235046387 -2.98356556892395 14.199999809265137
endloop
endfacet
facet normal 0.11443899868692699 -0.993430277160674 0.0
outer loop
vertex 12.813586235046387 -2.98356556892395 14.199999809265137
vertex 12.813586235046387 -2.98356556892395 11.5
vertex 12.873031616210938 -2.976717710494995 11.5
endloop
endfacet
facet normal 0.11443899868692699 -0.993430277160674 0.0
outer loop
vertex 12.813586235046387 -2.98356556892395 14.199999809265137
vertex 12.873031616210938 -2.976717710494995 11.5
vertex 12.873031616210938 -2.976717710494995 14.199999809265137
endloop
endfacet
facet normal 0.13423800913517078 -0.9909491192303598 0.0
outer loop
vertex 12.873031616210938 -2.976717710494995 14.199999809265137
vertex 12.873031616210938 -2.976717710494995 11.5
vertex 12.932328224182129 -2.9686851501464844 11.5
endloop
endfacet
facet normal 0.13423800913517078 -0.9909491192303598 0.0
outer loop
vertex 12.873031616210938 -2.976717710494995 14.199999809265137
vertex 12.932328224182129 -2.9686851501464844 11.5
vertex 12.932328224182129 -2.9686851501464844 14.199999809265137
endloop
endfacet
facet normal 0.1539679924945091 -0.988075835797643 0.0
outer loop
vertex 12.932328224182129 -2.9686851501464844 14.199999809265137
vertex 12.932328224182129 -2.9686851501464844 11.5
vertex 12.991453170776367 -2.9594719409942627 11.5
endloop
endfacet
facet normal 0.1539679924945091 -0.988075835797643 0.0
outer loop
vertex 12.932328224182129 -2.9686851501464844 14.199999809265137
vertex 12.991453170776367 -2.9594719409942627 11.5
vertex 12.991453170776367 -2.9594719409942627 14.199999809265137
endloop
endfacet
facet normal 0.1736478203260968 -0.9848078160209714 0.0
outer loop
vertex 12.991453170776367 -2.9594719409942627 14.199999809265137
vertex 12.991453170776367 -2.9594719409942627 11.5
vertex 13.050383567810059 -2.9490809440612793 11.5
endloop
endfacet
facet normal 0.1736478203260968 -0.9848078160209714 0.0
outer loop
vertex 12.991453170776367 -2.9594719409942627 14.199999809265137
vertex 13.050383567810059 -2.9490809440612793 11.5
vertex 13.050383567810059 -2.9490809440612793 14.199999809265137
endloop
endfacet
facet normal 0.1932557806569834 -0.9811484104062238 0.0
outer loop
vertex 13.050383567810059 -2.9490809440612793 14.199999809265137
vertex 13.050383567810059 -2.9490809440612793 11.5
vertex 13.109094619750977 -2.937516689300537 11.5
endloop
endfacet
facet normal 0.1932557806569834 -0.9811484104062238 0.0
outer loop
vertex 13.050383567810059 -2.9490809440612793 14.199999809265137
vertex 13.109094619750977 -2.937516689300537 11.5
vertex 13.109094619750977 -2.937516689300537 14.199999809265137
endloop
endfacet
facet normal 0.2127899072103429 -0.9770979763510993 0.0
outer loop
vertex 13.109094619750977 -2.937516689300537 14.199999809265137
vertex 13.109094619750977 -2.937516689300537 11.5
vertex 13.167562484741211 -2.924783706665039 11.5
endloop
endfacet
facet normal 0.2127899072103429 -0.9770979763510993 0.0
outer loop
vertex 13.109094619750977 -2.937516689300537 14.199999809265137
vertex 13.167562484741211 -2.924783706665039 11.5
vertex 13.167562484741211 -2.924783706665039 14.199999809265137
endloop
endfacet
facet normal 0.23222843713752417 -0.9726612735092638 0.0
outer loop
vertex 13.167562484741211 -2.924783706665039 14.199999809265137
vertex 13.167562484741211 -2.924783706665039 11.5
vertex 13.2257661819458 -2.9108872413635254 11.5
endloop
endfacet
facet normal 0.23222843713752417 -0.9726612735092638 0.0
outer loop
vertex 13.167562484741211 -2.924783706665039 14.199999809265137
vertex 13.2257661819458 -2.9108872413635254 11.5
vertex 13.2257661819458 -2.9108872413635254 14.199999809265137
endloop
endfacet
facet normal 0.25158876800198315 -0.967834227445612 0.0
outer loop
vertex 13.2257661819458 -2.9108872413635254 14.199999809265137
vertex 13.2257661819458 -2.9108872413635254 11.5
vertex 13.283679962158203 -2.8958325386047363 11.5
endloop
endfacet
facet normal 0.25158876800198315 -0.967834227445612 0.0
outer loop
vertex 13.2257661819458 -2.9108872413635254 14.199999809265137
vertex 13.283679962158203 -2.8958325386047363 11.5
vertex 13.283679962158203 -2.8958325386047363 14.199999809265137
endloop
endfacet
facet normal 0.2708411123720379 -0.9626240656918346 0.0
outer loop
vertex 13.283679962158203 -2.8958325386047363 14.199999809265137
vertex 13.283679962158203 -2.8958325386047363 11.5
vertex 13.341282844543457 -2.8796255588531494 11.5
endloop
endfacet
facet normal 0.2708411123720379 -0.9626240656918346 0.0
outer loop
vertex 13.283679962158203 -2.8958325386047363 14.199999809265137
vertex 13.341282844543457 -2.8796255588531494 11.5
vertex 13.341282844543457 -2.8796255588531494 14.199999809265137
endloop
endfacet
facet normal 0.28999113914974123 -0.9570293303836803 0.0
outer loop
vertex 13.341282844543457 -2.8796255588531494 14.199999809265137
vertex 13.341282844543457 -2.8796255588531494 11.5
vertex 13.39854907989502 -2.8622732162475586 11.5
endloop
endfacet
facet normal 0.28999113914974123 -0.9570293303836803 0.0
outer loop
vertex 13.341282844543457 -2.8796255588531494 14.199999809265137
vertex 13.39854907989502 -2.8622732162475586 11.5
vertex 13.39854907989502 -2.8622732162475586 14.199999809265137
endloop
endfacet
facet normal 0.30901219587169104 -0.9510580754099909 0.0
outer loop
vertex 13.39854907989502 -2.8622732162475586 14.199999809265137
vertex 13.39854907989502 -2.8622732162475586 11.5
vertex 13.455459594726562 -2.8437821865081787 11.5
endloop
endfacet
facet normal 0.30901219587169104 -0.9510580754099909 0.0
outer loop
vertex 13.39854907989502 -2.8622732162475586 14.199999809265137
vertex 13.455459594726562 -2.8437821865081787 11.5
vertex 13.455459594726562 -2.8437821865081787 14.199999809265137
endloop
endfacet
facet normal 0.32792220477491657 -0.9447047303869911 0.0
outer loop
vertex 13.455459594726562 -2.8437821865081787 14.199999809265137
vertex 13.455459594726562 -2.8437821865081787 11.5
vertex 13.511990547180176 -2.8241593837738037 11.5
endloop
endfacet
facet normal 0.32792220477491657 -0.9447047303869911 0.0
outer loop
vertex 13.455459594726562 -2.8437821865081787 14.199999809265137
vertex 13.511990547180176 -2.8241593837738037 11.5
vertex 13.511990547180176 -2.8241593837738037 14.199999809265137
endloop
endfacet
facet normal 0.34670592507139864 -0.9379738810438091 0.0
outer loop
vertex 13.511990547180176 -2.8241593837738037 14.199999809265137
vertex 13.511990547180176 -2.8241593837738037 11.5
vertex 13.568117141723633 -2.803413152694702 11.5
endloop
endfacet
facet normal 0.34670592507139864 -0.9379738810438091 0.0
outer loop
vertex 13.511990547180176 -2.8241593837738037 14.199999809265137
vertex 13.568117141723633 -2.803413152694702 11.5
vertex 13.568117141723633 -2.803413152694702 14.199999809265137
endloop
endfacet
facet normal 0.36534170422657003 -0.9308734818184615 0.0
outer loop
vertex 13.568117141723633 -2.803413152694702 14.199999809265137
vertex 13.568117141723633 -2.803413152694702 11.5
vertex 13.623819351196289 -2.7815515995025635 11.5
endloop
endfacet
facet normal 0.36534170422657003 -0.9308734818184615 0.0
outer loop
vertex 13.568117141723633 -2.803413152694702 14.199999809265137
vertex 13.623819351196289 -2.7815515995025635 11.5
vertex 13.623819351196289 -2.7815515995025635 14.199999809265137
endloop
endfacet
facet normal 0.38383215316166047 -0.9234028796788992 0.0
outer loop
vertex 13.623819351196289 -2.7815515995025635 14.199999809265137
vertex 13.623819351196289 -2.7815515995025635 11.5
vertex 13.679075241088867 -2.7585833072662354 11.5
endloop
endfacet
facet normal 0.38383215316166047 -0.9234028796788992 0.0
outer loop
vertex 13.623819351196289 -2.7815515995025635 14.199999809265137
vertex 13.679075241088867 -2.7585833072662354 11.5
vertex 13.679075241088867 -2.7585833072662354 14.199999809265137
endloop
endfacet
facet normal 0.40218201026877626 -0.915559736235799 0.0
outer loop
vertex 13.679075241088867 -2.7585833072662354 14.199999809265137
vertex 13.679075241088867 -2.7585833072662354 11.5
vertex 13.733860969543457 -2.7345173358917236 11.5
endloop
endfacet
facet normal 0.40218201026877626 -0.915559736235799 0.0
outer loop
vertex 13.679075241088867 -2.7585833072662354 14.199999809265137
vertex 13.733860969543457 -2.7345173358917236 11.5
vertex 13.733860969543457 -2.7345173358917236 14.199999809265137
endloop
endfacet
facet normal 0.4203516511617128 -0.9073612783040842 0.0
outer loop
vertex 13.733860969543457 -2.7345173358917236 14.199999809265137
vertex 13.733860969543457 -2.7345173358917236 11.5
vertex 13.788156509399414 -2.7093639373779297 11.5
endloop
endfacet
facet normal 0.4203516511617128 -0.9073612783040842 0.0
outer loop
vertex 13.733860969543457 -2.7345173358917236 14.199999809265137
vertex 13.788156509399414 -2.7093639373779297 11.5
vertex 13.788156509399414 -2.7093639373779297 14.199999809265137
endloop
endfacet
facet normal 0.4383752753043059 -0.89879203267601 0.0
outer loop
vertex 13.788156509399414 -2.7093639373779297 14.199999809265137
vertex 13.788156509399414 -2.7093639373779297 11.5
vertex 13.841938972473145 -2.6831321716308594 11.5
endloop
endfacet
facet normal 0.4383752753043059 -0.89879203267601 0.0
outer loop
vertex 13.788156509399414 -2.7093639373779297 14.199999809265137
vertex 13.841938972473145 -2.6831321716308594 11.5
vertex 13.841938972473145 -2.6831321716308594 14.199999809265137
endloop
endfacet
facet normal 0.45620817166799127 -0.889873083143517 0.0
outer loop
vertex 13.841938972473145 -2.6831321716308594 14.199999809265137
vertex 13.841938972473145 -2.6831321716308594 11.5
vertex 13.895188331604004 -2.6558330059051514 11.5
endloop
endfacet
facet normal 0.45620817166799127 -0.889873083143517 0.0
outer loop
vertex 13.841938972473145 -2.6831321716308594 14.199999809265137
vertex 13.895188331604004 -2.6558330059051514 11.5
vertex 13.895188331604004 -2.6558330059051514 14.199999809265137
endloop
endfacet
facet normal 0.473872899332603 -0.8805932518922188 0.0
outer loop
vertex 13.895188331604004 -2.6558330059051514 14.199999809265137
vertex 13.895188331604004 -2.6558330059051514 11.5
vertex 13.947881698608398 -2.6274771690368652 11.5
endloop
endfacet
facet normal 0.473872899332603 -0.8805932518922188 0.0
outer loop
vertex 13.895188331604004 -2.6558330059051514 14.199999809265137
vertex 13.947881698608398 -2.6274771690368652 11.5
vertex 13.947881698608398 -2.6274771690368652 14.199999809265137
endloop
endfacet
facet normal 0.4913338194452468 -0.8709713415890019 0.0
outer loop
vertex 13.947881698608398 -2.6274771690368652 14.199999809265137
vertex 13.947881698608398 -2.6274771690368652 11.5
vertex 14.0 -2.598076105117798 11.5
endloop
endfacet
facet normal 0.4913338194452468 -0.8709713415890019 0.0
outer loop
vertex 13.947881698608398 -2.6274771690368652 14.199999809265137
vertex 14.0 -2.598076105117798 11.5
vertex 14.0 -2.598076105117798 14.199999809265137
endloop
endfacet
facet normal 0.5086079588397157 -0.8609982254365557 0.0
outer loop
vertex 14.0 -2.598076105117798 14.199999809265137
vertex 14.0 -2.598076105117798 11.5
vertex 14.051521301269531 -2.567641496658325 11.5
endloop
endfacet
facet normal 0.5086079588397157 -0.8609982254365557 0.0
outer loop
vertex 14.0 -2.598076105117798 14.199999809265137
vertex 14.051521301269531 -2.567641496658325 11.5
vertex 14.051521301269531 -2.567641496658325 14.199999809265137
endloop
endfacet
facet normal 0.5256886468912049 -0.8506770518414695 0.0
outer loop
vertex 14.051521301269531 -2.567641496658325 14.199999809265137
vertex 14.051521301269531 -2.567641496658325 11.5
vertex 14.102424621582031 -2.5361850261688232 11.5
endloop
endfacet
facet normal 0.5256886468912049 -0.8506770518414695 0.0
outer loop
vertex 14.051521301269531 -2.567641496658325 14.199999809265137
vertex 14.102424621582031 -2.5361850261688232 11.5
vertex 14.102424621582031 -2.5361850261688232 14.199999809265137
endloop
endfacet
facet normal 0.542546986980089 -0.8400254561135794 0.0
outer loop
vertex 14.102424621582031 -2.5361850261688232 14.199999809265137
vertex 14.102424621582031 -2.5361850261688232 11.5
vertex 14.152690887451172 -2.5037195682525635 11.5
endloop
endfacet
facet normal 0.542546986980089 -0.8400254561135794 0.0
outer loop
vertex 14.102424621582031 -2.5361850261688232 14.199999809265137
vertex 14.152690887451172 -2.5037195682525635 11.5
vertex 14.152690887451172 -2.5037195682525635 14.199999809265137
endloop
endfacet
facet normal 0.5591919830227892 -0.829038193404285 0.0
outer loop
vertex 14.152690887451172 -2.5037195682525635 14.199999809265137
vertex 14.152690887451172 -2.5037195682525635 11.5
vertex 14.202299118041992 -2.4702584743499756 11.5
endloop
endfacet
facet normal 0.5591919830227892 -0.829038193404285 0.0
outer loop
vertex 14.152690887451172 -2.5037195682525635 14.199999809265137
vertex 14.202299118041992 -2.4702584743499756 11.5
vertex 14.202299118041992 -2.4702584743499756 14.199999809265137
endloop
endfacet
facet normal 0.575612424770012 -0.8177226525236948 0.0
outer loop
vertex 14.202299118041992 -2.4702584743499756 14.199999809265137
vertex 14.202299118041992 -2.4702584743499756 11.5
vertex 14.25123119354248 -2.435814142227173 11.5
endloop
endfacet
facet normal 0.575612424770012 -0.8177226525236948 0.0
outer loop
vertex 14.202299118041992 -2.4702584743499756 14.199999809265137
vertex 14.25123119354248 -2.435814142227173 11.5
vertex 14.25123119354248 -2.435814142227173 14.199999809265137
endloop
endfacet
facet normal 0.5918190662060526 -0.8060708361397253 0.0
outer loop
vertex 14.25123119354248 -2.435814142227173 14.199999809265137
vertex 14.25123119354248 -2.435814142227173 11.5
vertex 14.29946517944336 -2.4004006385803223 11.5
endloop
endfacet
facet normal 0.5918190662060526 -0.8060708361397253 0.0
outer loop
vertex 14.25123119354248 -2.435814142227173 14.199999809265137
vertex 14.29946517944336 -2.4004006385803223 11.5
vertex 14.29946517944336 -2.4004006385803223 14.199999809265137
endloop
endfacet
facet normal 0.6077718674640178 -0.7941116779895008 0.0
outer loop
vertex 14.29946517944336 -2.4004006385803223 14.199999809265137
vertex 14.29946517944336 -2.4004006385803223 11.5
vertex 14.346983909606934 -2.36403226852417 11.5
endloop
endfacet
facet normal 0.6077718674640178 -0.7941116779895008 0.0
outer loop
vertex 14.29946517944336 -2.4004006385803223 14.199999809265137
vertex 14.346983909606934 -2.36403226852417 11.5
vertex 14.346983909606934 -2.36403226852417 14.199999809265137
endloop
endfacet
facet normal 0.6234858852641405 -0.781834605831944 0.0
outer loop
vertex 14.346983909606934 -2.36403226852417 14.199999809265137
vertex 14.346983909606934 -2.36403226852417 11.5
vertex 14.393768310546875 -2.326723337173462 11.5
endloop
endfacet
facet normal 0.6234858852641405 -0.781834605831944 0.0
outer loop
vertex 14.346983909606934 -2.36403226852417 14.199999809265137
vertex 14.393768310546875 -2.326723337173462 11.5
vertex 14.393768310546875 -2.326723337173462 14.199999809265137
endloop
endfacet
facet normal 0.6389561531513465 -0.7692431568431617 0.0
outer loop
vertex 14.393768310546875 -2.326723337173462 14.199999809265137
vertex 14.393768310546875 -2.326723337173462 11.5
vertex 14.439799308776855 -2.2884886264801025 11.5
endloop
endfacet
facet normal 0.6389561531513465 -0.7692431568431617 0.0
outer loop
vertex 14.393768310546875 -2.326723337173462 14.199999809265137
vertex 14.439799308776855 -2.2884886264801025 11.5
vertex 14.439799308776855 -2.2884886264801025 14.199999809265137
endloop
endfacet
facet normal 0.6541757122125925 -0.7563426059340748 0.0
outer loop
vertex 14.439799308776855 -2.2884886264801025 14.199999809265137
vertex 14.439799308776855 -2.2884886264801025 11.5
vertex 14.485057830810547 -2.2493436336517334 11.5
endloop
endfacet
facet normal 0.6541757122125925 -0.7563426059340748 0.0
outer loop
vertex 14.439799308776855 -2.2884886264801025 14.199999809265137
vertex 14.485057830810547 -2.2493436336517334 11.5
vertex 14.485057830810547 -2.2493436336517334 14.199999809265137
endloop
endfacet
facet normal 0.6691390579559501 -0.7431372155381694 0.0
outer loop
vertex 14.485057830810547 -2.2493436336517334 14.199999809265137
vertex 14.485057830810547 -2.2493436336517334 11.5
vertex 14.529525756835938 -2.209303617477417 11.5
endloop
endfacet
facet normal 0.6691390579559501 -0.7431372155381694 0.0
outer loop
vertex 14.485057830810547 -2.2493436336517334 14.199999809265137
vertex 14.529525756835938 -2.209303617477417 11.5
vertex 14.529525756835938 -2.209303617477417 14.199999809265137
endloop
endfacet
facet normal 0.6838154762415701 -0.7296549831615725 0.0
outer loop
vertex 14.529525756835938 -2.209303617477417 14.199999809265137
vertex 14.529525756835938 -2.209303617477417 11.5
vertex 14.573187828063965 -2.168384552001953 11.5
endloop
endfacet
facet normal 0.6838154762415701 -0.7296549831615725 0.0
outer loop
vertex 14.529525756835938 -2.209303617477417 14.199999809265137
vertex 14.573187828063965 -2.168384552001953 11.5
vertex 14.573187828063965 -2.168384552001953 14.199999809265137
endloop
endfacet
facet normal 0.6982324838586077 -0.7158710767202703 0.0
outer loop
vertex 14.573187828063965 -2.168384552001953 14.199999809265137
vertex 14.573187828063965 -2.168384552001953 11.5
vertex 14.6160249710083 -2.1266028881073 11.5
endloop
endfacet
facet normal 0.6982324838586077 -0.7158710767202703 0.0
outer loop
vertex 14.573187828063965 -2.168384552001953 14.199999809265137
vertex 14.6160249710083 -2.1266028881073 11.5
vertex 14.6160249710083 -2.1266028881073 14.199999809265137
endloop
endfacet
facet normal 0.7123821872030489 -0.7017917207803183 0.0
outer loop
vertex 14.6160249710083 -2.1266028881073 14.199999809265137
vertex 14.6160249710083 -2.1266028881073 11.5
vertex 14.658019065856934 -2.083975076675415 11.5
endloop
endfacet
facet normal 0.7123821872030489 -0.7017917207803183 0.0
outer loop
vertex 14.6160249710083 -2.1266028881073 14.199999809265137
vertex 14.658019065856934 -2.083975076675415 11.5
vertex 14.658019065856934 -2.083975076675415 14.199999809265137
endloop
endfacet
facet normal 0.7262267244777482 -0.6874552673842284 0.0
outer loop
vertex 14.658019065856934 -2.083975076675415 14.199999809265137
vertex 14.658019065856934 -2.083975076675415 11.5
vertex 14.699155807495117 -2.040518283843994 11.5
endloop
endfacet
facet normal 0.7262267244777482 -0.6874552673842284 0.0
outer loop
vertex 14.658019065856934 -2.083975076675415 14.199999809265137
vertex 14.699155807495117 -2.040518283843994 11.5
vertex 14.699155807495117 -2.040518283843994 14.199999809265137
endloop
endfacet
facet normal 0.7398077271805846 -0.6728183460666762 0.0
outer loop
vertex 14.699155807495117 -2.040518283843994 14.199999809265137
vertex 14.699155807495117 -2.040518283843994 11.5
vertex 14.739416122436523 -1.9962494373321533 11.5
endloop
endfacet
facet normal 0.7398077271805846 -0.6728183460666762 0.0
outer loop
vertex 14.699155807495117 -2.040518283843994 14.199999809265137
vertex 14.739416122436523 -1.9962494373321533 11.5
vertex 14.739416122436523 -1.9962494373321533 14.199999809265137
endloop
endfacet
facet normal 0.7530613580642019 -0.6579502952279145 0.0
outer loop
vertex 14.739416122436523 -1.9962494373321533 14.199999809265137
vertex 14.739416122436523 -1.9962494373321533 11.5
vertex 14.778787612915039 -1.9511865377426147 11.5
endloop
endfacet
facet normal 0.7530613580642019 -0.6579502952279145 0.0
outer loop
vertex 14.739416122436523 -1.9962494373321533 14.199999809265137
vertex 14.778787612915039 -1.9511865377426147 11.5
vertex 14.778787612915039 -1.9511865377426147 14.199999809265137
endloop
endfacet
facet normal 0.7660448981616927 -0.6427870673873594 0.0
outer loop
vertex 14.778787612915039 -1.9511865377426147 14.199999809265137
vertex 14.778787612915039 -1.9511865377426147 11.5
vertex 14.817251205444336 -1.9053473472595215 11.5
endloop
endfacet
facet normal 0.7660448981616927 -0.6427870673873594 0.0
outer loop
vertex 14.778787612915039 -1.9511865377426147 14.199999809265137
vertex 14.817251205444336 -1.9053473472595215 11.5
vertex 14.817251205444336 -1.9053473472595215 14.199999809265137
endloop
endfacet
facet normal 0.7787161402073751 -0.6273764204849651 0.0
outer loop
vertex 14.817251205444336 -1.9053473472595215 14.199999809265137
vertex 14.817251205444336 -1.9053473472595215 11.5
vertex 14.854792594909668 -1.8587499856948853 11.5
endloop
endfacet
facet normal 0.7787161402073751 -0.6273764204849651 0.0
outer loop
vertex 14.817251205444336 -1.9053473472595215 14.199999809265137
vertex 14.854792594909668 -1.8587499856948853 11.5
vertex 14.854792594909668 -1.8587499856948853 14.199999809265137
endloop
endfacet
facet normal 0.7910712366489421 -0.6117240379016615 0.0
outer loop
vertex 14.854792594909668 -1.8587499856948853 14.199999809265137
vertex 14.854792594909668 -1.8587499856948853 11.5
vertex 14.891397476196289 -1.8114131689071655 11.5
endloop
endfacet
facet normal 0.7910712366489421 -0.6117240379016615 0.0
outer loop
vertex 14.854792594909668 -1.8587499856948853 14.199999809265137
vertex 14.891397476196289 -1.8114131689071655 11.5
vertex 14.891397476196289 -1.8114131689071655 14.199999809265137
endloop
endfacet
facet normal 0.8031165404369796 -0.5958219721330671 0.0
outer loop
vertex 14.891397476196289 -1.8114131689071655 14.199999809265137
vertex 14.891397476196289 -1.8114131689071655 11.5
vertex 14.927050590515137 -1.7633558511734009 11.5
endloop
endfacet
facet normal 0.8031165404369796 -0.5958219721330671 0.0
outer loop
vertex 14.891397476196289 -1.8114131689071655 14.199999809265137
vertex 14.927050590515137 -1.7633558511734009 11.5
vertex 14.927050590515137 -1.7633558511734009 14.199999809265137
endloop
endfacet
facet normal 0.8148305262321199 -0.5796992440225247 0.0
outer loop
vertex 14.927050590515137 -1.7633558511734009 14.199999809265137
vertex 14.927050590515137 -1.7633558511734009 11.5
vertex 14.961739540100098 -1.7145967483520508 11.5
endloop
endfacet
facet normal 0.8148305262321199 -0.5796992440225247 0.0
outer loop
vertex 14.927050590515137 -1.7633558511734009 14.199999809265137
vertex 14.961739540100098 -1.7145967483520508 11.5
vertex 14.961739540100098 -1.7145967483520508 14.199999809265137
endloop
endfacet
facet normal 0.8262452552059671 -0.5633105522264131 0.0
outer loop
vertex 14.961739540100098 -1.7145967483520508 14.199999809265137
vertex 14.961739540100098 -1.7145967483520508 11.5
vertex 14.995447158813477 -1.6651555299758911 11.5
endloop
endfacet
facet normal 0.837308472986812 0.5467307573792546 -0.0
outer loop
vertex 15.028162956237793 1.6150518655776978 14.199999809265137
vertex 14.995447158813477 1.6651555299758911 11.5
vertex 14.995447158813477 1.6651555299758911 14.199999809265137
endloop
endfacet
facet normal 0.8262452552059671 0.5633105522264131 0.0
outer loop
vertex 14.995447158813477 1.6651555299758911 14.199999809265137
vertex 14.995447158813477 1.6651555299758911 11.5
vertex 14.961739540100098 1.7145967483520508 11.5
endloop
endfacet
facet normal 0.8262452552059671 0.5633105522264131 -0.0
outer loop
vertex 14.995447158813477 1.6651555299758911 14.199999809265137
vertex 14.961739540100098 1.7145967483520508 11.5
vertex 14.961739540100098 1.7145967483520508 14.199999809265137
endloop
endfacet
facet normal 0.8148305262321199 0.5796992440225247 0.0
outer loop
vertex 14.961739540100098 1.7145967483520508 14.199999809265137
vertex 14.961739540100098 1.7145967483520508 11.5
vertex 14.927050590515137 1.7633558511734009 11.5
endloop
endfacet
facet normal 0.8148305262321199 0.5796992440225247 -0.0
outer loop
vertex 14.961739540100098 1.7145967483520508 14.199999809265137
vertex 14.927050590515137 1.7633558511734009 11.5
vertex 14.927050590515137 1.7633558511734009 14.199999809265137
endloop
endfacet
facet normal 0.8031165404369796 0.5958219721330671 0.0
outer loop
vertex 14.927050590515137 1.7633558511734009 14.199999809265137
vertex 14.927050590515137 1.7633558511734009 11.5
vertex 14.891397476196289 1.8114131689071655 11.5
endloop
endfacet
facet normal 0.8031165404369796 0.5958219721330671 -0.0
outer loop
vertex 14.927050590515137 1.7633558511734009 14.199999809265137
vertex 14.891397476196289 1.8114131689071655 11.5
vertex 14.891397476196289 1.8114131689071655 14.199999809265137
endloop
endfacet
facet normal 0.7910712366489421 0.6117240379016615 0.0
outer loop
vertex 14.891397476196289 1.8114131689071655 14.199999809265137
vertex 14.891397476196289 1.8114131689071655 11.5
vertex 14.854792594909668 1.8587499856948853 11.5
endloop
endfacet
facet normal 0.7910712366489421 0.6117240379016615 -0.0
outer loop
vertex 14.891397476196289 1.8114131689071655 14.199999809265137
vertex 14.854792594909668 1.8587499856948853 11.5
vertex 14.854792594909668 1.8587499856948853 14.199999809265137
endloop
endfacet
facet normal 0.7787161402073751 0.6273764204849651 0.0
outer loop
vertex 14.854792594909668 1.8587499856948853 14.199999809265137
vertex 14.854792594909668 1.8587499856948853 11.5
vertex 14.817251205444336 1.9053473472595215 11.5
endloop
endfacet
facet normal 0.7787161402073751 0.6273764204849651 -0.0
outer loop
vertex 14.854792594909668 1.8587499856948853 14.199999809265137
vertex 14.817251205444336 1.9053473472595215 11.5
vertex 14.817251205444336 1.9053473472595215 14.199999809265137
endloop
endfacet
facet normal 0.7660448981616927 0.6427870673873594 0.0
outer loop
vertex 14.817251205444336 1.9053473472595215 14.199999809265137
vertex 14.817251205444336 1.9053473472595215 11.5
vertex 14.778787612915039 1.9511865377426147 11.5
endloop
endfacet
facet normal 0.7660448981616927 0.6427870673873594 -0.0
outer loop
vertex 14.817251205444336 1.9053473472595215 14.199999809265137
vertex 14.778787612915039 1.9511865377426147 11.5
vertex 14.778787612915039 1.9511865377426147 14.199999809265137
endloop
endfacet
facet normal 0.7530613580642019 0.6579502952279145 0.0
outer loop
vertex 14.778787612915039 1.9511865377426147 14.199999809265137
vertex 14.778787612915039 1.9511865377426147 11.5
vertex 14.739416122436523 1.9962494373321533 11.5
endloop
endfacet
facet normal 0.7530613580642019 0.6579502952279145 -0.0
outer loop
vertex 14.778787612915039 1.9511865377426147 14.199999809265137
vertex 14.739416122436523 1.9962494373321533 11.5
vertex 14.739416122436523 1.9962494373321533 14.199999809265137
endloop
endfacet
facet normal 0.7398077271805846 0.6728183460666762 0.0
outer loop
vertex 14.739416122436523 1.9962494373321533 14.199999809265137
vertex 14.739416122436523 1.9962494373321533 11.5
vertex 14.699155807495117 2.040518283843994 11.5
endloop
endfacet
facet normal 0.7398077271805846 0.6728183460666762 -0.0
outer loop
vertex 14.739416122436523 1.9962494373321533 14.199999809265137
vertex 14.699155807495117 2.040518283843994 11.5
vertex 14.699155807495117 2.040518283843994 14.199999809265137
endloop
endfacet
facet normal 0.7262267244777482 0.6874552673842284 0.0
outer loop
vertex 14.699155807495117 2.040518283843994 14.199999809265137
vertex 14.699155807495117 2.040518283843994 11.5
vertex 14.658019065856934 2.083975076675415 11.5
endloop
endfacet
facet normal 0.7262267244777482 0.6874552673842284 -0.0
outer loop
vertex 14.699155807495117 2.040518283843994 14.199999809265137
vertex 14.658019065856934 2.083975076675415 11.5
vertex 14.658019065856934 2.083975076675415 14.199999809265137
endloop
endfacet
facet normal 0.7123821872030489 0.7017917207803183 0.0
outer loop
vertex 14.658019065856934 2.083975076675415 14.199999809265137
vertex 14.658019065856934 2.083975076675415 11.5
vertex 14.6160249710083 2.1266028881073 11.5
endloop
endfacet
facet normal 0.7123821872030489 0.7017917207803183 -0.0
outer loop
vertex 14.658019065856934 2.083975076675415 14.199999809265137
vertex 14.6160249710083 2.1266028881073 11.5
vertex 14.6160249710083 2.1266028881073 14.199999809265137
endloop
endfacet
facet normal 0.6982324838586077 0.7158710767202703 0.0
outer loop
vertex 14.6160249710083 2.1266028881073 14.199999809265137
vertex 14.6160249710083 2.1266028881073 11.5
vertex 14.573187828063965 2.168384552001953 11.5
endloop
endfacet
facet normal 0.6982324838586077 0.7158710767202703 -0.0
outer loop
vertex 14.6160249710083 2.1266028881073 14.199999809265137
vertex 14.573187828063965 2.168384552001953 11.5
vertex 14.573187828063965 2.168384552001953 14.199999809265137
endloop
endfacet
facet normal 0.6838154762415701 0.7296549831615725 0.0
outer loop
vertex 14.573187828063965 2.168384552001953 14.199999809265137
vertex 14.573187828063965 2.168384552001953 11.5
vertex 14.529525756835938 2.209303617477417 11.5
endloop
endfacet
facet normal 0.6838154762415701 0.7296549831615725 -0.0
outer loop
vertex 14.573187828063965 2.168384552001953 14.199999809265137
vertex 14.529525756835938 2.209303617477417 11.5
vertex 14.529525756835938 2.209303617477417 14.199999809265137
endloop
endfacet
facet normal 0.6691390579559501 0.7431372155381694 0.0
outer loop
vertex 14.529525756835938 2.209303617477417 14.199999809265137
vertex 14.529525756835938 2.209303617477417 11.5
vertex 14.485057830810547 2.2493436336517334 11.5
endloop
endfacet
facet normal 0.6691390579559501 0.7431372155381694 -0.0
outer loop
vertex 14.529525756835938 2.209303617477417 14.199999809265137
vertex 14.485057830810547 2.2493436336517334 11.5
vertex 14.485057830810547 2.2493436336517334 14.199999809265137
endloop
endfacet
facet normal 0.6541757122125925 0.7563426059340748 0.0
outer loop
vertex 14.485057830810547 2.2493436336517334 14.199999809265137
vertex 14.485057830810547 2.2493436336517334 11.5
vertex 14.439799308776855 2.2884886264801025 11.5
endloop
endfacet
facet normal 0.6541757122125925 0.7563426059340748 -0.0
outer loop
vertex 14.485057830810547 2.2493436336517334 14.199999809265137
vertex 14.439799308776855 2.2884886264801025 11.5
vertex 14.439799308776855 2.2884886264801025 14.199999809265137
endloop
endfacet
facet normal 0.6389561531513465 0.7692431568431617 0.0
outer loop
vertex 14.439799308776855 2.2884886264801025 14.199999809265137
vertex 14.439799308776855 2.2884886264801025 11.5
vertex 14.393768310546875 2.326723337173462 11.5
endloop
endfacet
facet normal 0.6389561531513465 0.7692431568431617 -0.0
outer loop
vertex 14.439799308776855 2.2884886264801025 14.199999809265137
vertex 14.393768310546875 2.326723337173462 11.5
vertex 14.393768310546875 2.326723337173462 14.199999809265137
endloop
endfacet
facet normal 0.6234858852641405 0.781834605831944 0.0
outer loop
vertex 14.393768310546875 2.326723337173462 14.199999809265137
vertex 14.393768310546875 2.326723337173462 11.5
vertex 14.346983909606934 2.36403226852417 11.5
endloop
endfacet
facet normal 0.6234858852641405 0.781834605831944 -0.0
outer loop
vertex 14.393768310546875 2.326723337173462 14.199999809265137
vertex 14.346983909606934 2.36403226852417 11.5
vertex 14.346983909606934 2.36403226852417 14.199999809265137
endloop
endfacet
facet normal 0.6077718674640178 0.7941116779895008 0.0
outer loop
vertex 14.346983909606934 2.36403226852417 14.199999809265137
vertex 14.346983909606934 2.36403226852417 11.5
vertex 14.29946517944336 2.4004006385803223 11.5
endloop
endfacet
facet normal 0.6077718674640178 0.7941116779895008 -0.0
outer loop
vertex 14.346983909606934 2.36403226852417 14.199999809265137
vertex 14.29946517944336 2.4004006385803223 11.5
vertex 14.29946517944336 2.4004006385803223 14.199999809265137
endloop
endfacet
facet normal 0.5918190662060526 0.8060708361397253 0.0
outer loop
vertex 14.29946517944336 2.4004006385803223 14.199999809265137
vertex 14.29946517944336 2.4004006385803223 11.5
vertex 14.25123119354248 2.435814142227173 11.5
endloop
endfacet
facet normal 0.5918190662060526 0.8060708361397253 -0.0
outer loop
vertex 14.29946517944336 2.4004006385803223 14.199999809265137
vertex 14.25123119354248 2.435814142227173 11.5
vertex 14.25123119354248 2.435814142227173 14.199999809265137
endloop
endfacet
facet normal 0.575612424770012 0.8177226525236948 0.0
outer loop
vertex 14.25123119354248 2.435814142227173 14.199999809265137
vertex 14.25123119354248 2.435814142227173 11.5
vertex 14.202299118041992 2.4702584743499756 11.5
endloop
endfacet
facet normal 0.575612424770012 0.8177226525236948 -0.0
outer loop
vertex 14.25123119354248 2.435814142227173 14.199999809265137
vertex 14.202299118041992 2.4702584743499756 11.5
vertex 14.202299118041992 2.4702584743499756 14.199999809265137
endloop
endfacet
facet normal 0.5591919830227892 0.829038193404285 0.0
outer loop
vertex 14.202299118041992 2.4702584743499756 14.199999809265137
vertex 14.202299118041992 2.4702584743499756 11.5
vertex 14.152690887451172 2.5037195682525635 11.5
endloop
endfacet
facet normal 0.5591919830227892 0.829038193404285 -0.0
outer loop
vertex 14.202299118041992 2.4702584743499756 14.199999809265137
vertex 14.152690887451172 2.5037195682525635 11.5
vertex 14.152690887451172 2.5037195682525635 14.199999809265137
endloop
endfacet
facet normal 0.542546986980089 0.8400254561135794 0.0
outer loop
vertex 14.152690887451172 2.5037195682525635 14.199999809265137
vertex 14.152690887451172 2.5037195682525635 11.5
vertex 14.102424621582031 2.5361850261688232 11.5
endloop
endfacet
facet normal 0.542546986980089 0.8400254561135794 -0.0
outer loop
vertex 14.152690887451172 2.5037195682525635 14.199999809265137
vertex 14.102424621582031 2.5361850261688232 11.5
vertex 14.102424621582031 2.5361850261688232 14.199999809265137
endloop
endfacet
facet normal 0.5256886468912049 0.8506770518414695 0.0
outer loop
vertex 14.102424621582031 2.5361850261688232 14.199999809265137
vertex 14.102424621582031 2.5361850261688232 11.5
vertex 14.051521301269531 2.567641496658325 11.5
endloop
endfacet
facet normal 0.5256886468912049 0.8506770518414695 -0.0
outer loop
vertex 14.102424621582031 2.5361850261688232 14.199999809265137
vertex 14.051521301269531 2.567641496658325 11.5
vertex 14.051521301269531 2.567641496658325 14.199999809265137
endloop
endfacet
facet normal 0.5086079588397157 0.8609982254365557 0.0
outer loop
vertex 14.051521301269531 2.567641496658325 14.199999809265137
vertex 14.051521301269531 2.567641496658325 11.5
vertex 14.0 2.598076105117798 11.5
endloop
endfacet
facet normal 0.5086079588397157 0.8609982254365557 -0.0
outer loop
vertex 14.051521301269531 2.567641496658325 14.199999809265137
vertex 14.0 2.598076105117798 11.5
vertex 14.0 2.598076105117798 14.199999809265137
endloop
endfacet
facet normal 0.4913338194452468 0.8709713415890019 0.0
outer loop
vertex 14.0 2.598076105117798 14.199999809265137
vertex 14.0 2.598076105117798 11.5
vertex 13.947881698608398 2.6274771690368652 11.5
endloop
endfacet
facet normal 0.4913338194452468 0.8709713415890019 -0.0
outer loop
vertex 14.0 2.598076105117798 14.199999809265137
vertex 13.947881698608398 2.6274771690368652 11.5
vertex 13.947881698608398 2.6274771690368652 14.199999809265137
endloop
endfacet
facet normal 0.473872899332603 0.8805932518922188 0.0
outer loop
vertex 13.947881698608398 2.6274771690368652 14.199999809265137
vertex 13.947881698608398 2.6274771690368652 11.5
vertex 13.895188331604004 2.6558330059051514 11.5
endloop
endfacet
facet normal 0.473872899332603 0.8805932518922188 -0.0
outer loop
vertex 13.947881698608398 2.6274771690368652 14.199999809265137
vertex 13.895188331604004 2.6558330059051514 11.5
vertex 13.895188331604004 2.6558330059051514 14.199999809265137
endloop
endfacet
facet normal 0.45620817166799127 0.889873083143517 0.0
outer loop
vertex 13.895188331604004 2.6558330059051514 14.199999809265137
vertex 13.895188331604004 2.6558330059051514 11.5
vertex 13.841938972473145 2.6831321716308594 11.5
endloop
endfacet
facet normal 0.45620817166799127 0.889873083143517 -0.0
outer loop
vertex 13.895188331604004 2.6558330059051514 14.199999809265137
vertex 13.841938972473145 2.6831321716308594 11.5
vertex 13.841938972473145 2.6831321716308594 14.199999809265137
endloop
endfacet
facet normal 0.4383752753043059 0.89879203267601 0.0
outer loop
vertex 13.841938972473145 2.6831321716308594 14.199999809265137
vertex 13.841938972473145 2.6831321716308594 11.5
vertex 13.788156509399414 2.7093639373779297 11.5
endloop
endfacet
facet normal 0.4383752753043059 0.89879203267601 -0.0
outer loop
vertex 13.841938972473145 2.6831321716308594 14.199999809265137
vertex 13.788156509399414 2.7093639373779297 11.5
vertex 13.788156509399414 2.7093639373779297 14.199999809265137
endloop
endfacet
facet normal 0.4203516511617128 0.9073612783040842 0.0
outer loop
vertex 13.788156509399414 2.7093639373779297 14.199999809265137
vertex 13.788156509399414 2.7093639373779297 11.5
vertex 13.733860969543457 2.7345173358917236 11.5
endloop
endfacet
facet normal 0.4203516511617128 0.9073612783040842 -0.0
outer loop
vertex 13.788156509399414 2.7093639373779297 14.199999809265137
vertex 13.733860969543457 2.7345173358917236 11.5
vertex 13.733860969543457 2.7345173358917236 14.199999809265137
endloop
endfacet
facet normal 0.40218201026877626 0.915559736235799 0.0
outer loop
vertex 13.733860969543457 2.7345173358917236 14.199999809265137
vertex 13.733860969543457 2.7345173358917236 11.5
vertex 13.679075241088867 2.7585833072662354 11.5
endloop
endfacet
facet normal 0.40218201026877626 0.915559736235799 -0.0
outer loop
vertex 13.733860969543457 2.7345173358917236 14.199999809265137
vertex 13.679075241088867 2.7585833072662354 11.5
vertex 13.679075241088867 2.7585833072662354 14.199999809265137
endloop
endfacet
facet normal 0.38383215316166047 0.9234028796788992 0.0
outer loop
vertex 13.679075241088867 2.7585833072662354 14.199999809265137
vertex 13.679075241088867 2.7585833072662354 11.5
vertex 13.623819351196289 2.7815515995025635 11.5
endloop
endfacet
facet normal 0.38383215316166047 0.9234028796788992 -0.0
outer loop
vertex 13.679075241088867 2.7585833072662354 14.199999809265137
vertex 13.623819351196289 2.7815515995025635 11.5
vertex 13.623819351196289 2.7815515995025635 14.199999809265137
endloop
endfacet
facet normal 0.36534170422657003 0.9308734818184615 0.0
outer loop
vertex 13.623819351196289 2.7815515995025635 14.199999809265137
vertex 13.623819351196289 2.7815515995025635 11.5
vertex 13.568117141723633 2.803413152694702 11.5
endloop
endfacet
facet normal 0.36534170422657003 0.9308734818184615 -0.0
outer loop
vertex 13.623819351196289 2.7815515995025635 14.199999809265137
vertex 13.568117141723633 2.803413152694702 11.5
vertex 13.568117141723633 2.803413152694702 14.199999809265137
endloop
endfacet
facet normal 0.34670592507139864 0.9379738810438091 0.0
outer loop
vertex 13.568117141723633 2.803413152694702 14.199999809265137
vertex 13.568117141723633 2.803413152694702 11.5
vertex 13.511990547180176 2.8241593837738037 11.5
endloop
endfacet
facet normal 0.34670592507139864 0.9379738810438091 -0.0
outer loop
vertex 13.568117141723633 2.803413152694702 14.199999809265137
vertex 13.511990547180176 2.8241593837738037 11.5
vertex 13.511990547180176 2.8241593837738037 14.199999809265137
endloop
endfacet
facet normal 0.32792220477491657 0.9447047303869911 0.0
outer loop
vertex 13.511990547180176 2.8241593837738037 14.199999809265137
vertex 13.511990547180176 2.8241593837738037 11.5
vertex 13.455459594726562 2.8437821865081787 11.5
endloop
endfacet
facet normal 0.32792220477491657 0.9447047303869911 -0.0
outer loop
vertex 13.511990547180176 2.8241593837738037 14.199999809265137
vertex 13.455459594726562 2.8437821865081787 11.5
vertex 13.455459594726562 2.8437821865081787 14.199999809265137
endloop
endfacet
facet normal 0.30901219587169104 0.9510580754099909 0.0
outer loop
vertex 13.455459594726562 2.8437821865081787 14.199999809265137
vertex 13.455459594726562 2.8437821865081787 11.5
vertex 13.39854907989502 2.8622732162475586 11.5
endloop
endfacet
facet normal 0.30901219587169104 0.9510580754099909 -0.0
outer loop
vertex 13.455459594726562 2.8437821865081787 14.199999809265137
vertex 13.39854907989502 2.8622732162475586 11.5
vertex 13.39854907989502 2.8622732162475586 14.199999809265137
endloop
endfacet
facet normal 0.28999113914974123 0.9570293303836803 0.0
outer loop
vertex 13.39854907989502 2.8622732162475586 14.199999809265137
vertex 13.39854907989502 2.8622732162475586 11.5
vertex 13.341282844543457 2.8796255588531494 11.5
endloop
endfacet
facet normal 0.28999113914974123 0.9570293303836803 -0.0
outer loop
vertex 13.39854907989502 2.8622732162475586 14.199999809265137
vertex 13.341282844543457 2.8796255588531494 11.5
vertex 13.341282844543457 2.8796255588531494 14.199999809265137
endloop
endfacet
facet normal 0.2708411123720379 0.9626240656918346 0.0
outer loop
vertex 13.341282844543457 2.8796255588531494 14.199999809265137
vertex 13.341282844543457 2.8796255588531494 11.5
vertex 13.283679962158203 2.8958325386047363 11.5
endloop
endfacet
facet normal 0.2708411123720379 0.9626240656918346 -0.0
outer loop
vertex 13.341282844543457 2.8796255588531494 14.199999809265137
vertex 13.283679962158203 2.8958325386047363 11.5
vertex 13.283679962158203 2.8958325386047363 14.199999809265137
endloop
endfacet
facet normal 0.25158876800198315 0.967834227445612 0.0
outer loop
vertex 13.283679962158203 2.8958325386047363 14.199999809265137
vertex 13.283679962158203 2.8958325386047363 11.5
vertex 13.2257661819458 2.9108872413635254 11.5
endloop
endfacet
facet normal 0.25158876800198315 0.967834227445612 -0.0
outer loop
vertex 13.283679962158203 2.8958325386047363 14.199999809265137
vertex 13.2257661819458 2.9108872413635254 11.5
vertex 13.2257661819458 2.9108872413635254 14.199999809265137
endloop
endfacet
facet normal 0.23222843713752417 0.9726612735092638 0.0
outer loop
vertex 13.2257661819458 2.9108872413635254 14.199999809265137
vertex 13.2257661819458 2.9108872413635254 11.5
vertex 13.167562484741211 2.924783706665039 11.5
endloop
endfacet
facet normal 0.23222843713752417 0.9726612735092638 -0.0
outer loop
vertex 13.2257661819458 2.9108872413635254 14.199999809265137
vertex 13.167562484741211 2.924783706665039 11.5
vertex 13.167562484741211 2.924783706665039 14.199999809265137
endloop
endfacet
facet normal 0.2127899072103429 0.9770979763510993 0.0
outer loop
vertex 13.167562484741211 2.924783706665039 14.199999809265137
vertex 13.167562484741211 2.924783706665039 11.5
vertex 13.109094619750977 2.937516689300537 11.5
endloop
endfacet
facet normal 0.2127899072103429 0.9770979763510993 -0.0
outer loop
vertex 13.167562484741211 2.924783706665039 14.199999809265137
vertex 13.109094619750977 2.937516689300537 11.5
vertex 13.109094619750977 2.937516689300537 14.199999809265137
endloop
endfacet
facet normal 0.1932557806569834 0.9811484104062238 0.0
outer loop
vertex 13.109094619750977 2.937516689300537 14.199999809265137
vertex 13.109094619750977 2.937516689300537 11.5
vertex 13.050383567810059 2.9490809440612793 11.5
endloop
endfacet
facet normal 0.1932557806569834 0.9811484104062238 -0.0
outer loop
vertex 13.109094619750977 2.937516689300537 14.199999809265137
vertex 13.050383567810059 2.9490809440612793 11.5
vertex 13.050383567810059 2.9490809440612793 14.199999809265137
endloop
endfacet
facet normal 0.1736478203260968 0.9848078160209714 0.0
outer loop
vertex 13.050383567810059 2.9490809440612793 14.199999809265137
vertex 13.050383567810059 2.9490809440612793 11.5
vertex 12.991453170776367 2.9594719409942627 11.5
endloop
endfacet
facet normal 0.1736478203260968 0.9848078160209714 -0.0
outer loop
vertex 13.050383567810059 2.9490809440612793 14.199999809265137
vertex 12.991453170776367 2.9594719409942627 11.5
vertex 12.991453170776367 2.9594719409942627 14.199999809265137
endloop
endfacet
facet normal 0.1539679924945091 0.988075835797643 0.0
outer loop
vertex 12.991453170776367 2.9594719409942627 14.199999809265137
vertex 12.991453170776367 2.9594719409942627 11.5
vertex 12.932328224182129 2.9686851501464844 11.5
endloop
endfacet
facet normal 0.1539679924945091 0.988075835797643 -0.0
outer loop
vertex 12.991453170776367 2.9594719409942627 14.199999809265137
vertex 12.932328224182129 2.9686851501464844 11.5
vertex 12.932328224182129 2.9686851501464844 14.199999809265137
endloop
endfacet
facet normal 0.13423800913517078 0.9909491192303598 0.0
outer loop
vertex 12.932328224182129 2.9686851501464844 14.199999809265137
vertex 12.932328224182129 2.9686851501464844 11.5
vertex 12.873031616210938 2.976717710494995 11.5
endloop
endfacet
facet normal 0.13423800913517078 0.9909491192303598 -0.0
outer loop
vertex 12.932328224182129 2.9686851501464844 14.199999809265137
vertex 12.873031616210938 2.976717710494995 11.5
vertex 12.873031616210938 2.976717710494995 14.199999809265137
endloop
endfacet
facet normal 0.11443899868692699 0.993430277160674 0.0
outer loop
vertex 12.873031616210938 2.976717710494995 14.199999809265137
vertex 12.873031616210938 2.976717710494995 11.5
vertex 12.813586235046387 2.98356556892395 11.5
endloop
endfacet
facet normal 0.11443899868692699 0.993430277160674 -0.0
outer loop
vertex 12.873031616210938 2.976717710494995 14.199999809265137
vertex 12.813586235046387 2.98356556892395 11.5
vertex 12.813586235046387 2.98356556892395 14.199999809265137
endloop
endfacet
facet normal 0.09460696629850136 0.9955147020148895 0.0
outer loop
vertex 12.813586235046387 2.98356556892395 14.199999809265137
vertex 12.813586235046387 2.98356556892395 11.5
vertex 12.75401496887207 2.989226818084717 11.5
endloop
endfacet
facet normal 0.09460696629850136 0.9955147020148895 -0.0
outer loop
vertex 12.813586235046387 2.98356556892395 14.199999809265137
vertex 12.75401496887207 2.989226818084717 11.5
vertex 12.75401496887207 2.989226818084717 14.199999809265137
endloop
endfacet
facet normal 0.07472536741669476 0.9972041513473758 0.0
outer loop
vertex 12.75401496887207 2.989226818084717 14.199999809265137
vertex 12.75401496887207 2.989226818084717 11.5
vertex 12.694342613220215 2.9936983585357666 11.5
endloop
endfacet
facet normal 0.07472536741669476 0.9972041513473758 -0.0
outer loop
vertex 12.75401496887207 2.989226818084717 14.199999809265137
vertex 12.694342613220215 2.9936983585357666 11.5
vertex 12.694342613220215 2.9936983585357666 14.199999809265137
endloop
endfacet
facet normal 0.05482960766379251 0.9984957256410438 0.0
outer loop
vertex 12.694342613220215 2.9936983585357666 14.199999809265137
vertex 12.694342613220215 2.9936983585357666 11.5
vertex 12.634594917297363 2.996979236602783 11.5
endloop
endfacet
facet normal 0.05482960766379251 0.9984957256410438 -0.0
outer loop
vertex 12.694342613220215 2.9936983585357666 14.199999809265137
vertex 12.634594917297363 2.996979236602783 11.5
vertex 12.634594917297363 2.996979236602783 14.199999809265137
endloop
endfacet
facet normal 0.03489851595425825 0.9993908612670972 0.0
outer loop
vertex 12.634594917297363 2.996979236602783 14.199999809265137
vertex 12.634594917297363 2.996979236602783 11.5
vertex 12.57479190826416 2.999067544937134 11.5
endloop
endfacet
facet normal 0.03489851595425825 0.9993908612670972 -0.0
outer loop
vertex 12.634594917297363 2.996979236602783 14.199999809265137
vertex 12.57479190826416 2.999067544937134 11.5
vertex 12.57479190826416 2.999067544937134 14.199999809265137
endloop
endfacet
facet normal 0.014961346047681968 0.9998880727983716 0.0
outer loop
vertex 12.57479190826416 2.999067544937134 14.199999809265137
vertex 12.57479190826416 2.999067544937134 11.5
vertex 12.514960289001465 2.99996280670166 11.5
endloop
endfacet
facet normal 0.014961346047681968 0.9998880727983716 -0.0
outer loop
vertex 12.57479190826416 2.999067544937134 14.199999809265137
vertex 12.514960289001465 2.99996280670166 11.5
vertex 12.514960289001465 2.99996280670166 14.199999809265137
endloop
endfacet
facet normal -0.004988383227905041 0.9999875579389833 0.0
outer loop
vertex 12.514960289001465 2.99996280670166 14.199999809265137
vertex 12.514960289001465 2.99996280670166 11.5
vertex 12.455121994018555 2.999664306640625 11.5
endloop
endfacet
facet normal -0.004988383227905041 0.9999875579389833 0.0
outer loop
vertex 12.514960289001465 2.99996280670166 14.199999809265137
vertex 12.455121994018555 2.999664306640625 11.5
vertex 12.455121994018555 2.999664306640625 14.199999809265137
endloop
endfacet
facet normal -0.024930074084735358 0.999689197403938 0.0
outer loop
vertex 12.455121994018555 2.999664306640625 14.199999809265137
vertex 12.455121994018555 2.999664306640625 11.5
vertex 12.395301818847656 2.9981725215911865 11.5
endloop
endfacet
facet normal -0.024930074084735358 0.999689197403938 0.0
outer loop
vertex 12.455121994018555 2.999664306640625 14.199999809265137
vertex 12.395301818847656 2.9981725215911865 11.5
vertex 12.395301818847656 2.9981725215911865 14.199999809265137
endloop
endfacet
facet normal -0.044867267400227936 0.9989929570903073 0.0
outer loop
vertex 12.395301818847656 2.9981725215911865 14.199999809265137
vertex 12.395301818847656 2.9981725215911865 11.5
vertex 12.335522651672363 2.995487689971924 11.5
endloop
endfacet
facet normal -0.044867267400227936 0.9989929570903073 0.0
outer loop
vertex 12.395301818847656 2.9981725215911865 14.199999809265137
vertex 12.335522651672363 2.995487689971924 11.5
vertex 12.335522651672363 2.995487689971924 14.199999809265137
endloop
endfacet
facet normal -0.06477726265825973 0.9978997475911611 0.0
outer loop
vertex 12.335522651672363 2.995487689971924 14.199999809265137
vertex 12.335522651672363 2.995487689971924 11.5
vertex 12.275809288024902 2.9916114807128906 11.5
endloop
endfacet
facet normal -0.06477726265825973 0.9978997475911611 0.0
outer loop
vertex 12.335522651672363 2.995487689971924 14.199999809265137
vertex 12.275809288024902 2.9916114807128906 11.5
vertex 12.275809288024902 2.9916114807128906 14.199999809265137
endloop
endfacet
facet normal -0.08467299251743352 0.996408793788043 0.0
outer loop
vertex 12.275809288024902 2.9916114807128906 14.199999809265137
vertex 12.275809288024902 2.9916114807128906 11.5
vertex 12.2161865234375 2.9865448474884033 11.5
endloop
endfacet
facet normal -0.08467299251743352 0.996408793788043 0.0
outer loop
vertex 12.275809288024902 2.9916114807128906 14.199999809265137
vertex 12.2161865234375 2.9865448474884033 11.5
vertex 12.2161865234375 2.9865448474884033 14.199999809265137
endloop
endfacet
facet normal -0.10452736627180385 0.9945220106665715 0.0
outer loop
vertex 12.2161865234375 2.9865448474884033 14.199999809265137
vertex 12.2161865234375 2.9865448474884033 11.5
vertex 12.1566743850708 2.980289936065674 11.5
endloop
endfacet
facet normal -0.10452736627180385 0.9945220106665715 0.0
outer loop
vertex 12.2161865234375 2.9865448474884033 14.199999809265137
vertex 12.1566743850708 2.980289936065674 11.5
vertex 12.1566743850708 2.980289936065674 14.199999809265137
endloop
endfacet
facet normal -0.1243466086869605 0.992238842672495 0.0
outer loop
vertex 12.1566743850708 2.980289936065674 14.199999809265137
vertex 12.1566743850708 2.980289936065674 11.5
vertex 12.097299575805664 2.972849130630493 11.5
endloop
endfacet
facet normal -0.1243466086869605 0.992238842672495 0.0
outer loop
vertex 12.1566743850708 2.980289936065674 14.199999809265137
vertex 12.097299575805664 2.972849130630493 11.5
vertex 12.097299575805664 2.972849130630493 14.199999809265137
endloop
endfacet
facet normal -0.14411116947085206 0.9895615043208499 0.0
outer loop
vertex 12.097299575805664 2.972849130630493 14.199999809265137
vertex 12.097299575805664 2.972849130630493 11.5
vertex 12.0380859375 2.9642257690429688 11.5
endloop
endfacet
facet normal -0.14411116947085206 0.9895615043208499 0.0
outer loop
vertex 12.097299575805664 2.972849130630493 14.199999809265137
vertex 12.0380859375 2.9642257690429688 11.5
vertex 12.0380859375 2.9642257690429688 14.199999809265137
endloop
endfacet
facet normal -0.16381616801966756 0.9864908834324584 0.0
outer loop
vertex 12.0380859375 2.9642257690429688 14.199999809265137
vertex 12.0380859375 2.9642257690429688 11.5
vertex 11.979055404663086 2.954423189163208 11.5
endloop
endfacet
facet normal -0.16381616801966756 0.9864908834324584 0.0
outer loop
vertex 12.0380859375 2.9642257690429688 14.199999809265137
vertex 11.979055404663086 2.954423189163208 11.5
vertex 11.979055404663086 2.954423189163208 14.199999809265137
endloop
endfacet
facet normal -0.1834609208710473 0.9830270039592744 0.0
outer loop
vertex 11.979055404663086 2.954423189163208 14.199999809265137
vertex 11.979055404663086 2.954423189163208 11.5
vertex 11.920232772827148 2.9434452056884766 11.5
endloop
endfacet
facet normal -0.1834609208710473 0.9830270039592744 0.0
outer loop
vertex 11.979055404663086 2.954423189163208 14.199999809265137
vertex 11.920232772827148 2.9434452056884766 11.5
vertex 11.920232772827148 2.9434452056884766 14.199999809265137
endloop
endfacet
facet normal -0.20303324774366668 0.9791718441165774 0.0
outer loop
vertex 11.920232772827148 2.9434452056884766 14.199999809265137
vertex 11.920232772827148 2.9434452056884766 11.5
vertex 11.861639976501465 2.931295871734619 11.5
endloop
endfacet
facet normal -0.20303324774366668 0.9791718441165774 0.0
outer loop
vertex 11.920232772827148 2.9434452056884766 14.199999809265137
vertex 11.861639976501465 2.931295871734619 11.5
vertex 11.861639976501465 2.931295871734619 14.199999809265137
endloop
endfacet
facet normal -0.22251960003246088 0.9749282166402785 0.0
outer loop
vertex 11.861639976501465 2.931295871734619 14.199999809265137
vertex 11.861639976501465 2.931295871734619 11.5
vertex 11.803300857543945 2.917980432510376 11.5
endloop
endfacet
facet normal -0.22251960003246088 0.9749282166402785 0.0
outer loop
vertex 11.861639976501465 2.931295871734619 14.199999809265137
vertex 11.803300857543945 2.917980432510376 11.5
vertex 11.803300857543945 2.917980432510376 14.199999809265137
endloop
endfacet
facet normal -0.2419168320123465 0.9702969887560768 0.0
outer loop
vertex 11.803300857543945 2.917980432510376 14.199999809265137
vertex 11.803300857543945 2.917980432510376 11.5
vertex 11.7452392578125 2.9035043716430664 11.5
endloop
endfacet
facet normal -0.2419168320123465 0.9702969887560768 0.0
outer loop
vertex 11.803300857543945 2.917980432510376 14.199999809265137
vertex 11.7452392578125 2.9035043716430664 11.5
vertex 11.7452392578125 2.9035043716430664 14.199999809265137
endloop
endfacet
facet normal -0.26123295895924786 0.9652757850238427 0.0
outer loop
vertex 11.7452392578125 2.9035043716430664 14.199999809265137
vertex 11.7452392578125 2.9035043716430664 11.5
vertex 11.687479019165039 2.8878726959228516 11.5
endloop
endfacet
facet normal -0.26123295895924786 0.9652757850238427 0.0
outer loop
vertex 11.7452392578125 2.9035043716430664 14.199999809265137
vertex 11.687479019165039 2.8878726959228516 11.5
vertex 11.687479019165039 2.8878726959228516 14.199999809265137
endloop
endfacet
facet normal -0.2804253019567467 0.9598758513591575 0.0
outer loop
vertex 11.687479019165039 2.8878726959228516 14.199999809265137
vertex 11.687479019165039 2.8878726959228516 11.5
vertex 11.630040168762207 2.8710920810699463 11.5
endloop
endfacet
facet normal -0.2804253019567467 0.9598758513591575 0.0
outer loop
vertex 11.687479019165039 2.8878726959228516 14.199999809265137
vertex 11.630040168762207 2.8710920810699463 11.5
vertex 11.630040168762207 2.8710920810699463 14.199999809265137
endloop
endfacet
facet normal -0.2995116213145063 0.954092652050919 0.0
outer loop
vertex 11.630040168762207 2.8710920810699463 14.199999809265137
vertex 11.630040168762207 2.8710920810699463 11.5
vertex 11.572948455810547 2.8531696796417236 11.5
endloop
endfacet
facet normal -0.2995116213145063 0.954092652050919 0.0
outer loop
vertex 11.630040168762207 2.8710920810699463 14.199999809265137
vertex 11.572948455810547 2.8531696796417236 11.5
vertex 11.572948455810547 2.8531696796417236 14.199999809265137
endloop
endfacet
facet normal -0.3184943945798839 0.9479247441760307 0.0
outer loop
vertex 11.572948455810547 2.8531696796417236 14.199999809265137
vertex 11.572948455810547 2.8531696796417236 11.5
vertex 11.516226768493652 2.8341116905212402 11.5
endloop
endfacet
facet normal -0.3184943945798839 0.9479247441760307 0.0
outer loop
vertex 11.572948455810547 2.8531696796417236 14.199999809265137
vertex 11.516226768493652 2.8341116905212402 11.5
vertex 11.516226768493652 2.8341116905212402 14.199999809265137
endloop
endfacet
facet normal -0.3373246002411284 0.9413883970350192 0.0
outer loop
vertex 11.516226768493652 2.8341116905212402 14.199999809265137
vertex 11.516226768493652 2.8341116905212402 11.5
vertex 11.459894180297852 2.8139262199401855 11.5
endloop
endfacet
facet normal -0.3373246002411284 0.9413883970350192 0.0
outer loop
vertex 11.516226768493652 2.8341116905212402 14.199999809265137
vertex 11.459894180297852 2.8139262199401855 11.5
vertex 11.459894180297852 2.8139262199401855 14.199999809265137
endloop
endfacet
facet normal -0.3560422168540349 0.9344698710058362 0.0
outer loop
vertex 11.459894180297852 2.8139262199401855 14.199999809265137
vertex 11.459894180297852 2.8139262199401855 11.5
vertex 11.403977394104004 2.792621374130249 11.5
endloop
endfacet
facet normal -0.3560422168540349 0.9344698710058362 0.0
outer loop
vertex 11.459894180297852 2.8139262199401855 14.199999809265137
vertex 11.403977394104004 2.792621374130249 11.5
vertex 11.403977394104004 2.792621374130249 14.199999809265137
endloop
endfacet
facet normal -0.3746061311447829 0.9271840413363129 0.0
outer loop
vertex 11.403977394104004 2.792621374130249 14.199999809265137
vertex 11.403977394104004 2.792621374130249 11.5
vertex 11.348495483398438 2.77020525932312 11.5
endloop
endfacet
facet normal -0.3746061311447829 0.9271840413363129 0.0
outer loop
vertex 11.403977394104004 2.792621374130249 14.199999809265137
vertex 11.348495483398438 2.77020525932312 11.5
vertex 11.348495483398438 2.77020525932312 14.199999809265137
endloop
endfacet
facet normal -0.3930232623273877 0.9195285287958918 0.0
outer loop
vertex 11.348495483398438 2.77020525932312 14.199999809265137
vertex 11.348495483398438 2.77020525932312 11.5
vertex 11.293471336364746 2.7466869354248047 11.5
endloop
endfacet
facet normal -0.3930232623273877 0.9195285287958918 0.0
outer loop
vertex 11.348495483398438 2.77020525932312 14.199999809265137
vertex 11.293471336364746 2.7466869354248047 11.5
vertex 11.293471336364746 2.7466869354248047 14.199999809265137
endloop
endfacet
facet normal -0.411284264720541 0.9115071330457507 0.0
outer loop
vertex 11.293471336364746 2.7466869354248047 14.199999809265137
vertex 11.293471336364746 2.7466869354248047 11.5
vertex 11.238927841186523 2.722076177597046 11.5
endloop
endfacet
facet normal -0.411284264720541 0.9115071330457507 0.0
outer loop
vertex 11.293471336364746 2.7466869354248047 14.199999809265137
vertex 11.238927841186523 2.722076177597046 11.5
vertex 11.238927841186523 2.722076177597046 14.199999809265137
endloop
endfacet
facet normal -0.42938739795838854 0.9031204030883837 0.0
outer loop
vertex 11.238927841186523 2.722076177597046 14.199999809265137
vertex 11.238927841186523 2.722076177597046 11.5
vertex 11.18488597869873 2.6963820457458496 11.5
endloop
endfacet
facet normal -0.42938739795838854 0.9031204030883837 0.0
outer loop
vertex 11.238927841186523 2.722076177597046 14.199999809265137
vertex 11.18488597869873 2.6963820457458496 11.5
vertex 11.18488597869873 2.6963820457458496 14.199999809265137
endloop
endfacet
facet normal -0.44731240495649877 0.8943777794489493 0.0
outer loop
vertex 11.18488597869873 2.6963820457458496 14.199999809265137
vertex 11.18488597869873 2.6963820457458496 11.5
vertex 11.131367683410645 2.6696155071258545 11.5
endloop
endfacet
facet normal -0.44731240495649877 0.8943777794489493 0.0
outer loop
vertex 11.18488597869873 2.6963820457458496 14.199999809265137
vertex 11.131367683410645 2.6696155071258545 11.5
vertex 11.131367683410645 2.6696155071258545 14.199999809265137
endloop
endfacet
facet normal -0.4650659556392033 0.885276034299695 0.0
outer loop
vertex 11.131367683410645 2.6696155071258545 14.199999809265137
vertex 11.131367683410645 2.6696155071258545 11.5
vertex 11.078393936157227 2.641786575317383 11.5
endloop
endfacet
facet normal -0.4650659556392033 0.885276034299695 0.0
outer loop
vertex 11.131367683410645 2.6696155071258545 14.199999809265137
vertex 11.078393936157227 2.641786575317383 11.5
vertex 11.078393936157227 2.641786575317383 14.199999809265137
endloop
endfacet
facet normal -0.48262889254429653 0.8758249551602569 0.0
outer loop
vertex 11.078393936157227 2.641786575317383 14.199999809265137
vertex 11.078393936157227 2.641786575317383 11.5
vertex 11.025985717773438 2.6129066944122314 11.5
endloop
endfacet
facet normal -0.48262889254429653 0.8758249551602569 0.0
outer loop
vertex 11.078393936157227 2.641786575317383 14.199999809265137
vertex 11.025985717773438 2.6129066944122314 11.5
vertex 11.025985717773438 2.6129066944122314 14.199999809265137
endloop
endfacet
facet normal -0.49999445828606714 0.8660286032708286 0.0
outer loop
vertex 11.025985717773438 2.6129066944122314 14.199999809265137
vertex 11.025985717773438 2.6129066944122314 11.5
vertex 10.974163055419922 2.5829873085021973 11.5
endloop
endfacet
facet normal -0.49999445828606714 0.8660286032708286 0.0
outer loop
vertex 11.025985717773438 2.6129066944122314 14.199999809265137
vertex 10.974163055419922 2.5829873085021973 11.5
vertex 10.974163055419922 2.5829873085021973 14.199999809265137
endloop
endfacet
facet normal -0.5171803412129726 0.8558764482463771 0.0
outer loop
vertex 10.974163055419922 2.5829873085021973 14.199999809265137
vertex 10.974163055419922 2.5829873085021973 11.5
vertex 10.922948837280273 2.5520401000976562 11.5
endloop
endfacet
facet normal -0.5171803412129726 0.8558764482463771 0.0
outer loop
vertex 10.974163055419922 2.5829873085021973 14.199999809265137
vertex 10.922948837280273 2.5520401000976562 11.5
vertex 10.922948837280273 2.5520401000976562 14.199999809265137
endloop
endfacet
facet normal -0.5341370432793056 0.8453979057206383 0.0
outer loop
vertex 10.922948837280273 2.5520401000976562 14.199999809265137
vertex 10.922948837280273 2.5520401000976562 11.5
vertex 10.872361183166504 2.52007794380188 11.5
endloop
endfacet
facet normal -0.5341370432793056 0.8453979057206383 0.0
outer loop
vertex 10.922948837280273 2.5520401000976562 14.199999809265137
vertex 10.872361183166504 2.52007794380188 11.5
vertex 10.872361183166504 2.52007794380188 14.199999809265137
endloop
endfacet
facet normal -0.5508970485420912 0.834573209435585 0.0
outer loop
vertex 10.872361183166504 2.52007794380188 14.199999809265137
vertex 10.872361183166504 2.52007794380188 11.5
vertex 10.822421073913574 2.4871127605438232 11.5
endloop
endfacet
facet normal -0.5508970485420912 0.834573209435585 0.0
outer loop
vertex 10.872361183166504 2.52007794380188 14.199999809265137
vertex 10.822421073913574 2.4871127605438232 11.5
vertex 10.822421073913574 2.4871127605438232 14.199999809265137
endloop
endfacet
facet normal -0.5674334860932492 0.8234192363918046 0.0
outer loop
vertex 10.822421073913574 2.4871127605438232 14.199999809265137
vertex 10.822421073913574 2.4871127605438232 11.5
vertex 10.773148536682129 2.453158140182495 11.5
endloop
endfacet
facet normal -0.5674334860932492 0.8234192363918046 0.0
outer loop
vertex 10.822421073913574 2.4871127605438232 14.199999809265137
vertex 10.773148536682129 2.453158140182495 11.5
vertex 10.773148536682129 2.453158140182495 14.199999809265137
endloop
endfacet
facet normal -0.5837493390365814 0.8119339315328277 0.0
outer loop
vertex 10.773148536682129 2.453158140182495 14.199999809265137
vertex 10.773148536682129 2.453158140182495 11.5
vertex 10.724563598632812 2.418227434158325 11.5
endloop
endfacet
facet normal -0.5837493390365814 0.8119339315328277 0.0
outer loop
vertex 10.773148536682129 2.453158140182495 14.199999809265137
vertex 10.724563598632812 2.418227434158325 11.5
vertex 10.724563598632812 2.418227434158325 14.199999809265137
endloop
endfacet
facet normal -0.5998112872302814 0.8001414998055987 0.0
outer loop
vertex 10.724563598632812 2.418227434158325 14.199999809265137
vertex 10.724563598632812 2.418227434158325 11.5
vertex 10.67668342590332 2.3823349475860596 11.5
endloop
endfacet
facet normal -0.5998112872302814 0.8001414998055987 0.0
outer loop
vertex 10.724563598632812 2.418227434158325 14.199999809265137
vertex 10.67668342590332 2.3823349475860596 11.5
vertex 10.67668342590332 2.3823349475860596 14.199999809265137
endloop
endfacet
facet normal -0.6156703304904498 0.7880038351136245 0.0
outer loop
vertex 10.67668342590332 2.3823349475860596 14.199999809265137
vertex 10.67668342590332 2.3823349475860596 11.5
vertex 10.629530906677246 2.345494508743286 11.5
endloop
endfacet
facet normal -0.6156703304904498 0.7880038351136245 0.0
outer loop
vertex 10.67668342590332 2.3823349475860596 14.199999809265137
vertex 10.629530906677246 2.345494508743286 11.5
vertex 10.629530906677246 2.345494508743286 14.199999809265137
endloop
endfacet
facet normal -0.6312571861071303 0.7755735716152968 0.0
outer loop
vertex 10.629530906677246 2.345494508743286 14.199999809265137
vertex 10.629530906677246 2.345494508743286 11.5
vertex 10.583121299743652 2.30772066116333 11.5
endloop
endfacet
facet normal -0.6312571861071303 0.7755735716152968 0.0
outer loop
vertex 10.629530906677246 2.345494508743286 14.199999809265137
vertex 10.583121299743652 2.30772066116333 11.5
vertex 10.583121299743652 2.30772066116333 14.199999809265137
endloop
endfacet
facet normal -0.6466008893640651 0.7628284799832792 0.0
outer loop
vertex 10.583121299743652 2.30772066116333 14.199999809265137
vertex 10.583121299743652 2.30772066116333 11.5
vertex 10.537474632263184 2.269028902053833 11.5
endloop
endfacet
facet normal -0.6466008893640651 0.7628284799832792 0.0
outer loop
vertex 10.583121299743652 2.30772066116333 14.199999809265137
vertex 10.537474632263184 2.269028902053833 11.5
vertex 10.537474632263184 2.269028902053833 14.199999809265137
endloop
endfacet
facet normal -0.6616805394657315 0.7497858785628991 0.0
outer loop
vertex 10.537474632263184 2.269028902053833 14.199999809265137
vertex 10.537474632263184 2.269028902053833 11.5
vertex 10.492608070373535 2.2294344902038574 11.5
endloop
endfacet
facet normal -0.6616805394657315 0.7497858785628991 0.0
outer loop
vertex 10.537474632263184 2.269028902053833 14.199999809265137
vertex 10.492608070373535 2.2294344902038574 11.5
vertex 10.492608070373535 2.2294344902038574 14.199999809265137
endloop
endfacet
facet normal -0.6765094462776916 0.7364339543347054 0.0
outer loop
vertex 10.492608070373535 2.2294344902038574 14.199999809265137
vertex 10.492608070373535 2.2294344902038574 11.5
vertex 10.448540687561035 2.188952922821045 11.5
endloop
endfacet
facet normal -0.6765094462776916 0.7364339543347054 0.0
outer loop
vertex 10.492608070373535 2.2294344902038574 14.199999809265137
vertex 10.448540687561035 2.188952922821045 11.5
vertex 10.448540687561035 2.188952922821045 14.199999809265137
endloop
endfacet
facet normal -0.691065131799013 0.7227924900077566 0.0
outer loop
vertex 10.448540687561035 2.188952922821045 14.199999809265137
vertex 10.448540687561035 2.188952922821045 11.5
vertex 10.405289649963379 2.1476004123687744 11.5
endloop
endfacet
facet normal -0.691065131799013 0.7227924900077566 0.0
outer loop
vertex 10.448540687561035 2.188952922821045 14.199999809265137
vertex 10.405289649963379 2.1476004123687744 11.5
vertex 10.405289649963379 2.1476004123687744 14.199999809265137
endloop
endfacet
facet normal -0.7053435004758423 0.7088656758064151 0.0
outer loop
vertex 10.405289649963379 2.1476004123687744 14.199999809265137
vertex 10.405289649963379 2.1476004123687744 11.5
vertex 10.362872123718262 2.105393648147583 11.5
endloop
endfacet
facet normal -0.7053435004758423 0.7088656758064151 0.0
outer loop
vertex 10.405289649963379 2.1476004123687744 14.199999809265137
vertex 10.362872123718262 2.105393648147583 11.5
vertex 10.362872123718262 2.105393648147583 14.199999809265137
endloop
endfacet
facet normal -0.7193385714854853 0.6946596429714492 0.0
outer loop
vertex 10.362872123718262 2.105393648147583 14.199999809265137
vertex 10.362872123718262 2.105393648147583 11.5
vertex 10.321304321289062 2.0623490810394287 11.5
endloop
endfacet
facet normal -0.7193385714854853 0.6946596429714492 0.0
outer loop
vertex 10.362872123718262 2.105393648147583 14.199999809265137
vertex 10.321304321289062 2.0623490810394287 11.5
vertex 10.321304321289062 2.0623490810394287 14.199999809265137
endloop
endfacet
facet normal -0.7330485913019303 0.6801762733220377 0.0
outer loop
vertex 10.321304321289062 2.0623490810394287 14.199999809265137
vertex 10.321304321289062 2.0623490810394287 11.5
vertex 10.280603408813477 2.018484354019165 11.5
endloop
endfacet
facet normal -0.7330485913019303 0.6801762733220377 0.0
outer loop
vertex 10.321304321289062 2.0623490810394287 14.199999809265137
vertex 10.280603408813477 2.018484354019165 11.5
vertex 10.280603408813477 2.018484354019165 14.199999809265137
endloop
endfacet
facet normal -0.7464730009344605 0.665415703809206 0.0
outer loop
vertex 10.280603408813477 2.018484354019165 14.199999809265137
vertex 10.280603408813477 2.018484354019165 11.5
vertex 10.240785598754883 1.973816156387329 11.5
endloop
endfacet
facet normal -0.7464730009344605 0.665415703809206 0.0
outer loop
vertex 10.280603408813477 2.018484354019165 14.199999809265137
vertex 10.240785598754883 1.973816156387329 11.5
vertex 10.240785598754883 1.973816156387329 14.199999809265137
endloop
endfacet
facet normal -0.7595990587276921 0.6503916281595298 0.0
outer loop
vertex 10.240785598754883 1.973816156387329 14.199999809265137
vertex 10.240785598754883 1.973816156387329 11.5
vertex 10.20186710357666 1.9283628463745117 11.5
endloop
endfacet
facet normal -0.7595990587276921 0.6503916281595298 0.0
outer loop
vertex 10.240785598754883 1.973816156387329 14.199999809265137
vertex 10.20186710357666 1.9283628463745117 11.5
vertex 10.20186710357666 1.9283628463745117 14.199999809265137
endloop
endfacet
facet normal -0.7724146704233804 0.6351185534329322 0.0
outer loop
vertex 10.20186710357666 1.9283628463745117 14.199999809265137
vertex 10.20186710357666 1.9283628463745117 11.5
vertex 10.163862228393555 1.8821423053741455 11.5
endloop
endfacet
facet normal -0.7724146704233804 0.6351185534329322 0.0
outer loop
vertex 10.20186710357666 1.9283628463745117 14.199999809265137
vertex 10.163862228393555 1.8821423053741455 11.5
vertex 10.163862228393555 1.8821423053741455 14.199999809265137
endloop
endfacet
facet normal -0.7849321254199478 0.619581760935329 0.0
outer loop
vertex 10.163862228393555 1.8821423053741455 14.199999809265137
vertex 10.163862228393555 1.8821423053741455 11.5
vertex 10.126787185668945 1.8351728916168213 11.5
endloop
endfacet
facet normal -0.7849321254199478 0.619581760935329 0.0
outer loop
vertex 10.163862228393555 1.8821423053741455 14.199999809265137
vertex 10.126787185668945 1.8351728916168213 11.5
vertex 10.126787185668945 1.8351728916168213 14.199999809265137
endloop
endfacet
facet normal -0.7971250396154944 0.6038142688095376 0.0
outer loop
vertex 10.126787185668945 1.8351728916168213 14.199999809265137
vertex 10.126787185668945 1.8351728916168213 11.5
vertex 10.090655326843262 1.787473440170288 11.5
endloop
endfacet
facet normal -0.7971250396154944 0.6038142688095376 0.0
outer loop
vertex 10.126787185668945 1.8351728916168213 14.199999809265137
vertex 10.090655326843262 1.787473440170288 11.5
vertex 10.090655326843262 1.787473440170288 14.199999809265137
endloop
endfacet
facet normal -0.8090171782335047 0.5877849992327957 0.0
outer loop
vertex 10.090655326843262 1.787473440170288 14.199999809265137
vertex 10.090655326843262 1.787473440170288 11.5
vertex 10.055482864379883 1.7390626668930054 11.5
endloop
endfacet
facet normal -0.8090171782335047 0.5877849992327957 0.0
outer loop
vertex 10.090655326843262 1.787473440170288 14.199999809265137
vertex 10.055482864379883 1.7390626668930054 11.5
vertex 10.055482864379883 1.7390626668930054 14.199999809265137
endloop
endfacet
facet normal -0.8205805554775694 0.5715308845304197 0.0
outer loop
vertex 10.055482864379883 1.7390626668930054 14.199999809265137
vertex 10.055482864379883 1.7390626668930054 11.5
vertex 10.021283149719238 1.6899601221084595 11.5
endloop
endfacet
facet normal -0.8205805554775694 0.5715308845304197 0.0
outer loop
vertex 10.055482864379883 1.7390626668930054 14.199999809265137
vertex 10.021283149719238 1.6899601221084595 11.5
vertex 10.021283149719238 1.6899601221084595 14.199999809265137
endloop
endfacet
facet normal -0.8318234215021415 0.5550403547855512 0.0
outer loop
vertex 10.021283149719238 1.6899601221084595 14.199999809265137
vertex 10.021283149719238 1.6899601221084595 11.5
vertex 9.988070487976074 1.6401852369308472 11.5
endloop
endfacet
facet normal -0.8318234215021415 0.5550403547855512 0.0
outer loop
vertex 10.021283149719238 1.6899601221084595 14.199999809265137
vertex 9.988070487976074 1.6401852369308472 11.5
vertex 9.988070487976074 1.6401852369308472 14.199999809265137
endloop
endfacet
facet normal -0.8427223448057685 0.5383484462363272 0.0
outer loop
vertex 9.988070487976074 1.6401852369308472 14.199999809265137
vertex 9.988070487976074 1.6401852369308472 11.5
vertex 9.955856323242188 1.5897576808929443 11.5
endloop
endfacet
facet normal -0.8427223448057685 0.5383484462363272 0.0
outer loop
vertex 9.988070487976074 1.6401852369308472 14.199999809265137
vertex 9.955856323242188 1.5897576808929443 11.5
vertex 9.955856323242188 1.5897576808929443 14.199999809265137
endloop
endfacet
facet normal -0.8532886785884922 0.521438808483512 0.0
outer loop
vertex 9.955856323242188 1.5897576808929443 14.199999809265137
vertex 9.955856323242188 1.5897576808929443 11.5
vertex 9.924654006958008 1.5386978387832642 11.5
endloop
endfacet
facet normal -0.8532886785884922 0.521438808483512 0.0
outer loop
vertex 9.955856323242188 1.5897576808929443 14.199999809265137
vertex 9.924654006958008 1.5386978387832642 11.5
vertex 9.924654006958008 1.5386978387832642 14.199999809265137
endloop
endfacet
facet normal -0.8635173679345656 0.5043191006449786 0.0
outer loop
vertex 9.924654006958008 1.5386978387832642 14.199999809265137
vertex 9.924654006958008 1.5386978387832642 11.5
vertex 9.894475936889648 1.4870256185531616 11.5
endloop
endfacet
facet normal -0.8635173679345656 0.5043191006449786 0.0
outer loop
vertex 9.924654006958008 1.5386978387832642 14.199999809265137
vertex 9.894475936889648 1.4870256185531616 11.5
vertex 9.894475936889648 1.4870256185531616 14.199999809265137
endloop
endfacet
facet normal -0.8734108710619596 0.4869840349649968 0.0
outer loop
vertex 9.894475936889648 1.4870256185531616 14.199999809265137
vertex 9.894475936889648 1.4870256185531616 11.5
vertex 9.865335464477539 1.434761881828308 11.5
endloop
endfacet
facet normal -0.8734108710619596 0.4869840349649968 0.0
outer loop
vertex 9.894475936889648 1.4870256185531616 14.199999809265137
vertex 9.865335464477539 1.434761881828308 11.5
vertex 9.865335464477539 1.434761881828308 14.199999809265137
endloop
endfacet
facet normal -0.8829491402189794 0.4694686526133188 0.0
outer loop
vertex 9.865335464477539 1.434761881828308 14.199999809265137
vertex 9.865335464477539 1.434761881828308 11.5
vertex 9.83724308013916 1.3819273710250854 11.5
endloop
endfacet
facet normal -0.8829491402189794 0.4694686526133188 0.0
outer loop
vertex 9.865335464477539 1.434761881828308 14.199999809265137
vertex 9.83724308013916 1.3819273710250854 11.5
vertex 9.83724308013916 1.3819273710250854 14.199999809265137
endloop
endfacet
facet normal -0.8921321156523293 0.45177459891155763 0.0
outer loop
vertex 9.83724308013916 1.3819273710250854 14.199999809265137
vertex 9.83724308013916 1.3819273710250854 11.5
vertex 9.810209274291992 1.328542947769165 11.5
endloop
endfacet
facet normal -0.8921321156523293 0.45177459891155763 0.0
outer loop
vertex 9.83724308013916 1.3819273710250854 14.199999809265137
vertex 9.810209274291992 1.328542947769165 11.5
vertex 9.810209274291992 1.328542947769165 14.199999809265137
endloop
endfacet
facet normal -0.9009646074031769 0.4338925860242826 0.0
outer loop
vertex 9.810209274291992 1.328542947769165 14.199999809265137
vertex 9.810209274291992 1.328542947769165 11.5
vertex 9.784245491027832 1.2746299505233765 11.5
endloop
endfacet
facet normal -0.9009646074031769 0.4338925860242826 0.0
outer loop
vertex 9.810209274291992 1.328542947769165 14.199999809265137
vertex 9.784245491027832 1.2746299505233765 11.5
vertex 9.784245491027832 1.2746299505233765 14.199999809265137
endloop
endfacet
facet normal -0.9094517463347466 0.4158094769106158 0.0
outer loop
vertex 9.784245491027832 1.2746299505233765 14.199999809265137
vertex 9.784245491027832 1.2746299505233765 11.5
vertex 9.759364128112793 1.2202098369598389 11.5
endloop
endfacet
facet normal -0.9094517463347466 0.4158094769106158 0.0
outer loop
vertex 9.784245491027832 1.2746299505233765 14.199999809265137
vertex 9.759364128112793 1.2202098369598389 11.5
vertex 9.759364128112793 1.2202098369598389 14.199999809265137
endloop
endfacet
facet normal -0.9175506103632093 0.3976190103882133 0.0
outer loop
vertex 9.759364128112793 1.2202098369598389 14.199999809265137
vertex 9.759364128112793 1.2202098369598389 11.5
vertex 9.735570907592773 1.1653043031692505 11.5
endloop
endfacet
facet normal -0.9175506103632093 0.3976190103882133 0.0
outer loop
vertex 9.759364128112793 1.2202098369598389 14.199999809265137
vertex 9.735570907592773 1.1653043031692505 11.5
vertex 9.735570907592773 1.1653043031692505 14.199999809265137
endloop
endfacet
facet normal -0.9253024455829434 0.3792299885270472 0.0
outer loop
vertex 9.735570907592773 1.1653043031692505 14.199999809265137
vertex 9.735570907592773 1.1653043031692505 11.5
vertex 9.712878227233887 1.1099352836608887 11.5
endloop
endfacet
facet normal -0.9253024455829434 0.3792299885270472 0.0
outer loop
vertex 9.735570907592773 1.1653043031692505 14.199999809265137
vertex 9.712878227233887 1.1099352836608887 11.5
vertex 9.712878227233887 1.1099352836608887 14.199999809265137
endloop
endfacet
facet normal -0.932689458609967 0.3606804316813527 0.0
outer loop
vertex 9.712878227233887 1.1099352836608887 14.199999809265137
vertex 9.712878227233887 1.1099352836608887 11.5
vertex 9.691295623779297 1.0541244745254517 11.5
endloop
endfacet
facet normal -0.932689458609967 0.3606804316813527 0.0
outer loop
vertex 9.712878227233887 1.1099352836608887 14.199999809265137
vertex 9.691295623779297 1.0541244745254517 11.5
vertex 9.691295623779297 1.0541244745254517 14.199999809265137
endloop
endfacet
facet normal -0.9396939203575498 0.34201657276082226 0.0
outer loop
vertex 9.691295623779297 1.0541244745254517 14.199999809265137
vertex 9.691295623779297 1.0541244745254517 11.5
vertex 9.670829772949219 0.9978943467140198 11.5
endloop
endfacet
facet normal -0.9396939203575498 0.34201657276082226 0.0
outer loop
vertex 9.691295623779297 1.0541244745254517 14.199999809265137
vertex 9.670829772949219 0.9978943467140198 11.5
vertex 9.670829772949219 0.9978943467140198 14.199999809265137
endloop
endfacet
facet normal -0.9463224230284693 0.32322418175861606 0.0
outer loop
vertex 9.670829772949219 0.9978943467140198 14.199999809265137
vertex 9.670829772949219 0.9978943467140198 11.5
vertex 9.651488304138184 0.941267192363739 11.5
endloop
endfacet
facet normal -0.9463224230284693 0.32322418175861606 0.0
outer loop
vertex 9.670829772949219 0.9978943467140198 14.199999809265137
vertex 9.651488304138184 0.941267192363739 11.5
vertex 9.651488304138184 0.941267192363739 14.199999809265137
endloop
endfacet
facet normal -0.9525886101648894 0.3042613018182304 0.0
outer loop
vertex 9.651488304138184 0.941267192363739 14.199999809265137
vertex 9.651488304138184 0.941267192363739 11.5
vertex 9.633281707763672 0.8842655420303345 11.5
endloop
endfacet
facet normal -0.9525886101648894 0.3042613018182304 0.0
outer loop
vertex 9.651488304138184 0.941267192363739 14.199999809265137
vertex 9.633281707763672 0.8842655420303345 11.5
vertex 9.633281707763672 0.8842655420303345 14.199999809265137
endloop
endfacet
facet normal -0.9584636711776463 0.285214640284591 0.0
outer loop
vertex 9.633281707763672 0.8842655420303345 14.199999809265137
vertex 9.633281707763672 0.8842655420303345 11.5
vertex 9.616214752197266 0.8269120454788208 11.5
endloop
endfacet
facet normal -0.9584636711776463 0.285214640284591 0.0
outer loop
vertex 9.633281707763672 0.8842655420303345 14.199999809265137
vertex 9.616214752197266 0.8269120454788208 11.5
vertex 9.616214752197266 0.8269120454788208 14.199999809265137
endloop
endfacet
facet normal -0.9639654931745157 0.26602730681043396 0.0
outer loop
vertex 9.616214752197266 0.8269120454788208 14.199999809265137
vertex 9.616214752197266 0.8269120454788208 11.5
vertex 9.600296020507812 0.7692295908927917 11.5
endloop
endfacet
facet normal -0.9639654931745157 0.26602730681043396 0.0
outer loop
vertex 9.616214752197266 0.8269120454788208 14.199999809265137
vertex 9.600296020507812 0.7692295908927917 11.5
vertex 9.600296020507812 0.7692295908927917 14.199999809265137
endloop
endfacet
facet normal -0.9690732275181717 0.24677333670296275 0.0
outer loop
vertex 9.600296020507812 0.7692295908927917 14.199999809265137
vertex 9.600296020507812 0.7692295908927917 11.5
vertex 9.585529327392578 0.7112411260604858 11.5
endloop
endfacet
facet normal -0.9690732275181717 0.24677333670296275 0.0
outer loop
vertex 9.600296020507812 0.7692295908927917 14.199999809265137
vertex 9.585529327392578 0.7112411260604858 11.5
vertex 9.585529327392578 0.7112411260604858 14.199999809265137
endloop
endfacet
facet normal -0.9738099302068417 0.2273636290846585 0.0
outer loop
vertex 9.585529327392578 0.7112411260604858 14.199999809265137
vertex 9.585529327392578 0.7112411260604858 11.5
vertex 9.571924209594727 0.6529697179794312 11.5
endloop
endfacet
facet normal -0.9738099302068417 0.2273636290846585 0.0
outer loop
vertex 9.585529327392578 0.7112411260604858 14.199999809265137
vertex 9.571924209594727 0.6529697179794312 11.5
vertex 9.571924209594727 0.6529697179794312 14.199999809265137
endloop
endfacet
facet normal -0.9781461939857687 0.2079183089368391 0.0
outer loop
vertex 9.571924209594727 0.6529697179794312 14.199999809265137
vertex 9.571924209594727 0.6529697179794312 11.5
vertex 9.55948257446289 0.594438374042511 11.5
endloop
endfacet
facet normal -0.9781461939857687 0.2079183089368391 0.0
outer loop
vertex 9.571924209594727 0.6529697179794312 14.199999809265137
vertex 9.55948257446289 0.594438374042511 11.5
vertex 9.55948257446289 0.594438374042511 14.199999809265137
endloop
endfacet
facet normal -0.9820993361106366 0.18836372796015435 0.0
outer loop
vertex 9.55948257446289 0.594438374042511 14.199999809265137
vertex 9.55948257446289 0.594438374042511 11.5
vertex 9.548211097717285 0.5356706380844116 11.5
endloop
endfacet
facet normal -0.9820993361106366 0.18836372796015435 0.0
outer loop
vertex 9.55948257446289 0.594438374042511 14.199999809265137
vertex 9.548211097717285 0.5356706380844116 11.5
vertex 9.548211097717285 0.5356706380844116 14.199999809265137
endloop
endfacet
facet normal -0.9856624227458719 0.1687293346953577 0.0
outer loop
vertex 9.548211097717285 0.5356706380844116 14.199999809265137
vertex 9.548211097717285 0.5356706380844116 11.5
vertex 9.538114547729492 0.4766898453235626 11.5
endloop
endfacet
facet normal -0.9856624227458719 0.1687293346953577 0.0
outer loop
vertex 9.548211097717285 0.5356706380844116 14.199999809265137
vertex 9.538114547729492 0.4766898453235626 11.5
vertex 9.538114547729492 0.4766898453235626 14.199999809265137
endloop
endfacet
facet normal -0.988830240868785 0.1490461497100161 0.0
outer loop
vertex 9.538114547729492 0.4766898453235626 14.199999809265137
vertex 9.538114547729492 0.4766898453235626 11.5
vertex 9.529195785522461 0.41751930117607117 11.5
endloop
endfacet
facet normal -0.988830240868785 0.1490461497100161 0.0
outer loop
vertex 9.538114547729492 0.4766898453235626 14.199999809265137
vertex 9.529195785522461 0.41751930117607117 11.5
vertex 9.529195785522461 0.41751930117607117 14.199999809265137
endloop
endfacet
facet normal -0.9916075998062892 0.1292840593670016 0.0
outer loop
vertex 9.529195785522461 0.41751930117607117 14.199999809265137
vertex 9.529195785522461 0.41751930117607117 11.5
vertex 9.521459579467773 0.3581826686859131 11.5
endloop
endfacet
facet normal -0.9916075998062892 0.1292840593670016 0.0
outer loop
vertex 9.529195785522461 0.41751930117607117 14.199999809265137
vertex 9.521459579467773 0.3581826686859131 11.5
vertex 9.521459579467773 0.3581826686859131 14.199999809265137
endloop
endfacet
facet normal -0.9939879320659161 0.10948968402239465 0.0
outer loop
vertex 9.521459579467773 0.3581826686859131 14.199999809265137
vertex 9.521459579467773 0.3581826686859131 11.5
vertex 9.514907836914062 0.29870352149009705 11.5
endloop
endfacet
facet normal -0.9939879320659161 0.10948968402239465 0.0
outer loop
vertex 9.521459579467773 0.3581826686859131 14.199999809265137
vertex 9.514907836914062 0.29870352149009705 11.5
vertex 9.514907836914062 0.29870352149009705 14.199999809265137
endloop
endfacet
facet normal -0.9959735404044519 0.089647681588659 0.0
outer loop
vertex 9.514907836914062 0.29870352149009705 14.199999809265137
vertex 9.514907836914062 0.29870352149009705 11.5
vertex 9.509543418884277 0.23910556733608246 11.5
endloop
endfacet
facet normal -0.9959735404044519 0.089647681588659 0.0
outer loop
vertex 9.514907836914062 0.29870352149009705 14.199999809265137
vertex 9.509543418884277 0.23910556733608246 11.5
vertex 9.509543418884277 0.23910556733608246 14.199999809265137
endloop
endfacet
facet normal -0.9975650621990533 0.0697420008301967 0.0
outer loop
vertex 9.509543418884277 0.23910556733608246 14.199999809265137
vertex 9.509543418884277 0.23910556733608246 11.5
vertex 9.505370140075684 0.17941245436668396 11.5
endloop
endfacet
facet normal -0.9975650621990533 0.0697420008301967 0.0
outer loop
vertex 9.509543418884277 0.23910556733608246 14.199999809265137
vertex 9.505370140075684 0.17941245436668396 11.5
vertex 9.505370140075684 0.17941245436668396 14.199999809265137
endloop
endfacet
facet normal -0.9987566114289793 0.04985209250275143 0.0
outer loop
vertex 9.505370140075684 0.17941245436668396 14.199999809265137
vertex 9.505370140075684 0.17941245436668396 11.5
vertex 9.502387046813965 0.11964797973632812 11.5
endloop
endfacet
facet normal -0.9987566114289793 0.04985209250275143 0.0
outer loop
vertex 9.505370140075684 0.17941245436668396 14.199999809265137
vertex 9.502387046813965 0.11964797973632812 11.5
vertex 9.502387046813965 0.11964797973632812 14.199999809265137
endloop
endfacet
facet normal -0.9995524627575966 0.029914447934459243 0.0
outer loop
vertex 9.502387046813965 0.11964797973632812 14.199999809265137
vertex 9.502387046813965 0.11964797973632812 11.5
vertex 9.50059700012207 0.05983589217066765 11.5
endloop
endfacet
facet normal -0.9995524627575966 0.029914447934459243 0.0
outer loop
vertex 9.502387046813965 0.11964797973632812 14.199999809265137
vertex 9.50059700012207 0.05983589217066765 11.5
vertex 9.50059700012207 0.05983589217066765 14.199999809265137
endloop
endfacet
facet normal -0.9999502305456209 0.009976794663598385 0.0
outer loop
vertex 9.50059700012207 0.05983589217066765 14.199999809265137
vertex 9.50059700012207 0.05983589217066765 11.5
vertex 9.5 -7.347880586115415e-16 11.5
endloop
endfacet
facet normal 0.0 0.0 1.0
outer loop
vertex 15.5 1.102182034977753e-15 14.199999809265137
vertex 15.499850273132324 0.02991943433880806 14.199999809265137
vertex 12.5 0.0 14.199999809265137
endloop
endfacet
facet normal 0.0 -0.0 1.0
outer loop
vertex 15.496271133422852 -0.14953766763210297 14.199999809265137
vertex 15.498658180236816 -0.0897464007139206 14.199999809265137
vertex 12.5 0.0 14.199999809265137
endloop
endfacet
facet normal -0.0 0.0 1.0
outer loop
vertex 12.5 0.0 14.199999809265137
vertex 15.498658180236816 -0.0897464007139206 14.199999809265137
vertex 15.499850273132324 -0.02991943433880806 14.199999809265137
endloop
endfacet
facet normal -0.0 0.0 1.0
outer loop
vertex 12.5 0.0 14.199999809265137
vertex 15.499850273132324 -0.02991943433880806 14.199999809265137
vertex 15.5 1.102182034977753e-15 14.199999809265137
endloop
endfacet
facet normal 0.0 -0.0 0.9999999999999999
outer loop
vertex 15.481965065002441 -0.3284594416618347 14.199999809265137
vertex 15.487923622131348 -0.2689179480075836 14.199999809265137
vertex 12.5 0.0 14.199999809265137
endloop
endfacet
facet normal -0.0 0.0 1.0
outer loop
vertex 12.5 0.0 14.199999809265137
vertex 15.487923622131348 -0.2689179480075836 14.199999809265137
vertex 15.492692947387695 -0.2092694193124771 14.199999809265137
endloop
endfacet
facet normal -0.0 0.0 0.9999999999999999
outer loop
vertex 12.5 0.0 14.199999809265137
vertex 15.492692947387695 -0.2092694193124771 14.199999809265137
vertex 15.496271133422852 -0.14953766763210297 14.199999809265137
endloop
endfacet
facet normal 0.0 -0.0 1.0
outer loop
vertex 15.456984519958496 -0.5062054395675659 14.199999809265137
vertex 15.466492652893066 -0.4471268057823181 14.199999809265137
vertex 12.5 0.0 14.199999809265137
endloop
endfacet
facet normal -0.0 0.0 1.0
outer loop
vertex 12.5 0.0 14.199999809265137
vertex 15.466492652893066 -0.4471268057823181 14.199999809265137
vertex 15.474820137023926 -0.38787028193473816 14.199999809265137
endloop
endfacet
facet normal -0.0 0.0 1.0
outer loop
vertex 12.5 0.0 14.199999809265137
vertex 15.474820137023926 -0.38787028193473816 14.199999809265137
vertex 15.481965065002441 -0.3284594416618347 14.199999809265137
endloop
endfacet
facet normal 0.0 -0.0 1.0
outer loop
vertex 15.421418190002441 -0.6821392774581909 14.199999809265137
vertex 15.434443473815918 -0.6237350702285767 14.199999809265137
vertex 12.5 0.0 14.199999809265137
endloop
endfacet
facet normal -0.0 0.0 1.0
outer loop
vertex 12.5 0.0 14.199999809265137
vertex 15.434443473815918 -0.6237350702285767 14.199999809265137
vertex 15.44629955291748 -0.5650826692581177 14.199999809265137
endloop
endfacet
facet normal -0.0 0.0 1.0
outer loop
vertex 12.5 0.0 14.199999809265137
vertex 15.44629955291748 -0.5650826692581177 14.199999809265137
vertex 15.456984519958496 -0.5062054395675659 14.199999809265137
endloop
endfacet
facet normal 0.0 -0.0 1.0
outer loop
vertex 15.375394821166992 -0.8556313514709473 14.199999809265137
vertex 15.391888618469238 -0.7981105446815491 14.199999809265137
vertex 12.5 0.0 14.199999809265137
endloop
endfacet
facet normal -0.0 0.0 1.0
outer loop
vertex 12.5 0.0 14.199999809265137
vertex 15.391888618469238 -0.7981105446815491 14.199999809265137
vertex 15.407231330871582 -0.7402721643447876 14.199999809265137
endloop
endfacet
facet normal -0.0 0.0 1.0
outer loop
vertex 12.5 0.0 14.199999809265137
vertex 15.407231330871582 -0.7402721643447876 14.199999809265137
vertex 15.421418190002441 -0.6821392774581909 14.199999809265137
endloop
endfacet
facet normal 0.0 -0.0 1.0
outer loop
vertex 15.31907844543457 -1.0260604619979858 14.199999809265137
vertex 15.338982582092285 -0.9696289896965027 14.199999809265137
vertex 12.5 0.0 14.199999809265137
endloop
endfacet
facet normal -0.0 0.0 1.0
outer loop
vertex 12.5 0.0 14.199999809265137
vertex 15.338982582092285 -0.9696289896965027 14.199999809265137
vertex 15.357756614685059 -0.9128116965293884 14.199999809265137
endloop
endfacet
facet normal -0.0 0.0 1.0
outer loop
vertex 12.5 0.0 14.199999809265137
vertex 15.357756614685059 -0.9128116965293884 14.199999809265137
vertex 15.375394821166992 -0.8556313514709473 14.199999809265137
endloop
endfacet
facet normal 0.0 -0.0 1.0
outer loop
vertex 15.252669334411621 -1.1928164958953857 14.199999809265137
vertex 15.27591323852539 -1.1376763582229614 14.199999809265137
vertex 12.5 0.0 14.199999809265137
endloop
endfacet
facet normal -0.0 0.0 1.0
outer loop
vertex 12.5 0.0 14.199999809265137
vertex 15.27591323852539 -1.1376763582229614 14.199999809265137
vertex 15.298051834106445 -1.0820837020874023 14.199999809265137
endloop
endfacet
facet normal -0.0 0.0 1.0
outer loop
vertex 12.5 0.0 14.199999809265137
vertex 15.298051834106445 -1.0820837020874023 14.199999809265137
vertex 15.31907844543457 -1.0260604619979858 14.199999809265137
endloop
endfacet
facet normal 0.0 -0.0 0.9999999999999999
outer loop
vertex 15.176406860351562 -1.3553025722503662 14.199999809265137
vertex 15.202906608581543 -1.3016512393951416 14.199999809265137
vertex 12.5 0.0 14.199999809265137
endloop
endfacet
facet normal -0.0 0.0 1.0
outer loop
vertex 12.5 0.0 14.199999809265137
vertex 15.202906608581543 -1.3016512393951416 14.199999809265137
vertex 15.228330612182617 -1.2474820613861084 14.199999809265137
endloop
endfacet
facet normal -0.0 0.0 1.0
outer loop
vertex 12.5 0.0 14.199999809265137
vertex 15.228330612182617 -1.2474820613861084 14.199999809265137
vertex 15.252669334411621 -1.1928164958953857 14.199999809265137
endloop
endfacet
facet normal 0.0 -0.0 1.0
outer loop
vertex 15.090564727783203 -1.512937068939209 14.199999809265137
vertex 15.120224952697754 -1.4609664678573608 14.199999809265137
vertex 12.5 0.0 14.199999809265137
endloop
endfacet
facet normal -0.0 0.0 1.0
outer loop
vertex 12.5 0.0 14.199999809265137
vertex 15.120224952697754 -1.4609664678573608 14.199999809265137
vertex 15.148842811584473 -1.4084147214889526 14.199999809265137
endloop
endfacet
facet normal -0.0 0.0 1.0
outer loop
vertex 12.5 0.0 14.199999809265137
vertex 15.148842811584473 -1.4084147214889526 14.199999809265137
vertex 15.176406860351562 -1.3553025722503662 14.199999809265137
endloop
endfacet
facet normal 0.0 -0.0 1.0
outer loop
vertex 14.995447158813477 -1.6651555299758911 14.199999809265137
vertex 15.028162956237793 -1.6150518655776978 14.199999809265137
vertex 12.5 0.0 14.199999809265137
endloop
endfacet
facet normal -0.0 0.0 1.0
outer loop
vertex 12.5 0.0 14.199999809265137
vertex 15.028162956237793 -1.6150518655776978 14.199999809265137
vertex 15.0598726272583 -1.5643056631088257 14.199999809265137
endloop
endfacet
facet normal -0.0 0.0 1.0
outer loop
vertex 12.5 0.0 14.199999809265137
vertex 15.0598726272583 -1.5643056631088257 14.199999809265137
vertex 15.090564727783203 -1.512937068939209 14.199999809265137
endloop
endfacet
facet normal 0.0 -0.0 1.0
outer loop
vertex 14.891397476196289 -1.8114131689071655 14.199999809265137
vertex 14.927050590515137 -1.7633558511734009 14.199999809265137
vertex 12.5 0.0 14.199999809265137
endloop
endfacet
facet normal -0.0 0.0 0.9999999999999999
outer loop
vertex 12.5 0.0 14.199999809265137
vertex 14.927050590515137 -1.7633558511734009 14.199999809265137
vertex 14.961739540100098 -1.7145967483520508 14.199999809265137
endloop
endfacet
facet normal -0.0 0.0 1.0
outer loop
vertex 12.5 0.0 14.199999809265137
vertex 14.961739540100098 -1.7145967483520508 14.199999809265137
vertex 14.995447158813477 -1.6651555299758911 14.199999809265137
endloop
endfacet
facet normal 0.0 -0.0 1.0
outer loop
vertex 14.778787612915039 -1.9511865377426147 14.199999809265137
vertex 14.817251205444336 -1.9053473472595215 14.199999809265137
vertex 12.5 0.0 14.199999809265137
endloop
endfacet
facet normal -0.0 0.0 1.0
outer loop
vertex 12.5 0.0 14.199999809265137
vertex 14.817251205444336 -1.9053473472595215 14.199999809265137
vertex 14.854792594909668 -1.8587499856948853 14.199999809265137
endloop
endfacet
facet normal -0.0 0.0 1.0
outer loop
vertex 12.5 0.0 14.199999809265137
vertex 14.854792594909668 -1.8587499856948853 14.199999809265137
vertex 14.891397476196289 -1.8114131689071655 14.199999809265137
endloop
endfacet
facet normal 0.0 -0.0 1.0
outer loop
vertex 14.658019065856934 -2.083975076675415 14.199999809265137
vertex 14.699155807495117 -2.040518283843994 14.199999809265137
vertex 12.5 0.0 14.199999809265137
endloop
endfacet
facet normal -0.0 0.0 1.0
outer loop
vertex 12.5 0.0 14.199999809265137
vertex 14.699155807495117 -2.040518283843994 14.199999809265137
vertex 14.739416122436523 -1.9962494373321533 14.199999809265137
endloop
endfacet
facet normal -0.0 0.0 1.0
outer loop
vertex 12.5 0.0 14.199999809265137
vertex 14.739416122436523 -1.9962494373321533 14.199999809265137
vertex 14.778787612915039 -1.9511865377426147 14.199999809265137
endloop
endfacet
facet normal 0.0 -0.0 0.9999999999999999
outer loop
vertex 14.529525756835938 -2.209303617477417 14.199999809265137
vertex 14.573187828063965 -2.168384552001953 14.199999809265137
vertex 12.5 0.0 14.199999809265137
endloop
endfacet
facet normal -0.0 0.0 0.9999999999999999
outer loop
vertex 12.5 0.0 14.199999809265137
vertex 14.573187828063965 -2.168384552001953 14.199999809265137
vertex 14.6160249710083 -2.1266028881073 14.199999809265137
endloop
endfacet
facet normal -0.0 0.0 1.0
outer loop
vertex 12.5 0.0 14.199999809265137
vertex 14.6160249710083 -2.1266028881073 14.199999809265137
vertex 14.658019065856934 -2.083975076675415 14.199999809265137
endloop
endfacet
facet normal 0.0 -0.0 0.9999999999999999
outer loop
vertex 14.393768310546875 -2.326723337173462 14.199999809265137
vertex 14.439799308776855 -2.2884886264801025 14.199999809265137
vertex 12.5 0.0 14.199999809265137
endloop
endfacet
facet normal -0.0 0.0 0.9999999999999999
outer loop
vertex 12.5 0.0 14.199999809265137
vertex 14.439799308776855 -2.2884886264801025 14.199999809265137
vertex 14.485057830810547 -2.2493436336517334 14.199999809265137
endloop
endfacet
facet normal -0.0 0.0 1.0
outer loop
vertex 12.5 0.0 14.199999809265137
vertex 14.485057830810547 -2.2493436336517334 14.199999809265137
vertex 14.529525756835938 -2.209303617477417 14.199999809265137
endloop
endfacet
facet normal 0.0 -0.0 1.0
outer loop
vertex 14.25123119354248 -2.435814142227173 14.199999809265137
vertex 14.29946517944336 -2.4004006385803223 14.199999809265137
vertex 12.5 0.0 14.199999809265137
endloop
endfacet
facet normal -0.0 0.0 0.9999999999999999
outer loop
vertex 12.5 0.0 14.199999809265137
vertex 14.29946517944336 -2.4004006385803223 14.199999809265137
vertex 14.346983909606934 -2.36403226852417 14.199999809265137
endloop
endfacet
facet normal -0.0 0.0 1.0
outer loop
vertex 12.5 0.0 14.199999809265137
vertex 14.346983909606934 -2.36403226852417 14.199999809265137
vertex 14.393768310546875 -2.326723337173462 14.199999809265137
endloop
endfacet
facet normal 0.0 -0.0 0.9999999999999999
outer loop
vertex 14.102424621582031 -2.5361850261688232 14.199999809265137
vertex 14.152690887451172 -2.5037195682525635 14.199999809265137
vertex 12.5 0.0 14.199999809265137
endloop
endfacet
facet normal -0.0 0.0 0.9999999999999999
outer loop
vertex 12.5 0.0 14.199999809265137
vertex 14.152690887451172 -2.5037195682525635 14.199999809265137
vertex 14.202299118041992 -2.4702584743499756 14.199999809265137
endloop
endfacet
facet normal -0.0 0.0 1.0
outer loop
vertex 12.5 0.0 14.199999809265137
vertex 14.202299118041992 -2.4702584743499756 14.199999809265137
vertex 14.25123119354248 -2.435814142227173 14.199999809265137
endloop
endfacet
facet normal 0.0 -0.0 1.0
outer loop
vertex 13.947881698608398 -2.6274771690368652 14.199999809265137
vertex 14.0 -2.598076105117798 14.199999809265137
vertex 12.5 0.0 14.199999809265137
endloop
endfacet
facet normal -0.0 0.0 1.0
outer loop
vertex 12.5 0.0 14.199999809265137
vertex 14.0 -2.598076105117798 14.199999809265137
vertex 14.051521301269531 -2.567641496658325 14.199999809265137
endloop
endfacet
facet normal -0.0 0.0 0.9999999999999999
outer loop
vertex 12.5 0.0 14.199999809265137
vertex 14.051521301269531 -2.567641496658325 14.199999809265137
vertex 14.102424621582031 -2.5361850261688232 14.199999809265137
endloop
endfacet
facet normal 0.0 -0.0 1.0
outer loop
vertex 13.788156509399414 -2.7093639373779297 14.199999809265137
vertex 13.841938972473145 -2.6831321716308594 14.199999809265137
vertex 12.5 0.0 14.199999809265137
endloop
endfacet
facet normal -0.0 0.0 1.0
outer loop
vertex 12.5 0.0 14.199999809265137
vertex 13.841938972473145 -2.6831321716308594 14.199999809265137
vertex 13.895188331604004 -2.6558330059051514 14.199999809265137
endloop
endfacet
facet normal -0.0 0.0 1.0
outer loop
vertex 12.5 0.0 14.199999809265137
vertex 13.895188331604004 -2.6558330059051514 14.199999809265137
vertex 13.947881698608398 -2.6274771690368652 14.199999809265137
endloop
endfacet
facet normal 0.0 -0.0 1.0
outer loop
vertex 13.623819351196289 -2.7815515995025635 14.199999809265137
vertex 13.679075241088867 -2.7585833072662354 14.199999809265137
vertex 12.5 0.0 14.199999809265137
endloop
endfacet
facet normal -0.0 0.0 1.0
outer loop
vertex 12.5 0.0 14.199999809265137
vertex 13.679075241088867 -2.7585833072662354 14.199999809265137
vertex 13.733860969543457 -2.7345173358917236 14.199999809265137
endloop
endfacet
facet normal -0.0 0.0 1.0
outer loop
vertex 12.5 0.0 14.199999809265137
vertex 13.733860969543457 -2.7345173358917236 14.199999809265137
vertex 13.788156509399414 -2.7093639373779297 14.199999809265137
endloop
endfacet
facet normal 0.0 -0.0 1.0
outer loop
vertex 13.455459594726562 -2.8437821865081787 14.199999809265137
vertex 13.511990547180176 -2.8241593837738037 14.199999809265137
vertex 12.5 0.0 14.199999809265137
endloop
endfacet
facet normal -0.0 0.0 1.0
outer loop
vertex 12.5 0.0 14.199999809265137
vertex 13.511990547180176 -2.8241593837738037 14.199999809265137
vertex 13.568117141723633 -2.803413152694702 14.199999809265137
endloop
endfacet
facet normal -0.0 0.0 1.0
outer loop
vertex 12.5 0.0 14.199999809265137
vertex 13.568117141723633 -2.803413152694702 14.199999809265137
vertex 13.623819351196289 -2.7815515995025635 14.199999809265137
endloop
endfacet
facet normal 0.0 -0.0 1.0
outer loop
vertex 13.283679962158203 -2.8958325386047363 14.199999809265137
vertex 13.341282844543457 -2.8796255588531494 14.199999809265137
vertex 12.5 0.0 14.199999809265137
endloop
endfacet
facet normal -0.0 0.0 1.0
outer loop
vertex 12.5 0.0 14.199999809265137
vertex 13.341282844543457 -2.8796255588531494 14.199999809265137
vertex 13.39854907989502 -2.8622732162475586 14.199999809265137
endloop
endfacet
facet normal -0.0 0.0 1.0
outer loop
vertex 12.5 0.0 14.199999809265137
vertex 13.39854907989502 -2.8622732162475586 14.199999809265137
vertex 13.455459594726562 -2.8437821865081787 14.199999809265137
endloop
endfacet
facet normal 0.0 -0.0 1.0
outer loop
vertex 13.109094619750977 -2.937516689300537 14.199999809265137
vertex 13.167562484741211 -2.924783706665039 14.199999809265137
vertex 12.5 0.0 14.199999809265137
endloop
endfacet
facet normal -0.0 0.0 1.0
outer loop
vertex 12.5 0.0 14.199999809265137
vertex 13.167562484741211 -2.924783706665039 14.199999809265137
vertex 13.2257661819458 -2.9108872413635254 14.199999809265137
endloop
endfacet
facet normal -0.0 0.0 1.0
outer loop
vertex 12.5 0.0 14.199999809265137
vertex 13.2257661819458 -2.9108872413635254 14.199999809265137
vertex 13.283679962158203 -2.8958325386047363 14.199999809265137
endloop
endfacet
facet normal 0.0 -0.0 0.9999999999999999
outer loop
vertex 12.932328224182129 -2.9686851501464844 14.199999809265137
vertex 12.991453170776367 -2.9594719409942627 14.199999809265137
vertex 12.5 0.0 14.199999809265137
endloop
endfacet
facet normal -0.0 0.0 1.0
outer loop
vertex 12.5 0.0 14.199999809265137
vertex 12.991453170776367 -2.9594719409942627 14.199999809265137
vertex 13.050383567810059 -2.9490809440612793 14.199999809265137
endloop
endfacet
facet normal -0.0 0.0 1.0
outer loop
vertex 12.5 0.0 14.199999809265137
vertex 13.050383567810059 -2.9490809440612793 14.199999809265137
vertex 13.109094619750977 -2.937516689300537 14.199999809265137
endloop
endfacet
facet normal 0.0 -0.0 1.0
outer loop
vertex 12.75401496887207 -2.989226818084717 14.199999809265137
vertex 12.813586235046387 -2.98356556892395 14.199999809265137
vertex 12.5 0.0 14.199999809265137
endloop
endfacet
facet normal -0.0 0.0 1.0
outer loop
vertex 12.5 0.0 14.199999809265137
vertex 12.813586235046387 -2.98356556892395 14.199999809265137
vertex 12.873031616210938 -2.976717710494995 14.199999809265137
endloop
endfacet
facet normal -0.0 0.0 1.0
outer loop
vertex 12.5 0.0 14.199999809265137
vertex 12.873031616210938 -2.976717710494995 14.199999809265137
vertex 12.932328224182129 -2.9686851501464844 14.199999809265137
endloop
endfacet
facet normal 0.0 -0.0 1.0
outer loop
vertex 12.57479190826416 -2.999067544937134 14.199999809265137
vertex 12.634594917297363 -2.996979236602783 14.199999809265137
vertex 12.5 0.0 14.199999809265137
endloop
endfacet
facet normal -0.0 0.0 1.0
outer loop
vertex 12.5 0.0 14.199999809265137
vertex 12.634594917297363 -2.996979236602783 14.199999809265137
vertex 12.694342613220215 -2.9936983585357666 14.199999809265137
endloop
endfacet
facet normal -0.0 0.0 1.0
outer loop
vertex 12.5 0.0 14.199999809265137
vertex 12.694342613220215 -2.9936983585357666 14.199999809265137
vertex 12.75401496887207 -2.989226818084717 14.199999809265137
endloop
endfacet
facet normal -0.0 0.0 1.0
outer loop
vertex 12.395301818847656 -2.9981725215911865 14.199999809265137
vertex 12.455121994018555 -2.999664306640625 14.199999809265137
vertex 12.5 0.0 14.199999809265137
endloop
endfacet
facet normal 0.0 0.0 0.9999999999999999
outer loop
vertex 12.5 0.0 14.199999809265137
vertex 12.455121994018555 -2.999664306640625 14.199999809265137
vertex 12.514960289001465 -2.99996280670166 14.199999809265137
endloop
endfacet
facet normal -0.0 0.0 1.0
outer loop
vertex 12.5 0.0 14.199999809265137
vertex 12.514960289001465 -2.99996280670166 14.199999809265137
vertex 12.57479190826416 -2.999067544937134 14.199999809265137
endloop
endfacet
facet normal -0.0 0.0 1.0
outer loop
vertex 12.2161865234375 -2.9865448474884033 14.199999809265137
vertex 12.275809288024902 -2.9916114807128906 14.199999809265137
vertex 12.5 0.0 14.199999809265137
endloop
endfacet
facet normal 0.0 0.0 1.0
outer loop
vertex 12.5 0.0 14.199999809265137
vertex 12.275809288024902 -2.9916114807128906 14.199999809265137
vertex 12.335522651672363 -2.995487689971924 14.199999809265137
endloop
endfacet
facet normal 0.0 0.0 0.9999999999999999
outer loop
vertex 12.5 0.0 14.199999809265137
vertex 12.335522651672363 -2.995487689971924 14.199999809265137
vertex 12.395301818847656 -2.9981725215911865 14.199999809265137
endloop
endfacet
facet normal -0.0 0.0 1.0
outer loop
vertex 12.0380859375 -2.9642257690429688 14.199999809265137
vertex 12.097299575805664 -2.972849130630493 14.199999809265137
vertex 12.5 0.0 14.199999809265137
endloop
endfacet
facet normal 0.0 0.0 1.0
outer loop
vertex 12.5 0.0 14.199999809265137
vertex 12.097299575805664 -2.972849130630493 14.199999809265137
vertex 12.1566743850708 -2.980289936065674 14.199999809265137
endloop
endfacet
facet normal 0.0 0.0 1.0
outer loop
vertex 12.5 0.0 14.199999809265137
vertex 12.1566743850708 -2.980289936065674 14.199999809265137
vertex 12.2161865234375 -2.9865448474884033 14.199999809265137
endloop
endfacet
facet normal -0.0 0.0 0.9999999999999999
outer loop
vertex 11.861639976501465 -2.931295871734619 14.199999809265137
vertex 11.920232772827148 -2.9434452056884766 14.199999809265137
vertex 12.5 0.0 14.199999809265137
endloop
endfacet
facet normal 0.0 0.0 1.0
outer loop
vertex 12.5 0.0 14.199999809265137
vertex 11.920232772827148 -2.9434452056884766 14.199999809265137
vertex 11.979055404663086 -2.954423189163208 14.199999809265137
endloop
endfacet
facet normal 0.0 0.0 1.0
outer loop
vertex 12.5 0.0 14.199999809265137
vertex 11.979055404663086 -2.954423189163208 14.199999809265137
vertex 12.0380859375 -2.9642257690429688 14.199999809265137
endloop
endfacet
facet normal -0.0 0.0 1.0
outer loop
vertex 11.687479019165039 -2.8878726959228516 14.199999809265137
vertex 11.7452392578125 -2.9035043716430664 14.199999809265137
vertex 12.5 0.0 14.199999809265137
endloop
endfacet
facet normal 0.0 0.0 1.0
outer loop
vertex 12.5 0.0 14.199999809265137
vertex 11.7452392578125 -2.9035043716430664 14.199999809265137
vertex 11.803300857543945 -2.917980432510376 14.199999809265137
endloop
endfacet
facet normal 0.0 0.0 1.0
outer loop
vertex 12.5 0.0 14.199999809265137
vertex 11.803300857543945 -2.917980432510376 14.199999809265137
vertex 11.861639976501465 -2.931295871734619 14.199999809265137
endloop
endfacet
facet normal -0.0 0.0 1.0
outer loop
vertex 11.516226768493652 -2.8341116905212402 14.199999809265137
vertex 11.572948455810547 -2.8531696796417236 14.199999809265137
vertex 12.5 0.0 14.199999809265137
endloop
endfacet
facet normal 0.0 0.0 1.0
outer loop
vertex 12.5 0.0 14.199999809265137
vertex 11.572948455810547 -2.8531696796417236 14.199999809265137
vertex 11.630040168762207 -2.8710920810699463 14.199999809265137
endloop
endfacet
facet normal 0.0 0.0 1.0
outer loop
vertex 12.5 0.0 14.199999809265137
vertex 11.630040168762207 -2.8710920810699463 14.199999809265137
vertex 11.687479019165039 -2.8878726959228516 14.199999809265137
endloop
endfacet
facet normal -0.0 0.0 0.9999999999999999
outer loop
vertex 11.348495483398438 -2.77020525932312 14.199999809265137
vertex 11.403977394104004 -2.792621374130249 14.199999809265137
vertex 12.5 0.0 14.199999809265137
endloop
endfacet
facet normal 0.0 0.0 0.9999999999999999
outer loop
vertex 12.5 0.0 14.199999809265137
vertex 11.403977394104004 -2.792621374130249 14.199999809265137
vertex 11.459894180297852 -2.8139262199401855 14.199999809265137
endloop
endfacet
facet normal 0.0 0.0 1.0
outer loop
vertex 12.5 0.0 14.199999809265137
vertex 11.459894180297852 -2.8139262199401855 14.199999809265137
vertex 11.516226768493652 -2.8341116905212402 14.199999809265137
endloop
endfacet
facet normal -0.0 0.0 1.0
outer loop
vertex 11.18488597869873 -2.6963820457458496 14.199999809265137
vertex 11.238927841186523 -2.722076177597046 14.199999809265137
vertex 12.5 0.0 14.199999809265137
endloop
endfacet
facet normal 0.0 0.0 1.0
outer loop
vertex 12.5 0.0 14.199999809265137
vertex 11.238927841186523 -2.722076177597046 14.199999809265137
vertex 11.293471336364746 -2.7466869354248047 14.199999809265137
endloop
endfacet
facet normal 0.0 0.0 1.0
outer loop
vertex 12.5 0.0 14.199999809265137
vertex 11.293471336364746 -2.7466869354248047 14.199999809265137
vertex 11.348495483398438 -2.77020525932312 14.199999809265137
endloop
endfacet
facet normal -0.0 0.0 1.0
outer loop
vertex 11.025985717773438 -2.6129066944122314 14.199999809265137
vertex 11.078393936157227 -2.641786575317383 14.199999809265137
vertex 12.5 0.0 14.199999809265137
endloop
endfacet
facet normal 0.0 0.0 1.0
outer loop
vertex 12.5 0.0 14.199999809265137
vertex 11.078393936157227 -2.641786575317383 14.199999809265137
vertex 11.131367683410645 -2.6696155071258545 14.199999809265137
endloop
endfacet
facet normal 0.0 0.0 0.9999999999999999
outer loop
vertex 12.5 0.0 14.199999809265137
vertex 11.131367683410645 -2.6696155071258545 14.199999809265137
vertex 11.18488597869873 -2.6963820457458496 14.199999809265137
endloop
endfacet
facet normal -0.0 0.0 1.0
outer loop
vertex 10.872361183166504 -2.52007794380188 14.199999809265137
vertex 10.922948837280273 -2.5520401000976562 14.199999809265137
vertex 12.5 0.0 14.199999809265137
endloop
endfacet
facet normal 0.0 0.0 1.0
outer loop
vertex 12.5 0.0 14.199999809265137
vertex 10.922948837280273 -2.5520401000976562 14.199999809265137
vertex 10.974163055419922 -2.5829873085021973 14.199999809265137
endloop
endfacet
facet normal 0.0 0.0 1.0
outer loop
vertex 12.5 0.0 14.199999809265137
vertex 10.974163055419922 -2.5829873085021973 14.199999809265137
vertex 11.025985717773438 -2.6129066944122314 14.199999809265137
endloop
endfacet
facet normal -0.0 0.0 1.0
outer loop
vertex 10.724563598632812 -2.418227434158325 14.199999809265137
vertex 10.773148536682129 -2.453158140182495 14.199999809265137
vertex 12.5 0.0 14.199999809265137
endloop
endfacet
facet normal 0.0 0.0 1.0
outer loop
vertex 12.5 0.0 14.199999809265137
vertex 10.773148536682129 -2.453158140182495 14.199999809265137
vertex 10.822421073913574 -2.4871127605438232 14.199999809265137
endloop
endfacet
facet normal 0.0 0.0 1.0
outer loop
vertex 12.5 0.0 14.199999809265137
vertex 10.822421073913574 -2.4871127605438232 14.199999809265137
vertex 10.872361183166504 -2.52007794380188 14.199999809265137
endloop
endfacet
facet normal -0.0 0.0 1.0
outer loop
vertex 10.583121299743652 -2.30772066116333 14.199999809265137
vertex 10.629530906677246 -2.345494508743286 14.199999809265137
vertex 12.5 0.0 14.199999809265137
endloop
endfacet
facet normal 0.0 0.0 1.0
outer loop
vertex 12.5 0.0 14.199999809265137
vertex 10.629530906677246 -2.345494508743286 14.199999809265137
vertex 10.67668342590332 -2.3823349475860596 14.199999809265137
endloop
endfacet
facet normal 0.0 0.0 0.9999999999999999
outer loop
vertex 12.5 0.0 14.199999809265137
vertex 10.67668342590332 -2.3823349475860596 14.199999809265137
vertex 10.724563598632812 -2.418227434158325 14.199999809265137
endloop
endfacet
facet normal -0.0 0.0 1.0
outer loop
vertex 10.448540687561035 -2.188952922821045 14.199999809265137
vertex 10.492608070373535 -2.2294344902038574 14.199999809265137
vertex 12.5 0.0 14.199999809265137
endloop
endfacet
facet normal 0.0 0.0 0.9999999999999999
outer loop
vertex 12.5 0.0 14.199999809265137
vertex 10.492608070373535 -2.2294344902038574 14.199999809265137
vertex 10.537474632263184 -2.269028902053833 14.199999809265137
endloop
endfacet
facet normal 0.0 0.0 1.0
outer loop
vertex 12.5 0.0 14.199999809265137
vertex 10.537474632263184 -2.269028902053833 14.199999809265137
vertex 10.583121299743652 -2.30772066116333 14.199999809265137
endloop
endfacet
facet normal -0.0 0.0 1.0
outer loop
vertex 10.321304321289062 -2.0623490810394287 14.199999809265137
vertex 10.362872123718262 -2.105393648147583 14.199999809265137
vertex 12.5 0.0 14.199999809265137
endloop
endfacet
facet normal 0.0 0.0 1.0
outer loop
vertex 12.5 0.0 14.199999809265137
vertex 10.362872123718262 -2.105393648147583 14.199999809265137
vertex 10.405289649963379 -2.1476004123687744 14.199999809265137
endloop
endfacet
facet normal 0.0 0.0 1.0
outer loop
vertex 12.5 0.0 14.199999809265137
vertex 10.405289649963379 -2.1476004123687744 14.199999809265137
vertex 10.448540687561035 -2.188952922821045 14.199999809265137
endloop
endfacet
facet normal -0.0 0.0 0.9999999999999999
outer loop
vertex 10.20186710357666 -1.9283628463745117 14.199999809265137
vertex 10.240785598754883 -1.973816156387329 14.199999809265137
vertex 12.5 0.0 14.199999809265137
endloop
endfacet
facet normal 0.0 0.0 1.0
outer loop
vertex 12.5 0.0 14.199999809265137
vertex 10.240785598754883 -1.973816156387329 14.199999809265137
vertex 10.280603408813477 -2.018484354019165 14.199999809265137
endloop
endfacet
facet normal 0.0 0.0 1.0
outer loop
vertex 12.5 0.0 14.199999809265137
vertex 10.280603408813477 -2.018484354019165 14.199999809265137
vertex 10.321304321289062 -2.0623490810394287 14.199999809265137
endloop
endfacet
facet normal -0.0 0.0 1.0
outer loop
vertex 10.090655326843262 -1.787473440170288 14.199999809265137
vertex 10.126787185668945 -1.8351728916168213 14.199999809265137
vertex 12.5 0.0 14.199999809265137
endloop
endfacet
facet normal 0.0 0.0 1.0
outer loop
vertex 12.5 0.0 14.199999809265137
vertex 10.126787185668945 -1.8351728916168213 14.199999809265137
vertex 10.163862228393555 -1.8821423053741455 14.199999809265137
endloop
endfacet
facet normal 0.0 0.0 1.0
outer loop
vertex 12.5 0.0 14.199999809265137
vertex 10.163862228393555 -1.8821423053741455 14.199999809265137
vertex 10.20186710357666 -1.9283628463745117 14.199999809265137
endloop
endfacet
facet normal -0.0 0.0 1.0
outer loop
vertex 9.988070487976074 -1.6401852369308472 14.199999809265137
vertex 10.021283149719238 -1.6899601221084595 14.199999809265137
vertex 12.5 0.0 14.199999809265137
endloop
endfacet
facet normal 0.0 0.0 1.0
outer loop
vertex 12.5 0.0 14.199999809265137
vertex 10.021283149719238 -1.6899601221084595 14.199999809265137
vertex 10.055482864379883 -1.7390626668930054 14.199999809265137
endloop
endfacet
facet normal 0.0 0.0 1.0
outer loop
vertex 12.5 0.0 14.199999809265137
vertex 10.055482864379883 -1.7390626668930054 14.199999809265137
vertex 10.090655326843262 -1.787473440170288 14.199999809265137
endloop
endfacet
facet normal -0.0 0.0 0.9999999999999999
outer loop
vertex 9.894475936889648 -1.4870256185531616 14.199999809265137
vertex 9.924654006958008 -1.5386978387832642 14.199999809265137
vertex 12.5 0.0 14.199999809265137
endloop
endfacet
facet normal 0.0 0.0 1.0
outer loop
vertex 12.5 0.0 14.199999809265137
vertex 9.924654006958008 -1.5386978387832642 14.199999809265137
vertex 9.955856323242188 -1.5897576808929443 14.199999809265137
endloop
endfacet
facet normal 0.0 0.0 1.0
outer loop
vertex 12.5 0.0 14.199999809265137
vertex 9.955856323242188 -1.5897576808929443 14.199999809265137
vertex 9.988070487976074 -1.6401852369308472 14.199999809265137
endloop
endfacet
facet normal -0.0 0.0 1.0
outer loop
vertex 9.810209274291992 -1.328542947769165 14.199999809265137
vertex 9.83724308013916 -1.3819273710250854 14.199999809265137
vertex 12.5 0.0 14.199999809265137
endloop
endfacet
facet normal 0.0 0.0 1.0
outer loop
vertex 12.5 0.0 14.199999809265137
vertex 9.83724308013916 -1.3819273710250854 14.199999809265137
vertex 9.865335464477539 -1.434761881828308 14.199999809265137
endloop
endfacet
facet normal 0.0 0.0 0.9999999999999999
outer loop
vertex 12.5 0.0 14.199999809265137
vertex 9.865335464477539 -1.434761881828308 14.199999809265137
vertex 9.894475936889648 -1.4870256185531616 14.199999809265137
endloop
endfacet
facet normal -0.0 0.0 1.0
outer loop
vertex 9.735570907592773 -1.1653043031692505 14.199999809265137
vertex 9.759364128112793 -1.2202098369598389 14.199999809265137
vertex 12.5 0.0 14.199999809265137
endloop
endfacet
facet normal 0.0 0.0 1.0
outer loop
vertex 12.5 0.0 14.199999809265137
vertex 9.759364128112793 -1.2202098369598389 14.199999809265137
vertex 9.784245491027832 -1.2746299505233765 14.199999809265137
endloop
endfacet
facet normal 0.0 0.0 1.0
outer loop
vertex 12.5 0.0 14.199999809265137
vertex 9.784245491027832 -1.2746299505233765 14.199999809265137
vertex 9.810209274291992 -1.328542947769165 14.199999809265137
endloop
endfacet
facet normal -0.0 0.0 1.0
outer loop
vertex 9.670829772949219 -0.9978943467140198 14.199999809265137
vertex 9.691295623779297 -1.0541244745254517 14.199999809265137
vertex 12.5 0.0 14.199999809265137
endloop
endfacet
facet normal 0.0 0.0 1.0
outer loop
vertex 12.5 0.0 14.199999809265137
vertex 9.691295623779297 -1.0541244745254517 14.199999809265137
vertex 9.712878227233887 -1.1099352836608887 14.199999809265137
endloop
endfacet
facet normal 0.0 0.0 1.0
outer loop
vertex 12.5 0.0 14.199999809265137
vertex 9.712878227233887 -1.1099352836608887 14.199999809265137
vertex 9.735570907592773 -1.1653043031692505 14.199999809265137
endloop
endfacet
facet normal -0.0 0.0 1.0
outer loop
vertex 9.616214752197266 -0.8269120454788208 14.199999809265137
vertex 9.633281707763672 -0.8842655420303345 14.199999809265137
vertex 12.5 0.0 14.199999809265137
endloop
endfacet
facet normal 0.0 0.0 1.0
outer loop
vertex 12.5 0.0 14.199999809265137
vertex 9.633281707763672 -0.8842655420303345 14.199999809265137
vertex 9.651488304138184 -0.941267192363739 14.199999809265137
endloop
endfacet
facet normal 0.0 0.0 1.0
outer loop
vertex 12.5 0.0 14.199999809265137
vertex 9.651488304138184 -0.941267192363739 14.199999809265137
vertex 9.670829772949219 -0.9978943467140198 14.199999809265137
endloop
endfacet
facet normal -0.0 0.0 1.0
outer loop
vertex 9.571924209594727 -0.6529697179794312 14.199999809265137
vertex 9.585529327392578 -0.7112411260604858 14.199999809265137
vertex 12.5 0.0 14.199999809265137
endloop
endfacet
facet normal 0.0 0.0 1.0
outer loop
vertex 12.5 0.0 14.199999809265137
vertex 9.585529327392578 -0.7112411260604858 14.199999809265137
vertex 9.600296020507812 -0.7692295908927917 14.199999809265137
endloop
endfacet
facet normal 0.0 0.0 1.0
outer loop
vertex 12.5 0.0 14.199999809265137
vertex 9.600296020507812 -0.7692295908927917 14.199999809265137
vertex 9.616214752197266 -0.8269120454788208 14.199999809265137
endloop
endfacet
facet normal -0.0 0.0 1.0
outer loop
vertex 9.538114547729492 -0.4766898453235626 14.199999809265137
vertex 9.548211097717285 -0.5356706380844116 14.199999809265137
vertex 12.5 0.0 14.199999809265137
endloop
endfacet
facet normal 0.0 0.0 1.0
outer loop
vertex 12.5 0.0 14.199999809265137
vertex 9.548211097717285 -0.5356706380844116 14.199999809265137
vertex 9.55948257446289 -0.594438374042511 14.199999809265137
endloop
endfacet
facet normal 0.0 0.0 0.9999999999999999
outer loop
vertex 12.5 0.0 14.199999809265137
vertex 9.55948257446289 -0.594438374042511 14.199999809265137
vertex 9.571924209594727 -0.6529697179794312 14.199999809265137
endloop
endfacet
facet normal -0.0 0.0 1.0
outer loop
vertex 9.514907836914062 -0.29870352149009705 14.199999809265137
vertex 9.521459579467773 -0.3581826686859131 14.199999809265137
vertex 12.5 0.0 14.199999809265137
endloop
endfacet
facet normal 0.0 0.0 1.0
outer loop
vertex 12.5 0.0 14.199999809265137
vertex 9.521459579467773 -0.3581826686859131 14.199999809265137
vertex 9.529195785522461 -0.41751930117607117 14.199999809265137
endloop
endfacet
facet normal 0.0 0.0 1.0
outer loop
vertex 12.5 0.0 14.199999809265137
vertex 9.529195785522461 -0.41751930117607117 14.199999809265137
vertex 9.538114547729492 -0.4766898453235626 14.199999809265137
endloop
endfacet
facet normal -0.0 0.0 0.9999999999999999
outer loop
vertex 9.502387046813965 -0.11964797973632812 14.199999809265137
vertex 9.505370140075684 -0.17941245436668396 14.199999809265137
vertex 12.5 0.0 14.199999809265137
endloop
endfacet
facet normal 0.0 0.0 1.0
outer loop
vertex 12.5 0.0 14.199999809265137
vertex 9.505370140075684 -0.17941245436668396 14.199999809265137
vertex 9.509543418884277 -0.23910556733608246 14.199999809265137
endloop
endfacet
facet normal 0.0 0.0 1.0
outer loop
vertex 12.5 0.0 14.199999809265137
vertex 9.509543418884277 -0.23910556733608246 14.199999809265137
vertex 9.514907836914062 -0.29870352149009705 14.199999809265137
endloop
endfacet
facet normal -0.0 0.0 1.0
outer loop
vertex 9.50059700012207 0.05983589217066765 14.199999809265137
vertex 9.5 0.0 14.199999809265137
vertex 12.5 0.0 14.199999809265137
endloop
endfacet
facet normal 0.0 0.0 1.0
outer loop
vertex 12.5 0.0 14.199999809265137
vertex 9.5 0.0 14.199999809265137
vertex 9.50059700012207 -0.05983589217066765 14.199999809265137
endloop
endfacet
facet normal 0.0 0.0 0.9999999999999999
outer loop
vertex 12.5 0.0 14.199999809265137
vertex 9.50059700012207 -0.05983589217066765 14.199999809265137
vertex 9.502387046813965 -0.11964797973632812 14.199999809265137
endloop
endfacet
facet normal 0.0 0.0 1.0
outer loop
vertex 9.509543418884277 0.23910556733608246 14.199999809265137
vertex 9.505370140075684 0.17941245436668396 14.199999809265137
vertex 12.5 0.0 14.199999809265137
endloop
endfacet
facet normal 0.0 0.0 0.9999999999999999
outer loop
vertex 12.5 0.0 14.199999809265137
vertex 9.505370140075684 0.17941245436668396 14.199999809265137
vertex 9.502387046813965 0.11964797973632812 14.199999809265137
endloop
endfacet
facet normal 0.0 0.0 0.9999999999999999
outer loop
vertex 12.5 0.0 14.199999809265137
vertex 9.502387046813965 0.11964797973632812 14.199999809265137
vertex 9.50059700012207 0.05983589217066765 14.199999809265137
endloop
endfacet
facet normal 0.0 0.0 1.0
outer loop
vertex 9.529195785522461 0.41751930117607117 14.199999809265137
vertex 9.521459579467773 0.3581826686859131 14.199999809265137
vertex 12.5 0.0 14.199999809265137
endloop
endfacet
facet normal 0.0 0.0 1.0
outer loop
vertex 12.5 0.0 14.199999809265137
vertex 9.521459579467773 0.3581826686859131 14.199999809265137
vertex 9.514907836914062 0.29870352149009705 14.199999809265137
endloop
endfacet
facet normal 0.0 0.0 1.0
outer loop
vertex 12.5 0.0 14.199999809265137
vertex 9.514907836914062 0.29870352149009705 14.199999809265137
vertex 9.509543418884277 0.23910556733608246 14.199999809265137
endloop
endfacet
facet normal 0.0 0.0 1.0
outer loop
vertex 9.55948257446289 0.594438374042511 14.199999809265137
vertex 9.548211097717285 0.5356706380844116 14.199999809265137
vertex 12.5 0.0 14.199999809265137
endloop
endfacet
facet normal 0.0 0.0 1.0
outer loop
vertex 12.5 0.0 14.199999809265137
vertex 9.548211097717285 0.5356706380844116 14.199999809265137
vertex 9.538114547729492 0.4766898453235626 14.199999809265137
endloop
endfacet
facet normal 0.0 0.0 1.0
outer loop
vertex 12.5 0.0 14.199999809265137
vertex 9.538114547729492 0.4766898453235626 14.199999809265137
vertex 9.529195785522461 0.41751930117607117 14.199999809265137
endloop
endfacet
facet normal 0.0 0.0 1.0
outer loop
vertex 9.600296020507812 0.7692295908927917 14.199999809265137
vertex 9.585529327392578 0.7112411260604858 14.199999809265137
vertex 12.5 0.0 14.199999809265137
endloop
endfacet
facet normal 0.0 0.0 1.0
outer loop
vertex 12.5 0.0 14.199999809265137
vertex 9.585529327392578 0.7112411260604858 14.199999809265137
vertex 9.571924209594727 0.6529697179794312 14.199999809265137
endloop
endfacet
facet normal 0.0 0.0 0.9999999999999999
outer loop
vertex 12.5 0.0 14.199999809265137
vertex 9.571924209594727 0.6529697179794312 14.199999809265137
vertex 9.55948257446289 0.594438374042511 14.199999809265137
endloop
endfacet
facet normal 0.0 0.0 1.0
outer loop
vertex 9.651488304138184 0.941267192363739 14.199999809265137
vertex 9.633281707763672 0.8842655420303345 14.199999809265137
vertex 12.5 0.0 14.199999809265137
endloop
endfacet
facet normal 0.0 0.0 1.0
outer loop
vertex 12.5 0.0 14.199999809265137
vertex 9.633281707763672 0.8842655420303345 14.199999809265137
vertex 9.616214752197266 0.8269120454788208 14.199999809265137
endloop
endfacet
facet normal 0.0 0.0 1.0
outer loop
vertex 12.5 0.0 14.199999809265137
vertex 9.616214752197266 0.8269120454788208 14.199999809265137
vertex 9.600296020507812 0.7692295908927917 14.199999809265137
endloop
endfacet
facet normal 0.0 0.0 1.0
outer loop
vertex 9.712878227233887 1.1099352836608887 14.199999809265137
vertex 9.691295623779297 1.0541244745254517 14.199999809265137
vertex 12.5 0.0 14.199999809265137
endloop
endfacet
facet normal 0.0 0.0 1.0
outer loop
vertex 12.5 0.0 14.199999809265137
vertex 9.691295623779297 1.0541244745254517 14.199999809265137
vertex 9.670829772949219 0.9978943467140198 14.199999809265137
endloop
endfacet
facet normal 0.0 0.0 1.0
outer loop
vertex 12.5 0.0 14.199999809265137
vertex 9.670829772949219 0.9978943467140198 14.199999809265137
vertex 9.651488304138184 0.941267192363739 14.199999809265137
endloop
endfacet
facet normal 0.0 0.0 1.0
outer loop
vertex 9.784245491027832 1.2746299505233765 14.199999809265137
vertex 9.759364128112793 1.2202098369598389 14.199999809265137
vertex 12.5 0.0 14.199999809265137
endloop
endfacet
facet normal 0.0 0.0 1.0
outer loop
vertex 12.5 0.0 14.199999809265137
vertex 9.759364128112793 1.2202098369598389 14.199999809265137
vertex 9.735570907592773 1.1653043031692505 14.199999809265137
endloop
endfacet
facet normal 0.0 0.0 1.0
outer loop
vertex 12.5 0.0 14.199999809265137
vertex 9.735570907592773 1.1653043031692505 14.199999809265137
vertex 9.712878227233887 1.1099352836608887 14.199999809265137
endloop
endfacet
facet normal 0.0 0.0 1.0
outer loop
vertex 9.865335464477539 1.434761881828308 14.199999809265137
vertex 9.83724308013916 1.3819273710250854 14.199999809265137
vertex 12.5 0.0 14.199999809265137
endloop
endfacet
facet normal 0.0 0.0 1.0
outer loop
vertex 12.5 0.0 14.199999809265137
vertex 9.83724308013916 1.3819273710250854 14.199999809265137
vertex 9.810209274291992 1.328542947769165 14.199999809265137
endloop
endfacet
facet normal 0.0 0.0 1.0
outer loop
vertex 12.5 0.0 14.199999809265137
vertex 9.810209274291992 1.328542947769165 14.199999809265137
vertex 9.784245491027832 1.2746299505233765 14.199999809265137
endloop
endfacet
facet normal 0.0 0.0 1.0
outer loop
vertex 9.955856323242188 1.5897576808929443 14.199999809265137
vertex 9.924654006958008 1.5386978387832642 14.199999809265137
vertex 12.5 0.0 14.199999809265137
endloop
endfacet
facet normal 0.0 0.0 0.9999999999999999
outer loop
vertex 12.5 0.0 14.199999809265137
vertex 9.924654006958008 1.5386978387832642 14.199999809265137
vertex 9.894475936889648 1.4870256185531616 14.199999809265137
endloop
endfacet
facet normal 0.0 0.0 0.9999999999999999
outer loop
vertex 12.5 0.0 14.199999809265137
vertex 9.894475936889648 1.4870256185531616 14.199999809265137
vertex 9.865335464477539 1.434761881828308 14.199999809265137
endloop
endfacet
facet normal 0.0 0.0 1.0
outer loop
vertex 10.055482864379883 1.7390626668930054 14.199999809265137
vertex 10.021283149719238 1.6899601221084595 14.199999809265137
vertex 12.5 0.0 14.199999809265137
endloop
endfacet
facet normal 0.0 0.0 1.0
outer loop
vertex 12.5 0.0 14.199999809265137
vertex 10.021283149719238 1.6899601221084595 14.199999809265137
vertex 9.988070487976074 1.6401852369308472 14.199999809265137
endloop
endfacet
facet normal 0.0 0.0 1.0
outer loop
vertex 12.5 0.0 14.199999809265137
vertex 9.988070487976074 1.6401852369308472 14.199999809265137
vertex 9.955856323242188 1.5897576808929443 14.199999809265137
endloop
endfacet
facet normal 0.0 0.0 1.0
outer loop
vertex 10.163862228393555 1.8821423053741455 14.199999809265137
vertex 10.126787185668945 1.8351728916168213 14.199999809265137
vertex 12.5 0.0 14.199999809265137
endloop
endfacet
facet normal 0.0 0.0 1.0
outer loop
vertex 12.5 0.0 14.199999809265137
vertex 10.126787185668945 1.8351728916168213 14.199999809265137
vertex 10.090655326843262 1.787473440170288 14.199999809265137
endloop
endfacet
facet normal 0.0 0.0 1.0
outer loop
vertex 12.5 0.0 14.199999809265137
vertex 10.090655326843262 1.787473440170288 14.199999809265137
vertex 10.055482864379883 1.7390626668930054 14.199999809265137
endloop
endfacet
facet normal 0.0 0.0 1.0
outer loop
vertex 10.280603408813477 2.018484354019165 14.199999809265137
vertex 10.240785598754883 1.973816156387329 14.199999809265137
vertex 12.5 0.0 14.199999809265137
endloop
endfacet
facet normal 0.0 0.0 0.9999999999999999
outer loop
vertex 12.5 0.0 14.199999809265137
vertex 10.240785598754883 1.973816156387329 14.199999809265137
vertex 10.20186710357666 1.9283628463745117 14.199999809265137
endloop
endfacet
facet normal 0.0 0.0 1.0
outer loop
vertex 12.5 0.0 14.199999809265137
vertex 10.20186710357666 1.9283628463745117 14.199999809265137
vertex 10.163862228393555 1.8821423053741455 14.199999809265137
endloop
endfacet
facet normal 0.0 0.0 1.0
outer loop
vertex 10.405289649963379 2.1476004123687744 14.199999809265137
vertex 10.362872123718262 2.105393648147583 14.199999809265137
vertex 12.5 0.0 14.199999809265137
endloop
endfacet
facet normal 0.0 0.0 1.0
outer loop
vertex 12.5 0.0 14.199999809265137
vertex 10.362872123718262 2.105393648147583 14.199999809265137
vertex 10.321304321289062 2.0623490810394287 14.199999809265137
endloop
endfacet
facet normal 0.0 0.0 1.0
outer loop
vertex 12.5 0.0 14.199999809265137
vertex 10.321304321289062 2.0623490810394287 14.199999809265137
vertex 10.280603408813477 2.018484354019165 14.199999809265137
endloop
endfacet
facet normal 0.0 0.0 0.9999999999999999
outer loop
vertex 10.537474632263184 2.269028902053833 14.199999809265137
vertex 10.492608070373535 2.2294344902038574 14.199999809265137
vertex 12.5 0.0 14.199999809265137
endloop
endfacet
facet normal 0.0 0.0 1.0
outer loop
vertex 12.5 0.0 14.199999809265137
vertex 10.492608070373535 2.2294344902038574 14.199999809265137
vertex 10.448540687561035 2.188952922821045 14.199999809265137
endloop
endfacet
facet normal 0.0 0.0 1.0
outer loop
vertex 12.5 0.0 14.199999809265137
vertex 10.448540687561035 2.188952922821045 14.199999809265137
vertex 10.405289649963379 2.1476004123687744 14.199999809265137
endloop
endfacet
facet normal 0.0 0.0 1.0
outer loop
vertex 10.67668342590332 2.3823349475860596 14.199999809265137
vertex 10.629530906677246 2.345494508743286 14.199999809265137
vertex 12.5 0.0 14.199999809265137
endloop
endfacet
facet normal 0.0 0.0 1.0
outer loop
vertex 12.5 0.0 14.199999809265137
vertex 10.629530906677246 2.345494508743286 14.199999809265137
vertex 10.583121299743652 2.30772066116333 14.199999809265137
endloop
endfacet
facet normal 0.0 0.0 1.0
outer loop
vertex 12.5 0.0 14.199999809265137
vertex 10.583121299743652 2.30772066116333 14.199999809265137
vertex 10.537474632263184 2.269028902053833 14.199999809265137
endloop
endfacet
facet normal 0.0 0.0 1.0
outer loop
vertex 10.822421073913574 2.4871127605438232 14.199999809265137
vertex 10.773148536682129 2.453158140182495 14.199999809265137
vertex 12.5 0.0 14.199999809265137
endloop
endfacet
facet normal 0.0 0.0 1.0
outer loop
vertex 12.5 0.0 14.199999809265137
vertex 10.773148536682129 2.453158140182495 14.199999809265137
vertex 10.724563598632812 2.418227434158325 14.199999809265137
endloop
endfacet
facet normal 0.0 0.0 0.9999999999999999
outer loop
vertex 12.5 0.0 14.199999809265137
vertex 10.724563598632812 2.418227434158325 14.199999809265137
vertex 10.67668342590332 2.3823349475860596 14.199999809265137
endloop
endfacet
facet normal 0.0 0.0 1.0
outer loop
vertex 10.974163055419922 2.5829873085021973 14.199999809265137
vertex 10.922948837280273 2.5520401000976562 14.199999809265137
vertex 12.5 0.0 14.199999809265137
endloop
endfacet
facet normal 0.0 0.0 1.0
outer loop
vertex 12.5 0.0 14.199999809265137
vertex 10.922948837280273 2.5520401000976562 14.199999809265137
vertex 10.872361183166504 2.52007794380188 14.199999809265137
endloop
endfacet
facet normal 0.0 0.0 1.0
outer loop
vertex 12.5 0.0 14.199999809265137
vertex 10.872361183166504 2.52007794380188 14.199999809265137
vertex 10.822421073913574 2.4871127605438232 14.199999809265137
endloop
endfacet
facet normal 0.0 0.0 1.0
outer loop
vertex 11.131367683410645 2.6696155071258545 14.199999809265137
vertex 11.078393936157227 2.641786575317383 14.199999809265137
vertex 12.5 0.0 14.199999809265137
endloop
endfacet
facet normal 0.0 0.0 1.0
outer loop
vertex 12.5 0.0 14.199999809265137
vertex 11.078393936157227 2.641786575317383 14.199999809265137
vertex 11.025985717773438 2.6129066944122314 14.199999809265137
endloop
endfacet
facet normal 0.0 0.0 1.0
outer loop
vertex 12.5 0.0 14.199999809265137
vertex 11.025985717773438 2.6129066944122314 14.199999809265137
vertex 10.974163055419922 2.5829873085021973 14.199999809265137
endloop
endfacet
facet normal 0.0 0.0 1.0
outer loop
vertex 11.293471336364746 2.7466869354248047 14.199999809265137
vertex 11.238927841186523 2.722076177597046 14.199999809265137
vertex 12.5 0.0 14.199999809265137
endloop
endfacet
facet normal 0.0 0.0 1.0
outer loop
vertex 12.5 0.0 14.199999809265137
vertex 11.238927841186523 2.722076177597046 14.199999809265137
vertex 11.18488597869873 2.6963820457458496 14.199999809265137
endloop
endfacet
facet normal 0.0 0.0 0.9999999999999999
outer loop
vertex 12.5 0.0 14.199999809265137
vertex 11.18488597869873 2.6963820457458496 14.199999809265137
vertex 11.131367683410645 2.6696155071258545 14.199999809265137
endloop
endfacet
facet normal 0.0 0.0 0.9999999999999999
outer loop
vertex 11.459894180297852 2.8139262199401855 14.199999809265137
vertex 11.403977394104004 2.792621374130249 14.199999809265137
vertex 12.5 0.0 14.199999809265137
endloop
endfacet
facet normal 0.0 0.0 0.9999999999999999
outer loop
vertex 12.5 0.0 14.199999809265137
vertex 11.403977394104004 2.792621374130249 14.199999809265137
vertex 11.348495483398438 2.77020525932312 14.199999809265137
endloop
endfacet
facet normal 0.0 0.0 1.0
outer loop
vertex 12.5 0.0 14.199999809265137
vertex 11.348495483398438 2.77020525932312 14.199999809265137
vertex 11.293471336364746 2.7466869354248047 14.199999809265137
endloop
endfacet
facet normal 0.0 0.0 1.0
outer loop
vertex 11.630040168762207 2.8710920810699463 14.199999809265137
vertex 11.572948455810547 2.8531696796417236 14.199999809265137
vertex 12.5 0.0 14.199999809265137
endloop
endfacet
facet normal 0.0 0.0 1.0
outer loop
vertex 12.5 0.0 14.199999809265137
vertex 11.572948455810547 2.8531696796417236 14.199999809265137
vertex 11.516226768493652 2.8341116905212402 14.199999809265137
endloop
endfacet
facet normal 0.0 0.0 1.0
outer loop
vertex 12.5 0.0 14.199999809265137
vertex 11.516226768493652 2.8341116905212402 14.199999809265137
vertex 11.459894180297852 2.8139262199401855 14.199999809265137
endloop
endfacet
facet normal 0.0 0.0 1.0
outer loop
vertex 11.803300857543945 2.917980432510376 14.199999809265137
vertex 11.7452392578125 2.9035043716430664 14.199999809265137
vertex 12.5 0.0 14.199999809265137
endloop
endfacet
facet normal 0.0 0.0 1.0
outer loop
vertex 12.5 0.0 14.199999809265137
vertex 11.7452392578125 2.9035043716430664 14.199999809265137
vertex 11.687479019165039 2.8878726959228516 14.199999809265137
endloop
endfacet
facet normal 0.0 0.0 1.0
outer loop
vertex 12.5 0.0 14.199999809265137
vertex 11.687479019165039 2.8878726959228516 14.199999809265137
vertex 11.630040168762207 2.8710920810699463 14.199999809265137
endloop
endfacet
facet normal 0.0 0.0 1.0
outer loop
vertex 11.979055404663086 2.954423189163208 14.199999809265137
vertex 11.920232772827148 2.9434452056884766 14.199999809265137
vertex 12.5 0.0 14.199999809265137
endloop
endfacet
facet normal 0.0 0.0 0.9999999999999999
outer loop
vertex 12.5 0.0 14.199999809265137
vertex 11.920232772827148 2.9434452056884766 14.199999809265137
vertex 11.861639976501465 2.931295871734619 14.199999809265137
endloop
endfacet
facet normal 0.0 0.0 1.0
outer loop
vertex 12.5 0.0 14.199999809265137
vertex 11.861639976501465 2.931295871734619 14.199999809265137
vertex 11.803300857543945 2.917980432510376 14.199999809265137
endloop
endfacet
facet normal 0.0 0.0 1.0
outer loop
vertex 12.1566743850708 2.980289936065674 14.199999809265137
vertex 12.097299575805664 2.972849130630493 14.199999809265137
vertex 12.5 0.0 14.199999809265137
endloop
endfacet
facet normal 0.0 0.0 1.0
outer loop
vertex 12.5 0.0 14.199999809265137
vertex 12.097299575805664 2.972849130630493 14.199999809265137
vertex 12.0380859375 2.9642257690429688 14.199999809265137
endloop
endfacet
facet normal 0.0 0.0 1.0
outer loop
vertex 12.5 0.0 14.199999809265137
vertex 12.0380859375 2.9642257690429688 14.199999809265137
vertex 11.979055404663086 2.954423189163208 14.199999809265137
endloop
endfacet
facet normal 0.0 0.0 1.0
outer loop
vertex 12.335522651672363 2.995487689971924 14.199999809265137
vertex 12.275809288024902 2.9916114807128906 14.199999809265137
vertex 12.5 0.0 14.199999809265137
endloop
endfacet
facet normal 0.0 0.0 1.0
outer loop
vertex 12.5 0.0 14.199999809265137
vertex 12.275809288024902 2.9916114807128906 14.199999809265137
vertex 12.2161865234375 2.9865448474884033 14.199999809265137
endloop
endfacet
facet normal 0.0 0.0 1.0
outer loop
vertex 12.5 0.0 14.199999809265137
vertex 12.2161865234375 2.9865448474884033 14.199999809265137
vertex 12.1566743850708 2.980289936065674 14.199999809265137
endloop
endfacet
facet normal 0.0 0.0 0.9999999999999999
outer loop
vertex 12.514960289001465 2.99996280670166 14.199999809265137
vertex 12.455121994018555 2.999664306640625 14.199999809265137
vertex 12.5 0.0 14.199999809265137
endloop
endfacet
facet normal 0.0 0.0 1.0
outer loop
vertex 12.5 0.0 14.199999809265137
vertex 12.455121994018555 2.999664306640625 14.199999809265137
vertex 12.395301818847656 2.9981725215911865 14.199999809265137
endloop
endfacet
facet normal 0.0 0.0 0.9999999999999999
outer loop
vertex 12.5 0.0 14.199999809265137
vertex 12.395301818847656 2.9981725215911865 14.199999809265137
vertex 12.335522651672363 2.995487689971924 14.199999809265137
endloop
endfacet
facet normal 0.0 0.0 1.0
outer loop
vertex 12.694342613220215 2.9936983585357666 14.199999809265137
vertex 12.634594917297363 2.996979236602783 14.199999809265137
vertex 12.5 0.0 14.199999809265137
endloop
endfacet
facet normal 0.0 -0.0 1.0
outer loop
vertex 12.5 0.0 14.199999809265137
vertex 12.634594917297363 2.996979236602783 14.199999809265137
vertex 12.57479190826416 2.999067544937134 14.199999809265137
endloop
endfacet
facet normal 0.0 -0.0 1.0
outer loop
vertex 12.5 0.0 14.199999809265137
vertex 12.57479190826416 2.999067544937134 14.199999809265137
vertex 12.514960289001465 2.99996280670166 14.199999809265137
endloop
endfacet
facet normal 0.0 0.0 1.0
outer loop
vertex 12.873031616210938 2.976717710494995 14.199999809265137
vertex 12.813586235046387 2.98356556892395 14.199999809265137
vertex 12.5 0.0 14.199999809265137
endloop
endfacet
facet normal 0.0 -0.0 1.0
outer loop
vertex 12.5 0.0 14.199999809265137
vertex 12.813586235046387 2.98356556892395 14.199999809265137
vertex 12.75401496887207 2.989226818084717 14.199999809265137
endloop
endfacet
facet normal 0.0 -0.0 1.0
outer loop
vertex 12.5 0.0 14.199999809265137
vertex 12.75401496887207 2.989226818084717 14.199999809265137
vertex 12.694342613220215 2.9936983585357666 14.199999809265137
endloop
endfacet
facet normal 0.0 0.0 1.0
outer loop
vertex 13.050383567810059 2.9490809440612793 14.199999809265137
vertex 12.991453170776367 2.9594719409942627 14.199999809265137
vertex 12.5 0.0 14.199999809265137
endloop
endfacet
facet normal 0.0 -0.0 0.9999999999999999
outer loop
vertex 12.5 0.0 14.199999809265137
vertex 12.991453170776367 2.9594719409942627 14.199999809265137
vertex 12.932328224182129 2.9686851501464844 14.199999809265137
endloop
endfacet
facet normal 0.0 -0.0 1.0
outer loop
vertex 12.5 0.0 14.199999809265137
vertex 12.932328224182129 2.9686851501464844 14.199999809265137
vertex 12.873031616210938 2.976717710494995 14.199999809265137
endloop
endfacet
facet normal 0.0 0.0 1.0
outer loop
vertex 13.2257661819458 2.9108872413635254 14.199999809265137
vertex 13.167562484741211 2.924783706665039 14.199999809265137
vertex 12.5 0.0 14.199999809265137
endloop
endfacet
facet normal 0.0 -0.0 1.0
outer loop
vertex 12.5 0.0 14.199999809265137
vertex 13.167562484741211 2.924783706665039 14.199999809265137
vertex 13.109094619750977 2.937516689300537 14.199999809265137
endloop
endfacet
facet normal 0.0 -0.0 1.0
outer loop
vertex 12.5 0.0 14.199999809265137
vertex 13.109094619750977 2.937516689300537 14.199999809265137
vertex 13.050383567810059 2.9490809440612793 14.199999809265137
endloop
endfacet
facet normal 0.0 0.0 1.0
outer loop
vertex 13.39854907989502 2.8622732162475586 14.199999809265137
vertex 13.341282844543457 2.8796255588531494 14.199999809265137
vertex 12.5 0.0 14.199999809265137
endloop
endfacet
facet normal 0.0 -0.0 1.0
outer loop
vertex 12.5 0.0 14.199999809265137
vertex 13.341282844543457 2.8796255588531494 14.199999809265137
vertex 13.283679962158203 2.8958325386047363 14.199999809265137
endloop
endfacet
facet normal 0.0 -0.0 1.0
outer loop
vertex 12.5 0.0 14.199999809265137
vertex 13.283679962158203 2.8958325386047363 14.199999809265137
vertex 13.2257661819458 2.9108872413635254 14.199999809265137
endloop
endfacet
facet normal 0.0 0.0 1.0
outer loop
vertex 13.568117141723633 2.803413152694702 14.199999809265137
vertex 13.511990547180176 2.8241593837738037 14.199999809265137
vertex 12.5 0.0 14.199999809265137
endloop
endfacet
facet normal 0.0 -0.0 1.0
outer loop
vertex 12.5 0.0 14.199999809265137
vertex 13.511990547180176 2.8241593837738037 14.199999809265137
vertex 13.455459594726562 2.8437821865081787 14.199999809265137
endloop
endfacet
facet normal 0.0 -0.0 1.0
outer loop
vertex 12.5 0.0 14.199999809265137
vertex 13.455459594726562 2.8437821865081787 14.199999809265137
vertex 13.39854907989502 2.8622732162475586 14.199999809265137
endloop
endfacet
facet normal 0.0 0.0 1.0
outer loop
vertex 13.733860969543457 2.7345173358917236 14.199999809265137
vertex 13.679075241088867 2.7585833072662354 14.199999809265137
vertex 12.5 0.0 14.199999809265137
endloop
endfacet
facet normal 0.0 -0.0 1.0
outer loop
vertex 12.5 0.0 14.199999809265137
vertex 13.679075241088867 2.7585833072662354 14.199999809265137
vertex 13.623819351196289 2.7815515995025635 14.199999809265137
endloop
endfacet
facet normal 0.0 -0.0 1.0
outer loop
vertex 12.5 0.0 14.199999809265137
vertex 13.623819351196289 2.7815515995025635 14.199999809265137
vertex 13.568117141723633 2.803413152694702 14.199999809265137
endloop
endfacet
facet normal 0.0 0.0 1.0
outer loop
vertex 13.895188331604004 2.6558330059051514 14.199999809265137
vertex 13.841938972473145 2.6831321716308594 14.199999809265137
vertex 12.5 0.0 14.199999809265137
endloop
endfacet
facet normal 0.0 -0.0 1.0
outer loop
vertex 12.5 0.0 14.199999809265137
vertex 13.841938972473145 2.6831321716308594 14.199999809265137
vertex 13.788156509399414 2.7093639373779297 14.199999809265137
endloop
endfacet
facet normal 0.0 -0.0 1.0
outer loop
vertex 12.5 0.0 14.199999809265137
vertex 13.788156509399414 2.7093639373779297 14.199999809265137
vertex 13.733860969543457 2.7345173358917236 14.199999809265137
endloop
endfacet
facet normal 0.0 0.0 1.0
outer loop
vertex 14.051521301269531 2.567641496658325 14.199999809265137
vertex 14.0 2.598076105117798 14.199999809265137
vertex 12.5 0.0 14.199999809265137
endloop
endfacet
facet normal 0.0 -0.0 1.0
outer loop
vertex 12.5 0.0 14.199999809265137
vertex 14.0 2.598076105117798 14.199999809265137
vertex 13.947881698608398 2.6274771690368652 14.199999809265137
endloop
endfacet
facet normal 0.0 -0.0 1.0
outer loop
vertex 12.5 0.0 14.199999809265137
vertex 13.947881698608398 2.6274771690368652 14.199999809265137
vertex 13.895188331604004 2.6558330059051514 14.199999809265137
endloop
endfacet
facet normal 0.0 0.0 0.9999999999999999
outer loop
vertex 14.202299118041992 2.4702584743499756 14.199999809265137
vertex 14.152690887451172 2.5037195682525635 14.199999809265137
vertex 12.5 0.0 14.199999809265137
endloop
endfacet
facet normal 0.0 -0.0 0.9999999999999999
outer loop
vertex 12.5 0.0 14.199999809265137
vertex 14.152690887451172 2.5037195682525635 14.199999809265137
vertex 14.102424621582031 2.5361850261688232 14.199999809265137
endloop
endfacet
facet normal 0.0 -0.0 0.9999999999999999
outer loop
vertex 12.5 0.0 14.199999809265137
vertex 14.102424621582031 2.5361850261688232 14.199999809265137
vertex 14.051521301269531 2.567641496658325 14.199999809265137
endloop
endfacet
facet normal 0.0 0.0 0.9999999999999999
outer loop
vertex 14.346983909606934 2.36403226852417 14.199999809265137
vertex 14.29946517944336 2.4004006385803223 14.199999809265137
vertex 12.5 0.0 14.199999809265137
endloop
endfacet
facet normal 0.0 -0.0 1.0
outer loop
vertex 12.5 0.0 14.199999809265137
vertex 14.29946517944336 2.4004006385803223 14.199999809265137
vertex 14.25123119354248 2.435814142227173 14.199999809265137
endloop
endfacet
facet normal 0.0 -0.0 1.0
outer loop
vertex 12.5 0.0 14.199999809265137
vertex 14.25123119354248 2.435814142227173 14.199999809265137
vertex 14.202299118041992 2.4702584743499756 14.199999809265137
endloop
endfacet
facet normal 0.0 0.0 0.9999999999999999
outer loop
vertex 14.485057830810547 2.2493436336517334 14.199999809265137
vertex 14.439799308776855 2.2884886264801025 14.199999809265137
vertex 12.5 0.0 14.199999809265137
endloop
endfacet
facet normal 0.0 -0.0 0.9999999999999999
outer loop
vertex 12.5 0.0 14.199999809265137
vertex 14.439799308776855 2.2884886264801025 14.199999809265137
vertex 14.393768310546875 2.326723337173462 14.199999809265137
endloop
endfacet
facet normal 0.0 -0.0 1.0
outer loop
vertex 12.5 0.0 14.199999809265137
vertex 14.393768310546875 2.326723337173462 14.199999809265137
vertex 14.346983909606934 2.36403226852417 14.199999809265137
endloop
endfacet
facet normal 0.0 0.0 0.9999999999999999
outer loop
vertex 14.6160249710083 2.1266028881073 14.199999809265137
vertex 14.573187828063965 2.168384552001953 14.199999809265137
vertex 12.5 0.0 14.199999809265137
endloop
endfacet
facet normal 0.0 -0.0 0.9999999999999999
outer loop
vertex 12.5 0.0 14.199999809265137
vertex 14.573187828063965 2.168384552001953 14.199999809265137
vertex 14.529525756835938 2.209303617477417 14.199999809265137
endloop
endfacet
facet normal 0.0 -0.0 1.0
outer loop
vertex 12.5 0.0 14.199999809265137
vertex 14.529525756835938 2.209303617477417 14.199999809265137
vertex 14.485057830810547 2.2493436336517334 14.199999809265137
endloop
endfacet
facet normal 0.0 0.0 1.0
outer loop
vertex 14.739416122436523 1.9962494373321533 14.199999809265137
vertex 14.699155807495117 2.040518283843994 14.199999809265137
vertex 12.5 0.0 14.199999809265137
endloop
endfacet
facet normal 0.0 -0.0 1.0
outer loop
vertex 12.5 0.0 14.199999809265137
vertex 14.699155807495117 2.040518283843994 14.199999809265137
vertex 14.658019065856934 2.083975076675415 14.199999809265137
endloop
endfacet
facet normal 0.0 -0.0 1.0
outer loop
vertex 12.5 0.0 14.199999809265137
vertex 14.658019065856934 2.083975076675415 14.199999809265137
vertex 14.6160249710083 2.1266028881073 14.199999809265137
endloop
endfacet
facet normal 0.0 0.0 1.0
outer loop
vertex 14.854792594909668 1.8587499856948853 14.199999809265137
vertex 14.817251205444336 1.9053473472595215 14.199999809265137
vertex 12.5 0.0 14.199999809265137
endloop
endfacet
facet normal 0.0 -0.0 1.0
outer loop
vertex 12.5 0.0 14.199999809265137
vertex 14.817251205444336 1.9053473472595215 14.199999809265137
vertex 14.778787612915039 1.9511865377426147 14.199999809265137
endloop
endfacet
facet normal 0.0 -0.0 1.0
outer loop
vertex 12.5 0.0 14.199999809265137
vertex 14.778787612915039 1.9511865377426147 14.199999809265137
vertex 14.739416122436523 1.9962494373321533 14.199999809265137
endloop
endfacet
facet normal 0.0 0.0 0.9999999999999999
outer loop
vertex 14.961739540100098 1.7145967483520508 14.199999809265137
vertex 14.927050590515137 1.7633558511734009 14.199999809265137
vertex 12.5 0.0 14.199999809265137
endloop
endfacet
facet normal 0.0 -0.0 1.0
outer loop
vertex 12.5 0.0 14.199999809265137
vertex 14.927050590515137 1.7633558511734009 14.199999809265137
vertex 14.891397476196289 1.8114131689071655 14.199999809265137
endloop
endfacet
facet normal 0.0 -0.0 1.0
outer loop
vertex 12.5 0.0 14.199999809265137
vertex 14.891397476196289 1.8114131689071655 14.199999809265137
vertex 14.854792594909668 1.8587499856948853 14.199999809265137
endloop
endfacet
facet normal 0.0 0.0 1.0
outer loop
vertex 15.0598726272583 1.5643056631088257 14.199999809265137
vertex 15.028162956237793 1.6150518655776978 14.199999809265137
vertex 12.5 0.0 14.199999809265137
endloop
endfacet
facet normal 0.0 -0.0 1.0
outer loop
vertex 12.5 0.0 14.199999809265137
vertex 15.028162956237793 1.6150518655776978 14.199999809265137
vertex 14.995447158813477 1.6651555299758911 14.199999809265137
endloop
endfacet
facet normal 0.0 -0.0 1.0
outer loop
vertex 12.5 0.0 14.199999809265137
vertex 14.995447158813477 1.6651555299758911 14.199999809265137
vertex 14.961739540100098 1.7145967483520508 14.199999809265137
endloop
endfacet
facet normal 0.0 0.0 1.0
outer loop
vertex 15.148842811584473 1.4084147214889526 14.199999809265137
vertex 15.120224952697754 1.4609664678573608 14.199999809265137
vertex 12.5 0.0 14.199999809265137
endloop
endfacet
facet normal 0.0 -0.0 1.0
outer loop
vertex 12.5 0.0 14.199999809265137
vertex 15.120224952697754 1.4609664678573608 14.199999809265137
vertex 15.090564727783203 1.512937068939209 14.199999809265137
endloop
endfacet
facet normal 0.0 -0.0 1.0
outer loop
vertex 12.5 0.0 14.199999809265137
vertex 15.090564727783203 1.512937068939209 14.199999809265137
vertex 15.0598726272583 1.5643056631088257 14.199999809265137
endloop
endfacet
facet normal 0.0 0.0 1.0
outer loop
vertex 15.228330612182617 1.2474820613861084 14.199999809265137
vertex 15.202906608581543 1.3016512393951416 14.199999809265137
vertex 12.5 0.0 14.199999809265137
endloop
endfacet
facet normal 0.0 -0.0 0.9999999999999999
outer loop
vertex 12.5 0.0 14.199999809265137
vertex 15.202906608581543 1.3016512393951416 14.199999809265137
vertex 15.176406860351562 1.3553025722503662 14.199999809265137
endloop
endfacet
facet normal 0.0 -0.0 1.0
outer loop
vertex 12.5 0.0 14.199999809265137
vertex 15.176406860351562 1.3553025722503662 14.199999809265137
vertex 15.148842811584473 1.4084147214889526 14.199999809265137
endloop
endfacet
facet normal 0.0 0.0 1.0
outer loop
vertex 15.298051834106445 1.0820837020874023 14.199999809265137
vertex 15.27591323852539 1.1376763582229614 14.199999809265137
vertex 12.5 0.0 14.199999809265137
endloop
endfacet
facet normal 0.0 -0.0 1.0
outer loop
vertex 12.5 0.0 14.199999809265137
vertex 15.27591323852539 1.1376763582229614 14.199999809265137
vertex 15.252669334411621 1.1928164958953857 14.199999809265137
endloop
endfacet
facet normal 0.0 -0.0 1.0
outer loop
vertex 12.5 0.0 14.199999809265137
vertex 15.252669334411621 1.1928164958953857 14.199999809265137
vertex 15.228330612182617 1.2474820613861084 14.199999809265137
endloop
endfacet
facet normal 0.0 0.0 1.0
outer loop
vertex 15.357756614685059 0.9128116965293884 14.199999809265137
vertex 15.338982582092285 0.9696289896965027 14.199999809265137
vertex 12.5 0.0 14.199999809265137
endloop
endfacet
facet normal 0.0 -0.0 1.0
outer loop
vertex 12.5 0.0 14.199999809265137
vertex 15.338982582092285 0.9696289896965027 14.199999809265137
vertex 15.31907844543457 1.0260604619979858 14.199999809265137
endloop
endfacet
facet normal 0.0 -0.0 1.0
outer loop
vertex 12.5 0.0 14.199999809265137
vertex 15.31907844543457 1.0260604619979858 14.199999809265137
vertex 15.298051834106445 1.0820837020874023 14.199999809265137
endloop
endfacet
facet normal 0.0 0.0 1.0
outer loop
vertex 15.407231330871582 0.7402721643447876 14.199999809265137
vertex 15.391888618469238 0.7981105446815491 14.199999809265137
vertex 12.5 0.0 14.199999809265137
endloop
endfacet
facet normal 0.0 -0.0 1.0
outer loop
vertex 12.5 0.0 14.199999809265137
vertex 15.391888618469238 0.7981105446815491 14.199999809265137
vertex 15.375394821166992 0.8556313514709473 14.199999809265137
endloop
endfacet
facet normal 0.0 -0.0 1.0
outer loop
vertex 12.5 0.0 14.199999809265137
vertex 15.375394821166992 0.8556313514709473 14.199999809265137
vertex 15.357756614685059 0.9128116965293884 14.199999809265137
endloop
endfacet
facet normal 0.0 0.0 1.0
outer loop
vertex 15.44629955291748 0.5650826692581177 14.199999809265137
vertex 15.434443473815918 0.6237350702285767 14.199999809265137
vertex 12.5 0.0 14.199999809265137
endloop
endfacet
facet normal 0.0 -0.0 1.0
outer loop
vertex 12.5 0.0 14.199999809265137
vertex 15.434443473815918 0.6237350702285767 14.199999809265137
vertex 15.421418190002441 0.6821392774581909 14.199999809265137
endloop
endfacet
facet normal 0.0 -0.0 1.0
outer loop
vertex 12.5 0.0 14.199999809265137
vertex 15.421418190002441 0.6821392774581909 14.199999809265137
vertex 15.407231330871582 0.7402721643447876 14.199999809265137
endloop
endfacet
facet normal 0.0 0.0 1.0
outer loop
vertex 15.474820137023926 0.38787028193473816 14.199999809265137
vertex 15.466492652893066 0.4471268057823181 14.199999809265137
vertex 12.5 0.0 14.199999809265137
endloop
endfacet
facet normal 0.0 -0.0 1.0
outer loop
vertex 12.5 0.0 14.199999809265137
vertex 15.466492652893066 0.4471268057823181 14.199999809265137
vertex 15.456984519958496 0.5062054395675659 14.199999809265137
endloop
endfacet
facet normal 0.0 -0.0 1.0
outer loop
vertex 12.5 0.0 14.199999809265137
vertex 15.456984519958496 0.5062054395675659 14.199999809265137
vertex 15.44629955291748 0.5650826692581177 14.199999809265137
endloop
endfacet
facet normal 0.0 0.0 1.0
outer loop
vertex 15.492692947387695 0.2092694193124771 14.199999809265137
vertex 15.487923622131348 0.2689179480075836 14.199999809265137
vertex 12.5 0.0 14.199999809265137
endloop
endfacet
facet normal 0.0 -0.0 0.9999999999999999
outer loop
vertex 12.5 0.0 14.199999809265137
vertex 15.487923622131348 0.2689179480075836 14.199999809265137
vertex 15.481965065002441 0.3284594416618347 14.199999809265137
endloop
endfacet
facet normal 0.0 -0.0 1.0
outer loop
vertex 12.5 0.0 14.199999809265137
vertex 15.481965065002441 0.3284594416618347 14.199999809265137
vertex 15.474820137023926 0.38787028193473816 14.199999809265137
endloop
endfacet
facet normal 0.0 0.0 1.0
outer loop
vertex 15.499850273132324 0.02991943433880806 14.199999809265137
vertex 15.498658180236816 0.0897464007139206 14.199999809265137
vertex 12.5 0.0 14.199999809265137
endloop
endfacet
facet normal 0.0 -0.0 1.0
outer loop
vertex 12.5 0.0 14.199999809265137
vertex 15.498658180236816 0.0897464007139206 14.199999809265137
vertex 15.496271133422852 0.14953766763210297 14.199999809265137
endloop
endfacet
facet normal 0.0 -0.0 0.9999999999999999
outer loop
vertex 12.5 0.0 14.199999809265137
vertex 15.496271133422852 0.14953766763210297 14.199999809265137
vertex 15.492692947387695 0.2092694193124771 14.199999809265137
endloop
endfacet

endsolid
